2026-03-22T21:10:07.745-306470-407503,470,false,1.9331524274057608,1,3791.065911186354,1.0,1.0
2026-03-22T21:10:07.745-306470-407503,290,false,0.8081924537522789,1,3791.065911186354,1.0,1.0
2026-03-22T21:10:07.745-306470-407503,996,false,5.77259410834463,1,3791.065911186354,1.0,1.0
2026-03-22T21:10:07.745-306470-407503,277,false,22.199124296903467,1,3791.065911186354,1.0,1.0
2026-03-22T21:10:07.745-306470-407503,46,false,1.3882501355943115,1,3791.065911186354,1.0,1.0
2026-03-22T21:10:07.745-306470-407503,268,false,1.764856018821513,1,3791.065911186354,1.0,1.0
2026-03-22T21:10:07.745-306470-407503,222,false,0.546814798643393,1,3791.065911186354,1.0,1.0
2026-03-22T21:10:07.745-306470-407503,452,false,0.8043844525652537,1,3791.065911186354,1.0,1.0
2026-03-22T21:10:07.745-306470-407503,884,false,62.50942611349904,1,3791.065911186354,1.0,1.0
2026-03-22T21:10:07.745-306470-407503,783,false,4.011973209070208,1,3791.065911186354,1.0,1.0
2026-03-22T21:10:07.745-306470-407503,333,false,68.01633407807812,1,3791.065911186354,1.0,1.0
2026-03-22T21:10:07.745-306470-407503,743,false,3.08373755462726,1,3791.065911186354,1.0,1.0
2026-03-22T21:10:07.745-306470-407503,489,false,4.751605922822709,1,3791.065911186354,1.0,1.0
2026-03-22T21:10:07.745-306470-407503,68,false,135.37332318380902,1,3791.065911186354,1.0,1.0
2026-03-22T21:10:07.745-306470-407503,994,false,0.24324798024788077,1,3791.065911186354,1.0,1.0
2026-03-22T21:10:07.745-306470-407503,527,true,0.52849916354147,1,3790.5374120228125,1.0,0.846
2026-03-22T21:10:07.745-306470-407503,173,false,1.2815282559784043,1,3790.5374120228125,1.0,1.0
2026-03-22T21:10:07.745-306470-407503,364,false,2.6383767318417894,1,3790.5374120228125,1.0,1.0
2026-03-22T21:10:07.745-306470-407503,487,false,4.3550466873767055,1,3790.5374120228125,1.0,1.0
2026-03-22T21:10:07.745-306470-407503,458,false,8.393371942246986,1,3790.5374120228125,1.0,1.0
2026-03-22T21:10:07.745-306470-407503,815,false,3.5439446100671446,1,3790.5374120228125,1.0,1.0
2026-03-22T21:10:07.745-306470-407503,606,false,14.345474578554846,1,3790.5374120228125,1.0,1.0
2026-03-22T21:10:07.745-306470-407503,686,false,21.783636795189693,1,3790.5374120228125,1.0,1.0
2026-03-22T21:10:07.745-306470-407503,50,false,68.60405851173981,1,3790.5374120228125,1.0,1.0
2026-03-22T21:10:07.745-306470-407503,18,false,2.2919669564981997,1,3790.5374120228125,1.0,1.0
2026-03-22T21:10:07.745-306470-407503,863,false,40.932990221599674,1,3790.5374120228125,1.0,1.0
2026-03-22T21:10:07.745-306470-407503,778,false,2.4307051014661836,1,3790.5374120228125,1.0,1.0
2026-03-22T21:10:07.745-306470-407503,973,false,0.20512868049730074,1,3790.5374120228125,1.0,1.0
2026-03-22T21:10:07.745-306470-407503,834,false,1.5132900964003355,1,3790.5374120228125,1.0,1.0
2026-03-22T21:10:07.745-306470-407503,790,false,11.234591852310679,1,3790.5374120228125,1.0,1.0
2026-03-22T21:10:07.745-306470-407503,941,false,11.162332863970775,1,3790.5374120228125,1.0,1.0
2026-03-22T21:10:07.745-306470-407503,179,false,1.0421093144407143,1,3790.5374120228125,1.0,1.0
2026-03-22T21:10:07.745-306470-407503,102,false,0.06230335906278018,1,3790.5374120228125,1.0,1.0
2026-03-22T21:10:07.745-306470-407503,398,false,1.003428576904679,1,3790.5374120228125,1.0,1.0
2026-03-22T21:10:07.745-306470-407503,303,false,0.3373616074628009,1,3790.5374120228125,1.0,1.0
2026-03-22T21:10:07.745-306470-407503,854,false,1.0827866944365476,1,3790.5374120228125,1.0,1.0
2026-03-22T21:10:07.745-306470-407503,647,false,366.1899320062711,1,3790.5374120228125,1.0,1.0
2026-03-22T21:10:07.745-306470-407503,520,false,50.76660142679231,1,3790.5374120228125,1.0,1.0
2026-03-22T21:10:07.745-306470-407503,166,false,0.8680981205375208,1,3790.5374120228125,1.0,1.0
2026-03-22T21:10:07.745-306470-407503,430,false,30.886374669280794,1,3790.5374120228125,1.0,1.0
2026-03-22T21:10:07.745-306470-407503,858,false,0.09512148682417265,1,3790.5374120228125,1.0,1.0
2026-03-22T21:10:07.745-306470-407503,545,false,12.720940892557447,1,3790.5374120228125,1.0,1.0
2026-03-22T21:10:07.745-306470-407503,812,false,17.6514482091894,1,3790.5374120228125,1.0,1.0
2026-03-22T21:10:07.745-306470-407503,665,false,29.264896235904246,1,3790.5374120228125,1.0,1.0
2026-03-22T21:10:07.745-306470-407503,962,false,37.11755066368949,1,3790.5374120228125,1.0,1.0
2026-03-22T21:10:07.745-306470-407503,731,false,3.001995721241173,1,3790.5374120228125,1.0,1.0
2026-03-22T21:10:07.745-306470-407503,32,false,0.820641250999208,1,3790.5374120228125,1.0,1.0
2026-03-22T21:10:07.745-306470-407503,549,false,3.940423103920218,1,3790.5374120228125,1.0,1.0
2026-03-22T21:10:07.745-306470-407503,515,false,2.725152655368621,1,3790.5374120228125,1.0,1.0
2026-03-22T21:10:07.745-306470-407503,718,false,5.046991946839368,1,3790.5374120228125,1.0,1.0
2026-03-22T21:10:07.745-306470-407503,684,false,0.4447616830484702,1,3790.5374120228125,1.0,1.0
2026-03-22T21:10:07.745-306470-407503,552,false,0.20739542481139808,1,3790.5374120228125,1.0,1.0
2026-03-22T21:10:07.745-306470-407503,99,false,2.2062933136101495,1,3790.5374120228125,1.0,1.0
2026-03-22T21:10:07.745-306470-407503,305,false,3.3417503689299273,1,3790.5374120228125,1.0,1.0
2026-03-22T21:10:07.745-306470-407503,624,false,18.90274465043649,1,3790.5374120228125,1.0,1.0
2026-03-22T21:10:07.745-306470-407503,138,false,0.7180692703400321,1,3790.5374120228125,1.0,1.0
2026-03-22T21:10:07.745-306470-407503,4,false,22.36948429031452,1,3790.5374120228125,1.0,1.0
2026-03-22T21:10:07.745-306470-407503,914,false,0.26738008621909565,1,3790.5374120228125,1.0,1.0
2026-03-22T21:10:07.745-306470-407503,72,false,0.011294211771990834,1,3790.5374120228125,1.0,1.0
2026-03-22T21:10:07.745-306470-407503,126,false,73.67876201600684,1,3790.5374120228125,1.0,1.0
2026-03-22T21:10:07.745-306470-407503,829,false,0.32931524263334905,1,3790.5374120228125,1.0,1.0
2026-03-22T21:10:07.745-306470-407503,522,false,1.5296632965886023,1,3790.5374120228125,1.0,1.0
2026-03-22T21:10:07.745-306470-407503,98,false,0.4453519758787108,1,3790.5374120228125,1.0,1.0
2026-03-22T21:10:07.745-306470-407503,899,false,9.116765057183217,1,3790.5374120228125,1.0,1.0
2026-03-22T21:10:07.745-306470-407503,747,false,0.16325577720000348,1,3790.5374120228125,1.0,1.0
2026-03-22T21:10:07.745-306470-407503,885,false,0.6516343065686077,1,3790.5374120228125,1.0,1.0
2026-03-22T21:10:07.745-306470-407503,967,false,2.025820662974894,1,3790.5374120228125,1.0,1.0
2026-03-22T21:10:07.745-306470-407503,351,false,7.044512822089037,1,3790.5374120228125,1.0,1.0
2026-03-22T21:10:07.745-306470-407503,529,true,142.864614082296,1,3647.6727979405164,1.0,0.0020000000000000018
2026-03-22T21:10:07.745-306470-407503,187,false,0.4987077499100146,1,3647.6727979405164,1.0,1.0
2026-03-22T21:10:07.745-306470-407503,669,false,6.3860327076677965,1,3647.6727979405164,1.0,1.0
2026-03-22T21:10:07.745-306470-407503,114,false,49.4525662999022,1,3647.6727979405164,1.0,1.0
2026-03-22T21:10:07.745-306470-407503,708,false,0.05534536878911964,1,3647.6727979405164,1.0,1.0
2026-03-22T21:10:07.745-306470-407503,814,false,0.02692997122331092,1,3647.6727979405164,1.0,1.0
2026-03-22T21:10:07.745-306470-407503,634,false,0.0903663969140901,1,3647.6727979405164,1.0,1.0
2026-03-22T21:10:07.745-306470-407503,101,false,2.3154651580537613,1,3647.6727979405164,1.0,1.0
2026-03-22T21:10:07.745-306470-407503,646,false,2.1661090203783884,1,3647.6727979405164,1.0,1.0
2026-03-22T21:10:07.745-306470-407503,408,false,265.57031748078276,1,3647.6727979405164,1.0,1.0
2026-03-22T21:10:07.745-306470-407503,537,false,72.05439935673081,1,3647.6727979405164,1.0,1.0
2026-03-22T21:10:07.745-306470-407503,431,false,9.636878688320458,1,3647.6727979405164,1.0,1.0
2026-03-22T21:10:07.745-306470-407503,356,false,36.50825415541735,1,3647.6727979405164,1.0,1.0
2026-03-22T21:10:07.745-306470-407503,563,false,0.5342095157997273,1,3647.6727979405164,1.0,1.0
2026-03-22T21:10:07.745-306470-407503,617,false,0.6724918478369932,1,3647.6727979405164,1.0,1.0
2026-03-22T21:10:07.745-306470-407503,801,false,5.257525356544034,1,3647.6727979405164,1.0,1.0
2026-03-22T21:10:07.745-306470-407503,956,false,2.573712937827829,1,3647.6727979405164,1.0,1.0
2026-03-22T21:10:07.745-306470-407503,630,false,0.13539340587402596,1,3647.6727979405164,1.0,1.0
2026-03-22T21:10:07.745-306470-407503,889,false,10.745879665704397,1,3647.6727979405164,1.0,1.0
2026-03-22T21:10:07.745-306470-407503,582,false,21.177913569072604,1,3647.6727979405164,1.0,1.0
2026-03-22T21:10:07.745-306470-407503,409,false,1.3471430865061305,1,3647.6727979405164,1.0,1.0
2026-03-22T21:10:07.745-306470-407503,902,false,1.5558566035792196,1,3647.6727979405164,1.0,1.0
2026-03-22T21:10:07.745-306470-407503,575,false,10.176147192667488,1,3647.6727979405164,1.0,1.0
2026-03-22T21:10:07.745-306470-407503,167,false,31.831059063072242,1,3647.6727979405164,1.0,1.0
2026-03-22T21:10:07.745-306470-407503,562,false,0.29294447625463776,1,3647.6727979405164,1.0,1.0
2026-03-22T21:10:07.745-306470-407503,241,false,0.9890214580030023,1,3647.6727979405164,1.0,1.0
2026-03-22T21:10:07.745-306470-407503,754,false,0.021268799123955504,1,3647.6727979405164,1.0,1.0
2026-03-22T21:10:07.745-306470-407503,908,false,1.3722731333223324,1,3647.6727979405164,1.0,1.0
2026-03-22T21:10:07.745-306470-407503,806,false,2.3050889353869635,1,3647.6727979405164,1.0,1.0
2026-03-22T21:10:07.745-306470-407503,319,false,1.7877689708490898,1,3647.6727979405164,1.0,1.0
2026-03-22T21:10:07.745-306470-407503,162,false,3.8677476656012937,1,3647.6727979405164,1.0,1.0
2026-03-22T21:10:07.745-306470-407503,248,false,1.0607612482626902,1,3647.6727979405164,1.0,1.0
2026-03-22T21:10:07.745-306470-407503,928,false,0.3361715159391615,1,3647.6727979405164,1.0,1.0
2026-03-22T21:10:07.745-306470-407503,867,false,0.22015592607064807,1,3647.6727979405164,1.0,1.0
2026-03-22T21:10:07.745-306470-407503,468,false,0.11019180790501877,1,3647.6727979405164,1.0,1.0
2026-03-22T21:10:07.745-306470-407503,433,false,25.562874486511824,1,3647.6727979405164,1.0,1.0
2026-03-22T21:10:07.745-306470-407503,911,false,6.637812936607587,1,3647.6727979405164,1.0,1.0
2026-03-22T21:10:07.745-306470-407503,746,false,530.9294248355461,1,3647.6727979405164,1.0,1.0
2026-03-22T21:10:07.745-306470-407503,616,false,0.8534796085752742,1,3647.6727979405164,1.0,1.0
2026-03-22T21:10:07.745-306470-407503,155,false,4.380706067144637,1,3647.6727979405164,1.0,1.0
2026-03-22T21:10:07.745-306470-407503,103,false,1.969947385342843,1,3647.6727979405164,1.0,1.0
2026-03-22T21:10:07.745-306470-407503,485,false,0.5229426769868152,1,3647.6727979405164,1.0,1.0
2026-03-22T21:10:07.745-306470-407503,218,false,2.8802176353290587,1,3647.6727979405164,1.0,1.0
2026-03-22T21:10:07.745-306470-407503,700,false,0.9815082009763765,1,3647.6727979405164,1.0,1.0
2026-03-22T21:10:07.745-306470-407503,787,false,0.40321294677688974,1,3647.6727979405164,1.0,1.0
2026-03-22T21:10:07.745-306470-407503,827,false,52.78026732229975,1,3647.6727979405164,1.0,1.0
2026-03-22T21:10:07.745-306470-407503,69,false,0.47163785861742735,1,3647.6727979405164,1.0,1.0
2026-03-22T21:10:07.745-306470-407503,194,false,6.76823293395174,1,3647.6727979405164,1.0,1.0
2026-03-22T21:10:07.745-306470-407503,420,false,1.8903647144968851,1,3647.6727979405164,1.0,1.0
2026-03-22T21:10:07.745-306470-407503,503,false,2.4883993676744356,1,3647.6727979405164,1.0,1.0
2026-03-22T21:10:07.745-306470-407503,579,false,1.8953827604500444,1,3647.6727979405164,1.0,1.0
2026-03-22T21:10:07.745-306470-407503,172,false,1.61324112898815,1,3647.6727979405164,1.0,1.0
2026-03-22T21:10:07.745-306470-407503,696,false,0.4336237415325325,1,3647.6727979405164,1.0,1.0
2026-03-22T21:10:07.745-306470-407503,444,false,102.55255201821403,1,3647.6727979405164,1.0,1.0
2026-03-22T21:10:07.745-306470-407503,147,false,0.3897422256636567,1,3647.6727979405164,1.0,1.0
2026-03-22T21:10:07.745-306470-407503,49,false,33.66189461607885,1,3647.6727979405164,1.0,1.0
2026-03-22T21:10:07.745-306470-407503,407,false,5.949616937385515,1,3647.6727979405164,1.0,1.0
2026-03-22T21:10:07.745-306470-407503,338,false,1.212278865334867,1,3647.6727979405164,1.0,1.0
2026-03-22T21:10:07.745-306470-407503,508,false,5.256645283450104,1,3647.6727979405164,1.0,1.0
2026-03-22T21:10:07.745-306470-407503,819,false,17.378061756591084,1,3647.6727979405164,1.0,1.0
2026-03-22T21:10:07.745-306470-407503,761,false,13.365955300333436,1,3647.6727979405164,1.0,1.0
2026-03-22T21:10:07.745-306470-407503,151,false,5.189704923773736,1,3647.6727979405164,1.0,1.0
2026-03-22T21:10:07.745-306470-407503,822,false,6.965147211178522,1,3647.6727979405164,1.0,1.0
2026-03-22T21:10:07.745-306470-407503,202,true,0.34668798646757937,1,3647.3261099540487,1.0,0.721
2026-03-22T21:10:07.745-306470-407503,897,true,9.663281265537305,1,3637.6628286885116,1.0,0.722
2026-03-22T21:10:07.745-306470-407503,531,true,8.37192702731917,1,3629.2909016611925,1.0,0.0020000000000000018
2026-03-22T21:10:07.745-306470-407503,365,false,1.116581196818153,1,3629.2909016611925,1.0,1.0
2026-03-22T21:10:07.745-306470-407503,923,false,0.4861149254512584,1,3629.2909016611925,1.0,1.0
2026-03-22T21:10:07.745-306470-407503,259,false,0.36059782910665944,1,3629.2909016611925,1.0,1.0
2026-03-22T21:10:07.745-306470-407503,391,false,3.848200512672071,1,3629.2909016611925,1.0,1.0
2026-03-22T21:10:07.745-306470-407503,707,false,15.027442065047188,1,3629.2909016611925,1.0,1.0
2026-03-22T21:10:07.745-306470-407503,999,false,3.425707161192764,1,3629.2909016611925,1.0,1.0
2026-03-22T21:10:07.745-306470-407503,922,false,12.961370313864427,1,3629.2909016611925,1.0,1.0
2026-03-22T21:10:07.745-306470-407503,336,false,3.831674449109413,1,3629.2909016611925,1.0,1.0
2026-03-22T21:10:07.745-306470-407503,386,false,0.19614331408923752,1,3629.2909016611925,1.0,1.0
2026-03-22T21:10:07.745-306470-407503,751,false,112.49410135496834,1,3629.2909016611925,1.0,1.0
2026-03-22T21:10:07.745-306470-407503,886,false,9.073175818523632,1,3629.2909016611925,1.0,1.0
2026-03-22T21:10:07.745-306470-407503,765,false,21.73123682568564,1,3629.2909016611925,1.0,1.0
2026-03-22T21:10:07.745-306470-407503,66,false,1.1616883846461679,1,3629.2909016611925,1.0,1.0
2026-03-22T21:10:07.745-306470-407503,698,false,1.0847945747594332,1,3629.2909016611925,1.0,1.0
2026-03-22T21:10:07.745-306470-407503,963,false,5.685757082300936,1,3629.2909016611925,1.0,1.0
2026-03-22T21:10:07.745-306470-407503,799,false,31.10985782103056,1,3629.2909016611925,1.0,1.0
2026-03-22T21:10:07.745-306470-407503,87,false,0.153078302410799,1,3629.2909016611925,1.0,1.0
2026-03-22T21:10:07.745-306470-407503,454,false,116.11063762198752,1,3629.2909016611925,1.0,1.0
2026-03-22T21:10:07.745-306470-407503,837,false,0.12762013050280652,1,3629.2909016611925,1.0,1.0
2026-03-22T21:10:07.745-306470-407503,377,false,7.288170172607094,1,3629.2909016611925,1.0,1.0
2026-03-22T21:10:07.745-306470-407503,724,false,2.543127529446701,1,3629.2909016611925,1.0,1.0
2026-03-22T21:10:07.745-306470-407503,100,false,5.76893769850646,1,3629.2909016611925,1.0,1.0
2026-03-22T21:10:07.745-306470-407503,447,false,5.285692118895796,1,3629.2909016611925,1.0,1.0
2026-03-22T21:10:07.745-306470-407503,882,false,0.09851980486002658,1,3629.2909016611925,1.0,1.0
2026-03-22T21:10:07.745-306470-407503,721,false,11.750971846055156,1,3629.2909016611925,1.0,1.0
2026-03-22T21:10:07.745-306470-407503,1000,false,21.525046859343657,1,3629.2909016611925,1.0,1.0
2026-03-22T21:10:07.745-306470-407503,160,false,0.04206598492700165,1,3629.2909016611925,1.0,1.0
2026-03-22T21:10:07.745-306470-407503,417,false,69.99531840381661,1,3629.2909016611925,1.0,1.0
2026-03-22T21:10:07.745-306470-407503,706,false,3.9740126421726716,1,3629.2909016611925,1.0,1.0
2026-03-22T21:10:07.745-306470-407503,586,false,0.26102527099730105,1,3629.2909016611925,1.0,1.0
2026-03-22T21:10:07.745-306470-407503,107,false,0.8673396220707928,1,3629.2909016611925,1.0,1.0
2026-03-22T21:10:07.745-306470-407503,471,false,0.07242167686288571,1,3629.2909016611925,1.0,1.0
2026-03-22T21:10:07.745-306470-407503,877,false,11.543668360175932,1,3629.2909016611925,1.0,1.0
2026-03-22T21:10:07.745-306470-407503,169,false,0.3118177453300579,1,3629.2909016611925,1.0,1.0
2026-03-22T21:10:07.745-306470-407503,215,false,0.1387281972921988,1,3629.2909016611925,1.0,1.0
2026-03-22T21:10:07.745-306470-407503,56,false,10.369304915353334,1,3629.2909016611925,1.0,1.0
2026-03-22T21:10:07.745-306470-407503,273,false,11.63048058862244,1,3629.2909016611925,1.0,1.0
2026-03-22T21:10:07.745-306470-407503,393,false,0.07646584713331535,1,3629.2909016611925,1.0,1.0
2026-03-22T21:10:07.745-306470-407503,795,false,0.5436518153201697,1,3629.2909016611925,1.0,1.0
2026-03-22T21:10:07.745-306470-407503,866,false,81.58036258906012,1,3629.2909016611925,1.0,1.0
2026-03-22T21:10:07.745-306470-407503,149,false,0.20966727730880833,1,3629.2909016611925,1.0,1.0
2026-03-22T21:10:07.745-306470-407503,946,false,3.681442031655626,1,3629.2909016611925,1.0,1.0
2026-03-22T21:10:07.745-306470-407503,558,false,0.24352869896499307,1,3629.2909016611925,1.0,1.0
2026-03-22T21:10:07.745-306470-407503,177,false,1.0037303157440554,1,3629.2909016611925,1.0,1.0
2026-03-22T21:10:07.745-306470-407503,176,false,0.6056786469456098,1,3629.2909016611925,1.0,1.0
2026-03-22T21:10:07.745-306470-407503,978,false,0.05023537806067458,1,3629.2909016611925,1.0,1.0
2026-03-22T21:10:07.745-306470-407503,916,false,0.09443174253738859,1,3629.2909016611925,1.0,1.0
2026-03-22T21:10:07.745-306470-407503,835,false,0.7635874970834806,1,3629.2909016611925,1.0,1.0
2026-03-22T21:10:07.745-306470-407503,260,false,0.07697447625696735,1,3629.2909016611925,1.0,1.0
2026-03-22T21:10:07.745-306470-407503,401,false,0.1732070283031552,1,3629.2909016611925,1.0,1.0
2026-03-22T21:10:07.745-306470-407503,589,false,4.035788350392673,1,3629.2909016611925,1.0,1.0
2026-03-22T21:10:07.745-306470-407503,331,false,55.4498312744133,1,3629.2909016611925,1.0,1.0
2026-03-22T21:10:07.745-306470-407503,775,false,4.548648854185988,1,3629.2909016611925,1.0,1.0
2026-03-22T21:10:07.745-306470-407503,873,false,4.36392170278445,1,3629.2909016611925,1.0,1.0
2026-03-22T21:10:07.745-306470-407503,466,false,17.388688675232753,1,3629.2909016611925,1.0,1.0
2026-03-22T21:10:07.745-306470-407503,441,false,0.37470476623936966,1,3629.2909016611925,1.0,1.0
2026-03-22T21:10:07.745-306470-407503,900,true,1.3771392182236177,1,3627.913762442969,1.0,0.708
2026-03-22T21:10:07.745-306470-407503,57,false,134.850121560006,1,3627.913762442969,1.0,1.0
2026-03-22T21:10:07.745-306470-407503,759,false,0.43465359638295537,1,3627.913762442969,1.0,1.0
2026-03-22T21:10:07.745-306470-407503,881,false,1.3932595038538633,1,3627.913762442969,1.0,1.0
2026-03-22T21:10:07.745-306470-407503,475,false,0.9220196145048055,1,3627.913762442969,1.0,1.0
2026-03-22T21:10:07.745-306470-407503,178,false,1.9033208779563489,1,3627.913762442969,1.0,1.0
2026-03-22T21:10:07.745-306470-407503,227,false,0.12279519773609965,1,3627.913762442969,1.0,1.0
2026-03-22T21:10:07.745-306470-407503,496,false,0.033642706619330214,1,3627.913762442969,1.0,1.0
2026-03-22T21:10:07.745-306470-407503,423,false,1.6191553111441812,1,3627.913762442969,1.0,1.0
2026-03-22T21:10:07.745-306470-407503,848,false,108.20114534832037,1,3627.913762442969,1.0,1.0
2026-03-22T21:10:07.745-306470-407503,207,false,1.48742087613154,1,3627.913762442969,1.0,1.0
2026-03-22T21:10:07.745-306470-407503,120,false,72.96060585941831,1,3627.913762442969,1.0,1.0
2026-03-22T21:10:07.745-306470-407503,133,false,0.3590468212253234,1,3627.913762442969,1.0,1.0
2026-03-22T21:10:07.745-306470-407503,717,false,0.17889547384518759,1,3627.913762442969,1.0,1.0
2026-03-22T21:10:07.745-306470-407503,341,false,7.8706098375338165,1,3627.913762442969,1.0,1.0
2026-03-22T21:10:07.745-306470-407503,312,false,14.287608619976421,1,3627.913762442969,1.0,1.0
2026-03-22T21:10:07.745-306470-407503,146,false,0.2292818015224422,1,3627.913762442969,1.0,1.0
2026-03-22T21:10:07.745-306470-407503,760,false,27.416805130659355,1,3627.913762442969,1.0,1.0
2026-03-22T21:10:07.745-306470-407503,256,false,4.070077181668436,1,3627.913762442969,1.0,1.0
2026-03-22T21:10:07.745-306470-407503,193,false,9.681419557998568,1,3627.913762442969,1.0,1.0
2026-03-22T21:10:07.745-306470-407503,804,false,13.455778463557413,1,3627.913762442969,1.0,1.0
2026-03-22T21:10:07.745-306470-407503,774,false,1.1305009893675895,1,3627.913762442969,1.0,1.0
2026-03-22T21:10:07.745-306470-407503,490,false,8.792594602435985,1,3627.913762442969,1.0,1.0
2026-03-22T21:10:07.745-306470-407503,633,false,1.6630833348522034,1,3627.913762442969,1.0,1.0
2026-03-22T21:10:07.745-306470-407503,78,false,1.6111031727451364,1,3627.913762442969,1.0,1.0
2026-03-22T21:10:07.745-306470-407503,548,false,12.08962868939768,1,3627.913762442969,1.0,1.0
2026-03-22T21:10:07.745-306470-407503,929,false,5.824285758965627,1,3627.913762442969,1.0,1.0
2026-03-22T21:10:07.745-306470-407503,982,false,221.78476836325953,1,3627.913762442969,1.0,1.0
2026-03-22T21:10:07.745-306470-407503,474,false,0.2623645109102727,1,3627.913762442969,1.0,1.0
2026-03-22T21:10:07.745-306470-407503,750,false,1.5343672472376548,1,3627.913762442969,1.0,1.0
2026-03-22T21:10:07.745-306470-407503,456,false,25.269118763298163,1,3627.913762442969,1.0,1.0
2026-03-22T21:10:07.745-306470-407503,533,true,0.31064950490456106,1,3627.6031129380644,1.0,0.844
2026-03-22T21:10:07.745-306470-407503,596,false,36.47793386727565,1,3627.6031129380644,1.0,1.0
2026-03-22T21:10:07.745-306470-407503,357,false,56.71188884667507,1,3627.6031129380644,1.0,1.0
2026-03-22T21:10:07.745-306470-407503,51,false,130.55894041465842,1,3627.6031129380644,1.0,1.0
2026-03-22T21:10:07.745-306470-407503,649,false,7.751932969075615,1,3627.6031129380644,1.0,1.0
2026-03-22T21:10:07.745-306470-407503,592,false,2.3273183654178706,1,3627.6031129380644,1.0,1.0
2026-03-22T21:10:07.745-306470-407503,141,false,0.4671498220195218,1,3627.6031129380644,1.0,1.0
2026-03-22T21:10:07.745-306470-407503,977,false,9.583846292976249,1,3627.6031129380644,1.0,1.0
2026-03-22T21:10:07.745-306470-407503,170,false,6.0598855660431985,1,3627.6031129380644,1.0,1.0
2026-03-22T21:10:07.745-306470-407503,499,false,9.072092131826626,1,3627.6031129380644,1.0,1.0
2026-03-22T21:10:07.745-306470-407503,223,false,8.148812651754643,1,3627.6031129380644,1.0,1.0
2026-03-22T21:10:07.745-306470-407503,571,false,3.5548221302310767,1,3627.6031129380644,1.0,1.0
2026-03-22T21:10:07.745-306470-407503,34,false,0.3327569586722379,1,3627.6031129380644,1.0,1.0
2026-03-22T21:10:07.745-306470-407503,292,false,1.6924924203953775,1,3627.6031129380644,1.0,1.0
2026-03-22T21:10:07.745-306470-407503,125,false,12.067762227650917,1,3627.6031129380644,1.0,1.0
2026-03-22T21:10:07.745-306470-407503,61,false,12.923973535764643,1,3627.6031129380644,1.0,1.0
2026-03-22T21:10:07.745-306470-407503,803,false,3.0123772754163856,1,3627.6031129380644,1.0,1.0
2026-03-22T21:10:07.745-306470-407503,63,false,0.41561360852634716,1,3627.6031129380644,1.0,1.0
2026-03-22T21:10:07.745-306470-407503,161,false,2.48590681174818,1,3627.6031129380644,1.0,1.0
2026-03-22T21:10:07.745-306470-407503,824,false,0.3435134803859159,1,3627.6031129380644,1.0,1.0
2026-03-22T21:10:07.745-306470-407503,636,false,0.09469994089354804,1,3627.6031129380644,1.0,1.0
2026-03-22T21:10:07.745-306470-407503,936,false,1.329619910596033,1,3627.6031129380644,1.0,1.0
2026-03-22T21:10:07.745-306470-407503,295,false,12.165653020650272,1,3627.6031129380644,1.0,1.0
2026-03-22T21:10:07.745-306470-407503,206,false,0.27705150962198616,1,3627.6031129380644,1.0,1.0
2026-03-22T21:10:07.745-306470-407503,35,false,10.737274935748232,1,3627.6031129380644,1.0,1.0
2026-03-22T21:10:07.745-306470-407503,952,false,0.3353709452945862,1,3627.6031129380644,1.0,1.0
2026-03-22T21:10:07.745-306470-407503,253,true,40.24787167196677,1,3587.355241266098,1.0,0.999
2026-03-22T21:10:07.745-306470-407503,135,false,20.186392412414893,1,3587.355241266098,1.0,1.0
2026-03-22T21:10:07.745-306470-407503,293,false,0.029574496940839013,1,3587.355241266098,1.0,1.0
2026-03-22T21:10:07.745-306470-407503,502,false,0.3086493274442268,1,3587.355241266098,1.0,1.0
2026-03-22T21:10:07.745-306470-407503,627,false,9.123117800686904,1,3587.355241266098,1.0,1.0
2026-03-22T21:10:07.745-306470-407503,455,false,2.857616320434626,1,3587.355241266098,1.0,1.0
2026-03-22T21:10:07.745-306470-407503,22,false,0.6019341207250474,1,3587.355241266098,1.0,1.0
2026-03-22T21:10:07.745-306470-407503,673,false,4.562623142212451,1,3587.355241266098,1.0,1.0
2026-03-22T21:10:07.745-306470-407503,678,false,7.3517981556511725,1,3587.355241266098,1.0,1.0
2026-03-22T21:10:07.745-306470-407503,79,false,12.451972867349944,1,3587.355241266098,1.0,1.0
2026-03-22T21:10:07.745-306470-407503,270,false,0.019476600501962968,1,3587.355241266098,1.0,1.0
2026-03-22T21:10:07.745-306470-407503,710,false,8.137221673065644,1,3587.355241266098,1.0,1.0
2026-03-22T21:10:07.745-306470-407503,244,false,4.871743463986952,1,3587.355241266098,1.0,1.0
2026-03-22T21:10:07.745-306470-407503,535,true,2.061778957309091,1,3585.293462308789,1.0,0.7170000000000001
2026-03-22T21:10:07.745-306470-407503,494,false,22.755797026822446,1,3585.293462308789,1.0,1.0
2026-03-22T21:10:07.745-306470-407503,415,false,11.016944525600023,1,3585.293462308789,1.0,1.0
2026-03-22T21:10:07.745-306470-407503,366,false,31.383854922361994,1,3585.293462308789,1.0,1.0
2026-03-22T21:10:07.745-306470-407503,75,false,4.1927063290153015,1,3585.293462308789,1.0,1.0
2026-03-22T21:10:07.745-306470-407503,116,false,0.2949390319326179,1,3585.293462308789,1.0,1.0
2026-03-22T21:10:07.745-306470-407503,702,false,6.953843122723019,1,3585.293462308789,1.0,1.0
2026-03-22T21:10:07.745-306470-407503,81,false,3.6083161831112225,1,3585.293462308789,1.0,1.0
2026-03-22T21:10:07.745-306470-407503,816,false,11.959006375859996,1,3585.293462308789,1.0,1.0
2026-03-22T21:10:07.745-306470-407503,919,false,1.1224616398929435,1,3585.293462308789,1.0,1.0
2026-03-22T21:10:07.745-306470-407503,660,false,0.028028045865002887,1,3585.293462308789,1.0,1.0
2026-03-22T21:10:07.745-306470-407503,638,false,28.20147739060569,1,3585.293462308789,1.0,1.0
2026-03-22T21:10:07.745-306470-407503,343,false,3.2888138402112763,1,3585.293462308789,1.0,1.0
2026-03-22T21:10:07.745-306470-407503,442,false,0.9109675938963316,1,3585.293462308789,1.0,1.0
2026-03-22T21:10:07.745-306470-407503,91,false,1.2041213166494813,1,3585.293462308789,1.0,1.0
2026-03-22T21:10:07.745-306470-407503,937,false,3.5423542302853965,1,3585.293462308789,1.0,1.0
2026-03-22T21:10:07.745-306470-407503,113,false,87.8797962241374,1,3585.293462308789,1.0,1.0
2026-03-22T21:10:07.745-306470-407503,435,false,2.1032155045660823,1,3585.293462308789,1.0,1.0
2026-03-22T21:10:07.745-306470-407503,648,false,0.7375975693849691,1,3585.293462308789,1.0,1.0
2026-03-22T21:10:07.745-306470-407503,740,false,0.2690063508953757,1,3585.293462308789,1.0,1.0
2026-03-22T21:10:07.745-306470-407503,986,false,0.36403196262857884,1,3585.293462308789,1.0,1.0
2026-03-22T21:10:07.745-306470-407503,597,false,2.0197122507243197,1,3585.293462308789,1.0,1.0
2026-03-22T21:10:07.745-306470-407503,349,false,8.289081745103758,1,3585.293462308789,1.0,1.0
2026-03-22T21:10:07.745-306470-407503,449,false,3.065291019820431,1,3585.293462308789,1.0,1.0
2026-03-22T21:10:07.745-306470-407503,723,false,9.727883463524542,1,3585.293462308789,1.0,1.0
2026-03-22T21:10:07.745-306470-407503,666,false,0.6638759988897446,1,3585.293462308789,1.0,1.0
2026-03-22T21:10:07.745-306470-407503,602,false,13.191320375045228,1,3585.293462308789,1.0,1.0
2026-03-22T21:10:07.745-306470-407503,154,false,41.91514973388657,1,3585.293462308789,1.0,1.0
2026-03-22T21:10:07.745-306470-407503,525,true,13.170145849354038,1,3572.123316459435,1.0,0.0040000000000000036
2026-03-22T21:10:07.745-306470-407503,612,false,4.012344632584229,1,3572.123316459435,1.0,1.0
2026-03-22T21:10:07.745-306470-407503,242,false,31.955139352201353,1,3572.123316459435,1.0,1.0
2026-03-22T21:10:07.745-306470-407503,581,false,11.569052850267655,1,3572.123316459435,1.0,1.0
2026-03-22T21:10:07.745-306470-407503,862,false,94.23198725104551,1,3572.123316459435,1.0,1.0
2026-03-22T21:10:07.745-306470-407503,286,false,164.17143289785528,1,3572.123316459435,1.0,1.0
2026-03-22T21:10:07.745-306470-407503,53,false,21.59465767613492,1,3572.123316459435,1.0,1.0
2026-03-22T21:10:07.745-306470-407503,7,false,2.790811243716747,1,3572.123316459435,1.0,1.0
2026-03-22T21:10:07.745-306470-407503,294,false,0.18483561268491633,1,3572.123316459435,1.0,1.0
2026-03-22T21:10:07.745-306470-407503,342,false,6.2557777943878055,1,3572.123316459435,1.0,1.0
2026-03-22T21:10:07.745-306470-407503,396,false,194.26471149346614,1,3572.123316459435,1.0,1.0
2026-03-22T21:10:07.745-306470-407503,422,false,0.760514262982967,1,3572.123316459435,1.0,1.0
2026-03-22T21:10:07.745-306470-407503,37,false,0.14364650480864144,1,3572.123316459435,1.0,1.0
2026-03-22T21:10:07.745-306470-407503,534,true,1.4021567905539698,1,3570.7211596688812,1.0,0.0
2026-03-22T21:10:07.745-306470-407503,614,false,7.912480288416573,1,3570.7211596688812,1.0,1.0
2026-03-22T21:10:07.745-306470-407503,261,false,0.286426624931226,1,3570.7211596688812,1.0,1.0
2026-03-22T21:10:07.745-306470-407503,304,false,1.3460947487518098,1,3570.7211596688812,1.0,1.0
2026-03-22T21:10:07.745-306470-407503,196,false,17.07845852510467,1,3570.7211596688812,1.0,1.0
2026-03-22T21:10:07.745-306470-407503,925,false,3.9501908380770803,1,3570.7211596688812,1.0,1.0
2026-03-22T21:10:07.745-306470-407503,123,false,0.5155245538950954,1,3570.7211596688812,1.0,1.0
2026-03-22T21:10:07.745-306470-407503,436,false,12.16261274452484,1,3570.7211596688812,1.0,1.0
2026-03-22T21:10:07.745-306470-407503,438,false,23.08407624490266,1,3570.7211596688812,1.0,1.0
2026-03-22T21:10:07.745-306470-407503,940,false,3.0392399652256987,1,3570.7211596688812,1.0,1.0
2026-03-22T21:10:07.745-306470-407503,316,true,1.0835414444482443,1,3569.637618224433,1.0,0.999
2026-03-22T21:10:07.745-306470-407503,896,false,0.12139684144403523,1,3569.637618224433,1.0,1.0
2026-03-22T21:10:07.745-306470-407503,818,false,1.7602889133135582,1,3569.637618224433,1.0,1.0
2026-03-22T21:10:07.745-306470-407503,681,false,119.81483285254616,1,3569.637618224433,1.0,1.0
2026-03-22T21:10:07.745-306470-407503,11,false,7.753841956520938,1,3569.637618224433,1.0,1.0
2026-03-22T21:10:07.745-306470-407503,83,false,0.5568467847703775,1,3569.637618224433,1.0,1.0
2026-03-22T21:10:07.745-306470-407503,755,true,1.9422313518531742,1,3567.69538687258,1.0,0.999
2026-03-22T21:10:07.745-306470-407503,411,false,2.7093607704063323,1,3567.69538687258,1.0,1.0
2026-03-22T21:10:07.745-306470-407503,314,true,7.014562367110955,1,3560.680824505469,1.0,0.6910000000000001
2026-03-22T21:10:07.745-306470-407503,685,false,1.1797255678877767,1,3560.680824505469,1.0,1.0
2026-03-22T21:10:07.745-306470-407503,385,false,23.692705917630274,1,3560.680824505469,1.0,1.0
2026-03-22T21:10:07.745-306470-407503,472,false,2.1501620518842617,1,3560.680824505469,1.0,1.0
2026-03-22T21:10:07.745-306470-407503,800,false,0.11201984645373907,1,3560.680824505469,1.0,1.0
2026-03-22T21:10:07.745-306470-407503,129,false,4.23371365421336,1,3560.680824505469,1.0,1.0
2026-03-22T21:10:07.745-306470-407503,976,false,4.249349057800708,1,3560.680824505469,1.0,1.0
2026-03-22T21:10:07.745-306470-407503,675,false,14.197713609696955,1,3560.680824505469,1.0,1.0
2026-03-22T21:10:07.745-306470-407503,979,false,0.8327603102736938,1,3560.680824505469,1.0,1.0
2026-03-22T21:10:07.745-306470-407503,448,false,4.6332953878277685,1,3560.680824505469,1.0,1.0
2026-03-22T21:10:07.745-306470-407503,779,false,5.220473987851645,1,3560.680824505469,1.0,1.0
2026-03-22T21:10:07.745-306470-407503,108,false,1.0973643590152442,1,3560.680824505469,1.0,1.0
2026-03-22T21:10:07.745-306470-407503,792,false,0.017197978147695414,1,3560.680824505469,1.0,1.0
2026-03-22T21:10:07.745-306470-407503,221,false,10.330938165985089,1,3560.680824505469,1.0,1.0
2026-03-22T21:10:07.745-306470-407503,197,true,6.8164679148047105,1,3553.864356590664,1.0,0.721
2026-03-22T21:10:07.745-306470-407503,387,false,0.044152738554869134,1,3553.864356590664,1.0,1.0
2026-03-22T21:10:07.745-306470-407503,930,false,0.8983426946540807,1,3553.864356590664,1.0,1.0
2026-03-22T21:10:07.745-306470-407503,405,false,10.511290207292642,1,3553.864356590664,1.0,1.0
2026-03-22T21:10:07.745-306470-407503,427,false,4.559022688985615,1,3553.864356590664,1.0,1.0
2026-03-22T21:10:07.745-306470-407503,509,false,8.36905532157308,1,3553.864356590664,1.0,1.0
2026-03-22T21:10:07.745-306470-407503,817,false,0.3258625928866412,1,3553.864356590664,1.0,1.0
2026-03-22T21:10:07.745-306470-407503,190,false,3.422576016019273,1,3553.864356590664,1.0,1.0
2026-03-22T21:10:07.745-306470-407503,915,false,5.112385206622479,1,3553.864356590664,1.0,1.0
2026-03-22T21:10:07.745-306470-407503,699,false,103.90465794300813,1,3553.864356590664,1.0,1.0
2026-03-22T21:10:07.745-306470-407503,236,false,0.467543936738564,1,3553.864356590664,1.0,1.0
2026-03-22T21:10:07.745-306470-407503,390,false,12.881360498658927,1,3553.864356590664,1.0,1.0
2026-03-22T21:10:07.745-306470-407503,285,false,0.24978790791406785,1,3553.864356590664,1.0,1.0
2026-03-22T21:10:07.745-306470-407503,557,false,16.04435066300026,1,3553.864356590664,1.0,1.0
2026-03-22T21:10:07.745-306470-407503,931,false,1.2164141362026724,1,3553.864356590664,1.0,1.0
2026-03-22T21:10:07.745-306470-407503,199,true,1.3283030158310334,1,3552.536053574833,1.0,0.0
2026-03-22T21:10:07.745-306470-407503,10,false,2.2334730381410326,1,3552.536053574833,1.0,1.0
2026-03-22T21:10:07.745-306470-407503,280,false,0.12462827129233894,1,3552.536053574833,1.0,1.0
2026-03-22T21:10:07.745-306470-407503,838,false,0.29431442521816714,1,3552.536053574833,1.0,1.0
2026-03-22T21:10:07.745-306470-407503,462,false,0.025737997443292387,1,3552.536053574833,1.0,1.0
2026-03-22T21:10:07.745-306470-407503,363,false,2.376141164488923,1,3552.536053574833,1.0,1.0
2026-03-22T21:10:07.745-306470-407503,898,true,0.6061786945836426,1,3551.9298748802494,1.0,0.0040000000000000036
2026-03-22T21:10:07.745-306470-407503,329,false,76.55376945898442,1,3551.9298748802494,1.0,1.0
2026-03-22T21:10:07.745-306470-407503,987,false,0.4808792551915372,1,3551.9298748802494,1.0,1.0
2026-03-22T21:10:07.745-306470-407503,443,false,1.6218852412887488,1,3551.9298748802494,1.0,1.0
2026-03-22T21:10:07.745-306470-407503,321,false,0.9213799222847443,1,3551.9298748802494,1.0,1.0
2026-03-22T21:10:07.745-306470-407503,233,false,1.2325526399242597,1,3551.9298748802494,1.0,1.0
2026-03-22T21:10:07.745-306470-407503,339,false,0.5784733012711613,1,3551.9298748802494,1.0,1.0
2026-03-22T21:10:07.745-306470-407503,479,false,0.19130410638430131,1,3551.9298748802494,1.0,1.0
2026-03-22T21:10:07.745-306470-407503,714,false,9.200017786630454,1,3551.9298748802494,1.0,1.0
2026-03-22T21:10:07.745-306470-407503,414,false,4.237111267138292,1,3551.9298748802494,1.0,1.0
2026-03-22T21:10:07.745-306470-407503,947,false,9.823106078030703,1,3551.9298748802494,1.0,1.0
2026-03-22T21:10:07.745-306470-407503,653,false,26.027395402321655,1,3551.9298748802494,1.0,1.0
2026-03-22T21:10:07.745-306470-407503,888,false,4.8396936794983,1,3551.9298748802494,1.0,1.0
2026-03-22T21:10:07.745-306470-407503,970,false,0.23665250643158078,1,3551.9298748802494,1.0,1.0
2026-03-22T21:10:07.745-306470-407503,65,false,0.05488676644312715,1,3551.9298748802494,1.0,1.0
2026-03-22T21:10:07.745-306470-407503,440,false,3.462805592549562,1,3551.9298748802494,1.0,1.0
2026-03-22T21:10:07.745-306470-407503,174,false,0.023885703285328973,1,3551.9298748802494,1.0,1.0
2026-03-22T21:10:07.745-306470-407503,791,false,10.59352826055162,1,3551.9298748802494,1.0,1.0
2026-03-22T21:10:07.745-306470-407503,371,false,1.592932722278015,1,3551.9298748802494,1.0,1.0
2026-03-22T21:10:07.745-306470-407503,416,false,56.26680506935263,1,3551.9298748802494,1.0,1.0
2026-03-22T21:10:07.745-306470-407503,19,false,1.2149918851718362,1,3551.9298748802494,1.0,1.0
2026-03-22T21:10:07.745-306470-407503,613,false,9.079648645999903,1,3551.9298748802494,1.0,1.0
2026-03-22T21:10:07.745-306470-407503,376,false,1.4164497349753509,1,3551.9298748802494,1.0,1.0
2026-03-22T21:10:07.745-306470-407503,192,false,1.7358335524731492,1,3551.9298748802494,1.0,1.0
2026-03-22T21:10:07.745-306470-407503,250,true,7.37999416540718,1,3544.5498807148424,1.0,0.929
2026-03-22T21:10:07.745-306470-407503,493,false,15.244693019097742,1,3544.5498807148424,1.0,1.0
2026-03-22T21:10:07.745-306470-407503,315,true,1.6115581621716508,1,3542.938322552671,1.0,0.0010000000000000009
2026-03-22T21:10:07.745-306470-407503,152,false,9.22330204220396,1,3542.938322552671,1.0,1.0
2026-03-22T21:10:07.745-306470-407503,880,false,11.247131095153183,1,3542.938322552671,1.0,1.0
2026-03-22T21:10:07.745-306470-407503,626,false,4.109020871389726,1,3542.938322552671,1.0,1.0
2026-03-22T21:10:07.745-306470-407503,142,false,1.1214605224921201,1,3542.938322552671,1.0,1.0
2026-03-22T21:10:07.745-306470-407503,186,false,0.7664546987166238,1,3542.938322552671,1.0,1.0
2026-03-22T21:10:07.745-306470-407503,328,false,93.13718534472517,1,3542.938322552671,1.0,1.0
2026-03-22T21:10:07.745-306470-407503,406,false,3.345506145810389,1,3542.938322552671,1.0,1.0
2026-03-22T21:10:07.745-306470-407503,725,false,0.9514805343959227,1,3542.938322552671,1.0,1.0
2026-03-22T21:10:07.745-306470-407503,413,false,12.205754981572179,1,3542.938322552671,1.0,1.0
2026-03-22T21:10:07.745-306470-407503,254,true,2.134640903563689,1,3540.803681649107,1.0,0.708
2026-03-22T21:10:07.745-306470-407503,697,false,1.3360739701188817,1,3540.803681649107,1.0,1.0
2026-03-22T21:10:07.745-306470-407503,460,false,8.851710425112769,1,3540.803681649107,1.0,1.0
2026-03-22T21:10:07.745-306470-407503,76,false,7.413929089387639,1,3540.803681649107,1.0,1.0
2026-03-22T21:10:07.745-306470-407503,559,false,0.20173282154834812,1,3540.803681649107,1.0,1.0
2026-03-22T21:10:07.745-306470-407503,130,false,64.14696482415461,1,3540.803681649107,1.0,1.0
2026-03-22T21:10:07.745-306470-407503,271,false,114.60493327177012,1,3540.803681649107,1.0,1.0
2026-03-22T21:10:07.745-306470-407503,861,false,6.659165150966899,1,3540.803681649107,1.0,1.0
2026-03-22T21:10:07.745-306470-407503,722,false,0.6990835742473335,1,3540.803681649107,1.0,1.0
2026-03-22T21:10:07.745-306470-407503,989,false,0.4459566783688995,1,3540.803681649107,1.0,1.0
2026-03-22T21:10:07.745-306470-407503,518,false,6.800830742882721,1,3540.803681649107,1.0,1.0
2026-03-22T21:10:07.745-306470-407503,109,false,26.068164709130368,1,3540.803681649107,1.0,1.0
2026-03-22T21:10:07.745-306470-407503,926,false,19.948291597759432,1,3540.803681649107,1.0,1.0
2026-03-22T21:10:07.745-306470-407503,650,false,0.722948475765998,1,3540.803681649107,1.0,1.0
2026-03-22T21:10:07.745-306470-407503,275,false,0.270303774782326,1,3540.803681649107,1.0,1.0
2026-03-22T21:10:07.745-306470-407503,392,true,12.865099065056526,1,3527.9385825840504,1.0,0.857
2026-03-22T21:10:07.745-306470-407503,555,false,0.9864431382896695,1,3527.9385825840504,1.0,1.0
2026-03-22T21:10:07.745-306470-407503,311,true,67.21855120468382,1,3460.7200313793664,1.0,0.6839999999999999
2026-03-22T21:10:07.745-306470-407503,593,false,4.794211111162179,1,3460.7200313793664,1.0,1.0
2026-03-22T21:10:07.745-306470-407503,298,false,0.05296599084730334,1,3460.7200313793664,1.0,1.0
2026-03-22T21:10:07.745-306470-407503,55,false,8.14738860732044,1,3460.7200313793664,1.0,1.0
2026-03-22T21:10:07.745-306470-407503,30,false,0.3334745028176119,1,3460.7200313793664,1.0,1.0
2026-03-22T21:10:07.745-306470-407503,246,false,0.4298796783026876,1,3460.7200313793664,1.0,1.0
2026-03-22T21:10:07.745-306470-407503,921,false,0.5726227900955622,1,3460.7200313793664,1.0,1.0
2026-03-22T21:10:07.745-306470-407503,764,false,4.005841278366793,1,3460.7200313793664,1.0,1.0
2026-03-22T21:10:07.745-306470-407503,780,false,24.167225288451817,1,3460.7200313793664,1.0,1.0
2026-03-22T21:10:07.745-306470-407503,367,false,7.946043416505447,1,3460.7200313793664,1.0,1.0
2026-03-22T21:10:07.745-306470-407503,763,false,113.8241939449071,1,3460.7200313793664,1.0,1.0
2026-03-22T21:10:07.745-306470-407503,276,false,0.6457267679141033,1,3460.7200313793664,1.0,1.0
2026-03-22T21:10:07.745-306470-407503,105,false,0.7399796413956219,1,3460.7200313793664,1.0,1.0
2026-03-22T21:10:07.745-306470-407503,657,false,0.5431202430252028,1,3460.7200313793664,1.0,1.0
2026-03-22T21:10:07.745-306470-407503,620,false,5.115909708369531,1,3460.7200313793664,1.0,1.0
2026-03-22T21:10:07.745-306470-407503,615,false,3.191490124315299,1,3460.7200313793664,1.0,1.0
2026-03-22T21:10:07.745-306470-407503,231,false,0.04014570693798341,1,3460.7200313793664,1.0,1.0
2026-03-22T21:10:07.745-306470-407503,358,false,0.22815335559055275,1,3460.7200313793664,1.0,1.0
2026-03-22T21:10:07.745-306470-407503,265,false,0.2914708775861527,1,3460.7200313793664,1.0,1.0
2026-03-22T21:10:07.745-306470-407503,568,false,5.765611110918745,1,3460.7200313793664,1.0,1.0
2026-03-22T21:10:07.745-306470-407503,781,false,2.2694027976822126,1,3460.7200313793664,1.0,1.0
2026-03-22T21:10:07.745-306470-407503,826,false,4.200589209709803,1,3460.7200313793664,1.0,1.0
2026-03-22T21:10:07.745-306470-407503,238,false,2.1454058654511674,1,3460.7200313793664,1.0,1.0
2026-03-22T21:10:07.745-306470-407503,573,false,0.7584684496944787,1,3460.7200313793664,1.0,1.0
2026-03-22T21:10:07.745-306470-407503,359,false,15.444256361844992,1,3460.7200313793664,1.0,1.0
2026-03-22T21:10:07.745-306470-407503,865,false,0.41899918025535715,1,3460.7200313793664,1.0,1.0
2026-03-22T21:10:07.745-306470-407503,251,true,0.7388383066086225,1,3459.981193072758,1.0,0.0
2026-03-22T21:10:07.745-306470-407503,786,false,2.9088567789738997,1,3459.981193072758,1.0,1.0
2026-03-22T21:10:07.745-306470-407503,600,false,9.286618942950788,1,3459.981193072758,1.0,1.0
2026-03-22T21:10:07.745-306470-407503,942,false,0.9699990236057043,1,3459.981193072758,1.0,1.0
2026-03-22T21:10:07.745-306470-407503,382,false,2.356571815478851,1,3459.981193072758,1.0,1.0
2026-03-22T21:10:07.745-306470-407503,234,false,1.4434501919333789,1,3459.981193072758,1.0,1.0
2026-03-22T21:10:07.745-306470-407503,538,true,1.9098180710776809,1,3458.0713750016803,1.0,0.687
2026-03-22T21:10:07.745-306470-407503,29,false,0.31399940240457863,1,3458.0713750016803,1.0,1.0
2026-03-22T21:10:07.745-306470-407503,521,false,11.558538987779908,1,3458.0713750016803,1.0,1.0
2026-03-22T21:10:07.745-306470-407503,771,false,1.256994279246137,1,3458.0713750016803,1.0,1.0
2026-03-22T21:10:07.745-306470-407503,96,false,0.16533682114147255,1,3458.0713750016803,1.0,1.0
2026-03-22T21:10:07.745-306470-407503,975,false,15.56868815511087,1,3458.0713750016803,1.0,1.0
2026-03-22T21:10:07.745-306470-407503,872,false,1.6228817542088751,1,3458.0713750016803,1.0,1.0
2026-03-22T21:10:07.745-306470-407503,541,true,997.4648777948793,1,2460.606497206801,1.0,0.363
2026-03-22T21:10:07.745-306470-407503,530,true,7.062896025665983,1,2453.5436011811353,1.0,0.0
2026-03-22T21:10:07.745-306470-407503,512,false,0.8875292698935728,1,2453.5436011811353,1.0,1.0
2026-03-22T21:10:07.745-306470-407503,348,false,24.94342324598658,1,2453.5436011811353,1.0,1.0
2026-03-22T21:10:07.745-306470-407503,226,false,4.058608654630161,1,2453.5436011811353,1.0,1.0
2026-03-22T21:10:07.745-306470-407503,794,false,4.82273189504983,1,2453.5436011811353,1.0,1.0
2026-03-22T21:10:07.745-306470-407503,523,true,0.6126708711117171,1,2452.9309303100235,1.0,0.6819999999999999
2026-03-22T21:10:07.745-306470-407503,41,false,2.763937212431802,1,2452.9309303100235,1.0,1.0
2026-03-22T21:10:07.745-306470-407503,464,false,60.77839879094486,1,2452.9309303100235,1.0,1.0
2026-03-22T21:10:07.745-306470-407503,58,false,20.295614440507148,1,2452.9309303100235,1.0,1.0
2026-03-22T21:10:07.745-306470-407503,325,false,0.21457795204963082,1,2452.9309303100235,1.0,1.0
2026-03-22T21:10:07.745-306470-407503,428,false,263.356938624043,1,2452.9309303100235,1.0,1.0
2026-03-22T21:10:07.745-306470-407503,734,false,36.42537221817004,1,2452.9309303100235,1.0,1.0
2026-03-22T21:10:07.745-306470-407503,565,false,2.6386581625048846,1,2452.9309303100235,1.0,1.0
2026-03-22T21:10:07.745-306470-407503,993,false,3.9245406743142945,1,2452.9309303100235,1.0,1.0
2026-03-22T21:10:07.745-306470-407503,857,false,9.532793179379055,1,2452.9309303100235,1.0,1.0
2026-03-22T21:10:07.745-306470-407503,677,false,20.08754400058449,1,2452.9309303100235,1.0,1.0
2026-03-22T21:10:07.745-306470-407503,516,false,4.91444134522495,1,2452.9309303100235,1.0,1.0
2026-03-22T21:10:07.745-306470-407503,418,false,0.0808033348347085,1,2452.9309303100235,1.0,1.0
2026-03-22T21:10:07.745-306470-407503,767,false,12.108321789353884,1,2452.9309303100235,1.0,1.0
2026-03-22T21:10:07.745-306470-407503,570,false,5.710743400178645,1,2452.9309303100235,1.0,1.0
2026-03-22T21:10:07.745-306470-407503,237,false,3.6831651102694862,1,2452.9309303100235,1.0,1.0
2026-03-22T21:10:07.745-306470-407503,840,false,11.130190122489088,1,2452.9309303100235,1.0,1.0
2026-03-22T21:10:07.745-306470-407503,131,false,0.28756589229586865,1,2452.9309303100235,1.0,1.0
2026-03-22T21:10:07.745-306470-407503,892,true,2.401251665979939,1,2450.5296786440435,1.0,0.673
2026-03-22T21:10:07.745-306470-407503,679,false,1.1956580769093184,1,2450.5296786440435,1.0,1.0
2026-03-22T21:10:07.745-306470-407503,500,false,14.726795896469453,1,2450.5296786440435,1.0,1.0
2026-03-22T21:10:07.745-306470-407503,111,false,1.9777600701257851,1,2450.5296786440435,1.0,1.0
2026-03-22T21:10:07.745-306470-407503,28,false,11.946692974892677,1,2450.5296786440435,1.0,1.0
2026-03-22T21:10:07.745-306470-407503,262,false,0.23324723032993494,1,2450.5296786440435,1.0,1.0
2026-03-22T21:10:07.745-306470-407503,688,false,0.20622507655104916,1,2450.5296786440435,1.0,1.0
2026-03-22T21:10:07.745-306470-407503,33,false,0.10428172412056877,1,2450.5296786440435,1.0,1.0
2026-03-22T21:10:07.745-306470-407503,145,false,0.9354604183039126,1,2450.5296786440435,1.0,1.0
2026-03-22T21:10:07.745-306470-407503,737,false,5.370482639721943,1,2450.5296786440435,1.0,1.0
2026-03-22T21:10:07.745-306470-407503,651,false,0.42976758268191695,1,2450.5296786440435,1.0,1.0
2026-03-22T21:10:07.745-306470-407503,188,true,40.21729546529981,1,2410.312383178744,1.0,0.999
2026-03-22T21:10:07.745-306470-407503,574,false,0.5109347299637149,1,2410.312383178744,1.0,1.0
2026-03-22T21:10:07.745-306470-407503,476,false,26.869020476116994,1,2410.312383178744,1.0,1.0
2026-03-22T21:10:07.745-306470-407503,144,false,2.1840284826767147,1,2410.312383178744,1.0,1.0
2026-03-22T21:10:07.745-306470-407503,797,false,0.49509673978179886,1,2410.312383178744,1.0,1.0
2026-03-22T21:10:07.745-306470-407503,770,false,0.15031500021875047,1,2410.312383178744,1.0,1.0
2026-03-22T21:10:07.745-306470-407503,31,false,9.998911671798492,1,2410.312383178744,1.0,1.0
2026-03-22T21:10:07.745-306470-407503,971,false,31.848309470955943,1,2410.312383178744,1.0,1.0
2026-03-22T21:10:07.745-306470-407503,44,false,8.854124472756025,1,2410.312383178744,1.0,1.0
2026-03-22T21:10:07.745-306470-407503,9,false,6.029728895389115,1,2410.312383178744,1.0,1.0
2026-03-22T21:10:07.745-306470-407503,89,false,27.771071568774744,1,2410.312383178744,1.0,1.0
2026-03-22T21:10:07.745-306470-407503,465,false,0.4608675125656168,1,2410.312383178744,1.0,1.0
2026-03-22T21:10:07.745-306470-407503,628,false,2.294343606052729,1,2410.312383178744,1.0,1.0
2026-03-22T21:10:07.745-306470-407503,153,false,18.643307029396503,1,2410.312383178744,1.0,1.0
2026-03-22T21:10:07.745-306470-407503,229,false,9.035327179191954,1,2410.312383178744,1.0,1.0
2026-03-22T21:10:07.745-306470-407503,664,false,0.04050248273495601,1,2410.312383178744,1.0,1.0
2026-03-22T21:10:07.745-306470-407503,80,false,2.209819087762252,1,2410.312383178744,1.0,1.0
2026-03-22T21:10:07.745-306470-407503,370,false,0.16047511203928425,1,2410.312383178744,1.0,1.0
2026-03-22T21:10:07.745-306470-407503,23,false,60.095643371151986,1,2410.312383178744,1.0,1.0
2026-03-22T21:10:07.745-306470-407503,924,false,1.5666598175715682,1,2410.312383178744,1.0,1.0
2026-03-22T21:10:07.745-306470-407503,643,false,926.6214876236359,1,2410.312383178744,1.0,1.0
2026-03-22T21:10:07.745-306470-407503,640,false,77.87983532800666,1,2410.312383178744,1.0,1.0
2026-03-22T21:10:07.745-306470-407503,163,false,0.6799890255066504,1,2410.312383178744,1.0,1.0
2026-03-22T21:10:07.745-306470-407503,811,false,11.659650549678403,1,2410.312383178744,1.0,1.0
2026-03-22T21:10:07.745-306470-407503,52,false,19.609636278335095,1,2410.312383178744,1.0,1.0
2026-03-22T21:10:07.745-306470-407503,969,false,958.2520733010073,1,2410.312383178744,1.0,1.0
2026-03-22T21:10:07.745-306470-407503,353,false,49.76455656474191,1,2410.312383178744,1.0,1.0
2026-03-22T21:10:07.745-306470-407503,960,false,1.603152442356628,1,2410.312383178744,1.0,1.0
2026-03-22T21:10:07.745-306470-407503,106,false,0.06871359881491816,1,2410.312383178744,1.0,1.0
2026-03-22T21:10:07.745-306470-407503,939,false,4.332690066116355,1,2410.312383178744,1.0,1.0
2026-03-22T21:10:07.745-306470-407503,610,false,2.0791419465417533,1,2410.312383178744,1.0,1.0
2026-03-22T21:10:07.745-306470-407503,24,false,0.9511169574197609,1,2410.312383178744,1.0,1.0
2026-03-22T21:10:07.745-306470-407503,769,false,5.3870555942556635,1,2410.312383178744,1.0,1.0
2026-03-22T21:10:07.745-306470-407503,609,false,1.1705091891274433,1,2410.312383178744,1.0,1.0
2026-03-22T21:10:07.745-306470-407503,214,false,0.3226165757662237,1,2410.312383178744,1.0,1.0
2026-03-22T21:10:07.745-306470-407503,235,false,1.9742625665582816,1,2410.312383178744,1.0,1.0
2026-03-22T21:10:07.745-306470-407503,208,false,1.792909346771138,1,2410.312383178744,1.0,1.0
2026-03-22T21:10:07.745-306470-407503,210,false,29.169955904240016,1,2410.312383178744,1.0,1.0
2026-03-22T21:10:07.745-306470-407503,156,false,67.30731020238018,1,2410.312383178744,1.0,1.0
2026-03-22T21:10:07.745-306470-407503,782,false,0.5544847308875093,1,2410.312383178744,1.0,1.0
2026-03-22T21:10:07.745-306470-407503,860,false,2.8406231693872837,1,2410.312383178744,1.0,1.0
2026-03-22T21:10:07.745-306470-407503,968,false,10.487062002740053,1,2410.312383178744,1.0,1.0
2026-03-22T21:10:07.745-306470-407503,599,false,3.2747921396012165,1,2410.312383178744,1.0,1.0
2026-03-22T21:10:07.745-306470-407503,71,false,5.056463554633777,1,2410.312383178744,1.0,1.0
2026-03-22T21:10:07.745-306470-407503,43,false,0.06450510407441125,1,2410.312383178744,1.0,1.0
2026-03-22T21:10:07.745-306470-407503,70,false,34.748084232236295,1,2410.312383178744,1.0,1.0
2026-03-22T21:10:07.745-306470-407503,704,false,9.847588186689055,1,2410.312383178744,1.0,1.0
2026-03-22T21:10:07.745-306470-407503,189,true,2.5721839173062966,1,2407.7401992614377,1.0,0.6910000000000001
2026-03-22T21:10:07.745-306470-407503,59,false,0.3093909613051489,1,2407.7401992614377,1.0,1.0
2026-03-22T21:10:07.745-306470-407503,410,false,1.3595676790607456,1,2407.7401992614377,1.0,1.0
2026-03-22T21:10:07.745-306470-407503,524,true,0.49723989499261106,1,2407.242959366445,1.0,0.0
2026-03-22T21:10:07.745-306470-407503,672,false,0.17579732846357368,1,2407.242959366445,1.0,1.0
2026-03-22T21:10:07.745-306470-407503,980,false,42.097403288491776,1,2407.242959366445,1.0,1.0
2026-03-22T21:10:07.745-306470-407503,603,false,3.839356778616693,1,2407.242959366445,1.0,1.0
2026-03-22T21:10:07.745-306470-407503,580,false,5.337420974182477,1,2407.242959366445,1.0,1.0
2026-03-22T21:10:07.745-306470-407503,540,true,3.6909126133523595,1,2403.552046753093,1.0,0.0
2026-03-22T21:10:07.745-306470-407503,913,false,10.167485021492041,1,2403.552046753093,1.0,1.0
2026-03-22T21:10:07.745-306470-407503,252,true,230.64991828468118,1,2172.902128468412,1.0,0.0
2026-03-22T21:10:07.745-306470-407503,8,false,0.06832711663679139,1,2172.902128468412,1.0,1.0
2026-03-22T21:10:07.745-306470-407503,955,false,22.93234491118716,1,2172.902128468412,1.0,1.0
2026-03-22T21:10:07.745-306470-407503,756,true,11.782319898525492,1,2161.119808569886,1.0,0.704
2026-03-22T21:10:07.745-306470-407503,124,false,5.520069765142573,1,2161.119808569886,1.0,1.0
2026-03-22T21:10:07.745-306470-407503,748,false,3.4663072372929196,1,2161.119808569886,1.0,1.0
2026-03-22T21:10:07.745-306470-407503,412,false,0.23987962510358468,1,2161.119808569886,1.0,1.0
2026-03-22T21:10:07.745-306470-407503,849,false,9.272311215561135,1,2161.119808569886,1.0,1.0
2026-03-22T21:10:07.745-306470-407503,203,true,29.398395179213015,1,2131.721413390673,1.0,0.0020000000000000018
2026-03-22T21:10:07.745-306470-407503,891,true,5.7127060065298085,1,2126.0087073841432,1.0,0.0010000000000000009
2026-03-22T21:10:07.745-306470-407503,662,false,6.734476280565104,1,2126.0087073841432,1.0,1.0
2026-03-22T21:10:07.745-306470-407503,134,false,1.0452943491984807,1,2126.0087073841432,1.0,1.0
2026-03-22T21:10:07.745-306470-407503,195,true,1.7074801520621763,1,2124.301227232081,1.0,0.6739999999999999
2026-03-22T21:10:07.745-306470-407503,247,true,0.3846769242194851,1,2123.9165503078616,1.0,0.708
2026-03-22T21:10:07.745-306470-407503,629,false,0.9826042962796956,1,2123.9165503078616,1.0,1.0
2026-03-22T21:10:07.745-306470-407503,588,false,5.305189736309646,1,2123.9165503078616,1.0,1.0
2026-03-22T21:10:07.745-306470-407503,25,false,1.6603879273351254,1,2123.9165503078616,1.0,1.0
2026-03-22T21:10:07.745-306470-407503,434,false,29.324527484708423,1,2123.9165503078616,1.0,1.0
2026-03-22T21:10:07.745-306470-407503,635,false,0.10948637948770513,1,2123.9165503078616,1.0,1.0
2026-03-22T21:10:07.745-306470-407503,855,false,0.24158846644834864,1,2123.9165503078616,1.0,1.0
2026-03-22T21:10:07.745-306470-407503,212,false,17.9988619426128,1,2123.9165503078616,1.0,1.0
2026-03-22T21:10:07.745-306470-407503,715,false,0.5805359586762262,1,2123.9165503078616,1.0,1.0
2026-03-22T21:10:07.745-306470-407503,621,false,2.785438512676974,1,2123.9165503078616,1.0,1.0
2026-03-22T21:10:07.745-306470-407503,995,false,20.228662378933162,1,2123.9165503078616,1.0,1.0
2026-03-22T21:10:07.745-306470-407503,944,false,0.22182395408425254,1,2123.9165503078616,1.0,1.0
2026-03-22T21:10:07.745-306470-407503,752,true,12.498404420709374,1,2111.418145887152,1.0,0.7010000000000001
2026-03-22T21:10:07.745-306470-407503,905,false,0.29574065200592026,1,2111.418145887152,1.0,1.0
2026-03-22T21:10:07.745-306470-407503,257,false,0.12791814586934652,1,2111.418145887152,1.0,1.0
2026-03-22T21:10:07.745-306470-407503,437,false,34.208134869183475,1,2111.418145887152,1.0,1.0
2026-03-22T21:10:07.745-306470-407503,461,false,30.774600582124464,1,2111.418145887152,1.0,1.0
2026-03-22T21:10:07.745-306470-407503,584,false,6.725582750539876,1,2111.418145887152,1.0,1.0
2026-03-22T21:10:07.745-306470-407503,395,true,11.67740482972294,1,2099.740741057429,1.0,0.706
2026-03-22T21:10:07.745-306470-407503,2,false,1.0124591892564863,1,2099.740741057429,1.0,1.0
2026-03-22T21:10:07.745-306470-407503,299,false,2.0013570718939278,1,2099.740741057429,1.0,1.0
2026-03-22T21:10:07.745-306470-407503,90,false,0.23143026678480816,1,2099.740741057429,1.0,1.0
2026-03-22T21:10:07.745-306470-407503,424,false,1.6530043602630484,1,2099.740741057429,1.0,1.0
2026-03-22T21:10:07.745-306470-407503,658,false,0.3174819431400819,1,2099.740741057429,1.0,1.0
2026-03-22T21:10:07.745-306470-407503,890,true,0.837679030208071,1,2098.903062027221,1.0,0.0030000000000000027
2026-03-22T21:10:07.745-306470-407503,709,false,30.050982787268495,1,2098.903062027221,1.0,1.0
2026-03-22T21:10:07.745-306470-407503,93,false,0.3241540922357982,1,2098.903062027221,1.0,1.0
2026-03-22T21:10:07.745-306470-407503,907,false,0.5630993252847595,1,2098.903062027221,1.0,1.0
2026-03-22T21:10:07.745-306470-407503,282,false,7.46294583037329,1,2098.903062027221,1.0,1.0
2026-03-22T21:10:07.745-306470-407503,506,false,1.1999063035219828,1,2098.903062027221,1.0,1.0
2026-03-22T21:10:07.745-306470-407503,345,false,2.671105252761055,1,2098.903062027221,1.0,1.0
2026-03-22T21:10:07.745-306470-407503,954,false,0.5807726229686939,1,2098.903062027221,1.0,1.0
2026-03-22T21:10:07.745-306470-407503,691,false,6.938635260816487,1,2098.903062027221,1.0,1.0
2026-03-22T21:10:07.745-306470-407503,729,false,1.0150976260227125,1,2098.903062027221,1.0,1.0
2026-03-22T21:10:07.745-306470-407503,687,false,247.956147042013,1,2098.903062027221,1.0,1.0
2026-03-22T21:10:07.745-306470-407503,205,true,367.28280115241216,1,1731.620260874809,1.0,0.0
2026-03-22T21:10:07.745-306470-407503,807,false,5.750370924626885,1,1731.620260874809,1.0,1.0
2026-03-22T21:10:07.745-306470-407503,958,false,0.7314309279495391,1,1731.620260874809,1.0,1.0
2026-03-22T21:10:07.745-306470-407503,239,false,17.46452097874271,1,1731.620260874809,1.0,1.0
2026-03-22T21:10:07.745-306470-407503,933,false,2.3880967005988283,1,1731.620260874809,1.0,1.0
2026-03-22T21:10:07.745-306470-407503,77,false,15.66875931812166,1,1731.620260874809,1.0,1.0
2026-03-22T21:10:07.745-306470-407503,369,false,0.5676788391315555,1,1731.620260874809,1.0,1.0
2026-03-22T21:10:07.745-306470-407503,463,false,1.2331278327027386,1,1731.620260874809,1.0,1.0
2026-03-22T21:10:07.745-306470-407503,991,false,2.6586106948657435,1,1731.620260874809,1.0,1.0
2026-03-22T21:10:07.745-306470-407503,121,false,3.469653042365534,1,1731.620260874809,1.0,1.0
2026-03-22T21:10:07.745-306470-407503,352,false,0.15009157396379322,1,1731.620260874809,1.0,1.0
2026-03-22T21:10:07.745-306470-407503,267,true,19.610520469650584,1,1712.0097404051585,1.0,0.848
2026-03-22T21:10:07.745-306470-407503,655,false,10.923162269675968,1,1712.0097404051585,1.0,1.0
2026-03-22T21:10:07.745-306470-407503,361,false,0.0454446335490605,1,1712.0097404051585,1.0,1.0
2026-03-22T21:10:07.745-306470-407503,469,false,2.463492009869665,1,1712.0097404051585,1.0,1.0
2026-03-22T21:10:07.745-306470-407503,703,false,0.012616209526724067,1,1712.0097404051585,1.0,1.0
2026-03-22T21:10:07.745-306470-407503,322,false,0.8045080263637386,1,1712.0097404051585,1.0,1.0
2026-03-22T21:10:07.745-306470-407503,181,false,1.1898288323962585,1,1712.0097404051585,1.0,1.0
2026-03-22T21:10:07.745-306470-407503,845,false,1.0593866108861636,1,1712.0097404051585,1.0,1.0
2026-03-22T21:10:07.745-306470-407503,486,false,3.75450351200289,1,1712.0097404051585,1.0,1.0
2026-03-22T21:10:07.745-306470-407503,453,false,57.42644776592359,1,1712.0097404051585,1.0,1.0
2026-03-22T21:10:07.745-306470-407503,143,false,9.835910534532552,1,1712.0097404051585,1.0,1.0
2026-03-22T21:10:07.745-306470-407503,158,false,6.627455347232708,1,1712.0097404051585,1.0,1.0
2026-03-22T21:10:07.745-306470-407503,5,false,5.303654109767851,1,1712.0097404051585,1.0,1.0
2026-03-22T21:10:07.745-306470-407503,598,false,0.6895840117945236,1,1712.0097404051585,1.0,1.0
2026-03-22T21:10:07.745-306470-407503,836,false,0.6653502793597419,1,1712.0097404051585,1.0,1.0
2026-03-22T21:10:07.745-306470-407503,693,false,4.9469314010089205,1,1712.0097404051585,1.0,1.0
2026-03-22T21:10:07.745-306470-407503,95,false,113.91716033429009,1,1712.0097404051585,1.0,1.0
2026-03-22T21:10:07.745-306470-407503,110,false,1.316870391872028,1,1712.0097404051585,1.0,1.0
2026-03-22T21:10:07.745-306470-407503,278,false,5.092311541007456,1,1712.0097404051585,1.0,1.0
2026-03-22T21:10:07.745-306470-407503,513,false,41.63453543426569,1,1712.0097404051585,1.0,1.0
2026-03-22T21:10:07.745-306470-407503,327,false,0.5765881955809888,1,1712.0097404051585,1.0,1.0
2026-03-22T21:10:07.745-306470-407503,426,false,197.3301761081437,1,1712.0097404051585,1.0,1.0
2026-03-22T21:10:07.745-306470-407503,132,false,1.8563315653596355,1,1712.0097404051585,1.0,1.0
2026-03-22T21:10:07.745-306470-407503,972,false,3.0572204296131535,1,1712.0097404051585,1.0,1.0
2026-03-22T21:10:07.745-306470-407503,45,false,6.039441871695574,1,1712.0097404051585,1.0,1.0
2026-03-22T21:10:07.745-306470-407503,115,false,60.039473450443445,1,1712.0097404051585,1.0,1.0
2026-03-22T21:10:07.745-306470-407503,484,false,0.20896894628420426,1,1712.0097404051585,1.0,1.0
2026-03-22T21:10:07.745-306470-407503,84,false,0.2576040109632174,1,1712.0097404051585,1.0,1.0
2026-03-22T21:10:07.745-306470-407503,324,false,1.3520246686719197,1,1712.0097404051585,1.0,1.0
2026-03-22T21:10:07.745-306470-407503,569,false,1.7126653477618026,1,1712.0097404051585,1.0,1.0
2026-03-22T21:10:07.745-306470-407503,785,false,27.88713661309228,1,1712.0097404051585,1.0,1.0
2026-03-22T21:10:07.745-306470-407503,264,true,3.856674416516124,1,1708.1530659886423,1.0,0.851
2026-03-22T21:10:07.745-306470-407503,159,false,1.7413703244044396,1,1708.1530659886423,1.0,1.0
2026-03-22T21:10:07.745-306470-407503,985,false,1.215588655280294,1,1708.1530659886423,1.0,1.0
2026-03-22T21:10:07.745-306470-407503,308,true,1.2845865823800504,1,1706.8684794062622,1.0,0.845
2026-03-22T21:10:07.745-306470-407503,122,false,0.17368332810494577,1,1706.8684794062622,1.0,1.0
2026-03-22T21:10:07.745-306470-407503,903,true,4.657769333748462,1,1702.2107100725136,1.0,0.849
2026-03-22T21:10:07.745-306470-407503,539,true,12.109236039343237,1,1690.1014740331705,1.0,0.0
2026-03-22T21:10:07.745-306470-407503,713,false,4.026891812107857,1,1690.1014740331705,1.0,1.0
2026-03-22T21:10:07.745-306470-407503,741,false,26.2774884026094,1,1690.1014740331705,1.0,1.0
2026-03-22T21:10:07.745-306470-407503,556,false,16.787942858415615,1,1690.1014740331705,1.0,1.0
2026-03-22T21:10:07.745-306470-407503,330,false,0.7774805105994698,1,1690.1014740331705,1.0,1.0
2026-03-22T21:10:07.745-306470-407503,85,false,46.11494050697065,1,1690.1014740331705,1.0,1.0
2026-03-22T21:10:07.745-306470-407503,148,false,1.9681022372112063,1,1690.1014740331705,1.0,1.0
2026-03-22T21:10:07.745-306470-407503,554,false,2.551086002831978,1,1690.1014740331705,1.0,1.0
2026-03-22T21:10:07.745-306470-407503,728,false,0.3805956823865515,1,1690.1014740331705,1.0,1.0
2026-03-22T21:10:07.745-306470-407503,459,false,1.6465091872067001,1,1690.1014740331705,1.0,1.0
2026-03-22T21:10:07.745-306470-407503,16,false,8.330504618428591,1,1690.1014740331705,1.0,1.0
2026-03-22T21:10:07.745-306470-407503,495,false,6.666477065171741,1,1690.1014740331705,1.0,1.0
2026-03-22T21:10:07.745-306470-407503,536,true,9.22690854628826,1,1680.8745654868821,1.0,0.0
2026-03-22T21:10:07.745-306470-407503,492,false,0.7257138520671801,1,1680.8745654868821,1.0,1.0
2026-03-22T21:10:07.745-306470-407503,701,false,2.7656655586551953,1,1680.8745654868821,1.0,1.0
2026-03-22T21:10:07.745-306470-407503,864,false,4.141869614458755,1,1680.8745654868821,1.0,1.0
2026-03-22T21:10:07.745-306470-407503,878,false,37.893905705842805,1,1680.8745654868821,1.0,1.0
2026-03-22T21:10:07.745-306470-407503,399,false,3.8280050212519385,1,1680.8745654868821,1.0,1.0
2026-03-22T21:10:07.745-306470-407503,477,false,1.8720141602294003,1,1680.8745654868821,1.0,1.0
2026-03-22T21:10:07.745-306470-407503,772,false,3.2006544061854645,1,1680.8745654868821,1.0,1.0
2026-03-22T21:10:07.745-306470-407503,578,false,3.4694400397007783,1,1680.8745654868821,1.0,1.0
2026-03-22T21:10:07.745-306470-407503,821,false,22.4809317296092,1,1680.8745654868821,1.0,1.0
2026-03-22T21:10:07.745-306470-407503,910,false,4.533739606076606,1,1680.8745654868821,1.0,1.0
2026-03-22T21:10:07.745-306470-407503,13,false,9.257206967324857,1,1680.8745654868821,1.0,1.0
2026-03-22T21:10:07.745-306470-407503,667,false,1.1728654325555357,1,1680.8745654868821,1.0,1.0
2026-03-22T21:10:07.745-306470-407503,682,false,1.1785670375668245,1,1680.8745654868821,1.0,1.0
2026-03-22T21:10:07.745-306470-407503,753,false,0.11391520726364249,1,1680.8745654868821,1.0,1.0
2026-03-22T21:10:07.745-306470-407503,712,false,3.7687134591802676,1,1680.8745654868821,1.0,1.0
2026-03-22T21:10:07.745-306470-407503,491,false,13.645795027051577,1,1680.8745654868821,1.0,1.0
2026-03-22T21:10:07.745-306470-407503,301,false,0.10997988831273817,1,1680.8745654868821,1.0,1.0
2026-03-22T21:10:07.745-306470-407503,789,false,0.05064122161378792,1,1680.8745654868821,1.0,1.0
2026-03-22T21:10:07.745-306470-407503,831,false,14.817893433254396,1,1680.8745654868821,1.0,1.0
2026-03-22T21:10:07.745-306470-407503,216,false,1.0192218603564054,1,1680.8745654868821,1.0,1.0
2026-03-22T21:10:07.745-306470-407503,375,false,20.728612056029192,1,1680.8745654868821,1.0,1.0
2026-03-22T21:10:07.745-306470-407503,841,false,2.3866864036032576,1,1680.8745654868821,1.0,1.0
2026-03-22T21:10:07.745-306470-407503,258,false,14.854061013060308,1,1680.8745654868821,1.0,1.0
2026-03-22T21:10:07.745-306470-407503,400,false,0.3359578221761422,1,1680.8745654868821,1.0,1.0
2026-03-22T21:10:07.745-306470-407503,332,false,15.589253932171,1,1680.8745654868821,1.0,1.0
2026-03-22T21:10:07.745-306470-407503,326,false,2.259253872788954,1,1680.8745654868821,1.0,1.0
2026-03-22T21:10:07.745-306470-407503,735,false,1.8118306498799317,1,1680.8745654868821,1.0,1.0
2026-03-22T21:10:07.745-306470-407503,705,false,13.264646526632497,1,1680.8745654868821,1.0,1.0
2026-03-22T21:10:07.745-306470-407503,594,false,2.3526626412718157,1,1680.8745654868821,1.0,1.0
2026-03-22T21:10:07.745-306470-407503,998,false,5.8026952326215016,1,1680.8745654868821,1.0,1.0
2026-03-22T21:10:07.745-306470-407503,683,false,0.05201694919393775,1,1680.8745654868821,1.0,1.0
2026-03-22T21:10:07.745-306470-407503,674,false,0.17737833420804636,1,1680.8745654868821,1.0,1.0
2026-03-22T21:10:07.745-306470-407503,334,false,75.55138600401311,1,1680.8745654868821,1.0,1.0
2026-03-22T21:10:07.745-306470-407503,457,false,5.081670120581521,1,1680.8745654868821,1.0,1.0
2026-03-22T21:10:07.745-306470-407503,269,true,0.9723370566230961,1,1679.9022284302591,1.0,0.7090000000000001
2026-03-22T21:10:07.745-306470-407503,639,false,0.38446739024827337,1,1679.9022284302591,1.0,1.0
2026-03-22T21:10:07.745-306470-407503,951,false,0.15429205470033946,1,1679.9022284302591,1.0,1.0
2026-03-22T21:10:07.745-306470-407503,846,false,4.693403897077417,1,1679.9022284302591,1.0,1.0
2026-03-22T21:10:07.745-306470-407503,850,false,23.68945779329216,1,1679.9022284302591,1.0,1.0
2026-03-22T21:10:07.745-306470-407503,373,false,7.639331817631423,1,1679.9022284302591,1.0,1.0
2026-03-22T21:10:07.745-306470-407503,550,false,5.491331389662305,1,1679.9022284302591,1.0,1.0
2026-03-22T21:10:07.745-306470-407503,473,false,0.11145725493341813,1,1679.9022284302591,1.0,1.0
2026-03-22T21:10:07.745-306470-407503,883,false,5.230523584213893,1,1679.9022284302591,1.0,1.0
2026-03-22T21:10:07.745-306470-407503,249,true,31.596927166440093,1,1648.305301263819,1.0,0.0
2026-03-22T21:10:07.745-306470-407503,631,false,17.714647695159734,1,1648.305301263819,1.0,1.0
2026-03-22T21:10:07.745-306470-407503,619,false,4.36996564196784,1,1648.305301263819,1.0,1.0
2026-03-22T21:10:07.745-306470-407503,874,false,51.43370886852584,1,1648.305301263819,1.0,1.0
2026-03-22T21:10:07.745-306470-407503,676,false,0.4023692051336463,1,1648.305301263819,1.0,1.0
2026-03-22T21:10:07.745-306470-407503,825,false,1.5907161102492082,1,1648.305301263819,1.0,1.0
2026-03-22T21:10:07.745-306470-407503,384,false,6.236899413638735,1,1648.305301263819,1.0,1.0
2026-03-22T21:10:07.745-306470-407503,48,false,19.606666554029722,1,1648.305301263819,1.0,1.0
2026-03-22T21:10:07.745-306470-407503,150,false,0.32415066306841317,1,1648.305301263819,1.0,1.0
2026-03-22T21:10:07.745-306470-407503,920,false,1.0073274475209362,1,1648.305301263819,1.0,1.0
2026-03-22T21:10:07.745-306470-407503,661,false,11.839191078901209,1,1648.305301263819,1.0,1.0
2026-03-22T21:10:07.745-306470-407503,439,false,4.305320574203382,1,1648.305301263819,1.0,1.0
2026-03-22T21:10:07.745-306470-407503,622,false,63.62728455550925,1,1648.305301263819,1.0,1.0
2026-03-22T21:10:07.745-306470-407503,67,false,1.9225615212459348,1,1648.305301263819,1.0,1.0
2026-03-22T21:10:07.745-306470-407503,859,false,1.0153092442637313,1,1648.305301263819,1.0,1.0
2026-03-22T21:10:07.745-306470-407503,451,false,4.529763192042366,1,1648.305301263819,1.0,1.0
2026-03-22T21:10:07.745-306470-407503,953,false,0.04121873399192991,1,1648.305301263819,1.0,1.0
2026-03-22T21:10:07.745-306470-407503,692,false,7.9291455057924445,1,1648.305301263819,1.0,1.0
2026-03-22T21:10:07.745-306470-407503,532,true,0.2636828702720477,1,1648.041618393547,1.0,0.0
2026-03-22T21:10:07.745-306470-407503,225,false,0.4016843240496364,1,1648.041618393547,1.0,1.0
2026-03-22T21:10:07.745-306470-407503,695,false,3.229888746308792,1,1648.041618393547,1.0,1.0
2026-03-22T21:10:07.745-306470-407503,832,false,7.623290859709899,1,1648.041618393547,1.0,1.0
2026-03-22T21:10:07.745-306470-407503,421,false,0.12008858538897693,1,1648.041618393547,1.0,1.0
2026-03-22T21:10:07.745-306470-407503,289,false,7.300617088102966,1,1648.041618393547,1.0,1.0
2026-03-22T21:10:07.745-306470-407503,511,false,2.4532691099119663,1,1648.041618393547,1.0,1.0
2026-03-22T21:10:07.745-306470-407503,720,false,53.59331736018206,1,1648.041618393547,1.0,1.0
2026-03-22T21:10:07.745-306470-407503,394,true,2.3005984599798843,1,1645.741019933567,1.0,0.040000000000000036
2026-03-22T21:10:07.745-306470-407503,389,true,1.229662745039511,1,1644.5113571885274,1.0,0.706
2026-03-22T21:10:07.745-306470-407503,272,true,13.41151027113721,1,1631.0998469173903,1.0,0.7110000000000001
2026-03-22T21:10:07.745-306470-407503,320,false,10.234455608956917,1,1631.0998469173903,1.0,1.0
2026-03-22T21:10:07.745-306470-407503,119,false,3.8131026124301255,1,1631.0998469173903,1.0,1.0
2026-03-22T21:10:07.745-306470-407503,137,false,0.037451495759419653,1,1631.0998469173903,1.0,1.0
2026-03-22T21:10:07.745-306470-407503,388,false,0.07397924054987001,1,1631.0998469173903,1.0,1.0
2026-03-22T21:10:07.745-306470-407503,86,false,0.16582950324109358,1,1631.0998469173903,1.0,1.0
2026-03-22T21:10:07.745-306470-407503,60,false,10.357140109420689,1,1631.0998469173903,1.0,1.0
2026-03-22T21:10:07.745-306470-407503,517,false,1.9677076909493807,1,1631.0998469173903,1.0,1.0
2026-03-22T21:10:07.745-306470-407503,288,false,1.2327722493919002,1,1631.0998469173903,1.0,1.0
2026-03-22T21:10:07.745-306470-407503,777,false,10.401953928554066,1,1631.0998469173903,1.0,1.0
2026-03-22T21:10:07.745-306470-407503,652,false,1.620931866887502,1,1631.0998469173903,1.0,1.0
2026-03-22T21:10:07.745-306470-407503,211,false,10.938211865199687,1,1631.0998469173903,1.0,1.0
2026-03-22T21:10:07.745-306470-407503,40,false,2.953452735519701,1,1631.0998469173903,1.0,1.0
2026-03-22T21:10:07.745-306470-407503,245,true,0.8704468590938073,1,1630.2294000582965,1.0,0.696
2026-03-22T21:10:07.745-306470-407503,943,false,3.8549215553721528,1,1630.2294000582965,1.0,1.0
2026-03-22T21:10:07.745-306470-407503,935,false,0.07483485491814706,1,1630.2294000582965,1.0,1.0
2026-03-22T21:10:07.745-306470-407503,501,false,13.133915051297981,1,1630.2294000582965,1.0,1.0
2026-03-22T21:10:07.745-306470-407503,757,false,0.04546179697482064,1,1630.2294000582965,1.0,1.0
2026-03-22T21:10:07.745-306470-407503,302,false,1.1751499174072861,1,1630.2294000582965,1.0,1.0
2026-03-22T21:10:07.745-306470-407503,689,false,0.12853849235622625,1,1630.2294000582965,1.0,1.0
2026-03-22T21:10:07.745-306470-407503,185,true,1.0547121104971822,1,1629.1746879477994,1.0,0.718
2026-03-22T21:10:07.745-306470-407503,690,false,0.6752200664965698,1,1629.1746879477994,1.0,1.0
2026-03-22T21:10:07.745-306470-407503,604,false,1.4297200609105818,1,1629.1746879477994,1.0,1.0
2026-03-22T21:10:07.745-306470-407503,547,false,1.4177827329270634,1,1629.1746879477994,1.0,1.0
2026-03-22T21:10:07.745-306470-407503,981,false,0.15209048012309018,1,1629.1746879477994,1.0,1.0
2026-03-22T21:10:07.745-306470-407503,934,false,0.18189028996951465,1,1629.1746879477994,1.0,1.0
2026-03-22T21:10:07.745-306470-407503,601,false,0.6802711850126221,1,1629.1746879477994,1.0,1.0
2026-03-22T21:10:07.745-306470-407503,478,false,21.200282227171733,1,1629.1746879477994,1.0,1.0
2026-03-22T21:10:07.745-306470-407503,283,false,3.10221816456602,1,1629.1746879477994,1.0,1.0
2026-03-22T21:10:07.745-306470-407503,209,false,0.9502543370952764,1,1629.1746879477994,1.0,1.0
2026-03-22T21:10:07.745-306470-407503,488,false,0.7210434504532675,1,1629.1746879477994,1.0,1.0
2026-03-22T21:10:07.745-306470-407503,281,false,0.2556606223992947,1,1629.1746879477994,1.0,1.0
2026-03-22T21:10:07.745-306470-407503,716,false,11.201954342283845,1,1629.1746879477994,1.0,1.0
2026-03-22T21:10:07.745-306470-407503,656,false,0.03195021195350039,1,1629.1746879477994,1.0,1.0
2026-03-22T21:10:07.745-306470-407503,279,false,0.1766828915579233,1,1629.1746879477994,1.0,1.0
2026-03-22T21:10:07.745-306470-407503,318,true,2.9232620207098416,1,1626.2514259270895,1.0,0.0020000000000000018
2026-03-22T21:10:07.745-306470-407503,497,false,12.828004752851003,1,1626.2514259270895,1.0,1.0
2026-03-22T21:10:07.745-306470-407503,505,false,0.7111878775006484,1,1626.2514259270895,1.0,1.0
2026-03-22T21:10:07.745-306470-407503,362,false,77.82326948480298,1,1626.2514259270895,1.0,1.0
2026-03-22T21:10:07.745-306470-407503,481,false,10.398254971784251,1,1626.2514259270895,1.0,1.0
2026-03-22T21:10:07.745-306470-407503,1,false,0.060853489437653875,1,1626.2514259270895,1.0,1.0
2026-03-22T21:10:07.745-306470-407503,644,false,0.996059266092826,1,1626.2514259270895,1.0,1.0
2026-03-22T21:10:07.745-306470-407503,694,false,3.4054229583854534,1,1626.2514259270895,1.0,1.0
2026-03-22T21:10:07.745-306470-407503,300,false,37.505580757926985,1,1626.2514259270895,1.0,1.0
2026-03-22T21:10:07.745-306470-407503,595,false,0.25036271556000417,1,1626.2514259270895,1.0,1.0
2026-03-22T21:10:07.745-306470-407503,645,false,6.220449949419782,1,1626.2514259270895,1.0,1.0
2026-03-22T21:10:07.745-306470-407503,429,false,2.521242854502324,1,1626.2514259270895,1.0,1.0
2026-03-22T21:10:07.745-306470-407503,543,true,3.9665907952931696,1,1622.2848351317964,1.0,0.0
2026-03-22T21:10:07.745-306470-407503,587,false,51.67046832197618,1,1622.2848351317964,1.0,1.0
2026-03-22T21:10:07.745-306470-407503,842,false,4.76612426918816,1,1622.2848351317964,1.0,1.0
2026-03-22T21:10:07.745-306470-407503,788,false,15.830847720775377,1,1622.2848351317964,1.0,1.0
2026-03-22T21:10:07.745-306470-407503,507,false,0.8369596877403958,1,1622.2848351317964,1.0,1.0
2026-03-22T21:10:07.745-306470-407503,988,false,0.8557016818454652,1,1622.2848351317964,1.0,1.0
2026-03-22T21:10:07.745-306470-407503,219,false,0.43789551561015605,1,1622.2848351317964,1.0,1.0
2026-03-22T21:10:07.745-306470-407503,870,false,13.92643655504969,1,1622.2848351317964,1.0,1.0
2026-03-22T21:10:07.745-306470-407503,17,false,0.5495094748343455,1,1622.2848351317964,1.0,1.0
2026-03-22T21:10:07.745-306470-407503,893,true,1.8477395156371386,1,1620.4370956161592,1.0,0.0
2026-03-22T21:10:07.745-306470-407503,62,false,0.1864472605664568,1,1620.4370956161592,1.0,1.0
2026-03-22T21:10:07.745-306470-407503,397,true,6.052333929767164,1,1614.384761686392,1.0,0.008000000000000007
2026-03-22T21:10:07.745-306470-407503,918,false,0.7484230400420523,1,1614.384761686392,1.0,1.0
2026-03-22T21:10:07.745-306470-407503,82,false,4.67272288092273,1,1614.384761686392,1.0,1.0
2026-03-22T21:10:07.745-306470-407503,175,false,22.63632166353267,1,1614.384761686392,1.0,1.0
2026-03-22T21:10:07.745-306470-407503,730,false,18.50302348932452,1,1614.384761686392,1.0,1.0
2026-03-22T21:10:07.745-306470-407503,372,false,0.1312123751485949,1,1614.384761686392,1.0,1.0
2026-03-22T21:10:07.745-306470-407503,12,false,3.5121230191551143,1,1614.384761686392,1.0,1.0
2026-03-22T21:10:07.745-306470-407503,618,false,14.281261895443118,1,1614.384761686392,1.0,1.0
2026-03-22T21:10:07.745-306470-407503,346,false,2.609275173272096,1,1614.384761686392,1.0,1.0
2026-03-22T21:10:07.745-306470-407503,117,false,26.550821844845046,1,1614.384761686392,1.0,1.0
2026-03-22T21:10:07.745-306470-407503,768,false,151.96419355589026,1,1614.384761686392,1.0,1.0
2026-03-22T21:10:07.745-306470-407503,551,false,0.5623048452335656,1,1614.384761686392,1.0,1.0
2026-03-22T21:10:07.745-306470-407503,14,false,105.86501744292407,1,1614.384761686392,1.0,1.0
2026-03-22T21:10:07.745-306470-407503,164,false,7.1823132371904395,1,1614.384761686392,1.0,1.0
2026-03-22T21:10:07.745-306470-407503,577,false,4.71991893326357,1,1614.384761686392,1.0,1.0
2026-03-22T21:10:07.745-306470-407503,266,true,0.6062314959080751,1,1613.778530190484,1.0,0.0
2026-03-22T21:10:07.745-306470-407503,139,false,17.256676704484274,1,1613.778530190484,1.0,1.0
2026-03-22T21:10:07.745-306470-407503,607,false,1.987776630043402,1,1613.778530190484,1.0,1.0
2026-03-22T21:10:07.745-306470-407503,230,false,1.097884110489131,1,1613.778530190484,1.0,1.0
2026-03-22T21:10:07.745-306470-407503,291,false,14.261924266232784,1,1613.778530190484,1.0,1.0
2026-03-22T21:10:07.745-306470-407503,762,false,1.4346661387312527,1,1613.778530190484,1.0,1.0
2026-03-22T21:10:07.745-306470-407503,974,false,12.666362673270378,1,1613.778530190484,1.0,1.0
2026-03-22T21:10:07.745-306470-407503,307,false,0.027035733056691196,1,1613.778530190484,1.0,1.0
2026-03-22T21:10:07.745-306470-407503,591,false,5.1711690693675445,1,1613.778530190484,1.0,1.0
2026-03-22T21:10:07.745-306470-407503,798,false,133.84596658186464,1,1613.778530190484,1.0,1.0
2026-03-22T21:10:07.745-306470-407503,526,true,0.9232052513367979,1,1612.855324939147,1.0,0.0
2026-03-22T21:10:07.745-306470-407503,796,false,5.296841494322285,1,1612.855324939147,1.0,1.0
2026-03-22T21:10:07.745-306470-407503,240,false,7.903160574939918,1,1612.855324939147,1.0,1.0
2026-03-22T21:10:07.745-306470-407503,853,false,0.45548754306986455,1,1612.855324939147,1.0,1.0
2026-03-22T21:10:07.745-306470-407503,432,false,0.7196102942680269,1,1612.855324939147,1.0,1.0
2026-03-22T21:10:07.745-306470-407503,297,false,31.645868289098672,1,1612.855324939147,1.0,1.0
2026-03-22T21:10:07.745-306470-407503,383,false,0.7129867277076896,1,1612.855324939147,1.0,1.0
2026-03-22T21:10:07.745-306470-407503,183,true,55.63071448293287,1,1557.2246104562141,1.0,0.694
2026-03-22T21:10:07.745-306470-407503,94,false,2.104995643553066,1,1557.2246104562141,1.0,1.0
2026-03-22T21:10:07.745-306470-407503,15,false,5.549072958941276,1,1557.2246104562141,1.0,1.0
2026-03-22T21:10:07.745-306470-407503,583,false,0.47255342084547347,1,1557.2246104562141,1.0,1.0
2026-03-22T21:10:07.745-306470-407503,180,true,4.178094804216122,1,1553.046515651998,1.0,0.6859999999999999
2026-03-22T21:10:07.745-306470-407503,27,false,1.6072882079227624,1,1553.046515651998,1.0,1.0
2026-03-22T21:10:07.745-306470-407503,680,false,1.135617982323655,1,1553.046515651998,1.0,1.0
2026-03-22T21:10:07.745-306470-407503,938,false,3.989804451530277,1,1553.046515651998,1.0,1.0
2026-03-22T21:10:07.745-306470-407503,904,true,31.8280786340371,1,1521.218437017961,1.0,0.708
2026-03-22T21:10:07.745-306470-407503,20,false,0.7112385842725403,1,1521.218437017961,1.0,1.0
2026-03-22T21:10:07.745-306470-407503,632,false,16.839393859523522,1,1521.218437017961,1.0,1.0
2026-03-22T21:10:07.745-306470-407503,742,false,90.07470430648573,1,1521.218437017961,1.0,1.0
2026-03-22T21:10:07.745-306470-407503,611,false,5.6516239780180655,1,1521.218437017961,1.0,1.0
2026-03-22T21:10:07.745-306470-407503,335,false,1.8973384798742259,1,1521.218437017961,1.0,1.0
2026-03-22T21:10:07.745-306470-407503,510,false,8.704248806404658,1,1521.218437017961,1.0,1.0
2026-03-22T21:10:07.745-306470-407503,344,false,15.856420868136626,1,1521.218437017961,1.0,1.0
2026-03-22T21:10:07.745-306470-407503,719,false,1.3659370847930434,1,1521.218437017961,1.0,1.0
2026-03-22T21:10:07.745-306470-407503,659,false,0.1240724247237477,1,1521.218437017961,1.0,1.0
2026-03-22T21:10:07.745-306470-407503,306,true,3.6229227164019027,1,1517.595514301559,1.0,0.679
2026-03-22T21:10:07.745-306470-407503,736,true,5.00414432787625,1,1512.5913699736827,1.0,0.841
2026-03-22T21:10:07.745-306470-407503,482,false,4.560746185875722,1,1512.5913699736827,1.0,1.0
2026-03-22T21:10:07.745-306470-407503,957,false,2.967068374822296,1,1512.5913699736827,1.0,1.0
2026-03-22T21:10:07.745-306470-407503,567,false,1.5564395464793461,1,1512.5913699736827,1.0,1.0
2026-03-22T21:10:07.745-306470-407503,450,false,0.1475266996395015,1,1512.5913699736827,1.0,1.0
2026-03-22T21:10:07.745-306470-407503,711,false,13.269979292922441,1,1512.5913699736827,1.0,1.0
2026-03-22T21:10:07.745-306470-407503,909,false,3.0329622570126524,1,1512.5913699736827,1.0,1.0
2026-03-22T21:10:07.745-306470-407503,623,false,8.999881810297213,1,1512.5913699736827,1.0,1.0
2026-03-22T21:10:07.745-306470-407503,274,true,35.691223749967016,1,1476.9001462237156,1.0,0.7
2026-03-22T21:10:07.745-306470-407503,402,false,0.1390562582310181,1,1476.9001462237156,1.0,1.0
2026-03-22T21:10:07.745-306470-407503,88,false,0.9538390977761277,1,1476.9001462237156,1.0,1.0
2026-03-22T21:10:07.745-306470-407503,576,false,10.386625490331017,1,1476.9001462237156,1.0,1.0
2026-03-22T21:10:07.745-306470-407503,637,false,0.5172110881001936,1,1476.9001462237156,1.0,1.0
2026-03-22T21:10:07.745-306470-407503,805,false,4.311311615672319,1,1476.9001462237156,1.0,1.0
2026-03-22T21:10:07.745-306470-407503,54,false,213.80730142966007,1,1476.9001462237156,1.0,1.0
2026-03-22T21:10:07.745-306470-407503,217,false,3.2905275582086038,1,1476.9001462237156,1.0,1.0
2026-03-22T21:10:07.745-306470-407503,828,false,0.39307623735580344,1,1476.9001462237156,1.0,1.0
2026-03-22T21:10:07.745-306470-407503,228,false,2.699790914211555,1,1476.9001462237156,1.0,1.0
2026-03-22T21:10:07.745-306470-407503,793,false,6.76797976007192,1,1476.9001462237156,1.0,1.0
2026-03-22T21:10:07.745-306470-407503,668,false,4.267785776539625,1,1476.9001462237156,1.0,1.0
2026-03-22T21:10:07.745-306470-407503,990,false,3.151538515606438,1,1476.9001462237156,1.0,1.0
2026-03-22T21:10:07.745-306470-407503,92,false,26.823404580350786,1,1476.9001462237156,1.0,1.0
2026-03-22T21:10:07.745-306470-407503,498,false,0.39897788561502173,1,1476.9001462237156,1.0,1.0
2026-03-22T21:10:07.745-306470-407503,224,false,2.843829760780233,1,1476.9001462237156,1.0,1.0
2026-03-22T21:10:07.745-306470-407503,514,false,1.9506934811605745,1,1476.9001462237156,1.0,1.0
2026-03-22T21:10:07.745-306470-407503,184,true,3.2343654946525193,1,1473.665780729063,1.0,0.0050000000000000044
2026-03-22T21:10:07.745-306470-407503,21,false,99.01596443879777,1,1473.665780729063,1.0,1.0
2026-03-22T21:10:07.745-306470-407503,347,false,2.6252276250858237,1,1473.665780729063,1.0,1.0
2026-03-22T21:10:07.745-306470-407503,42,false,0.1316142715962861,1,1473.665780729063,1.0,1.0
2026-03-22T21:10:07.745-306470-407503,360,false,43.72239693305552,1,1473.665780729063,1.0,1.0
2026-03-22T21:10:07.745-306470-407503,959,false,0.643815378374547,1,1473.665780729063,1.0,1.0
2026-03-22T21:10:07.745-306470-407503,871,false,2.431989121827234,1,1473.665780729063,1.0,1.0
2026-03-22T21:10:07.745-306470-407503,323,false,2.899316630931777,1,1473.665780729063,1.0,1.0
2026-03-22T21:10:07.745-306470-407503,727,false,1.1204082481203061,1,1473.665780729063,1.0,1.0
2026-03-22T21:10:07.745-306470-407503,255,true,8.680903616536261,1,1464.9848771125269,1.0,0.0
2026-03-22T21:10:07.745-306470-407503,403,false,14.134480708383549,1,1464.9848771125269,1.0,1.0
2026-03-22T21:10:07.745-306470-407503,404,false,0.01752511476552468,1,1464.9848771125269,1.0,1.0
2026-03-22T21:10:07.745-306470-407503,204,true,116.18401696917167,1,1348.8008601433553,1.0,0.0
2026-03-22T21:10:07.745-306470-407503,670,false,625.308218570759,1,1348.8008601433553,1.0,1.0
2026-03-22T21:10:07.745-306470-407503,171,false,6.698158723421939,1,1348.8008601433553,1.0,1.0
2026-03-22T21:10:07.745-306470-407503,733,true,2.076527683894214,1,1346.724332459461,1.0,0.6890000000000001
2026-03-22T21:10:07.745-306470-407503,128,false,194.05793048972942,1,1346.724332459461,1.0,1.0
2026-03-22T21:10:07.745-306470-407503,564,false,6.6192730524487615,1,1346.724332459461,1.0,1.0
2026-03-22T21:10:07.745-306470-407503,374,false,6.303194466646583,1,1346.724332459461,1.0,1.0
2026-03-22T21:10:07.745-306470-407503,355,false,26.275651988256634,1,1346.724332459461,1.0,1.0
2026-03-22T21:10:07.745-306470-407503,263,true,1.7161496267862637,1,1345.0081828326747,1.0,0.0050000000000000044
2026-03-22T21:10:07.745-306470-407503,6,false,11.682791101751134,1,1345.0081828326747,1.0,1.0
2026-03-22T21:10:07.745-306470-407503,425,false,2.120601243192607,1,1345.0081828326747,1.0,1.0
2026-03-22T21:10:07.745-306470-407503,802,false,15.903468560272104,1,1345.0081828326747,1.0,1.0
2026-03-22T21:10:07.745-306470-407503,810,false,9.277713842999182,1,1345.0081828326747,1.0,1.0
2026-03-22T21:10:07.745-306470-407503,965,false,0.6347508109183375,1,1345.0081828326747,1.0,1.0
2026-03-22T21:10:07.745-306470-407503,542,true,2.3969930351932764,1,1342.6111897974815,1.0,0.0
2026-03-22T21:10:07.745-306470-407503,47,false,11.43265242967136,1,1342.6111897974815,1.0,1.0
2026-03-22T21:10:07.745-306470-407503,381,false,4.631914416549218,1,1342.6111897974815,1.0,1.0
2026-03-22T21:10:07.745-306470-407503,906,true,1.3986470920008298,1,1341.2125427054807,1.0,0.007000000000000006
2026-03-22T21:10:07.745-306470-407503,553,false,0.46624206340715785,1,1341.2125427054807,1.0,1.0
2026-03-22T21:10:07.745-306470-407503,948,false,12.695537873810968,1,1341.2125427054807,1.0,1.0
2026-03-22T21:10:07.745-306470-407503,809,false,18.294203073861453,1,1341.2125427054807,1.0,1.0
2026-03-22T21:10:07.745-306470-407503,566,false,1.9341332479350974,1,1341.2125427054807,1.0,1.0
2026-03-22T21:10:07.745-306470-407503,875,false,7.969210778024255,1,1341.2125427054807,1.0,1.0
2026-03-22T21:10:07.745-306470-407503,758,true,0.6082835280412063,1,1340.6042591774394,1.0,0.0020000000000000018
2026-03-22T21:10:07.745-306470-407503,950,false,75.52445293280842,1,1340.6042591774394,1.0,1.0
2026-03-22T21:10:07.745-306470-407503,879,true,5.961579788346774,1,1334.6426793890926,1.0,0.999
2026-03-22T21:10:07.745-306470-407503,766,false,0.14418700430507822,1,1334.6426793890926,1.0,1.0
2026-03-22T21:10:07.745-306470-407503,641,false,10.301094623264214,1,1334.6426793890926,1.0,1.0
2026-03-22T21:10:07.745-306470-407503,605,false,1.277429612735912,1,1334.6426793890926,1.0,1.0
2026-03-22T21:10:07.745-306470-407503,354,false,283.578663462563,1,1334.6426793890926,1.0,1.0
2026-03-22T21:10:07.745-306470-407503,480,false,0.36327515516135184,1,1334.6426793890926,1.0,1.0
2026-03-22T21:10:07.745-306470-407503,744,false,1.1424477872794117,1,1334.6426793890926,1.0,1.0
2026-03-22T21:10:07.745-306470-407503,380,false,9.259410788598837,1,1334.6426793890926,1.0,1.0
2026-03-22T21:10:07.745-306470-407503,776,false,0.29210407159583096,1,1334.6426793890926,1.0,1.0
2026-03-22T21:10:07.745-306470-407503,608,true,56.23389347491748,1,1278.408785914175,1.0,0.999
2026-03-22T21:10:07.745-306470-407503,844,true,15.421779695505716,1,1262.9870062186694,1.0,0.845
2026-03-22T21:10:07.745-306470-407503,97,false,2.0720606459064728,1,1262.9870062186694,1.0,1.0
2026-03-22T21:10:07.745-306470-407503,749,true,1.8184092543777732,1,1261.1685969642917,1.0,0.846
2026-03-22T21:10:07.745-306470-407503,895,true,3.7710587538019977,1,1257.3975382104898,1.0,0.0
2026-03-22T21:10:07.745-306470-407503,843,true,26.19013212215437,1,1231.2074060883353,1.0,0.7050000000000001
2026-03-22T21:10:07.745-306470-407503,984,false,18.274317799026775,1,1231.2074060883353,1.0,1.0
2026-03-22T21:10:07.745-306470-407503,813,false,5.305981136014729,1,1231.2074060883353,1.0,1.0
2026-03-22T21:10:07.745-306470-407503,296,false,0.7194793597328828,1,1231.2074060883353,1.0,1.0
2026-03-22T21:10:07.745-306470-407503,378,false,5.034607478346039,1,1231.2074060883353,1.0,1.0
2026-03-22T21:10:07.745-306470-407503,157,false,0.014879650496411602,1,1231.2074060883353,1.0,1.0
2026-03-22T21:10:07.745-306470-407503,912,false,3.1860918418629116,1,1231.2074060883353,1.0,1.0
2026-03-22T21:10:07.745-306470-407503,74,false,13.33227752214652,1,1231.2074060883353,1.0,1.0
2026-03-22T21:10:07.745-306470-407503,949,false,37.19212237984747,1,1231.2074060883353,1.0,1.0
2026-03-22T21:10:07.745-306470-407503,738,false,0.18513430661191693,1,1231.2074060883353,1.0,1.0
2026-03-22T21:10:07.745-306470-407503,232,false,2.984225027709407,1,1231.2074060883353,1.0,1.0
2026-03-22T21:10:07.745-306470-407503,997,false,2.4631875252889692,1,1231.2074060883353,1.0,1.0
2026-03-22T21:10:07.745-306470-407503,642,false,0.5298972899506708,1,1231.2074060883353,1.0,1.0
2026-03-22T21:10:07.745-306470-407503,869,false,0.1686097681217919,1,1231.2074060883353,1.0,1.0
2026-03-22T21:10:07.745-306470-407503,243,true,34.855838661331745,1,1196.3515674270036,1.0,0.708
2026-03-22T21:10:07.745-306470-407503,560,false,148.32953629531912,1,1196.3515674270036,1.0,1.0
2026-03-22T21:10:07.745-306470-407503,191,true,4.577386957734968,1,1191.7741804692687,1.0,0.0010000000000000009
2026-03-22T21:10:07.745-306470-407503,284,false,2.171944070009299,1,1191.7741804692687,1.0,1.0
2026-03-22T21:10:07.745-306470-407503,350,false,2.2066343697837394,1,1191.7741804692687,1.0,1.0
2026-03-22T21:10:07.745-306470-407503,945,false,119.85589148698486,1,1191.7741804692687,1.0,1.0
2026-03-22T21:10:07.745-306470-407503,287,false,7.041538259811142,1,1191.7741804692687,1.0,1.0
2026-03-22T21:10:07.745-306470-407503,467,false,5.453257828507434,1,1191.7741804692687,1.0,1.0
2026-03-22T21:10:07.745-306470-407503,368,false,0.5905287580238531,1,1191.7741804692687,1.0,1.0
2026-03-22T21:10:07.745-306470-407503,36,false,7.34237911311142,1,1191.7741804692687,1.0,1.0
2026-03-22T21:10:07.745-306470-407503,504,false,4.010683042633171,1,1191.7741804692687,1.0,1.0
2026-03-22T21:10:07.745-306470-407503,590,false,0.863627857079405,1,1191.7741804692687,1.0,1.0
2026-03-22T21:10:07.745-306470-407503,852,false,39.048244118367776,1,1191.7741804692687,1.0,1.0
2026-03-22T21:10:07.745-306470-407503,830,false,7.044340489735619,1,1191.7741804692687,1.0,1.0
2026-03-22T21:10:07.745-306470-407503,927,false,4.545312483805656,1,1191.7741804692687,1.0,1.0
2026-03-22T21:10:07.745-306470-407503,833,false,6.8823472215605,1,1191.7741804692687,1.0,1.0
2026-03-22T21:10:07.745-306470-407503,773,false,0.5350034003896338,1,1191.7741804692687,1.0,1.0
2026-03-22T21:10:07.745-306470-407503,546,true,1.7732640035405995,1,1190.000916465728,1.0,0.865
2026-03-22T21:10:07.745-306470-407503,983,false,0.846262875119938,1,1190.000916465728,1.0,1.0
2026-03-22T21:10:07.745-306470-407503,136,false,0.9271017906315098,1,1190.000916465728,1.0,1.0
2026-03-22T21:10:07.745-306470-407503,3,false,1.2941258733395096,1,1190.000916465728,1.0,1.0
2026-03-22T21:10:07.745-306470-407503,104,true,3.172921096196889,1,1186.8279953695312,1.0,0.9390000000000001
2026-03-22T21:10:07.745-306470-407503,823,false,5.69883308060338,1,1186.8279953695312,1.0,1.0
2026-03-22T21:10:07.745-306470-407503,213,false,2.6741927807881103,1,1186.8279953695312,1.0,1.0
2026-03-22T21:10:07.745-306470-407503,309,true,32.822872226179186,1,1154.005123143352,1.0,0.0
2026-03-22T21:10:07.745-306470-407503,112,false,17.952551441865666,1,1154.005123143352,1.0,1.0
2026-03-22T21:10:07.745-306470-407503,519,false,15.170868353583767,1,1154.005123143352,1.0,1.0
2026-03-22T21:10:07.745-306470-407503,446,false,5.091265385248055,1,1154.005123143352,1.0,1.0
2026-03-22T21:10:07.745-306470-407503,572,false,3.422712453707416,1,1154.005123143352,1.0,1.0
2026-03-22T21:10:07.745-306470-407503,726,false,39.70854219136529,1,1154.005123143352,1.0,1.0
2026-03-22T21:10:07.745-306470-407503,182,true,5.257447026219733,1,1148.7476761171322,1.0,0.0
2026-03-22T21:10:07.745-306470-407503,784,false,0.032276042690617054,1,1148.7476761171322,1.0,1.0
2026-03-22T21:10:07.745-306470-407503,839,false,4.757966496905932,1,1148.7476761171322,1.0,1.0
2026-03-22T21:10:07.745-306470-407503,483,false,0.3483441502008498,1,1148.7476761171322,1.0,1.0
2026-03-22T21:10:07.745-306470-407503,868,false,10.26987432448396,1,1148.7476761171322,1.0,1.0
2026-03-22T21:10:07.745-306470-407503,887,true,9.903864338796097,1,1138.8438117783362,1.0,0.861
2026-03-22T21:10:07.745-306470-407503,932,false,32.241984198857,1,1138.8438117783362,1.0,1.0
2026-03-22T21:10:07.745-306470-407503,820,false,0.09046447223253465,1,1138.8438117783362,1.0,1.0
2026-03-22T21:10:07.745-306470-407503,38,false,0.21909916681471908,1,1138.8438117783362,1.0,1.0
2026-03-22T21:10:07.745-306470-407503,337,false,88.61225441334896,1,1138.8438117783362,1.0,1.0
2026-03-22T21:10:07.745-306470-407503,739,false,0.14238853824410883,1,1138.8438117783362,1.0,1.0
2026-03-22T21:10:07.745-306470-407503,26,false,0.026831666797777712,1,1138.8438117783362,1.0,1.0
2026-03-22T21:10:07.745-306470-407503,901,true,70.20552919992775,1,1068.6382825784085,1.0,0.0
2026-03-22T21:10:07.745-306470-407503,851,false,6.700801243819289,1,1068.6382825784085,1.0,1.0
2026-03-22T21:10:07.745-306470-407503,201,true,10.152704244633808,1,1058.4855783337748,1.0,0.0
2026-03-22T21:10:07.745-306470-407503,118,false,27.778138912022158,1,1058.4855783337748,1.0,1.0
2026-03-22T21:10:07.745-306470-407503,39,false,60.65962720247165,1,1058.4855783337748,1.0,1.0
2026-03-22T21:10:07.745-306470-407503,317,true,5.290739221110133,1,1053.1948391126646,1.0,0.0
2026-03-22T21:10:07.745-306470-407503,64,false,1003.3983698421481,1,1053.1948391126646,1.0,1.0
2026-03-22T21:10:07.745-306470-407503,654,false,2.0270873673048593,1,1053.1948391126646,1.0,1.0
2026-03-22T21:10:07.745-306470-407503,561,false,0.07829341118950092,1,1053.1948391126646,1.0,1.0
2026-03-22T21:10:07.745-306470-407503,732,true,9.598392397222025,1,1043.5964467154427,1.0,0.69
2026-03-22T21:10:07.745-306470-407503,966,false,0.4250529227303376,1,1043.5964467154427,1.0,1.0
2026-03-22T21:10:07.745-306470-407503,625,false,5.391632070335249,1,1043.5964467154427,1.0,1.0
2026-03-22T21:10:07.745-306470-407503,310,true,0.4456442284698077,1,1043.150802486973,1.0,0.0
2026-03-22T21:10:07.745-306470-407503,745,false,2.2091065621369523,1,1043.150802486973,1.0,1.0
2026-03-22T21:10:07.745-306470-407503,663,false,2.6589974846025775,1,1043.150802486973,1.0,1.0
2026-03-22T21:10:07.745-306470-407503,220,false,1.8676665056081685,1,1043.150802486973,1.0,1.0
2026-03-22T21:10:07.745-306470-407503,340,false,0.5020613841429944,1,1043.150802486973,1.0,1.0
2026-03-22T21:10:07.745-306470-407503,544,true,0.2682005904978204,1,1042.882601896475,1.0,0.0
2026-03-22T21:10:07.745-306470-407503,127,false,1.5860276008369352,1,1042.882601896475,1.0,1.0
2026-03-22T21:10:07.745-306470-407503,856,false,6.967592870334068,1,1042.882601896475,1.0,1.0
2026-03-22T21:10:07.745-306470-407503,964,false,10.170583900217002,1,1042.882601896475,1.0,1.0
2026-03-22T21:10:07.745-306470-407503,992,false,22.15047505680968,1,1042.882601896475,1.0,1.0
2026-03-22T21:10:07.745-306470-407503,313,true,5.9063662920768545,1,1036.9762356043982,1.0,0.0
2026-03-22T21:10:07.745-306470-407503,140,false,5.33642439711018,1,1036.9762356043982,1.0,1.0
2026-03-22T21:10:07.745-306470-407503,168,false,4.681586517462168,1,1036.9762356043982,1.0,1.0
2026-03-22T21:10:07.745-306470-407503,379,false,0.9393965353710219,1,1036.9762356043982,1.0,1.0
2026-03-22T21:10:07.745-306470-407503,445,false,0.3604154014702086,1,1036.9762356043982,1.0,1.0
2026-03-22T21:10:07.745-306470-407503,198,true,1.3731432565111783,1,1035.603092347887,1.0,0.0
2026-03-22T21:10:07.745-306470-407503,419,false,2.3994749144695358,1,1035.603092347887,1.0,1.0
2026-03-22T21:10:07.745-306470-407503,585,true,7.176560739474964,1,1028.426531608412,1.0,0.848
2026-03-22T21:10:07.745-306470-407503,847,false,0.1285905610397327,1,1028.426531608412,1.0,1.0
2026-03-22T21:10:07.745-306470-407503,917,false,1.7641246072252241,1,1028.426531608412,1.0,1.0
2026-03-22T21:10:07.745-306470-407503,73,false,0.09283470484586283,1,1028.426531608412,1.0,1.0
2026-03-22T21:10:07.745-306470-407503,876,true,2.394401418835015,1,1026.032130189577,1.0,0.845
2026-03-22T21:10:07.745-306470-407503,961,false,28.27964431987213,1,1026.032130189577,1.0,1.0
2026-03-22T21:10:07.745-306470-407503,165,false,1.510451896666136,1,1026.032130189577,1.0,1.0
2026-03-22T21:10:07.745-306470-407503,808,false,0.7488619818931175,1,1026.032130189577,1.0,1.0
2026-03-22T21:10:07.745-306470-407503,671,false,5.294312393443923,1,1026.032130189577,1.0,1.0
2026-03-22T21:10:07.745-306470-407503,107,true,0.8673396220707928,2,1025.164790567506,1.0,0.6950000000000001
2026-03-22T21:10:07.745-306470-407503,794,false,4.82273189504983,2,1025.164790567506,1.0,1.0
2026-03-22T21:10:07.745-306470-407503,880,true,11.247131095153183,2,1013.9176594723529,1.0,0.7090000000000001
2026-03-22T21:10:07.745-306470-407503,194,true,6.76823293395174,2,1007.1494265384011,1.0,0.0
2026-03-22T21:10:07.745-306470-407503,744,false,1.1424477872794117,2,1007.1494265384011,1.0,1.0
2026-03-22T21:10:07.745-306470-407503,19,false,1.2149918851718362,2,1007.1494265384011,1.0,1.0
2026-03-22T21:10:07.745-306470-407503,545,true,12.720940892557447,2,994.4284856458437,1.0,0.0
2026-03-22T21:10:07.745-306470-407503,883,true,5.230523584213893,2,989.1979620616298,1.0,0.702
2026-03-22T21:10:07.745-306470-407503,922,false,12.961370313864427,2,989.1979620616298,1.0,1.0
2026-03-22T21:10:07.745-306470-407503,217,false,3.2905275582086038,2,989.1979620616298,1.0,1.0
2026-03-22T21:10:07.745-306470-407503,655,false,10.923162269675968,2,989.1979620616298,1.0,1.0
2026-03-22T21:10:07.745-306470-407503,917,false,1.7641246072252241,2,989.1979620616298,1.0,1.0
2026-03-22T21:10:07.745-306470-407503,439,false,4.305320574203382,2,989.1979620616298,1.0,1.0
2026-03-22T21:10:07.745-306470-407503,484,false,0.20896894628420426,2,989.1979620616298,1.0,1.0
2026-03-22T21:10:07.745-306470-407503,302,false,1.1751499174072861,2,989.1979620616298,1.0,1.0
2026-03-22T21:10:07.745-306470-407503,765,false,21.73123682568564,2,989.1979620616298,1.0,1.0
2026-03-22T21:10:07.745-306470-407503,877,true,11.543668360175932,2,977.6542937014539,1.0,0.0
2026-03-22T21:10:07.745-306470-407503,291,false,14.261924266232784,2,977.6542937014539,1.0,1.0
2026-03-22T21:10:07.745-306470-407503,659,false,0.1240724247237477,2,977.6542937014539,1.0,1.0
2026-03-22T21:10:07.745-306470-407503,448,false,4.6332953878277685,2,977.6542937014539,1.0,1.0
2026-03-22T21:10:07.745-306470-407503,806,false,2.3050889353869635,2,977.6542937014539,1.0,1.0
2026-03-22T21:10:07.745-306470-407503,662,false,6.734476280565104,2,977.6542937014539,1.0,1.0
2026-03-22T21:10:07.745-306470-407503,131,false,0.28756589229586865,2,977.6542937014539,1.0,1.0
2026-03-22T21:10:07.745-306470-407503,577,false,4.71991893326357,2,977.6542937014539,1.0,1.0
2026-03-22T21:10:07.745-306470-407503,977,false,9.583846292976249,2,977.6542937014539,1.0,1.0
2026-03-22T21:10:07.745-306470-407503,606,true,14.345474578554846,2,963.308819122899,1.0,0.6859999999999999
2026-03-22T21:10:07.745-306470-407503,940,false,3.0392399652256987,2,963.308819122899,1.0,1.0
2026-03-22T21:10:07.745-306470-407503,11,false,7.753841956520938,2,963.308819122899,1.0,1.0
2026-03-22T21:10:07.745-306470-407503,164,false,7.1823132371904395,2,963.308819122899,1.0,1.0
2026-03-22T21:10:07.745-306470-407503,393,false,0.07646584713331535,2,963.308819122899,1.0,1.0
2026-03-22T21:10:07.745-306470-407503,336,false,3.831674449109413,2,963.308819122899,1.0,1.0
2026-03-22T21:10:07.745-306470-407503,798,false,133.84596658186464,2,963.308819122899,1.0,1.0
2026-03-22T21:10:07.745-306470-407503,24,false,0.9511169574197609,2,963.308819122899,1.0,1.0
2026-03-22T21:10:07.745-306470-407503,965,false,0.6347508109183375,2,963.308819122899,1.0,1.0
2026-03-22T21:10:07.745-306470-407503,187,true,0.4987077499100146,2,962.8101113729889,1.0,0.0
2026-03-22T21:10:07.745-306470-407503,390,true,12.881360498658927,2,949.9287508743299,1.0,0.0030000000000000027
2026-03-22T21:10:07.745-306470-407503,240,true,7.903160574939918,2,942.02559029939,1.0,0.7110000000000001
2026-03-22T21:10:07.745-306470-407503,973,false,0.20512868049730074,2,942.02559029939,1.0,1.0
2026-03-22T21:10:07.745-306470-407503,556,false,16.787942858415615,2,942.02559029939,1.0,1.0
2026-03-22T21:10:07.745-306470-407503,575,false,10.176147192667488,2,942.02559029939,1.0,1.0
2026-03-22T21:10:07.745-306470-407503,304,true,1.3460947487518098,2,940.6794955506382,1.0,0.722
2026-03-22T21:10:07.745-306470-407503,788,false,15.830847720775377,2,940.6794955506382,1.0,1.0
2026-03-22T21:10:07.745-306470-407503,711,false,13.269979292922441,2,940.6794955506382,1.0,1.0
2026-03-22T21:10:07.745-306470-407503,17,false,0.5495094748343455,2,940.6794955506382,1.0,1.0
2026-03-22T21:10:07.745-306470-407503,952,false,0.3353709452945862,2,940.6794955506382,1.0,1.0
2026-03-22T21:10:07.745-306470-407503,997,false,2.4631875252889692,2,940.6794955506382,1.0,1.0
2026-03-22T21:10:07.745-306470-407503,51,false,130.55894041465842,2,940.6794955506382,1.0,1.0
2026-03-22T21:10:07.745-306470-407503,355,false,26.275651988256634,2,940.6794955506382,1.0,1.0
2026-03-22T21:10:07.745-306470-407503,968,false,10.487062002740053,2,940.6794955506382,1.0,1.0
2026-03-22T21:10:07.745-306470-407503,939,false,4.332690066116355,2,940.6794955506382,1.0,1.0
2026-03-22T21:10:07.745-306470-407503,757,false,0.04546179697482064,2,940.6794955506382,1.0,1.0
2026-03-22T21:10:07.745-306470-407503,54,false,213.80730142966007,2,940.6794955506382,1.0,1.0
2026-03-22T21:10:07.745-306470-407503,605,true,1.277429612735912,2,939.4020659379023,1.0,0.0020000000000000018
2026-03-22T21:10:07.745-306470-407503,979,false,0.8327603102736938,2,939.4020659379023,1.0,1.0
2026-03-22T21:10:07.745-306470-407503,555,false,0.9864431382896695,2,939.4020659379023,1.0,1.0
2026-03-22T21:10:07.745-306470-407503,466,false,17.388688675232753,2,939.4020659379023,1.0,1.0
2026-03-22T21:10:07.745-306470-407503,716,false,11.201954342283845,2,939.4020659379023,1.0,1.0
2026-03-22T21:10:07.745-306470-407503,710,false,8.137221673065644,2,939.4020659379023,1.0,1.0
2026-03-22T21:10:07.745-306470-407503,709,false,30.050982787268495,2,939.4020659379023,1.0,1.0
2026-03-22T21:10:07.745-306470-407503,235,false,1.9742625665582816,2,939.4020659379023,1.0,1.0
2026-03-22T21:10:07.745-306470-407503,139,false,17.256676704484274,2,939.4020659379023,1.0,1.0
2026-03-22T21:10:07.745-306470-407503,519,false,15.170868353583767,2,939.4020659379023,1.0,1.0
2026-03-22T21:10:07.745-306470-407503,460,false,8.851710425112769,2,939.4020659379023,1.0,1.0
2026-03-22T21:10:07.745-306470-407503,345,false,2.671105252761055,2,939.4020659379023,1.0,1.0
2026-03-22T21:10:07.745-306470-407503,94,false,2.104995643553066,2,939.4020659379023,1.0,1.0
2026-03-22T21:10:07.745-306470-407503,557,false,16.04435066300026,2,939.4020659379023,1.0,1.0
2026-03-22T21:10:07.745-306470-407503,868,false,10.26987432448396,2,939.4020659379023,1.0,1.0
2026-03-22T21:10:07.745-306470-407503,591,false,5.1711690693675445,2,939.4020659379023,1.0,1.0
2026-03-22T21:10:07.745-306470-407503,349,true,8.289081745103758,2,931.1129841927985,1.0,0.85
2026-03-22T21:10:07.745-306470-407503,344,false,15.856420868136626,2,931.1129841927985,1.0,1.0
2026-03-22T21:10:07.745-306470-407503,143,false,9.835910534532552,2,931.1129841927985,1.0,1.0
2026-03-22T21:10:07.745-306470-407503,74,false,13.33227752214652,2,931.1129841927985,1.0,1.0
2026-03-22T21:10:07.745-306470-407503,520,true,50.76660142679231,2,880.3463827660062,1.0,0.7010000000000001
2026-03-22T21:10:07.745-306470-407503,573,false,0.7584684496944787,2,880.3463827660062,1.0,1.0
2026-03-22T21:10:07.745-306470-407503,170,false,6.0598855660431985,2,880.3463827660062,1.0,1.0
2026-03-22T21:10:07.745-306470-407503,137,false,0.037451495759419653,2,880.3463827660062,1.0,1.0
2026-03-22T21:10:07.745-306470-407503,888,true,4.8396936794983,2,875.5066890865079,1.0,0.0
2026-03-22T21:10:07.745-306470-407503,490,false,8.792594602435985,2,875.5066890865079,1.0,1.0
2026-03-22T21:10:07.745-306470-407503,905,true,0.29574065200592026,2,875.2109484345019,1.0,0.0
2026-03-22T21:10:07.745-306470-407503,754,false,0.021268799123955504,2,875.2109484345019,1.0,1.0
2026-03-22T21:10:07.745-306470-407503,429,false,2.521242854502324,2,875.2109484345019,1.0,1.0
2026-03-22T21:10:07.745-306470-407503,782,false,0.5544847308875093,2,875.2109484345019,1.0,1.0
2026-03-22T21:10:07.745-306470-407503,673,false,4.562623142212451,2,875.2109484345019,1.0,1.0
2026-03-22T21:10:07.745-306470-407503,227,false,0.12279519773609965,2,875.2109484345019,1.0,1.0
2026-03-22T21:10:07.745-306470-407503,338,false,1.212278865334867,2,875.2109484345019,1.0,1.0
2026-03-22T21:10:07.745-306470-407503,739,false,0.14238853824410883,2,875.2109484345019,1.0,1.0
2026-03-22T21:10:07.745-306470-407503,562,false,0.29294447625463776,2,875.2109484345019,1.0,1.0
2026-03-22T21:10:07.745-306470-407503,73,false,0.09283470484586283,2,875.2109484345019,1.0,1.0
2026-03-22T21:10:07.745-306470-407503,77,false,15.66875931812166,2,875.2109484345019,1.0,1.0
2026-03-22T21:10:07.745-306470-407503,499,false,9.072092131826626,2,875.2109484345019,1.0,1.0
2026-03-22T21:10:07.745-306470-407503,454,false,116.11063762198752,2,875.2109484345019,1.0,1.0
2026-03-22T21:10:07.745-306470-407503,481,false,10.398254971784251,2,875.2109484345019,1.0,1.0
2026-03-22T21:10:07.745-306470-407503,482,false,4.560746185875722,2,875.2109484345019,1.0,1.0
2026-03-22T21:10:07.745-306470-407503,950,false,75.52445293280842,2,875.2109484345019,1.0,1.0
2026-03-22T21:10:07.745-306470-407503,26,false,0.026831666797777712,2,875.2109484345019,1.0,1.0
2026-03-22T21:10:07.745-306470-407503,786,false,2.9088567789738997,2,875.2109484345019,1.0,1.0
2026-03-22T21:10:07.745-306470-407503,362,false,77.82326948480298,2,875.2109484345019,1.0,1.0
2026-03-22T21:10:07.745-306470-407503,506,false,1.1999063035219828,2,875.2109484345019,1.0,1.0
2026-03-22T21:10:07.745-306470-407503,598,false,0.6895840117945236,2,875.2109484345019,1.0,1.0
2026-03-22T21:10:07.745-306470-407503,635,false,0.10948637948770513,2,875.2109484345019,1.0,1.0
2026-03-22T21:10:07.745-306470-407503,738,false,0.18513430661191693,2,875.2109484345019,1.0,1.0
2026-03-22T21:10:07.745-306470-407503,814,false,0.02692997122331092,2,875.2109484345019,1.0,1.0
2026-03-22T21:10:07.745-306470-407503,850,true,23.68945779329216,2,851.5214906412098,1.0,0.853
2026-03-22T21:10:07.745-306470-407503,273,true,11.63048058862244,2,839.8910100525874,1.0,0.03700000000000003
2026-03-22T21:10:07.745-306470-407503,18,false,2.2919669564981997,2,839.8910100525874,1.0,1.0
2026-03-22T21:10:07.745-306470-407503,946,false,3.681442031655626,2,839.8910100525874,1.0,1.0
2026-03-22T21:10:07.745-306470-407503,505,false,0.7111878775006484,2,839.8910100525874,1.0,1.0
2026-03-22T21:10:07.745-306470-407503,609,true,1.1705091891274433,2,838.72050086346,1.0,0.0010000000000000009
2026-03-22T21:10:07.745-306470-407503,687,false,247.956147042013,2,838.72050086346,1.0,1.0
2026-03-22T21:10:07.745-306470-407503,759,true,0.43465359638295537,2,838.285847267077,1.0,0.0010000000000000009
2026-03-22T21:10:07.745-306470-407503,494,false,22.755797026822446,2,838.285847267077,1.0,1.0
2026-03-22T21:10:07.745-306470-407503,726,false,39.70854219136529,2,838.285847267077,1.0,1.0
2026-03-22T21:10:07.745-306470-407503,559,false,0.20173282154834812,2,838.285847267077,1.0,1.0
2026-03-22T21:10:07.745-306470-407503,37,false,0.14364650480864144,2,838.285847267077,1.0,1.0
2026-03-22T21:10:07.745-306470-407503,737,true,5.370482639721943,2,832.9153646273551,1.0,0.6970000000000001
2026-03-22T21:10:07.745-306470-407503,666,false,0.6638759988897446,2,832.9153646273551,1.0,1.0
2026-03-22T21:10:07.745-306470-407503,212,false,17.9988619426128,2,832.9153646273551,1.0,1.0
2026-03-22T21:10:07.745-306470-407503,265,true,0.2914708775861527,2,832.623893749769,1.0,0.0
2026-03-22T21:10:07.745-306470-407503,276,true,0.6457267679141033,2,831.9781669818549,1.0,0.0020000000000000018
2026-03-22T21:10:07.745-306470-407503,84,false,0.2576040109632174,2,831.9781669818549,1.0,1.0
2026-03-22T21:10:07.745-306470-407503,740,true,0.2690063508953757,2,831.7091606309596,1.0,0.704
2026-03-22T21:10:07.745-306470-407503,839,false,4.757966496905932,2,831.7091606309596,1.0,1.0
2026-03-22T21:10:07.745-306470-407503,100,false,5.76893769850646,2,831.7091606309596,1.0,1.0
2026-03-22T21:10:07.745-306470-407503,452,false,0.8043844525652537,2,831.7091606309596,1.0,1.0
2026-03-22T21:10:07.745-306470-407503,71,false,5.056463554633777,2,831.7091606309596,1.0,1.0
2026-03-22T21:10:07.745-306470-407503,491,false,13.645795027051577,2,831.7091606309596,1.0,1.0
2026-03-22T21:10:07.745-306470-407503,668,false,4.267785776539625,2,831.7091606309596,1.0,1.0
2026-03-22T21:10:07.745-306470-407503,751,true,112.49410135496834,2,719.2150592759913,1.0,0.0
2026-03-22T21:10:07.745-306470-407503,440,false,3.462805592549562,2,719.2150592759913,1.0,1.0
2026-03-22T21:10:07.745-306470-407503,60,false,10.357140109420689,2,719.2150592759913,1.0,1.0
2026-03-22T21:10:07.745-306470-407503,473,false,0.11145725493341813,2,719.2150592759913,1.0,1.0
2026-03-22T21:10:07.745-306470-407503,835,false,0.7635874970834806,2,719.2150592759913,1.0,1.0
2026-03-22T21:10:07.745-306470-407503,426,false,197.3301761081437,2,719.2150592759913,1.0,1.0
2026-03-22T21:10:07.745-306470-407503,689,false,0.12853849235622625,2,719.2150592759913,1.0,1.0
2026-03-22T21:10:07.745-306470-407503,734,true,36.42537221817004,2,682.7896870578212,1.0,0.0
2026-03-22T21:10:07.745-306470-407503,919,false,1.1224616398929435,2,682.7896870578212,1.0,1.0
2026-03-22T21:10:07.745-306470-407503,960,false,1.603152442356628,2,682.7896870578212,1.0,1.0
2026-03-22T21:10:07.745-306470-407503,595,false,0.25036271556000417,2,682.7896870578212,1.0,1.0
2026-03-22T21:10:07.745-306470-407503,943,false,3.8549215553721528,2,682.7896870578212,1.0,1.0
2026-03-22T21:10:07.745-306470-407503,728,false,0.3805956823865515,2,682.7896870578212,1.0,1.0
2026-03-22T21:10:07.745-306470-407503,648,false,0.7375975693849691,2,682.7896870578212,1.0,1.0
2026-03-22T21:10:07.745-306470-407503,153,false,18.643307029396503,2,682.7896870578212,1.0,1.0
2026-03-22T21:10:07.745-306470-407503,572,false,3.422712453707416,2,682.7896870578212,1.0,1.0
2026-03-22T21:10:07.745-306470-407503,436,false,12.16261274452484,2,682.7896870578212,1.0,1.0
2026-03-22T21:10:07.745-306470-407503,730,true,18.50302348932452,2,664.2866635684967,1.0,0.0020000000000000018
2026-03-22T21:10:07.745-306470-407503,971,false,31.848309470955943,2,664.2866635684967,1.0,1.0
2026-03-22T21:10:07.745-306470-407503,800,false,0.11201984645373907,2,664.2866635684967,1.0,1.0
2026-03-22T21:10:07.745-306470-407503,431,false,9.636878688320458,2,664.2866635684967,1.0,1.0
2026-03-22T21:10:07.745-306470-407503,173,false,1.2815282559784043,2,664.2866635684967,1.0,1.0
2026-03-22T21:10:07.745-306470-407503,663,false,2.6589974846025775,2,664.2866635684967,1.0,1.0
2026-03-22T21:10:07.745-306470-407503,358,false,0.22815335559055275,2,664.2866635684967,1.0,1.0
2026-03-22T21:10:07.745-306470-407503,320,true,10.234455608956917,2,654.0522079595398,1.0,0.03700000000000003
2026-03-22T21:10:07.745-306470-407503,307,false,0.027035733056691196,2,654.0522079595398,1.0,1.0
2026-03-22T21:10:07.745-306470-407503,878,true,37.893905705842805,2,616.158302253697,1.0,0.0
2026-03-22T21:10:07.745-306470-407503,746,true,530.9294248355461,2,85.22887741815089,1.0,0.546
2026-03-22T21:10:07.745-306470-407503,242,true,31.955139352201353,2,53.27373806594953,1.0,0.0
2026-03-22T21:10:07.745-306470-407503,464,false,60.77839879094486,2,53.27373806594953,1.0,1.0
2026-03-22T21:10:07.745-306470-407503,615,false,3.191490124315299,2,53.27373806594953,1.0,1.0
2026-03-22T21:10:07.745-306470-407503,53,false,21.59465767613492,2,53.27373806594953,1.0,1.0
2026-03-22T21:10:07.745-306470-407503,832,false,7.623290859709899,2,53.27373806594953,1.0,1.0
2026-03-22T21:10:07.745-306470-407503,348,true,24.94342324598658,2,28.33031481996295,1.0,0.854
2026-03-22T21:10:07.745-306470-407503,229,false,9.035327179191954,2,28.33031481996295,1.0,1.0
2026-03-22T21:10:07.745-306470-407503,581,false,11.569052850267655,2,28.33031481996295,1.0,1.0
2026-03-22T21:10:07.745-306470-407503,821,false,22.4809317296092,2,28.33031481996295,1.0,1.0
2026-03-22T21:10:07.745-306470-407503,750,true,1.5343672472376548,2,26.795947572725296,1.0,0.0
2026-03-22T21:10:07.745-306470-407503,166,false,0.8680981205375208,2,26.795947572725296,1.0,1.0
2026-03-22T21:10:07.745-306470-407503,799,false,31.10985782103056,2,26.795947572725296,1.0,1.0
2026-03-22T21:10:07.745-306470-407503,360,false,43.72239693305552,2,26.795947572725296,1.0,1.0
2026-03-22T21:10:07.745-306470-407503,138,false,0.7180692703400321,2,26.795947572725296,1.0,1.0
2026-03-22T21:10:07.745-306470-407503,123,false,0.5155245538950954,2,26.795947572725296,1.0,1.0
2026-03-22T21:10:07.745-306470-407503,319,true,1.7877689708490898,2,25.008178601876207,1.0,0.0
2026-03-22T21:10:07.745-306470-407503,83,false,0.5568467847703775,2,25.008178601876207,1.0,1.0
2026-03-22T21:10:07.745-306470-407503,834,false,1.5132900964003355,2,25.008178601876207,1.0,1.0
2026-03-22T21:10:07.745-306470-407503,848,true,108.20114534832037,2,-83.19296674644416,1.0,0.8280000000000001
2026-03-22T21:10:07.745-868789-520663,81,false,0.7893488528754514,1,4743.622911492892,1.0,1.0
2026-03-22T21:10:07.745-868789-520663,267,false,39.06779626159838,1,4743.622911492892,1.0,1.0
2026-03-22T21:10:07.745-868789-520663,757,false,1.9485148031352744,1,4743.622911492892,1.0,1.0
2026-03-22T21:10:07.745-868789-520663,651,true,2.9184587010137286,1,4740.704452791878,1.0,0.628
2026-03-22T21:10:07.745-868789-520663,985,false,5.595118954845472,1,4740.704452791878,1.0,1.0
2026-03-22T21:10:07.745-868789-520663,117,false,4.327682108211988,1,4740.704452791878,1.0,1.0
2026-03-22T21:10:07.745-868789-520663,952,false,0.12660747179992973,1,4740.704452791878,1.0,1.0
2026-03-22T21:10:07.745-868789-520663,83,false,4.887309693622221,1,4740.704452791878,1.0,1.0
2026-03-22T21:10:07.745-868789-520663,167,false,0.09698922652668436,1,4740.704452791878,1.0,1.0
2026-03-22T21:10:07.745-868789-520663,898,false,15.847215554244555,1,4740.704452791878,1.0,1.0
2026-03-22T21:10:07.745-868789-520663,432,false,4.168729798486223,1,4740.704452791878,1.0,1.0
2026-03-22T21:10:07.745-868789-520663,813,true,2.359982985431173,1,4738.344469806447,1.0,0.999
2026-03-22T21:10:07.745-868789-520663,362,false,198.1787613547011,1,4738.344469806447,1.0,1.0
2026-03-22T21:10:07.745-868789-520663,349,false,25.276286816348886,1,4738.344469806447,1.0,1.0
2026-03-22T21:10:07.745-868789-520663,723,false,0.7757705329946588,1,4738.344469806447,1.0,1.0
2026-03-22T21:10:07.745-868789-520663,71,true,0.2830350687851289,1,4738.061434737661,1.0,0.768
2026-03-22T21:10:07.745-868789-520663,866,false,7.321049167564959,1,4738.061434737661,1.0,1.0
2026-03-22T21:10:07.745-868789-520663,100,false,0.6808992247424854,1,4738.061434737661,1.0,1.0
2026-03-22T21:10:07.745-868789-520663,735,false,16.53742549097189,1,4738.061434737661,1.0,1.0
2026-03-22T21:10:07.745-868789-520663,115,false,6.370332264454288,1,4738.061434737661,1.0,1.0
2026-03-22T21:10:07.745-868789-520663,140,false,1.289323449941854,1,4738.061434737661,1.0,1.0
2026-03-22T21:10:07.745-868789-520663,41,true,11.07849097969262,1,4726.982943757968,1.0,0.647
2026-03-22T21:10:07.745-868789-520663,76,false,0.7781017913718584,1,4726.982943757968,1.0,1.0
2026-03-22T21:10:07.745-868789-520663,751,false,7.897483424083188,1,4726.982943757968,1.0,1.0
2026-03-22T21:10:07.745-868789-520663,13,false,0.34645689319448925,1,4726.982943757968,1.0,1.0
2026-03-22T21:10:07.745-868789-520663,550,true,4.1772873604848355,1,4722.805656397483,1.0,0.767
2026-03-22T21:10:07.745-868789-520663,725,false,1.1684812143999603,1,4722.805656397483,1.0,1.0
2026-03-22T21:10:07.745-868789-520663,605,false,239.33815288833537,1,4722.805656397483,1.0,1.0
2026-03-22T21:10:07.745-868789-520663,652,true,0.33179691320089855,1,4722.473859484282,1.0,0.07199999999999995
2026-03-22T21:10:07.745-868789-520663,489,true,5.570946733929944,1,4716.902912750352,1.0,0.626
2026-03-22T21:10:07.745-868789-520663,67,false,0.8950085947818843,1,4716.902912750352,1.0,1.0
2026-03-22T21:10:07.745-868789-520663,779,false,9.238097853998942,1,4716.902912750352,1.0,1.0
2026-03-22T21:10:07.745-868789-520663,573,false,30.613998247672832,1,4716.902912750352,1.0,1.0
2026-03-22T21:10:07.745-868789-520663,981,false,0.6035558321683904,1,4716.902912750352,1.0,1.0
2026-03-22T21:10:07.745-868789-520663,590,false,1.1932233636674352,1,4716.902912750352,1.0,1.0
2026-03-22T21:10:07.745-868789-520663,940,true,0.554039488232774,1,4716.348873262119,1.0,0.759
2026-03-22T21:10:07.745-868789-520663,233,false,1.613265161858475,1,4716.348873262119,1.0,1.0
2026-03-22T21:10:07.745-868789-520663,425,false,40.06608678903886,1,4716.348873262119,1.0,1.0
2026-03-22T21:10:07.745-868789-520663,584,false,12.487976837450462,1,4716.348873262119,1.0,1.0
2026-03-22T21:10:07.745-868789-520663,314,false,0.09368786977920697,1,4716.348873262119,1.0,1.0
2026-03-22T21:10:07.745-868789-520663,382,false,1.4765115362872099,1,4716.348873262119,1.0,1.0
2026-03-22T21:10:07.745-868789-520663,337,false,1.1748080071314426,1,4716.348873262119,1.0,1.0
2026-03-22T21:10:07.745-868789-520663,706,false,0.27297053437131846,1,4716.348873262119,1.0,1.0
2026-03-22T21:10:07.745-868789-520663,585,false,23.264235887571388,1,4716.348873262119,1.0,1.0
2026-03-22T21:10:07.745-868789-520663,282,false,0.4606360231890899,1,4716.348873262119,1.0,1.0
2026-03-22T21:10:07.745-868789-520663,645,true,20.041654025014587,1,4696.307219237105,1.0,0.659
2026-03-22T21:10:07.745-868789-520663,704,false,19.737585739819067,1,4696.307219237105,1.0,1.0
2026-03-22T21:10:07.745-868789-520663,809,false,1.550175294221061,1,4696.307219237105,1.0,1.0
2026-03-22T21:10:07.745-868789-520663,113,false,3.6018701450780055,1,4696.307219237105,1.0,1.0
2026-03-22T21:10:07.745-868789-520663,563,false,1.4902258362037335,1,4696.307219237105,1.0,1.0
2026-03-22T21:10:07.745-868789-520663,164,false,0.16893390934256894,1,4696.307219237105,1.0,1.0
2026-03-22T21:10:07.745-868789-520663,680,false,130.32525197896703,1,4696.307219237105,1.0,1.0
2026-03-22T21:10:07.745-868789-520663,78,false,5.225125167643441,1,4696.307219237105,1.0,1.0
2026-03-22T21:10:07.745-868789-520663,44,true,22.894689650713893,1,4673.4125295863905,1.0,0.015000000000000013
2026-03-22T21:10:07.745-868789-520663,390,false,14.039621179247003,1,4673.4125295863905,1.0,1.0
2026-03-22T21:10:07.745-868789-520663,789,false,38.964823570390344,1,4673.4125295863905,1.0,1.0
2026-03-22T21:10:07.745-868789-520663,447,false,0.26826854260614075,1,4673.4125295863905,1.0,1.0
2026-03-22T21:10:07.745-868789-520663,826,false,31.93830903317724,1,4673.4125295863905,1.0,1.0
2026-03-22T21:10:07.745-868789-520663,270,false,0.8528209866176418,1,4673.4125295863905,1.0,1.0
2026-03-22T21:10:07.745-868789-520663,25,false,9.797037843568681,1,4673.4125295863905,1.0,1.0
2026-03-22T21:10:07.745-868789-520663,355,false,6.357141697181165,1,4673.4125295863905,1.0,1.0
2026-03-22T21:10:07.745-868789-520663,650,true,0.5998308466190205,1,4672.812698739772,1.0,0.0
2026-03-22T21:10:07.745-868789-520663,363,false,1.7719629965192745,1,4672.812698739772,1.0,1.0
2026-03-22T21:10:07.745-868789-520663,281,false,0.8589221966229373,1,4672.812698739772,1.0,1.0
2026-03-22T21:10:07.745-868789-520663,368,false,3.2292111866489686,1,4672.812698739772,1.0,1.0
2026-03-22T21:10:07.745-868789-520663,66,false,0.5999174230110853,1,4672.812698739772,1.0,1.0
2026-03-22T21:10:07.745-868789-520663,554,false,0.07443393669209465,1,4672.812698739772,1.0,1.0
2026-03-22T21:10:07.745-868789-520663,676,false,19.238045014980493,1,4672.812698739772,1.0,1.0
2026-03-22T21:10:07.745-868789-520663,88,false,0.274618797285973,1,4672.812698739772,1.0,1.0
2026-03-22T21:10:07.745-868789-520663,407,true,6.654445650260761,1,4666.158253089511,1.0,0.62
2026-03-22T21:10:07.745-868789-520663,145,false,0.32194052856363486,1,4666.158253089511,1.0,1.0
2026-03-22T21:10:07.745-868789-520663,802,false,1.897530529521636,1,4666.158253089511,1.0,1.0
2026-03-22T21:10:07.745-868789-520663,992,false,6.800825359183315,1,4666.158253089511,1.0,1.0
2026-03-22T21:10:07.745-868789-520663,491,true,0.22823116928984954,1,4665.930021920221,1.0,0.759
2026-03-22T21:10:07.745-868789-520663,589,true,70.12932175581392,1,4595.800700164407,1.0,0.999
2026-03-22T21:10:07.745-868789-520663,647,true,2.174561980074722,1,4593.626138184332,1.0,0.0
2026-03-22T21:10:07.745-868789-520663,474,false,0.11865907845650964,1,4593.626138184332,1.0,1.0
2026-03-22T21:10:07.745-868789-520663,575,true,6.025214123447142,1,4587.6009240608855,1.0,0.999
2026-03-22T21:10:07.745-868789-520663,714,false,1.4316784250778614,1,4587.6009240608855,1.0,1.0
2026-03-22T21:10:07.745-868789-520663,134,false,5.851042103548812,1,4587.6009240608855,1.0,1.0
2026-03-22T21:10:07.745-868789-520663,708,true,67.490400178325,1,4520.11052388256,1.0,0.998
2026-03-22T21:10:07.745-868789-520663,543,false,17.01906742115474,1,4520.11052388256,1.0,1.0
2026-03-22T21:10:07.745-868789-520663,834,true,830.5055302970818,1,3689.6049935854785,1.0,0.999
2026-03-22T21:10:07.745-868789-520663,820,false,6.149029240734145,1,3689.6049935854785,1.0,1.0
2026-03-22T21:10:07.745-868789-520663,271,false,2.239820574796984,1,3689.6049935854785,1.0,1.0
2026-03-22T21:10:07.745-868789-520663,942,true,0.48183876552132276,1,3689.123154819957,1.0,0.01100000000000001
2026-03-22T21:10:07.745-868789-520663,912,false,5.437261311005911,1,3689.123154819957,1.0,1.0
2026-03-22T21:10:07.745-868789-520663,901,false,0.01657193164244239,1,3689.123154819957,1.0,1.0
2026-03-22T21:10:07.745-868789-520663,494,true,5.803388989748478,1,3683.319765830209,1.0,0.636
2026-03-22T21:10:07.745-868789-520663,404,false,0.1219387841954848,1,3683.319765830209,1.0,1.0
2026-03-22T21:10:07.745-868789-520663,998,false,3.8000317063264495,1,3683.319765830209,1.0,1.0
2026-03-22T21:10:07.745-868789-520663,240,false,19.996829509165472,1,3683.319765830209,1.0,1.0
2026-03-22T21:10:07.745-868789-520663,989,false,26.73870145818123,1,3683.319765830209,1.0,1.0
2026-03-22T21:10:07.745-868789-520663,460,true,1.850233763276554,1,3681.469532066932,1.0,0.999
2026-03-22T21:10:07.745-868789-520663,893,false,9.58036819646566,1,3681.469532066932,1.0,1.0
2026-03-22T21:10:07.745-868789-520663,84,false,5.576522199744687,1,3681.469532066932,1.0,1.0
2026-03-22T21:10:07.745-868789-520663,27,false,2.656289671516674,1,3681.469532066932,1.0,1.0
2026-03-22T21:10:07.745-868789-520663,999,false,0.16094259979751832,1,3681.469532066932,1.0,1.0
2026-03-22T21:10:07.745-868789-520663,520,false,0.9147584853754687,1,3681.469532066932,1.0,1.0
2026-03-22T21:10:07.745-868789-520663,424,true,2.2216875590788328,1,3679.247844507853,1.0,0.776
2026-03-22T21:10:07.745-868789-520663,77,false,0.6835670925026391,1,3679.247844507853,1.0,1.0
2026-03-22T21:10:07.745-868789-520663,507,false,1.0081516075729544,1,3679.247844507853,1.0,1.0
2026-03-22T21:10:07.745-868789-520663,503,false,2.19219597482205,1,3679.247844507853,1.0,1.0
2026-03-22T21:10:07.745-868789-520663,8,false,5.114860721136675,1,3679.247844507853,1.0,1.0
2026-03-22T21:10:07.745-868789-520663,484,true,3.1579274647909927,1,3676.089917043062,1.0,0.649
2026-03-22T21:10:07.745-868789-520663,691,false,21.457146910645925,1,3676.089917043062,1.0,1.0
2026-03-22T21:10:07.745-868789-520663,312,false,5.628010603715868,1,3676.089917043062,1.0,1.0
2026-03-22T21:10:07.745-868789-520663,413,false,29.287572000651164,1,3676.089917043062,1.0,1.0
2026-03-22T21:10:07.745-868789-520663,297,true,0.7199538616274452,1,3675.3699631814347,1.0,0.999
2026-03-22T21:10:07.745-868789-520663,112,false,0.9350346875036295,1,3675.3699631814347,1.0,1.0
2026-03-22T21:10:07.745-868789-520663,333,true,37.61925173634507,1,3637.7507114450896,1.0,0.601
2026-03-22T21:10:07.745-868789-520663,399,false,0.8755760633473529,1,3637.7507114450896,1.0,1.0
2026-03-22T21:10:07.745-868789-520663,479,false,0.7768191487422778,1,3637.7507114450896,1.0,1.0
2026-03-22T21:10:07.745-868789-520663,485,true,1.4054075209089623,1,3636.345303924181,1.0,0.16600000000000004
2026-03-22T21:10:07.745-868789-520663,612,false,0.6243065502522082,1,3636.345303924181,1.0,1.0
2026-03-22T21:10:07.745-868789-520663,700,false,0.021502843303113205,1,3636.345303924181,1.0,1.0
2026-03-22T21:10:07.745-868789-520663,132,false,0.055129468008539004,1,3636.345303924181,1.0,1.0
2026-03-22T21:10:07.745-868789-520663,593,false,9.053200100489079,1,3636.345303924181,1.0,1.0
2026-03-22T21:10:07.745-868789-520663,607,false,17.619539886532205,1,3636.345303924181,1.0,1.0
2026-03-22T21:10:07.745-868789-520663,426,true,3.4392115401656347,1,3632.906092384015,1.0,0.6659999999999999
2026-03-22T21:10:07.745-868789-520663,7,false,24.895969544051322,1,3632.906092384015,1.0,1.0
2026-03-22T21:10:07.745-868789-520663,318,false,0.9607921891254695,1,3632.906092384015,1.0,1.0
2026-03-22T21:10:07.745-868789-520663,609,true,0.6658831269673783,1,3632.240209257048,1.0,0.999
2026-03-22T21:10:07.745-868789-520663,1,false,9.42225643182643,1,3632.240209257048,1.0,1.0
2026-03-22T21:10:07.745-868789-520663,319,false,0.759647216945494,1,3632.240209257048,1.0,1.0
2026-03-22T21:10:07.745-868789-520663,429,true,0.7773990056405364,1,3631.462810251407,1.0,0.639
2026-03-22T21:10:07.745-868789-520663,179,false,5.489542588841335,1,3631.462810251407,1.0,1.0
2026-03-22T21:10:07.745-868789-520663,788,false,90.05191299106795,1,3631.462810251407,1.0,1.0
2026-03-22T21:10:07.745-868789-520663,830,false,90.77367264952017,1,3631.462810251407,1.0,1.0
2026-03-22T21:10:07.745-868789-520663,619,false,0.08966774892282144,1,3631.462810251407,1.0,1.0
2026-03-22T21:10:07.745-868789-520663,773,true,12.437559653910574,1,3619.0252505974963,1.0,0.999
2026-03-22T21:10:07.745-868789-520663,389,false,0.915112946247679,1,3619.0252505974963,1.0,1.0
2026-03-22T21:10:07.745-868789-520663,737,false,4.135779751541927,1,3619.0252505974963,1.0,1.0
2026-03-22T21:10:07.745-868789-520663,828,true,20.957184149276134,1,3598.06806644822,1.0,0.999
2026-03-22T21:10:07.745-868789-520663,988,true,98.98321528848797,1,3499.0848511597324,1.0,0.998
2026-03-22T21:10:07.745-868789-520663,910,false,0.43330895696922667,1,3499.0848511597324,1.0,1.0
2026-03-22T21:10:07.745-868789-520663,827,true,2.7595096570486253,1,3496.325341502684,1.0,0.612
2026-03-22T21:10:07.745-868789-520663,488,true,15.87888480706866,1,3480.4464566956153,1.0,0.0
2026-03-22T21:10:07.745-868789-520663,801,false,0.09179901344436223,1,3480.4464566956153,1.0,1.0
2026-03-22T21:10:07.745-868789-520663,198,false,3.7990671352912986,1,3480.4464566956153,1.0,1.0
2026-03-22T21:10:07.745-868789-520663,534,false,0.9250502732997553,1,3480.4464566956153,1.0,1.0
2026-03-22T21:10:07.745-868789-520663,579,false,23.27929500068334,1,3480.4464566956153,1.0,1.0
2026-03-22T21:10:07.745-868789-520663,405,true,337.0002893034393,1,3143.446167392176,1.0,0.0020000000000000018
2026-03-22T21:10:07.745-868789-520663,336,true,0.7326172426412934,1,3142.7135501495345,1.0,0.755
2026-03-22T21:10:07.745-868789-520663,256,false,0.09691921260726023,1,3142.7135501495345,1.0,1.0
2026-03-22T21:10:07.745-868789-520663,980,false,3.503444863362505,1,3142.7135501495345,1.0,1.0
2026-03-22T21:10:07.745-868789-520663,693,false,0.12985908323834525,1,3142.7135501495345,1.0,1.0
2026-03-22T21:10:07.745-868789-520663,283,false,1.2195511044238765,1,3142.7135501495345,1.0,1.0
2026-03-22T21:10:07.745-868789-520663,798,false,0.09676551338973399,1,3142.7135501495345,1.0,1.0
2026-03-22T21:10:07.745-868789-520663,971,false,21.84110922298357,1,3142.7135501495345,1.0,1.0
2026-03-22T21:10:07.745-868789-520663,924,false,1.549691332549151,1,3142.7135501495345,1.0,1.0
2026-03-22T21:10:07.745-868789-520663,548,true,5.212410150645968,1,3137.5011399988884,1.0,0.014000000000000012
2026-03-22T21:10:07.745-868789-520663,326,false,0.1662674536922397,1,3137.5011399988884,1.0,1.0
2026-03-22T21:10:07.745-868789-520663,383,false,11.773650464169494,1,3137.5011399988884,1.0,1.0
2026-03-22T21:10:07.745-868789-520663,280,false,0.6430044815951492,1,3137.5011399988884,1.0,1.0
2026-03-22T21:10:07.745-868789-520663,401,false,11.941832781350469,1,3137.5011399988884,1.0,1.0
2026-03-22T21:10:07.745-868789-520663,477,false,0.6401739840531553,1,3137.5011399988884,1.0,1.0
2026-03-22T21:10:07.745-868789-520663,667,false,4.131089360020147,1,3137.5011399988884,1.0,1.0
2026-03-22T21:10:07.745-868789-520663,777,false,1.7269490452087835,1,3137.5011399988884,1.0,1.0
2026-03-22T21:10:07.745-868789-520663,606,false,0.1324437764453704,1,3137.5011399988884,1.0,1.0
2026-03-22T21:10:07.745-868789-520663,586,true,0.7332354460907801,1,3136.7679045527975,1.0,0.63
2026-03-22T21:10:07.745-868789-520663,728,false,10.237490589559245,1,3136.7679045527975,1.0,1.0
2026-03-22T21:10:07.745-868789-520663,991,true,0.9410696078145893,1,3135.826834944983,1.0,0.627
2026-03-22T21:10:07.745-868789-520663,684,true,7.765346219290581,1,3128.0614887256925,1.0,0.999
2026-03-22T21:10:07.745-868789-520663,226,false,0.6317549281791947,1,3128.0614887256925,1.0,1.0
2026-03-22T21:10:07.745-868789-520663,765,false,2.5759826980806766,1,3128.0614887256925,1.0,1.0
2026-03-22T21:10:07.745-868789-520663,932,false,13.421784706488257,1,3128.0614887256925,1.0,1.0
2026-03-22T21:10:07.745-868789-520663,65,false,210.09001420735942,1,3128.0614887256925,1.0,1.0
2026-03-22T21:10:07.745-868789-520663,536,false,2.202947113703427,1,3128.0614887256925,1.0,1.0
2026-03-22T21:10:07.745-868789-520663,470,false,6.204053251438597,1,3128.0614887256925,1.0,1.0
2026-03-22T21:10:07.745-868789-520663,565,false,0.2730156661979963,1,3128.0614887256925,1.0,1.0
2026-03-22T21:10:07.745-868789-520663,638,false,5.946178009614786,1,3128.0614887256925,1.0,1.0
2026-03-22T21:10:07.745-868789-520663,720,false,0.051774319564347054,1,3128.0614887256925,1.0,1.0
2026-03-22T21:10:07.745-868789-520663,323,false,1.7023223064081712,1,3128.0614887256925,1.0,1.0
2026-03-22T21:10:07.745-868789-520663,322,false,5.9489082592725815,1,3128.0614887256925,1.0,1.0
2026-03-22T21:10:07.745-868789-520663,188,true,1.8771153097617161,1,3126.1843734159306,1.0,0.644
2026-03-22T21:10:07.745-868789-520663,419,false,0.15777623062541116,1,3126.1843734159306,1.0,1.0
2026-03-22T21:10:07.745-868789-520663,976,false,56.1651168419216,1,3126.1843734159306,1.0,1.0
2026-03-22T21:10:07.745-868789-520663,542,false,52.41693258197858,1,3126.1843734159306,1.0,1.0
2026-03-22T21:10:07.745-868789-520663,244,false,0.0404801189664052,1,3126.1843734159306,1.0,1.0
2026-03-22T21:10:07.745-868789-520663,450,false,4.393500436000321,1,3126.1843734159306,1.0,1.0
2026-03-22T21:10:07.745-868789-520663,598,false,0.43849054148879035,1,3126.1843734159306,1.0,1.0
2026-03-22T21:10:07.745-868789-520663,799,false,0.2423387828325727,1,3126.1843734159306,1.0,1.0
2026-03-22T21:10:07.745-868789-520663,658,false,5.084123113207749,1,3126.1843734159306,1.0,1.0
2026-03-22T21:10:07.745-868789-520663,158,false,4.382509317071563,1,3126.1843734159306,1.0,1.0
2026-03-22T21:10:07.745-868789-520663,896,false,1.10005465548397,1,3126.1843734159306,1.0,1.0
2026-03-22T21:10:07.745-868789-520663,986,true,36.50259128261385,1,3089.6817821333166,1.0,0.763
2026-03-22T21:10:07.745-868789-520663,951,false,4.728762371118138,1,3089.6817821333166,1.0,1.0
2026-03-22T21:10:07.745-868789-520663,964,false,0.6112547908775445,1,3089.6817821333166,1.0,1.0
2026-03-22T21:10:07.745-868789-520663,393,false,39.18768346636411,1,3089.6817821333166,1.0,1.0
2026-03-22T21:10:07.745-868789-520663,796,false,0.08256454848079128,1,3089.6817821333166,1.0,1.0
2026-03-22T21:10:07.745-868789-520663,437,false,0.9993881217321544,1,3089.6817821333166,1.0,1.0
2026-03-22T21:10:07.745-868789-520663,731,false,1.6347485288107537,1,3089.6817821333166,1.0,1.0
2026-03-22T21:10:07.745-868789-520663,929,false,3.7564924673239113,1,3089.6817821333166,1.0,1.0
2026-03-22T21:10:07.745-868789-520663,640,false,0.041990504097721516,1,3089.6817821333166,1.0,1.0
2026-03-22T21:10:07.745-868789-520663,375,false,2.8332925817583203,1,3089.6817821333166,1.0,1.0
2026-03-22T21:10:07.745-868789-520663,85,false,32.58839872059395,1,3089.6817821333166,1.0,1.0
2026-03-22T21:10:07.745-868789-520663,116,false,0.16837791059293697,1,3089.6817821333166,1.0,1.0
2026-03-22T21:10:07.745-868789-520663,365,false,60.44123019709658,1,3089.6817821333166,1.0,1.0
2026-03-22T21:10:07.745-868789-520663,42,true,0.3188126066501755,1,3089.3629695266663,1.0,0.0
2026-03-22T21:10:07.745-868789-520663,822,false,4.3702894648792405,1,3089.3629695266663,1.0,1.0
2026-03-22T21:10:07.745-868789-520663,40,true,1.0733948961127993,1,3088.2895746305535,1.0,0.0
2026-03-22T21:10:07.745-868789-520663,103,false,9.978962348869215,1,3088.2895746305535,1.0,1.0
2026-03-22T21:10:07.745-868789-520663,682,true,3.9321228358265192,1,3084.357451794727,1.0,0.838
2026-03-22T21:10:07.745-868789-520663,327,true,3.565220240687998,1,3080.7922315540386,1.0,0.758
2026-03-22T21:10:07.745-868789-520663,626,false,0.020360909148248577,1,3080.7922315540386,1.0,1.0
2026-03-22T21:10:07.745-868789-520663,872,false,2.569370397632476,1,3080.7922315540386,1.0,1.0
2026-03-22T21:10:07.745-868789-520663,578,false,0.12774819008853333,1,3080.7922315540386,1.0,1.0
2026-03-22T21:10:07.745-868789-520663,248,false,0.2094849360476543,1,3080.7922315540386,1.0,1.0
2026-03-22T21:10:07.745-868789-520663,149,true,0.5046700094851762,1,3080.2875615445532,1.0,0.999
2026-03-22T21:10:07.745-868789-520663,750,false,0.20417952561001976,1,3080.2875615445532,1.0,1.0
2026-03-22T21:10:07.745-868789-520663,80,false,1.9336244382808612,1,3080.2875615445532,1.0,1.0
2026-03-22T21:10:07.745-868789-520663,161,false,45.230623690528546,1,3080.2875615445532,1.0,1.0
2026-03-22T21:10:07.745-868789-520663,32,true,10.548669987680475,1,3069.7388915568727,1.0,0.653
2026-03-22T21:10:07.745-868789-520663,1000,false,2.197990173330015,1,3069.7388915568727,1.0,1.0
2026-03-22T21:10:07.745-868789-520663,417,true,552.4420947874032,1,2517.2967967694694,1.0,0.999
2026-03-22T21:10:07.745-868789-520663,729,false,27.651493511150708,1,2517.2967967694694,1.0,1.0
2026-03-22T21:10:07.745-868789-520663,958,true,36.155887667693264,1,2481.1409091017763,1.0,0.999
2026-03-22T21:10:07.745-868789-520663,574,true,7.269385082811567,1,2473.871524018965,1.0,0.613
2026-03-22T21:10:07.745-868789-520663,632,false,0.09394643992092896,1,2473.871524018965,1.0,1.0
2026-03-22T21:10:07.745-868789-520663,539,false,0.01355023825288725,1,2473.871524018965,1.0,1.0
2026-03-22T21:10:07.745-868789-520663,108,false,1.1551592018155004,1,2473.871524018965,1.0,1.0
2026-03-22T21:10:07.745-868789-520663,747,false,1.5054974783865638,1,2473.871524018965,1.0,1.0
2026-03-22T21:10:07.745-868789-520663,617,false,132.5230123855755,1,2473.871524018965,1.0,1.0
2026-03-22T21:10:07.745-868789-520663,938,true,1.578615955217456,1,2472.2929080637473,1.0,0.0
2026-03-22T21:10:07.745-868789-520663,155,false,1.4975272192511215,1,2472.2929080637473,1.0,1.0
2026-03-22T21:10:07.745-868789-520663,531,false,115.12433045127094,1,2472.2929080637473,1.0,1.0
2026-03-22T21:10:07.745-868789-520663,963,false,42.25923696991904,1,2472.2929080637473,1.0,1.0
2026-03-22T21:10:07.745-868789-520663,783,false,10.548635630991013,1,2472.2929080637473,1.0,1.0
2026-03-22T21:10:07.745-868789-520663,38,true,33.6286399156862,1,2438.664268148061,1.0,0.0010000000000000009
2026-03-22T21:10:07.745-868789-520663,868,false,13.016924484125445,1,2438.664268148061,1.0,1.0
2026-03-22T21:10:07.745-868789-520663,915,false,0.7786457769581828,1,2438.664268148061,1.0,1.0
2026-03-22T21:10:07.745-868789-520663,69,true,1.9329510235468617,1,2436.731317124514,1.0,0.05600000000000005
2026-03-22T21:10:07.745-868789-520663,919,false,0.17483465792637848,1,2436.731317124514,1.0,1.0
2026-03-22T21:10:07.745-868789-520663,694,false,47.676774401276475,1,2436.731317124514,1.0,1.0
2026-03-22T21:10:07.745-868789-520663,890,false,0.5157990984852848,1,2436.731317124514,1.0,1.0
2026-03-22T21:10:07.745-868789-520663,346,false,0.2200113255182115,1,2436.731317124514,1.0,1.0
2026-03-22T21:10:07.745-868789-520663,443,false,3.869600707716045,1,2436.731317124514,1.0,1.0
2026-03-22T21:10:07.745-868789-520663,860,false,2.5619895635810885,1,2436.731317124514,1.0,1.0
2026-03-22T21:10:07.745-868789-520663,831,true,1.9787934142401127,1,2434.752523710274,1.0,0.0010000000000000009
2026-03-22T21:10:07.745-868789-520663,148,true,1.0897210156828927,1,2433.6628026945914,1.0,0.893
2026-03-22T21:10:07.745-868789-520663,54,false,0.010683388928013538,1,2433.6628026945914,1.0,1.0
2026-03-22T21:10:07.745-868789-520663,11,false,0.7067593723353119,1,2433.6628026945914,1.0,1.0
2026-03-22T21:10:07.745-868789-520663,431,true,0.9470190163448796,1,2432.7157836782467,1.0,0.642
2026-03-22T21:10:07.745-868789-520663,357,false,0.3460269893600421,1,2432.7157836782467,1.0,1.0
2026-03-22T21:10:07.745-868789-520663,962,true,1.92800523898387,1,2430.7877784392626,1.0,0.999
2026-03-22T21:10:07.745-868789-520663,570,false,1.8695189511947614,1,2430.7877784392626,1.0,1.0
2026-03-22T21:10:07.745-868789-520663,815,true,1.507999111378843,1,2429.2797793278837,1.0,0.643
2026-03-22T21:10:07.745-868789-520663,701,false,0.33501990806689447,1,2429.2797793278837,1.0,1.0
2026-03-22T21:10:07.745-868789-520663,497,true,8.761196917894992,1,2420.5185824099885,1.0,0.657
2026-03-22T21:10:07.745-868789-520663,10,false,87.24464583045385,1,2420.5185824099885,1.0,1.0
2026-03-22T21:10:07.745-868789-520663,577,true,9.286577289591774,1,2411.232005120397,1.0,0.014000000000000012
2026-03-22T21:10:07.745-868789-520663,451,false,0.14292397367331658,1,2411.232005120397,1.0,1.0
2026-03-22T21:10:07.745-868789-520663,178,false,20.59096476502773,1,2411.232005120397,1.0,1.0
2026-03-22T21:10:07.745-868789-520663,102,false,4.0155425835565906,1,2411.232005120397,1.0,1.0
2026-03-22T21:10:07.745-868789-520663,752,false,0.36775929300307153,1,2411.232005120397,1.0,1.0
2026-03-22T21:10:07.745-868789-520663,628,false,2.2501866201273018,1,2411.232005120397,1.0,1.0
2026-03-22T21:10:07.745-868789-520663,456,false,45.33670624481042,1,2411.232005120397,1.0,1.0
2026-03-22T21:10:07.745-868789-520663,205,false,2.105796048560072,1,2411.232005120397,1.0,1.0
2026-03-22T21:10:07.745-868789-520663,105,false,0.35378622359313394,1,2411.232005120397,1.0,1.0
2026-03-22T21:10:07.745-868789-520663,717,true,171.84931643547222,1,2239.3826886849247,1.0,0.999
2026-03-22T21:10:07.745-868789-520663,545,true,11.188437184814239,1,2228.1942515001106,1.0,0.63
2026-03-22T21:10:07.745-868789-520663,12,false,90.55408011796145,1,2228.1942515001106,1.0,1.0
2026-03-22T21:10:07.745-868789-520663,512,false,1.4515495490213668,1,2228.1942515001106,1.0,1.0
2026-03-22T21:10:07.745-868789-520663,74,true,28.51541074352429,1,2199.6788407565864,1.0,0.010000000000000009
2026-03-22T21:10:07.745-868789-520663,471,false,0.5526788410430942,1,2199.6788407565864,1.0,1.0
2026-03-22T21:10:07.745-868789-520663,169,false,14.080163621122402,1,2199.6788407565864,1.0,1.0
2026-03-22T21:10:07.745-868789-520663,228,false,1.0678861971308307,1,2199.6788407565864,1.0,1.0
2026-03-22T21:10:07.745-868789-520663,436,false,3.137984201344468,1,2199.6788407565864,1.0,1.0
2026-03-22T21:10:07.745-868789-520663,261,false,0.9914649367613863,1,2199.6788407565864,1.0,1.0
2026-03-22T21:10:07.745-868789-520663,566,false,11.125154847579271,1,2199.6788407565864,1.0,1.0
2026-03-22T21:10:07.745-868789-520663,761,false,13.302404668964003,1,2199.6788407565864,1.0,1.0
2026-03-22T21:10:07.745-868789-520663,891,false,1.7494552034011785,1,2199.6788407565864,1.0,1.0
2026-03-22T21:10:07.745-868789-520663,385,false,0.16991058238543064,1,2199.6788407565864,1.0,1.0
2026-03-22T21:10:07.745-868789-520663,516,true,3.805447654264024,1,2195.8733931023226,1.0,0.18799999999999994
2026-03-22T21:10:07.745-868789-520663,524,false,13.628947272710967,1,2195.8733931023226,1.0,1.0
2026-03-22T21:10:07.745-868789-520663,63,false,0.18868902161688703,1,2195.8733931023226,1.0,1.0
2026-03-22T21:10:07.745-868789-520663,741,true,125.79436616870554,1,2070.079026933617,1.0,0.999
2026-03-22T21:10:07.745-868789-520663,31,true,5.098245539814109,1,2064.980781393803,1.0,0.07499999999999996
2026-03-22T21:10:07.745-868789-520663,394,false,1.3998635362626142,1,2064.980781393803,1.0,1.0
2026-03-22T21:10:07.745-868789-520663,778,false,98.34794994264863,1,2064.980781393803,1.0,1.0
2026-03-22T21:10:07.745-868789-520663,258,false,5.431352646299578,1,2064.980781393803,1.0,1.0
2026-03-22T21:10:07.745-868789-520663,959,true,1.7398250079000337,1,2063.2409563859032,1.0,0.008000000000000007
2026-03-22T21:10:07.745-868789-520663,921,false,0.5798819075499426,1,2063.2409563859032,1.0,1.0
2026-03-22T21:10:07.745-868789-520663,930,false,10.907542058212483,1,2063.2409563859032,1.0,1.0
2026-03-22T21:10:07.745-868789-520663,947,false,0.28242648693149225,1,2063.2409563859032,1.0,1.0
2026-03-22T21:10:07.745-868789-520663,232,false,1.5710627335238,1,2063.2409563859032,1.0,1.0
2026-03-22T21:10:07.745-868789-520663,608,true,0.7900750943982651,1,2062.450881291505,1.0,0.635
2026-03-22T21:10:07.745-868789-520663,222,false,19.804021158179506,1,2062.450881291505,1.0,1.0
2026-03-22T21:10:07.745-868789-520663,129,false,3.167454593815734,1,2062.450881291505,1.0,1.0
2026-03-22T21:10:07.745-868789-520663,722,false,58.83608631293779,1,2062.450881291505,1.0,1.0
2026-03-22T21:10:07.745-868789-520663,571,true,17.868303514076892,1,2044.5825777774282,1.0,0.634
2026-03-22T21:10:07.745-868789-520663,146,true,4.987575745717022,1,2039.5950020317111,1.0,0.06499999999999995
2026-03-22T21:10:07.745-868789-520663,187,true,8.369017187589174,1,2031.225984844122,1.0,0.17600000000000005
2026-03-22T21:10:07.745-868789-520663,354,false,2.9619215293545977,1,2031.225984844122,1.0,1.0
2026-03-22T21:10:07.745-868789-520663,686,true,2.46351101329789,1,2028.762473830824,1.0,0.651
2026-03-22T21:10:07.745-868789-520663,26,false,2.810525387759476,1,2028.762473830824,1.0,1.0
2026-03-22T21:10:07.745-868789-520663,918,false,1.2388256465760341,1,2028.762473830824,1.0,1.0
2026-03-22T21:10:07.745-868789-520663,126,true,0.7108548973277805,1,2028.0516189334962,1.0,0.648
2026-03-22T21:10:07.745-868789-520663,755,false,1.0605285403742397,1,2028.0516189334962,1.0,1.0
2026-03-22T21:10:07.745-868789-520663,800,false,0.14371646160083756,1,2028.0516189334962,1.0,1.0
2026-03-22T21:10:07.745-868789-520663,795,true,10.944046119600895,1,2017.1075728138953,1.0,0.999
2026-03-22T21:10:07.745-868789-520663,440,false,0.4183258811865488,1,2017.1075728138953,1.0,1.0
2026-03-22T21:10:07.745-868789-520663,289,false,4.1754985262367565,1,2017.1075728138953,1.0,1.0
2026-03-22T21:10:07.745-868789-520663,58,false,0.08356033775230243,1,2017.1075728138953,1.0,1.0
2026-03-22T21:10:07.745-868789-520663,93,false,1.646810756960217,1,2017.1075728138953,1.0,1.0
2026-03-22T21:10:07.745-868789-520663,644,true,3.7745125603326257,1,2013.3330602535627,1.0,0.0
2026-03-22T21:10:07.745-868789-520663,878,false,2.975812296361968,1,2013.3330602535627,1.0,1.0
2026-03-22T21:10:07.745-868789-520663,562,false,27.72636253025343,1,2013.3330602535627,1.0,1.0
2026-03-22T21:10:07.745-868789-520663,24,false,13.59343205332975,1,2013.3330602535627,1.0,1.0
2026-03-22T21:10:07.745-868789-520663,411,false,13.40600195084155,1,2013.3330602535627,1.0,1.0
2026-03-22T21:10:07.745-868789-520663,810,true,1.6520593165332196,1,2011.6810009370295,1.0,0.856
2026-03-22T21:10:07.745-868789-520663,16,false,5.875487419680374,1,2011.6810009370295,1.0,1.0
2026-03-22T21:10:07.745-868789-520663,387,true,1.4993171531830265,1,2010.1816837838464,1.0,0.756
2026-03-22T21:10:07.745-868789-520663,973,false,2.4861245906856846,1,2010.1816837838464,1.0,1.0
2026-03-22T21:10:07.745-868789-520663,974,false,42.35876721978124,1,2010.1816837838464,1.0,1.0
2026-03-22T21:10:07.745-868789-520663,776,true,32.2750328267684,1,1977.906650957078,1.0,0.655
2026-03-22T21:10:07.745-868789-520663,975,false,0.19808971862249616,1,1977.906650957078,1.0,1.0
2026-03-22T21:10:07.745-868789-520663,885,false,4.723227430913452,1,1977.906650957078,1.0,1.0
2026-03-22T21:10:07.745-868789-520663,672,true,1.8704307378779046,1,1976.0362202192,1.0,0.999
2026-03-22T21:10:07.745-868789-520663,762,false,11.005080606857149,1,1976.0362202192,1.0,1.0
2026-03-22T21:10:07.745-868789-520663,191,true,0.592217024331823,1,1975.4440031948682,1.0,0.0050000000000000044
2026-03-22T21:10:07.745-868789-520663,707,true,2.0920093940454807,1,1973.3519938008226,1.0,0.769
2026-03-22T21:10:07.745-868789-520663,444,false,1.2339458111964952,1,1973.3519938008226,1.0,1.0
2026-03-22T21:10:07.745-868789-520663,877,false,1.2321472925565593,1,1973.3519938008226,1.0,1.0
2026-03-22T21:10:07.745-868789-520663,895,false,5.039056755743804,1,1973.3519938008226,1.0,1.0
2026-03-22T21:10:07.745-868789-520663,496,true,80.27764634765404,1,1893.0743474531685,1.0,0.049000000000000044
2026-03-22T21:10:07.745-868789-520663,459,true,0.7607974794351651,1,1892.3135499737332,1.0,0.836
2026-03-22T21:10:07.745-868789-520663,481,true,4.053573427259978,1,1888.2599765464731,1.0,0.655
2026-03-22T21:10:07.745-868789-520663,907,true,1.7357605257007782,1,1886.5242160207724,1.0,0.636
2026-03-22T21:10:07.745-868789-520663,936,true,4.790630519476075,1,1881.7335855012964,1.0,0.009000000000000008
2026-03-22T21:10:07.745-868789-520663,130,false,13.905761447941769,1,1881.7335855012964,1.0,1.0
2026-03-22T21:10:07.745-868789-520663,343,false,0.43653101504751546,1,1881.7335855012964,1.0,1.0
2026-03-22T21:10:07.745-868789-520663,302,false,6.626149863146193,1,1881.7335855012964,1.0,1.0
2026-03-22T21:10:07.745-868789-520663,771,true,3.255259791254969,1,1878.4783257100414,1.0,0.643
2026-03-22T21:10:07.745-868789-520663,864,true,218.47323844468434,1,1660.0050872653571,1.0,0.716
2026-03-22T21:10:07.745-868789-520663,744,true,1.317750629611664,1,1658.6873366357454,1.0,0.747
2026-03-22T21:10:07.745-868789-520663,277,true,19.775042053434056,1,1638.9122945823112,1.0,0.759
2026-03-22T21:10:07.745-868789-520663,70,true,14.185799934041267,1,1624.7264946482699,1.0,0.0
2026-03-22T21:10:07.745-868789-520663,956,true,3.8911246053531636,1,1620.8353700429168,1.0,0.007000000000000006
2026-03-22T21:10:07.745-868789-520663,905,true,28.68322295939213,1,1592.1521470835246,1.0,0.016000000000000014
2026-03-22T21:10:07.745-868789-520663,61,false,13.353328792764403,1,1592.1521470835246,1.0,1.0
2026-03-22T21:10:07.745-868789-520663,68,true,4.754958974329008,1,1587.3971881091957,1.0,0.0
2026-03-22T21:10:07.745-868789-520663,473,true,8.654477398820983,1,1578.7427107103747,1.0,0.999
2026-03-22T21:10:07.745-868789-520663,138,false,0.03911602909893895,1,1578.7427107103747,1.0,1.0
2026-03-22T21:10:07.745-868789-520663,902,true,12.609264553584307,1,1566.1334461567903,1.0,0.639
2026-03-22T21:10:07.745-868789-520663,458,false,0.14946929563272354,1,1566.1334461567903,1.0,1.0
2026-03-22T21:10:07.745-868789-520663,780,false,0.16135686766505916,1,1566.1334461567903,1.0,1.0
2026-03-22T21:10:07.745-868789-520663,643,true,44.29693627316724,1,1521.8365098836232,1.0,0.0
2026-03-22T21:10:07.745-868789-520663,439,false,4.154743745466927,1,1521.8365098836232,1.0,1.0
2026-03-22T21:10:07.745-868789-520663,733,false,0.25410232138853434,1,1521.8365098836232,1.0,1.0
2026-03-22T21:10:07.745-868789-520663,211,false,2.3306672250701204,1,1521.8365098836232,1.0,1.0
2026-03-22T21:10:07.745-868789-520663,920,true,1.2882589964270488,1,1520.5482508871962,1.0,0.836
2026-03-22T21:10:07.745-868789-520663,416,false,0.13419767820211018,1,1520.5482508871962,1.0,1.0
2026-03-22T21:10:07.745-868789-520663,687,true,0.21404531071650754,1,1520.3342055764797,1.0,0.05500000000000005
2026-03-22T21:10:07.745-868789-520663,835,false,0.06776713274225031,1,1520.3342055764797,1.0,1.0
2026-03-22T21:10:07.745-868789-520663,697,false,0.20934458323192043,1,1520.3342055764797,1.0,1.0
2026-03-22T21:10:07.745-868789-520663,308,false,7.046527170818378,1,1520.3342055764797,1.0,1.0
2026-03-22T21:10:07.745-868789-520663,832,true,0.7200934058311014,1,1519.6141121706487,1.0,0.0020000000000000018
2026-03-22T21:10:07.745-868789-520663,433,true,124.09265918753213,1,1395.5214529831167,1.0,0.644
2026-03-22T21:10:07.745-868789-520663,183,false,0.10660960123738923,1,1395.5214529831167,1.0,1.0
2026-03-22T21:10:07.745-868789-520663,455,true,8.393646263304628,1,1387.127806719812,1.0,0.999
2026-03-22T21:10:07.745-868789-520663,62,false,3.94428399756354,1,1387.127806719812,1.0,1.0
2026-03-22T21:10:07.745-868789-520663,5,false,0.010876593846474767,1,1387.127806719812,1.0,1.0
2026-03-22T21:10:07.745-868789-520663,334,true,15.009297784732338,1,1372.1185089350797,1.0,0.06899999999999995
2026-03-22T21:10:07.745-868789-520663,22,false,0.09543995009301809,1,1372.1185089350797,1.0,1.0
2026-03-22T21:10:07.745-868789-520663,572,true,0.49717787711672845,1,1371.621331057963,1.0,0.0
2026-03-22T21:10:07.745-868789-520663,493,true,0.8353865167856215,1,1370.7859445411775,1.0,0.0
2026-03-22T21:10:07.745-868789-520663,510,false,26.606974803688004,1,1370.7859445411775,1.0,1.0
2026-03-22T21:10:07.745-868789-520663,983,false,0.1810231770088266,1,1370.7859445411775,1.0,1.0
2026-03-22T21:10:07.745-868789-520663,292,false,1.8811329195459243,1,1370.7859445411775,1.0,1.0
2026-03-22T21:10:07.745-868789-520663,237,false,0.56825730176877,1,1370.7859445411775,1.0,1.0
2026-03-22T21:10:07.745-868789-520663,775,true,0.2287312748512533,1,1370.5572132663262,1.0,0.010000000000000009
2026-03-22T21:10:07.745-868789-520663,648,true,13.652320927692813,1,1356.9048923386335,1.0,0.0
2026-03-22T21:10:07.745-868789-520663,94,false,1.3040869796569399,1,1356.9048923386335,1.0,1.0
2026-03-22T21:10:07.745-868789-520663,748,false,39.91904202665932,1,1356.9048923386335,1.0,1.0
2026-03-22T21:10:07.745-868789-520663,87,true,0.9557178924530058,1,1355.9491744461805,1.0,0.999
2026-03-22T21:10:07.745-868789-520663,842,false,95.42383598246384,1,1355.9491744461805,1.0,1.0
2026-03-22T21:10:07.745-868789-520663,186,true,19.49248113174665,1,1336.4566933144338,1.0,0.013000000000000012
2026-03-22T21:10:07.745-868789-520663,690,true,3.057672206977176,1,1333.3990211074565,1.0,0.65
2026-03-22T21:10:07.745-868789-520663,501,false,2.833408200025209,1,1333.3990211074565,1.0,1.0
2026-03-22T21:10:07.745-868789-520663,403,true,1.3634628924637473,1,1332.0355582149928,1.0,0.006000000000000005
2026-03-22T21:10:07.745-868789-520663,299,true,130.6595030222622,1,1201.3760551927305,1.0,0.638
2026-03-22T21:10:07.745-868789-520663,175,false,0.304920786283086,1,1201.3760551927305,1.0,1.0
2026-03-22T21:10:07.745-868789-520663,284,true,1045.0233993498725,1,156.35265584285798,1.0,0.999
2026-03-22T21:10:07.745-868789-520663,213,false,0.23355374219153233,1,156.35265584285798,1.0,1.0
2026-03-22T21:10:07.745-868789-520663,530,false,3.6663846713063215,1,156.35265584285798,1.0,1.0
2026-03-22T21:10:07.745-868789-520663,620,true,0.8621561211590375,1,155.49049972169894,1.0,0.743
2026-03-22T21:10:07.745-868789-520663,982,false,4.032021823362854,1,155.49049972169894,1.0,1.0
2026-03-22T21:10:07.745-868789-520663,753,false,0.8407573147263796,1,155.49049972169894,1.0,1.0
2026-03-22T21:10:07.745-868789-520663,758,false,0.043288703535675606,1,155.49049972169894,1.0,1.0
2026-03-22T21:10:07.745-868789-520663,732,false,0.12518640402282638,1,155.49049972169894,1.0,1.0
2026-03-22T21:10:07.745-868789-520663,977,false,2.6103575976405957,1,155.49049972169894,1.0,1.0
2026-03-22T21:10:07.745-868789-520663,498,true,0.46066344371261353,1,155.02983627798633,1.0,0.014000000000000012
2026-03-22T21:10:07.745-868789-520663,518,false,0.08804145780194761,1,155.02983627798633,1.0,1.0
2026-03-22T21:10:07.745-868789-520663,465,false,37.31703418656499,1,155.02983627798633,1.0,1.0
2026-03-22T21:10:07.745-868789-520663,625,false,2.8503643938274905,1,155.02983627798633,1.0,1.0
2026-03-22T21:10:07.745-868789-520663,654,true,2.8258577547865467,1,152.2039785231998,1.0,0.0
2026-03-22T21:10:07.745-868789-520663,152,true,0.44790039023006406,1,151.75607813296972,1.0,0.656
2026-03-22T21:10:07.745-868789-520663,151,true,0.3682218941025752,1,151.38785623886713,1.0,0.0
2026-03-22T21:10:07.745-868789-520663,505,false,47.06240084585789,1,151.38785623886713,1.0,1.0
2026-03-22T21:10:07.745-868789-520663,263,false,8.813469440110628,1,151.38785623886713,1.0,1.0
2026-03-22T21:10:07.745-868789-520663,464,false,7.714811889685277,1,151.38785623886713,1.0,1.0
2026-03-22T21:10:07.745-868789-520663,380,true,4.486064770748895,1,146.90179146811823,1.0,0.849
2026-03-22T21:10:07.745-868789-520663,569,true,0.31294758989327615,1,146.58884387822496,1.0,0.013000000000000012
2026-03-22T21:10:07.745-868789-520663,361,false,3.7093571433161507,1,146.58884387822496,1.0,1.0
2026-03-22T21:10:07.745-868789-520663,19,false,20.157415359910868,1,146.58884387822496,1.0,1.0
2026-03-22T21:10:07.745-868789-520663,521,false,25.732511413550597,1,146.58884387822496,1.0,1.0
2026-03-22T21:10:07.745-868789-520663,311,false,2.24689636199604,1,146.58884387822496,1.0,1.0
2026-03-22T21:10:07.745-868789-520663,856,false,0.8319741051195716,1,146.58884387822496,1.0,1.0
2026-03-22T21:10:07.745-868789-520663,954,false,0.20163832082741295,1,146.58884387822496,1.0,1.0
2026-03-22T21:10:07.745-868789-520663,597,false,1.6537249492226997,1,146.58884387822496,1.0,1.0
2026-03-22T21:10:07.745-868789-520663,970,false,0.05155917711925669,1,146.58884387822496,1.0,1.0
2026-03-22T21:10:07.745-868789-520663,814,true,41.68060556617923,1,104.90823831204574,1.0,0.009000000000000008
2026-03-22T21:10:07.745-868789-520663,527,false,11.043712720949838,1,104.90823831204574,1.0,1.0
2026-03-22T21:10:07.745-868789-520663,540,true,3.830443141201243,1,101.0777951708445,1.0,0.999
2026-03-22T21:10:07.745-868789-520663,781,false,26.33548944970082,1,101.0777951708445,1.0,1.0
2026-03-22T21:10:07.745-868789-520663,279,true,0.21945861545785314,1,100.85833655538664,1.0,0.865
2026-03-22T21:10:07.745-868789-520663,943,true,1.1240795828167172,1,99.73425697256992,1.0,0.01200000000000001
2026-03-22T21:10:07.745-868789-520663,193,false,0.18233773699601163,1,99.73425697256992,1.0,1.0
2026-03-22T21:10:07.745-868789-520663,886,false,0.1129754670662148,1,99.73425697256992,1.0,1.0
2026-03-22T21:10:07.745-868789-520663,315,true,0.5594068116089964,1,99.17485016096093,1.0,0.999
2026-03-22T21:10:07.745-868789-520663,225,false,0.4907253070953587,1,99.17485016096093,1.0,1.0
2026-03-22T21:10:07.745-868789-520663,184,true,38.94256675578709,1,60.23228340517384,1.0,0.013000000000000012
2026-03-22T21:10:07.745-868789-520663,823,true,1547.7275053115006,1,-1487.4952219063268,1.0,0.998
2026-03-22T21:10:07.745-753714-632033,624,true,3.183842680841237,1,6215.85195971928,1.0,0.987
2026-03-22T21:10:07.745-753714-632033,703,true,6.212466937114299,1,6209.639492782166,1.0,0.993
2026-03-22T21:10:07.745-753714-632033,593,true,2.248676105991417,1,6207.390816676174,1.0,0.992
2026-03-22T21:10:07.745-753714-632033,369,false,0.1774689811793262,1,6207.390816676174,1.0,1.0
2026-03-22T21:10:07.745-753714-632033,461,true,1.4121874602479796,1,6205.978629215926,1.0,0.983
2026-03-22T21:10:07.745-753714-632033,159,false,0.027251375060604772,1,6205.978629215926,1.0,1.0
2026-03-22T21:10:07.745-753714-632033,907,false,0.11972666676321374,1,6205.978629215926,1.0,1.0
2026-03-22T21:10:07.745-753714-632033,301,false,0.11284758839384403,1,6205.978629215926,1.0,1.0
2026-03-22T21:10:07.745-753714-632033,848,true,0.8345899127940118,1,6205.144039303132,1.0,0.988
2026-03-22T21:10:07.745-753714-632033,51,false,0.03660140488645681,1,6205.144039303132,1.0,1.0
2026-03-22T21:10:07.745-753714-632033,267,true,2.733260400609337,1,6202.410778902522,1.0,0.723
2026-03-22T21:10:07.745-753714-632033,47,true,1.025354559666509,1,6201.385424342856,1.0,0.987
2026-03-22T21:10:07.745-753714-632033,283,true,82.91909786437932,1,6118.466326478477,1.0,0.988
2026-03-22T21:10:07.745-753714-632033,34,true,102.50809545499183,1,6015.958231023485,1.0,0.991
2026-03-22T21:10:07.745-753714-632033,604,true,0.29487118750225133,1,6015.663359835982,1.0,0.683
2026-03-22T21:10:07.745-753714-632033,291,true,5.9588389989995365,1,6009.704520836983,1.0,0.987
2026-03-22T21:10:07.745-753714-632033,674,true,5.635195668992215,1,6004.06932516799,1.0,0.991
2026-03-22T21:10:07.745-753714-632033,139,true,1.1193718124481287,1,6002.949953355543,1.0,0.644
2026-03-22T21:10:07.745-753714-632033,181,true,0.5125037873540527,1,6002.437449568189,1.0,0.991
2026-03-22T21:10:07.745-753714-632033,216,true,2.356199278332591,1,6000.081250289856,1.0,0.993
2026-03-22T21:10:07.745-753714-632033,290,true,15.483778380641592,1,5984.597471909215,1.0,0.677
2026-03-22T21:10:07.745-753714-632033,251,true,1.1606570581033222,1,5983.436814851111,1.0,0.988
2026-03-22T21:10:07.745-753714-632033,98,true,0.29703732005009975,1,5983.139777531061,1.0,0.991
2026-03-22T21:10:07.745-753714-632033,56,true,18.339258759701433,1,5964.800518771359,1.0,0.759
2026-03-22T21:10:07.745-753714-632033,913,true,1.0625308782123737,1,5963.737987893146,1.0,0.992
2026-03-22T21:10:07.745-753714-632033,610,true,2.8575496506488256,1,5960.880438242497,1.0,0.992
2026-03-22T21:10:07.745-753714-632033,893,true,39.84890405770581,1,5921.031534184791,1.0,0.993
2026-03-22T21:10:07.745-753714-632033,845,true,1.5274644432057278,1,5919.504069741585,1.0,0.7170000000000001
2026-03-22T21:10:07.745-753714-632033,794,true,11.693599112566039,1,5907.81047062902,1.0,0.987
2026-03-22T21:10:07.745-753714-632033,141,true,1.6746995907234405,1,5906.135771038296,1.0,0.669
2026-03-22T21:10:07.745-753714-632033,949,true,5.273656251778718,1,5900.862114786518,1.0,0.986
2026-03-22T21:10:07.745-753714-632033,11,true,2.9858975431292616,1,5897.876217243389,1.0,0.99
2026-03-22T21:10:07.745-753714-632033,426,true,14.24194126130061,1,5883.634275982088,1.0,0.683
2026-03-22T21:10:07.745-753714-632033,971,true,0.5469712032155599,1,5883.087304778873,1.0,0.995
2026-03-22T21:10:07.745-753714-632033,386,true,1.210777706276333,1,5881.876527072596,1.0,0.993
2026-03-22T21:10:07.745-753714-632033,103,true,8.96959247471186,1,5872.906934597884,1.0,0.986
2026-03-22T21:10:07.745-753714-632033,849,false,0.09864818706148668,1,5872.906934597884,1.0,1.0
2026-03-22T21:10:07.745-753714-632033,253,true,17.632772358505505,1,5855.274162239379,1.0,0.7
2026-03-22T21:10:07.745-753714-632033,742,true,9.538901145732924,1,5845.735261093646,1.0,0.986
2026-03-22T21:10:07.745-753714-632033,12,true,5.1570290296779495,1,5840.578232063968,1.0,0.6639999999999999
2026-03-22T21:10:07.745-753714-632033,988,true,0.8041538224973228,1,5839.774078241471,1.0,0.991
2026-03-22T21:10:07.745-753714-632033,49,true,1.752242214175081,1,5838.021836027297,1.0,0.33099999999999996
2026-03-22T21:10:07.745-753714-632033,837,true,0.32636668017776216,1,5837.695469347119,1.0,0.991
2026-03-22T21:10:07.745-753714-632033,467,false,0.08961577607908361,1,5837.695469347119,1.0,1.0
2026-03-22T21:10:07.745-753714-632033,265,true,57.49837851518739,1,5780.197090831932,1.0,0.30100000000000005
2026-03-22T21:10:07.745-753714-632033,121,true,20.0169976631533,1,5760.1800931687785,1.0,0.667
2026-03-22T21:10:07.745-753714-632033,632,true,7.885514949084444,1,5752.294578219694,1.0,0.984
2026-03-22T21:10:07.745-753714-632033,985,true,2.4723182605328033,1,5749.822259959161,1.0,0.665
2026-03-22T21:10:07.745-753714-632033,476,true,2.215286749494523,1,5747.606973209667,1.0,0.657
2026-03-22T21:10:07.745-753714-632033,854,false,0.07818809603162336,1,5747.606973209667,1.0,1.0
2026-03-22T21:10:07.745-753714-632033,617,true,0.8363331806942416,1,5746.770640028973,1.0,0.995
2026-03-22T21:10:07.745-753714-632033,521,false,0.09531112594784787,1,5746.770640028973,1.0,1.0
2026-03-22T21:10:07.745-753714-632033,970,true,4.659715721690922,1,5742.1109243072815,1.0,0.6839999999999999
2026-03-22T21:10:07.745-753714-632033,375,true,0.24541991412018033,1,5741.865504393161,1.0,0.986
2026-03-22T21:10:07.745-753714-632033,925,true,208.91728058182514,1,5532.948223811336,1.0,0.988
2026-03-22T21:10:07.745-753714-632033,788,true,2.462693718978967,1,5530.485530092357,1.0,0.991
2026-03-22T21:10:07.745-753714-632033,131,true,0.49170492569840896,1,5529.993825166659,1.0,0.988
2026-03-22T21:10:07.745-753714-632033,953,true,1.5840087756201298,1,5528.4098163910385,1.0,0.987
2026-03-22T21:10:07.745-753714-632033,18,true,5.335215681150476,1,5523.074600709888,1.0,0.987
2026-03-22T21:10:07.745-753714-632033,946,true,0.9830499494526811,1,5522.091550760435,1.0,0.6759999999999999
2026-03-22T21:10:07.745-753714-632033,901,true,0.3965107125084407,1,5521.695040047926,1.0,0.471
2026-03-22T21:10:07.745-753714-632033,994,true,3.673935105170066,1,5518.021104942756,1.0,0.991
2026-03-22T21:10:07.745-753714-632033,484,false,0.1045764580020026,1,5518.021104942756,1.0,1.0
2026-03-22T21:10:07.745-753714-632033,393,true,1.9467720425810147,1,5516.074332900175,1.0,0.983
2026-03-22T21:10:07.745-753714-632033,275,true,3.4184332717646377,1,5512.65589962841,1.0,0.99
2026-03-22T21:10:07.745-753714-632033,207,true,2.4903164149787638,1,5510.165583213431,1.0,0.993
2026-03-22T21:10:07.745-753714-632033,401,true,3.3212926006927277,1,5506.844290612738,1.0,0.669
2026-03-22T21:10:07.745-753714-632033,688,true,1.6358406441536564,1,5505.208449968584,1.0,0.992
2026-03-22T21:10:07.745-753714-632033,918,true,9.494946415004016,1,5495.71350355358,1.0,0.985
2026-03-22T21:10:07.745-753714-632033,328,false,0.1063324392305872,1,5495.71350355358,1.0,1.0
2026-03-22T21:10:07.745-753714-632033,910,true,65.5480697969804,1,5430.1654337566,1.0,0.646
2026-03-22T21:10:07.745-753714-632033,189,true,11.862857611274807,1,5418.302576145325,1.0,0.6739999999999999
2026-03-22T21:10:07.745-753714-632033,256,true,5.9577548722356655,1,5412.344821273089,1.0,0.6759999999999999
2026-03-22T21:10:07.745-753714-632033,820,true,0.8560158823170472,1,5411.488805390772,1.0,0.651
2026-03-22T21:10:07.745-753714-632033,277,true,8.15867293107695,1,5403.330132459695,1.0,0.723
2026-03-22T21:10:07.745-753714-632033,878,true,0.9517981926069566,1,5402.378334267088,1.0,0.989
2026-03-22T21:10:07.745-753714-632033,439,false,0.11483471502602034,1,5402.378334267088,1.0,1.0
2026-03-22T21:10:07.745-753714-632033,555,true,4.572279872266065,1,5397.806054394821,1.0,0.987
2026-03-22T21:10:07.745-753714-632033,118,true,1.3413984653703137,1,5396.464655929451,1.0,0.45299999999999996
2026-03-22T21:10:07.745-753714-632033,693,true,2.7415180781635238,1,5393.723137851287,1.0,0.99
2026-03-22T21:10:07.745-753714-632033,501,true,0.313366726081791,1,5393.409771125205,1.0,0.99
2026-03-22T21:10:07.745-753714-632033,805,true,2.090254619524028,1,5391.319516505681,1.0,0.995
2026-03-22T21:10:07.745-753714-632033,606,true,28.19958791965677,1,5363.119928586025,1.0,0.33299999999999996
2026-03-22T21:10:07.745-753714-632033,458,true,278.34594264078737,1,5084.773985945238,1.0,0.671
2026-03-22T21:10:07.745-753714-632033,850,true,22.07235607103998,1,5062.701629874197,1.0,0.495
2026-03-22T21:10:07.745-753714-632033,160,true,1.482054128181209,1,5061.219575746016,1.0,0.989
2026-03-22T21:10:07.745-753714-632033,956,true,23.280480696317095,1,5037.939095049699,1.0,0.6819999999999999
2026-03-22T21:10:07.745-753714-632033,32,true,3.666640570728438,1,5034.272454478971,1.0,0.635
2026-03-22T21:10:07.745-753714-632033,117,true,2.6294738990415065,1,5031.642980579929,1.0,0.31699999999999995
2026-03-22T21:10:07.745-753714-632033,652,true,0.23980261315253942,1,5031.403177966777,1.0,0.988
2026-03-22T21:10:07.745-753714-632033,491,true,15.799078870047776,1,5015.6040990967285,1.0,0.708
2026-03-22T21:10:07.745-753714-632033,772,true,21.708509472848476,1,4993.89558962388,1.0,0.99
2026-03-22T21:10:07.745-753714-632033,510,true,0.8260761233772226,1,4993.0695135005035,1.0,0.45799999999999996
2026-03-22T21:10:07.745-753714-632033,340,true,12.945826405041299,1,4980.123687095463,1.0,0.983
2026-03-22T21:10:07.745-753714-632033,135,true,0.4023905136056468,1,4979.721296581857,1.0,0.663
2026-03-22T21:10:07.745-753714-632033,716,true,3.5356207531874526,1,4976.185675828669,1.0,0.988
2026-03-22T21:10:07.745-753714-632033,802,true,6.6293001407528225,1,4969.556375687916,1.0,0.6759999999999999
2026-03-22T21:10:07.745-753714-632033,436,true,1.34314601385364,1,4968.213229674063,1.0,0.995
2026-03-22T21:10:07.745-753714-632033,865,true,49.37548453433111,1,4918.837745139732,1.0,0.99
2026-03-22T21:10:07.745-753714-632033,567,true,3.0131917338827767,1,4915.824553405849,1.0,0.985
2026-03-22T21:10:07.745-753714-632033,390,true,9.508168797731619,1,4906.316384608117,1.0,0.669
2026-03-22T21:10:07.745-753714-632033,217,true,1.9037586179580117,1,4904.412625990159,1.0,0.681
2026-03-22T21:10:07.745-753714-632033,821,true,3.388010286117639,1,4901.024615704041,1.0,0.44399999999999995
2026-03-22T21:10:07.745-753714-632033,532,true,1.7220692624140261,1,4899.302546441627,1.0,0.745
2026-03-22T21:10:07.745-753714-632033,433,true,1.947815869899125,1,4897.3547305717275,1.0,0.652
2026-03-22T21:10:07.745-753714-632033,619,true,0.7792697524503194,1,4896.575460819277,1.0,0.636
2026-03-22T21:10:07.745-753714-632033,643,true,7.628845240322009,1,4888.946615578955,1.0,0.732
2026-03-22T21:10:07.745-753714-632033,218,true,178.00816867737723,1,4710.938446901578,1.0,0.29800000000000004
2026-03-22T21:10:07.745-753714-632033,810,true,4.627465881139077,1,4706.310981020439,1.0,0.746
2026-03-22T21:10:07.745-753714-632033,78,true,2.5747152745209188,1,4703.736265745918,1.0,0.655
2026-03-22T21:10:07.745-753714-632033,943,true,3.1231995228650415,1,4700.613066223053,1.0,0.6799999999999999
2026-03-22T21:10:07.745-753714-632033,708,true,13.447260507235622,1,4687.1658057158165,1.0,0.988
2026-03-22T21:10:07.745-753714-632033,59,true,0.8079081861787303,1,4686.357897529638,1.0,0.704
2026-03-22T21:10:07.745-753714-632033,373,true,95.6689471370253,1,4590.688950392612,1.0,0.6799999999999999
2026-03-22T21:10:07.745-753714-632033,206,true,13.657216766633864,1,4577.031733625979,1.0,0.667
2026-03-22T21:10:07.745-753714-632033,113,false,0.12815191949225682,1,4577.031733625979,1.0,1.0
2026-03-22T21:10:07.745-753714-632033,355,true,11.120317484590995,1,4565.911416141387,1.0,0.44999999999999996
2026-03-22T21:10:07.745-753714-632033,459,true,8.981907847447122,1,4556.92950829394,1.0,0.515
2026-03-22T21:10:07.745-753714-632033,597,true,9.84171080140716,1,4547.087797492532,1.0,0.993
2026-03-22T21:10:07.745-753714-632033,558,false,0.20888798981247414,1,4547.087797492532,1.0,1.0
2026-03-22T21:10:07.745-753714-632033,870,true,8.93036208431643,1,4538.157435408216,1.0,0.987
2026-03-22T21:10:07.745-753714-632033,13,true,9.745168063897086,1,4528.412267344319,1.0,0.473
2026-03-22T21:10:07.745-753714-632033,224,true,4.8610034877095725,1,4523.55126385661,1.0,0.985
2026-03-22T21:10:07.745-753714-632033,323,false,0.008287566496474386,1,4523.55126385661,1.0,1.0
2026-03-22T21:10:07.745-753714-632033,266,true,94.19174978607141,1,4429.359514070538,1.0,0.0
2026-03-22T21:10:07.745-753714-632033,562,true,1.6012392901987942,1,4427.75827478034,1.0,0.983
2026-03-22T21:10:07.745-753714-632033,825,true,21.758513237737734,1,4405.999761542602,1.0,0.692
2026-03-22T21:10:07.745-753714-632033,475,true,3.3030727695746904,1,4402.696688773027,1.0,0.32299999999999995
2026-03-22T21:10:07.745-753714-632033,730,true,28.099526214312046,1,4374.597162558714,1.0,0.986
2026-03-22T21:10:07.745-753714-632033,177,true,47.63104657456244,1,4326.966115984152,1.0,0.994
2026-03-22T21:10:07.745-753714-632033,509,true,19.86801355812829,1,4307.098102426024,1.0,0.0
2026-03-22T21:10:07.745-753714-632033,272,true,0.9710447588931617,1,4306.12705766713,1.0,0.655
2026-03-22T21:10:07.745-753714-632033,644,true,1.5282597762719756,1,4304.598797890859,1.0,0.6859999999999999
2026-03-22T21:10:07.745-753714-632033,729,true,0.8828856073764353,1,4303.715912283483,1.0,0.667
2026-03-22T21:10:07.745-753714-632033,337,true,2.4382214611229123,1,4301.27769082236,1.0,0.30100000000000005
2026-03-22T21:10:07.745-753714-632033,966,true,4.9401696745383115,1,4296.3375211478215,1.0,0.99
2026-03-22T21:10:07.745-753714-632033,305,true,0.26784019445007895,1,4296.069680953371,1.0,0.995
2026-03-22T21:10:07.745-753714-632033,33,false,0.18038153501321091,1,4296.069680953371,1.0,1.0
2026-03-22T21:10:07.745-753714-632033,678,true,1.9045162620690512,1,4294.165164691302,1.0,0.6819999999999999
2026-03-22T21:10:07.745-753714-632033,638,false,0.06220813873635364,1,4294.165164691302,1.0,1.0
2026-03-22T21:10:07.745-753714-632033,720,true,7.290841676825481,1,4286.874323014477,1.0,0.986
2026-03-22T21:10:07.745-753714-632033,274,true,10.75469027678772,1,4276.119632737689,1.0,0.0010000000000000009
2026-03-22T21:10:07.745-753714-632033,472,true,0.8294259726798033,1,4275.290206765009,1.0,0.655
2026-03-22T21:10:07.745-753714-632033,22,false,0.08834038855874128,1,4275.290206765009,1.0,1.0
2026-03-22T21:10:07.745-753714-632033,332,true,0.8133526273793547,1,4274.47685413763,1.0,0.0010000000000000009
2026-03-22T21:10:07.745-753714-632033,498,true,0.26072730025775104,1,4274.216126837372,1.0,0.6890000000000001
2026-03-22T21:10:07.745-753714-632033,158,false,0.1290252423193346,1,4274.216126837372,1.0,1.0
2026-03-22T21:10:07.745-753714-632033,830,true,0.4149465041751134,1,4273.8011803331965,1.0,0.989
2026-03-22T21:10:07.745-753714-632033,920,true,72.4233146018704,1,4201.377865731326,1.0,0.745
2026-03-22T21:10:07.745-753714-632033,349,true,0.7176581957973667,1,4200.660207535529,1.0,0.7070000000000001
2026-03-22T21:10:07.745-753714-632033,964,true,26.952852031778406,1,4173.7073555037505,1.0,0.6799999999999999
2026-03-22T21:10:07.745-753714-632033,356,true,0.9216191260002105,1,4172.78573637775,1.0,0.0020000000000000018
2026-03-22T21:10:07.745-753714-632033,733,true,2.178992885439128,1,4170.606743492312,1.0,0.675
2026-03-22T21:10:07.745-753714-632033,792,false,0.12673734397477962,1,4170.606743492312,1.0,1.0
2026-03-22T21:10:07.745-753714-632033,71,true,5.0678899409390645,1,4165.538853551372,1.0,0.7070000000000001
2026-03-22T21:10:07.745-753714-632033,285,true,1.1944616130720234,1,4164.3443919383,1.0,0.6719999999999999
2026-03-22T21:10:07.745-753714-632033,615,true,0.5203646094677797,1,4163.824027328832,1.0,0.6659999999999999
2026-03-22T21:10:07.745-753714-632033,406,false,0.09910259706403492,1,4163.824027328832,1.0,1.0
2026-03-22T21:10:07.745-753714-632033,931,false,0.15194754292996948,1,4163.824027328832,1.0,1.0
2026-03-22T21:10:07.745-753714-632033,754,true,3.9784492988119258,1,4159.84557803002,1.0,0.986
2026-03-22T21:10:07.745-753714-632033,228,true,1.7425137500848031,1,4158.103064279935,1.0,0.99
2026-03-22T21:10:07.745-753714-632033,431,true,2.0796246859915053,1,4156.023439593943,1.0,0.661
2026-03-22T21:10:07.745-753714-632033,682,true,71.6413960245358,1,4084.3820435694074,1.0,0.753
2026-03-22T21:10:07.745-753714-632033,226,true,2.1389531493219276,1,4082.2430904200855,1.0,0.44999999999999996
2026-03-22T21:10:07.745-753714-632033,952,true,0.9136247774936207,1,4081.329465642592,1.0,0.31399999999999995
2026-03-22T21:10:07.745-753714-632033,15,true,5.465417038936296,1,4075.8640486036556,1.0,0.0
2026-03-22T21:10:07.745-753714-632033,1000,false,0.04926059374242401,1,4075.8640486036556,1.0,1.0
2026-03-22T21:10:07.745-753714-632033,320,true,9.679789339305042,1,4066.1842592643507,1.0,0.46199999999999997
2026-03-22T21:10:07.745-753714-632033,40,true,0.6381787104372165,1,4065.5460805539133,1.0,0.991
2026-03-22T21:10:07.745-753714-632033,74,true,64.16420531343668,1,4001.381875240477,1.0,0.648
2026-03-22T21:10:07.745-753714-632033,829,true,6.201393709558731,1,3995.180481530918,1.0,0.673
2026-03-22T21:10:07.745-753714-632033,124,true,2.7989111537119404,1,3992.381570377206,1.0,0.763
2026-03-22T21:10:07.745-753714-632033,808,true,11.33685422819839,1,3981.044716149008,1.0,0.31299999999999994
2026-03-22T21:10:07.745-753714-632033,364,true,49.45831267577229,1,3931.5864034732354,1.0,0.987
2026-03-22T21:10:07.745-753714-632033,208,false,0.20623644775313396,1,3931.5864034732354,1.0,1.0
2026-03-22T21:10:07.745-753714-632033,362,false,0.07272761310839901,1,3931.5864034732354,1.0,1.0
2026-03-22T21:10:07.745-753714-632033,209,true,5.964445624619496,1,3925.6219578486157,1.0,0.31599999999999995
2026-03-22T21:10:07.745-753714-632033,880,true,0.2580603309702098,1,3925.3638975176455,1.0,0.671
2026-03-22T21:10:07.745-753714-632033,752,true,7.763742692587214,1,3917.6001548250583,1.0,0.6619999999999999
2026-03-22T21:10:07.745-753714-632033,600,false,0.09890191337246629,1,3917.6001548250583,1.0,1.0
2026-03-22T21:10:07.745-753714-632033,229,true,4.263732735198943,1,3913.3364220898593,1.0,0.30700000000000005
2026-03-22T21:10:07.745-753714-632033,55,true,2.2265038738782597,1,3911.109918215981,1.0,0.32999999999999996
2026-03-22T21:10:07.745-753714-632033,656,true,14.400902282178704,1,3896.709015933802,1.0,0.993
2026-03-22T21:10:07.745-753714-632033,109,true,2.012915493210311,1,3894.696100440592,1.0,0.6930000000000001
2026-03-22T21:10:07.745-753714-632033,503,false,0.0027469878968195117,1,3894.696100440592,1.0,1.0
2026-03-22T21:10:07.745-753714-632033,530,true,0.9269327086318813,1,3893.7691677319604,1.0,0.6579999999999999
2026-03-22T21:10:07.745-753714-632033,418,false,0.009454138114125894,1,3893.7691677319604,1.0,1.0
2026-03-22T21:10:07.745-753714-632033,841,true,3.1716427053167258,1,3890.597525026644,1.0,0.99
2026-03-22T21:10:07.745-753714-632033,14,true,1.9791134839656876,1,3888.618411542678,1.0,0.0
2026-03-22T21:10:07.745-753714-632033,713,true,1.20778011304012,1,3887.410631429638,1.0,0.648
2026-03-22T21:10:07.745-753714-632033,345,true,10.286917992583577,1,3877.1237134370544,1.0,0.985
2026-03-22T21:10:07.745-753714-632033,268,true,0.7744828667317901,1,3876.3492305703226,1.0,0.0010000000000000009
2026-03-22T21:10:07.745-753714-632033,469,true,9.39278348246988,1,3866.9564470878527,1.0,0.6579999999999999
2026-03-22T21:10:07.745-753714-632033,911,true,5.496579041013438,1,3861.4598680468393,1.0,0.529
2026-03-22T21:10:07.745-753714-632033,165,true,20.976478275455758,1,3840.4833897713834,1.0,0.988
2026-03-22T21:10:07.745-753714-632033,372,true,2.3813876104320486,1,3838.1020021609515,1.0,0.30800000000000005
2026-03-22T21:10:07.745-753714-632033,366,true,0.8485415203288897,1,3837.2534606406225,1.0,0.639
2026-03-22T21:10:07.745-753714-632033,592,true,7.178064732313185,1,3830.0753959083095,1.0,0.661
2026-03-22T21:10:07.745-753714-632033,979,true,3.994434031876783,1,3826.080961876433,1.0,0.989
2026-03-22T21:10:07.745-753714-632033,300,true,0.8885766330540078,1,3825.192385243379,1.0,0.675
2026-03-22T21:10:07.745-753714-632033,112,true,71.51289473278881,1,3753.67949051059,1.0,0.6679999999999999
2026-03-22T21:10:07.745-753714-632033,169,true,1.084387564933936,1,3752.595102945656,1.0,0.989
2026-03-22T21:10:07.745-753714-632033,814,true,0.8800444009906839,1,3751.715058544665,1.0,0.993
2026-03-22T21:10:07.745-753714-632033,485,true,5.864295565994077,1,3745.8507629786714,1.0,0.986
2026-03-22T21:10:07.745-753714-632033,183,false,0.04557298572324042,1,3745.8507629786714,1.0,1.0
2026-03-22T21:10:07.745-753714-632033,935,true,0.5621243027546153,1,3745.288638675917,1.0,0.99
2026-03-22T21:10:07.745-753714-632033,101,true,5.596421357416608,1,3739.6922173185003,1.0,0.351
2026-03-22T21:10:07.745-753714-632033,507,true,6.422706782360105,1,3733.2695105361404,1.0,0.0010000000000000009
2026-03-22T21:10:07.745-753714-632033,48,true,0.3729070251133143,1,3732.896603511027,1.0,0.475
2026-03-22T21:10:07.745-753714-632033,346,false,0.03441021392989914,1,3732.896603511027,1.0,1.0
2026-03-22T21:10:07.745-753714-632033,136,true,0.8273513727765923,1,3732.0692521382502,1.0,0.0020000000000000018
2026-03-22T21:10:07.745-753714-632033,726,true,10.155430582529087,1,3721.9138215557214,1.0,0.46799999999999997
2026-03-22T21:10:07.745-753714-632033,58,true,45.5155865529547,1,3676.398235002767,1.0,0.03700000000000003
2026-03-22T21:10:07.745-753714-632033,576,true,4.470447001729954,1,3671.927788001037,1.0,0.995
2026-03-22T21:10:07.745-753714-632033,698,true,4.507117331052956,1,3667.420670669984,1.0,0.988
2026-03-22T21:10:07.745-753714-632033,724,true,2.182523871255406,1,3665.2381467987284,1.0,0.32499999999999996
2026-03-22T21:10:07.745-753714-632033,822,true,4.850798061956386,1,3660.387348736772,1.0,0.0
2026-03-22T21:10:07.745-753714-632033,739,true,1.803307193748776,1,3658.584041543023,1.0,0.7
2026-03-22T21:10:07.745-753714-632033,496,true,56.289170533520206,1,3602.294871009503,1.0,0.723
2026-03-22T21:10:07.745-753714-632033,940,true,2.7224829093945186,1,3599.5723881001086,1.0,0.733
2026-03-22T21:10:07.745-753714-632033,655,true,0.9968642569804956,1,3598.575523843128,1.0,0.30200000000000005
2026-03-22T21:10:07.745-753714-632033,223,true,8.394990480347932,1,3590.18053336278,1.0,0.33199999999999996
2026-03-22T21:10:07.745-753714-632033,370,true,0.4265636054998681,1,3589.75396975728,1.0,0.29200000000000004
2026-03-22T21:10:07.745-753714-632033,816,true,101.74715030295324,1,3488.006819454327,1.0,0.688
2026-03-22T21:10:07.745-753714-632033,771,true,6.152323053204113,1,3481.8544964011226,1.0,0.654
2026-03-22T21:10:07.745-753714-632033,653,true,45.077551116653325,1,3436.776945284469,1.0,0.029000000000000026
2026-03-22T21:10:07.745-753714-632033,241,true,1.8615559179596484,1,3434.9153893665093,1.0,0.988
2026-03-22T21:10:07.745-753714-632033,520,true,0.637052819007273,1,3434.278336547502,1.0,0.996
2026-03-22T21:10:07.745-753714-632033,534,true,19.49332489727525,1,3414.785011650227,1.0,0.688
2026-03-22T21:10:07.745-753714-632033,936,true,1.7686835567774029,1,3413.0163280934494,1.0,0.675
2026-03-22T21:10:07.745-753714-632033,292,true,0.7604070479520945,1,3412.2559210454974,1.0,0.5489999999999999
2026-03-22T21:10:07.745-753714-632033,686,true,1.1852190204463313,1,3411.070702025051,1.0,0.646
2026-03-22T21:10:07.745-753714-632033,6,true,15.683081596945193,1,3395.387620428106,1.0,0.988
2026-03-22T21:10:07.745-753714-632033,215,true,0.4803591112988811,1,3394.907261316807,1.0,0.0020000000000000018
2026-03-22T21:10:07.745-753714-632033,434,true,63.93855371570351,1,3330.9687076011032,1.0,0.0010000000000000009
2026-03-22T21:10:07.745-753714-632033,628,true,0.6926063936028203,1,3330.2761012075002,1.0,0.99
2026-03-22T21:10:07.745-753714-632033,244,true,3.7674279512663182,1,3326.508673256234,1.0,0.5700000000000001
2026-03-22T21:10:07.745-753714-632033,324,true,78.14275678714735,1,3248.3659164690866,1.0,0.6779999999999999
2026-03-22T21:10:07.745-753714-632033,843,false,0.026677991576898156,1,3248.3659164690866,1.0,1.0
2026-03-22T21:10:07.745-753714-632033,992,false,0.11074990800687055,1,3248.3659164690866,1.0,1.0
2026-03-22T21:10:07.745-753714-632033,737,true,0.5125169171671157,1,3247.8533995519197,1.0,0.6839999999999999
2026-03-22T21:10:07.745-753714-632033,858,true,0.48331510588497806,1,3247.3700844460345,1.0,0.993
2026-03-22T21:10:07.745-753714-632033,210,true,0.8046837176268908,1,3246.5654007284074,1.0,0.31299999999999994
2026-03-22T21:10:07.745-753714-632033,934,true,5.333033480040597,1,3241.2323672483667,1.0,0.15400000000000003
2026-03-22T21:10:07.745-753714-632033,722,true,429.5403717549002,1,2811.6919954934665,1.0,0.0
2026-03-22T21:10:07.745-753714-632033,974,true,0.7214533644935872,1,2810.9705421289727,1.0,0.6970000000000001
2026-03-22T21:10:07.745-753714-632033,736,true,6.033915908903741,1,2804.936626220069,1.0,0.04300000000000004
2026-03-22T21:10:07.745-753714-632033,122,true,0.24384334673747585,1,2804.6927828733315,1.0,0.0
2026-03-22T21:10:07.745-753714-632033,446,true,6.888973746038515,1,2797.803809127293,1.0,0.984
2026-03-22T21:10:07.745-753714-632033,326,true,8.887247240360129,1,2788.916561886933,1.0,0.29600000000000004
2026-03-22T21:10:07.745-753714-632033,464,true,1.9805209477905392,1,2786.9360409391425,1.0,0.657
2026-03-22T21:10:07.745-753714-632033,96,true,2.4206392974704674,1,2784.515401641672,1.0,0.43799999999999994
2026-03-22T21:10:07.745-753714-632033,625,true,5.568510455401553,1,2778.9468911862705,1.0,0.31999999999999995
2026-03-22T21:10:07.745-753714-632033,240,true,137.35566547611577,1,2641.5912257101545,1.0,0.638
2026-03-22T21:10:07.745-753714-632033,575,false,0.08569972630704933,1,2641.5912257101545,1.0,1.0
2026-03-22T21:10:07.745-753714-632033,827,false,0.011399879932324875,1,2641.5912257101545,1.0,1.0
2026-03-22T21:10:07.745-753714-632033,148,true,5.0130726687529386,1,2636.5781530414015,1.0,0.988
2026-03-22T21:10:07.745-753714-632033,967,true,0.8147309863748304,1,2635.7634220550267,1.0,0.0
2026-03-22T21:10:07.745-753714-632033,27,true,21.77354995218114,1,2613.9898721028458,1.0,0.99
2026-03-22T21:10:07.745-753714-632033,803,false,0.010191792864702374,1,2613.9898721028458,1.0,1.0
2026-03-22T21:10:07.745-753714-632033,877,true,13.203618936750196,1,2600.786253166096,1.0,0.31899999999999995
2026-03-22T21:10:07.745-753714-632033,750,true,9.40621727074051,1,2591.3800358953554,1.0,0.671
2026-03-22T21:10:07.745-753714-632033,470,true,9.144788555161927,1,2582.2352473401934,1.0,0.31699999999999995
2026-03-22T21:10:07.745-753714-632033,63,false,0.029721688610542633,1,2582.2352473401934,1.0,1.0
2026-03-22T21:10:07.745-753714-632033,455,true,2.7211637915458797,1,2579.5140835486477,1.0,0.687
2026-03-22T21:10:07.745-753714-632033,705,true,1.6953368076774034,1,2577.8187467409703,1.0,0.32299999999999995
2026-03-22T21:10:07.745-753714-632033,549,true,13.58219161057126,1,2564.236555130399,1.0,0.992
2026-03-22T21:10:07.745-753714-632033,35,true,3.075073209051162,1,2561.1614819213482,1.0,0.45399999999999996
2026-03-22T21:10:07.745-753714-632033,908,true,152.8138529307128,1,2408.3476289906353,1.0,0.29500000000000004
2026-03-22T21:10:07.745-753714-632033,589,true,88.76244468103026,1,2319.585184309605,1.0,0.6739999999999999
2026-03-22T21:10:07.745-753714-632033,947,true,8.893031774245296,1,2310.69215253536,1.0,0.30300000000000005
2026-03-22T21:10:07.745-753714-632033,631,true,13.97144152173555,1,2296.7207110136246,1.0,0.33099999999999996
2026-03-22T21:10:07.745-753714-632033,151,true,1.1813275074536258,1,2295.539383506171,1.0,0.45199999999999996
2026-03-22T21:10:07.745-753714-632033,359,true,17.33387873968539,1,2278.2055047664853,1.0,0.45599999999999996
2026-03-22T21:10:07.745-753714-632033,727,true,2.210347821359878,1,2275.9951569451255,1.0,0.0
2026-03-22T21:10:07.745-753714-632033,480,true,65.90137545476246,1,2210.093781490363,1.0,0.648
2026-03-22T21:10:07.745-753714-632033,984,true,1.7758363609232048,1,2208.31794512944,1.0,0.6739999999999999
2026-03-22T21:10:07.745-753714-632033,134,true,3.1444770383409746,1,2205.173468091099,1.0,0.0
2026-03-22T21:10:07.745-753714-632033,338,true,0.5684006528125366,1,2204.6050674382864,1.0,0.0010000000000000009
2026-03-22T21:10:07.745-753714-632033,17,false,0.1672796925896241,1,2204.6050674382864,1.0,1.0
2026-03-22T21:10:07.745-753714-632033,69,true,0.3445147027825221,1,2204.260552735504,1.0,0.46099999999999997
2026-03-22T21:10:07.745-753714-632033,581,true,2.6831635101232734,1,2201.5773892253806,1.0,0.985
2026-03-22T21:10:07.745-753714-632033,881,true,0.8702277156015008,1,2200.707161509779,1.0,0.44299999999999995
2026-03-22T21:10:07.745-753714-632033,569,true,6.626997326815636,1,2194.080164182963,1.0,0.654
2026-03-22T21:10:07.745-753714-632033,149,true,0.984468831054425,1,2193.0956953519085,1.0,0.29900000000000004
2026-03-22T21:10:07.745-753714-632033,140,true,24.613494171516447,1,2168.482201180392,1.0,0.040000000000000036
2026-03-22T21:10:07.745-753714-632033,975,true,7.84518975337753,1,2160.637011427015,1.0,0.645
2026-03-22T21:10:07.745-753714-632033,201,true,1.4178168705125431,1,2159.2191945565023,1.0,0.991
2026-03-22T21:10:07.745-753714-632033,646,false,0.19242502842917264,1,2159.2191945565023,1.0,1.0
2026-03-22T21:10:07.745-753714-632033,499,true,0.7427360451007078,1,2158.4764585114017,1.0,0.0010000000000000009
2026-03-22T21:10:07.745-753714-632033,495,true,0.6929592640057245,1,2157.783499247396,1.0,0.524
2026-03-22T21:10:07.745-753714-632033,94,true,0.7210346057121771,1,2157.0624646416836,1.0,0.347
2026-03-22T21:10:07.745-753714-632033,421,true,151.7316837534869,1,2005.3307808881968,1.0,0.99
2026-03-22T21:10:07.745-753714-632033,832,true,4.0348449367682875,1,2001.2959359514286,1.0,0.30600000000000005
2026-03-22T21:10:07.745-753714-632033,127,true,0.6055137161109665,1,2000.6904222353178,1.0,0.657
2026-03-22T21:10:07.745-753714-632033,219,true,0.33841915640574144,1,2000.352003078912,1.0,0.03600000000000003
2026-03-22T21:10:07.745-753714-632033,536,true,0.9117418234994247,1,1999.4402612554127,1.0,0.704
2026-03-22T21:10:07.745-753714-632033,234,false,0.15126444488629168,1,1999.4402612554127,1.0,1.0
2026-03-22T21:10:07.745-753714-632033,427,true,5.5161595035057465,1,1993.9241017519068,1.0,0.29200000000000004
2026-03-22T21:10:07.745-753714-632033,701,true,0.38113425718969984,1,1993.5429674947172,1.0,0.29400000000000004
2026-03-22T21:10:07.745-753714-632033,782,false,0.1595180561941936,1,1993.5429674947172,1.0,1.0
2026-03-22T21:10:07.745-753714-632033,488,true,23.627224590628128,1,1969.915742904089,1.0,0.0040000000000000036
2026-03-22T21:10:07.745-753714-632033,110,true,1.8807346121401054,1,1968.035008291949,1.0,0.29800000000000004
2026-03-22T21:10:07.745-753714-632033,683,true,24.79647470383619,1,1943.238533588113,1.0,0.040000000000000036
2026-03-22T21:10:07.745-753714-632033,423,false,0.1750609067027628,1,1943.238533588113,1.0,1.0
2026-03-22T21:10:07.745-753714-632033,72,true,0.32328428403697546,1,1942.9152493040758,1.0,0.0
2026-03-22T21:10:07.745-753714-632033,834,false,0.16651536546652404,1,1942.9152493040758,1.0,1.0
2026-03-22T21:10:07.745-753714-632033,120,false,0.17025519487709767,1,1942.9152493040758,1.0,1.0
2026-03-22T21:10:07.745-753714-632033,557,true,142.1573241254401,1,1800.7579251786358,1.0,0.671
2026-03-22T21:10:07.745-753714-632033,582,true,38.81585223798436,1,1761.9420729406515,1.0,0.706
2026-03-22T21:10:07.745-753714-632033,263,true,0.5140773140953836,1,1761.4279956265561,1.0,0.0020000000000000018
2026-03-22T21:10:07.745-753714-632033,310,true,0.9674036401317972,1,1760.4605919864243,1.0,0.988
2026-03-22T21:10:07.745-753714-632033,951,true,1.2914753302234105,1,1759.169116656201,1.0,0.0010000000000000009
2026-03-22T21:10:07.745-753714-632033,657,true,2.0424333671516623,1,1757.1266832890492,1.0,0.31200000000000006
2026-03-22T21:10:07.745-753714-632033,868,true,0.23514290999386522,1,1756.8915403790554,1.0,0.30200000000000005
2026-03-22T21:10:07.745-753714-632033,100,true,2.1174078332761233,1,1754.7741325457794,1.0,0.0040000000000000036
2026-03-22T21:10:07.745-753714-632033,318,true,2.6476619202264895,1,1752.1264706255529,1.0,0.653
2026-03-22T21:10:07.745-753714-632033,493,true,28.311506318499294,1,1723.8149643070535,1.0,0.0
2026-03-22T21:10:07.745-753714-632033,957,true,1.0178866629120635,1,1722.7970776441414,1.0,0.679
2026-03-22T21:10:07.745-753714-632033,65,true,2.9935855714898887,1,1719.8034920726516,1.0,0.44499999999999995
2026-03-22T21:10:07.745-753714-632033,990,true,4.0020335808148815,1,1715.8014584918367,1.0,0.679
2026-03-22T21:10:07.745-753714-632033,817,true,35.0048660437129,1,1680.7965924481239,1.0,0.0
2026-03-22T21:10:07.745-753714-632033,286,true,8.329695011841672,1,1672.4668974362821,1.0,0.03600000000000003
2026-03-22T21:10:07.745-753714-632033,502,true,37.31994117724591,1,1635.1469562590362,1.0,0.476
2026-03-22T21:10:07.745-753714-632033,888,true,7.800135116201179,1,1627.346821142835,1.0,0.99
2026-03-22T21:10:07.745-753714-632033,634,true,0.5557998693777522,1,1626.7910212734573,1.0,0.45399999999999996
2026-03-22T21:10:07.745-753714-632033,929,false,0.02677443157092489,1,1626.7910212734573,1.0,1.0
2026-03-22T21:10:07.745-753714-632033,543,true,2.2168400103234855,1,1624.5741812631338,1.0,0.653
2026-03-22T21:10:07.745-753714-632033,278,true,15.165239018160637,1,1609.408942244973,1.0,0.30600000000000005
2026-03-22T21:10:07.745-753714-632033,544,true,0.9000786694687092,1,1608.5088635755044,1.0,0.345
2026-03-22T21:10:07.745-753714-632033,204,true,0.3244497169882262,1,1608.184413858516,1.0,0.0030000000000000027
2026-03-22T21:10:07.745-753714-632033,613,true,6.939053612762921,1,1601.245360245753,1.0,0.31599999999999995
2026-03-22T21:10:07.745-753714-632033,396,true,12.579903951364503,1,1588.6654562943886,1.0,0.683
2026-03-22T21:10:07.745-753714-632033,481,true,9.651434965101693,1,1579.0140213292868,1.0,0.30500000000000005
2026-03-22T21:10:07.745-753714-632033,10,true,0.430927951125028,1,1578.5830933781617,1.0,0.0020000000000000018
2026-03-22T21:10:07.745-753714-632033,819,false,0.20527329501011343,1,1578.5830933781617,1.0,1.0
2026-03-22T21:10:07.745-753714-632033,611,true,5.938873713431343,1,1572.6442196647304,1.0,0.038000000000000034
2026-03-22T21:10:07.745-753714-632033,50,true,13.731137088322846,1,1558.9130825764075,1.0,0.0
2026-03-22T21:10:07.745-753714-632033,765,true,22.968538214545514,1,1535.944544361862,1.0,0.681
2026-03-22T21:10:07.745-753714-632033,409,true,6.463796834008042,1,1529.480747527854,1.0,0.99
2026-03-22T21:10:07.745-753714-632033,584,true,10.989079281991645,1,1518.4916682458622,1.0,0.31599999999999995
2026-03-22T21:10:07.745-753714-632033,986,true,0.6414826904819932,1,1517.8501855553802,1.0,0.04500000000000004
2026-03-22T21:10:07.745-753714-632033,220,true,5.347766722033942,1,1512.5024188333464,1.0,0.0
2026-03-22T21:10:07.745-753714-632033,626,true,0.3650938829295779,1,1512.1373249504168,1.0,0.0040000000000000036
2026-03-22T21:10:07.745-753714-632033,977,true,0.30586679862786215,1,1511.8314581517889,1.0,0.0
2026-03-22T21:10:07.745-753714-632033,535,true,5.398199051375464,1,1506.4332591004134,1.0,0.0030000000000000027
2026-03-22T21:10:07.745-753714-632033,945,true,3.7496081139240296,1,1502.6836509864893,1.0,0.0010000000000000009
2026-03-22T21:10:07.745-753714-632033,969,false,0.06468749335426278,1,1502.6836509864893,1.0,1.0
2026-03-22T21:10:07.745-753714-632033,522,true,4.519788153310379,1,1498.1638628331789,1.0,0.71
2026-03-22T21:10:07.745-753714-632033,377,false,0.07574997369944315,1,1498.1638628331789,1.0,1.0
2026-03-22T21:10:07.745-753714-632033,862,true,1.1114346151535621,1,1497.0524282180254,1.0,0.6579999999999999
2026-03-22T21:10:07.745-753714-632033,559,true,1.6225125197831305,1,1495.4299156982422,1.0,0.30200000000000005
2026-03-22T21:10:07.745-753714-632033,526,true,1.658603685845503,1,1493.7713120123967,1.0,0.992
2026-03-22T21:10:07.745-753714-632033,21,true,3.75650384226815,1,1490.0148081701286,1.0,0.6679999999999999
2026-03-22T21:10:07.745-753714-632033,950,true,9.81997822112094,1,1480.1948299490077,1.0,0.0
2026-03-22T21:10:07.745-753714-632033,284,true,2.1447017098694867,1,1478.0501282391383,1.0,0.0010000000000000009
2026-03-22T21:10:07.745-753714-632033,445,true,21.432810125577802,1,1456.6173181135605,1.0,0.6819999999999999
2026-03-22T21:10:07.745-753714-632033,280,true,1.3931141526922415,1,1455.2242039608682,1.0,0.0010000000000000009
2026-03-22T21:10:07.745-753714-632033,168,true,0.46709578850624833,1,1454.757108172362,1.0,0.039000000000000035
2026-03-22T21:10:07.745-753714-632033,371,true,4.605310784757475,1,1450.1517973876046,1.0,0.0020000000000000018
2026-03-22T21:10:07.745-753714-632033,271,true,1.2031269275718761,1,1448.9486704600326,1.0,0.0
2026-03-22T21:10:07.745-753714-632033,400,true,4.421819622122872,1,1444.5268508379097,1.0,0.675
2026-03-22T21:10:07.745-753714-632033,89,true,4.165504828925044,1,1440.3613460089846,1.0,0.45999999999999996
2026-03-22T21:10:07.745-753714-632033,731,true,5.382293817189977,1,1434.9790521917946,1.0,0.0
2026-03-22T21:10:07.745-753714-632033,664,true,12.985836618335153,1,1421.9932155734596,1.0,0.737
2026-03-22T21:10:07.745-753714-632033,909,true,5.871755789493497,1,1416.121459783966,1.0,0.0020000000000000018
2026-03-22T21:10:07.745-753714-632033,768,true,5.345328167839979,1,1410.776131616126,1.0,0.0
2026-03-22T21:10:07.745-753714-632033,959,true,0.42245398225917663,1,1410.3536776338667,1.0,0.33899999999999997
2026-03-22T21:10:07.745-753714-632033,665,true,0.6231286421293464,1,1409.7305489917374,1.0,0.669
2026-03-22T21:10:07.745-753714-632033,585,true,4.06325751153669,1,1405.6672914802007,1.0,0.45599999999999996
2026-03-22T21:10:07.745-753714-632033,76,true,5.04510237246549,1,1400.6221891077353,1.0,0.0020000000000000018
2026-03-22T21:10:07.745-753714-632033,62,true,10.294541487809736,1,1390.3276476199255,1.0,0.45199999999999996
2026-03-22T21:10:07.745-753714-632033,293,true,10.77675073640191,1,1379.5508968835236,1.0,0.0010000000000000009
2026-03-22T21:10:07.745-753714-632033,872,true,96.4680892563553,1,1283.0828076271682,1.0,0.6799999999999999
2026-03-22T21:10:07.745-753714-632033,660,true,14.19515370193033,1,1268.8876539252378,1.0,0.659
2026-03-22T21:10:07.745-753714-632033,157,true,34.291020089989644,1,1234.5966338352482,1.0,0.679
2026-03-22T21:10:07.745-753714-632033,191,true,2.30887975552217,1,1232.287754079726,1.0,0.28600000000000003
2026-03-22T21:10:07.745-753714-632033,525,true,12.703035235020216,1,1219.5847188447058,1.0,0.30400000000000005
2026-03-22T21:10:07.745-753714-632033,424,false,0.05448349223991907,1,1219.5847188447058,1.0,1.0
2026-03-22T21:10:07.745-753714-632033,998,true,9.687958685530777,1,1209.896760159175,1.0,0.732
2026-03-22T21:10:07.745-753714-632033,874,true,0.26540368641706846,1,1209.631356472758,1.0,0.33199999999999996
2026-03-22T21:10:07.745-753714-632033,321,true,1.0586073325360859,1,1208.572749140222,1.0,0.0
2026-03-22T21:10:07.745-753714-632033,999,true,23.774839070901965,1,1184.79791006932,1.0,0.653
2026-03-22T21:10:07.745-753714-632033,412,true,5.174022075006331,1,1179.6238879943137,1.0,0.7
2026-03-22T21:10:07.745-753714-632033,456,true,1.9872685270191088,1,1177.6366194672946,1.0,0.0
2026-03-22T21:10:07.745-753714-632033,795,true,22.993770963881556,1,1154.642848503413,1.0,0.675
2026-03-22T21:10:07.745-753714-632033,4,true,42.048749499722874,1,1112.5940990036902,1.0,0.6950000000000001
2026-03-22T21:10:07.745-753714-632033,620,true,10.535588989769705,1,1102.0585100139206,1.0,0.03600000000000003
2026-03-22T21:10:07.745-753714-632033,749,true,2.1278773832784665,1,1099.930632630642,1.0,0.43999999999999995
2026-03-22T21:10:07.745-753714-632033,105,true,171.658229886194,1,928.2724027444481,1.0,0.45999999999999996
2026-03-22T21:10:07.745-753714-632033,932,true,1.6052509895397673,1,926.6671517549083,1.0,0.32599999999999996
2026-03-22T21:10:07.745-753714-632033,296,true,0.2566826638213084,1,926.4104690910871,1.0,0.30800000000000005
2026-03-22T21:10:07.745-753714-632033,886,true,5.169767726792144,1,921.240701364295,1.0,0.681
2026-03-22T21:10:07.745-753714-632033,474,true,2.0510829664587478,1,919.1896183978363,1.0,0.0
2026-03-22T21:10:07.745-753714-632033,352,true,33.54357965314629,1,885.64603874469,1.0,0.03300000000000003
2026-03-22T21:10:07.745-753714-632033,989,true,0.40926579408583724,1,885.2367729506042,1.0,0.0010000000000000009
2026-03-22T21:10:07.745-753714-632033,325,true,0.9030137365775818,1,884.3337592140266,1.0,0.0010000000000000009
2026-03-22T21:10:07.745-753714-632033,879,true,1.6472265861463542,1,882.6865326278803,1.0,0.0
2026-03-22T21:10:07.745-753714-632033,675,true,2.824687173729946,1,879.8618454541504,1.0,0.04500000000000004
2026-03-22T21:10:07.745-753714-632033,454,false,0.2084657346231733,1,879.8618454541504,1.0,1.0
2026-03-22T21:10:07.745-753714-632033,87,true,2.0086332413865318,1,877.8532122127639,1.0,0.6970000000000001
2026-03-22T21:10:07.745-753714-632033,545,true,3.9129173683865712,1,873.9402948443773,1.0,0.0010000000000000009
2026-03-22T21:10:07.745-753714-632033,342,true,0.3447501193078269,1,873.5955447250694,1.0,0.45899999999999996
2026-03-22T21:10:07.745-753714-632033,828,true,1.0317583708059919,1,872.5637863542635,1.0,0.17500000000000004
2026-03-22T21:10:07.745-753714-632033,133,true,4.059254854092707,1,868.5045315001707,1.0,0.0
2026-03-22T21:10:07.745-753714-632033,123,false,0.02047803155533033,1,868.5045315001707,1.0,1.0
2026-03-22T21:10:07.745-753714-632033,873,true,0.8623839493013069,1,867.6421475508695,1.0,0.0030000000000000027
2026-03-22T21:10:07.745-753714-632033,883,true,555.0643562956708,1,312.5777912551987,1.0,0.0
2026-03-22T21:10:07.745-753714-632033,547,true,1.694847910135257,1,310.88294334506344,1.0,0.0010000000000000009
2026-03-22T21:10:07.745-753714-632033,627,true,6.3598797482174545,1,304.523063596846,1.0,0.0
2026-03-22T21:10:07.745-753714-632033,818,true,2.096110364723091,1,302.4269532321229,1.0,0.0
2026-03-22T21:10:07.745-753714-632033,57,true,1.2391849240565127,1,301.1877683080664,1.0,0.0
2026-03-22T21:10:07.745-753714-632033,357,true,11.11607810551712,1,290.07169020254923,1.0,0.0
2026-03-22T21:10:07.745-753714-632033,115,true,3.396692358400714,1,286.6749978441485,1.0,0.0010000000000000009
2026-03-22T21:10:07.745-753714-632033,281,true,8.626309555844996,1,278.0486882883035,1.0,0.0
2026-03-22T21:10:07.745-753714-632033,685,false,0.12042560048319192,1,278.0486882883035,1.0,1.0
2026-03-22T21:10:07.745-753714-632033,452,true,5.956541875294691,1,272.0921464130088,1.0,0.7030000000000001
2026-03-22T21:10:07.745-753714-632033,588,true,10.850882532984224,1,261.2412638800246,1.0,0.04600000000000004
2026-03-22T21:10:07.745-753714-632033,776,true,2.5587402444947385,1,258.68252363552983,1.0,0.986
2026-03-22T21:10:07.745-753714-632033,928,true,2.570996418114921,1,256.1115272174149,1.0,0.638
2026-03-22T21:10:07.745-753714-632033,514,true,81.81679152093615,1,174.29473569647877,1.0,0.31599999999999995
2026-03-22T21:10:07.745-753714-632033,639,true,0.9936472583209569,1,173.30108843815782,1.0,0.993
2026-03-22T21:10:07.745-753714-632033,252,true,1.4198739512131313,1,171.88121448694469,1.0,0.32599999999999996
2026-03-22T21:10:07.745-753714-632033,184,true,0.2360634076697337,1,171.64515107927494,1.0,0.6659999999999999
2026-03-22T21:10:07.745-753714-632033,641,false,0.1042946176470077,1,171.64515107927494,1.0,1.0
2026-03-22T21:10:07.745-753714-632033,200,true,8.601594677537589,1,163.04355640173736,1.0,0.669
2026-03-22T21:10:07.745-753714-632033,175,true,1.2691444441101238,1,161.77441195762725,1.0,0.721
2026-03-22T21:10:07.745-753714-632033,152,true,1.4424482759670687,1,160.33196368166017,1.0,0.30100000000000005
2026-03-22T21:10:07.745-753714-632033,156,true,15.917819447571663,1,144.4141442340885,1.0,0.652
2026-03-22T21:10:07.745-753714-632033,780,false,0.05510605407267898,1,144.4141442340885,1.0,1.0
2026-03-22T21:10:07.745-753714-632033,694,true,111.27138616380958,1,33.142758070278916,1.0,0.472
2026-03-22T21:10:07.745-753714-632033,527,true,3.005837094922531,1,30.136920975356386,1.0,0.04300000000000004
2026-03-22T21:10:07.745-753714-632033,84,true,2.6224588033643252,1,27.51446217199206,1.0,0.6719999999999999
2026-03-22T21:10:07.745-753714-632033,571,true,2.3363892728884785,1,25.178072899103583,1.0,0.659
2026-03-22T21:10:07.745-753714-632033,399,true,5.422964319973427,1,19.755108579130155,1.0,0.0
2026-03-22T21:10:07.745-753714-632033,871,true,15.438308593920427,1,4.3167999852097285,1.0,0.0
2026-03-22T21:10:07.745-753714-632033,273,true,3.2062980827109153,1,1.1105019024988132,1.0,0.0
2026-03-22T21:10:07.745-753714-632033,336,true,4.058410181744286,1,-2.9479082792454725,1.0,0.0
2026-03-22T21:10:07.745-455326-370017,348,true,17.19761445815138,1,4486.192894245024,1.0,0.991
2026-03-22T21:10:07.745-455326-370017,548,true,19.889883875226296,1,4466.303010369797,1.0,0.997
2026-03-22T21:10:07.745-455326-370017,671,true,4.215464942588956,1,4462.087545427208,1.0,0.997
2026-03-22T21:10:07.745-455326-370017,581,true,0.3132883172856218,1,4461.7742571099225,1.0,0.993
2026-03-22T21:10:07.745-455326-370017,422,true,0.29439204367716015,1,4461.479865066245,1.0,0.99
2026-03-22T21:10:07.745-455326-370017,801,true,147.36307911019676,1,4314.116785956048,1.0,0.987
2026-03-22T21:10:07.745-455326-370017,848,true,0.28234007693769486,1,4313.834445879111,1.0,0.997
2026-03-22T21:10:07.745-455326-370017,876,true,1.6587548224561441,1,4312.175691056655,1.0,0.991
2026-03-22T21:10:07.745-455326-370017,25,true,1.6273166300570117,1,4310.548374426598,1.0,0.994
2026-03-22T21:10:07.745-455326-370017,764,true,0.9771473286959076,1,4309.571227097902,1.0,0.99
2026-03-22T21:10:07.745-455326-370017,829,true,7.653594531174116,1,4301.917632566728,1.0,0.992
2026-03-22T21:10:07.745-455326-370017,953,true,51.714345629539885,1,4250.203286937188,1.0,0.995
2026-03-22T21:10:07.745-455326-370017,872,true,2.8115080112971786,1,4247.39177892589,1.0,0.984
2026-03-22T21:10:07.745-455326-370017,507,false,0.16788612180311158,1,4247.39177892589,1.0,1.0
2026-03-22T21:10:07.745-455326-370017,949,true,13.337622869571346,1,4234.054156056319,1.0,0.989
2026-03-22T21:10:07.745-455326-370017,572,true,0.3558375076448037,1,4233.698318548674,1.0,0.987
2026-03-22T21:10:07.745-455326-370017,720,true,17.87940593122181,1,4215.818912617452,1.0,0.992
2026-03-22T21:10:07.745-455326-370017,597,true,0.4257462072893399,1,4215.393166410163,1.0,0.74
2026-03-22T21:10:07.745-455326-370017,366,true,1.3238876365730508,1,4214.06927877359,1.0,0.996
2026-03-22T21:10:07.745-455326-370017,281,true,0.73822094020253,1,4213.331057833388,1.0,0.988
2026-03-22T21:10:07.745-455326-370017,582,true,8.268254311173294,1,4205.062803522214,1.0,0.793
2026-03-22T21:10:07.745-455326-370017,6,true,0.6500314681318977,1,4204.412772054083,1.0,0.992
2026-03-22T21:10:07.745-455326-370017,319,true,0.4383168783135371,1,4203.974455175769,1.0,0.994
2026-03-22T21:10:07.745-455326-370017,334,true,6.763697790533093,1,4197.210757385236,1.0,0.995
2026-03-22T21:10:07.745-455326-370017,439,true,0.47100514697621343,1,4196.73975223826,1.0,0.99
2026-03-22T21:10:07.745-455326-370017,458,true,1.6961262126054975,1,4195.043626025655,1.0,0.982
2026-03-22T21:10:07.745-455326-370017,110,true,9.290633504242853,1,4185.752992521412,1.0,0.996
2026-03-22T21:10:07.745-455326-370017,920,true,2.2722264735382276,1,4183.480766047874,1.0,0.99
2026-03-22T21:10:07.745-455326-370017,170,true,37.4480515778581,1,4146.032714470016,1.0,0.81
2026-03-22T21:10:07.745-455326-370017,122,true,1.915818985529776,1,4144.116895484486,1.0,0.988
2026-03-22T21:10:07.745-455326-370017,431,true,19.17008950677689,1,4124.946805977709,1.0,0.995
2026-03-22T21:10:07.745-455326-370017,384,true,0.41601519987998015,1,4124.530790777829,1.0,0.99
2026-03-22T21:10:07.745-455326-370017,785,true,0.3603800930230652,1,4124.170410684806,1.0,0.743
2026-03-22T21:10:07.745-455326-370017,33,true,106.44545769921338,1,4017.724952985592,1.0,0.986
2026-03-22T21:10:07.745-455326-370017,433,true,6.374725500049606,1,4011.3502274855427,1.0,0.748
2026-03-22T21:10:07.745-455326-370017,47,true,1.5258721922756666,1,4009.824355293267,1.0,0.993
2026-03-22T21:10:07.745-455326-370017,786,true,1.1949569712337453,1,4008.6293983220335,1.0,0.21899999999999997
2026-03-22T21:10:07.745-455326-370017,417,true,1.1024081534308172,1,4007.5269901686024,1.0,0.989
2026-03-22T21:10:07.745-455326-370017,569,true,3.6191634817214573,1,4003.907826686881,1.0,0.763
2026-03-22T21:10:07.745-455326-370017,820,true,0.2751379387998263,1,4003.6326887480814,1.0,0.988
2026-03-22T21:10:07.745-455326-370017,354,true,1.118950537865071,1,4002.513738210216,1.0,0.995
2026-03-22T21:10:07.745-455326-370017,40,true,9.089588493802742,1,3993.4241497164135,1.0,0.991
2026-03-22T21:10:07.745-455326-370017,358,true,0.6032450004951336,1,3992.8209047159185,1.0,0.99
2026-03-22T21:10:07.745-455326-370017,958,true,0.3456640847837031,1,3992.475240631135,1.0,0.991
2026-03-22T21:10:07.745-455326-370017,299,true,15.384135673576859,1,3977.091104957558,1.0,0.991
2026-03-22T21:10:07.745-455326-370017,525,true,16.796142324402204,1,3960.2949626331556,1.0,0.99
2026-03-22T21:10:07.745-455326-370017,50,true,1.5193540165670172,1,3958.7756086165887,1.0,0.729
2026-03-22T21:10:07.745-455326-370017,452,true,4.058220789762907,1,3954.717387826826,1.0,0.999
2026-03-22T21:10:07.745-455326-370017,687,true,0.7045710468158487,1,3954.01281678001,1.0,0.994
2026-03-22T21:10:07.745-455326-370017,192,false,0.004892476677719129,1,3954.01281678001,1.0,1.0
2026-03-22T21:10:07.745-455326-370017,760,false,0.12436642439449994,1,3954.01281678001,1.0,1.0
2026-03-22T21:10:07.745-455326-370017,863,true,0.3301677176814126,1,3953.6826490623284,1.0,0.991
2026-03-22T21:10:07.745-455326-370017,683,true,19.08318025484804,1,3934.59946880748,1.0,0.993
2026-03-22T21:10:07.745-455326-370017,751,true,113.54898069786564,1,3821.0504881096144,1.0,0.99
2026-03-22T21:10:07.745-455326-370017,51,true,13.915230239932882,1,3807.1352578696815,1.0,0.746
2026-03-22T21:10:07.745-455326-370017,317,true,0.5898016457535031,1,3806.545456223928,1.0,0.744
2026-03-22T21:10:07.745-455326-370017,713,false,0.1353268681951309,1,3806.545456223928,1.0,1.0
2026-03-22T21:10:07.745-455326-370017,792,true,0.6514621007584964,1,3805.8939941231693,1.0,0.992
2026-03-22T21:10:07.745-455326-370017,190,true,0.7243490512958719,1,3805.169645071873,1.0,0.987
2026-03-22T21:10:07.745-455326-370017,971,true,8.346460201785787,1,3796.8231848700875,1.0,0.989
2026-03-22T21:10:07.745-455326-370017,654,true,1446.245463338327,1,2350.5777215317603,1.0,0.992
2026-03-22T21:10:07.745-455326-370017,143,true,1.0773673631118026,1,2349.5003541686483,1.0,0.991
2026-03-22T21:10:07.745-455326-370017,324,true,271.17675428756684,1,2078.3235998810815,1.0,0.993
2026-03-22T21:10:07.745-455326-370017,757,true,29.455521750199456,1,2048.868078130882,1.0,0.984
2026-03-22T21:10:07.745-455326-370017,197,true,68.30759982775989,1,1980.5604783031222,1.0,0.994
2026-03-22T21:10:07.745-455326-370017,772,false,0.10867287009178715,1,1980.5604783031222,1.0,1.0
2026-03-22T21:10:07.745-455326-370017,353,true,4.865953321958407,1,1975.6945249811638,1.0,0.8200000000000001
2026-03-22T21:10:07.745-455326-370017,719,true,25.400432831509175,1,1950.2940921496547,1.0,0.736
2026-03-22T21:10:07.745-455326-370017,73,false,0.0433141849174957,1,1950.2940921496547,1.0,1.0
2026-03-22T21:10:07.745-455326-370017,562,false,0.07508935778150023,1,1950.2940921496547,1.0,1.0
2026-03-22T21:10:07.745-455326-370017,475,true,119.663070167286,1,1830.6310219823688,1.0,0.992
2026-03-22T21:10:07.745-455326-370017,311,true,15.62171103897522,1,1815.0093109433935,1.0,0.989
2026-03-22T21:10:07.745-455326-370017,668,true,0.6399192487476174,1,1814.3693916946459,1.0,0.8240000000000001
2026-03-22T21:10:07.745-455326-370017,573,true,7.060991901590458,1,1807.3083997930553,1.0,0.753
2026-03-22T21:10:07.745-455326-370017,809,true,2.048691974111647,1,1805.2597078189438,1.0,0.99
2026-03-22T21:10:07.745-455326-370017,704,true,0.29939390512480696,1,1804.960313913819,1.0,0.992
2026-03-22T21:10:07.745-455326-370017,808,true,22.983470170441993,1,1781.976843743377,1.0,0.745
2026-03-22T21:10:07.745-455326-370017,159,true,27.19795646173115,1,1754.778887281646,1.0,0.991
2026-03-22T21:10:07.745-455326-370017,481,true,2.1832134453507397,1,1752.5956738362952,1.0,0.993
2026-03-22T21:10:07.745-455326-370017,49,true,128.53957017011732,1,1624.056103666178,1.0,0.0
2026-03-22T21:10:07.745-455326-370017,956,true,23.189147235604544,1,1600.8669564305733,1.0,0.05500000000000005
2026-03-22T21:10:07.745-455326-370017,183,true,11.9402345305236,1,1588.9267219000496,1.0,0.991
2026-03-22T21:10:07.745-455326-370017,780,true,47.09631205284542,1,1541.8304098472042,1.0,0.991
2026-03-22T21:10:07.745-455326-370017,589,true,16.684330917551044,1,1525.1460789296532,1.0,0.995
2026-03-22T21:10:07.745-455326-370017,703,true,9.256191816616417,1,1515.8898871130368,1.0,0.737
2026-03-22T21:10:07.745-455326-370017,882,true,5.057623631672235,1,1510.8322634813646,1.0,0.987
2026-03-22T21:10:07.745-455326-370017,483,true,15.54122975209289,1,1495.2910337292717,1.0,0.76
2026-03-22T21:10:07.745-455326-370017,86,true,2.7764726528504604,1,1492.5145610764212,1.0,0.992
2026-03-22T21:10:07.745-455326-370017,103,true,5.564293492923132,1,1486.950267583498,1.0,0.987
2026-03-22T21:10:07.745-455326-370017,93,true,0.738131389541839,1,1486.2121361939562,1.0,0.989
2026-03-22T21:10:07.745-455326-370017,613,true,1.1797586830867803,1,1485.0323775108695,1.0,0.995
2026-03-22T21:10:07.745-455326-370017,721,true,15.237567689552389,1,1469.7948098213171,1.0,0.18000000000000005
2026-03-22T21:10:07.745-455326-370017,529,true,0.7052370616468466,1,1469.0895727596703,1.0,0.993
2026-03-22T21:10:07.745-455326-370017,813,false,0.052560244077798426,1,1469.0895727596703,1.0,1.0
2026-03-22T21:10:07.745-455326-370017,914,true,0.7376841819964342,1,1468.351888577674,1.0,0.991
2026-03-22T21:10:07.745-455326-370017,65,true,0.7276694800951282,1,1467.6242190975788,1.0,0.992
2026-03-22T21:10:07.745-455326-370017,476,true,2.8283836223303536,1,1464.7958354752484,1.0,0.757
2026-03-22T21:10:07.745-455326-370017,332,true,1.7630261146531188,1,1463.0328093605954,1.0,0.75
2026-03-22T21:10:07.745-455326-370017,293,true,12.429673561709787,1,1450.6031357988857,1.0,0.99
2026-03-22T21:10:07.745-455326-370017,484,false,0.08335852521108922,1,1450.6031357988857,1.0,1.0
2026-03-22T21:10:07.745-455326-370017,310,false,0.14398078241791662,1,1450.6031357988857,1.0,1.0
2026-03-22T21:10:07.745-455326-370017,642,true,9.070489228711317,1,1441.5326465701744,1.0,0.992
2026-03-22T21:10:07.745-455326-370017,851,true,2.1556193554898195,1,1439.3770272146846,1.0,0.743
2026-03-22T21:10:07.745-455326-370017,661,true,4.659917361885744,1,1434.7171098527988,1.0,0.988
2026-03-22T21:10:07.745-455326-370017,652,false,0.12043055923685657,1,1434.7171098527988,1.0,1.0
2026-03-22T21:10:07.745-455326-370017,544,true,4.092065349561353,1,1430.6250445032374,1.0,0.991
2026-03-22T21:10:07.745-455326-370017,767,true,1.4684038089796931,1,1429.1566406942577,1.0,0.76
2026-03-22T21:10:07.745-455326-370017,490,true,2.63767645796057,1,1426.518964236297,1.0,0.793
2026-03-22T21:10:07.745-455326-370017,858,false,0.16917539027391887,1,1426.518964236297,1.0,1.0
2026-03-22T21:10:07.745-455326-370017,410,false,0.00887432318108659,1,1426.518964236297,1.0,1.0
2026-03-22T21:10:07.745-455326-370017,530,true,0.42225105257732365,1,1426.0967131837197,1.0,0.719
2026-03-22T21:10:07.745-455326-370017,397,true,0.7587919859304323,1,1425.3379211977892,1.0,0.995
2026-03-22T21:10:07.745-455326-370017,647,true,3.254417210275873,1,1422.0835039875133,1.0,0.995
2026-03-22T21:10:07.745-455326-370017,527,true,174.59566424986556,1,1247.4878397376476,1.0,0.0
2026-03-22T21:10:07.745-455326-370017,227,true,6.156409180318183,1,1241.3314305573294,1.0,0.86
2026-03-22T21:10:07.745-455326-370017,677,true,0.35931589750184184,1,1240.9721146598276,1.0,0.99
2026-03-22T21:10:07.745-455326-370017,55,true,36.41416510024438,1,1204.5579495595832,1.0,0.986
2026-03-22T21:10:07.745-455326-370017,26,true,1658.2992462049901,1,-453.7412966454069,1.0,0.0010000000000000009
2026-03-22T21:10:07.745-306470-563582,55,true,8.14738860732044,1,3526.506466193782,1.0,0.62
2026-03-22T21:10:07.745-306470-563582,12,false,3.5121230191551143,1,3526.506466193782,1.0,1.0
2026-03-22T21:10:07.745-306470-563582,101,false,2.3154651580537613,1,3526.506466193782,1.0,1.0
2026-03-22T21:10:07.745-306470-563582,161,false,2.48590681174818,1,3526.506466193782,1.0,1.0
2026-03-22T21:10:07.745-306470-563582,266,false,0.6062314959080751,1,3526.506466193782,1.0,1.0
2026-03-22T21:10:07.745-306470-563582,215,false,0.1387281972921988,1,3526.506466193782,1.0,1.0
2026-03-22T21:10:07.745-306470-563582,710,false,8.137221673065644,1,3526.506466193782,1.0,1.0
2026-03-22T21:10:07.745-306470-563582,482,true,4.560746185875722,1,3521.9457200079064,1.0,0.8
2026-03-22T21:10:07.745-306470-563582,352,false,0.15009157396379322,1,3521.9457200079064,1.0,1.0
2026-03-22T21:10:07.745-306470-563582,703,false,0.012616209526724067,1,3521.9457200079064,1.0,1.0
2026-03-22T21:10:07.745-306470-563582,168,false,4.681586517462168,1,3521.9457200079064,1.0,1.0
2026-03-22T21:10:07.745-306470-563582,300,false,37.505580757926985,1,3521.9457200079064,1.0,1.0
2026-03-22T21:10:07.745-306470-563582,838,false,0.29431442521816714,1,3521.9457200079064,1.0,1.0
2026-03-22T21:10:07.745-306470-563582,103,false,1.969947385342843,1,3521.9457200079064,1.0,1.0
2026-03-22T21:10:07.745-306470-563582,896,false,0.12139684144403523,1,3521.9457200079064,1.0,1.0
2026-03-22T21:10:07.745-306470-563582,308,false,1.2845865823800504,1,3521.9457200079064,1.0,1.0
2026-03-22T21:10:07.745-306470-563582,451,false,4.529763192042366,1,3521.9457200079064,1.0,1.0
2026-03-22T21:10:07.745-306470-563582,961,false,28.27964431987213,1,3521.9457200079064,1.0,1.0
2026-03-22T21:10:07.745-306470-563582,584,false,6.725582750539876,1,3521.9457200079064,1.0,1.0
2026-03-22T21:10:07.745-306470-563582,340,false,0.5020613841429944,1,3521.9457200079064,1.0,1.0
2026-03-22T21:10:07.745-306470-563582,741,false,26.2774884026094,1,3521.9457200079064,1.0,1.0
2026-03-22T21:10:07.745-306470-563582,441,false,0.37470476623936966,1,3521.9457200079064,1.0,1.0
2026-03-22T21:10:07.745-306470-563582,177,false,1.0037303157440554,1,3521.9457200079064,1.0,1.0
2026-03-22T21:10:07.745-306470-563582,179,false,1.0421093144407143,1,3521.9457200079064,1.0,1.0
2026-03-22T21:10:07.745-306470-563582,22,true,0.6019341207250474,1,3521.343785887181,1.0,0.628
2026-03-22T21:10:07.745-306470-563582,785,false,27.88713661309228,1,3521.343785887181,1.0,1.0
2026-03-22T21:10:07.745-306470-563582,832,false,7.623290859709899,1,3521.343785887181,1.0,1.0
2026-03-22T21:10:07.745-306470-563582,301,false,0.10997988831273817,1,3521.343785887181,1.0,1.0
2026-03-22T21:10:07.745-306470-563582,875,true,7.969210778024255,1,3513.374575109157,1.0,0.62
2026-03-22T21:10:07.745-306470-563582,935,false,0.07483485491814706,1,3513.374575109157,1.0,1.0
2026-03-22T21:10:07.745-306470-563582,608,false,56.23389347491748,1,3513.374575109157,1.0,1.0
2026-03-22T21:10:07.745-306470-563582,7,false,2.790811243716747,1,3513.374575109157,1.0,1.0
2026-03-22T21:10:07.745-306470-563582,434,true,29.324527484708423,1,3484.0500476244483,1.0,0.999
2026-03-22T21:10:07.745-306470-563582,688,false,0.20622507655104916,1,3484.0500476244483,1.0,1.0
2026-03-22T21:10:07.745-306470-563582,296,false,0.7194793597328828,1,3484.0500476244483,1.0,1.0
2026-03-22T21:10:07.745-306470-563582,386,false,0.19614331408923752,1,3484.0500476244483,1.0,1.0
2026-03-22T21:10:07.745-306470-563582,809,false,18.294203073861453,1,3484.0500476244483,1.0,1.0
2026-03-22T21:10:07.745-306470-563582,891,false,5.7127060065298085,1,3484.0500476244483,1.0,1.0
2026-03-22T21:10:07.745-306470-563582,609,false,1.1705091891274433,1,3484.0500476244483,1.0,1.0
2026-03-22T21:10:07.745-306470-563582,81,false,3.6083161831112225,1,3484.0500476244483,1.0,1.0
2026-03-22T21:10:07.745-306470-563582,631,false,17.714647695159734,1,3484.0500476244483,1.0,1.0
2026-03-22T21:10:07.745-306470-563582,712,false,3.7687134591802676,1,3484.0500476244483,1.0,1.0
2026-03-22T21:10:07.745-306470-563582,366,false,31.383854922361994,1,3484.0500476244483,1.0,1.0
2026-03-22T21:10:07.745-306470-563582,473,false,0.11145725493341813,1,3484.0500476244483,1.0,1.0
2026-03-22T21:10:07.745-306470-563582,516,false,4.91444134522495,1,3484.0500476244483,1.0,1.0
2026-03-22T21:10:07.745-306470-563582,834,false,1.5132900964003355,1,3484.0500476244483,1.0,1.0
2026-03-22T21:10:07.745-306470-563582,563,false,0.5342095157997273,1,3484.0500476244483,1.0,1.0
2026-03-22T21:10:07.745-306470-563582,903,false,4.657769333748462,1,3484.0500476244483,1.0,1.0
2026-03-22T21:10:07.745-306470-563582,717,false,0.17889547384518759,1,3484.0500476244483,1.0,1.0
2026-03-22T21:10:07.745-306470-563582,554,true,2.551086002831978,1,3481.498961621616,1.0,0.634
2026-03-22T21:10:07.745-306470-563582,975,false,15.56868815511087,1,3481.498961621616,1.0,1.0
2026-03-22T21:10:07.745-306470-563582,310,false,0.4456442284698077,1,3481.498961621616,1.0,1.0
2026-03-22T21:10:07.745-306470-563582,586,false,0.26102527099730105,1,3481.498961621616,1.0,1.0
2026-03-22T21:10:07.745-306470-563582,57,true,134.850121560006,1,3346.6488400616104,1.0,0.0
2026-03-22T21:10:07.745-306470-563582,814,false,0.02692997122331092,1,3346.6488400616104,1.0,1.0
2026-03-22T21:10:07.745-306470-563582,749,false,1.8184092543777732,1,3346.6488400616104,1.0,1.0
2026-03-22T21:10:07.745-306470-563582,900,false,1.3771392182236177,1,3346.6488400616104,1.0,1.0
2026-03-22T21:10:07.745-306470-563582,579,false,1.8953827604500444,1,3346.6488400616104,1.0,1.0
2026-03-22T21:10:07.745-306470-563582,861,false,6.659165150966899,1,3346.6488400616104,1.0,1.0
2026-03-22T21:10:07.745-306470-563582,193,false,9.681419557998568,1,3346.6488400616104,1.0,1.0
2026-03-22T21:10:07.745-306470-563582,498,false,0.39897788561502173,1,3346.6488400616104,1.0,1.0
2026-03-22T21:10:07.745-306470-563582,650,false,0.722948475765998,1,3346.6488400616104,1.0,1.0
2026-03-22T21:10:07.745-306470-563582,61,true,12.923973535764643,1,3333.7248665258458,1.0,0.605
2026-03-22T21:10:07.745-306470-563582,895,false,3.7710587538019977,1,3333.7248665258458,1.0,1.0
2026-03-22T21:10:07.745-306470-563582,950,false,75.52445293280842,1,3333.7248665258458,1.0,1.0
2026-03-22T21:10:07.745-306470-563582,839,false,4.757966496905932,1,3333.7248665258458,1.0,1.0
2026-03-22T21:10:07.745-306470-563582,504,false,4.010683042633171,1,3333.7248665258458,1.0,1.0
2026-03-22T21:10:07.745-306470-563582,282,false,7.46294583037329,1,3333.7248665258458,1.0,1.0
2026-03-22T21:10:07.745-306470-563582,143,false,9.835910534532552,1,3333.7248665258458,1.0,1.0
2026-03-22T21:10:07.745-306470-563582,596,false,36.47793386727565,1,3333.7248665258458,1.0,1.0
2026-03-22T21:10:07.745-306470-563582,114,false,49.4525662999022,1,3333.7248665258458,1.0,1.0
2026-03-22T21:10:07.745-306470-563582,915,false,5.112385206622479,1,3333.7248665258458,1.0,1.0
2026-03-22T21:10:07.745-306470-563582,672,false,0.17579732846357368,1,3333.7248665258458,1.0,1.0
2026-03-22T21:10:07.745-306470-563582,509,false,8.36905532157308,1,3333.7248665258458,1.0,1.0
2026-03-22T21:10:07.745-306470-563582,928,false,0.3361715159391615,1,3333.7248665258458,1.0,1.0
2026-03-22T21:10:07.745-306470-563582,391,false,3.848200512672071,1,3333.7248665258458,1.0,1.0
2026-03-22T21:10:07.745-306470-563582,606,false,14.345474578554846,1,3333.7248665258458,1.0,1.0
2026-03-22T21:10:07.745-306470-563582,428,false,263.356938624043,1,3333.7248665258458,1.0,1.0
2026-03-22T21:10:07.745-306470-563582,43,false,0.06450510407441125,1,3333.7248665258458,1.0,1.0
2026-03-22T21:10:07.745-306470-563582,159,false,1.7413703244044396,1,3333.7248665258458,1.0,1.0
2026-03-22T21:10:07.745-306470-563582,20,true,0.7112385842725403,1,3333.0136279415733,1.0,0.7969999999999999
2026-03-22T21:10:07.745-306470-563582,929,false,5.824285758965627,1,3333.0136279415733,1.0,1.0
2026-03-22T21:10:07.745-306470-563582,95,false,113.91716033429009,1,3333.0136279415733,1.0,1.0
2026-03-22T21:10:07.745-306470-563582,525,false,13.170145849354038,1,3333.0136279415733,1.0,1.0
2026-03-22T21:10:07.745-306470-563582,395,true,11.67740482972294,1,3321.3362231118504,1.0,0.519
2026-03-22T21:10:07.745-306470-563582,354,false,283.578663462563,1,3321.3362231118504,1.0,1.0
2026-03-22T21:10:07.745-306470-563582,859,false,1.0153092442637313,1,3321.3362231118504,1.0,1.0
2026-03-22T21:10:07.745-306470-563582,60,true,10.357140109420689,1,3310.97908300243,1.0,0.0
2026-03-22T21:10:07.745-306470-563582,561,false,0.07829341118950092,1,3310.97908300243,1.0,1.0
2026-03-22T21:10:07.745-306470-563582,673,false,4.562623142212451,1,3310.97908300243,1.0,1.0
2026-03-22T21:10:07.745-306470-563582,418,false,0.0808033348347085,1,3310.97908300243,1.0,1.0
2026-03-22T21:10:07.745-306470-563582,227,false,0.12279519773609965,1,3310.97908300243,1.0,1.0
2026-03-22T21:10:07.745-306470-563582,204,false,116.18401696917167,1,3310.97908300243,1.0,1.0
2026-03-22T21:10:07.745-306470-563582,56,true,10.369304915353334,1,3300.6097780870764,1.0,0.0
2026-03-22T21:10:07.745-306470-563582,303,false,0.3373616074628009,1,3300.6097780870764,1.0,1.0
2026-03-22T21:10:07.745-306470-563582,771,false,1.256994279246137,1,3300.6097780870764,1.0,1.0
2026-03-22T21:10:07.745-306470-563582,865,false,0.41899918025535715,1,3300.6097780870764,1.0,1.0
2026-03-22T21:10:07.745-306470-563582,172,false,1.61324112898815,1,3300.6097780870764,1.0,1.0
2026-03-22T21:10:07.745-306470-563582,884,false,62.50942611349904,1,3300.6097780870764,1.0,1.0
2026-03-22T21:10:07.745-306470-563582,166,false,0.8680981205375208,1,3300.6097780870764,1.0,1.0
2026-03-22T21:10:07.745-306470-563582,883,false,5.230523584213893,1,3300.6097780870764,1.0,1.0
2026-03-22T21:10:07.745-306470-563582,201,false,10.152704244633808,1,3300.6097780870764,1.0,1.0
2026-03-22T21:10:07.745-306470-563582,424,false,1.6530043602630484,1,3300.6097780870764,1.0,1.0
2026-03-22T21:10:07.745-306470-563582,377,false,7.288170172607094,1,3300.6097780870764,1.0,1.0
2026-03-22T21:10:07.745-306470-563582,614,false,7.912480288416573,1,3300.6097780870764,1.0,1.0
2026-03-22T21:10:07.745-306470-563582,953,false,0.04121873399192991,1,3300.6097780870764,1.0,1.0
2026-03-22T21:10:07.745-306470-563582,64,true,1003.3983698421481,1,2297.2114082449284,1.0,0.24
2026-03-22T21:10:07.745-306470-563582,205,false,367.28280115241216,1,2297.2114082449284,1.0,1.0
2026-03-22T21:10:07.745-306470-563582,372,false,0.1312123751485949,1,2297.2114082449284,1.0,1.0
2026-03-22T21:10:07.745-306470-563582,587,false,51.67046832197618,1,2297.2114082449284,1.0,1.0
2026-03-22T21:10:07.745-306470-563582,566,false,1.9341332479350974,1,2297.2114082449284,1.0,1.0
2026-03-22T21:10:07.745-306470-563582,338,false,1.212278865334867,1,2297.2114082449284,1.0,1.0
2026-03-22T21:10:07.745-306470-563582,357,false,56.71188884667507,1,2297.2114082449284,1.0,1.0
2026-03-22T21:10:07.745-306470-563582,821,false,22.4809317296092,1,2297.2114082449284,1.0,1.0
2026-03-22T21:10:07.745-306470-563582,638,false,28.20147739060569,1,2297.2114082449284,1.0,1.0
2026-03-22T21:10:07.745-306470-563582,984,false,18.274317799026775,1,2297.2114082449284,1.0,1.0
2026-03-22T21:10:07.745-306470-563582,417,false,69.99531840381661,1,2297.2114082449284,1.0,1.0
2026-03-22T21:10:07.745-306470-563582,113,false,87.8797962241374,1,2297.2114082449284,1.0,1.0
2026-03-22T21:10:07.745-306470-563582,299,false,2.0013570718939278,1,2297.2114082449284,1.0,1.0
2026-03-22T21:10:07.745-306470-563582,831,false,14.817893433254396,1,2297.2114082449284,1.0,1.0
2026-03-22T21:10:07.745-306470-563582,768,false,151.96419355589026,1,2297.2114082449284,1.0,1.0
2026-03-22T21:10:07.745-306470-563582,199,false,1.3283030158310334,1,2297.2114082449284,1.0,1.0
2026-03-22T21:10:07.745-306470-563582,220,false,1.8676665056081685,1,2297.2114082449284,1.0,1.0
2026-03-22T21:10:07.745-306470-563582,726,false,39.70854219136529,1,2297.2114082449284,1.0,1.0
2026-03-22T21:10:07.745-306470-563582,297,false,31.645868289098672,1,2297.2114082449284,1.0,1.0
2026-03-22T21:10:07.745-306470-563582,499,false,9.072092131826626,1,2297.2114082449284,1.0,1.0
2026-03-22T21:10:07.745-306470-563582,810,false,9.277713842999182,1,2297.2114082449284,1.0,1.0
2026-03-22T21:10:07.745-306470-563582,76,false,7.413929089387639,1,2297.2114082449284,1.0,1.0
2026-03-22T21:10:07.745-306470-563582,378,false,5.034607478346039,1,2297.2114082449284,1.0,1.0
2026-03-22T21:10:07.745-306470-563582,436,true,12.16261274452484,1,2285.0487955004037,1.0,0.627
2026-03-22T21:10:07.745-306470-563582,725,false,0.9514805343959227,1,2285.0487955004037,1.0,1.0
2026-03-22T21:10:07.745-306470-563582,752,false,12.498404420709374,1,2285.0487955004037,1.0,1.0
2026-03-22T21:10:07.745-306470-563582,348,false,24.94342324598658,1,2285.0487955004037,1.0,1.0
2026-03-22T21:10:07.745-306470-563582,970,false,0.23665250643158078,1,2285.0487955004037,1.0,1.0
2026-03-22T21:10:07.745-306470-563582,971,false,31.848309470955943,1,2285.0487955004037,1.0,1.0
2026-03-22T21:10:07.745-306470-563582,138,false,0.7180692703400321,1,2285.0487955004037,1.0,1.0
2026-03-22T21:10:07.745-306470-563582,233,false,1.2325526399242597,1,2285.0487955004037,1.0,1.0
2026-03-22T21:10:07.745-306470-563582,88,false,0.9538390977761277,1,2285.0487955004037,1.0,1.0
2026-03-22T21:10:07.745-306470-563582,186,false,0.7664546987166238,1,2285.0487955004037,1.0,1.0
2026-03-22T21:10:07.745-306470-563582,465,false,0.4608675125656168,1,2285.0487955004037,1.0,1.0
2026-03-22T21:10:07.745-306470-563582,519,false,15.170868353583767,1,2285.0487955004037,1.0,1.0
2026-03-22T21:10:07.745-306470-563582,283,false,3.10221816456602,1,2285.0487955004037,1.0,1.0
2026-03-22T21:10:07.745-306470-563582,485,true,0.5229426769868152,1,2284.5258528234167,1.0,0.893
2026-03-22T21:10:07.745-306470-563582,789,false,0.05064122161378792,1,2284.5258528234167,1.0,1.0
2026-03-22T21:10:07.745-306470-563582,560,false,148.32953629531912,1,2284.5258528234167,1.0,1.0
2026-03-22T21:10:07.745-306470-563582,778,false,2.4307051014661836,1,2284.5258528234167,1.0,1.0
2026-03-22T21:10:07.745-306470-563582,893,false,1.8477395156371386,1,2284.5258528234167,1.0,1.0
2026-03-22T21:10:07.745-306470-563582,798,true,133.84596658186464,1,2150.679886241552,1.0,0.558
2026-03-22T21:10:07.745-306470-563582,666,false,0.6638759988897446,1,2150.679886241552,1.0,1.0
2026-03-22T21:10:07.745-306470-563582,223,false,8.148812651754643,1,2150.679886241552,1.0,1.0
2026-03-22T21:10:07.745-306470-563582,430,true,30.886374669280794,1,2119.793511572271,1.0,0.999
2026-03-22T21:10:07.745-306470-563582,89,false,27.771071568774744,1,2119.793511572271,1.0,1.0
2026-03-22T21:10:07.745-306470-563582,783,false,4.011973209070208,1,2119.793511572271,1.0,1.0
2026-03-22T21:10:07.745-306470-563582,781,false,2.2694027976822126,1,2119.793511572271,1.0,1.0
2026-03-22T21:10:07.745-306470-563582,794,true,4.82273189504983,1,2114.9707796772213,1.0,0.0
2026-03-22T21:10:07.745-306470-563582,823,false,5.69883308060338,1,2114.9707796772213,1.0,1.0
2026-03-22T21:10:07.745-306470-563582,164,false,7.1823132371904395,1,2114.9707796772213,1.0,1.0
2026-03-22T21:10:07.745-306470-563582,500,false,14.726795896469453,1,2114.9707796772213,1.0,1.0
2026-03-22T21:10:07.745-306470-563582,174,false,0.023885703285328973,1,2114.9707796772213,1.0,1.0
2026-03-22T21:10:07.745-306470-563582,986,false,0.36403196262857884,1,2114.9707796772213,1.0,1.0
2026-03-22T21:10:07.745-306470-563582,902,false,1.5558566035792196,1,2114.9707796772213,1.0,1.0
2026-03-22T21:10:07.745-306470-563582,651,true,0.42976758268191695,1,2114.5410120945394,1.0,0.999
2026-03-22T21:10:07.745-306470-563582,616,false,0.8534796085752742,1,2114.5410120945394,1.0,1.0
2026-03-22T21:10:07.745-306470-563582,534,false,1.4021567905539698,1,2114.5410120945394,1.0,1.0
2026-03-22T21:10:07.745-306470-563582,691,false,6.938635260816487,1,2114.5410120945394,1.0,1.0
2026-03-22T21:10:07.745-306470-563582,46,false,1.3882501355943115,1,2114.5410120945394,1.0,1.0
2026-03-22T21:10:07.745-306470-563582,91,false,1.2041213166494813,1,2114.5410120945394,1.0,1.0
2026-03-22T21:10:07.745-306470-563582,206,false,0.27705150962198616,1,2114.5410120945394,1.0,1.0
2026-03-22T21:10:07.745-306470-563582,360,false,43.72239693305552,1,2114.5410120945394,1.0,1.0
2026-03-22T21:10:07.745-306470-563582,906,true,1.3986470920008298,1,2113.1423650025386,1.0,0.999
2026-03-22T21:10:07.745-306470-563582,269,false,0.9723370566230961,1,2113.1423650025386,1.0,1.0
2026-03-22T21:10:07.745-306470-563582,456,false,25.269118763298163,1,2113.1423650025386,1.0,1.0
2026-03-22T21:10:07.745-306470-563582,540,false,3.6909126133523595,1,2113.1423650025386,1.0,1.0
2026-03-22T21:10:07.745-306470-563582,433,true,25.562874486511824,1,2087.579490516027,1.0,0.0
2026-03-22T21:10:07.745-306470-563582,793,true,6.76797976007192,1,2080.811510755955,1.0,0.0
2026-03-22T21:10:07.745-306470-563582,230,false,1.097884110489131,1,2080.811510755955,1.0,1.0
2026-03-22T21:10:07.745-306470-563582,654,true,2.0270873673048593,1,2078.7844233886503,1.0,0.617
2026-03-22T21:10:07.745-306470-563582,5,false,5.303654109767851,1,2078.7844233886503,1.0,1.0
2026-03-22T21:10:07.745-306470-563582,210,false,29.169955904240016,1,2078.7844233886503,1.0,1.0
2026-03-22T21:10:07.745-306470-563582,718,false,5.046991946839368,1,2078.7844233886503,1.0,1.0
2026-03-22T21:10:07.745-306470-563582,769,false,5.3870555942556635,1,2078.7844233886503,1.0,1.0
2026-03-22T21:10:07.745-306470-563582,349,false,8.289081745103758,1,2078.7844233886503,1.0,1.0
2026-03-22T21:10:07.745-306470-563582,125,false,12.067762227650917,1,2078.7844233886503,1.0,1.0
2026-03-22T21:10:07.745-306470-563582,134,false,1.0452943491984807,1,2078.7844233886503,1.0,1.0
2026-03-22T21:10:07.745-306470-563582,851,false,6.700801243819289,1,2078.7844233886503,1.0,1.0
2026-03-22T21:10:07.745-306470-563582,611,false,5.6516239780180655,1,2078.7844233886503,1.0,1.0
2026-03-22T21:10:07.745-306470-563582,674,false,0.17737833420804636,1,2078.7844233886503,1.0,1.0
2026-03-22T21:10:07.745-306470-563582,86,false,0.16582950324109358,1,2078.7844233886503,1.0,1.0
2026-03-22T21:10:07.745-306470-563582,70,false,34.748084232236295,1,2078.7844233886503,1.0,1.0
2026-03-22T21:10:07.745-306470-563582,734,false,36.42537221817004,1,2078.7844233886503,1.0,1.0
2026-03-22T21:10:07.745-306470-563582,940,false,3.0392399652256987,1,2078.7844233886503,1.0,1.0
2026-03-22T21:10:07.745-306470-563582,529,false,142.864614082296,1,2078.7844233886503,1.0,1.0
2026-03-22T21:10:07.745-306470-563582,385,false,23.692705917630274,1,2078.7844233886503,1.0,1.0
2026-03-22T21:10:07.745-306470-563582,979,false,0.8327603102736938,1,2078.7844233886503,1.0,1.0
2026-03-22T21:10:07.745-306470-563582,762,false,1.4346661387312527,1,2078.7844233886503,1.0,1.0
2026-03-22T21:10:07.745-306470-563582,231,false,0.04014570693798341,1,2078.7844233886503,1.0,1.0
2026-03-22T21:10:07.745-306470-563582,189,false,2.5721839173062966,1,2078.7844233886503,1.0,1.0
2026-03-22T21:10:07.745-306470-563582,589,false,4.035788350392673,1,2078.7844233886503,1.0,1.0
2026-03-22T21:10:07.745-306470-563582,255,false,8.680903616536261,1,2078.7844233886503,1.0,1.0
2026-03-22T21:10:07.745-306470-563582,598,false,0.6895840117945236,1,2078.7844233886503,1.0,1.0
2026-03-22T21:10:07.745-306470-563582,882,false,0.09851980486002658,1,2078.7844233886503,1.0,1.0
2026-03-22T21:10:07.745-306470-563582,454,false,116.11063762198752,1,2078.7844233886503,1.0,1.0
2026-03-22T21:10:07.745-306470-563582,228,false,2.699790914211555,1,2078.7844233886503,1.0,1.0
2026-03-22T21:10:07.745-306470-563582,315,false,1.6115581621716508,1,2078.7844233886503,1.0,1.0
2026-03-22T21:10:07.745-306470-563582,991,false,2.6586106948657435,1,2078.7844233886503,1.0,1.0
2026-03-22T21:10:07.745-306470-563582,298,false,0.05296599084730334,1,2078.7844233886503,1.0,1.0
2026-03-22T21:10:07.745-306470-563582,132,false,1.8563315653596355,1,2078.7844233886503,1.0,1.0
2026-03-22T21:10:07.745-306470-563582,345,false,2.671105252761055,1,2078.7844233886503,1.0,1.0
2026-03-22T21:10:07.745-306470-563582,933,false,2.3880967005988283,1,2078.7844233886503,1.0,1.0
2026-03-22T21:10:07.745-306470-563582,488,true,0.7210434504532675,1,2078.063379938197,1.0,0.589
2026-03-22T21:10:07.745-306470-563582,326,false,2.259253872788954,1,2078.063379938197,1.0,1.0
2026-03-22T21:10:07.745-306470-563582,83,false,0.5568467847703775,1,2078.063379938197,1.0,1.0
2026-03-22T21:10:07.745-306470-563582,236,false,0.467543936738564,1,2078.063379938197,1.0,1.0
2026-03-22T21:10:07.745-306470-563582,415,false,11.016944525600023,1,2078.063379938197,1.0,1.0
2026-03-22T21:10:07.745-306470-563582,664,false,0.04050248273495601,1,2078.063379938197,1.0,1.0
2026-03-22T21:10:07.745-306470-563582,634,false,0.0903663969140901,1,2078.063379938197,1.0,1.0
2026-03-22T21:10:07.745-306470-563582,322,false,0.8045080263637386,1,2078.063379938197,1.0,1.0
2026-03-22T21:10:07.745-306470-563582,33,false,0.10428172412056877,1,2078.063379938197,1.0,1.0
2026-03-22T21:10:07.745-306470-563582,591,false,5.1711690693675445,1,2078.063379938197,1.0,1.0
2026-03-22T21:10:07.745-306470-563582,512,false,0.8875292698935728,1,2078.063379938197,1.0,1.0
2026-03-22T21:10:07.745-306470-563582,496,false,0.033642706619330214,1,2078.063379938197,1.0,1.0
2026-03-22T21:10:07.745-306470-563582,626,false,4.109020871389726,1,2078.063379938197,1.0,1.0
2026-03-22T21:10:07.745-306470-563582,343,false,3.2888138402112763,1,2078.063379938197,1.0,1.0
2026-03-22T21:10:07.745-306470-563582,555,true,0.9864431382896695,1,2077.0769367999073,1.0,0.0020000000000000018
2026-03-22T21:10:07.745-306470-563582,515,false,2.725152655368621,1,2077.0769367999073,1.0,1.0
2026-03-22T21:10:07.745-306470-563582,728,false,0.3805956823865515,1,2077.0769367999073,1.0,1.0
2026-03-22T21:10:07.745-306470-563582,490,true,8.792594602435985,1,2068.2843421974712,1.0,0.789
2026-03-22T21:10:07.745-306470-563582,339,false,0.5784733012711613,1,2068.2843421974712,1.0,1.0
2026-03-22T21:10:07.745-306470-563582,671,false,5.294312393443923,1,2068.2843421974712,1.0,1.0
2026-03-22T21:10:07.745-306470-563582,558,true,0.24352869896499307,1,2068.0408134985064,1.0,0.6599999999999999
2026-03-22T21:10:07.745-306470-563582,351,false,7.044512822089037,1,2068.0408134985064,1.0,1.0
2026-03-22T21:10:07.745-306470-563582,999,false,3.425707161192764,1,2068.0408134985064,1.0,1.0
2026-03-22T21:10:07.745-306470-563582,409,false,1.3471430865061305,1,2068.0408134985064,1.0,1.0
2026-03-22T21:10:07.745-306470-563582,501,false,13.133915051297981,1,2068.0408134985064,1.0,1.0
2026-03-22T21:10:07.745-306470-563582,483,true,0.3483441502008498,1,2067.6924693483056,1.0,0.0
2026-03-22T21:10:07.745-306470-563582,522,false,1.5296632965886023,1,2067.6924693483056,1.0,1.0
2026-03-22T21:10:07.745-306470-563582,790,true,11.234591852310679,1,2056.457877495995,1.0,0.0020000000000000018
2026-03-22T21:10:07.745-306470-563582,369,false,0.5676788391315555,1,2056.457877495995,1.0,1.0
2026-03-22T21:10:07.745-306470-563582,619,false,4.36996564196784,1,2056.457877495995,1.0,1.0
2026-03-22T21:10:07.745-306470-563582,539,false,12.109236039343237,1,2056.457877495995,1.0,1.0
2026-03-22T21:10:07.745-306470-563582,190,false,3.422576016019273,1,2056.457877495995,1.0,1.0
2026-03-22T21:10:07.745-306470-563582,643,true,926.6214876236359,1,1129.8363898723592,1.0,0.999
2026-03-22T21:10:07.745-306470-563582,924,false,1.5666598175715682,1,1129.8363898723592,1.0,1.0
2026-03-22T21:10:07.745-306470-563582,467,false,5.453257828507434,1,1129.8363898723592,1.0,1.0
2026-03-22T21:10:07.745-306470-563582,729,false,1.0150976260227125,1,1129.8363898723592,1.0,1.0
2026-03-22T21:10:07.745-306470-563582,791,true,10.59352826055162,1,1119.2428616118075,1.0,0.0
2026-03-22T21:10:07.745-306470-563582,931,false,1.2164141362026724,1,1119.2428616118075,1.0,1.0
2026-03-22T21:10:07.745-306470-563582,962,false,37.11755066368949,1,1119.2428616118075,1.0,1.0
2026-03-22T21:10:07.745-306470-563582,907,true,0.5630993252847595,1,1118.6797622865226,1.0,0.618
2026-03-22T21:10:07.745-306470-563582,423,false,1.6191553111441812,1,1118.6797622865226,1.0,1.0
2026-03-22T21:10:07.745-306470-563582,421,false,0.12008858538897693,1,1118.6797622865226,1.0,1.0
2026-03-22T21:10:07.745-306470-563582,938,true,3.989804451530277,1,1114.6899578349924,1.0,0.791
2026-03-22T21:10:07.745-306470-563582,35,false,10.737274935748232,1,1114.6899578349924,1.0,1.0
2026-03-22T21:10:07.745-306470-563582,350,false,2.2066343697837394,1,1114.6899578349924,1.0,1.0
2026-03-22T21:10:07.745-306470-563582,974,false,12.666362673270378,1,1114.6899578349924,1.0,1.0
2026-03-22T21:10:07.745-306470-563582,450,false,0.1475266996395015,1,1114.6899578349924,1.0,1.0
2026-03-22T21:10:07.745-306470-563582,914,false,0.26738008621909565,1,1114.6899578349924,1.0,1.0
2026-03-22T21:10:07.745-306470-563582,661,false,11.839191078901209,1,1114.6899578349924,1.0,1.0
2026-03-22T21:10:07.745-306470-563582,692,false,7.9291455057924445,1,1114.6899578349924,1.0,1.0
2026-03-22T21:10:07.745-306470-563582,995,false,20.228662378933162,1,1114.6899578349924,1.0,1.0
2026-03-22T21:10:07.745-306470-563582,93,false,0.3241540922357982,1,1114.6899578349924,1.0,1.0
2026-03-22T21:10:07.745-306470-563582,400,false,0.3359578221761422,1,1114.6899578349924,1.0,1.0
2026-03-22T21:10:07.745-306470-563582,908,true,1.3722731333223324,1,1113.31768470167,1.0,0.0020000000000000018
2026-03-22T21:10:07.745-306470-563582,942,false,0.9699990236057043,1,1113.31768470167,1.0,1.0
2026-03-22T21:10:07.745-306470-563582,63,true,0.41561360852634716,1,1112.9020710931436,1.0,0.0
2026-03-22T21:10:07.745-306470-563582,309,false,32.822872226179186,1,1112.9020710931436,1.0,1.0
2026-03-22T21:10:07.745-306470-563582,365,false,1.116581196818153,1,1112.9020710931436,1.0,1.0
2026-03-22T21:10:07.745-306470-563582,869,false,0.1686097681217919,1,1112.9020710931436,1.0,1.0
2026-03-22T21:10:07.745-306470-563582,537,false,72.05439935673081,1,1112.9020710931436,1.0,1.0
2026-03-22T21:10:07.745-306470-563582,668,true,4.267785776539625,1,1108.634285316604,1.0,0.788
2026-03-22T21:10:07.745-306470-563582,470,false,1.9331524274057608,1,1108.634285316604,1.0,1.0
2026-03-22T21:10:07.745-306470-563582,237,false,3.6831651102694862,1,1108.634285316604,1.0,1.0
2026-03-22T21:10:07.745-306470-563582,371,false,1.592932722278015,1,1108.634285316604,1.0,1.0
2026-03-22T21:10:07.745-306470-563582,569,false,1.7126653477618026,1,1108.634285316604,1.0,1.0
2026-03-22T21:10:07.745-306470-563582,275,false,0.270303774782326,1,1108.634285316604,1.0,1.0
2026-03-22T21:10:07.745-306470-563582,826,false,4.200589209709803,1,1108.634285316604,1.0,1.0
2026-03-22T21:10:07.745-306470-563582,27,true,1.6072882079227624,1,1107.0269971086814,1.0,0.6
2026-03-22T21:10:07.745-306470-563582,431,true,9.636878688320458,1,1097.390118420361,1.0,0.0
2026-03-22T21:10:07.745-306470-563582,459,false,1.6465091872067001,1,1097.390118420361,1.0,1.0
2026-03-22T21:10:07.745-306470-563582,777,false,10.401953928554066,1,1097.390118420361,1.0,1.0
2026-03-22T21:10:07.745-306470-563582,599,false,3.2747921396012165,1,1097.390118420361,1.0,1.0
2026-03-22T21:10:07.745-306470-563582,977,false,9.583846292976249,1,1097.390118420361,1.0,1.0
2026-03-22T21:10:07.745-306470-563582,714,false,9.200017786630454,1,1097.390118420361,1.0,1.0
2026-03-22T21:10:07.745-306470-563582,123,false,0.5155245538950954,1,1097.390118420361,1.0,1.0
2026-03-22T21:10:07.745-306470-563582,774,false,1.1305009893675895,1,1097.390118420361,1.0,1.0
2026-03-22T21:10:07.745-306470-563582,542,false,2.3969930351932764,1,1097.390118420361,1.0,1.0
2026-03-22T21:10:07.745-306470-563582,894,false,3.789005013536959,1,1097.390118420361,1.0,1.0
2026-03-22T21:10:07.745-306470-563582,776,false,0.29210407159583096,1,1097.390118420361,1.0,1.0
