2026-03-22T21:10:07.745-455326-686407,853,true,0.21039542103118156,1,4254.732403336426,1.0,0.993
2026-03-22T21:10:07.745-455326-686407,513,true,2.2802926984509373,1,4252.452110637974,1.0,0.992
2026-03-22T21:10:07.745-455326-686407,370,true,109.38372914966713,1,4143.068381488307,1.0,0.991
2026-03-22T21:10:07.745-455326-686407,751,true,113.54898069786564,1,4029.519400790441,1.0,0.989
2026-03-22T21:10:07.745-455326-686407,976,true,0.9064775796422617,1,4028.6129232107987,1.0,0.992
2026-03-22T21:10:07.745-455326-686407,561,true,0.24915425935649319,1,4028.363768951442,1.0,0.985
2026-03-22T21:10:07.745-455326-686407,374,false,0.1316381929409965,1,4028.363768951442,1.0,1.0
2026-03-22T21:10:07.745-455326-686407,364,true,28.90901389476218,1,3999.45475505668,1.0,0.993
2026-03-22T21:10:07.745-455326-686407,426,true,29.065490941639354,1,3970.3892641150405,1.0,0.986
2026-03-22T21:10:07.745-455326-686407,829,true,7.653594531174116,1,3962.7356695838666,1.0,0.992
2026-03-22T21:10:07.745-455326-686407,312,true,43.82894035227151,1,3918.906729231595,1.0,0.994
2026-03-22T21:10:07.745-455326-686407,793,true,2.3257469499570127,1,3916.5809822816377,1.0,0.994
2026-03-22T21:10:07.745-455326-686407,63,true,13.872514403345017,1,3902.7084678782926,1.0,0.991
2026-03-22T21:10:07.745-455326-686407,974,true,3.816145221623426,1,3898.892322656669,1.0,0.721
2026-03-22T21:10:07.745-455326-686407,648,true,3.743404556799789,1,3895.148918099869,1.0,0.99
2026-03-22T21:10:07.745-455326-686407,666,true,0.8091253049656554,1,3894.3397927949036,1.0,0.993
2026-03-22T21:10:07.745-455326-686407,738,true,2.4381807555407935,1,3891.9016120393626,1.0,0.992
2026-03-22T21:10:07.745-455326-686407,198,true,2.8690687094889182,1,3889.0325433298735,1.0,0.99
2026-03-22T21:10:07.745-455326-686407,921,true,22.670525652856206,1,3866.3620176770173,1.0,0.992
2026-03-22T21:10:07.745-455326-686407,602,true,113.66263819287516,1,3752.6993794841424,1.0,0.989
2026-03-22T21:10:07.745-455326-686407,132,true,1.277952199544194,1,3751.421427284598,1.0,0.988
2026-03-22T21:10:07.745-455326-686407,807,true,27.328437282483844,1,3724.092990002114,1.0,0.993
2026-03-22T21:10:07.745-455326-686407,40,true,9.089588493802742,1,3715.0034015083115,1.0,0.995
2026-03-22T21:10:07.745-455326-686407,154,true,0.5883775765064619,1,3714.415023931805,1.0,0.993
2026-03-22T21:10:07.745-455326-686407,483,true,15.54122975209289,1,3698.873794179712,1.0,0.987
2026-03-22T21:10:07.745-455326-686407,568,true,0.33124653108726837,1,3698.542547648625,1.0,0.989
2026-03-22T21:10:07.745-455326-686407,805,true,0.3979866974104556,1,3698.1445609512143,1.0,0.8180000000000001
2026-03-22T21:10:07.745-455326-686407,174,true,0.5407303806057513,1,3697.6038305706084,1.0,0.977
2026-03-22T21:10:07.745-455326-686407,103,true,5.564293492923132,1,3692.039537077685,1.0,0.992
2026-03-22T21:10:07.745-455326-686407,812,true,8.222425919396018,1,3683.817111158289,1.0,0.99
2026-03-22T21:10:07.745-455326-686407,638,true,0.9346483369253814,1,3682.882462821364,1.0,0.993
2026-03-22T21:10:07.745-455326-686407,863,true,0.3301677176814126,1,3682.5522951036824,1.0,0.99
2026-03-22T21:10:07.745-455326-686407,428,true,0.583575190963283,1,3681.9687199127193,1.0,0.7070000000000001
2026-03-22T21:10:07.745-455326-686407,576,true,26.420131329492754,1,3655.5485885832263,1.0,0.993
2026-03-22T21:10:07.745-455326-686407,376,true,0.4464961219500012,1,3655.1020924612762,1.0,0.987
2026-03-22T21:10:07.745-455326-686407,552,true,16.742836860190213,1,3638.359255601086,1.0,0.991
2026-03-22T21:10:07.745-455326-686407,222,true,30.410559339532593,1,3607.9486962615533,1.0,0.988
2026-03-22T21:10:07.745-455326-686407,159,true,27.19795646173115,1,3580.750739799822,1.0,0.991
2026-03-22T21:10:07.745-455326-686407,904,false,0.1451450431194091,1,3580.750739799822,1.0,1.0
2026-03-22T21:10:07.745-455326-686407,238,true,1.9537505891158333,1,3578.796989210706,1.0,0.996
2026-03-22T21:10:07.745-455326-686407,259,true,8.442291516280807,1,3570.3546976944253,1.0,0.988
2026-03-22T21:10:07.745-455326-686407,250,true,23.692557670266556,1,3546.662140024159,1.0,0.993
2026-03-22T21:10:07.745-455326-686407,34,true,91.9768785554511,1,3454.6852614687077,1.0,0.996
2026-03-22T21:10:07.745-455326-686407,645,true,3.054800627471079,1,3451.6304608412365,1.0,0.718
2026-03-22T21:10:07.745-455326-686407,764,true,0.9771473286959076,1,3450.6533135125405,1.0,0.987
2026-03-22T21:10:07.745-455326-686407,301,true,0.7255231044240715,1,3449.9277904081164,1.0,0.987
2026-03-22T21:10:07.745-455326-686407,621,true,0.572836765918261,1,3449.3549536421983,1.0,0.996
2026-03-22T21:10:07.745-455326-686407,557,true,28.671811327812833,1,3420.6831423143853,1.0,0.994
2026-03-22T21:10:07.745-455326-686407,650,false,0.15974087882552196,1,3420.6831423143853,1.0,1.0
2026-03-22T21:10:07.745-455326-686407,836,true,6.557895675307114,1,3414.1252466390783,1.0,0.996
2026-03-22T21:10:07.745-455326-686407,338,true,1.688978513426662,1,3412.4362681256516,1.0,0.994
2026-03-22T21:10:07.745-455326-686407,886,true,4.60388704468038,1,3407.832381080971,1.0,0.995
2026-03-22T21:10:07.745-455326-686407,35,true,2.6388343804923196,1,3405.1935467004787,1.0,0.779
2026-03-22T21:10:07.745-455326-686407,82,true,1.4950384499410878,1,3403.6985082505375,1.0,0.992
2026-03-22T21:10:07.745-455326-686407,718,true,1.0396938451231013,1,3402.6588144054144,1.0,0.996
2026-03-22T21:10:07.745-455326-686407,124,true,2.2220527744923473,1,3400.436761630922,1.0,0.988
2026-03-22T21:10:07.745-455326-686407,10,true,1.1994405567784878,1,3399.2373210741434,1.0,0.989
2026-03-22T21:10:07.745-455326-686407,1000,true,3.073941433078023,1,3396.1633796410656,1.0,0.988
2026-03-22T21:10:07.745-455326-686407,397,true,0.7587919859304323,1,3395.404587655135,1.0,0.992
2026-03-22T21:10:07.745-455326-686407,784,true,157.25801848736904,1,3238.146569167766,1.0,0.99
2026-03-22T21:10:07.745-455326-686407,192,false,0.004892476677719129,1,3238.146569167766,1.0,1.0
2026-03-22T21:10:07.745-455326-686407,131,true,12.532308605116866,1,3225.614260562649,1.0,0.731
2026-03-22T21:10:07.745-455326-686407,47,true,1.5258721922756666,1,3224.0883883703737,1.0,0.986
2026-03-22T21:10:07.745-455326-686407,857,true,8.39546034996175,1,3215.6929280204117,1.0,0.995
2026-03-22T21:10:07.745-455326-686407,758,true,7.548179543620968,1,3208.144748476791,1.0,0.984
2026-03-22T21:10:07.745-455326-686407,445,true,0.38615311772610866,1,3207.7585953590647,1.0,0.997
2026-03-22T21:10:07.745-455326-686407,571,true,1.509315214198463,1,3206.249280144866,1.0,0.7170000000000001
2026-03-22T21:10:07.745-455326-686407,203,true,2.7717009663474625,1,3203.4775791785187,1.0,0.994
2026-03-22T21:10:07.745-455326-686407,278,true,5.682611326125863,1,3197.794967852393,1.0,0.992
2026-03-22T21:10:07.745-455326-686407,80,true,1.7226015752090962,1,3196.072366277184,1.0,0.688
2026-03-22T21:10:07.745-455326-686407,460,true,14.655790788965469,1,3181.4165754882183,1.0,0.992
2026-03-22T21:10:07.745-455326-686407,452,true,4.058220789762907,1,3177.3583546984555,1.0,0.992
2026-03-22T21:10:07.745-455326-686407,679,true,1.2284652001449192,1,3176.1298894983106,1.0,0.991
2026-03-22T21:10:07.745-455326-686407,689,true,1.1833085563319161,1,3174.9465809419785,1.0,0.991
2026-03-22T21:10:07.745-455326-686407,269,false,0.12718576922510907,1,3174.9465809419785,1.0,1.0
2026-03-22T21:10:07.745-455326-686407,695,true,4.80113271037888,1,3170.1454482315994,1.0,0.99
2026-03-22T21:10:07.745-455326-686407,954,false,0.04240222027199725,1,3170.1454482315994,1.0,1.0
2026-03-22T21:10:07.745-455326-686407,842,true,3.7376382325493474,1,3166.40780999905,1.0,0.986
2026-03-22T21:10:07.745-455326-686407,790,true,1.8234373562911204,1,3164.5843726427593,1.0,0.72
2026-03-22T21:10:07.745-455326-686407,750,true,14.237575749445039,1,3150.346796893314,1.0,0.683
2026-03-22T21:10:07.745-455326-686407,927,true,3.1794181777576593,1,3147.1673787155564,1.0,0.987
2026-03-22T21:10:07.745-455326-686407,652,false,0.12043055923685657,1,3147.1673787155564,1.0,1.0
2026-03-22T21:10:07.745-455326-686407,348,true,17.19761445815138,1,3129.969764257405,1.0,0.989
2026-03-22T21:10:07.745-455326-686407,24,true,6.623657813446859,1,3123.3461064439584,1.0,0.99
2026-03-22T21:10:07.745-455326-686407,365,true,11.617493368030802,1,3111.7286130759276,1.0,0.7050000000000001
2026-03-22T21:10:07.745-455326-686407,891,true,3.8069877848250733,1,3107.9216252911024,1.0,0.989
2026-03-22T21:10:07.745-455326-686407,144,true,1.3393588248476234,1,3106.5822664662546,1.0,0.99
2026-03-22T21:10:07.745-455326-686407,854,true,5.165709238183492,1,3101.4165572280713,1.0,0.03500000000000003
2026-03-22T21:10:07.745-455326-686407,62,true,27.0653318093069,1,3074.3512254187644,1.0,0.827
2026-03-22T21:10:07.745-455326-686407,221,true,0.5114002617560894,1,3073.8398251570084,1.0,0.726
2026-03-22T21:10:07.745-455326-686407,185,true,157.63612541385157,1,2916.203699743157,1.0,0.991
2026-03-22T21:10:07.745-455326-686407,635,false,0.03224555279995718,1,2916.203699743157,1.0,1.0
2026-03-22T21:10:07.745-455326-686407,193,true,1.4589362908738168,1,2914.744763452283,1.0,0.988
2026-03-22T21:10:07.745-455326-686407,121,true,21.19174452659143,1,2893.553018925692,1.0,0.72
2026-03-22T21:10:07.745-455326-686407,924,true,48.27215088850979,1,2845.2808680371822,1.0,0.17400000000000004
2026-03-22T21:10:07.745-455326-686407,455,true,1.5333648036155305,1,2843.747503233567,1.0,0.716
2026-03-22T21:10:07.745-455326-686407,591,true,7.976329990581429,1,2835.7711732429857,1.0,0.993
2026-03-22T21:10:07.745-455326-686407,39,true,62.65066183459725,1,2773.1205114083887,1.0,0.687
2026-03-22T21:10:07.745-455326-686407,271,true,0.24906956132160762,1,2772.871441847067,1.0,0.99
2026-03-22T21:10:07.745-455326-686407,296,true,37.67280799377505,1,2735.198633853292,1.0,0.985
2026-03-22T21:10:07.745-455326-686407,575,false,0.14322074777815347,1,2735.198633853292,1.0,1.0
2026-03-22T21:10:07.745-455326-686407,494,false,0.0673997909578897,1,2735.198633853292,1.0,1.0
2026-03-22T21:10:07.745-455326-686407,777,true,15.659708526926329,1,2719.5389253263656,1.0,0.99
2026-03-22T21:10:07.745-455326-686407,401,true,2.3132312478208092,1,2717.2256940785446,1.0,0.993
2026-03-22T21:10:07.745-455326-686407,554,true,2.808703240503885,1,2714.416990838041,1.0,0.040000000000000036
2026-03-22T21:10:07.745-455326-686407,457,true,0.9949669571626792,1,2713.422023880878,1.0,0.03200000000000003
2026-03-22T21:10:07.745-455326-686407,814,true,4.171405464088288,1,2709.2506184167896,1.0,0.696
2026-03-22T21:10:07.745-455326-686407,948,true,4.528544540816557,1,2704.722073875973,1.0,0.992
2026-03-22T21:10:07.745-455326-686407,707,true,22.748201732684134,1,2681.9738721432886,1.0,0.991
2026-03-22T21:10:07.745-455326-686407,808,true,22.983470170441993,1,2658.9904019728465,1.0,0.04300000000000004
2026-03-22T21:10:07.745-455326-686407,989,true,1.1234403474172647,1,2657.866961625429,1.0,0.995
2026-03-22T21:10:07.745-455326-686407,791,true,3.8634299203010176,1,2654.0035317051284,1.0,0.03500000000000003
2026-03-22T21:10:07.745-455326-686407,947,true,15.177929080256797,1,2638.8256026248714,1.0,0.731
2026-03-22T21:10:07.745-455326-686407,713,false,0.1353268681951309,1,2638.8256026248714,1.0,1.0
2026-03-22T21:10:07.745-455326-686407,353,true,4.865953321958407,1,2633.959649302913,1.0,0.991
2026-03-22T21:10:07.745-455326-686407,256,true,1.426276640960853,1,2632.533372661952,1.0,0.7090000000000001
2026-03-22T21:10:07.745-455326-686407,570,false,0.04567068917214705,1,2632.533372661952,1.0,1.0
2026-03-22T21:10:07.745-455326-686407,724,true,10.77145239827441,1,2621.7619202636774,1.0,0.988
2026-03-22T21:10:07.745-455326-686407,396,true,0.4331922699230784,1,2621.3287279937545,1.0,0.6990000000000001
2026-03-22T21:10:07.745-455326-686407,694,true,0.23020952692464292,1,2621.09851846683,1.0,0.7989999999999999
2026-03-22T21:10:07.745-455326-686407,530,true,0.42225105257732365,1,2620.6762674142524,1.0,0.993
2026-03-22T21:10:07.745-455326-686407,845,true,5.170582232847982,1,2615.5056851814043,1.0,0.804
2026-03-22T21:10:07.745-455326-686407,53,true,1.9097809037863098,1,2613.595904277618,1.0,0.985
2026-03-22T21:10:07.745-455326-686407,691,false,0.14158606161306966,1,2613.595904277618,1.0,1.0
2026-03-22T21:10:07.745-455326-686407,870,true,1.4632795811034462,1,2612.1326246965145,1.0,0.991
2026-03-22T21:10:07.745-455326-686407,220,true,12.341297348365448,1,2599.791327348149,1.0,0.039000000000000035
2026-03-22T21:10:07.745-455326-686407,173,true,2.0991400425664115,1,2597.6921873055826,1.0,0.14900000000000002
2026-03-22T21:10:07.745-455326-686407,412,true,4.211262532597728,1,2593.480924772985,1.0,0.986
2026-03-22T21:10:07.745-455326-686407,827,true,7.522285188771767,1,2585.9586395842134,1.0,0.716
2026-03-22T21:10:07.745-455326-686407,919,true,3.8930931986909427,1,2582.0655463855223,1.0,0.7969999999999999
2026-03-22T21:10:07.745-455326-686407,115,true,8.075379823282619,1,2573.9901665622397,1.0,0.986
2026-03-22T21:10:07.745-455326-686407,778,true,5.721580684480314,1,2568.2685858777595,1.0,0.7150000000000001
2026-03-22T21:10:07.745-455326-686407,875,true,2.5180780937254,1,2565.750507784034,1.0,0.992
2026-03-22T21:10:07.745-455326-686407,817,true,0.22609166677892328,1,2565.5244161172554,1.0,0.7010000000000001
2026-03-22T21:10:07.745-455326-686407,385,true,4.057516777925254,1,2561.46689933933,1.0,0.992
2026-03-22T21:10:07.745-455326-686407,56,true,85.21143398507553,1,2476.2554653542547,1.0,0.8240000000000001
2026-03-22T21:10:07.745-455326-686407,295,true,128.8936398948578,1,2347.361825459397,1.0,0.675
2026-03-22T21:10:07.745-455326-686407,622,true,3.2061512216576857,1,2344.1556742377393,1.0,0.7030000000000001
2026-03-22T21:10:07.745-455326-686407,903,true,0.3951043224640671,1,2343.760569915275,1.0,0.988
2026-03-22T21:10:07.745-455326-686407,456,true,78.78727620695513,1,2264.97329370832,1.0,0.03600000000000003
2026-03-22T21:10:07.745-455326-686407,93,true,0.738131389541839,1,2264.2351623187783,1.0,0.989
2026-03-22T21:10:07.745-455326-686407,626,true,2.6743178917374473,1,2261.560844427041,1.0,0.982
2026-03-22T21:10:07.745-455326-686407,598,true,1.3036140701963976,1,2260.2572303568445,1.0,0.986
2026-03-22T21:10:07.745-455326-686407,411,true,0.6763044390388415,1,2259.580925917806,1.0,0.725
2026-03-22T21:10:07.745-455326-686407,473,true,1.6708541992539827,1,2257.910071718552,1.0,0.995
2026-03-22T21:10:07.745-455326-686407,649,true,7.880402413778116,1,2250.029669304774,1.0,0.722
2026-03-22T21:10:07.745-455326-686407,183,true,11.9402345305236,1,2238.0894347742505,1.0,0.6699999999999999
2026-03-22T21:10:07.745-455326-686407,960,true,1.7654019963901073,1,2236.3240327778603,1.0,0.993
2026-03-22T21:10:07.745-455326-686407,204,true,32.224248824522256,1,2204.099783953338,1.0,0.735
2026-03-22T21:10:07.745-455326-686407,587,true,2.102429757725076,1,2201.997354195613,1.0,0.992
2026-03-22T21:10:07.745-455326-686407,874,true,34.248164839093334,1,2167.7491893565193,1.0,0.721
2026-03-22T21:10:07.745-455326-686407,856,true,2.073082966746351,1,2165.676106389773,1.0,0.0
2026-03-22T21:10:07.745-455326-686407,606,true,33.88615885174985,1,2131.789947538023,1.0,0.99
2026-03-22T21:10:07.745-455326-686407,781,true,1.6404104524749428,1,2130.149537085548,1.0,0.029000000000000026
2026-03-22T21:10:07.745-455326-686407,799,true,18.139870992110282,1,2112.0096660934378,1.0,0.789
2026-03-22T21:10:07.745-455326-686407,748,true,0.510845604044293,1,2111.4988204893934,1.0,0.028000000000000025
2026-03-22T21:10:07.745-455326-686407,437,true,28.971457716600803,1,2082.5273627727925,1.0,0.989
2026-03-22T21:10:07.745-455326-686407,589,true,16.684330917551044,1,2065.8430318552414,1.0,0.04200000000000004
2026-03-22T21:10:07.745-455326-686407,633,true,0.3506901762483065,1,2065.492341678993,1.0,0.776
2026-03-22T21:10:07.745-455326-686407,110,true,9.290633504242853,1,2056.20170817475,1.0,0.991
2026-03-22T21:10:07.745-455326-686407,305,true,0.9510648856220506,1,2055.2506432891278,1.0,0.99
2026-03-22T21:10:07.745-455326-686407,168,true,0.3399329210643384,1,2054.9107103680635,1.0,0.992
2026-03-22T21:10:07.745-455326-686407,447,true,4.7799128705727565,1,2050.1307974974907,1.0,0.749
2026-03-22T21:10:07.745-455326-686407,187,true,1.7816772836010744,1,2048.34912021389,1.0,0.8260000000000001
2026-03-22T21:10:07.745-455326-686407,157,true,3.147173287123171,1,2045.2019469267666,1.0,0.038000000000000034
2026-03-22T21:10:07.745-455326-686407,728,true,54.250760430703295,1,1990.9511864960632,1.0,0.994
2026-03-22T21:10:07.745-455326-686407,138,false,0.11390988278486613,1,1990.9511864960632,1.0,1.0
2026-03-22T21:10:07.745-455326-686407,95,true,14.367674158149613,1,1976.5835123379136,1.0,0.723
2026-03-22T21:10:07.745-455326-686407,745,true,1.0322342040632182,1,1975.5512781338505,1.0,0.727
2026-03-22T21:10:07.745-455326-686407,142,true,1.9220366318813764,1,1973.629241501969,1.0,0.7150000000000001
2026-03-22T21:10:07.745-455326-686407,787,true,3.4914086815563143,1,1970.1378328204128,1.0,0.03400000000000003
2026-03-22T21:10:07.745-455326-686407,349,true,3.181256925422434,1,1966.9565758949902,1.0,0.783
2026-03-22T21:10:07.745-455326-686407,699,true,30.525884298861843,1,1936.4306915961283,1.0,0.831
2026-03-22T21:10:07.745-455326-686407,94,true,0.24465002967693386,1,1936.1860415664514,1.0,0.039000000000000035
2026-03-22T21:10:07.745-455326-686407,915,true,4.827840866716584,1,1931.3582006997349,1.0,0.992
2026-03-22T21:10:07.745-455326-686407,884,true,15.046976971404087,1,1916.3112237283308,1.0,0.731
2026-03-22T21:10:07.745-455326-686407,516,true,122.2875898850854,1,1794.0236338432453,1.0,0.8260000000000001
2026-03-22T21:10:07.745-455326-686407,905,true,4.109541177522654,1,1789.9140926657226,1.0,0.702
2026-03-22T21:10:07.745-455326-686407,611,false,0.07924846493304159,1,1789.9140926657226,1.0,1.0
2026-03-22T21:10:07.745-455326-686407,261,true,0.21871186592077135,1,1789.6953807998018,1.0,0.731
2026-03-22T21:10:07.745-455326-686407,166,false,0.09915230708788457,1,1789.6953807998018,1.0,1.0
2026-03-22T21:10:07.745-455326-686407,449,true,56.85333585993034,1,1732.8420449398714,1.0,0.039000000000000035
2026-03-22T21:10:07.745-455326-686407,979,false,0.09374511058267725,1,1732.8420449398714,1.0,1.0
2026-03-22T21:10:07.745-455326-686407,722,true,2.904915275032743,1,1729.9371296648387,1.0,0.721
2026-03-22T21:10:07.745-455326-686407,604,true,35.48647748350107,1,1694.4506521813375,1.0,0.030000000000000027
2026-03-22T21:10:07.745-455326-686407,321,true,1.132730995620484,1,1693.317921185717,1.0,0.99
2026-03-22T21:10:07.745-455326-686407,692,true,63.2861960071371,1,1630.03172517858,1.0,0.0
2026-03-22T21:10:07.745-455326-686407,592,true,2.434388040259843,1,1627.5973371383202,1.0,0.028000000000000025
2026-03-22T21:10:07.745-455326-686407,52,true,53.851359497411735,1,1573.7459776409084,1.0,0.6839999999999999
2026-03-22T21:10:07.745-455326-686407,511,true,1.0558117163875718,1,1572.690165924521,1.0,0.716
2026-03-22T21:10:07.745-455326-686407,717,true,15.053562680932961,1,1557.6366032435878,1.0,0.731
2026-03-22T21:10:07.745-455326-686407,176,true,0.6172836200394674,1,1557.0193196235484,1.0,0.19999999999999996
2026-03-22T21:10:07.745-455326-686407,523,true,7.106089334092827,1,1549.9132302894557,1.0,0.984
2026-03-22T21:10:07.745-455326-686407,113,true,1.253608124219994,1,1548.6596221652358,1.0,0.04600000000000004
2026-03-22T21:10:07.745-455326-686407,147,false,0.18438861104259394,1,1548.6596221652358,1.0,1.0
2026-03-22T21:10:07.745-455326-686407,237,true,2.7000757538350477,1,1545.9595464114007,1.0,0.804
2026-03-22T21:10:07.745-455326-686407,899,true,11.381282302510652,1,1534.57826410889,1.0,0.994
2026-03-22T21:10:07.745-455326-686407,703,true,9.256191816616417,1,1525.3220722922736,1.0,0.995
2026-03-22T21:10:07.745-455326-686407,354,true,1.118950537865071,1,1524.2031217544086,1.0,0.852
2026-03-22T21:10:07.745-455326-686407,108,false,0.09973147844112493,1,1524.2031217544086,1.0,1.0
2026-03-22T21:10:07.745-455326-686407,66,true,55.07831914619575,1,1469.1248026082128,1.0,0.731
2026-03-22T21:10:07.745-455326-686407,72,true,14.928712991458912,1,1454.1960896167539,1.0,0.991
2026-03-22T21:10:07.745-455326-686407,986,true,0.9180199773246933,1,1453.278069639429,1.0,0.792
2026-03-22T21:10:07.745-455326-686407,651,true,1.8775971690710036,1,1451.4004724703582,1.0,0.03300000000000003
2026-03-22T21:10:07.745-455326-686407,350,true,6.5664427889461905,1,1444.834029681412,1.0,0.0
2026-03-22T21:10:07.745-455326-686407,213,true,12.585301378721867,1,1432.24872830269,1.0,0.986
2026-03-22T21:10:07.745-455326-686407,705,true,68.43599011548375,1,1363.8127381872064,1.0,0.038000000000000034
2026-03-22T21:10:07.745-455326-686407,821,false,0.12841986699332772,1,1363.8127381872064,1.0,1.0
2026-03-22T21:10:07.745-455326-686407,243,true,6.607704347295723,1,1357.2050338399106,1.0,0.99
2026-03-22T21:10:07.745-455326-686407,890,true,0.301464154604711,1,1356.903569685306,1.0,0.716
2026-03-22T21:10:07.745-455326-686407,994,true,3.9597432404543045,1,1352.9438264448515,1.0,0.993
2026-03-22T21:10:07.745-455326-686407,407,true,0.8246894106135699,1,1352.119137034238,1.0,0.992
2026-03-22T21:10:07.745-455326-686407,16,true,4.061580567410566,1,1348.0575564668275,1.0,0.654
2026-03-22T21:10:07.745-455326-686407,105,true,0.587666078487881,1,1347.4698903883395,1.0,0.791
2026-03-22T21:10:07.745-455326-686407,384,true,0.41601519987998015,1,1347.0538751884596,1.0,0.739
2026-03-22T21:10:07.745-455326-686407,470,true,4.208340571249038,1,1342.8455346172107,1.0,0.7110000000000001
2026-03-22T21:10:07.745-455326-686407,284,true,1.0296332883815908,1,1341.815901328829,1.0,0.989
2026-03-22T21:10:07.745-455326-686407,219,true,55.46901898661495,1,1286.3468823422143,1.0,0.0
2026-03-22T21:10:07.745-455326-686407,181,true,4.926690008219772,1,1281.4201923339945,1.0,0.7150000000000001
2026-03-22T21:10:07.745-455326-686407,990,true,5.877743121103344,1,1275.5424492128911,1.0,0.736
2026-03-22T21:10:07.745-455326-686407,409,true,308.30392887862513,1,967.238520334266,1.0,0.0
2026-03-22T21:10:07.745-455326-686407,866,true,1.3070101072653268,1,965.9315102270007,1.0,0.7010000000000001
2026-03-22T21:10:07.745-455326-686407,532,true,21.59952802274971,1,944.331982204251,1.0,0.344
2026-03-22T21:10:07.745-455326-686407,388,false,0.1840402957582678,1,944.331982204251,1.0,1.0
2026-03-22T21:10:07.745-455326-686407,146,true,13.063437162076996,1,931.268545042174,1.0,0.8220000000000001
2026-03-22T21:10:07.745-455326-686407,486,false,0.1566688017909914,1,931.268545042174,1.0,1.0
2026-03-22T21:10:07.745-455326-686407,578,true,103.62991589254266,1,827.6386291496314,1.0,0.835
2026-03-22T21:10:07.745-455326-686407,91,true,1.1154275807729883,1,826.5232015688583,1.0,0.040000000000000036
2026-03-22T21:10:07.745-455326-686407,427,true,24.420077003775994,1,802.1031245650823,1.0,0.025000000000000022
2026-03-22T21:10:07.745-455326-686407,851,true,2.1556193554898195,1,799.9475052095925,1.0,0.030000000000000027
2026-03-22T21:10:07.745-455326-686407,150,false,0.17866351697868055,1,799.9475052095925,1.0,1.0
2026-03-22T21:10:07.745-455326-686407,515,true,0.36553411513661627,1,799.5819710944559,1.0,0.04300000000000004
2026-03-22T21:10:07.745-455326-686407,636,true,18.85649013158808,1,780.7254809628678,1.0,0.04400000000000004
2026-03-22T21:10:07.745-455326-686407,286,true,0.7609509049479575,1,779.9645300579198,1.0,0.16800000000000004
2026-03-22T21:10:07.745-455326-686407,29,true,0.5822740373011256,1,779.3822560206187,1.0,0.991
2026-03-22T21:10:07.745-455326-686407,978,true,3.9452641003525444,1,775.4369919202661,1.0,0.18300000000000005
2026-03-22T21:10:07.745-455326-686407,234,true,5.3245885706174425,1,770.1124033496486,1.0,0.838
2026-03-22T21:10:07.745-455326-686407,11,false,0.20787584183081892,1,770.1124033496486,1.0,1.0
2026-03-22T21:10:07.745-455326-686407,290,true,0.3960164256111381,1,769.7163869240375,1.0,0.994
2026-03-22T21:10:07.745-455326-686407,333,true,2.056733950263455,1,767.659652973774,1.0,0.992
2026-03-22T21:10:07.745-455326-686407,546,true,3.017500741309157,1,764.6421522324648,1.0,0.991
2026-03-22T21:10:07.745-455326-686407,539,true,2.100606271943706,1,762.5415459605211,1.0,0.716
2026-03-22T21:10:07.745-455326-686407,926,true,49.771779777889876,1,712.7697661826313,1.0,0.0010000000000000009
2026-03-22T21:10:07.745-455326-686407,3,true,0.2279950555279545,1,712.5417711271034,1.0,0.724
2026-03-22T21:10:07.745-455326-686407,477,true,3.2489037221175,1,709.2928674049859,1.0,0.993
2026-03-22T21:10:07.745-455326-686407,126,true,0.3144859303894216,1,708.9783814745965,1.0,0.72
2026-03-22T21:10:07.745-455326-686407,573,true,7.060991901590458,1,701.9173895730061,1.0,0.041000000000000036
2026-03-22T21:10:07.745-455326-686407,876,true,1.6587548224561441,1,700.25863475055,1.0,0.0
2026-03-22T21:10:07.745-455326-686407,2,true,8.614210591033215,1,691.6444241595167,1.0,0.038000000000000034
2026-03-22T21:10:07.745-455326-686407,49,true,128.53957017011732,1,563.1048539893993,1.0,0.02100000000000002
2026-03-22T21:10:07.745-455326-686407,811,true,11.811296706142809,1,551.2935572832565,1.0,0.0
2026-03-22T21:10:07.745-455326-686407,467,true,2.6714714261203323,1,548.6220858571362,1.0,0.732
2026-03-22T21:10:07.745-455326-686407,672,false,0.04136672820846778,1,548.6220858571362,1.0,1.0
2026-03-22T21:10:07.745-455326-686407,130,true,1.4382084623917366,1,547.1838773947445,1.0,0.04300000000000004
2026-03-22T21:10:07.745-455326-686407,336,false,0.03970386087166084,1,547.1838773947445,1.0,1.0
2026-03-22T21:10:07.745-455326-686407,101,false,0.12484826374652785,1,547.1838773947445,1.0,1.0
2026-03-22T21:10:07.745-455326-686407,180,false,0.06477570779066182,1,547.1838773947445,1.0,1.0
2026-03-22T21:10:07.745-455326-686407,855,true,29.55901788596033,1,517.6248595087842,1.0,0.0
2026-03-22T21:10:07.745-455326-686407,528,true,1.9797364719184072,1,515.6451230368658,1.0,0.708
2026-03-22T21:10:07.745-455326-686407,630,true,4.558822017683408,1,511.08630101918243,1.0,0.8049999999999999
2026-03-22T21:10:07.745-455326-686407,260,false,0.15346196187135397,1,511.08630101918243,1.0,1.0
2026-03-22T21:10:07.745-455326-686407,215,true,11.345060785539525,1,499.7412402336429,1.0,0.718
2026-03-22T21:10:07.745-455326-686407,838,true,1.008841985020741,1,498.73239824862213,1.0,0.7
2026-03-22T21:10:07.745-455326-686407,163,true,2.3667407140666663,1,496.36565753455545,1.0,0.785
2026-03-22T21:10:07.745-455326-686407,534,true,0.6889686572178482,1,495.6766888773376,1.0,0.04400000000000004
2026-03-22T21:10:07.745-455326-686407,485,true,23.858861110935628,1,471.817827766402,1.0,0.832
2026-03-22T21:10:07.745-455326-686407,830,true,0.8862520712478882,1,470.9315756951541,1.0,0.04500000000000004
2026-03-22T21:10:07.745-455326-686407,769,true,3.3928919809740097,1,467.5386837141801,1.0,0.989
2026-03-22T21:10:07.745-455326-686407,634,true,0.562145927832078,1,466.976537786348,1.0,0.0
2026-03-22T21:10:07.745-455326-686407,160,true,0.9889029185934671,1,465.98763486775454,1.0,0.0
2026-03-22T21:10:07.745-455326-686407,341,true,27.840765170010716,1,438.1468696977438,1.0,0.17100000000000004
2026-03-22T21:10:07.745-455326-686407,418,true,1.176034758276864,1,436.97083493946695,1.0,0.993
2026-03-22T21:10:07.745-455326-686407,719,true,25.400432831509175,1,411.57040210795776,1.0,0.0
2026-03-22T21:10:07.745-455326-686407,61,true,3.9729552130321286,1,407.5974468949256,1.0,0.03400000000000003
2026-03-22T21:10:07.745-455326-686407,639,true,10.92450688934389,1,396.6729400055817,1.0,0.026000000000000023
2026-03-22T21:10:07.745-455326-686407,996,true,42.365994389441,1,354.30694561614075,1.0,0.8240000000000001
2026-03-22T21:10:07.745-455326-686407,720,true,17.87940593122181,1,336.42753968491894,1.0,0.0
2026-03-22T21:10:07.745-455326-686407,28,true,2.9082693698494912,1,333.51927031506943,1.0,0.7030000000000001
2026-03-22T21:10:07.745-455326-686407,889,true,5.7739989606801085,1,327.74527135438933,1.0,0.0030000000000000027
2026-03-22T21:10:07.745-455326-686407,369,true,75.62346101056318,1,252.12181034382616,1.0,0.7030000000000001
2026-03-22T21:10:07.745-455326-686407,251,true,3.5661577758420626,1,248.55565256798408,1.0,0.725
2026-03-22T21:10:07.745-455326-686407,794,true,7.245824432355786,1,241.3098281356283,1.0,0.04600000000000004
2026-03-22T21:10:07.745-455326-686407,983,true,8.156865778458899,1,233.1529623571694,1.0,0.741
2026-03-22T21:10:07.745-455326-686407,245,true,1.2382210556223385,1,231.91474130154705,1.0,0.7050000000000001
2026-03-22T21:10:07.745-455326-686407,916,true,0.23296126179278756,1,231.68178003975427,1.0,0.05400000000000005
2026-03-22T21:10:07.745-455326-686407,601,true,0.24829863351025347,1,231.43348140624403,1.0,0.0
2026-03-22T21:10:07.745-455326-686407,18,true,5.677345846037299,1,225.75613556020673,1.0,0.014000000000000012
2026-03-22T21:10:07.745-455326-686407,345,true,3.399753741306507,1,222.35638181890022,1.0,0.17500000000000004
2026-03-22T21:10:07.745-455326-686407,9,true,0.21492036238263257,1,222.1414614565176,1.0,0.722
2026-03-22T21:10:07.745-455326-686407,357,true,26.1914964244361,1,195.94996503208148,1.0,0.7110000000000001
2026-03-22T21:10:07.745-455326-686407,840,true,2.7701475439617935,1,193.17981748811968,1.0,0.0
2026-03-22T21:10:07.745-455326-686407,398,true,0.27623453010796933,1,192.90358295801173,1.0,0.0
2026-03-22T21:10:07.745-455326-686407,264,true,10.0574451270754,1,182.84613783093633,1.0,0.806
2026-03-22T21:10:07.745-455326-686407,681,true,0.42804422973929007,1,182.41809360119703,1.0,0.731
2026-03-22T21:10:07.745-455326-686407,935,true,1.5214949334929755,1,180.89659866770404,1.0,0.987
2026-03-22T21:10:07.745-455326-686407,216,true,7.1363792124305565,1,173.76021945527347,1.0,0.0
2026-03-22T21:10:07.745-455326-686407,289,true,0.41984730452177005,1,173.3403721507517,1.0,0.040000000000000036
2026-03-22T21:10:07.745-455326-686407,922,true,6.82403361499633,1,166.51633853575538,1.0,0.0
2026-03-22T21:10:07.745-455326-686407,227,true,6.156409180318183,1,160.3599293554372,1.0,0.344
2026-03-22T21:10:07.745-455326-686407,759,false,0.08508280109616013,1,160.3599293554372,1.0,1.0
2026-03-22T21:10:07.745-455326-686407,432,true,0.5081224518222406,1,159.85180690361497,1.0,0.989
2026-03-22T21:10:07.745-455326-686407,682,true,0.21774863495574145,1,159.63405826865923,1.0,0.0040000000000000036
2026-03-22T21:10:07.745-455326-686407,167,true,2.221192093897581,1,157.41286617476166,1.0,0.732
2026-03-22T21:10:07.745-455326-686407,501,true,2.2809409711161597,1,155.1319252036455,1.0,0.995
2026-03-22T21:10:07.745-455326-686407,499,true,5.050565129925446,1,150.08136007372005,1.0,0.718
2026-03-22T21:10:07.745-455326-686407,133,true,16.05266658265549,1,134.02869349106456,1.0,0.0
2026-03-22T21:10:07.745-455326-686407,413,true,3.1741016042351498,1,130.8545918868294,1.0,0.03300000000000003
2026-03-22T21:10:07.745-455326-686407,914,true,0.7376841819964342,1,130.11690770483298,1.0,0.052000000000000046
2026-03-22T21:10:07.745-455326-686407,367,true,34.1067884792043,1,96.01011922562869,1.0,0.0
2026-03-22T21:10:07.745-455326-686407,316,true,14.197996223403523,1,81.81212300222516,1.0,0.987
2026-03-22T21:10:07.745-455326-686407,117,true,45.87835121510532,1,35.933771787119845,1.0,0.719
2026-03-22T21:10:07.745-455326-686407,506,false,0.06715502942996471,1,35.933771787119845,1.0,1.0
2026-03-22T21:10:07.745-455326-686407,189,true,1.254318953276962,1,34.67945283384288,1.0,0.722
2026-03-22T21:10:07.745-455326-686407,454,true,3.4763245106000484,1,31.203128323242833,1.0,0.0
2026-03-22T21:10:07.745-455326-686407,595,true,57.53514677013538,1,-26.332018446892544,1.0,0.04600000000000004
2026-03-22T21:10:07.745-868789-438401,42,false,0.3188126066501755,1,4913.511459074729,1.0,1.0
2026-03-22T21:10:07.745-868789-438401,803,false,8.707144777017172,1,4913.511459074729,1.0,1.0
2026-03-22T21:10:07.745-868789-438401,285,false,12.11055677159477,1,4913.511459074729,1.0,1.0
2026-03-22T21:10:07.745-868789-438401,254,false,2.3459171154682097,1,4913.511459074729,1.0,1.0
2026-03-22T21:10:07.745-868789-438401,57,false,10.219891940034236,1,4913.511459074729,1.0,1.0
2026-03-22T21:10:07.745-868789-438401,568,false,3.1652790229742487,1,4913.511459074729,1.0,1.0
2026-03-22T21:10:07.745-868789-438401,221,false,14.892470721165846,1,4913.511459074729,1.0,1.0
2026-03-22T21:10:07.745-868789-438401,753,false,0.8407573147263796,1,4913.511459074729,1.0,1.0
2026-03-22T21:10:07.745-868789-438401,831,false,1.9787934142401127,1,4913.511459074729,1.0,1.0
2026-03-22T21:10:07.745-868789-438401,749,false,1.0264415342851696,1,4913.511459074729,1.0,1.0
2026-03-22T21:10:07.745-868789-438401,424,false,2.2216875590788328,1,4913.511459074729,1.0,1.0
2026-03-22T21:10:07.745-868789-438401,183,false,0.10660960123738923,1,4913.511459074729,1.0,1.0
2026-03-22T21:10:07.745-868789-438401,356,false,32.37111415723901,1,4913.511459074729,1.0,1.0
2026-03-22T21:10:07.745-868789-438401,302,false,6.626149863146193,1,4913.511459074729,1.0,1.0
2026-03-22T21:10:07.745-868789-438401,511,false,0.31381232305028006,1,4913.511459074729,1.0,1.0
2026-03-22T21:10:07.745-868789-438401,176,false,3.19122118185985,1,4913.511459074729,1.0,1.0
2026-03-22T21:10:07.745-868789-438401,813,false,2.359982985431173,1,4913.511459074729,1.0,1.0
2026-03-22T21:10:07.745-868789-438401,99,false,0.2626459158876699,1,4913.511459074729,1.0,1.0
2026-03-22T21:10:07.745-868789-438401,200,false,0.5628552260569121,1,4913.511459074729,1.0,1.0
2026-03-22T21:10:07.745-868789-438401,649,false,102.4283628279914,1,4913.511459074729,1.0,1.0
2026-03-22T21:10:07.745-868789-438401,530,true,3.6663846713063215,1,4909.845074403423,1.0,0.999
2026-03-22T21:10:07.745-868789-438401,737,false,4.135779751541927,1,4909.845074403423,1.0,1.0
2026-03-22T21:10:07.745-868789-438401,329,false,3.4662627905078103,1,4909.845074403423,1.0,1.0
2026-03-22T21:10:07.745-868789-438401,271,false,2.239820574796984,1,4909.845074403423,1.0,1.0
2026-03-22T21:10:07.745-868789-438401,868,false,13.016924484125445,1,4909.845074403423,1.0,1.0
2026-03-22T21:10:07.745-868789-438401,33,false,0.12298060867290996,1,4909.845074403423,1.0,1.0
2026-03-22T21:10:07.745-868789-438401,839,false,1.722991623755362,1,4909.845074403423,1.0,1.0
2026-03-22T21:10:07.745-868789-438401,611,false,155.77176307591245,1,4909.845074403423,1.0,1.0
2026-03-22T21:10:07.745-868789-438401,597,false,1.6537249492226997,1,4909.845074403423,1.0,1.0
2026-03-22T21:10:07.745-868789-438401,214,false,2.3079279496749288,1,4909.845074403423,1.0,1.0
2026-03-22T21:10:07.745-868789-438401,865,false,1.639036449518693,1,4909.845074403423,1.0,1.0
2026-03-22T21:10:07.745-868789-438401,475,true,0.725743531273559,1,4909.1193308721495,1.0,0.71
2026-03-22T21:10:07.745-868789-438401,441,true,1.738468702738256,1,4907.380862169412,1.0,0.999
2026-03-22T21:10:07.745-868789-438401,40,false,1.0733948961127993,1,4907.380862169412,1.0,1.0
2026-03-22T21:10:07.745-868789-438401,993,false,10.002962247956674,1,4907.380862169412,1.0,1.0
2026-03-22T21:10:07.745-868789-438401,663,false,1.9196341575889744,1,4907.380862169412,1.0,1.0
2026-03-22T21:10:07.745-868789-438401,687,false,0.21404531071650754,1,4907.380862169412,1.0,1.0
2026-03-22T21:10:07.745-868789-438401,413,false,29.287572000651164,1,4907.380862169412,1.0,1.0
2026-03-22T21:10:07.745-868789-438401,321,false,0.5407502643150848,1,4907.380862169412,1.0,1.0
2026-03-22T21:10:07.745-868789-438401,524,false,13.628947272710967,1,4907.380862169412,1.0,1.0
2026-03-22T21:10:07.745-868789-438401,314,false,0.09368786977920697,1,4907.380862169412,1.0,1.0
2026-03-22T21:10:07.745-868789-438401,217,false,6.869096865785699,1,4907.380862169412,1.0,1.0
2026-03-22T21:10:07.745-868789-438401,602,false,3.0032554593677814,1,4907.380862169412,1.0,1.0
2026-03-22T21:10:07.745-868789-438401,779,false,9.238097853998942,1,4907.380862169412,1.0,1.0
2026-03-22T21:10:07.745-868789-438401,838,false,29.31570024100781,1,4907.380862169412,1.0,1.0
2026-03-22T21:10:07.745-868789-438401,715,false,8.362946488238407,1,4907.380862169412,1.0,1.0
2026-03-22T21:10:07.745-868789-438401,75,false,0.6151271118107093,1,4907.380862169412,1.0,1.0
2026-03-22T21:10:07.745-868789-438401,808,false,0.5213704965908094,1,4907.380862169412,1.0,1.0
2026-03-22T21:10:07.745-868789-438401,291,false,1.2148945268804658,1,4907.380862169412,1.0,1.0
2026-03-22T21:10:07.745-868789-438401,576,false,1.720300700320536,1,4907.380862169412,1.0,1.0
2026-03-22T21:10:07.745-868789-438401,962,true,1.92800523898387,1,4905.4528569304275,1.0,0.999
2026-03-22T21:10:07.745-868789-438401,629,false,2.858486796197537,1,4905.4528569304275,1.0,1.0
2026-03-22T21:10:07.745-868789-438401,792,false,0.799789141947074,1,4905.4528569304275,1.0,1.0
2026-03-22T21:10:07.745-868789-438401,113,false,3.6018701450780055,1,4905.4528569304275,1.0,1.0
2026-03-22T21:10:07.745-868789-438401,883,false,16.472195964897047,1,4905.4528569304275,1.0,1.0
2026-03-22T21:10:07.745-868789-438401,512,false,1.4515495490213668,1,4905.4528569304275,1.0,1.0
2026-03-22T21:10:07.745-868789-438401,718,false,345.00152626867293,1,4905.4528569304275,1.0,1.0
2026-03-22T21:10:07.745-868789-438401,878,false,2.975812296361968,1,4905.4528569304275,1.0,1.0
2026-03-22T21:10:07.745-868789-438401,167,false,0.09698922652668436,1,4905.4528569304275,1.0,1.0
2026-03-22T21:10:07.745-868789-438401,526,false,0.22441136259190056,1,4905.4528569304275,1.0,1.0
2026-03-22T21:10:07.745-868789-438401,304,false,0.024104968560416218,1,4905.4528569304275,1.0,1.0
2026-03-22T21:10:07.745-868789-438401,440,true,0.4183258811865488,1,4905.034531049241,1.0,0.663
2026-03-22T21:10:07.745-868789-438401,657,false,7.9951299736236985,1,4905.034531049241,1.0,1.0
2026-03-22T21:10:07.745-868789-438401,136,false,9.390524733279422,1,4905.034531049241,1.0,1.0
2026-03-22T21:10:07.745-868789-438401,599,false,8.726409166341842,1,4905.034531049241,1.0,1.0
2026-03-22T21:10:07.745-868789-438401,257,false,1.56605945686474,1,4905.034531049241,1.0,1.0
2026-03-22T21:10:07.745-868789-438401,484,false,3.1579274647909927,1,4905.034531049241,1.0,1.0
2026-03-22T21:10:07.745-868789-438401,190,false,2.283285200224011,1,4905.034531049241,1.0,1.0
2026-03-22T21:10:07.745-868789-438401,987,false,109.14781184661186,1,4905.034531049241,1.0,1.0
2026-03-22T21:10:07.745-868789-438401,767,true,0.32829335539287574,1,4904.706237693848,1.0,0.999
2026-03-22T21:10:07.745-868789-438401,383,false,11.773650464169494,1,4904.706237693848,1.0,1.0
2026-03-22T21:10:07.745-868789-438401,313,false,0.1082184343412299,1,4904.706237693848,1.0,1.0
2026-03-22T21:10:07.745-868789-438401,331,false,0.9419883486329189,1,4904.706237693848,1.0,1.0
2026-03-22T21:10:07.745-868789-438401,418,false,37.934257803195734,1,4904.706237693848,1.0,1.0
2026-03-22T21:10:07.745-868789-438401,338,true,0.764570928362927,1,4903.941666765485,1.0,0.999
2026-03-22T21:10:07.745-868789-438401,521,false,25.732511413550597,1,4903.941666765485,1.0,1.0
2026-03-22T21:10:07.745-868789-438401,74,false,28.51541074352429,1,4903.941666765485,1.0,1.0
2026-03-22T21:10:07.745-868789-438401,910,false,0.43330895696922667,1,4903.941666765485,1.0,1.0
2026-03-22T21:10:07.745-868789-438401,502,false,8.475631862508795,1,4903.941666765485,1.0,1.0
2026-03-22T21:10:07.745-868789-438401,898,false,15.847215554244555,1,4903.941666765485,1.0,1.0
2026-03-22T21:10:07.745-868789-438401,738,false,32.93301596437199,1,4903.941666765485,1.0,1.0
2026-03-22T21:10:07.745-868789-438401,495,false,13.138752880569461,1,4903.941666765485,1.0,1.0
2026-03-22T21:10:07.745-868789-438401,229,true,1.8083127100244367,1,4902.133354055461,1.0,0.999
2026-03-22T21:10:07.745-868789-438401,125,false,5.910097301857652,1,4902.133354055461,1.0,1.0
2026-03-22T21:10:07.745-868789-438401,299,false,130.6595030222622,1,4902.133354055461,1.0,1.0
2026-03-22T21:10:07.745-868789-438401,961,true,3.487008202997226,1,4898.646345852463,1.0,0.669
2026-03-22T21:10:07.745-868789-438401,134,false,5.851042103548812,1,4898.646345852463,1.0,1.0
2026-03-22T21:10:07.745-868789-438401,504,false,17.684013427177394,1,4898.646345852463,1.0,1.0
2026-03-22T21:10:07.745-868789-438401,374,false,1.422134297955273,1,4898.646345852463,1.0,1.0
2026-03-22T21:10:07.745-868789-438401,372,false,24.350622707389796,1,4898.646345852463,1.0,1.0
2026-03-22T21:10:07.745-868789-438401,896,false,1.10005465548397,1,4898.646345852463,1.0,1.0
2026-03-22T21:10:07.745-868789-438401,717,false,171.84931643547222,1,4898.646345852463,1.0,1.0
2026-03-22T21:10:07.745-868789-438401,761,false,13.302404668964003,1,4898.646345852463,1.0,1.0
2026-03-22T21:10:07.745-868789-438401,45,false,1.6414624324203633,1,4898.646345852463,1.0,1.0
2026-03-22T21:10:07.745-868789-438401,159,false,3.899511393510493,1,4898.646345852463,1.0,1.0
2026-03-22T21:10:07.745-868789-438401,50,false,107.94698865914108,1,4898.646345852463,1.0,1.0
2026-03-22T21:10:07.745-868789-438401,575,false,6.025214123447142,1,4898.646345852463,1.0,1.0
2026-03-22T21:10:07.745-868789-438401,28,false,0.8523644230991708,1,4898.646345852463,1.0,1.0
2026-03-22T21:10:07.745-868789-438401,215,false,37.27008876128682,1,4898.646345852463,1.0,1.0
2026-03-22T21:10:07.745-868789-438401,460,false,1.850233763276554,1,4898.646345852463,1.0,1.0
2026-03-22T21:10:07.745-868789-438401,642,false,4.787623806106771,1,4898.646345852463,1.0,1.0
2026-03-22T21:10:07.745-868789-438401,805,false,6.377389811045226,1,4898.646345852463,1.0,1.0
2026-03-22T21:10:07.745-868789-438401,141,false,0.22835734173288333,1,4898.646345852463,1.0,1.0
2026-03-22T21:10:07.745-868789-438401,921,false,0.5798819075499426,1,4898.646345852463,1.0,1.0
2026-03-22T21:10:07.745-868789-438401,216,false,5.687606870800691,1,4898.646345852463,1.0,1.0
2026-03-22T21:10:07.745-868789-438401,23,false,3.313131104695273,1,4898.646345852463,1.0,1.0
2026-03-22T21:10:07.745-868789-438401,788,false,90.05191299106795,1,4898.646345852463,1.0,1.0
2026-03-22T21:10:07.745-868789-438401,741,true,125.79436616870554,1,4772.851979683757,1.0,0.999
2026-03-22T21:10:07.745-868789-438401,320,false,1.9964514100808166,1,4772.851979683757,1.0,1.0
2026-03-22T21:10:07.745-868789-438401,81,false,0.7893488528754514,1,4772.851979683757,1.0,1.0
2026-03-22T21:10:07.745-868789-438401,848,false,9.540764371345217,1,4772.851979683757,1.0,1.0
2026-03-22T21:10:07.745-868789-438401,474,false,0.11865907845650964,1,4772.851979683757,1.0,1.0
2026-03-22T21:10:07.745-868789-438401,66,false,0.5999174230110853,1,4772.851979683757,1.0,1.0
2026-03-22T21:10:07.745-868789-438401,821,false,94.72593315992766,1,4772.851979683757,1.0,1.0
2026-03-22T21:10:07.745-868789-438401,237,false,0.56825730176877,1,4772.851979683757,1.0,1.0
2026-03-22T21:10:07.745-868789-438401,274,false,0.38035070927100384,1,4772.851979683757,1.0,1.0
2026-03-22T21:10:07.745-868789-438401,542,true,52.41693258197858,1,4720.435047101779,1.0,0.999
2026-03-22T21:10:07.745-868789-438401,499,false,23.249379606066043,1,4720.435047101779,1.0,1.0
2026-03-22T21:10:07.745-868789-438401,361,false,3.7093571433161507,1,4720.435047101779,1.0,1.0
2026-03-22T21:10:07.745-868789-438401,337,true,1.1748080071314426,1,4719.260239094648,1.0,0.69
2026-03-22T21:10:07.745-868789-438401,746,false,5.764063241914156,1,4719.260239094648,1.0,1.0
2026-03-22T21:10:07.745-868789-438401,494,true,5.803388989748478,1,4713.456850104899,1.0,0.999
2026-03-22T21:10:07.745-868789-438401,583,false,1.024045548648826,1,4713.456850104899,1.0,1.0
2026-03-22T21:10:07.745-868789-438401,341,true,6.9920600179118075,1,4706.464790086987,1.0,0.794
2026-03-22T21:10:07.745-868789-438401,351,false,0.8336272514968197,1,4706.464790086987,1.0,1.0
2026-03-22T21:10:07.745-868789-438401,294,false,1.3983650257411337,1,4706.464790086987,1.0,1.0
2026-03-22T21:10:07.745-868789-438401,399,true,0.8755760633473529,1,4705.589214023639,1.0,0.999
2026-03-22T21:10:07.745-868789-438401,743,true,29.704782119515414,1,4675.884431904124,1.0,0.643
2026-03-22T21:10:07.745-868789-438401,702,false,5.234525342623873,1,4675.884431904124,1.0,1.0
2026-03-22T21:10:07.745-868789-438401,830,false,90.77367264952017,1,4675.884431904124,1.0,1.0
2026-03-22T21:10:07.745-868789-438401,612,false,0.6243065502522082,1,4675.884431904124,1.0,1.0
2026-03-22T21:10:07.745-868789-438401,860,false,2.5619895635810885,1,4675.884431904124,1.0,1.0
2026-03-22T21:10:07.745-868789-438401,936,false,4.790630519476075,1,4675.884431904124,1.0,1.0
2026-03-22T21:10:07.745-868789-438401,171,false,0.28967842559800133,1,4675.884431904124,1.0,1.0
2026-03-22T21:10:07.745-868789-438401,51,false,4.912301282250512,1,4675.884431904124,1.0,1.0
2026-03-22T21:10:07.745-868789-438401,398,false,0.20734133028674498,1,4675.884431904124,1.0,1.0
2026-03-22T21:10:07.745-868789-438401,535,false,6.190518777851139,1,4675.884431904124,1.0,1.0
2026-03-22T21:10:07.745-868789-438401,211,false,2.3306672250701204,1,4675.884431904124,1.0,1.0
2026-03-22T21:10:07.745-868789-438401,455,false,8.393646263304628,1,4675.884431904124,1.0,1.0
2026-03-22T21:10:07.745-868789-438401,296,false,2.5129659253686922,1,4675.884431904124,1.0,1.0
2026-03-22T21:10:07.745-868789-438401,981,false,0.6035558321683904,1,4675.884431904124,1.0,1.0
2026-03-22T21:10:07.745-868789-438401,793,false,166.60936103793094,1,4675.884431904124,1.0,1.0
2026-03-22T21:10:07.745-868789-438401,343,true,0.43653101504751546,1,4675.447900889076,1.0,0.688
2026-03-22T21:10:07.745-868789-438401,188,false,1.8771153097617161,1,4675.447900889076,1.0,1.0
2026-03-22T21:10:07.745-868789-438401,552,false,2.8308683863414705,1,4675.447900889076,1.0,1.0
2026-03-22T21:10:07.745-868789-438401,549,false,3.812042012951503,1,4675.447900889076,1.0,1.0
2026-03-22T21:10:07.745-868789-438401,488,false,15.87888480706866,1,4675.447900889076,1.0,1.0
2026-03-22T21:10:07.745-868789-438401,64,false,3.797947835730581,1,4675.447900889076,1.0,1.0
2026-03-22T21:10:07.745-868789-438401,48,false,3.7513744409446272,1,4675.447900889076,1.0,1.0
2026-03-22T21:10:07.745-868789-438401,79,false,0.9206427919423869,1,4675.447900889076,1.0,1.0
2026-03-22T21:10:07.745-868789-438401,631,false,2.263828659812923,1,4675.447900889076,1.0,1.0
2026-03-22T21:10:07.745-868789-438401,232,true,1.5710627335238,1,4673.876838155552,1.0,0.6679999999999999
2026-03-22T21:10:07.745-868789-438401,120,false,7.945583860720545,1,4673.876838155552,1.0,1.0
2026-03-22T21:10:07.745-868789-438401,39,false,0.31984309016995105,1,4673.876838155552,1.0,1.0
2026-03-22T21:10:07.745-868789-438401,646,false,5.926230298145478,1,4673.876838155552,1.0,1.0
2026-03-22T21:10:07.745-868789-438401,408,false,4.871454990609845,1,4673.876838155552,1.0,1.0
2026-03-22T21:10:07.745-868789-438401,506,false,1.3409740406180988,1,4673.876838155552,1.0,1.0
2026-03-22T21:10:07.745-868789-438401,421,false,20.04115858065682,1,4673.876838155552,1.0,1.0
2026-03-22T21:10:07.745-868789-438401,461,false,3.3700402312340803,1,4673.876838155552,1.0,1.0
2026-03-22T21:10:07.745-868789-438401,223,false,1.7664836597322473,1,4673.876838155552,1.0,1.0
2026-03-22T21:10:07.745-868789-438401,108,false,1.1551592018155004,1,4673.876838155552,1.0,1.0
2026-03-22T21:10:07.745-868789-438401,97,false,1.7775726572858153,1,4673.876838155552,1.0,1.0
2026-03-22T21:10:07.745-868789-438401,61,false,13.353328792764403,1,4673.876838155552,1.0,1.0
2026-03-22T21:10:07.745-868789-438401,610,false,19.790109474396168,1,4673.876838155552,1.0,1.0
2026-03-22T21:10:07.745-868789-438401,149,false,0.5046700094851762,1,4673.876838155552,1.0,1.0
2026-03-22T21:10:07.745-868789-438401,227,true,1.2061339003712792,1,4672.670704255181,1.0,0.874
2026-03-22T21:10:07.745-868789-438401,989,false,26.73870145818123,1,4672.670704255181,1.0,1.0
2026-03-22T21:10:07.745-868789-438401,676,false,19.238045014980493,1,4672.670704255181,1.0,1.0
2026-03-22T21:10:07.745-868789-438401,187,false,8.369017187589174,1,4672.670704255181,1.0,1.0
2026-03-22T21:10:07.745-868789-438401,798,false,0.09676551338973399,1,4672.670704255181,1.0,1.0
2026-03-22T21:10:07.745-868789-438401,456,false,45.33670624481042,1,4672.670704255181,1.0,1.0
2026-03-22T21:10:07.745-868789-438401,244,false,0.0404801189664052,1,4672.670704255181,1.0,1.0
2026-03-22T21:10:07.745-868789-438401,270,false,0.8528209866176418,1,4672.670704255181,1.0,1.0
2026-03-22T21:10:07.745-868789-438401,128,false,3.8030909201249297,1,4672.670704255181,1.0,1.0
2026-03-22T21:10:07.745-868789-438401,947,false,0.28242648693149225,1,4672.670704255181,1.0,1.0
2026-03-22T21:10:07.745-868789-438401,607,false,17.619539886532205,1,4672.670704255181,1.0,1.0
2026-03-22T21:10:07.745-868789-438401,528,true,15.234966306604857,1,4657.4357379485755,1.0,0.688
2026-03-22T21:10:07.745-868789-438401,515,false,0.8253313438961547,1,4657.4357379485755,1.0,1.0
2026-03-22T21:10:07.745-868789-438401,534,false,0.9250502732997553,1,4657.4357379485755,1.0,1.0
2026-03-22T21:10:07.745-868789-438401,43,false,3.987933332297797,1,4657.4357379485755,1.0,1.0
2026-03-22T21:10:07.745-868789-438401,505,false,47.06240084585789,1,4657.4357379485755,1.0,1.0
2026-03-22T21:10:07.745-868789-438401,700,false,0.021502843303113205,1,4657.4357379485755,1.0,1.0
2026-03-22T21:10:07.745-868789-438401,837,false,4.764725627664161,1,4657.4357379485755,1.0,1.0
2026-03-22T21:10:07.745-868789-438401,564,false,14.174142130024306,1,4657.4357379485755,1.0,1.0
2026-03-22T21:10:07.745-868789-438401,307,false,3.035101211602135,1,4657.4357379485755,1.0,1.0
2026-03-22T21:10:07.745-868789-438401,325,false,0.31277364536009916,1,4657.4357379485755,1.0,1.0
2026-03-22T21:10:07.745-868789-438401,977,false,2.6103575976405957,1,4657.4357379485755,1.0,1.0
2026-03-22T21:10:07.745-868789-438401,110,true,1.9682426310574697,1,4655.467495317518,1.0,0.999
2026-03-22T21:10:07.745-868789-438401,960,true,3.682757222774134,1,4651.784738094744,1.0,0.014000000000000012
2026-03-22T21:10:07.745-868789-438401,906,false,15.626396266796847,1,4651.784738094744,1.0,1.0
2026-03-22T21:10:07.745-868789-438401,24,false,13.59343205332975,1,4651.784738094744,1.0,1.0
2026-03-22T21:10:07.745-868789-438401,68,false,4.754958974329008,1,4651.784738094744,1.0,1.0
2026-03-22T21:10:07.745-868789-438401,196,false,0.8972333393438411,1,4651.784738094744,1.0,1.0
2026-03-22T21:10:07.745-868789-438401,895,false,5.039056755743804,1,4651.784738094744,1.0,1.0
2026-03-22T21:10:07.745-868789-438401,725,false,1.1684812143999603,1,4651.784738094744,1.0,1.0
2026-03-22T21:10:07.745-868789-438401,758,false,0.043288703535675606,1,4651.784738094744,1.0,1.0
2026-03-22T21:10:07.745-868789-438401,771,false,3.255259791254969,1,4651.784738094744,1.0,1.0
2026-03-22T21:10:07.745-868789-438401,744,true,1.317750629611664,1,4650.466987465133,1.0,0.09299999999999997
2026-03-22T21:10:07.745-868789-438401,714,true,1.4316784250778614,1,4649.035309040055,1.0,0.999
2026-03-22T21:10:07.745-868789-438401,959,true,1.7398250079000337,1,4647.2954840321545,1.0,0.0
2026-03-22T21:10:07.745-868789-438401,147,false,5.555085986207657,1,4647.2954840321545,1.0,1.0
2026-03-22T21:10:07.745-868789-438401,436,false,3.137984201344468,1,4647.2954840321545,1.0,1.0
2026-03-22T21:10:07.745-868789-438401,471,true,0.5526788410430942,1,4646.742805191111,1.0,0.687
2026-03-22T21:10:07.745-868789-438401,11,false,0.7067593723353119,1,4646.742805191111,1.0,1.0
2026-03-22T21:10:07.745-868789-438401,226,true,0.6317549281791947,1,4646.111050262932,1.0,0.06999999999999995
2026-03-22T21:10:07.745-868789-438401,127,false,27.651417700488672,1,4646.111050262932,1.0,1.0
2026-03-22T21:10:07.745-868789-438401,189,false,1.4983139374038887,1,4646.111050262932,1.0,1.0
2026-03-22T21:10:07.745-868789-438401,529,true,1.3484347973860042,1,4644.762615465545,1.0,0.019000000000000017
2026-03-22T21:10:07.745-868789-438401,457,false,0.6471397253696021,1,4644.762615465545,1.0,1.0
2026-03-22T21:10:07.745-868789-438401,785,false,0.246424937370395,1,4644.762615465545,1.0,1.0
2026-03-22T21:10:07.745-868789-438401,326,false,0.1662674536922397,1,4644.762615465545,1.0,1.0
2026-03-22T21:10:07.745-868789-438401,697,false,0.20934458323192043,1,4644.762615465545,1.0,1.0
2026-03-22T21:10:07.745-868789-438401,381,false,2.0292603793873427,1,4644.762615465545,1.0,1.0
2026-03-22T21:10:07.745-868789-438401,547,false,1.3984103105627692,1,4644.762615465545,1.0,1.0
2026-03-22T21:10:07.745-868789-438401,220,true,0.3011892032608897,1,4644.4614262622845,1.0,0.999
2026-03-22T21:10:07.745-868789-438401,991,false,0.9410696078145893,1,4644.4614262622845,1.0,1.0
2026-03-22T21:10:07.745-868789-438401,366,false,1.3448266651386143,1,4644.4614262622845,1.0,1.0
2026-03-22T21:10:07.745-868789-438401,230,true,86.43768749513625,1,4558.023738767149,1.0,0.0
2026-03-22T21:10:07.745-868789-438401,58,false,0.08356033775230243,1,4558.023738767149,1.0,1.0
2026-03-22T21:10:07.745-868789-438401,520,false,0.9147584853754687,1,4558.023738767149,1.0,1.0
2026-03-22T21:10:07.745-868789-438401,406,false,6.602358855561538,1,4558.023738767149,1.0,1.0
2026-03-22T21:10:07.745-868789-438401,561,false,0.08365119099039933,1,4558.023738767149,1.0,1.0
2026-03-22T21:10:07.745-868789-438401,577,false,9.286577289591774,1,4558.023738767149,1.0,1.0
2026-03-22T21:10:07.745-868789-438401,55,false,0.2530339371199543,1,4558.023738767149,1.0,1.0
2026-03-22T21:10:07.745-868789-438401,199,false,3.7058577856247252,1,4558.023738767149,1.0,1.0
2026-03-22T21:10:07.745-868789-438401,297,false,0.7199538616274452,1,4558.023738767149,1.0,1.0
2026-03-22T21:10:07.745-868789-438401,1000,false,2.197990173330015,1,4558.023738767149,1.0,1.0
2026-03-22T21:10:07.745-868789-438401,367,false,0.5811042739147794,1,4558.023738767149,1.0,1.0
2026-03-22T21:10:07.745-868789-438401,415,false,7.2532983807597144,1,4558.023738767149,1.0,1.0
2026-03-22T21:10:07.745-868789-438401,111,true,88.29322988230696,1,4469.730508884842,1.0,0.656
2026-03-22T21:10:07.745-868789-438401,734,false,6.340221355382499,1,4469.730508884842,1.0,1.0
2026-03-22T21:10:07.745-868789-438401,202,false,519.0718733973154,1,4469.730508884842,1.0,1.0
2026-03-22T21:10:07.745-868789-438401,562,false,27.72636253025343,1,4469.730508884842,1.0,1.0
2026-03-22T21:10:07.745-868789-438401,394,false,1.3998635362626142,1,4469.730508884842,1.0,1.0
2026-03-22T21:10:07.745-868789-438401,375,false,2.8332925817583203,1,4469.730508884842,1.0,1.0
2026-03-22T21:10:07.745-868789-438401,691,false,21.457146910645925,1,4469.730508884842,1.0,1.0
2026-03-22T21:10:07.745-868789-438401,60,false,47.00859196406027,1,4469.730508884842,1.0,1.0
2026-03-22T21:10:07.745-868789-438401,637,false,23.14824230368426,1,4469.730508884842,1.0,1.0
2026-03-22T21:10:07.745-868789-438401,63,false,0.18868902161688703,1,4469.730508884842,1.0,1.0
2026-03-22T21:10:07.745-868789-438401,523,false,4.893903678385301,1,4469.730508884842,1.0,1.0
2026-03-22T21:10:07.745-868789-438401,728,false,10.237490589559245,1,4469.730508884842,1.0,1.0
2026-03-22T21:10:07.745-868789-438401,364,false,2.4540445078096385,1,4469.730508884842,1.0,1.0
2026-03-22T21:10:07.745-868789-438401,750,false,0.20417952561001976,1,4469.730508884842,1.0,1.0
2026-03-22T21:10:07.745-868789-438401,603,false,9.065125867590648,1,4469.730508884842,1.0,1.0
2026-03-22T21:10:07.745-868789-438401,986,false,36.50259128261385,1,4469.730508884842,1.0,1.0
2026-03-22T21:10:07.745-868789-438401,884,false,9.102304515842654,1,4469.730508884842,1.0,1.0
2026-03-22T21:10:07.745-868789-438401,569,false,0.31294758989327615,1,4469.730508884842,1.0,1.0
2026-03-22T21:10:07.745-868789-438401,16,false,5.875487419680374,1,4469.730508884842,1.0,1.0
2026-03-22T21:10:07.745-868789-438401,823,true,1547.7275053115006,1,2922.0030035733407,1.0,0.999
2026-03-22T21:10:07.745-868789-438401,652,false,0.33179691320089855,1,2922.0030035733407,1.0,1.0
2026-03-22T21:10:07.745-868789-438401,834,false,830.5055302970818,1,2922.0030035733407,1.0,1.0
2026-03-22T21:10:07.745-868789-438401,897,false,0.03587231986356877,1,2922.0030035733407,1.0,1.0
2026-03-22T21:10:07.745-868789-438401,6,false,0.3653003540717048,1,2922.0030035733407,1.0,1.0
2026-03-22T21:10:07.745-868789-438401,733,false,0.25410232138853434,1,2922.0030035733407,1.0,1.0
2026-03-22T21:10:07.745-868789-438401,827,false,2.7595096570486253,1,2922.0030035733407,1.0,1.0
2026-03-22T21:10:07.745-868789-438401,963,true,42.25923696991904,1,2879.7437666034216,1.0,0.0
2026-03-22T21:10:07.745-868789-438401,264,false,3.619396320510187,1,2879.7437666034216,1.0,1.0
2026-03-22T21:10:07.745-868789-438401,300,false,4.995886522995104,1,2879.7437666034216,1.0,1.0
2026-03-22T21:10:07.745-868789-438401,119,false,0.2819599513820745,1,2879.7437666034216,1.0,1.0
2026-03-22T21:10:07.745-868789-438401,578,false,0.12774819008853333,1,2879.7437666034216,1.0,1.0
2026-03-22T21:10:07.745-868789-438401,83,false,4.887309693622221,1,2879.7437666034216,1.0,1.0
2026-03-22T21:10:07.745-868789-438401,550,true,4.1772873604848355,1,2875.5664792429366,1.0,0.999
2026-03-22T21:10:07.745-868789-438401,558,true,2.6595110046049344,1,2872.9069682383315,1.0,0.999
2026-03-22T21:10:07.745-868789-438401,91,false,1.2714378842535834,1,2872.9069682383315,1.0,1.0
2026-03-22T21:10:07.745-868789-438401,587,false,48.65946414008208,1,2872.9069682383315,1.0,1.0
2026-03-22T21:10:07.745-868789-438401,589,false,70.12932175581392,1,2872.9069682383315,1.0,1.0
2026-03-22T21:10:07.745-868789-438401,796,false,0.08256454848079128,1,2872.9069682383315,1.0,1.0
2026-03-22T21:10:07.745-868789-438401,905,false,28.68322295939213,1,2872.9069682383315,1.0,1.0
2026-03-22T21:10:07.745-868789-438401,752,false,0.36775929300307153,1,2872.9069682383315,1.0,1.0
2026-03-22T21:10:07.745-868789-438401,240,false,19.996829509165472,1,2872.9069682383315,1.0,1.0
2026-03-22T21:10:07.745-868789-438401,847,false,0.38761607140478055,1,2872.9069682383315,1.0,1.0
2026-03-22T21:10:07.745-868789-438401,117,false,4.327682108211988,1,2872.9069682383315,1.0,1.0
2026-03-22T21:10:07.745-868789-438401,126,false,0.7108548973277805,1,2872.9069682383315,1.0,1.0
2026-03-22T21:10:07.745-868789-438401,318,false,0.9607921891254695,1,2872.9069682383315,1.0,1.0
2026-03-22T21:10:07.745-868789-438401,263,false,8.813469440110628,1,2872.9069682383315,1.0,1.0
2026-03-22T21:10:07.745-868789-438401,801,false,0.09179901344436223,1,2872.9069682383315,1.0,1.0
2026-03-22T21:10:07.745-868789-438401,485,false,1.4054075209089623,1,2872.9069682383315,1.0,1.0
2026-03-22T21:10:07.745-868789-438401,679,true,1.7345744469601132,1,2871.172393791371,1.0,0.999
2026-03-22T21:10:07.745-868789-438401,914,false,0.014529144587321328,1,2871.172393791371,1.0,1.0
2026-03-22T21:10:07.745-868789-438401,541,true,31.842060261397297,1,2839.330333529974,1.0,0.685
2026-03-22T21:10:07.745-868789-438401,416,false,0.13419767820211018,1,2839.330333529974,1.0,1.0
2026-03-22T21:10:07.745-868789-438401,673,false,8.408785671741649,1,2839.330333529974,1.0,1.0
2026-03-22T21:10:07.745-868789-438401,22,false,0.09543995009301809,1,2839.330333529974,1.0,1.0
2026-03-22T21:10:07.745-868789-438401,114,true,11.888203411416367,1,2827.4421301185575,1.0,0.773
2026-03-22T21:10:07.745-868789-438401,707,false,2.0920093940454807,1,2827.4421301185575,1.0,1.0
2026-03-22T21:10:07.745-868789-438401,384,false,0.7523641199197776,1,2827.4421301185575,1.0,1.0
2026-03-22T21:10:07.745-868789-438401,170,false,0.26424768623372125,1,2827.4421301185575,1.0,1.0
2026-03-22T21:10:07.745-868789-438401,449,false,0.9222380540939152,1,2827.4421301185575,1.0,1.0
2026-03-22T21:10:07.745-868789-438401,855,false,20.316010823774075,1,2827.4421301185575,1.0,1.0
2026-03-22T21:10:07.745-868789-438401,886,false,0.1129754670662148,1,2827.4421301185575,1.0,1.0
2026-03-22T21:10:07.745-868789-438401,87,false,0.9557178924530058,1,2827.4421301185575,1.0,1.0
2026-03-22T21:10:07.745-868789-438401,724,false,6.353187003530912,1,2827.4421301185575,1.0,1.0
2026-03-22T21:10:07.745-868789-438401,791,false,0.016343949900785484,1,2827.4421301185575,1.0,1.0
2026-03-22T21:10:07.745-868789-438401,152,false,0.44790039023006406,1,2827.4421301185575,1.0,1.0
2026-03-22T21:10:07.745-868789-438401,156,false,2.580784819390157,1,2827.4421301185575,1.0,1.0
2026-03-22T21:10:07.745-868789-438401,208,false,12.377699216285341,1,2827.4421301185575,1.0,1.0
2026-03-22T21:10:07.745-868789-438401,995,false,4.670046626866866,1,2827.4421301185575,1.0,1.0
2026-03-22T21:10:07.745-868789-438401,913,false,42.56405809089644,1,2827.4421301185575,1.0,1.0
2026-03-22T21:10:07.745-868789-438401,219,true,2.467861603419046,1,2824.9742685151386,1.0,0.8009999999999999
2026-03-22T21:10:07.745-868789-438401,281,true,0.8589221966229373,1,2824.1153463185155,1.0,0.999
2026-03-22T21:10:07.745-868789-438401,280,true,0.6430044815951492,1,2823.4723418369204,1.0,0.688
2026-03-22T21:10:07.745-868789-438401,812,false,40.261318908504,1,2823.4723418369204,1.0,1.0
2026-03-22T21:10:07.745-868789-438401,543,true,17.01906742115474,1,2806.4532744157655,1.0,0.016000000000000014
2026-03-22T21:10:07.745-868789-438401,756,false,1.7845899909329859,1,2806.4532744157655,1.0,1.0
2026-03-22T21:10:07.745-868789-438401,1,false,9.42225643182643,1,2806.4532744157655,1.0,1.0
2026-03-22T21:10:07.745-868789-438401,818,true,0.3378571020356188,1,2806.1154173137297,1.0,0.8240000000000001
2026-03-22T21:10:07.745-868789-438401,269,false,22.300226721766716,1,2806.1154173137297,1.0,1.0
2026-03-22T21:10:07.745-868789-438401,124,false,0.025497022637839744,1,2806.1154173137297,1.0,1.0
2026-03-22T21:10:07.745-868789-438401,584,false,12.487976837450462,1,2806.1154173137297,1.0,1.0
2026-03-22T21:10:07.745-868789-438401,465,false,37.31703418656499,1,2806.1154173137297,1.0,1.0
2026-03-22T21:10:07.745-868789-438401,180,false,166.40341368760562,1,2806.1154173137297,1.0,1.0
2026-03-22T21:10:07.745-868789-438401,390,false,14.039621179247003,1,2806.1154173137297,1.0,1.0
2026-03-22T21:10:07.745-868789-438401,172,false,4.267690754240982,1,2806.1154173137297,1.0,1.0
2026-03-22T21:10:07.745-868789-438401,873,false,4.24511782847443,1,2806.1154173137297,1.0,1.0
2026-03-22T21:10:07.745-868789-438401,273,false,1.0368747565848266,1,2806.1154173137297,1.0,1.0
2026-03-22T21:10:07.745-868789-438401,640,false,0.041990504097721516,1,2806.1154173137297,1.0,1.0
2026-03-22T21:10:07.745-868789-438401,482,false,2.13590981985799,1,2806.1154173137297,1.0,1.0
2026-03-22T21:10:07.745-868789-438401,982,false,4.032021823362854,1,2806.1154173137297,1.0,1.0
2026-03-22T21:10:07.745-868789-438401,163,false,13.94819284595554,1,2806.1154173137297,1.0,1.0
2026-03-22T21:10:07.745-868789-438401,768,true,18.33225044363418,1,2787.7831668700956,1.0,0.6739999999999999
2026-03-22T21:10:07.745-868789-438401,634,true,0.31687412559074757,1,2787.4662927445047,1.0,0.999
2026-03-22T21:10:07.745-868789-438401,902,false,12.609264553584307,1,2787.4662927445047,1.0,1.0
2026-03-22T21:10:07.745-868789-438401,112,true,0.9350346875036295,1,2786.531258057001,1.0,0.0
2026-03-22T21:10:07.745-868789-438401,278,true,8.829058005157666,1,2777.7022000518436,1.0,0.015000000000000013
2026-03-22T21:10:07.745-868789-438401,916,false,0.4860025129582401,1,2777.7022000518436,1.0,1.0
2026-03-22T21:10:07.745-868789-438401,493,true,0.8353865167856215,1,2776.866813535058,1.0,0.6599999999999999
2026-03-22T21:10:07.745-868789-438401,645,false,20.041654025014587,1,2776.866813535058,1.0,1.0
2026-03-22T21:10:07.745-868789-438401,592,false,61.38875618014552,1,2776.866813535058,1.0,1.0
2026-03-22T21:10:07.745-868789-438401,871,false,0.025310141967854083,1,2776.866813535058,1.0,1.0
2026-03-22T21:10:07.745-868789-438401,832,false,0.7200934058311014,1,2776.866813535058,1.0,1.0
2026-03-22T21:10:07.745-868789-438401,151,false,0.3682218941025752,1,2776.866813535058,1.0,1.0
2026-03-22T21:10:07.745-868789-438401,713,false,0.15058383424712443,1,2776.866813535058,1.0,1.0
2026-03-22T21:10:07.745-868789-438401,306,false,112.78973912313265,1,2776.866813535058,1.0,1.0
2026-03-22T21:10:07.745-868789-438401,890,false,0.5157990984852848,1,2776.866813535058,1.0,1.0
2026-03-22T21:10:07.745-868789-438401,233,true,1.613265161858475,1,2775.2535483731995,1.0,0.014000000000000012
2026-03-22T21:10:07.745-868789-438401,417,true,552.4420947874032,1,2222.8114535857962,1.0,0.999
2026-03-22T21:10:07.745-868789-438401,763,false,0.04857947903210086,1,2222.8114535857962,1.0,1.0
2026-03-22T21:10:07.745-868789-438401,881,false,0.22636997331488443,1,2222.8114535857962,1.0,1.0
2026-03-22T21:10:07.745-868789-438401,668,false,24.71923356597801,1,2222.8114535857962,1.0,1.0
2026-03-22T21:10:07.745-868789-438401,25,false,9.797037843568681,1,2222.8114535857962,1.0,1.0
2026-03-22T21:10:07.745-868789-438401,67,false,0.8950085947818843,1,2222.8114535857962,1.0,1.0
2026-03-22T21:10:07.745-868789-438401,121,false,0.40604559508369287,1,2222.8114535857962,1.0,1.0
2026-03-22T21:10:07.745-868789-438401,140,false,1.289323449941854,1,2222.8114535857962,1.0,1.0
2026-03-22T21:10:07.745-868789-438401,920,true,1.2882589964270488,1,2221.5231945893693,1.0,0.999
2026-03-22T21:10:07.745-868789-438401,712,true,16.18248986390606,1,2205.340704725463,1.0,0.673
2026-03-22T21:10:07.745-868789-438401,870,false,0.892145445254647,1,2205.340704725463,1.0,1.0
2026-03-22T21:10:07.745-868789-438401,969,false,0.9437365278452768,1,2205.340704725463,1.0,1.0
2026-03-22T21:10:07.745-868789-438401,939,false,0.704229922833285,1,2205.340704725463,1.0,1.0
2026-03-22T21:10:07.745-868789-438401,225,true,0.4907253070953587,1,2204.8499794183676,1.0,0.09299999999999997
2026-03-22T21:10:07.745-868789-438401,620,false,0.8621561211590375,1,2204.8499794183676,1.0,1.0
2026-03-22T21:10:07.745-868789-438401,608,false,0.7900750943982651,1,2204.8499794183676,1.0,1.0
2026-03-22T21:10:07.745-868789-438401,443,true,3.869600707716045,1,2200.9803787106516,1.0,0.02400000000000002
2026-03-22T21:10:07.745-868789-438401,661,false,0.032820526732024596,1,2200.9803787106516,1.0,1.0
2026-03-22T21:10:07.745-868789-438401,786,false,324.2433975533716,1,2200.9803787106516,1.0,1.0
2026-03-22T21:10:07.745-868789-438401,438,true,22.89139818234711,1,2178.0889805283045,1.0,0.019000000000000017
2026-03-22T21:10:07.745-868789-438401,807,true,2.678131459424864,1,2175.4108490688795,1.0,0.868
2026-03-22T21:10:07.745-868789-438401,770,true,2.141214273453088,1,2173.2696347954266,1.0,0.016000000000000014
2026-03-22T21:10:07.745-868789-438401,998,false,3.8000317063264495,1,2173.2696347954266,1.0,1.0
2026-03-22T21:10:07.745-868789-438401,359,false,0.49676347792538994,1,2173.2696347954266,1.0,1.0
2026-03-22T21:10:07.745-868789-438401,957,true,0.6773113822181155,1,2172.5923234132083,1.0,0.016000000000000014
2026-03-22T21:10:07.745-868789-438401,814,false,41.68060556617923,1,2172.5923234132083,1.0,1.0
2026-03-22T21:10:07.745-868789-438401,275,true,2.227665981972988,1,2170.364657431235,1.0,0.6739999999999999
2026-03-22T21:10:07.745-868789-438401,780,false,0.16135686766505916,1,2170.364657431235,1.0,1.0
2026-03-22T21:10:07.745-868789-438401,41,false,11.07849097969262,1,2170.364657431235,1.0,1.0
2026-03-22T21:10:07.745-868789-438401,295,false,1.5140938217888724,1,2170.364657431235,1.0,1.0
2026-03-22T21:10:07.745-868789-438401,37,false,1.2416347963977905,1,2170.364657431235,1.0,1.0
2026-03-22T21:10:07.745-868789-438401,656,false,0.23163375103917155,1,2170.364657431235,1.0,1.0
2026-03-22T21:10:07.745-868789-438401,912,false,5.437261311005911,1,2170.364657431235,1.0,1.0
2026-03-22T21:10:07.745-868789-438401,985,false,5.595118954845472,1,2170.364657431235,1.0,1.0
2026-03-22T21:10:07.745-868789-438401,400,true,1.0581267598442112,1,2169.306530671391,1.0,0.677
2026-03-22T21:10:07.745-868789-438401,539,false,0.01355023825288725,1,2169.306530671391,1.0,1.0
2026-03-22T21:10:07.745-868789-438401,571,false,17.868303514076892,1,2169.306530671391,1.0,1.0
2026-03-22T21:10:07.745-868789-438401,775,false,0.2287312748512533,1,2169.306530671391,1.0,1.0
2026-03-22T21:10:07.745-868789-438401,846,false,0.1912326036776563,1,2169.306530671391,1.0,1.0
2026-03-22T21:10:07.745-868789-438401,774,false,0.6343102764363339,1,2169.306530671391,1.0,1.0
2026-03-22T21:10:07.745-868789-438401,682,true,3.9321228358265192,1,2165.3744078355644,1.0,0.855
2026-03-22T21:10:07.745-868789-438401,669,false,14.762795204428176,1,2165.3744078355644,1.0,1.0
2026-03-22T21:10:07.745-868789-438401,323,false,1.7023223064081712,1,2165.3744078355644,1.0,1.0
2026-03-22T21:10:07.745-868789-438401,824,true,0.34347873541396834,1,2165.0309291001504,1.0,0.397
2026-03-22T21:10:07.745-868789-438401,158,false,4.382509317071563,1,2165.0309291001504,1.0,1.0
2026-03-22T21:10:07.745-868789-438401,616,false,8.1378989032841,1,2165.0309291001504,1.0,1.0
2026-03-22T21:10:07.745-868789-438401,253,false,8.577508210621172,1,2165.0309291001504,1.0,1.0
2026-03-22T21:10:07.745-868789-438401,601,false,4.776470305044594,1,2165.0309291001504,1.0,1.0
2026-03-22T21:10:07.745-868789-438401,613,true,6.656793949162636,1,2158.374135150988,1.0,0.999
2026-03-22T21:10:07.745-868789-438401,69,false,1.9329510235468617,1,2158.374135150988,1.0,1.0
2026-03-22T21:10:07.745-868789-438401,888,false,4.761405303855957,1,2158.374135150988,1.0,1.0
2026-03-22T21:10:07.745-868789-438401,938,false,1.578615955217456,1,2158.374135150988,1.0,1.0
2026-03-22T21:10:07.745-868789-438401,286,false,0.016092890403342434,1,2158.374135150988,1.0,1.0
2026-03-22T21:10:07.745-868789-438401,731,false,1.6347485288107537,1,2158.374135150988,1.0,1.0
2026-03-22T21:10:07.745-868789-438401,874,false,56.92107313723302,1,2158.374135150988,1.0,1.0
2026-03-22T21:10:07.745-868789-438401,732,false,0.12518640402282638,1,2158.374135150988,1.0,1.0
2026-03-22T21:10:07.745-868789-438401,77,false,0.6835670925026391,1,2158.374135150988,1.0,1.0
2026-03-22T21:10:07.745-868789-438401,96,false,0.018490185285286367,1,2158.374135150988,1.0,1.0
2026-03-22T21:10:07.745-868789-438401,116,false,0.16837791059293697,1,2158.374135150988,1.0,1.0
2026-03-22T21:10:07.745-868789-438401,563,false,1.4902258362037335,1,2158.374135150988,1.0,1.0
2026-03-22T21:10:07.745-868789-438401,932,true,13.421784706488257,1,2144.9523504444996,1.0,0.999
2026-03-22T21:10:07.745-868789-438401,760,false,0.6336610252626967,1,2144.9523504444996,1.0,1.0
2026-03-22T21:10:07.745-868789-438401,954,false,0.20163832082741295,1,2144.9523504444996,1.0,1.0
2026-03-22T21:10:07.745-868789-438401,467,false,0.165936286649068,1,2144.9523504444996,1.0,1.0
2026-03-22T21:10:07.745-868789-438401,621,false,125.88345280767446,1,2144.9523504444996,1.0,1.0
2026-03-22T21:10:07.745-868789-438401,146,true,4.987575745717022,1,2139.9647746987825,1.0,0.999
2026-03-22T21:10:07.745-868789-438401,76,false,0.7781017913718584,1,2139.9647746987825,1.0,1.0
2026-03-22T21:10:07.745-868789-438401,580,false,10.544979968315582,1,2139.9647746987825,1.0,1.0
2026-03-22T21:10:07.745-868789-438401,123,false,2.9424785992801663,1,2139.9647746987825,1.0,1.0
2026-03-22T21:10:07.745-868789-438401,538,true,4.0488393213030776,1,2135.9159353774794,1.0,0.6639999999999999
2026-03-22T21:10:07.745-868789-438401,745,true,4.168877597130147,1,2131.747057780349,1.0,0.017000000000000015
2026-03-22T21:10:07.745-868789-438401,17,false,1.6271153641982352,1,2131.747057780349,1.0,1.0
2026-03-22T21:10:07.745-868789-438401,193,false,0.18233773699601163,1,2131.747057780349,1.0,1.0
2026-03-22T21:10:07.745-868789-438401,670,false,20.488666050390652,1,2131.747057780349,1.0,1.0
2026-03-22T21:10:07.745-868789-438401,468,true,2.193407955097247,1,2129.553649825252,1.0,0.661
2026-03-22T21:10:07.745-868789-438401,29,false,10.96035177763129,1,2129.553649825252,1.0,1.0
2026-03-22T21:10:07.745-868789-438401,843,false,0.40288624194921746,1,2129.553649825252,1.0,1.0
2026-03-22T21:10:07.745-868789-438401,784,true,1.6898293392594224,1,2127.863820485992,1.0,0.999
2026-03-22T21:10:07.745-868789-438401,309,false,0.3130853418741414,1,2127.863820485992,1.0,1.0
2026-03-22T21:10:07.745-868789-438401,476,true,179.1685164719812,1,1948.695304014011,1.0,0.010000000000000009
2026-03-22T21:10:07.745-868789-438401,624,false,65.0837040684889,1,1948.695304014011,1.0,1.0
2026-03-22T21:10:07.745-868789-438401,948,false,1.2201794839489843,1,1948.695304014011,1.0,1.0
2026-03-22T21:10:07.745-868789-438401,407,false,6.654445650260761,1,1948.695304014011,1.0,1.0
2026-03-22T21:10:07.745-868789-438401,203,false,6.511523211040761,1,1948.695304014011,1.0,1.0
2026-03-22T21:10:07.745-868789-438401,272,true,6.333884288464359,1,1942.3614197255467,1.0,0.673
2026-03-22T21:10:07.745-868789-438401,486,false,1.31468599901916,1,1942.3614197255467,1.0,1.0
2026-03-22T21:10:07.745-868789-438401,595,false,6.830587247357368,1,1942.3614197255467,1.0,1.0
2026-03-22T21:10:07.745-868789-438401,357,false,0.3460269893600421,1,1942.3614197255467,1.0,1.0
2026-03-22T21:10:07.745-868789-438401,889,false,17.875446217064265,1,1942.3614197255467,1.0,1.0
2026-03-22T21:10:07.745-868789-438401,872,false,2.569370397632476,1,1942.3614197255467,1.0,1.0
2026-03-22T21:10:07.745-868789-438401,260,false,2.516450552753944,1,1942.3614197255467,1.0,1.0
2026-03-22T21:10:07.745-868789-438401,772,true,26.99178498099418,1,1915.3696347445525,1.0,0.793
2026-03-22T21:10:07.745-868789-438401,638,false,5.946178009614786,1,1915.3696347445525,1.0,1.0
2026-03-22T21:10:07.745-868789-438401,931,true,1.6489868739551345,1,1913.7206478705973,1.0,0.6839999999999999
2026-03-22T21:10:07.745-868789-438401,90,false,1.1101037612792524,1,1913.7206478705973,1.0,1.0
2026-03-22T21:10:07.745-868789-438401,548,true,5.212410150645968,1,1908.5082377199512,1.0,0.6619999999999999
2026-03-22T21:10:07.745-868789-438401,387,true,1.4993171531830265,1,1907.0089205667682,1.0,0.999
2026-03-22T21:10:07.745-868789-438401,988,false,98.98321528848797,1,1907.0089205667682,1.0,1.0
2026-03-22T21:10:07.745-868789-438401,829,false,10.655973986279212,1,1907.0089205667682,1.0,1.0
2026-03-22T21:10:07.745-868789-438401,867,false,1.7937407892909016,1,1907.0089205667682,1.0,1.0
2026-03-22T21:10:07.745-868789-438401,844,false,22.166493285767167,1,1907.0089205667682,1.0,1.0
2026-03-22T21:10:07.745-868789-438401,487,false,1.087173980890657,1,1907.0089205667682,1.0,1.0
2026-03-22T21:10:07.745-868789-438401,721,true,1.4637667509563395,1,1905.5451538158118,1.0,0.8220000000000001
2026-03-22T21:10:07.745-868789-438401,21,false,29.50414782123585,1,1905.5451538158118,1.0,1.0
2026-03-22T21:10:07.745-868789-438401,13,true,0.34645689319448925,1,1905.1986969226173,1.0,0.999
2026-03-22T21:10:07.745-868789-438401,787,true,442.8620797061031,1,1462.3366172165142,1.0,0.593
2026-03-22T21:10:07.745-868789-438401,259,false,2.5354560911122843,1,1462.3366172165142,1.0,1.0
2026-03-22T21:10:07.745-868789-438401,828,false,20.957184149276134,1,1462.3366172165142,1.0,1.0
2026-03-22T21:10:07.745-868789-438401,790,true,3.7517259714831512,1,1458.584891245031,1.0,0.609
2026-03-22T21:10:07.745-868789-438401,53,true,1.5135692145527262,1,1457.0713220304783,1.0,0.998
2026-03-22T21:10:07.745-868789-438401,462,false,1.7183228412567924,1,1457.0713220304783,1.0,1.0
2026-03-22T21:10:07.745-868789-438401,137,false,22.927737097263705,1,1457.0713220304783,1.0,1.0
2026-03-22T21:10:07.745-868789-438401,719,true,2.6223187207314935,1,1454.4490033097468,1.0,0.7150000000000001
2026-03-22T21:10:07.745-868789-438401,825,true,0.5994173208138014,1,1453.849585988933,1.0,0.0
2026-03-22T21:10:07.745-868789-438401,105,false,0.35378622359313394,1,1453.849585988933,1.0,1.0
2026-03-22T21:10:07.745-868789-438401,433,false,124.09265918753213,1,1453.849585988933,1.0,1.0
2026-03-22T21:10:07.745-868789-438401,727,false,1.0794312036048,1,1453.849585988933,1.0,1.0
2026-03-22T21:10:07.745-868789-438401,459,false,0.7607974794351651,1,1453.849585988933,1.0,1.0
2026-03-22T21:10:07.745-868789-438401,26,false,2.810525387759476,1,1453.849585988933,1.0,1.0
2026-03-22T21:10:07.745-868789-438401,800,false,0.14371646160083756,1,1453.849585988933,1.0,1.0
2026-03-22T21:10:07.745-868789-438401,762,true,11.005080606857149,1,1442.844505382076,1.0,0.999
2026-03-22T21:10:07.745-868789-438401,362,false,198.1787613547011,1,1442.844505382076,1.0,1.0
2026-03-22T21:10:07.745-868789-438401,877,false,1.2321472925565593,1,1442.844505382076,1.0,1.0
2026-03-22T21:10:07.745-868789-438401,545,true,11.188437184814239,1,1431.6560681972617,1.0,0.0
2026-03-22T21:10:07.745-868789-438401,168,false,5.749496312547183,1,1431.6560681972617,1.0,1.0
2026-03-22T21:10:07.745-868789-438401,322,false,5.9489082592725815,1,1431.6560681972617,1.0,1.0
2026-03-22T21:10:07.745-868789-438401,277,true,19.775042053434056,1,1411.8810261438275,1.0,0.0
2026-03-22T21:10:07.745-868789-438401,923,false,0.08020150849682417,1,1411.8810261438275,1.0,1.0
2026-03-22T21:10:07.745-868789-438401,94,false,1.3040869796569399,1,1411.8810261438275,1.0,1.0
2026-03-22T21:10:07.745-868789-438401,585,false,23.264235887571388,1,1411.8810261438275,1.0,1.0
2026-03-22T21:10:07.745-868789-438401,747,true,1.5054974783865638,1,1410.375528665441,1.0,0.017000000000000015
2026-03-22T21:10:07.745-868789-438401,956,true,3.8911246053531636,1,1406.4844040600879,1.0,0.02200000000000002
2026-03-22T21:10:07.745-868789-438401,18,false,1.786155152462095,1,1406.4844040600879,1.0,1.0
2026-03-22T21:10:07.745-868789-438401,635,true,0.6705469423005592,1,1405.8138571177874,1.0,0.6859999999999999
2026-03-22T21:10:07.745-868789-438401,976,false,56.1651168419216,1,1405.8138571177874,1.0,1.0
2026-03-22T21:10:07.745-868789-438401,54,false,0.010683388928013538,1,1405.8138571177874,1.0,1.0
2026-03-22T21:10:07.745-868789-438401,927,false,5.701874608953837,1,1405.8138571177874,1.0,1.0
2026-03-22T21:10:07.745-868789-438401,144,false,0.08173779380606172,1,1405.8138571177874,1.0,1.0
2026-03-22T21:10:07.745-868789-438401,301,true,1.360131237219632,1,1404.4537258805678,1.0,0.8140000000000001
2026-03-22T21:10:07.745-868789-438401,559,true,4.516454095545628,1,1399.9372717850222,1.0,0.6719999999999999
2026-03-22T21:10:07.745-868789-438401,234,true,16.461212379892228,1,1383.47605940513,1.0,0.23099999999999998
2026-03-22T21:10:07.745-868789-438401,71,true,0.2830350687851289,1,1383.1930243363447,1.0,0.8049999999999999
2026-03-22T21:10:07.745-868789-438401,92,false,1.3675639177620997,1,1383.1930243363447,1.0,1.0
2026-03-22T21:10:07.745-868789-438401,435,true,4.8219297235408245,1,1378.371094612804,1.0,0.6779999999999999
2026-03-22T21:10:07.745-868789-438401,236,true,6.8493035973522325,1,1371.5217910154518,1.0,0.017000000000000015
2026-03-22T21:10:07.745-868789-438401,794,false,26.46762241311816,1,1371.5217910154518,1.0,1.0
2026-03-22T21:10:07.745-868789-438401,678,true,32.455558411727836,1,1339.0662326037238,1.0,0.6599999999999999
2026-03-22T21:10:07.745-868789-438401,292,true,1.8811329195459243,1,1337.1850996841779,1.0,0.999
2026-03-22T21:10:07.745-868789-438401,894,false,124.94993128626176,1,1337.1850996841779,1.0,1.0
2026-03-22T21:10:07.745-868789-438401,507,false,1.0081516075729544,1,1337.1850996841779,1.0,1.0
2026-03-22T21:10:07.745-868789-438401,658,false,5.084123113207749,1,1337.1850996841779,1.0,1.0
2026-03-22T21:10:07.745-868789-438401,248,false,0.2094849360476543,1,1337.1850996841779,1.0,1.0
2026-03-22T21:10:07.745-868789-438401,378,false,17.835612566829948,1,1337.1850996841779,1.0,1.0
2026-03-22T21:10:07.745-868789-438401,245,false,1.46890736357908,1,1337.1850996841779,1.0,1.0
2026-03-22T21:10:07.745-868789-438401,181,false,138.5556617645493,1,1337.1850996841779,1.0,1.0
2026-03-22T21:10:07.745-868789-438401,115,true,6.370332264454288,1,1330.8147674197237,1.0,0.016000000000000014
2026-03-22T21:10:07.745-868789-438401,349,false,25.276286816348886,1,1330.8147674197237,1.0,1.0
2026-03-22T21:10:07.745-868789-438401,80,false,1.9336244382808612,1,1330.8147674197237,1.0,1.0
2026-03-22T21:10:07.745-868789-438401,632,false,0.09394643992092896,1,1330.8147674197237,1.0,1.0
2026-03-22T21:10:07.745-868789-438401,777,false,1.7269490452087835,1,1330.8147674197237,1.0,1.0
2026-03-22T21:10:07.745-868789-438401,755,false,1.0605285403742397,1,1330.8147674197237,1.0,1.0
2026-03-22T21:10:07.745-868789-438401,386,true,2.412097673526985,1,1328.4026697461968,1.0,0.6779999999999999
2026-03-22T21:10:07.745-868789-438401,866,false,7.321049167564959,1,1328.4026697461968,1.0,1.0
2026-03-22T21:10:07.745-868789-438401,975,false,0.19808971862249616,1,1328.4026697461968,1.0,1.0
2026-03-22T21:10:07.745-868789-438401,130,false,13.905761447941769,1,1328.4026697461968,1.0,1.0
2026-03-22T21:10:07.745-868789-438401,754,false,0.7034882540288661,1,1328.4026697461968,1.0,1.0
2026-03-22T21:10:07.745-868789-438401,466,true,1.4430291699567146,1,1326.9596405762402,1.0,0.685
2026-03-22T21:10:07.745-868789-438401,496,true,80.27764634765404,1,1246.681994228586,1.0,0.08499999999999996
2026-03-22T21:10:07.745-868789-438401,154,false,6.584906848457262,1,1246.681994228586,1.0,1.0
2026-03-22T21:10:07.745-868789-438401,89,false,3.6608003263121813,1,1246.681994228586,1.0,1.0
2026-03-22T21:10:07.745-868789-438401,950,false,0.9808888142762723,1,1246.681994228586,1.0,1.0
2026-03-22T21:10:07.745-868789-438401,967,false,15.747897444136619,1,1246.681994228586,1.0,1.0
2026-03-22T21:10:07.745-868789-438401,783,true,10.548635630991013,1,1236.1333585975951,1.0,0.685
2026-03-22T21:10:07.745-868789-438401,942,false,0.48183876552132276,1,1236.1333585975951,1.0,1.0
2026-03-22T21:10:07.745-868789-438401,15,true,3.1471773512983106,1,1232.9861812462968,1.0,0.6719999999999999
2026-03-22T21:10:07.745-868789-438401,776,false,32.2750328267684,1,1232.9861812462968,1.0,1.0
2026-03-22T21:10:07.745-868789-438401,420,false,0.1070657942674095,1,1232.9861812462968,1.0,1.0
2026-03-22T21:10:07.745-868789-438401,132,false,0.055129468008539004,1,1232.9861812462968,1.0,1.0
2026-03-22T21:10:07.745-868789-438401,350,false,38.633612164121296,1,1232.9861812462968,1.0,1.0
2026-03-22T21:10:07.745-868789-438401,519,false,2.136731757508734,1,1232.9861812462968,1.0,1.0
2026-03-22T21:10:07.745-868789-438401,185,false,338.7456023562004,1,1232.9861812462968,1.0,1.0
2026-03-22T21:10:07.745-868789-438401,95,false,21.875802558329035,1,1232.9861812462968,1.0,1.0
2026-03-22T21:10:07.745-868789-438401,928,true,4.290897771495923,1,1228.6952834748008,1.0,0.679
2026-03-22T21:10:07.745-868789-438401,907,false,1.7357605257007782,1,1228.6952834748008,1.0,1.0
2026-03-22T21:10:07.745-868789-438401,815,true,1.507999111378843,1,1227.187284363422,1.0,0.7050000000000001
2026-03-22T21:10:07.745-868789-438401,178,false,20.59096476502773,1,1227.187284363422,1.0,1.0
2026-03-22T21:10:07.745-868789-438401,591,false,0.36622287164429695,1,1227.187284363422,1.0,1.0
2026-03-22T21:10:07.745-868789-438401,972,false,6.462225474309579,1,1227.187284363422,1.0,1.0
2026-03-22T21:10:07.745-868789-438401,891,false,1.7494552034011785,1,1227.187284363422,1.0,1.0
2026-03-22T21:10:07.745-868789-438401,924,false,1.549691332549151,1,1227.187284363422,1.0,1.0
2026-03-22T21:10:07.745-868789-438401,952,false,0.12660747179992973,1,1227.187284363422,1.0,1.0
2026-03-22T21:10:07.745-868789-438401,401,true,11.941832781350469,1,1215.2454515820714,1.0,0.013000000000000012
2026-03-22T21:10:07.745-868789-438401,267,false,39.06779626159838,1,1215.2454515820714,1.0,1.0
2026-03-22T21:10:07.745-868789-438401,173,false,3.0694844825809247,1,1215.2454515820714,1.0,1.0
2026-03-22T21:10:07.745-868789-438401,709,true,0.5022463697664458,1,1214.743205212305,1.0,0.708
2026-03-22T21:10:07.745-868789-438401,82,false,8.704083694283003,1,1214.743205212305,1.0,1.0
2026-03-22T21:10:07.745-868789-438401,261,false,0.9914649367613863,1,1214.743205212305,1.0,1.0
2026-03-22T21:10:07.745-868789-438401,293,true,0.5475295157627386,1,1214.1956756965421,1.0,0.685
2026-03-22T21:10:07.745-868789-438401,450,false,4.393500436000321,1,1214.1956756965421,1.0,1.0
2026-03-22T21:10:07.745-868789-438401,489,false,5.570946733929944,1,1214.1956756965421,1.0,1.0
2026-03-22T21:10:07.745-868789-438401,862,false,9.06974654340573,1,1214.1956756965421,1.0,1.0
2026-03-22T21:10:07.745-868789-438401,978,false,4.716445881724481,1,1214.1956756965421,1.0,1.0
2026-03-22T21:10:07.745-868789-438401,769,true,64.43857135456909,1,1149.757104341973,1.0,0.0
2026-03-22T21:10:07.745-868789-438401,854,false,10.979269560946156,1,1149.757104341973,1.0,1.0
2026-03-22T21:10:07.745-868789-438401,918,true,1.2388256465760341,1,1148.518278695397,1.0,0.702
2026-03-22T21:10:07.745-868789-438401,911,false,0.549967219191613,1,1148.518278695397,1.0,1.0
2026-03-22T21:10:07.745-868789-438401,965,true,0.8735820647021878,1,1147.6446966306949,1.0,0.09399999999999997
2026-03-22T21:10:07.745-868789-438401,759,false,0.18696915026568417,1,1147.6446966306949,1.0,1.0
2026-03-22T21:10:07.745-868789-438401,481,false,4.053573427259978,1,1147.6446966306949,1.0,1.0
2026-03-22T21:10:07.745-868789-438401,722,true,58.83608631293779,1,1088.808610317757,1.0,0.013000000000000012
2026-03-22T21:10:07.745-868789-438401,546,true,2.498926591926451,1,1086.3096837258306,1.0,0.0
2026-03-22T21:10:07.745-868789-438401,179,false,5.489542588841335,1,1086.3096837258306,1.0,1.0
2026-03-22T21:10:07.745-868789-438401,266,false,0.135855258366204,1,1086.3096837258306,1.0,1.0
2026-03-22T21:10:07.745-868789-438401,104,false,2.8571024977991364,1,1086.3096837258306,1.0,1.0
2026-03-22T21:10:07.745-868789-438401,879,true,189.76597403877153,1,896.543709687059,1.0,0.999
2026-03-22T21:10:07.745-868789-438401,70,true,14.185799934041267,1,882.3579097530178,1.0,0.819
2026-03-22T21:10:07.745-868789-438401,799,false,0.2423387828325727,1,882.3579097530178,1.0,1.0
2026-03-22T21:10:07.745-868789-438401,723,true,0.7757705329946588,1,881.5821392200231,1.0,0.014000000000000012
2026-03-22T21:10:07.745-868789-438401,451,false,0.14292397367331658,1,881.5821392200231,1.0,1.0
2026-03-22T21:10:07.745-868789-438401,516,true,3.805447654264024,1,877.776691565759,1.0,0.999
2026-03-22T21:10:07.745-868789-438401,574,false,7.269385082811567,1,877.776691565759,1.0,1.0
2026-03-22T21:10:07.745-868789-438401,992,false,6.800825359183315,1,877.776691565759,1.0,1.0
2026-03-22T21:10:07.745-868789-438401,298,true,5.786274058570767,1,871.9904175071883,1.0,0.7050000000000001
2026-03-22T21:10:07.745-868789-438401,643,false,44.29693627316724,1,871.9904175071883,1.0,1.0
2026-03-22T21:10:07.745-868789-438401,560,true,1.6113629127305729,1,870.3790545944578,1.0,0.243
2026-03-22T21:10:07.745-868789-438401,282,true,0.4606360231890899,1,869.9184185712687,1.0,0.020000000000000018
2026-03-22T21:10:07.745-868789-438401,623,false,0.15658964104478867,1,869.9184185712687,1.0,1.0
2026-03-22T21:10:07.745-868789-438401,500,false,0.7792415732080774,1,869.9184185712687,1.0,1.0
2026-03-22T21:10:07.745-868789-438401,133,false,0.4998143465755017,1,869.9184185712687,1.0,1.0
2026-03-22T21:10:07.745-868789-438401,391,false,98.4299356286825,1,869.9184185712687,1.0,1.0
2026-03-22T21:10:07.745-868789-438401,680,true,130.32525197896703,1,739.5931665923017,1.0,0.0
2026-03-22T21:10:07.745-868789-438401,636,true,37.06572160808934,1,702.5274449842124,1.0,0.026000000000000023
2026-03-22T21:10:07.745-868789-438401,781,true,26.33548944970082,1,676.1919555345115,1.0,0.016000000000000014
2026-03-22T21:10:07.745-868789-438401,32,false,10.548669987680475,1,676.1919555345115,1.0,1.0
2026-03-22T21:10:07.745-868789-438401,835,false,0.06776713274225031,1,676.1919555345115,1.0,1.0
2026-03-22T21:10:07.745-868789-438401,258,false,5.431352646299578,1,676.1919555345115,1.0,1.0
2026-03-22T21:10:07.745-868789-438401,10,true,87.24464583045385,1,588.9473097040577,1.0,0.675
2026-03-22T21:10:07.745-868789-438401,703,false,8.660144566120522,1,588.9473097040577,1.0,1.0
2026-03-22T21:10:07.745-868789-438401,20,false,1617.09163195031,1,588.9473097040577,1.0,1.0
2026-03-22T21:10:07.745-868789-438401,930,true,10.907542058212483,1,578.0397676458452,1.0,0.0
2026-03-22T21:10:07.745-868789-438401,210,false,5.254925382130376,1,578.0397676458452,1.0,1.0
2026-03-22T21:10:07.745-868789-438401,335,true,4.333673892952778,1,573.7060937528925,1.0,0.017000000000000015
2026-03-22T21:10:07.745-868789-438401,674,false,31.76951319380629,1,573.7060937528925,1.0,1.0
2026-03-22T21:10:07.745-868789-438401,863,false,5.9497225230295285,1,573.7060937528925,1.0,1.0
2026-03-22T21:10:07.745-868789-438401,305,true,0.8690805713947295,1,572.8370131814977,1.0,0.999
2026-03-22T21:10:07.745-868789-438401,139,false,17.827114897426476,1,572.8370131814977,1.0,1.0
2026-03-22T21:10:07.745-868789-438401,684,true,7.765346219290581,1,565.0716669622071,1.0,0.795
2026-03-22T21:10:07.745-868789-438401,93,false,1.646810756960217,1,565.0716669622071,1.0,1.0
2026-03-22T21:10:07.745-868789-438401,153,false,0.06647014079658858,1,565.0716669622071,1.0,1.0
2026-03-22T21:10:07.745-868789-438401,287,false,3.50599847301833,1,565.0716669622071,1.0,1.0
2026-03-22T21:10:07.745-868789-438401,166,false,0.07748605610725097,1,565.0716669622071,1.0,1.0
2026-03-22T21:10:07.745-868789-438401,705,false,4.720494541431016,1,565.0716669622071,1.0,1.0
2026-03-22T21:10:07.745-868789-438401,377,false,2.2520293371922957,1,565.0716669622071,1.0,1.0
2026-03-22T21:10:07.745-868789-438401,213,false,0.23355374219153233,1,565.0716669622071,1.0,1.0
2026-03-22T21:10:07.745-868789-438401,708,true,67.490400178325,1,497.58126678388214,1.0,0.6910000000000001
2026-03-22T21:10:07.745-868789-438401,249,false,0.8706361710001724,1,497.58126678388214,1.0,1.0
2026-03-22T21:10:07.745-868789-438401,514,false,0.03370656434357674,1,497.58126678388214,1.0,1.0
2026-03-22T21:10:07.745-868789-438401,579,false,23.27929500068334,1,497.58126678388214,1.0,1.0
2026-03-22T21:10:07.745-868789-438401,701,false,0.33501990806689447,1,497.58126678388214,1.0,1.0
2026-03-22T21:10:07.745-868789-438401,102,false,4.0155425835565906,1,497.58126678388214,1.0,1.0
2026-03-22T21:10:07.745-868789-438401,348,false,2.754693740486154,1,497.58126678388214,1.0,1.0
2026-03-22T21:10:07.745-868789-438401,570,false,1.8695189511947614,1,497.58126678388214,1.0,1.0
2026-03-22T21:10:07.745-868789-438401,479,true,0.7768191487422778,1,496.80444763513987,1.0,0.789
2026-03-22T21:10:07.745-868789-438401,606,false,0.1324437764453704,1,496.80444763513987,1.0,1.0
2026-03-22T21:10:07.745-868789-438401,497,true,8.761196917894992,1,488.04325071724486,1.0,0.016000000000000014
2026-03-22T21:10:07.745-868789-438401,857,false,0.9620124601604272,1,488.04325071724486,1.0,1.0
2026-03-22T21:10:07.745-868789-438401,191,false,0.592217024331823,1,488.04325071724486,1.0,1.0
2026-03-22T21:10:07.745-868789-438401,255,false,0.8833137581932047,1,488.04325071724486,1.0,1.0
2026-03-22T21:10:07.745-868789-438401,409,false,0.19609759132679985,1,488.04325071724486,1.0,1.0
2026-03-22T21:10:07.745-868789-438401,557,true,12.146302903448285,1,475.8969478137966,1.0,0.0
2026-03-22T21:10:07.745-868789-438401,379,false,3.0550523418293745,1,475.8969478137966,1.0,1.0
2026-03-22T21:10:07.745-868789-438401,290,true,2.8056291915813394,1,473.0913186222153,1.0,0.01200000000000001
2026-03-22T21:10:07.745-868789-438401,554,false,0.07443393669209465,1,473.0913186222153,1.0,1.0
2026-03-22T21:10:07.745-868789-438401,52,true,0.4724765513490041,1,472.61884207086626,1.0,0.6679999999999999
2026-03-22T21:10:07.745-868789-438401,334,true,15.009297784732338,1,457.60954428613394,1.0,0.09199999999999997
2026-03-22T21:10:07.745-868789-438401,622,false,1.465169605686409,1,457.60954428613394,1.0,1.0
2026-03-22T21:10:07.745-868789-438401,308,true,7.046527170818378,1,450.5630171153156,1.0,0.793
2026-03-22T21:10:07.745-868789-438401,614,true,4.197232548181731,1,446.36578456713386,1.0,0.683
2026-03-22T21:10:07.745-868789-438401,402,true,1.3280724513931286,1,445.0377121157407,1.0,0.0
2026-03-22T21:10:07.745-868789-438401,509,false,27.691181623979624,1,445.0377121157407,1.0,1.0
2026-03-22T21:10:07.745-868789-438401,980,false,3.503444863362505,1,445.0377121157407,1.0,1.0
2026-03-22T21:10:07.745-868789-438401,238,true,0.5626545554631757,1,444.47505756027755,1.0,0.796
2026-03-22T21:10:07.745-868789-438401,588,true,1.7208116227127432,1,442.7542459375648,1.0,0.792
2026-03-22T21:10:07.745-868789-438401,369,false,20.54636279196812,1,442.7542459375648,1.0,1.0
2026-03-22T21:10:07.745-868789-438401,360,false,3.775278689161856,1,442.7542459375648,1.0,1.0
2026-03-22T21:10:07.745-868789-438401,716,true,4.485858936152885,1,438.2683870014119,1.0,0.018000000000000016
2026-03-22T21:10:07.745-868789-438401,958,true,36.155887667693264,1,402.11249933371863,1.0,0.0
2026-03-22T21:10:07.745-868789-438401,312,false,5.628010603715868,1,402.11249933371863,1.0,1.0
2026-03-22T21:10:07.745-868789-438401,951,false,4.728762371118138,1,402.11249933371863,1.0,1.0
2026-03-22T21:10:07.745-868789-438401,419,false,0.15777623062541116,1,402.11249933371863,1.0,1.0
2026-03-22T21:10:07.745-868789-438401,276,true,0.4642344147952193,1,401.6482649189234,1.0,0.0
2026-03-22T21:10:07.745-868789-438401,842,false,95.42383598246384,1,401.6482649189234,1.0,1.0
2026-03-22T21:10:07.745-868789-438401,242,false,5.417115376354271,1,401.6482649189234,1.0,1.0
2026-03-22T21:10:07.745-868789-438401,503,false,2.19219597482205,1,401.6482649189234,1.0,1.0
2026-03-22T21:10:07.745-868789-438401,150,false,19.06777551042407,1,401.6482649189234,1.0,1.0
2026-03-22T21:10:07.745-868789-438401,310,true,1.465376047168736,1,400.1828888717547,1.0,0.819
2026-03-22T21:10:07.745-868789-438401,490,true,1.208365311924255,1,398.97452355983046,1.0,0.792
2026-03-22T21:10:07.745-868789-438401,333,true,37.61925173634507,1,361.3552718234854,1.0,0.017000000000000015
2026-03-22T21:10:07.745-868789-438401,36,false,4.120279736740068,1,361.3552718234854,1.0,1.0
2026-03-22T21:10:07.745-868789-438401,840,false,0.09066663952854749,1,361.3552718234854,1.0,1.0
2026-03-22T21:10:07.745-868789-438401,686,true,2.46351101329789,1,358.8917608101875,1.0,0.6579999999999999
2026-03-22T21:10:07.745-868789-438401,953,true,6.996082293602559,1,351.89567851658495,1.0,0.663
2026-03-22T21:10:07.745-868789-438401,157,false,1.9758437740279642,1,351.89567851658495,1.0,1.0
2026-03-22T21:10:07.745-868789-438401,38,false,33.6286399156862,1,351.89567851658495,1.0,1.0
2026-03-22T21:10:07.745-868789-438401,742,true,11.590976256999323,1,340.3047022595856,1.0,0.0
2026-03-22T21:10:07.745-868789-438401,284,true,1045.0233993498725,1,-704.7186970902869,1.0,0.0010000000000000009
2026-03-22T21:10:07.745-753714-465151,102,true,4.897250537327993,1,6422.0792935127,1.0,0.992
2026-03-22T21:10:07.745-753714-465151,170,true,2.316656424566745,1,6419.7626370881335,1.0,0.989
2026-03-22T21:10:07.745-753714-465151,387,true,1.5676724590699804,1,6418.194964629063,1.0,0.989
2026-03-22T21:10:07.745-753714-465151,708,true,13.447260507235622,1,6404.747704121827,1.0,0.991
2026-03-22T21:10:07.745-753714-465151,95,true,4.1291015079137745,1,6400.618602613913,1.0,0.99
2026-03-22T21:10:07.745-753714-465151,719,true,1.9475294889323784,1,6398.6710731249805,1.0,0.993
2026-03-22T21:10:07.745-753714-465151,727,true,2.210347821359878,1,6396.46072530362,1.0,0.992
2026-03-22T21:10:07.745-753714-465151,31,true,25.387189979265695,1,6371.073535324354,1.0,0.987
2026-03-22T21:10:07.745-753714-465151,866,true,0.32912674716623,1,6370.744408577189,1.0,0.99
2026-03-22T21:10:07.745-753714-465151,483,true,1.1863582371730985,1,6369.558050340015,1.0,0.991
2026-03-22T21:10:07.745-753714-465151,721,false,0.1691213887967324,1,6369.558050340015,1.0,1.0
2026-03-22T21:10:07.745-753714-465151,542,true,0.2526887980915555,1,6369.305361541924,1.0,0.987
2026-03-22T21:10:07.745-753714-465151,394,true,0.40100988364459333,1,6368.90435165828,1.0,0.989
2026-03-22T21:10:07.745-753714-465151,152,true,1.4424482759670687,1,6367.461903382313,1.0,0.988
2026-03-22T21:10:07.745-753714-465151,635,true,1.8106419481148583,1,6365.651261434198,1.0,0.99
2026-03-22T21:10:07.745-753714-465151,879,true,1.6472265861463542,1,6364.004034848052,1.0,0.989
2026-03-22T21:10:07.745-753714-465151,934,true,5.333033480040597,1,6358.671001368011,1.0,0.983
2026-03-22T21:10:07.745-753714-465151,49,true,1.752242214175081,1,6356.918759153837,1.0,0.991
2026-03-22T21:10:07.745-753714-465151,255,true,0.7622306477915614,1,6356.156528506045,1.0,0.993
2026-03-22T21:10:07.745-753714-465151,798,true,19.548564938764972,1,6336.60796356728,1.0,0.994
2026-03-22T21:10:07.745-753714-465151,988,true,0.8041538224973228,1,6335.803809744783,1.0,0.992
2026-03-22T21:10:07.745-753714-465151,207,true,2.4903164149787638,1,6333.313493329804,1.0,0.992
2026-03-22T21:10:07.745-753714-465151,13,true,9.745168063897086,1,6323.568325265907,1.0,0.991
2026-03-22T21:10:07.745-753714-465151,503,false,0.0027469878968195117,1,6323.568325265907,1.0,1.0
2026-03-22T21:10:07.745-753714-465151,591,true,0.5644700743866681,1,6323.00385519152,1.0,0.996
2026-03-22T21:10:07.745-753714-465151,269,true,0.724515265104994,1,6322.279339926416,1.0,0.988
2026-03-22T21:10:07.745-753714-465151,819,false,0.20527329501011343,1,6322.279339926416,1.0,1.0
2026-03-22T21:10:07.745-753714-465151,327,true,198.3447581530548,1,6123.934581773361,1.0,0.988
2026-03-22T21:10:07.745-753714-465151,669,true,20.904939182164238,1,6103.0296425911965,1.0,0.989
2026-03-22T21:10:07.745-753714-465151,115,true,3.396692358400714,1,6099.632950232796,1.0,0.994
2026-03-22T21:10:07.745-753714-465151,39,false,0.09378892363172352,1,6099.632950232796,1.0,1.0
2026-03-22T21:10:07.745-753714-465151,560,true,0.42803025460086036,1,6099.204919978195,1.0,0.992
2026-03-22T21:10:07.745-753714-465151,259,true,0.46893222362832804,1,6098.735987754567,1.0,0.991
2026-03-22T21:10:07.745-753714-465151,501,true,0.313366726081791,1,6098.422621028485,1.0,0.988
2026-03-22T21:10:07.745-753714-465151,431,true,2.0796246859915053,1,6096.342996342493,1.0,0.988
2026-03-22T21:10:07.745-753714-465151,922,true,6.089868797898984,1,6090.2531275445945,1.0,0.993
2026-03-22T21:10:07.745-753714-465151,937,true,0.4379150579731368,1,6089.815212486621,1.0,0.6759999999999999
2026-03-22T21:10:07.745-753714-465151,548,true,3.4124490825110647,1,6086.40276340411,1.0,0.685
2026-03-22T21:10:07.745-753714-465151,989,true,0.40926579408583724,1,6085.993497610025,1.0,0.6739999999999999
2026-03-22T21:10:07.745-753714-465151,627,true,6.3598797482174545,1,6079.633617861808,1.0,0.99
2026-03-22T21:10:07.745-753714-465151,153,false,0.1194279735890752,1,6079.633617861808,1.0,1.0
2026-03-22T21:10:07.745-753714-465151,846,true,5.906457567651061,1,6073.727160294156,1.0,0.99
2026-03-22T21:10:07.745-753714-465151,257,true,3.104847039768779,1,6070.622313254387,1.0,0.363
2026-03-22T21:10:07.745-753714-465151,467,false,0.08961577607908361,1,6070.622313254387,1.0,1.0
2026-03-22T21:10:07.745-753714-465151,606,true,28.19958791965677,1,6042.422725334731,1.0,0.995
2026-03-22T21:10:07.745-753714-465151,869,true,2.715477579852681,1,6039.707247754878,1.0,0.6679999999999999
2026-03-22T21:10:07.745-753714-465151,568,true,1.3168510835788385,1,6038.3903966713,1.0,0.991
2026-03-22T21:10:07.745-753714-465151,925,true,208.91728058182514,1,5829.473116089474,1.0,0.6779999999999999
2026-03-22T21:10:07.745-753714-465151,848,true,0.8345899127940118,1,5828.63852617668,1.0,0.484
2026-03-22T21:10:07.745-753714-465151,799,true,2.9644775333460522,1,5825.674048643334,1.0,0.748
2026-03-22T21:10:07.745-753714-465151,354,true,4.240201448986142,1,5821.433847194347,1.0,0.989
2026-03-22T21:10:07.745-753714-465151,10,true,0.430927951125028,1,5821.002919243222,1.0,0.659
2026-03-22T21:10:07.745-753714-465151,68,false,0.08511110651722625,1,5821.002919243222,1.0,1.0
2026-03-22T21:10:07.745-753714-465151,364,true,49.45831267577229,1,5771.54460656745,1.0,0.99
2026-03-22T21:10:07.745-753714-465151,180,true,55.964552742561224,1,5715.580053824889,1.0,0.988
2026-03-22T21:10:07.745-753714-465151,778,true,29.31608475743905,1,5686.26396906745,1.0,0.992
2026-03-22T21:10:07.745-753714-465151,98,true,0.29703732005009975,1,5685.966931747399,1.0,0.6859999999999999
2026-03-22T21:10:07.745-753714-465151,78,true,2.5747152745209188,1,5683.392216472878,1.0,0.988
2026-03-22T21:10:07.745-753714-465151,202,true,0.2608610093133535,1,5683.131355463565,1.0,0.995
2026-03-22T21:10:07.745-753714-465151,51,false,0.03660140488645681,1,5683.131355463565,1.0,1.0
2026-03-22T21:10:07.745-753714-465151,275,true,3.4184332717646377,1,5679.7129221918,1.0,0.977
2026-03-22T21:10:07.745-753714-465151,465,true,0.6206482323308838,1,5679.09227395947,1.0,0.992
2026-03-22T21:10:07.745-753714-465151,136,true,0.8273513727765923,1,5678.2649225866935,1.0,0.991
2026-03-22T21:10:07.745-753714-465151,590,false,0.0037486387432679224,1,5678.2649225866935,1.0,1.0
2026-03-22T21:10:07.745-753714-465151,457,true,2.559558329670519,1,5675.705364257023,1.0,0.99
2026-03-22T21:10:07.745-753714-465151,674,true,5.635195668992215,1,5670.07016858803,1.0,0.992
2026-03-22T21:10:07.745-753714-465151,999,true,23.774839070901965,1,5646.295329517128,1.0,0.987
2026-03-22T21:10:07.745-753714-465151,707,true,2.2386071608708846,1,5644.0567223562575,1.0,0.7170000000000001
2026-03-22T21:10:07.745-753714-465151,804,true,6.730926498482921,1,5637.325795857774,1.0,0.992
2026-03-22T21:10:07.745-753714-465151,593,true,2.248676105991417,1,5635.077119751782,1.0,0.651
2026-03-22T21:10:07.745-753714-465151,715,true,0.5420300405924778,1,5634.53508971119,1.0,0.991
2026-03-22T21:10:07.745-753714-465151,941,true,41.83065502255396,1,5592.704434688636,1.0,0.99
2026-03-22T21:10:07.745-753714-465151,16,true,14.23319643134907,1,5578.471238257287,1.0,0.654
2026-03-22T21:10:07.745-753714-465151,857,true,1.3469020371690856,1,5577.124336220118,1.0,0.988
2026-03-22T21:10:07.745-753714-465151,443,true,0.2821173752669923,1,5576.84221884485,1.0,0.993
2026-03-22T21:10:07.745-753714-465151,4,true,42.048749499722874,1,5534.793469345127,1.0,0.99
2026-03-22T21:10:07.745-753714-465151,768,true,5.345328167839979,1,5529.448141177287,1.0,0.994
2026-03-22T21:10:07.745-753714-465151,868,true,0.23514290999386522,1,5529.212998267293,1.0,0.385
2026-03-22T21:10:07.745-753714-465151,700,true,21.38087801637602,1,5507.832120250917,1.0,0.992
2026-03-22T21:10:07.745-753714-465151,861,true,13.914018135123223,1,5493.918102115794,1.0,0.988
2026-03-22T21:10:07.745-753714-465151,198,true,5.781815397450956,1,5488.1362867183425,1.0,0.989
2026-03-22T21:10:07.745-753714-465151,685,false,0.12042560048319192,1,5488.1362867183425,1.0,1.0
2026-03-22T21:10:07.745-753714-465151,911,true,5.496579041013438,1,5482.639707677329,1.0,0.756
2026-03-22T21:10:07.745-753714-465151,225,true,1.3945171456078178,1,5481.245190531721,1.0,0.989
2026-03-22T21:10:07.745-753714-465151,842,true,4.6638151733300575,1,5476.581375358391,1.0,0.989
2026-03-22T21:10:07.745-753714-465151,781,true,3.518705224790883,1,5473.0626701336,1.0,0.685
2026-03-22T21:10:07.745-753714-465151,789,true,41.72468616589752,1,5431.337983967702,1.0,0.99
2026-03-22T21:10:07.745-753714-465151,962,true,1.7795136457084446,1,5429.558470321994,1.0,0.989
2026-03-22T21:10:07.745-753714-465151,428,true,0.265651444502568,1,5429.292818877491,1.0,0.673
2026-03-22T21:10:07.745-753714-465151,950,true,9.81997822112094,1,5419.47284065637,1.0,0.992
2026-03-22T21:10:07.745-753714-465151,155,true,0.3704840518997527,1,5419.1023566044705,1.0,0.708
2026-03-22T21:10:07.745-753714-465151,298,true,2.620861490112375,1,5416.481495114358,1.0,0.99
2026-03-22T21:10:07.745-753714-465151,520,true,0.637052819007273,1,5415.844442295351,1.0,0.993
2026-03-22T21:10:07.745-753714-465151,852,true,32.679719997830645,1,5383.16472229752,1.0,0.993
2026-03-22T21:10:07.745-753714-465151,682,true,71.6413960245358,1,5311.523326272984,1.0,0.769
2026-03-22T21:10:07.745-753714-465151,666,true,5.541466753635685,1,5305.981859519348,1.0,0.724
2026-03-22T21:10:07.745-753714-465151,73,true,1.3482046675486534,1,5304.633654851799,1.0,0.989
2026-03-22T21:10:07.745-753714-465151,966,true,4.9401696745383115,1,5299.693485177261,1.0,0.99
2026-03-22T21:10:07.745-753714-465151,69,true,0.3445147027825221,1,5299.348970474479,1.0,0.995
2026-03-22T21:10:07.745-753714-465151,539,true,47.321364381365434,1,5252.027606093114,1.0,0.7010000000000001
2026-03-22T21:10:07.745-753714-465151,920,true,72.4233146018704,1,5179.604291491243,1.0,0.548
2026-03-22T21:10:07.745-753714-465151,151,true,1.1813275074536258,1,5178.4229639837895,1.0,0.726
2026-03-22T21:10:07.745-753714-465151,266,true,94.19174978607141,1,5084.231214197718,1.0,0.6859999999999999
2026-03-22T21:10:07.745-753714-465151,811,true,35.41432713488123,1,5048.816887062837,1.0,0.99
2026-03-22T21:10:07.745-753714-465151,287,true,6.3742971773900585,1,5042.442589885447,1.0,0.986
2026-03-22T21:10:07.745-753714-465151,45,false,0.1574814012121954,1,5042.442589885447,1.0,1.0
2026-03-22T21:10:07.745-753714-465151,187,true,0.32905047812372895,1,5042.1135394073235,1.0,0.991
2026-03-22T21:10:07.745-753714-465151,1,true,25.638098145466895,1,5016.475441261857,1.0,0.381
2026-03-22T21:10:07.745-753714-465151,100,true,2.1174078332761233,1,5014.358033428581,1.0,0.382
2026-03-22T21:10:07.745-753714-465151,299,true,2.494217849981807,1,5011.863815578599,1.0,0.681
2026-03-22T21:10:07.745-753714-465151,771,true,6.152323053204113,1,5005.711492525395,1.0,0.6639999999999999
2026-03-22T21:10:07.745-753714-465151,182,true,37.52741299924082,1,4968.184079526154,1.0,0.6699999999999999
2026-03-22T21:10:07.745-753714-465151,850,true,22.07235607103998,1,4946.111723455114,1.0,0.494
2026-03-22T21:10:07.745-753714-465151,604,true,0.29487118750225133,1,4945.8168522676115,1.0,0.671
2026-03-22T21:10:07.745-753714-465151,183,false,0.04557298572324042,1,4945.8168522676115,1.0,1.0
2026-03-22T21:10:07.745-753714-465151,58,true,45.5155865529547,1,4900.301265714656,1.0,0.995
2026-03-22T21:10:07.745-753714-465151,610,true,2.8575496506488256,1,4897.443716064007,1.0,0.996
2026-03-22T21:10:07.745-753714-465151,441,true,1.8539996246854054,1,4895.589716439322,1.0,0.6619999999999999
2026-03-22T21:10:07.745-753714-465151,385,true,0.2108454090723533,1,4895.37887103025,1.0,0.677
2026-03-22T21:10:07.745-753714-465151,402,false,0.0655684944991979,1,4895.37887103025,1.0,1.0
2026-03-22T21:10:07.745-753714-465151,408,true,3.1020914488427564,1,4892.276779581407,1.0,0.988
2026-03-22T21:10:07.745-753714-465151,532,true,1.7220692624140261,1,4890.554710318993,1.0,0.758
2026-03-22T21:10:07.745-753714-465151,943,true,3.1231995228650415,1,4887.431510796127,1.0,0.6890000000000001
2026-03-22T21:10:07.745-753714-465151,128,false,0.16510310366811162,1,4887.431510796127,1.0,1.0
2026-03-22T21:10:07.745-753714-465151,815,true,20.601050196484024,1,4866.830460599644,1.0,0.992
2026-03-22T21:10:07.745-753714-465151,120,false,0.17025519487709767,1,4866.830460599644,1.0,1.0
2026-03-22T21:10:07.745-753714-465151,802,true,6.6293001407528225,1,4860.201160458891,1.0,0.385
2026-03-22T21:10:07.745-753714-465151,538,true,3.9174585955210315,1,4856.28370186337,1.0,0.6890000000000001
2026-03-22T21:10:07.745-753714-465151,550,true,1.841480840294762,1,4854.442221023075,1.0,0.492
2026-03-22T21:10:07.745-753714-465151,473,true,2.51771654550828,1,4851.924504477567,1.0,0.989
2026-03-22T21:10:07.745-753714-465151,315,true,0.24957616840239968,1,4851.674928309165,1.0,0.992
2026-03-22T21:10:07.745-753714-465151,535,true,5.398199051375464,1,4846.276729257789,1.0,0.389
2026-03-22T21:10:07.745-753714-465151,756,true,29.501230703205348,1,4816.7754985545835,1.0,0.991
2026-03-22T21:10:07.745-753714-465151,324,true,78.14275678714735,1,4738.6327417674365,1.0,0.6819999999999999
2026-03-22T21:10:07.745-753714-465151,742,true,9.538901145732924,1,4729.093840621704,1.0,0.99
2026-03-22T21:10:07.745-753714-465151,972,true,1.9227754210049555,1,4727.171065200699,1.0,0.989
2026-03-22T21:10:07.745-753714-465151,490,true,3.7460377301907335,1,4723.425027470508,1.0,0.99
2026-03-22T21:10:07.745-753714-465151,575,false,0.08569972630704933,1,4723.425027470508,1.0,1.0
2026-03-22T21:10:07.745-753714-465151,712,true,1.609705716203903,1,4721.815321754304,1.0,0.648
2026-03-22T21:10:07.745-753714-465151,680,true,2.3358091602518227,1,4719.479512594052,1.0,0.679
2026-03-22T21:10:07.745-753714-465151,849,false,0.09864818706148668,1,4719.479512594052,1.0,1.0
2026-03-22T21:10:07.745-753714-465151,373,true,95.6689471370253,1,4623.810565457026,1.0,0.988
2026-03-22T21:10:07.745-753714-465151,916,true,0.5887091564569242,1,4623.221856300569,1.0,0.997
2026-03-22T21:10:07.745-753714-465151,704,false,0.08504187479787662,1,4623.221856300569,1.0,1.0
2026-03-22T21:10:07.745-753714-465151,967,true,0.8147309863748304,1,4622.407125314194,1.0,0.669
2026-03-22T21:10:07.745-753714-465151,254,true,7.233662906454908,1,4615.173462407739,1.0,0.359
2026-03-22T21:10:07.745-753714-465151,94,true,0.7210346057121771,1,4614.452427802027,1.0,0.6619999999999999
2026-03-22T21:10:07.745-753714-465151,486,true,5.545144157273725,1,4608.907283644753,1.0,0.685
2026-03-22T21:10:07.745-753714-465151,809,true,5.137044174898278,1,4603.7702394698545,1.0,0.671
2026-03-22T21:10:07.745-753714-465151,864,false,0.16717707429305417,1,4603.7702394698545,1.0,1.0
2026-03-22T21:10:07.745-753714-465151,162,true,0.4009865619226307,1,4603.369252907932,1.0,0.988
2026-03-22T21:10:07.745-753714-465151,328,false,0.1063324392305872,1,4603.369252907932,1.0,1.0
2026-03-22T21:10:07.745-753714-465151,292,true,0.7604070479520945,1,4602.60884585998,1.0,0.991
2026-03-22T21:10:07.745-753714-465151,734,true,3.576901455030294,1,4599.031944404949,1.0,0.763
2026-03-22T21:10:07.745-753714-465151,331,true,3.4381339062489116,1,4595.5938104987,1.0,0.749
2026-03-22T21:10:07.745-753714-465151,612,false,0.08046435415852381,1,4595.5938104987,1.0,1.0
2026-03-22T21:10:07.745-753714-465151,971,true,0.5469712032155599,1,4595.0468392954845,1.0,0.6779999999999999
2026-03-22T21:10:07.745-753714-465151,191,true,2.30887975552217,1,4592.7379595399625,1.0,0.99
2026-03-22T21:10:07.745-753714-465151,123,false,0.02047803155533033,1,4592.7379595399625,1.0,1.0
2026-03-22T21:10:07.745-753714-465151,321,true,1.0586073325360859,1,4591.679352207427,1.0,0.692
2026-03-22T21:10:07.745-753714-465151,543,true,2.2168400103234855,1,4589.462512197103,1.0,0.675
2026-03-22T21:10:07.745-753714-465151,518,true,5.382843434949959,1,4584.079668762153,1.0,0.7010000000000001
2026-03-22T21:10:07.745-753714-465151,222,true,14.654336400447573,1,4569.425332361706,1.0,0.671
2026-03-22T21:10:07.745-753714-465151,416,true,1.8017384155840095,1,4567.623593946122,1.0,0.994
2026-03-22T21:10:07.745-753714-465151,973,true,0.31353052511821194,1,4567.310063421004,1.0,0.364
2026-03-22T21:10:07.745-753714-465151,450,true,0.6504549746101703,1,4566.659608446394,1.0,0.995
2026-03-22T21:10:07.745-753714-465151,92,true,18.7800596146482,1,4547.8795488317455,1.0,0.385
2026-03-22T21:10:07.745-753714-465151,838,true,4.058139252529096,1,4543.821409579216,1.0,0.993
2026-03-22T21:10:07.745-753714-465151,81,true,0.38061435838632485,1,4543.44079522083,1.0,0.746
2026-03-22T21:10:07.745-753714-465151,519,true,5.36205941883127,1,4538.078735801999,1.0,0.37
2026-03-22T21:10:07.745-753714-465151,763,true,1.3980521903899703,1,4536.680683611609,1.0,0.989
2026-03-22T21:10:07.745-753714-465151,440,true,1.4409410822204523,1,4535.239742529388,1.0,0.378
2026-03-22T21:10:07.745-753714-465151,335,true,10.326144788698569,1,4524.9135977406895,1.0,0.997
2026-03-22T21:10:07.745-753714-465151,662,true,2.5436252584159944,1,4522.369972482274,1.0,0.992
2026-03-22T21:10:07.745-753714-465151,711,true,1.274729246780007,1,4521.095243235493,1.0,0.375
2026-03-22T21:10:07.745-753714-465151,818,true,2.096110364723091,1,4518.99913287077,1.0,0.732
2026-03-22T21:10:07.745-753714-465151,665,true,0.6231286421293464,1,4518.376004228641,1.0,0.366
2026-03-22T21:10:07.745-753714-465151,208,false,0.20623644775313396,1,4518.376004228641,1.0,1.0
2026-03-22T21:10:07.745-753714-465151,733,true,2.178992885439128,1,4516.197011343203,1.0,0.683
2026-03-22T21:10:07.745-753714-465151,88,true,3.2961105573427703,1,4512.900900785859,1.0,0.993
2026-03-22T21:10:07.745-753714-465151,820,true,0.8560158823170472,1,4512.044884903542,1.0,0.6839999999999999
2026-03-22T21:10:07.745-753714-465151,384,true,3.8595225278106153,1,4508.1853623757315,1.0,0.382
2026-03-22T21:10:07.745-753714-465151,258,true,14.194803550773925,1,4493.990558824958,1.0,0.0020000000000000018
2026-03-22T21:10:07.745-753714-465151,530,true,0.9269327086318813,1,4493.063626116325,1.0,0.6599999999999999
2026-03-22T21:10:07.745-753714-465151,504,true,13.069761156776126,1,4479.99386495955,1.0,0.652
2026-03-22T21:10:07.745-753714-465151,352,true,33.54357965314629,1,4446.450285306403,1.0,0.73
2026-03-22T21:10:07.745-753714-465151,507,true,6.422706782360105,1,4440.027578524043,1.0,0.6699999999999999
2026-03-22T21:10:07.745-753714-465151,780,false,0.05510605407267898,1,4440.027578524043,1.0,1.0
2026-03-22T21:10:07.745-753714-465151,28,true,0.6604466240553886,1,4439.367131899988,1.0,0.687
2026-03-22T21:10:07.745-753714-465151,36,true,25.96890553142585,1,4413.398226368562,1.0,0.987
2026-03-22T21:10:07.745-753714-465151,407,true,0.2944387791798305,1,4413.103787589383,1.0,0.6819999999999999
2026-03-22T21:10:07.745-753714-465151,577,true,32.1188578068793,1,4380.984929782503,1.0,0.991
2026-03-22T21:10:07.745-753714-465151,303,true,1.4958018478479629,1,4379.489127934655,1.0,0.989
2026-03-22T21:10:07.745-753714-465151,620,true,10.535588989769705,1,4368.953538944885,1.0,0.997
2026-03-22T21:10:07.745-753714-465151,717,true,0.952368360260794,1,4368.001170584624,1.0,0.366
2026-03-22T21:10:07.745-753714-465151,992,false,0.11074990800687055,1,4368.001170584624,1.0,1.0
2026-03-22T21:10:07.745-753714-465151,769,false,0.060378934082946215,1,4368.001170584624,1.0,1.0
2026-03-22T21:10:07.745-753714-465151,232,true,563.5749927632934,1,3804.4261778213304,1.0,0.987
2026-03-22T21:10:07.745-753714-465151,760,false,0.0702325085327638,1,3804.4261778213304,1.0,1.0
2026-03-22T21:10:07.745-753714-465151,616,true,0.5974770318990195,1,3803.8287007894314,1.0,0.996
2026-03-22T21:10:07.745-753714-465151,672,true,3.3704049931223485,1,3800.458295796309,1.0,0.366
2026-03-22T21:10:07.745-753714-465151,319,true,51.06874578877913,1,3749.3895500075296,1.0,0.665
2026-03-22T21:10:07.745-753714-465151,113,false,0.12815191949225682,1,3749.3895500075296,1.0,1.0
2026-03-22T21:10:07.745-753714-465151,412,true,5.174022075006331,1,3744.2155279325234,1.0,0.986
2026-03-22T21:10:07.745-753714-465151,291,true,5.9588389989995365,1,3738.256688933524,1.0,0.708
2026-03-22T21:10:07.745-753714-465151,552,false,0.1896887333546263,1,3738.256688933524,1.0,1.0
2026-03-22T21:10:07.745-753714-465151,278,true,15.165239018160637,1,3723.0914499153632,1.0,0.687
2026-03-22T21:10:07.745-753714-465151,952,true,0.9136247774936207,1,3722.1778251378696,1.0,0.673
2026-03-22T21:10:07.745-753714-465151,841,true,3.1716427053167258,1,3719.006182432553,1.0,0.47
2026-03-22T21:10:07.745-753714-465151,608,true,1.577889165800814,1,3717.428293266752,1.0,0.363
2026-03-22T21:10:07.745-753714-465151,281,true,8.626309555844996,1,3708.801983710907,1.0,0.685
2026-03-22T21:10:07.745-753714-465151,650,true,236.25202881515295,1,3472.5499548957537,1.0,0.992
2026-03-22T21:10:07.745-753714-465151,513,true,1.8788879362257809,1,3470.6710669595277,1.0,0.99
2026-03-22T21:10:07.745-753714-465151,388,true,13.706765491656075,1,3456.964301467872,1.0,0.34099999999999997
2026-03-22T21:10:07.745-753714-465151,19,true,192.76020652001344,1,3264.2040949478583,1.0,0.6759999999999999
2026-03-22T21:10:07.745-753714-465151,56,true,18.339258759701433,1,3245.864836188157,1.0,0.5569999999999999
2026-03-22T21:10:07.745-753714-465151,767,true,0.9519029758432123,1,3244.912933212314,1.0,0.679
2026-03-22T21:10:07.745-753714-465151,821,true,3.388010286117639,1,3241.5249229261963,1.0,0.483
2026-03-22T21:10:07.745-753714-465151,902,true,3.9021402853022034,1,3237.622782640894,1.0,0.991
2026-03-22T21:10:07.745-753714-465151,178,true,1.946674918389127,1,3235.676107722505,1.0,0.6659999999999999
2026-03-22T21:10:07.745-753714-465151,484,false,0.1045764580020026,1,3235.676107722505,1.0,1.0
2026-03-22T21:10:07.745-753714-465151,978,true,1.6244372002476573,1,3234.0516705222576,1.0,0.74
2026-03-22T21:10:07.745-753714-465151,271,true,1.2031269275718761,1,3232.848543594686,1.0,0.734
2026-03-22T21:10:07.745-753714-465151,827,false,0.011399879932324875,1,3232.848543594686,1.0,1.0
2026-03-22T21:10:07.745-753714-465151,656,true,14.400902282178704,1,3218.447641312507,1.0,0.989
2026-03-22T21:10:07.745-753714-465151,536,true,0.9117418234994247,1,3217.5358994890075,1.0,0.07299999999999995
2026-03-22T21:10:07.745-753714-465151,939,true,0.51391742519123,1,3217.0219820638163,1.0,0.46599999999999997
2026-03-22T21:10:07.745-753714-465151,884,true,32.70610821248552,1,3184.3158738513307,1.0,0.99
2026-03-22T21:10:07.745-753714-465151,534,true,19.49332489727525,1,3164.8225489540555,1.0,0.0050000000000000044
2026-03-22T21:10:07.745-753714-465151,783,true,20.15540709681722,1,3144.667141857238,1.0,0.681
2026-03-22T21:10:07.745-753714-465151,48,true,0.3729070251133143,1,3144.294234832125,1.0,0.714
2026-03-22T21:10:07.745-753714-465151,894,true,5.333693507691219,1,3138.9605413244335,1.0,0.992
2026-03-22T21:10:07.745-753714-465151,262,true,2.1697452942151165,1,3136.790796030218,1.0,0.702
2026-03-22T21:10:07.745-753714-465151,313,true,2.701363809273993,1,3134.089432220944,1.0,0.7010000000000001
2026-03-22T21:10:07.745-753714-465151,404,true,5.726534541644789,1,3128.3628976792993,1.0,0.665
2026-03-22T21:10:07.745-753714-465151,923,true,1.9694177844437213,1,3126.393479894856,1.0,0.0010000000000000009
2026-03-22T21:10:07.745-753714-465151,249,true,1.0886229228891573,1,3125.3048569719667,1.0,0.994
2026-03-22T21:10:07.745-753714-465151,370,true,0.4265636054998681,1,3124.878293366467,1.0,0.7010000000000001
2026-03-22T21:10:07.745-753714-465151,836,true,9.6512877113404,1,3115.2270056551265,1.0,0.704
2026-03-22T21:10:07.745-753714-465151,845,true,1.5274644432057278,1,3113.699541211921,1.0,0.08999999999999997
2026-03-22T21:10:07.745-753714-465151,401,true,3.3212926006927277,1,3110.378248611228,1.0,0.6719999999999999
2026-03-22T21:10:07.745-753714-465151,154,true,17.262936482347445,1,3093.1153121288808,1.0,0.07899999999999996
2026-03-22T21:10:07.745-753714-465151,425,true,11.122265248491846,1,3081.993046880389,1.0,0.685
2026-03-22T21:10:07.745-753714-465151,749,true,2.1278773832784665,1,3079.865169497111,1.0,0.997
2026-03-22T21:10:07.745-753714-465151,578,true,2.27153226114369,1,3077.593637235967,1.0,0.745
2026-03-22T21:10:07.745-753714-465151,144,false,0.036549105792915065,1,3077.593637235967,1.0,1.0
2026-03-22T21:10:07.745-753714-465151,563,true,6.809086459626385,1,3070.7845507763404,1.0,0.685
2026-03-22T21:10:07.745-753714-465151,876,true,92.92127351075996,1,2977.8632772655806,1.0,0.734
2026-03-22T21:10:07.745-753714-465151,547,true,1.694847910135257,1,2976.1684293554454,1.0,0.0040000000000000036
2026-03-22T21:10:07.745-753714-465151,424,false,0.05448349223991907,1,2976.1684293554454,1.0,1.0
2026-03-22T21:10:07.745-753714-465151,509,true,19.86801355812829,1,2956.300415797317,1.0,0.6739999999999999
2026-03-22T21:10:07.745-753714-465151,261,true,5.519682631085082,1,2950.7807331662316,1.0,0.0040000000000000036
2026-03-22T21:10:07.745-753714-465151,661,true,30.1957490576378,1,2920.5849841085937,1.0,0.692
2026-03-22T21:10:07.745-753714-465151,958,true,3.9441035041664203,1,2916.6408806044274,1.0,0.986
2026-03-22T21:10:07.745-753714-465151,562,true,1.6012392901987942,1,2915.0396413142284,1.0,0.33699999999999997
2026-03-22T21:10:07.745-753714-465151,37,true,17.841578685483597,1,2897.198062628745,1.0,0.7110000000000001
2026-03-22T21:10:07.745-753714-465151,735,true,4.885905965815487,1,2892.3121566629293,1.0,0.34199999999999997
2026-03-22T21:10:07.745-753714-465151,574,true,15.283519506860257,1,2877.028637156069,1.0,0.353
2026-03-22T21:10:07.745-753714-465151,342,true,0.3447501193078269,1,2876.6838870367615,1.0,0.726
2026-03-22T21:10:07.745-753714-465151,702,true,99.98666105156403,1,2776.6972259851973,1.0,0.491
2026-03-22T21:10:07.745-753714-465151,87,true,2.0086332413865318,1,2774.6885927438107,1.0,0.6759999999999999
2026-03-22T21:10:07.745-753714-465151,828,true,1.0317583708059919,1,2773.6568343730046,1.0,0.991
2026-03-22T21:10:07.745-753714-465151,52,true,0.5212438257016073,1,2773.135590547303,1.0,0.6890000000000001
2026-03-22T21:10:07.745-753714-465151,272,true,0.9710447588931617,1,2772.1645457884097,1.0,0.0040000000000000036
2026-03-22T21:10:07.745-753714-465151,926,true,7.282327376333628,1,2764.882218412076,1.0,0.20199999999999996
2026-03-22T21:10:07.745-753714-465151,479,true,10461.129373413816,1,-7696.24715500174,0.0,0.0
2026-03-22T21:10:07.745-455326-237051,706,true,1.5396868918338082,1,4496.059900298864,1.0,0.991
2026-03-22T21:10:07.745-455326-237051,324,true,271.17675428756684,1,4224.883146011297,1.0,0.996
2026-03-22T21:10:07.745-455326-237051,601,true,0.24829863351025347,1,4224.634847377787,1.0,0.988
2026-03-22T21:10:07.745-455326-237051,866,true,1.3070101072653268,1,4223.327837270522,1.0,0.987
2026-03-22T21:10:07.745-455326-237051,788,true,4.44598247003922,1,4218.881854800483,1.0,0.995
2026-03-22T21:10:07.745-455326-237051,923,true,0.5917092705890927,1,4218.290145529893,1.0,0.99
2026-03-22T21:10:07.745-455326-237051,949,true,13.337622869571346,1,4204.952522660322,1.0,0.994
2026-03-22T21:10:07.745-455326-237051,373,true,13.025762431534465,1,4191.926760228787,1.0,0.996
2026-03-22T21:10:07.745-455326-237051,829,true,7.653594531174116,1,4184.273165697613,1.0,0.746
2026-03-22T21:10:07.745-455326-237051,600,true,34.154739542568755,1,4150.118426155044,1.0,0.739
2026-03-22T21:10:07.745-455326-237051,428,true,0.583575190963283,1,4149.534850964081,1.0,0.992
2026-03-22T21:10:07.745-455326-237051,185,true,157.63612541385157,1,3991.8987255502293,1.0,0.988
2026-03-22T21:10:07.745-455326-237051,145,true,5.856563525639732,1,3986.0421620245897,1.0,0.987
2026-03-22T21:10:07.745-455326-237051,863,true,0.3301677176814126,1,3985.7119943069083,1.0,0.757
2026-03-22T21:10:07.745-455326-237051,676,true,51.37461948425552,1,3934.3373748226527,1.0,0.991
2026-03-22T21:10:07.745-455326-237051,250,true,23.692557670266556,1,3910.644817152386,1.0,0.995
2026-03-22T21:10:07.745-455326-237051,103,true,5.564293492923132,1,3905.080523659463,1.0,0.993
2026-03-22T21:10:07.745-455326-237051,818,true,4.926618407734346,1,3900.1539052517287,1.0,0.989
2026-03-22T21:10:07.745-455326-237051,495,false,0.08488238283127732,1,3900.1539052517287,1.0,1.0
2026-03-22T21:10:07.745-455326-237051,390,true,31.005030963127478,1,3869.1488742886013,1.0,0.991
2026-03-22T21:10:07.745-455326-237051,212,true,5.078676832685078,1,3864.070197455916,1.0,0.992
2026-03-22T21:10:07.745-455326-237051,326,true,3.7835608903031144,1,3860.2866365656128,1.0,0.702
2026-03-22T21:10:07.745-455326-237051,313,true,7.375739662441686,1,3852.910896903171,1.0,0.992
2026-03-22T21:10:07.745-455326-237051,957,true,1.8423502196486572,1,3851.068546683522,1.0,0.99
2026-03-22T21:10:07.745-455326-237051,121,true,21.19174452659143,1,3829.876802156931,1.0,0.993
2026-03-22T21:10:07.745-455326-237051,593,true,0.5633983875026084,1,3829.313403769428,1.0,0.99
2026-03-22T21:10:07.745-455326-237051,303,true,0.8640238686177638,1,3828.4493799008105,1.0,0.988
2026-03-22T21:10:07.745-455326-237051,469,true,2.5199988716829496,1,3825.9293810291274,1.0,0.992
2026-03-22T21:10:07.745-455326-237051,492,true,4.540307075965734,1,3821.3890739531616,1.0,0.992
2026-03-22T21:10:07.745-455326-237051,239,true,0.43208755791326625,1,3820.9569863952484,1.0,0.992
2026-03-22T21:10:07.745-455326-237051,206,true,3.400450478633585,1,3817.556535916615,1.0,0.99
2026-03-22T21:10:07.745-455326-237051,816,true,1.8253440976098827,1,3815.731191819005,1.0,0.759
2026-03-22T21:10:07.745-455326-237051,362,true,0.2829916759700175,1,3815.4482001430347,1.0,0.996
2026-03-22T21:10:07.745-455326-237051,194,true,0.47740306815326167,1,3814.9707970748814,1.0,0.987
2026-03-22T21:10:07.745-455326-237051,350,true,6.5664427889461905,1,3808.4043542859354,1.0,0.99
2026-03-22T21:10:07.745-455326-237051,282,true,21.941169924305957,1,3786.4631843616294,1.0,0.992
2026-03-22T21:10:07.745-455326-237051,641,true,1.5353233790774743,1,3784.927860982552,1.0,0.99
2026-03-22T21:10:07.745-455326-237051,209,true,4.538290587477183,1,3780.3895703950748,1.0,0.06299999999999994
2026-03-22T21:10:07.745-455326-237051,996,true,42.365994389441,1,3738.023576005634,1.0,0.993
2026-03-22T21:10:07.745-455326-237051,596,true,0.45561633152695374,1,3737.567959674107,1.0,0.766
2026-03-22T21:10:07.745-455326-237051,515,true,0.36553411513661627,1,3737.2024255589704,1.0,0.749
2026-03-22T21:10:07.745-455326-237051,837,true,3.835450556045319,1,3733.366975002925,1.0,0.992
2026-03-22T21:10:07.745-455326-237051,219,true,55.46901898661495,1,3677.8979560163098,1.0,0.993
2026-03-22T21:10:07.745-455326-237051,339,true,9.190420626594381,1,3668.7075353897153,1.0,0.986
2026-03-22T21:10:07.745-455326-237051,330,true,0.6211778214215129,1,3668.086357568294,1.0,0.995
2026-03-22T21:10:07.745-455326-237051,612,true,11.361465859091938,1,3656.724891709202,1.0,0.994
2026-03-22T21:10:07.745-455326-237051,658,true,3.3754423403397995,1,3653.349449368862,1.0,0.992
2026-03-22T21:10:07.745-455326-237051,539,true,2.100606271943706,1,3651.2488430969183,1.0,0.987
2026-03-22T21:10:07.745-455326-237051,578,true,103.62991589254266,1,3547.6189272043757,1.0,0.846
2026-03-22T21:10:07.745-455326-237051,182,true,1.826070163617887,1,3545.792857040758,1.0,0.719
2026-03-22T21:10:07.745-455326-237051,720,true,17.87940593122181,1,3527.9134511095363,1.0,0.729
2026-03-22T21:10:07.745-455326-237051,813,false,0.052560244077798426,1,3527.9134511095363,1.0,1.0
2026-03-22T21:10:07.745-455326-237051,490,true,2.63767645796057,1,3525.275774651576,1.0,0.792
2026-03-22T21:10:07.745-455326-237051,156,true,9.695842217256724,1,3515.5799324343193,1.0,0.992
2026-03-22T21:10:07.745-455326-237051,870,true,1.4632795811034462,1,3514.116652853216,1.0,0.995
2026-03-22T21:10:07.745-455326-237051,395,true,17.375463062031564,1,3496.7411897911843,1.0,0.99
2026-03-22T21:10:07.745-455326-237051,422,true,0.29439204367716015,1,3496.446797747507,1.0,0.985
2026-03-22T21:10:07.745-455326-237051,30,true,0.7368603819220282,1,3495.709937365585,1.0,0.991
2026-03-22T21:10:07.745-455326-237051,27,true,0.2289893007238882,1,3495.4809480648614,1.0,0.733
2026-03-22T21:10:07.745-455326-237051,46,true,11.160900315756304,1,3484.320047749105,1.0,0.992
2026-03-22T21:10:07.745-455326-237051,178,true,2.6645727011872555,1,3481.6554750479177,1.0,0.994
2026-03-22T21:10:07.745-455326-237051,800,true,0.23912945476753034,1,3481.4163455931503,1.0,0.988
2026-03-22T21:10:07.745-455326-237051,558,true,46.18776166299813,1,3435.228583930152,1.0,0.994
2026-03-22T21:10:07.745-455326-237051,868,true,154.41028137596498,1,3280.818302554187,1.0,0.04400000000000004
2026-03-22T21:10:07.745-455326-237051,660,true,1.0475496280663896,1,3279.7707529261206,1.0,0.75
2026-03-22T21:10:07.745-455326-237051,683,true,19.08318025484804,1,3260.6875726712724,1.0,0.994
2026-03-22T21:10:07.745-455326-237051,394,true,6.58056773544203,1,3254.1070049358304,1.0,0.821
2026-03-22T21:10:07.745-455326-237051,1000,true,3.073941433078023,1,3251.0330635027526,1.0,0.988
2026-03-22T21:10:07.745-455326-237051,244,false,0.13721410669331202,1,3251.0330635027526,1.0,1.0
2026-03-22T21:10:07.745-455326-237051,723,true,4.859134930261424,1,3246.173928572491,1.0,0.04800000000000004
2026-03-22T21:10:07.745-455326-237051,461,true,21.237796198423034,1,3224.936132374068,1.0,0.994
2026-03-22T21:10:07.745-455326-237051,608,true,23.539026576961188,1,3201.397105797107,1.0,0.99
2026-03-22T21:10:07.745-455326-237051,792,true,0.6514621007584964,1,3200.7456436963485,1.0,0.99
2026-03-22T21:10:07.745-455326-237051,551,true,0.3118214408912048,1,3200.4338222554575,1.0,0.987
2026-03-22T21:10:07.745-455326-237051,188,true,2.2142183414658305,1,3198.2196039139917,1.0,0.716
2026-03-22T21:10:07.745-455326-237051,100,true,0.33047398132639827,1,3197.889129932665,1.0,0.741
2026-03-22T21:10:07.745-455326-237051,414,true,0.6109952982708236,1,3197.2781346343945,1.0,0.747
2026-03-22T21:10:07.745-455326-237051,170,true,37.4480515778581,1,3159.8300830565363,1.0,0.994
2026-03-22T21:10:07.745-455326-237051,78,true,16.942883738625564,1,3142.887199317911,1.0,0.989
2026-03-22T21:10:07.745-455326-237051,604,true,35.48647748350107,1,3107.40072183441,1.0,0.735
2026-03-22T21:10:07.745-455326-237051,381,true,1.1569313434655302,1,3106.2437904909443,1.0,0.994
2026-03-22T21:10:07.745-455326-237051,812,true,8.222425919396018,1,3098.0213645715485,1.0,0.99
2026-03-22T21:10:07.745-455326-237051,355,true,1.9862813079330564,1,3096.0350832636154,1.0,0.989
2026-03-22T21:10:07.745-455326-237051,828,true,20.127606892121936,1,3075.9074763714934,1.0,0.377
2026-03-22T21:10:07.745-455326-237051,862,true,74.3368155899539,1,3001.5706607815396,1.0,0.756
2026-03-22T21:10:07.745-455326-237051,280,true,6.487539558387049,1,2995.0831212231524,1.0,0.736
2026-03-22T21:10:07.745-455326-237051,713,false,0.1353268681951309,1,2995.0831212231524,1.0,1.0
2026-03-22T21:10:07.745-455326-237051,838,true,1.008841985020741,1,2994.0742792381316,1.0,0.718
2026-03-22T21:10:07.745-455326-237051,79,true,1.485773299003158,1,2992.5885059391285,1.0,0.73
2026-03-22T21:10:07.745-455326-237051,231,true,1.4462679731629515,1,2991.1422379659657,1.0,0.991
2026-03-22T21:10:07.745-455326-237051,108,false,0.09973147844112493,1,2991.1422379659657,1.0,1.0
2026-03-22T21:10:07.745-455326-237051,203,true,2.7717009663474625,1,2988.3705369996183,1.0,0.724
2026-03-22T21:10:07.745-455326-237051,715,true,2.797556679597218,1,2985.572980320021,1.0,0.993
2026-03-22T21:10:07.745-455326-237051,614,true,1.7732670184292274,1,2983.799713301592,1.0,0.759
2026-03-22T21:10:07.745-455326-237051,798,true,6.514350844004753,1,2977.2853624575873,1.0,0.731
2026-03-22T21:10:07.745-455326-237051,299,true,15.384135673576859,1,2961.9012267840103,1.0,0.993
2026-03-22T21:10:07.745-455326-237051,913,true,4.8999155047823075,1,2957.001311279228,1.0,0.738
2026-03-22T21:10:07.745-455326-237051,140,true,0.544705563347988,1,2956.45660571588,1.0,0.985
2026-03-22T21:10:07.745-455326-237051,73,false,0.0433141849174957,1,2956.45660571588,1.0,1.0
2026-03-22T21:10:07.745-455326-237051,397,true,0.7587919859304323,1,2955.6978137299493,1.0,0.05700000000000005
2026-03-22T21:10:07.745-455326-237051,656,true,2.1880094902395255,1,2953.50980423971,1.0,0.804
2026-03-22T21:10:07.745-455326-237051,642,true,9.070489228711317,1,2944.4393150109986,1.0,0.739
2026-03-22T21:10:07.745-455326-237051,132,true,1.277952199544194,1,2943.161362811454,1.0,0.995
2026-03-22T21:10:07.745-455326-237051,645,true,3.054800627471079,1,2940.106562183983,1.0,0.737
2026-03-22T21:10:07.745-455326-237051,587,true,2.102429757725076,1,2938.004132426258,1.0,0.993
2026-03-22T21:10:07.745-455326-237051,198,true,2.8690687094889182,1,2935.135063716769,1.0,0.994
2026-03-22T21:10:07.745-455326-237051,41,true,0.890486174873134,1,2934.2445775418955,1.0,0.99
2026-03-22T21:10:07.745-455326-237051,844,true,0.5953849768969843,1,2933.6491925649984,1.0,0.993
2026-03-22T21:10:07.745-455326-237051,215,true,11.345060785539525,1,2922.304131779459,1.0,0.727
2026-03-22T21:10:07.745-455326-237051,29,true,0.5822740373011256,1,2921.721857742158,1.0,0.061000000000000054
2026-03-22T21:10:07.745-455326-237051,703,true,9.256191816616417,1,2912.4656659255415,1.0,0.737
2026-03-22T21:10:07.745-455326-237051,32,true,7.733783693377147,1,2904.7318822321645,1.0,0.05700000000000005
2026-03-22T21:10:07.745-455326-237051,846,false,0.18513963644784195,1,2904.7318822321645,1.0,1.0
2026-03-22T21:10:07.745-455326-237051,230,true,0.6877603412035233,1,2904.044121890961,1.0,0.729
2026-03-22T21:10:07.745-455326-237051,871,true,1.2046893062226283,1,2902.8394325847385,1.0,0.052000000000000046
2026-03-22T21:10:07.745-455326-237051,374,false,0.1316381929409965,1,2902.8394325847385,1.0,1.0
2026-03-22T21:10:07.745-455326-237051,865,true,1.222237841927674,1,2901.6171947428106,1.0,0.0
2026-03-22T21:10:07.745-455326-237051,699,true,30.525884298861843,1,2871.0913104439487,1.0,0.991
2026-03-22T21:10:07.745-455326-237051,348,true,17.19761445815138,1,2853.8936959857974,1.0,0.788
2026-03-22T21:10:07.745-455326-237051,477,true,3.2489037221175,1,2850.64479226368,1.0,0.99
2026-03-22T21:10:07.745-455326-237051,524,true,32.7040754861529,1,2817.940716777527,1.0,0.992
2026-03-22T21:10:07.745-455326-237051,309,true,22.034334910326283,1,2795.9063818672007,1.0,0.992
2026-03-22T21:10:07.745-455326-237051,276,true,1.3447007716730361,1,2794.5616810955275,1.0,0.995
2026-03-22T21:10:07.745-455326-237051,872,true,2.8115080112971786,1,2791.7501730842305,1.0,0.06699999999999995
2026-03-22T21:10:07.745-455326-237051,564,true,7.10957534105275,1,2784.6405977431778,1.0,0.985
2026-03-22T21:10:07.745-455326-237051,153,true,1.1389413248372677,1,2783.5016564183406,1.0,0.759
2026-03-22T21:10:07.745-455326-237051,184,false,0.2031149942772849,1,2783.5016564183406,1.0,1.0
2026-03-22T21:10:07.745-455326-237051,505,true,1.2952992496167735,1,2782.206357168724,1.0,0.982
2026-03-22T21:10:07.745-455326-237051,135,true,2.4272373198050343,1,2779.779119848919,1.0,0.766
2026-03-22T21:10:07.745-455326-237051,898,true,45.338381721559934,1,2734.440738127359,1.0,0.995
2026-03-22T21:10:07.745-455326-237051,271,true,0.24906956132160762,1,2734.1916685660376,1.0,0.989
2026-03-22T21:10:07.745-455326-237051,911,true,1.3260081454079786,1,2732.8656604206294,1.0,0.0
2026-03-22T21:10:07.745-455326-237051,367,true,34.1067884792043,1,2698.7588719414252,1.0,0.991
2026-03-22T21:10:07.745-455326-237051,123,false,0.026882044450676042,1,2698.7588719414252,1.0,1.0
2026-03-22T21:10:07.745-455326-237051,974,true,3.816145221623426,1,2694.9427267198016,1.0,0.997
2026-03-22T21:10:07.745-455326-237051,718,true,1.0396938451231013,1,2693.9030328746785,1.0,0.0
2026-03-22T21:10:07.745-455326-237051,404,true,3.9378837887061913,1,2689.9651490859724,1.0,0.995
2026-03-22T21:10:07.745-455326-237051,814,true,4.171405464088288,1,2685.793743621884,1.0,0.05400000000000005
2026-03-22T21:10:07.745-455326-237051,847,true,0.5675644838002194,1,2685.226179138084,1.0,0.825
2026-03-22T21:10:07.745-455326-237051,993,true,2.3009202535928757,1,2682.925258884491,1.0,0.741
2026-03-22T21:10:07.745-455326-237051,649,true,7.880402413778116,1,2675.044856470713,1.0,0.99
2026-03-22T21:10:07.745-455326-237051,853,true,0.21039542103118156,1,2674.834461049682,1.0,0.993
2026-03-22T21:10:07.745-455326-237051,366,true,1.3238876365730508,1,2673.510573413109,1.0,0.714
2026-03-22T21:10:07.745-455326-237051,673,true,2.599882996475221,1,2670.9106904166338,1.0,0.8049999999999999
2026-03-22T21:10:07.745-455326-237051,158,false,0.06836415101226243,1,2670.9106904166338,1.0,1.0
2026-03-22T21:10:07.745-455326-237051,119,true,4.63457882165011,1,2666.276111594984,1.0,0.741
2026-03-22T21:10:07.745-455326-237051,732,true,0.4034304980735556,1,2665.87268109691,1.0,0.989
2026-03-22T21:10:07.745-455326-237051,508,true,5.138204255151573,1,2660.7344768417584,1.0,0.729
2026-03-22T21:10:07.745-455326-237051,171,true,35.34236550482566,1,2625.392111336933,1.0,0.745
2026-03-22T21:10:07.745-455326-237051,697,true,0.8239699577011251,1,2624.5681413792317,1.0,0.731
2026-03-22T21:10:07.745-455326-237051,731,false,0.02844087381656625,1,2624.5681413792317,1.0,1.0
2026-03-22T21:10:07.745-455326-237051,130,true,1.4382084623917366,1,2623.12993291684,1.0,0.7150000000000001
2026-03-22T21:10:07.745-455326-237051,314,true,23.985667992405272,1,2599.144264924435,1.0,0.736
2026-03-22T21:10:07.745-455326-237051,774,true,6.565632664704338,1,2592.5786322597305,1.0,0.802
2026-03-22T21:10:07.745-455326-237051,134,true,17.258641357952317,1,2575.319990901778,1.0,0.21099999999999997
2026-03-22T21:10:07.745-455326-237051,880,true,3.796732312041876,1,2571.523258589736,1.0,0.989
2026-03-22T21:10:07.745-455326-237051,448,true,22.67824347537714,1,2548.845015114359,1.0,0.994
2026-03-22T21:10:07.745-455326-237051,891,true,3.8069877848250733,1,2545.0380273295336,1.0,0.991
2026-03-22T21:10:07.745-455326-237051,481,true,2.1832134453507397,1,2542.854813884183,1.0,0.992
2026-03-22T21:10:07.745-455326-237051,317,true,0.5898016457535031,1,2542.2650122384293,1.0,0.727
2026-03-22T21:10:07.745-455326-237051,93,true,0.738131389541839,1,2541.5268808488877,1.0,0.991
2026-03-22T21:10:07.745-455326-237051,114,true,1.1574122428579994,1,2540.36946860603,1.0,0.993
2026-03-22T21:10:07.745-455326-237051,269,false,0.12718576922510907,1,2540.36946860603,1.0,1.0
2026-03-22T21:10:07.745-455326-237051,502,true,0.9448739413834751,1,2539.4245946646465,1.0,0.804
2026-03-22T21:10:07.745-455326-237051,17,true,2.4487343603623133,1,2536.975860304284,1.0,0.721
2026-03-22T21:10:07.745-455326-237051,500,true,0.8167345132560495,1,2536.159125791028,1.0,0.763
2026-03-22T21:10:07.745-455326-237051,973,true,1.0039747217428736,1,2535.1551510692852,1.0,0.763
2026-03-22T21:10:07.745-455326-237051,971,true,8.346460201785787,1,2526.8086908674995,1.0,0.0
2026-03-22T21:10:07.745-455326-237051,864,true,7.387158462813844,1,2519.421532404686,1.0,0.0
2026-03-22T21:10:07.745-455326-237051,340,true,50.42726135385057,1,2468.9942710508353,1.0,0.745
2026-03-22T21:10:07.745-455326-237051,90,true,9.902345017686612,1,2459.091926033149,1.0,0.8089999999999999
2026-03-22T21:10:07.745-455326-237051,599,true,3.201201373725533,1,2455.8907246594235,1.0,0.0
2026-03-22T21:10:07.745-455326-237051,736,true,0.8756442668983659,1,2455.0150803925253,1.0,0.989
2026-03-22T21:10:07.745-455326-237051,54,true,0.859929712012443,1,2454.155150680513,1.0,0.993
2026-03-22T21:10:07.745-455326-237051,458,true,1.6961262126054975,1,2452.4590244679075,1.0,0.758
2026-03-22T21:10:07.745-455326-237051,782,true,1.9478208881559698,1,2450.5112035797515,1.0,0.993
2026-03-22T21:10:07.745-455326-237051,867,true,2.146302521434596,1,2448.3649010583167,1.0,0.0
2026-03-22T21:10:07.745-455326-237051,638,true,0.9346483369253814,1,2447.4302527213913,1.0,0.733
2026-03-22T21:10:07.745-455326-237051,342,true,3.497674281824318,1,2443.932578439567,1.0,0.20199999999999996
2026-03-22T21:10:07.745-455326-237051,886,true,4.60388704468038,1,2439.3286913948864,1.0,0.991
2026-03-22T21:10:07.745-455326-237051,620,true,4.223687288692217,1,2435.105004106194,1.0,0.99
2026-03-22T21:10:07.745-455326-237051,346,true,6.537924340628866,1,2428.5670797655653,1.0,0.8109999999999999
2026-03-22T21:10:07.745-455326-237051,667,true,2.7846502461693303,1,2425.782429519396,1.0,0.991
2026-03-22T21:10:07.745-455326-237051,722,true,2.904915275032743,1,2422.8775142443633,1.0,0.0
2026-03-22T21:10:07.745-455326-237051,181,true,4.926690008219772,1,2417.9508242361435,1.0,0.05500000000000005
2026-03-22T21:10:07.745-455326-237051,526,true,18.223858234332287,1,2399.726966001811,1.0,0.728
2026-03-22T21:10:07.745-455326-237051,682,true,0.21774863495574145,1,2399.5092173668554,1.0,0.817
2026-03-22T21:10:07.745-455326-237051,780,true,47.09631205284542,1,2352.41290531401,1.0,0.782
2026-03-22T21:10:07.745-455326-237051,228,true,27.3055419764488,1,2325.1073633375613,1.0,0.06000000000000005
2026-03-22T21:10:07.745-455326-237051,70,true,13.27737582786043,1,2311.829987509701,1.0,0.798
2026-03-22T21:10:07.745-455326-237051,186,true,55.23226531929677,1,2256.597722190404,1.0,0.040000000000000036
2026-03-22T21:10:07.745-455326-237051,630,true,4.558822017683408,1,2252.038900172721,1.0,0.992
2026-03-22T21:10:07.745-455326-237051,943,true,10.11262625502208,1,2241.926273917699,1.0,0.993
2026-03-22T21:10:07.745-455326-237051,976,true,0.9064775796422617,1,2241.0197963380565,1.0,0.0
2026-03-22T21:10:07.745-455326-237051,224,true,5.486864229264237,1,2235.5329321087925,1.0,0.994
2026-03-22T21:10:07.745-455326-237051,105,true,0.587666078487881,1,2234.9452660303045,1.0,0.779
2026-03-22T21:10:07.745-455326-237051,353,true,4.865953321958407,1,2230.079312708346,1.0,0.21399999999999997
2026-03-22T21:10:07.745-455326-237051,5,true,7.511079616923295,1,2222.568233091423,1.0,0.995
2026-03-22T21:10:07.745-455326-237051,694,true,0.23020952692464292,1,2222.338023564498,1.0,0.8049999999999999
2026-03-22T21:10:07.745-455326-237051,686,true,74.15183640086723,1,2148.186187163631,1.0,0.7170000000000001
2026-03-22T21:10:07.745-455326-237051,548,true,19.889883875226296,1,2128.296303288405,1.0,0.752
2026-03-22T21:10:07.745-455326-237051,189,true,1.254318953276962,1,2127.041984335128,1.0,0.049000000000000044
2026-03-22T21:10:07.745-455326-237051,850,true,8.5102672144093,1,2118.5317171207184,1.0,0.22399999999999998
2026-03-22T21:10:07.745-455326-237051,425,true,2.829346112287305,1,2115.7023710084313,1.0,0.052000000000000046
2026-03-22T21:10:07.745-455326-237051,218,true,4.847251138340362,1,2110.855119870091,1.0,0.05900000000000005
2026-03-22T21:10:07.745-455326-237051,52,true,53.851359497411735,1,2057.0037603726796,1.0,0.74
2026-03-22T21:10:07.745-455326-237051,287,true,0.5382075398628413,1,2056.4655528328167,1.0,0.741
2026-03-22T21:10:07.745-455326-237051,49,true,128.53957017011732,1,1927.9259826626994,1.0,0.025000000000000022
2026-03-22T21:10:07.745-455326-237051,396,true,0.4331922699230784,1,1927.4927903927764,1.0,0.0
2026-03-22T21:10:07.745-455326-237051,320,true,0.7263077010598769,1,1926.7664826917166,1.0,0.823
2026-03-22T21:10:07.745-455326-237051,619,false,0.13442630128003027,1,1926.7664826917166,1.0,1.0
2026-03-22T21:10:07.745-455326-237051,273,true,8.255738273441487,1,1918.5107444182752,1.0,0.21699999999999997
2026-03-22T21:10:07.745-455326-237051,553,true,1.9215147564237758,1,1916.5892296618515,1.0,0.751
2026-03-22T21:10:07.745-455326-237051,944,true,26.418045724085527,1,1890.171183937766,1.0,0.8109999999999999
2026-03-22T21:10:07.745-455326-237051,201,false,0.09562661712891769,1,1890.171183937766,1.0,1.0
2026-03-22T21:10:07.745-455326-237051,482,true,0.32137803826044253,1,1889.8498058995056,1.0,0.7969999999999999
2026-03-22T21:10:07.745-455326-237051,705,true,68.43599011548375,1,1821.4138157840218,1.0,0.04400000000000004
2026-03-22T21:10:07.745-455326-237051,233,true,10.056904108421708,1,1811.3569116756,1.0,0.049000000000000044
2026-03-22T21:10:07.745-455326-237051,892,true,7.033688851260357,1,1804.3232228243396,1.0,0.737
2026-03-22T21:10:07.745-455326-237051,987,true,4.644539152643197,1,1799.6786836716965,1.0,0.994
2026-03-22T21:10:07.745-455326-237051,507,false,0.16788612180311158,1,1799.6786836716965,1.0,1.0
2026-03-22T21:10:07.745-455326-237051,778,true,5.721580684480314,1,1793.957102987216,1.0,0.7170000000000001
2026-03-22T21:10:07.745-455326-237051,977,true,0.9224357537466117,1,1793.0346672334695,1.0,0.061000000000000054
2026-03-22T21:10:07.745-455326-237051,950,true,9.85308045783836,1,1783.181586775631,1.0,0.733
2026-03-22T21:10:07.745-455326-237051,13,true,0.879844865298094,1,1782.301741910333,1.0,0.8089999999999999
2026-03-22T21:10:07.745-455326-237051,255,true,4.535483418521226,1,1777.7662584918119,1.0,0.99
2026-03-22T21:10:07.745-455326-237051,561,true,0.24915425935649319,1,1777.5171042324553,1.0,0.049000000000000044
2026-03-22T21:10:07.745-455326-237051,472,true,0.32673789248783686,1,1777.1903663399673,1.0,0.721
2026-03-22T21:10:07.745-455326-237051,454,true,3.4763245106000484,1,1773.7140418293673,1.0,0.988
2026-03-22T21:10:07.745-455326-237051,478,true,2.7036037505648824,1,1771.0104380788023,1.0,0.07799999999999996
2026-03-22T21:10:07.745-455326-237051,286,true,0.7609509049479575,1,1770.2494871738543,1.0,0.8089999999999999
2026-03-22T21:10:07.745-455326-237051,372,true,45.55089549290372,1,1724.6985916809506,1.0,0.739
2026-03-22T21:10:07.745-455326-237051,238,true,1.9537505891158333,1,1722.7448410918348,1.0,0.21999999999999997
2026-03-22T21:10:07.745-455326-237051,217,true,6.360159831464542,1,1716.3846812603704,1.0,0.0
2026-03-22T21:10:07.745-455326-237051,644,true,2.5812496441681696,1,1713.8034316162023,1.0,0.0
2026-03-22T21:10:07.745-455326-237051,2,true,8.614210591033215,1,1705.189221025169,1.0,0.05900000000000005
2026-03-22T21:10:07.745-455326-237051,613,true,1.1797586830867803,1,1704.0094623420823,1.0,0.051000000000000045
2026-03-22T21:10:07.745-455326-237051,900,true,18.547451822609037,1,1685.4620105194733,1.0,0.716
2026-03-22T21:10:07.745-455326-237051,12,true,2.9882256217670387,1,1682.4737848977063,1.0,0.06899999999999995
2026-03-22T21:10:07.745-455326-237051,968,true,0.6958002217823851,1,1681.777984675924,1.0,0.051000000000000045
2026-03-22T21:10:07.745-455326-237051,334,true,6.763697790533093,1,1675.014286885391,1.0,0.987
2026-03-22T21:10:07.745-455326-237051,586,true,3.8727953534417185,1,1671.1414915319492,1.0,0.736
2026-03-22T21:10:07.745-455326-237051,674,true,4.483163382466193,1,1666.658328149483,1.0,0.21199999999999997
2026-03-22T21:10:07.745-455326-237051,633,true,0.3506901762483065,1,1666.3076379732347,1.0,0.789
2026-03-22T21:10:07.745-455326-237051,435,true,78.97956003965153,1,1587.3280779335832,1.0,0.993
2026-03-22T21:10:07.745-455326-237051,899,true,11.381282302510652,1,1575.9467956310725,1.0,0.04200000000000004
2026-03-22T21:10:07.745-455326-237051,650,false,0.15974087882552196,1,1575.9467956310725,1.0,1.0
2026-03-22T21:10:07.745-455326-237051,746,true,7.921674492896091,1,1568.0251211381765,1.0,0.986
2026-03-22T21:10:07.745-455326-237051,251,true,3.5661577758420626,1,1564.4589633623343,1.0,0.747
2026-03-22T21:10:07.745-455326-237051,460,true,14.655790788965469,1,1549.8031725733688,1.0,0.04400000000000004
2026-03-22T21:10:07.745-455326-237051,485,true,23.858861110935628,1,1525.9443114624332,1.0,0.8240000000000001
2026-03-22T21:10:07.745-455326-237051,751,true,113.54898069786564,1,1412.3953307645677,1.0,0.99
2026-03-22T21:10:07.745-455326-237051,521,true,1.0707249251247515,1,1411.324605839443,1.0,0.719
2026-03-22T21:10:07.745-455326-237051,615,true,9.96817516356725,1,1401.3564306758758,1.0,0.0
2026-03-22T21:10:07.745-455326-237051,436,true,0.2841192909491245,1,1401.0723113849267,1.0,0.04400000000000004
2026-03-22T21:10:07.745-455326-237051,496,true,1.169408682371011,1,1399.9029027025556,1.0,0.8
2026-03-22T21:10:07.745-455326-237051,569,true,3.6191634817214573,1,1396.2837392208341,1.0,0.99
2026-03-22T21:10:07.745-455326-237051,147,false,0.18438861104259394,1,1396.2837392208341,1.0,1.0
2026-03-22T21:10:07.745-455326-237051,625,true,7.699418760949999,1,1388.584320459884,1.0,0.992
2026-03-22T21:10:07.745-455326-237051,621,true,0.572836765918261,1,1388.0114836939658,1.0,0.741
2026-03-22T21:10:07.745-455326-237051,440,false,0.046783345750932834,1,1388.0114836939658,1.0,1.0
2026-03-22T21:10:07.745-455326-237051,997,true,2.588134947654536,1,1385.4233487463114,1.0,0.06299999999999994
2026-03-22T21:10:07.745-455326-237051,503,true,0.44490901998591387,1,1384.9784397263254,1.0,0.0
2026-03-22T21:10:07.745-455326-237051,307,true,0.8566224684765632,1,1384.1218172578488,1.0,0.81
2026-03-22T21:10:07.745-455326-237051,262,true,9.711418990295432,1,1374.4103982675533,1.0,0.986
2026-03-22T21:10:07.745-455326-237051,806,true,2.733800805256184,1,1371.6765974622972,1.0,0.982
2026-03-22T21:10:07.745-455326-237051,710,true,2.3446726662503896,1,1369.331924796047,1.0,0.989
2026-03-22T21:10:07.745-455326-237051,473,true,1.6708541992539827,1,1367.661070596793,1.0,0.731
2026-03-22T21:10:07.745-455326-237051,35,true,2.6388343804923196,1,1365.0222362163006,1.0,0.23299999999999998
2026-03-22T21:10:07.745-455326-237051,749,false,0.1979509058871827,1,1365.0222362163006,1.0,1.0
2026-03-22T21:10:07.745-455326-237051,874,true,34.248164839093334,1,1330.7740713772073,1.0,0.05600000000000005
2026-03-22T21:10:07.745-455326-237051,144,true,1.3393588248476234,1,1329.4347125523598,1.0,0.732
2026-03-22T21:10:07.745-455326-237051,745,true,1.0322342040632182,1,1328.4024783482967,1.0,0.742
2026-03-22T21:10:07.745-455326-237051,743,true,3.1160808007824166,1,1325.2863975475143,1.0,0.041000000000000036
2026-03-22T21:10:07.745-455326-237051,582,true,8.268254311173294,1,1317.018143236341,1.0,0.813
2026-03-22T21:10:07.745-455326-237051,939,true,1.6991744752668092,1,1315.3189687610743,1.0,0.989
2026-03-22T21:10:07.745-455326-237051,742,true,7.736764123696195,1,1307.582204637378,1.0,0.06499999999999995
2026-03-22T21:10:07.745-455326-237051,493,true,6.928671547353912,1,1300.6535330900242,1.0,0.0
2026-03-22T21:10:07.745-455326-237051,252,true,2.009974718001869,1,1298.6435583720224,1.0,0.0
2026-03-22T21:10:07.745-455326-237051,636,true,18.85649013158808,1,1279.7870682404343,1.0,0.049000000000000044
2026-03-22T21:10:07.745-455326-237051,704,true,0.29939390512480696,1,1279.4876743353095,1.0,0.0
2026-03-22T21:10:07.745-455326-237051,707,true,22.748201732684134,1,1256.7394726026255,1.0,0.0
2026-03-22T21:10:07.745-455326-237051,328,true,1.3026675468211133,1,1255.4368050558044,1.0,0.05800000000000005
2026-03-22T21:10:07.745-455326-237051,150,false,0.17866351697868055,1,1255.4368050558044,1.0,1.0
2026-03-22T21:10:07.745-455326-237051,940,true,3.536991637322695,1,1251.8998134184817,1.0,0.21899999999999997
2026-03-22T21:10:07.745-455326-237051,554,true,2.808703240503885,1,1249.0911101779777,1.0,0.06000000000000005
2026-03-22T21:10:07.745-455326-237051,982,true,3.610901260409467,1,1245.4802089175682,1.0,0.991
2026-03-22T21:10:07.745-455326-237051,360,true,3.8342572509809463,1,1241.6459516665873,1.0,0.8029999999999999
2026-03-22T21:10:07.745-455326-237051,111,true,1.808621226739954,1,1239.8373304398474,1.0,0.712
2026-03-22T21:10:07.745-455326-237051,112,true,0.3277324903510568,1,1239.5095979494963,1.0,0.06399999999999995
2026-03-22T21:10:07.745-455326-237051,157,true,3.147173287123171,1,1236.362424662373,1.0,0.734
2026-03-22T21:10:07.745-455326-237051,117,true,45.87835121510532,1,1190.4840734472677,1.0,0.05400000000000005
2026-03-22T21:10:07.745-455326-237051,406,true,136.29356448471216,1,1054.1905089625557,1.0,0.882
2026-03-22T21:10:07.745-455326-237051,916,true,0.23296126179278756,1,1053.957547700763,1.0,0.738
2026-03-22T21:10:07.745-455326-237051,711,true,320.4326697323978,1,733.5248779683651,1.0,0.687
2026-03-22T21:10:07.745-455326-237051,832,true,3.5553937045074133,1,729.9694842638577,1.0,0.735
2026-03-22T21:10:07.745-455326-237051,590,false,0.06483967067095942,1,729.9694842638577,1.0,1.0
2026-03-22T21:10:07.745-455326-237051,851,true,2.1556193554898195,1,727.8138649083678,1.0,0.05600000000000005
2026-03-22T21:10:07.745-455326-237051,319,true,0.4383168783135371,1,727.3755480300542,1.0,0.052000000000000046
2026-03-22T21:10:07.745-455326-237051,442,true,66.85794258446026,1,660.517605445594,1.0,0.719
2026-03-22T21:10:07.745-455326-237051,388,false,0.1840402957582678,1,660.517605445594,1.0,1.0
2026-03-22T21:10:07.745-455326-237051,611,false,0.07924846493304159,1,660.517605445594,1.0,1.0
2026-03-22T21:10:07.745-455326-237051,525,true,16.796142324402204,1,643.7214631211917,1.0,0.06499999999999995
2026-03-22T21:10:07.745-455326-237051,845,true,5.170582232847982,1,638.5508808883437,1.0,0.23399999999999999
2026-03-22T21:10:07.745-455326-237051,467,true,2.6714714261203323,1,635.8794094622234,1.0,0.741
2026-03-22T21:10:07.745-455326-237051,166,false,0.09915230708788457,1,635.8794094622234,1.0,1.0
2026-03-22T21:10:07.745-455326-237051,693,true,3.846679891812352,1,632.0327295704111,1.0,0.736
2026-03-22T21:10:07.745-455326-237051,531,true,5.986918557222999,1,626.0458110131881,1.0,0.992
2026-03-22T21:10:07.745-455326-237051,835,true,59.653079757217036,1,566.3927312559711,1.0,0.0
2026-03-22T21:10:07.745-455326-237051,790,true,1.8234373562911204,1,564.5692938996799,1.0,0.052000000000000046
2026-03-22T21:10:07.745-455326-237051,197,true,68.30759982775989,1,496.26169407192003,1.0,0.05400000000000005
2026-03-22T21:10:07.745-455326-237051,757,true,29.455521750199456,1,466.80617232172057,1.0,0.99
2026-03-22T21:10:07.745-455326-237051,552,true,16.742836860190213,1,450.06333546153036,1.0,0.0
2026-03-22T21:10:07.745-455326-237051,767,true,1.4684038089796931,1,448.59493165255066,1.0,0.991
2026-03-22T21:10:07.745-455326-237051,207,true,4.070444731724512,1,444.5244869208261,1.0,0.0
2026-03-22T21:10:07.745-455326-237051,607,true,15.434237470522381,1,429.09024945030376,1.0,0.04800000000000004
2026-03-22T21:10:07.745-455326-237051,205,true,6.169257323075051,1,422.9209921272287,1.0,0.0
2026-03-22T21:10:07.745-455326-237051,447,true,4.7799128705727565,1,418.141079256656,1.0,0.738
2026-03-22T21:10:07.745-455326-237051,519,true,44.09011623804141,1,374.0509630186146,1.0,0.72
2026-03-22T21:10:07.745-455326-237051,241,true,1.4598116305794209,1,372.5911513880352,1.0,0.0
2026-03-22T21:10:07.745-455326-237051,202,false,0.0540675920682284,1,372.5911513880352,1.0,1.0
2026-03-22T21:10:07.745-455326-237051,618,false,0.11259881691820965,1,372.5911513880352,1.0,1.0
2026-03-22T21:10:07.745-455326-237051,88,true,0.7872076821818751,1,371.8039437058533,1.0,0.8109999999999999
2026-03-22T21:10:07.745-455326-237051,300,true,0.3042314447071089,1,371.4997122611462,1.0,0.05900000000000005
2026-03-22T21:10:07.745-455326-237051,310,false,0.14398078241791662,1,371.4997122611462,1.0,1.0
2026-03-22T21:10:07.745-455326-237051,763,true,0.8107319242639104,1,370.6889803368823,1.0,0.991
2026-03-22T21:10:07.745-455326-237051,432,true,0.5081224518222406,1,370.18085788506005,1.0,0.757
2026-03-22T21:10:07.745-455326-237051,579,true,6.18600062187991,1,363.99485726318017,1.0,0.052000000000000046
2026-03-22T21:10:07.745-455326-237051,754,true,162.18504888548242,1,201.80980837769775,1.0,0.04300000000000004
2026-03-22T21:10:07.745-455326-237051,753,true,0.4327530402976315,1,201.37705533740012,1.0,0.040000000000000036
2026-03-22T21:10:07.745-455326-237051,605,true,7.006884545412259,1,194.37017079198787,1.0,0.0
2026-03-22T21:10:07.745-455326-237051,919,true,3.8930931986909427,1,190.47707759329694,1.0,0.842
2026-03-22T21:10:07.745-455326-237051,799,true,18.139870992110282,1,172.33720660118667,1.0,0.21899999999999997
2026-03-22T21:10:07.745-455326-237051,805,true,0.3979866974104556,1,171.9392199037762,1.0,0.385
2026-03-22T21:10:07.745-455326-237051,781,true,1.6404104524749428,1,170.29880945130125,1.0,0.0
2026-03-22T21:10:07.745-455326-237051,787,true,3.4914086815563143,1,166.80740076974493,1.0,0.06499999999999995
2026-03-22T21:10:07.745-455326-237051,654,true,1446.245463338327,1,-1279.4380625685822,1.0,0.5740000000000001
2026-03-22T21:10:07.745-306470-196187,907,false,0.5630993252847595,1,3799.1906032715547,1.0,1.0
2026-03-22T21:10:07.745-306470-196187,671,false,5.294312393443923,1,3799.1906032715547,1.0,1.0
2026-03-22T21:10:07.745-306470-196187,284,false,2.171944070009299,1,3799.1906032715547,1.0,1.0
2026-03-22T21:10:07.745-306470-196187,967,false,2.025820662974894,1,3799.1906032715547,1.0,1.0
2026-03-22T21:10:07.745-306470-196187,85,false,46.11494050697065,1,3799.1906032715547,1.0,1.0
2026-03-22T21:10:07.745-306470-196187,594,false,2.3526626412718157,1,3799.1906032715547,1.0,1.0
2026-03-22T21:10:07.745-306470-196187,99,false,2.2062933136101495,1,3799.1906032715547,1.0,1.0
2026-03-22T21:10:07.745-306470-196187,839,false,4.757966496905932,1,3799.1906032715547,1.0,1.0
2026-03-22T21:10:07.745-306470-196187,375,false,20.728612056029192,1,3799.1906032715547,1.0,1.0
2026-03-22T21:10:07.745-306470-196187,348,false,24.94342324598658,1,3799.1906032715547,1.0,1.0
2026-03-22T21:10:07.745-306470-196187,32,false,0.820641250999208,1,3799.1906032715547,1.0,1.0
2026-03-22T21:10:07.745-306470-196187,975,false,15.56868815511087,1,3799.1906032715547,1.0,1.0
2026-03-22T21:10:07.745-306470-196187,252,false,230.64991828468118,1,3799.1906032715547,1.0,1.0
2026-03-22T21:10:07.745-306470-196187,226,false,4.058608654630161,1,3799.1906032715547,1.0,1.0
