2026-03-22T21:10:07.745-455326-210172,814,true,4.171405464088288,1,4355.349908874317,1.0,0.989
2026-03-22T21:10:07.745-455326-210172,245,true,1.2382210556223385,1,4354.111687818695,1.0,0.989
2026-03-22T21:10:07.745-455326-210172,448,true,22.67824347537714,1,4331.433444343318,1.0,0.992
2026-03-22T21:10:07.745-455326-210172,435,true,78.97956003965153,1,4252.453884303666,1.0,0.995
2026-03-22T21:10:07.745-455326-210172,687,true,0.7045710468158487,1,4251.749313256851,1.0,0.992
2026-03-22T21:10:07.745-455326-210172,341,true,27.840765170010716,1,4223.90854808684,1.0,0.993
2026-03-22T21:10:07.745-455326-210172,536,true,59.21495624815219,1,4164.693591838688,1.0,0.8049999999999999
2026-03-22T21:10:07.745-455326-210172,399,true,2.1632367060644815,1,4162.530355132623,1.0,0.989
2026-03-22T21:10:07.745-455326-210172,411,true,0.6763044390388415,1,4161.854050693584,1.0,0.989
2026-03-22T21:10:07.745-455326-210172,499,true,5.050565129925446,1,4156.803485563659,1.0,0.993
2026-03-22T21:10:07.745-455326-210172,159,true,27.19795646173115,1,4129.6055291019275,1.0,0.993
2026-03-22T21:10:07.745-455326-210172,484,false,0.08335852521108922,1,4129.6055291019275,1.0,1.0
2026-03-22T21:10:07.745-455326-210172,933,true,44.90253697893118,1,4084.7029921229964,1.0,0.993
2026-03-22T21:10:07.745-455326-210172,510,true,0.47208343774493455,1,4084.2309086852515,1.0,0.99
2026-03-22T21:10:07.745-455326-210172,885,true,22.73701401678045,1,4061.493894668471,1.0,0.99
2026-03-22T21:10:07.745-455326-210172,529,true,0.7052370616468466,1,4060.788657606824,1.0,0.989
2026-03-22T21:10:07.745-455326-210172,345,true,3.399753741306507,1,4057.3889038655175,1.0,0.79
2026-03-22T21:10:07.745-455326-210172,135,true,2.4272373198050343,1,4054.9616665457124,1.0,0.99
2026-03-22T21:10:07.745-455326-210172,645,true,3.054800627471079,1,4051.9068659182412,1.0,0.984
2026-03-22T21:10:07.745-455326-210172,534,true,0.6889686572178482,1,4051.2178972610236,1.0,0.027000000000000024
2026-03-22T21:10:07.745-455326-210172,620,true,4.223687288692217,1,4046.994209972331,1.0,0.986
2026-03-22T21:10:07.745-455326-210172,447,true,4.7799128705727565,1,4042.2142971017583,1.0,0.702
2026-03-22T21:10:07.745-455326-210172,199,true,132.30262366502282,1,3909.9116734367353,1.0,0.993
2026-03-22T21:10:07.745-455326-210172,358,true,0.6032450004951336,1,3909.3084284362403,1.0,0.99
2026-03-22T21:10:07.745-455326-210172,900,true,18.547451822609037,1,3890.760976613631,1.0,0.989
2026-03-22T21:10:07.745-455326-210172,173,true,2.0991400425664115,1,3888.6618365710647,1.0,0.994
2026-03-22T21:10:07.745-455326-210172,295,true,128.8936398948578,1,3759.768196676207,1.0,0.992
2026-03-22T21:10:07.745-455326-210172,472,true,0.32673789248783686,1,3759.441458783719,1.0,0.993
2026-03-22T21:10:07.745-455326-210172,700,false,0.028646830075965402,1,3759.441458783719,1.0,1.0
2026-03-22T21:10:07.745-455326-210172,231,true,1.4462679731629515,1,3757.9951908105563,1.0,0.989
2026-03-22T21:10:07.745-455326-210172,668,true,0.6399192487476174,1,3757.355271561809,1.0,0.987
2026-03-22T21:10:07.745-455326-210172,317,true,0.5898016457535031,1,3756.7654699160553,1.0,0.99
2026-03-22T21:10:07.745-455326-210172,281,true,0.73822094020253,1,3756.0272489758527,1.0,0.993
2026-03-22T21:10:07.745-455326-210172,827,true,7.522285188771767,1,3748.504963787081,1.0,0.997
2026-03-22T21:10:07.745-455326-210172,977,true,0.9224357537466117,1,3747.5825280333347,1.0,0.723
2026-03-22T21:10:07.745-455326-210172,487,true,0.38573476244676613,1,3747.196793270888,1.0,0.708
2026-03-22T21:10:07.745-455326-210172,945,true,8.141885626093758,1,3739.054907644794,1.0,0.993
2026-03-22T21:10:07.745-455326-210172,174,true,0.5407303806057513,1,3738.514177264188,1.0,0.792
2026-03-22T21:10:07.745-455326-210172,760,false,0.12436642439449994,1,3738.514177264188,1.0,1.0
2026-03-22T21:10:07.745-455326-210172,322,false,0.1751215205564163,1,3738.514177264188,1.0,1.0
2026-03-22T21:10:07.745-455326-210172,304,true,11.939556331092668,1,3726.5746209330955,1.0,0.991
2026-03-22T21:10:07.745-455326-210172,523,true,7.106089334092827,1,3719.4685315990027,1.0,0.991
2026-03-22T21:10:07.745-455326-210172,457,true,0.9949669571626792,1,3718.47356464184,1.0,0.988
2026-03-22T21:10:07.745-455326-210172,479,true,4.391585701428077,1,3714.081978940412,1.0,0.994
2026-03-22T21:10:07.745-455326-210172,913,true,4.8999155047823075,1,3709.1820634356295,1.0,0.718
2026-03-22T21:10:07.745-455326-210172,597,true,0.4257462072893399,1,3708.7563172283403,1.0,0.991
2026-03-22T21:10:07.745-455326-210172,104,false,0.08507463697670584,1,3708.7563172283403,1.0,1.0
2026-03-22T21:10:07.745-455326-210172,704,true,0.29939390512480696,1,3708.4569233232155,1.0,0.99
2026-03-22T21:10:07.745-455326-210172,301,true,0.7255231044240715,1,3707.7314002187914,1.0,0.765
2026-03-22T21:10:07.745-455326-210172,554,true,2.808703240503885,1,3704.9226969782876,1.0,0.986
2026-03-22T21:10:07.745-455326-210172,768,true,2.3845728724801587,1,3702.5381241058076,1.0,0.993
2026-03-22T21:10:07.745-455326-210172,19,true,0.32213337468929965,1,3702.2159907311184,1.0,0.991
2026-03-22T21:10:07.745-455326-210172,289,true,0.41984730452177005,1,3701.7961434265967,1.0,0.985
2026-03-22T21:10:07.745-455326-210172,952,true,34.11858786348336,1,3667.6775555631134,1.0,0.725
2026-03-22T21:10:07.745-455326-210172,253,true,1.7837884925348704,1,3665.8937670705786,1.0,0.986
2026-03-22T21:10:07.745-455326-210172,145,true,5.856563525639732,1,3660.037203544939,1.0,0.994
2026-03-22T21:10:07.745-455326-210172,423,true,0.20971309220069392,1,3659.8274904527384,1.0,0.986
2026-03-22T21:10:07.745-455326-210172,165,true,229.13199711348096,1,3430.6954933392576,1.0,0.986
2026-03-22T21:10:07.745-455326-210172,543,true,51.60475066176317,1,3379.0907426774943,1.0,0.989
2026-03-22T21:10:07.745-455326-210172,379,false,0.10044082532678707,1,3379.0907426774943,1.0,1.0
2026-03-22T21:10:07.745-455326-210172,725,true,0.4471679597456995,1,3378.6435747177484,1.0,0.995
2026-03-22T21:10:07.745-455326-210172,7,true,3.02236557466581,1,3375.6212091430825,1.0,0.991
2026-03-22T21:10:07.745-455326-210172,647,true,3.254417210275873,1,3372.366791932807,1.0,0.74
2026-03-22T21:10:07.745-455326-210172,825,true,0.7969406219393641,1,3371.5698513108673,1.0,0.728
2026-03-22T21:10:07.745-455326-210172,55,true,36.41416510024438,1,3335.155686210623,1.0,0.989
2026-03-22T21:10:07.745-455326-210172,125,true,0.8932910682930609,1,3334.26239514233,1.0,0.989
2026-03-22T21:10:07.745-455326-210172,207,true,4.070444731724512,1,3330.191950410606,1.0,0.992
2026-03-22T21:10:07.745-455326-210172,591,true,7.976329990581429,1,3322.2156204200246,1.0,0.992
2026-03-22T21:10:07.745-455326-210172,909,false,0.025000276191235602,1,3322.2156204200246,1.0,1.0
2026-03-22T21:10:07.745-455326-210172,287,true,0.5382075398628413,1,3321.6774128801617,1.0,0.7170000000000001
2026-03-22T21:10:07.745-455326-210172,759,false,0.08508280109616013,1,3321.6774128801617,1.0,1.0
2026-03-22T21:10:07.745-455326-210172,20,true,1.1547921134644268,1,3320.5226207666974,1.0,0.8069999999999999
2026-03-22T21:10:07.745-455326-210172,676,true,51.37461948425552,1,3269.148001282442,1.0,0.988
2026-03-22T21:10:07.745-455326-210172,737,false,0.0061089442997766565,1,3269.148001282442,1.0,1.0
2026-03-22T21:10:07.745-455326-210172,905,true,4.109541177522654,1,3265.038460104919,1.0,0.995
2026-03-22T21:10:07.745-455326-210172,92,true,31.160526263823247,1,3233.877933841096,1.0,0.99
2026-03-22T21:10:07.745-455326-210172,118,true,1.188652744437817,1,3232.6892810966583,1.0,0.991
2026-03-22T21:10:07.745-455326-210172,934,true,34.047494556384535,1,3198.6417865402736,1.0,0.819
2026-03-22T21:10:07.745-455326-210172,428,true,0.583575190963283,1,3198.0582113493106,1.0,0.719
2026-03-22T21:10:07.745-455326-210172,381,true,1.1569313434655302,1,3196.901280005845,1.0,0.685
2026-03-22T21:10:07.745-455326-210172,775,true,18.00549552438283,1,3178.895784481462,1.0,0.04500000000000004
2026-03-22T21:10:07.745-455326-210172,509,false,0.0742296793630581,1,3178.895784481462,1.0,1.0
2026-03-22T21:10:07.745-455326-210172,542,true,2.733848591509713,1,3176.1619358899525,1.0,0.73
2026-03-22T21:10:07.745-455326-210172,189,true,1.254318953276962,1,3174.9076169366754,1.0,0.992
2026-03-22T21:10:07.745-455326-210172,388,false,0.1840402957582678,1,3174.9076169366754,1.0,1.0
2026-03-22T21:10:07.745-455326-210172,726,true,0.6739451399262958,1,3174.233671796749,1.0,0.81
2026-03-22T21:10:07.745-455326-210172,483,true,15.54122975209289,1,3158.692442044656,1.0,0.989
2026-03-22T21:10:07.745-455326-210172,226,true,281.98180868766553,1,2876.710633356991,1.0,0.99
2026-03-22T21:10:07.745-455326-210172,392,true,1.8005768843835852,1,2874.9100564726073,1.0,0.992
2026-03-22T21:10:07.745-455326-210172,228,true,27.3055419764488,1,2847.6045144961586,1.0,0.014000000000000012
2026-03-22T21:10:07.745-455326-210172,147,false,0.18438861104259394,1,2847.6045144961586,1.0,1.0
2026-03-22T21:10:07.745-455326-210172,917,true,0.381476255953427,1,2847.2230382402054,1.0,0.993
2026-03-22T21:10:07.745-455326-210172,830,true,0.8862520712478882,1,2846.3367861689576,1.0,0.7070000000000001
2026-03-22T21:10:07.745-455326-210172,98,true,0.646798444675131,1,2845.6899877242827,1.0,0.992
2026-03-22T21:10:07.745-455326-210172,461,true,21.237796198423034,1,2824.4521915258597,1.0,0.991
2026-03-22T21:10:07.745-455326-210172,766,true,6.112186441536777,1,2818.340005084323,1.0,0.7070000000000001
2026-03-22T21:10:07.745-455326-210172,321,true,1.132730995620484,1,2817.2072740887024,1.0,0.991
2026-03-22T21:10:07.745-455326-210172,696,true,0.2269335867074122,1,2816.980340501995,1.0,0.996
2026-03-22T21:10:07.745-455326-210172,958,true,0.3456640847837031,1,2816.6346764172117,1.0,0.728
2026-03-22T21:10:07.745-455326-210172,426,true,29.065490941639354,1,2787.5691854755723,1.0,0.0
2026-03-22T21:10:07.745-455326-210172,530,true,0.42225105257732365,1,2787.146934422995,1.0,0.03500000000000003
2026-03-22T21:10:07.745-455326-210172,204,true,32.224248824522256,1,2754.9226855984725,1.0,0.714
2026-03-22T21:10:07.745-455326-210172,985,true,173.33599522799253,1,2581.58669037048,1.0,0.6679999999999999
2026-03-22T21:10:07.745-455326-210172,906,true,5.185596529358062,1,2576.401093841122,1.0,0.7070000000000001
2026-03-22T21:10:07.745-455326-210172,316,true,14.197996223403523,1,2562.2030976177184,1.0,0.733
2026-03-22T21:10:07.745-455326-210172,26,true,1658.2992462049901,1,903.9038514127283,1.0,0.989
2026-03-22T21:10:07.745-455326-210172,470,true,4.208340571249038,1,899.6955108414793,1.0,0.6970000000000001
2026-03-22T21:10:07.745-455326-210172,494,false,0.0673997909578897,1,899.6955108414793,1.0,1.0
2026-03-22T21:10:07.745-455326-210172,131,true,12.532308605116866,1,887.1632022363624,1.0,0.724
2026-03-22T21:10:07.745-455326-210172,198,true,2.8690687094889182,1,884.2941335268735,1.0,0.7150000000000001
2026-03-22T21:10:07.745-455326-210172,361,true,1.7084840982056628,1,882.5856494286678,1.0,0.19099999999999995
2026-03-22T21:10:07.745-455326-210172,148,true,0.2648913314058309,1,882.320758097262,1.0,0.847
2026-03-22T21:10:07.745-455326-210172,203,true,2.7717009663474625,1,879.5490571309145,1.0,0.6819999999999999
2026-03-22T21:10:07.745-455326-210172,241,true,1.4598116305794209,1,878.0892455003351,1.0,0.736
2026-03-22T21:10:07.745-455326-210172,559,true,2.694523095600204,1,875.3947224047349,1.0,0.992
2026-03-22T21:10:07.745-455326-210172,590,false,0.06483967067095942,1,875.3947224047349,1.0,1.0
2026-03-22T21:10:07.745-455326-210172,179,true,5.6095150506884774,1,869.7852073540464,1.0,0.989
2026-03-22T21:10:07.745-455326-210172,488,true,6.153019598683835,1,863.6321877553626,1.0,0.038000000000000034
2026-03-22T21:10:07.745-455326-210172,800,true,0.23912945476753034,1,863.393058300595,1.0,0.989
2026-03-22T21:10:07.745-455326-210172,234,true,5.3245885706174425,1,858.0684697299776,1.0,0.8089999999999999
2026-03-22T21:10:07.745-455326-210172,312,true,43.82894035227151,1,814.239529377706,1.0,0.839
2026-03-22T21:10:07.745-455326-210172,983,true,8.156865778458899,1,806.0826635992471,1.0,0.026000000000000023
2026-03-22T21:10:07.745-455326-210172,93,true,0.738131389541839,1,805.3445322097052,1.0,0.729
2026-03-22T21:10:07.745-455326-210172,335,false,0.09905927559615545,1,805.3445322097052,1.0,1.0
2026-03-22T21:10:07.745-455326-210172,607,true,15.434237470522381,1,789.9102947391829,1.0,0.992
2026-03-22T21:10:07.745-455326-210172,357,true,26.1914964244361,1,763.7187983147468,1.0,0.722
2026-03-22T21:10:07.745-455326-210172,579,true,6.18600062187991,1,757.5327976928669,1.0,0.992
2026-03-22T21:10:07.745-455326-210172,566,true,47.00358201870675,1,710.5292156741601,1.0,0.991
2026-03-22T21:10:07.745-455326-210172,320,true,0.7263077010598769,1,709.8029079731002,1.0,0.18400000000000005
2026-03-22T21:10:07.745-455326-210172,576,true,26.420131329492754,1,683.3827766436075,1.0,0.7969999999999999
2026-03-22T21:10:07.745-455326-210172,654,true,1446.245463338327,1,-762.8626866947195,1.0,0.505
2026-03-22T21:10:07.745-306470-930785,483,false,0.3483441502008498,1,3745.5106360331047,1.0,1.0
2026-03-22T21:10:07.745-306470-930785,790,false,11.234591852310679,1,3745.5106360331047,1.0,1.0
2026-03-22T21:10:07.745-306470-930785,463,false,1.2331278327027386,1,3745.5106360331047,1.0,1.0
2026-03-22T21:10:07.745-306470-930785,937,false,3.5423542302853965,1,3745.5106360331047,1.0,1.0
2026-03-22T21:10:07.745-306470-930785,500,false,14.726795896469453,1,3745.5106360331047,1.0,1.0
2026-03-22T21:10:07.745-306470-930785,766,false,0.14418700430507822,1,3745.5106360331047,1.0,1.0
2026-03-22T21:10:07.745-306470-930785,636,false,0.09469994089354804,1,3745.5106360331047,1.0,1.0
2026-03-22T21:10:07.745-306470-930785,981,false,0.15209048012309018,1,3745.5106360331047,1.0,1.0
2026-03-22T21:10:07.745-306470-930785,379,false,0.9393965353710219,1,3745.5106360331047,1.0,1.0
2026-03-22T21:10:07.745-306470-930785,148,true,1.9681022372112063,1,3743.5425337958936,1.0,0.948
2026-03-22T21:10:07.745-306470-930785,15,false,5.549072958941276,1,3743.5425337958936,1.0,1.0
2026-03-22T21:10:07.745-306470-930785,79,false,12.451972867349944,1,3743.5425337958936,1.0,1.0
2026-03-22T21:10:07.745-306470-930785,960,false,1.603152442356628,1,3743.5425337958936,1.0,1.0
2026-03-22T21:10:07.745-306470-930785,366,false,31.383854922361994,1,3743.5425337958936,1.0,1.0
2026-03-22T21:10:07.745-306470-930785,755,false,1.9422313518531742,1,3743.5425337958936,1.0,1.0
2026-03-22T21:10:07.745-306470-930785,142,false,1.1214605224921201,1,3743.5425337958936,1.0,1.0
2026-03-22T21:10:07.745-306470-930785,945,false,119.85589148698486,1,3743.5425337958936,1.0,1.0
2026-03-22T21:10:07.745-306470-930785,112,false,17.952551441865666,1,3743.5425337958936,1.0,1.0
2026-03-22T21:10:07.745-306470-930785,680,false,1.135617982323655,1,3743.5425337958936,1.0,1.0
2026-03-22T21:10:07.745-306470-930785,904,false,31.8280786340371,1,3743.5425337958936,1.0,1.0
2026-03-22T21:10:07.745-306470-930785,165,false,1.510451896666136,1,3743.5425337958936,1.0,1.0
2026-03-22T21:10:07.745-306470-930785,840,false,11.130190122489088,1,3743.5425337958936,1.0,1.0
2026-03-22T21:10:07.745-306470-930785,568,false,5.765611110918745,1,3743.5425337958936,1.0,1.0
2026-03-22T21:10:07.745-306470-930785,562,false,0.29294447625463776,1,3743.5425337958936,1.0,1.0
2026-03-22T21:10:07.745-306470-930785,127,false,1.5860276008369352,1,3743.5425337958936,1.0,1.0
2026-03-22T21:10:07.745-306470-930785,744,false,1.1424477872794117,1,3743.5425337958936,1.0,1.0
2026-03-22T21:10:07.745-306470-930785,455,false,2.857616320434626,1,3743.5425337958936,1.0,1.0
2026-03-22T21:10:07.745-306470-930785,687,false,247.956147042013,1,3743.5425337958936,1.0,1.0
2026-03-22T21:10:07.745-306470-930785,35,false,10.737274935748232,1,3743.5425337958936,1.0,1.0
2026-03-22T21:10:07.745-306470-930785,877,false,11.543668360175932,1,3743.5425337958936,1.0,1.0
2026-03-22T21:10:07.745-306470-930785,283,false,3.10221816456602,1,3743.5425337958936,1.0,1.0
2026-03-22T21:10:07.745-306470-930785,228,false,2.699790914211555,1,3743.5425337958936,1.0,1.0
2026-03-22T21:10:07.745-306470-930785,498,false,0.39897788561502173,1,3743.5425337958936,1.0,1.0
2026-03-22T21:10:07.745-306470-930785,941,false,11.162332863970775,1,3743.5425337958936,1.0,1.0
2026-03-22T21:10:07.745-306470-930785,761,false,13.365955300333436,1,3743.5425337958936,1.0,1.0
2026-03-22T21:10:07.745-306470-930785,826,false,4.200589209709803,1,3743.5425337958936,1.0,1.0
2026-03-22T21:10:07.745-306470-930785,471,false,0.07242167686288571,1,3743.5425337958936,1.0,1.0
2026-03-22T21:10:07.745-306470-930785,313,true,5.9063662920768545,1,3737.636167503817,1.0,0.687
2026-03-22T21:10:07.745-306470-930785,914,false,0.26738008621909565,1,3737.636167503817,1.0,1.0
2026-03-22T21:10:07.745-306470-930785,855,true,0.24158846644834864,1,3737.3945790373687,1.0,0.836
2026-03-22T21:10:07.745-306470-930785,169,false,0.3118177453300579,1,3737.3945790373687,1.0,1.0
2026-03-22T21:10:07.745-306470-930785,797,true,0.49509673978179886,1,3736.899482297587,1.0,0.7150000000000001
2026-03-22T21:10:07.745-306470-930785,839,false,4.757966496905932,1,3736.899482297587,1.0,1.0
2026-03-22T21:10:07.745-306470-930785,45,false,6.039441871695574,1,3736.899482297587,1.0,1.0
2026-03-22T21:10:07.745-306470-930785,504,false,4.010683042633171,1,3736.899482297587,1.0,1.0
2026-03-22T21:10:07.745-306470-930785,408,false,265.57031748078276,1,3736.899482297587,1.0,1.0
2026-03-22T21:10:07.745-306470-930785,414,false,4.237111267138292,1,3736.899482297587,1.0,1.0
2026-03-22T21:10:07.745-306470-930785,85,false,46.11494050697065,1,3736.899482297587,1.0,1.0
2026-03-22T21:10:07.745-306470-930785,197,false,6.8164679148047105,1,3736.899482297587,1.0,1.0
2026-03-22T21:10:07.745-306470-930785,401,false,0.1732070283031552,1,3736.899482297587,1.0,1.0
2026-03-22T21:10:07.745-306470-930785,368,false,0.5905287580238531,1,3736.899482297587,1.0,1.0
2026-03-22T21:10:07.745-306470-930785,37,false,0.14364650480864144,1,3736.899482297587,1.0,1.0
2026-03-22T21:10:07.745-306470-930785,7,false,2.790811243716747,1,3736.899482297587,1.0,1.0
2026-03-22T21:10:07.745-306470-930785,997,false,2.4631875252889692,1,3736.899482297587,1.0,1.0
2026-03-22T21:10:07.745-306470-930785,4,false,22.36948429031452,1,3736.899482297587,1.0,1.0
2026-03-22T21:10:07.745-306470-930785,435,true,2.1032155045660823,1,3734.796266793021,1.0,0.6890000000000001
2026-03-22T21:10:07.745-306470-930785,831,false,14.817893433254396,1,3734.796266793021,1.0,1.0
2026-03-22T21:10:07.745-306470-930785,637,false,0.5172110881001936,1,3734.796266793021,1.0,1.0
2026-03-22T21:10:07.745-306470-930785,759,false,0.43465359638295537,1,3734.796266793021,1.0,1.0
2026-03-22T21:10:07.745-306470-930785,118,false,27.778138912022158,1,3734.796266793021,1.0,1.0
2026-03-22T21:10:07.745-306470-930785,608,false,56.23389347491748,1,3734.796266793021,1.0,1.0
2026-03-22T21:10:07.745-306470-930785,82,false,4.67272288092273,1,3734.796266793021,1.0,1.0
2026-03-22T21:10:07.745-306470-930785,921,false,0.5726227900955622,1,3734.796266793021,1.0,1.0
2026-03-22T21:10:07.745-306470-930785,100,false,5.76893769850646,1,3734.796266793021,1.0,1.0
2026-03-22T21:10:07.745-306470-930785,737,false,5.370482639721943,1,3734.796266793021,1.0,1.0
2026-03-22T21:10:07.745-306470-930785,609,false,1.1705091891274433,1,3734.796266793021,1.0,1.0
2026-03-22T21:10:07.745-306470-930785,254,false,2.134640903563689,1,3734.796266793021,1.0,1.0
2026-03-22T21:10:07.745-306470-930785,428,false,263.356938624043,1,3734.796266793021,1.0,1.0
2026-03-22T21:10:07.745-306470-930785,331,false,55.4498312744133,1,3734.796266793021,1.0,1.0
2026-03-22T21:10:07.745-306470-930785,257,false,0.12791814586934652,1,3734.796266793021,1.0,1.0
2026-03-22T21:10:07.745-306470-930785,291,false,14.261924266232784,1,3734.796266793021,1.0,1.0
2026-03-22T21:10:07.745-306470-930785,234,false,1.4434501919333789,1,3734.796266793021,1.0,1.0
2026-03-22T21:10:07.745-306470-930785,717,false,0.17889547384518759,1,3734.796266793021,1.0,1.0
2026-03-22T21:10:07.745-306470-930785,224,false,2.843829760780233,1,3734.796266793021,1.0,1.0
2026-03-22T21:10:07.745-306470-930785,132,false,1.8563315653596355,1,3734.796266793021,1.0,1.0
2026-03-22T21:10:07.745-306470-930785,269,false,0.9723370566230961,1,3734.796266793021,1.0,1.0
2026-03-22T21:10:07.745-306470-930785,549,false,3.940423103920218,1,3734.796266793021,1.0,1.0
2026-03-22T21:10:07.745-306470-930785,80,false,2.209819087762252,1,3734.796266793021,1.0,1.0
2026-03-22T21:10:07.745-306470-930785,535,false,2.061778957309091,1,3734.796266793021,1.0,1.0
2026-03-22T21:10:07.745-306470-930785,325,false,0.21457795204963082,1,3734.796266793021,1.0,1.0
2026-03-22T21:10:07.745-306470-930785,474,false,0.2623645109102727,1,3734.796266793021,1.0,1.0
2026-03-22T21:10:07.745-306470-930785,918,false,0.7484230400420523,1,3734.796266793021,1.0,1.0
2026-03-22T21:10:07.745-306470-930785,940,false,3.0392399652256987,1,3734.796266793021,1.0,1.0
2026-03-22T21:10:07.745-306470-930785,104,false,3.172921096196889,1,3734.796266793021,1.0,1.0
2026-03-22T21:10:07.745-306470-930785,275,false,0.270303774782326,1,3734.796266793021,1.0,1.0
2026-03-22T21:10:07.745-306470-930785,389,false,1.229662745039511,1,3734.796266793021,1.0,1.0
2026-03-22T21:10:07.745-306470-930785,322,false,0.8045080263637386,1,3734.796266793021,1.0,1.0
2026-03-22T21:10:07.745-306470-930785,219,true,0.43789551561015605,1,3734.3583712774107,1.0,0.834
2026-03-22T21:10:07.745-306470-930785,328,false,93.13718534472517,1,3734.3583712774107,1.0,1.0
2026-03-22T21:10:07.745-306470-930785,567,false,1.5564395464793461,1,3734.3583712774107,1.0,1.0
2026-03-22T21:10:07.745-306470-930785,528,false,3.986495985669932,1,3734.3583712774107,1.0,1.0
2026-03-22T21:10:07.745-306470-930785,174,false,0.023885703285328973,1,3734.3583712774107,1.0,1.0
2026-03-22T21:10:07.745-306470-930785,993,false,3.9245406743142945,1,3734.3583712774107,1.0,1.0
2026-03-22T21:10:07.745-306470-930785,711,false,13.269979292922441,1,3734.3583712774107,1.0,1.0
2026-03-22T21:10:07.745-306470-930785,346,true,2.609275173272096,1,3731.7490961041385,1.0,0.83
2026-03-22T21:10:07.745-306470-930785,580,false,5.337420974182477,1,3731.7490961041385,1.0,1.0
2026-03-22T21:10:07.745-306470-930785,398,false,1.003428576904679,1,3731.7490961041385,1.0,1.0
2026-03-22T21:10:07.745-306470-930785,689,false,0.12853849235622625,1,3731.7490961041385,1.0,1.0
2026-03-22T21:10:07.745-306470-930785,966,false,0.4250529227303376,1,3731.7490961041385,1.0,1.0
2026-03-22T21:10:07.745-306470-930785,905,false,0.29574065200592026,1,3731.7490961041385,1.0,1.0
2026-03-22T21:10:07.745-306470-930785,208,false,1.792909346771138,1,3731.7490961041385,1.0,1.0
2026-03-22T21:10:07.745-306470-930785,50,false,68.60405851173981,1,3731.7490961041385,1.0,1.0
2026-03-22T21:10:07.745-306470-930785,860,false,2.8406231693872837,1,3731.7490961041385,1.0,1.0
2026-03-22T21:10:07.745-306470-930785,281,false,0.2556606223992947,1,3731.7490961041385,1.0,1.0
2026-03-22T21:10:07.745-306470-930785,891,false,5.7127060065298085,1,3731.7490961041385,1.0,1.0
2026-03-22T21:10:07.745-306470-930785,255,false,8.680903616536261,1,3731.7490961041385,1.0,1.0
2026-03-22T21:10:07.745-306470-930785,343,true,3.2888138402112763,1,3728.460282263927,1.0,0.0020000000000000018
2026-03-22T21:10:07.745-306470-930785,509,false,8.36905532157308,1,3728.460282263927,1.0,1.0
2026-03-22T21:10:07.745-306470-930785,880,false,11.247131095153183,1,3728.460282263927,1.0,1.0
2026-03-22T21:10:07.745-306470-930785,172,false,1.61324112898815,1,3728.460282263927,1.0,1.0
2026-03-22T21:10:07.745-306470-930785,692,false,7.9291455057924445,1,3728.460282263927,1.0,1.0
2026-03-22T21:10:07.745-306470-930785,731,false,3.001995721241173,1,3728.460282263927,1.0,1.0
2026-03-22T21:10:07.745-306470-930785,579,false,1.8953827604500444,1,3728.460282263927,1.0,1.0
2026-03-22T21:10:07.745-306470-930785,110,false,1.316870391872028,1,3728.460282263927,1.0,1.0
2026-03-22T21:10:07.745-306470-930785,493,false,15.244693019097742,1,3728.460282263927,1.0,1.0
2026-03-22T21:10:07.745-306470-930785,892,false,2.401251665979939,1,3728.460282263927,1.0,1.0
2026-03-22T21:10:07.745-306470-930785,240,false,7.903160574939918,1,3728.460282263927,1.0,1.0
2026-03-22T21:10:07.745-306470-930785,117,false,26.550821844845046,1,3728.460282263927,1.0,1.0
2026-03-22T21:10:07.745-306470-930785,901,false,70.20552919992775,1,3728.460282263927,1.0,1.0
2026-03-22T21:10:07.745-306470-930785,722,false,0.6990835742473335,1,3728.460282263927,1.0,1.0
2026-03-22T21:10:07.745-306470-930785,893,false,1.8477395156371386,1,3728.460282263927,1.0,1.0
2026-03-22T21:10:07.745-306470-930785,710,false,8.137221673065644,1,3728.460282263927,1.0,1.0
2026-03-22T21:10:07.745-306470-930785,410,false,1.3595676790607456,1,3728.460282263927,1.0,1.0
2026-03-22T21:10:07.745-306470-930785,318,false,2.9232620207098416,1,3728.460282263927,1.0,1.0
2026-03-22T21:10:07.745-306470-930785,73,false,0.09283470484586283,1,3728.460282263927,1.0,1.0
2026-03-22T21:10:07.745-306470-930785,103,false,1.969947385342843,1,3728.460282263927,1.0,1.0
2026-03-22T21:10:07.745-306470-930785,536,false,9.22690854628826,1,3728.460282263927,1.0,1.0
2026-03-22T21:10:07.745-306470-930785,702,false,6.953843122723019,1,3728.460282263927,1.0,1.0
2026-03-22T21:10:07.745-306470-930785,280,false,0.12462827129233894,1,3728.460282263927,1.0,1.0
2026-03-22T21:10:07.745-306470-930785,426,false,197.3301761081437,1,3728.460282263927,1.0,1.0
2026-03-22T21:10:07.745-306470-930785,963,true,5.685757082300936,1,3722.7745251816264,1.0,0.8180000000000001
2026-03-22T21:10:07.745-306470-930785,54,false,213.80730142966007,1,3722.7745251816264,1.0,1.0
2026-03-22T21:10:07.745-306470-930785,479,false,0.19130410638430131,1,3722.7745251816264,1.0,1.0
2026-03-22T21:10:07.745-306470-930785,130,false,64.14696482415461,1,3722.7745251816264,1.0,1.0
2026-03-22T21:10:07.745-306470-930785,11,false,7.753841956520938,1,3722.7745251816264,1.0,1.0
2026-03-22T21:10:07.745-306470-930785,946,false,3.681442031655626,1,3722.7745251816264,1.0,1.0
2026-03-22T21:10:07.745-306470-930785,115,false,60.039473450443445,1,3722.7745251816264,1.0,1.0
2026-03-22T21:10:07.745-306470-930785,409,false,1.3471430865061305,1,3722.7745251816264,1.0,1.0
2026-03-22T21:10:07.745-306470-930785,168,false,4.681586517462168,1,3722.7745251816264,1.0,1.0
2026-03-22T21:10:07.745-306470-930785,507,false,0.8369596877403958,1,3722.7745251816264,1.0,1.0
2026-03-22T21:10:07.745-306470-930785,828,false,0.39307623735580344,1,3722.7745251816264,1.0,1.0
2026-03-22T21:10:07.745-306470-930785,74,false,13.33227752214652,1,3722.7745251816264,1.0,1.0
2026-03-22T21:10:07.745-306470-930785,160,false,0.04206598492700165,1,3722.7745251816264,1.0,1.0
2026-03-22T21:10:07.745-306470-930785,977,true,9.583846292976249,1,3713.19067888865,1.0,0.692
2026-03-22T21:10:07.745-306470-930785,266,false,0.6062314959080751,1,3713.19067888865,1.0,1.0
2026-03-22T21:10:07.745-306470-930785,970,false,0.23665250643158078,1,3713.19067888865,1.0,1.0
2026-03-22T21:10:07.745-306470-930785,663,false,2.6589974846025775,1,3713.19067888865,1.0,1.0
2026-03-22T21:10:07.745-306470-930785,487,false,4.3550466873767055,1,3713.19067888865,1.0,1.0
2026-03-22T21:10:07.745-306470-930785,779,false,5.220473987851645,1,3713.19067888865,1.0,1.0
2026-03-22T21:10:07.745-306470-930785,909,false,3.0329622570126524,1,3713.19067888865,1.0,1.0
2026-03-22T21:10:07.745-306470-930785,653,false,26.027395402321655,1,3713.19067888865,1.0,1.0
2026-03-22T21:10:07.745-306470-930785,821,false,22.4809317296092,1,3713.19067888865,1.0,1.0
2026-03-22T21:10:07.745-306470-930785,88,true,0.9538390977761277,1,3712.236839790874,1.0,0.823
2026-03-22T21:10:07.745-306470-930785,128,false,194.05793048972942,1,3712.236839790874,1.0,1.0
2026-03-22T21:10:07.745-306470-930785,233,false,1.2325526399242597,1,3712.236839790874,1.0,1.0
2026-03-22T21:10:07.745-306470-930785,698,false,1.0847945747594332,1,3712.236839790874,1.0,1.0
2026-03-22T21:10:07.745-306470-930785,513,false,41.63453543426569,1,3712.236839790874,1.0,1.0
2026-03-22T21:10:07.745-306470-930785,512,false,0.8875292698935728,1,3712.236839790874,1.0,1.0
2026-03-22T21:10:07.745-306470-930785,942,false,0.9699990236057043,1,3712.236839790874,1.0,1.0
2026-03-22T21:10:07.745-306470-930785,810,false,9.277713842999182,1,3712.236839790874,1.0,1.0
2026-03-22T21:10:07.745-306470-930785,213,true,2.6741927807881103,1,3709.562647010086,1.0,0.6930000000000001
2026-03-22T21:10:07.745-306470-930785,171,false,6.698158723421939,1,3709.562647010086,1.0,1.0
2026-03-22T21:10:07.745-306470-930785,763,false,113.8241939449071,1,3709.562647010086,1.0,1.0
2026-03-22T21:10:07.745-306470-930785,267,false,19.610520469650584,1,3709.562647010086,1.0,1.0
2026-03-22T21:10:07.745-306470-930785,991,false,2.6586106948657435,1,3709.562647010086,1.0,1.0
2026-03-22T21:10:07.745-306470-930785,566,false,1.9341332479350974,1,3709.562647010086,1.0,1.0
2026-03-22T21:10:07.745-306470-930785,843,false,26.19013212215437,1,3709.562647010086,1.0,1.0
2026-03-22T21:10:07.745-306470-930785,906,false,1.3986470920008298,1,3709.562647010086,1.0,1.0
2026-03-22T21:10:07.745-306470-930785,764,false,4.005841278366793,1,3709.562647010086,1.0,1.0
2026-03-22T21:10:07.745-306470-930785,330,false,0.7774805105994698,1,3709.562647010086,1.0,1.0
2026-03-22T21:10:07.745-306470-930785,46,false,1.3882501355943115,1,3709.562647010086,1.0,1.0
2026-03-22T21:10:07.745-306470-930785,903,false,4.657769333748462,1,3709.562647010086,1.0,1.0
2026-03-22T21:10:07.745-306470-930785,482,false,4.560746185875722,1,3709.562647010086,1.0,1.0
2026-03-22T21:10:07.745-306470-930785,441,false,0.37470476623936966,1,3709.562647010086,1.0,1.0
2026-03-22T21:10:07.745-306470-930785,753,false,0.11391520726364249,1,3709.562647010086,1.0,1.0
2026-03-22T21:10:07.745-306470-930785,936,false,1.329619910596033,1,3709.562647010086,1.0,1.0
2026-03-22T21:10:07.745-306470-930785,475,true,0.9220196145048055,1,3708.6406273955813,1.0,0.999
2026-03-22T21:10:07.745-306470-930785,630,false,0.13539340587402596,1,3708.6406273955813,1.0,1.0
2026-03-22T21:10:07.745-306470-930785,824,false,0.3435134803859159,1,3708.6406273955813,1.0,1.0
2026-03-22T21:10:07.745-306470-930785,305,false,3.3417503689299273,1,3708.6406273955813,1.0,1.0
2026-03-22T21:10:07.745-306470-930785,871,false,2.431989121827234,1,3708.6406273955813,1.0,1.0
2026-03-22T21:10:07.745-306470-930785,668,false,4.267785776539625,1,3708.6406273955813,1.0,1.0
2026-03-22T21:10:07.745-306470-930785,442,false,0.9109675938963316,1,3708.6406273955813,1.0,1.0
2026-03-22T21:10:07.745-306470-930785,756,false,11.782319898525492,1,3708.6406273955813,1.0,1.0
2026-03-22T21:10:07.745-306470-930785,376,false,1.4164497349753509,1,3708.6406273955813,1.0,1.0
2026-03-22T21:10:07.745-306470-930785,243,false,34.855838661331745,1,3708.6406273955813,1.0,1.0
2026-03-22T21:10:07.745-306470-930785,639,false,0.38446739024827337,1,3708.6406273955813,1.0,1.0
2026-03-22T21:10:07.745-306470-930785,193,false,9.681419557998568,1,3708.6406273955813,1.0,1.0
2026-03-22T21:10:07.745-306470-930785,596,false,36.47793386727565,1,3708.6406273955813,1.0,1.0
2026-03-22T21:10:07.745-306470-930785,822,false,6.965147211178522,1,3708.6406273955813,1.0,1.0
2026-03-22T21:10:07.745-306470-930785,124,false,5.520069765142573,1,3708.6406273955813,1.0,1.0
2026-03-22T21:10:07.745-306470-930785,201,false,10.152704244633808,1,3708.6406273955813,1.0,1.0
2026-03-22T21:10:07.745-306470-930785,959,false,0.643815378374547,1,3708.6406273955813,1.0,1.0
2026-03-22T21:10:07.745-306470-930785,422,false,0.760514262982967,1,3708.6406273955813,1.0,1.0
2026-03-22T21:10:07.745-306470-930785,241,false,0.9890214580030023,1,3708.6406273955813,1.0,1.0
2026-03-22T21:10:07.745-306470-930785,874,false,51.43370886852584,1,3708.6406273955813,1.0,1.0
2026-03-22T21:10:07.745-306470-930785,484,false,0.20896894628420426,1,3708.6406273955813,1.0,1.0
2026-03-22T21:10:07.745-306470-930785,594,false,2.3526626412718157,1,3708.6406273955813,1.0,1.0
2026-03-22T21:10:07.745-306470-930785,588,false,5.305189736309646,1,3708.6406273955813,1.0,1.0
2026-03-22T21:10:07.745-306470-930785,227,false,0.12279519773609965,1,3708.6406273955813,1.0,1.0
2026-03-22T21:10:07.745-306470-930785,421,false,0.12008858538897693,1,3708.6406273955813,1.0,1.0
2026-03-22T21:10:07.745-306470-930785,137,false,0.037451495759419653,1,3708.6406273955813,1.0,1.0
2026-03-22T21:10:07.745-306470-930785,182,false,5.257447026219733,1,3708.6406273955813,1.0,1.0
2026-03-22T21:10:07.745-306470-930785,662,false,6.734476280565104,1,3708.6406273955813,1.0,1.0
2026-03-22T21:10:07.745-306470-930785,873,false,4.36392170278445,1,3708.6406273955813,1.0,1.0
2026-03-22T21:10:07.745-306470-930785,333,false,68.01633407807812,1,3708.6406273955813,1.0,1.0
2026-03-22T21:10:07.745-306470-930785,697,false,1.3360739701188817,1,3708.6406273955813,1.0,1.0
2026-03-22T21:10:07.745-306470-930785,44,false,8.854124472756025,1,3708.6406273955813,1.0,1.0
2026-03-22T21:10:07.745-306470-930785,47,false,11.43265242967136,1,3708.6406273955813,1.0,1.0
2026-03-22T21:10:07.745-306470-930785,237,false,3.6831651102694862,1,3708.6406273955813,1.0,1.0
2026-03-22T21:10:07.745-306470-930785,342,true,6.2557777943878055,1,3702.3848496011933,1.0,0.040000000000000036
2026-03-22T21:10:07.745-306470-930785,371,false,1.592932722278015,1,3702.3848496011933,1.0,1.0
2026-03-22T21:10:07.745-306470-930785,707,false,15.027442065047188,1,3702.3848496011933,1.0,1.0
2026-03-22T21:10:07.745-306470-930785,32,false,0.820641250999208,1,3702.3848496011933,1.0,1.0
2026-03-22T21:10:07.745-306470-930785,215,false,0.1387281972921988,1,3702.3848496011933,1.0,1.0
2026-03-22T21:10:07.745-306470-930785,60,false,10.357140109420689,1,3702.3848496011933,1.0,1.0
2026-03-22T21:10:07.745-306470-930785,109,false,26.068164709130368,1,3702.3848496011933,1.0,1.0
2026-03-22T21:10:07.745-306470-930785,210,true,29.169955904240016,1,3673.2148936969534,1.0,0.681
2026-03-22T21:10:07.745-306470-930785,55,false,8.14738860732044,1,3673.2148936969534,1.0,1.0
2026-03-22T21:10:07.745-306470-930785,922,false,12.961370313864427,1,3673.2148936969534,1.0,1.0
2026-03-22T21:10:07.745-306470-930785,796,true,5.296841494322285,1,3667.918052202631,1.0,0.692
2026-03-22T21:10:07.745-306470-930785,499,false,9.072092131826626,1,3667.918052202631,1.0,1.0
2026-03-22T21:10:07.745-306470-930785,245,false,0.8704468590938073,1,3667.918052202631,1.0,1.0
2026-03-22T21:10:07.745-306470-930785,495,false,6.666477065171741,1,3667.918052202631,1.0,1.0
2026-03-22T21:10:07.745-306470-930785,81,false,3.6083161831112225,1,3667.918052202631,1.0,1.0
2026-03-22T21:10:07.745-306470-930785,303,false,0.3373616074628009,1,3667.918052202631,1.0,1.0
2026-03-22T21:10:07.745-306470-930785,196,false,17.07845852510467,1,3667.918052202631,1.0,1.0
2026-03-22T21:10:07.745-306470-930785,677,false,20.08754400058449,1,3667.918052202631,1.0,1.0
2026-03-22T21:10:07.745-306470-930785,730,false,18.50302348932452,1,3667.918052202631,1.0,1.0
2026-03-22T21:10:07.745-306470-930785,998,false,5.8026952326215016,1,3667.918052202631,1.0,1.0
2026-03-22T21:10:07.745-306470-930785,62,false,0.1864472605664568,1,3667.918052202631,1.0,1.0
2026-03-22T21:10:07.745-306470-930785,760,false,27.416805130659355,1,3667.918052202631,1.0,1.0
2026-03-22T21:10:07.745-306470-930785,424,false,1.6530043602630484,1,3667.918052202631,1.0,1.0
2026-03-22T21:10:07.745-306470-930785,726,false,39.70854219136529,1,3667.918052202631,1.0,1.0
2026-03-22T21:10:07.745-306470-930785,989,false,0.4459566783688995,1,3667.918052202631,1.0,1.0
2026-03-22T21:10:07.745-306470-930785,334,false,75.55138600401311,1,3667.918052202631,1.0,1.0
2026-03-22T21:10:07.745-306470-930785,407,false,5.949616937385515,1,3667.918052202631,1.0,1.0
2026-03-22T21:10:07.745-306470-930785,598,false,0.6895840117945236,1,3667.918052202631,1.0,1.0
2026-03-22T21:10:07.745-306470-930785,514,false,1.9506934811605745,1,3667.918052202631,1.0,1.0
2026-03-22T21:10:07.745-306470-930785,709,false,30.050982787268495,1,3667.918052202631,1.0,1.0
2026-03-22T21:10:07.745-306470-930785,434,true,29.324527484708423,1,3638.5935247179223,1.0,0.0050000000000000044
2026-03-22T21:10:07.745-306470-930785,357,false,56.71188884667507,1,3638.5935247179223,1.0,1.0
2026-03-22T21:10:07.745-306470-930785,887,false,9.903864338796097,1,3638.5935247179223,1.0,1.0
2026-03-22T21:10:07.745-306470-930785,861,false,6.659165150966899,1,3638.5935247179223,1.0,1.0
2026-03-22T21:10:07.745-306470-930785,315,true,1.6115581621716508,1,3636.9819665557507,1.0,0.0010000000000000009
2026-03-22T21:10:07.745-306470-930785,98,false,0.4453519758787108,1,3636.9819665557507,1.0,1.0
2026-03-22T21:10:07.745-306470-930785,919,false,1.1224616398929435,1,3636.9819665557507,1.0,1.0
2026-03-22T21:10:07.745-306470-930785,551,false,0.5623048452335656,1,3636.9819665557507,1.0,1.0
2026-03-22T21:10:07.745-306470-930785,52,false,19.609636278335095,1,3636.9819665557507,1.0,1.0
2026-03-22T21:10:07.745-306470-930785,793,true,6.76797976007192,1,3630.213986795679,1.0,0.6719999999999999
2026-03-22T21:10:07.745-306470-930785,672,false,0.17579732846357368,1,3630.213986795679,1.0,1.0
2026-03-22T21:10:07.745-306470-930785,999,false,3.425707161192764,1,3630.213986795679,1.0,1.0
2026-03-22T21:10:07.745-306470-930785,814,false,0.02692997122331092,1,3630.213986795679,1.0,1.0
2026-03-22T21:10:07.745-306470-930785,306,false,3.6229227164019027,1,3630.213986795679,1.0,1.0
2026-03-22T21:10:07.745-306470-930785,583,false,0.47255342084547347,1,3630.213986795679,1.0,1.0
2026-03-22T21:10:07.745-306470-930785,161,false,2.48590681174818,1,3630.213986795679,1.0,1.0
2026-03-22T21:10:07.745-306470-930785,833,false,6.8823472215605,1,3630.213986795679,1.0,1.0
2026-03-22T21:10:07.745-306470-930785,948,false,12.695537873810968,1,3630.213986795679,1.0,1.0
2026-03-22T21:10:07.745-306470-930785,553,false,0.46624206340715785,1,3630.213986795679,1.0,1.0
2026-03-22T21:10:07.745-306470-930785,678,false,7.3517981556511725,1,3630.213986795679,1.0,1.0
2026-03-22T21:10:07.745-306470-930785,619,false,4.36996564196784,1,3630.213986795679,1.0,1.0
2026-03-22T21:10:07.745-306470-930785,691,false,6.938635260816487,1,3630.213986795679,1.0,1.0
2026-03-22T21:10:07.745-306470-930785,207,true,1.48742087613154,1,3628.7265659195473,1.0,0.819
2026-03-22T21:10:07.745-306470-930785,829,false,0.32931524263334905,1,3628.7265659195473,1.0,1.0
2026-03-22T21:10:07.745-306470-930785,300,false,37.505580757926985,1,3628.7265659195473,1.0,1.0
2026-03-22T21:10:07.745-306470-930785,885,false,0.6516343065686077,1,3628.7265659195473,1.0,1.0
2026-03-22T21:10:07.745-306470-930785,986,false,0.36403196262857884,1,3628.7265659195473,1.0,1.0
2026-03-22T21:10:07.745-306470-930785,657,false,0.5431202430252028,1,3628.7265659195473,1.0,1.0
2026-03-22T21:10:07.745-306470-930785,734,false,36.42537221817004,1,3628.7265659195473,1.0,1.0
2026-03-22T21:10:07.745-306470-930785,883,false,5.230523584213893,1,3628.7265659195473,1.0,1.0
2026-03-22T21:10:07.745-306470-930785,12,false,3.5121230191551143,1,3628.7265659195473,1.0,1.0
2026-03-22T21:10:07.745-306470-930785,321,false,0.9213799222847443,1,3628.7265659195473,1.0,1.0
2026-03-22T21:10:07.745-306470-930785,628,false,2.294343606052729,1,3628.7265659195473,1.0,1.0
2026-03-22T21:10:07.745-306470-930785,242,false,31.955139352201353,1,3628.7265659195473,1.0,1.0
2026-03-22T21:10:07.745-306470-930785,569,false,1.7126653477618026,1,3628.7265659195473,1.0,1.0
2026-03-22T21:10:07.745-306470-930785,533,false,0.31064950490456106,1,3628.7265659195473,1.0,1.0
2026-03-22T21:10:07.745-306470-930785,309,true,32.822872226179186,1,3595.903693693368,1.0,0.833
2026-03-22T21:10:07.745-306470-930785,111,false,1.9777600701257851,1,3595.903693693368,1.0,1.0
2026-03-22T21:10:07.745-306470-930785,984,false,18.274317799026775,1,3595.903693693368,1.0,1.0
2026-03-22T21:10:07.745-306470-930785,250,false,7.37999416540718,1,3595.903693693368,1.0,1.0
2026-03-22T21:10:07.745-306470-930785,373,false,7.639331817631423,1,3595.903693693368,1.0,1.0
2026-03-22T21:10:07.745-306470-930785,738,false,0.18513430661191693,1,3595.903693693368,1.0,1.0
2026-03-22T21:10:07.745-306470-930785,747,false,0.16325577720000348,1,3595.903693693368,1.0,1.0
2026-03-22T21:10:07.745-306470-930785,282,false,7.46294583037329,1,3595.903693693368,1.0,1.0
2026-03-22T21:10:07.745-306470-930785,837,false,0.12762013050280652,1,3595.903693693368,1.0,1.0
2026-03-22T21:10:07.745-306470-930785,145,true,0.9354604183039126,1,3594.968233275064,1.0,0.6930000000000001
2026-03-22T21:10:07.745-306470-930785,642,false,0.5298972899506708,1,3594.968233275064,1.0,1.0
2026-03-22T21:10:07.745-306470-930785,812,false,17.6514482091894,1,3594.968233275064,1.0,1.0
2026-03-22T21:10:07.745-306470-930785,825,false,1.5907161102492082,1,3594.968233275064,1.0,1.0
2026-03-22T21:10:07.745-306470-930785,490,false,8.792594602435985,1,3594.968233275064,1.0,1.0
2026-03-22T21:10:07.745-306470-930785,84,true,0.2576040109632174,1,3594.7106292641006,1.0,0.999
2026-03-22T21:10:07.745-306470-930785,236,false,0.467543936738564,1,3594.7106292641006,1.0,1.0
2026-03-22T21:10:07.745-306470-930785,451,false,4.529763192042366,1,3594.7106292641006,1.0,1.0
2026-03-22T21:10:07.745-306470-930785,433,true,25.562874486511824,1,3569.147754777589,1.0,0.0
2026-03-22T21:10:07.745-306470-930785,968,false,10.487062002740053,1,3569.147754777589,1.0,1.0
2026-03-22T21:10:07.745-306470-930785,927,false,4.545312483805656,1,3569.147754777589,1.0,1.0
2026-03-22T21:10:07.745-306470-930785,570,false,5.710743400178645,1,3569.147754777589,1.0,1.0
2026-03-22T21:10:07.745-306470-930785,358,false,0.22815335559055275,1,3569.147754777589,1.0,1.0
2026-03-22T21:10:07.745-306470-930785,214,true,0.3226165757662237,1,3568.825138201823,1.0,0.0
2026-03-22T21:10:07.745-306470-930785,304,false,1.3460947487518098,1,3568.825138201823,1.0,1.0
2026-03-22T21:10:07.745-306470-930785,525,false,13.170145849354038,1,3568.825138201823,1.0,1.0
2026-03-22T21:10:07.745-306470-930785,943,false,3.8549215553721528,1,3568.825138201823,1.0,1.0
2026-03-22T21:10:07.745-306470-930785,157,false,0.014879650496411602,1,3568.825138201823,1.0,1.0
2026-03-22T21:10:07.745-306470-930785,809,false,18.294203073861453,1,3568.825138201823,1.0,1.0
2026-03-22T21:10:07.745-306470-930785,842,false,4.76612426918816,1,3568.825138201823,1.0,1.0
2026-03-22T21:10:07.745-306470-930785,681,false,119.81483285254616,1,3568.825138201823,1.0,1.0
2026-03-22T21:10:07.745-306470-930785,212,true,17.9988619426128,1,3550.8262762592103,1.0,0.0
2026-03-22T21:10:07.745-306470-930785,299,false,2.0013570718939278,1,3550.8262762592103,1.0,1.0
2026-03-22T21:10:07.745-306470-930785,393,false,0.07646584713331535,1,3550.8262762592103,1.0,1.0
2026-03-22T21:10:07.745-306470-930785,867,false,0.22015592607064807,1,3550.8262762592103,1.0,1.0
2026-03-22T21:10:07.745-306470-930785,120,false,72.96060585941831,1,3550.8262762592103,1.0,1.0
2026-03-22T21:10:07.745-306470-930785,524,false,0.49723989499261106,1,3550.8262762592103,1.0,1.0
2026-03-22T21:10:07.745-306470-930785,152,false,9.22330204220396,1,3550.8262762592103,1.0,1.0
2026-03-22T21:10:07.745-306470-930785,638,false,28.20147739060569,1,3550.8262762592103,1.0,1.0
2026-03-22T21:10:07.745-306470-930785,740,false,0.2690063508953757,1,3550.8262762592103,1.0,1.0
2026-03-22T21:10:07.745-306470-930785,121,false,3.469653042365534,1,3550.8262762592103,1.0,1.0
2026-03-22T21:10:07.745-306470-930785,469,false,2.463492009869665,1,3550.8262762592103,1.0,1.0
2026-03-22T21:10:07.745-306470-930785,107,false,0.8673396220707928,1,3550.8262762592103,1.0,1.0
2026-03-22T21:10:07.745-306470-930785,688,false,0.20622507655104916,1,3550.8262762592103,1.0,1.0
2026-03-22T21:10:07.745-306470-930785,492,false,0.7257138520671801,1,3550.8262762592103,1.0,1.0
2026-03-22T21:10:07.745-306470-930785,532,false,0.2636828702720477,1,3550.8262762592103,1.0,1.0
2026-03-22T21:10:07.745-306470-930785,651,false,0.42976758268191695,1,3550.8262762592103,1.0,1.0
2026-03-22T21:10:07.745-306470-930785,188,false,40.21729546529981,1,3550.8262762592103,1.0,1.0
2026-03-22T21:10:07.745-306470-930785,125,false,12.067762227650917,1,3550.8262762592103,1.0,1.0
2026-03-22T21:10:07.745-306470-930785,461,false,30.774600582124464,1,3550.8262762592103,1.0,1.0
2026-03-22T21:10:07.745-306470-930785,352,false,0.15009157396379322,1,3550.8262762592103,1.0,1.0
2026-03-22T21:10:07.745-306470-930785,859,false,1.0153092442637313,1,3550.8262762592103,1.0,1.0
2026-03-22T21:10:07.745-306470-930785,369,false,0.5676788391315555,1,3550.8262762592103,1.0,1.0
2026-03-22T21:10:07.745-306470-930785,939,false,4.332690066116355,1,3550.8262762592103,1.0,1.0
2026-03-22T21:10:07.745-306470-930785,362,false,77.82326948480298,1,3550.8262762592103,1.0,1.0
2026-03-22T21:10:07.745-306470-930785,990,false,3.151538515606438,1,3550.8262762592103,1.0,1.0
2026-03-22T21:10:07.745-306470-930785,462,false,0.025737997443292387,1,3550.8262762592103,1.0,1.0
2026-03-22T21:10:07.745-306470-930785,93,false,0.3241540922357982,1,3550.8262762592103,1.0,1.0
2026-03-22T21:10:07.745-306470-930785,49,false,33.66189461607885,1,3550.8262762592103,1.0,1.0
2026-03-22T21:10:07.745-306470-930785,432,true,0.7196102942680269,1,3550.1066659649423,1.0,0.0
2026-03-22T21:10:07.745-306470-930785,105,false,0.7399796413956219,1,3550.1066659649423,1.0,1.0
2026-03-22T21:10:07.745-306470-930785,287,false,7.041538259811142,1,3550.1066659649423,1.0,1.0
2026-03-22T21:10:07.745-306470-930785,898,false,0.6061786945836426,1,3550.1066659649423,1.0,1.0
2026-03-22T21:10:07.745-306470-930785,565,false,2.6386581625048846,1,3550.1066659649423,1.0,1.0
2026-03-22T21:10:07.745-306470-930785,510,false,8.704248806404658,1,3550.1066659649423,1.0,1.0
2026-03-22T21:10:07.745-306470-930785,211,true,10.938211865199687,1,3539.1684540997426,1.0,0.0
2026-03-22T21:10:07.745-306470-930785,739,false,0.14238853824410883,1,3539.1684540997426,1.0,1.0
2026-03-22T21:10:07.745-306470-930785,340,true,0.5020613841429944,1,3538.6663927155996,1.0,0.0030000000000000027
2026-03-22T21:10:07.745-306470-930785,89,true,27.771071568774744,1,3510.8953211468247,1.0,0.03300000000000003
2026-03-22T21:10:07.745-306470-930785,308,true,1.2845865823800504,1,3509.6107345644446,1.0,0.8260000000000001
2026-03-22T21:10:07.745-306470-930785,386,false,0.19614331408923752,1,3509.6107345644446,1.0,1.0
2026-03-22T21:10:07.745-306470-930785,51,false,130.55894041465842,1,3509.6107345644446,1.0,1.0
2026-03-22T21:10:07.745-306470-930785,718,false,5.046991946839368,1,3509.6107345644446,1.0,1.0
2026-03-22T21:10:07.745-306470-930785,438,true,23.08407624490266,1,3486.526658319542,1.0,0.0
2026-03-22T21:10:07.745-306470-930785,929,false,5.824285758965627,1,3486.526658319542,1.0,1.0
2026-03-22T21:10:07.745-306470-930785,748,false,3.4663072372929196,1,3486.526658319542,1.0,1.0
2026-03-22T21:10:07.745-306470-930785,978,false,0.05023537806067458,1,3486.526658319542,1.0,1.0
2026-03-22T21:10:07.745-306470-930785,356,false,36.50825415541735,1,3486.526658319542,1.0,1.0
2026-03-22T21:10:07.745-306470-930785,187,false,0.4987077499100146,1,3486.526658319542,1.0,1.0
2026-03-22T21:10:07.745-306470-930785,912,false,3.1860918418629116,1,3486.526658319542,1.0,1.0
2026-03-22T21:10:07.745-306470-930785,591,false,5.1711690693675445,1,3486.526658319542,1.0,1.0
2026-03-22T21:10:07.745-306470-930785,774,false,1.1305009893675895,1,3486.526658319542,1.0,1.0
2026-03-22T21:10:07.745-306470-930785,294,false,0.18483561268491633,1,3486.526658319542,1.0,1.0
2026-03-22T21:10:07.745-306470-930785,323,false,2.899316630931777,1,3486.526658319542,1.0,1.0
2026-03-22T21:10:07.745-306470-930785,384,false,6.236899413638735,1,3486.526658319542,1.0,1.0
2026-03-22T21:10:07.745-306470-930785,222,true,0.546814798643393,1,3485.9798435208986,1.0,0.6779999999999999
2026-03-22T21:10:07.745-306470-930785,899,false,9.116765057183217,1,3485.9798435208986,1.0,1.0
2026-03-22T21:10:07.745-306470-930785,239,false,17.46452097874271,1,3485.9798435208986,1.0,1.0
2026-03-22T21:10:07.745-306470-930785,627,false,9.123117800686904,1,3485.9798435208986,1.0,1.0
2026-03-22T21:10:07.745-306470-930785,931,false,1.2164141362026724,1,3485.9798435208986,1.0,1.0
2026-03-22T21:10:07.745-306470-930785,496,false,0.033642706619330214,1,3485.9798435208986,1.0,1.0
2026-03-22T21:10:07.745-306470-930785,456,false,25.269118763298163,1,3485.9798435208986,1.0,1.0
2026-03-22T21:10:07.745-306470-930785,431,true,9.636878688320458,1,3476.342964832578,1.0,0.0
2026-03-22T21:10:07.745-306470-930785,276,false,0.6457267679141033,1,3476.342964832578,1.0,1.0
2026-03-22T21:10:07.745-306470-930785,666,false,0.6638759988897446,1,3476.342964832578,1.0,1.0
2026-03-22T21:10:07.745-306470-930785,765,false,21.73123682568564,1,3476.342964832578,1.0,1.0
2026-03-22T21:10:07.745-306470-930785,57,false,134.850121560006,1,3476.342964832578,1.0,1.0
2026-03-22T21:10:07.745-306470-930785,928,false,0.3361715159391615,1,3476.342964832578,1.0,1.0
2026-03-22T21:10:07.745-306470-930785,527,false,0.52849916354147,1,3476.342964832578,1.0,1.0
2026-03-22T21:10:07.745-306470-930785,853,true,0.45548754306986455,1,3475.8874772895083,1.0,0.7070000000000001
2026-03-22T21:10:07.745-306470-930785,701,false,2.7656655586551953,1,3475.8874772895083,1.0,1.0
2026-03-22T21:10:07.745-306470-930785,1000,false,21.525046859343657,1,3475.8874772895083,1.0,1.0
2026-03-22T21:10:07.745-306470-930785,522,false,1.5296632965886023,1,3475.8874772895083,1.0,1.0
2026-03-22T21:10:07.745-306470-930785,99,false,2.2062933136101495,1,3475.8874772895083,1.0,1.0
2026-03-22T21:10:07.745-306470-930785,403,false,14.134480708383549,1,3475.8874772895083,1.0,1.0
2026-03-22T21:10:07.745-306470-930785,635,false,0.10948637948770513,1,3475.8874772895083,1.0,1.0
2026-03-22T21:10:07.745-306470-930785,24,false,0.9511169574197609,1,3475.8874772895083,1.0,1.0
2026-03-22T21:10:07.745-306470-930785,789,false,0.05064122161378792,1,3475.8874772895083,1.0,1.0
2026-03-22T21:10:07.745-306470-930785,508,false,5.256645283450104,1,3475.8874772895083,1.0,1.0
2026-03-22T21:10:07.745-306470-930785,258,false,14.854061013060308,1,3475.8874772895083,1.0,1.0
2026-03-22T21:10:07.745-306470-930785,153,false,18.643307029396503,1,3475.8874772895083,1.0,1.0
2026-03-22T21:10:07.745-306470-930785,360,false,43.72239693305552,1,3475.8874772895083,1.0,1.0
2026-03-22T21:10:07.745-306470-930785,850,true,23.68945779329216,1,3452.198019496216,1.0,0.812
2026-03-22T21:10:07.745-306470-930785,585,true,7.176560739474964,1,3445.021458756741,1.0,0.8280000000000001
2026-03-22T21:10:07.745-306470-930785,715,false,0.5805359586762262,1,3445.021458756741,1.0,1.0
2026-03-22T21:10:07.745-306470-930785,231,false,0.04014570693798341,1,3445.021458756741,1.0,1.0
2026-03-22T21:10:07.745-306470-930785,417,false,69.99531840381661,1,3445.021458756741,1.0,1.0
2026-03-22T21:10:07.745-306470-930785,938,false,3.989804451530277,1,3445.021458756741,1.0,1.0
2026-03-22T21:10:07.745-306470-930785,862,false,94.23198725104551,1,3445.021458756741,1.0,1.0
2026-03-22T21:10:07.745-306470-930785,68,false,135.37332318380902,1,3445.021458756741,1.0,1.0
2026-03-22T21:10:07.745-306470-930785,204,true,116.18401696917167,1,3328.8374417875693,1.0,0.632
2026-03-22T21:10:07.745-306470-930785,775,false,4.548648854185988,1,3328.8374417875693,1.0,1.0
2026-03-22T21:10:07.745-306470-930785,38,false,0.21909916681471908,1,3328.8374417875693,1.0,1.0
2026-03-22T21:10:07.745-306470-930785,995,false,20.228662378933162,1,3328.8374417875693,1.0,1.0
2026-03-22T21:10:07.745-306470-930785,615,false,3.191490124315299,1,3328.8374417875693,1.0,1.0
2026-03-22T21:10:07.745-306470-930785,716,false,11.201954342283845,1,3328.8374417875693,1.0,1.0
2026-03-22T21:10:07.745-306470-930785,606,false,14.345474578554846,1,3328.8374417875693,1.0,1.0
2026-03-22T21:10:07.745-306470-930785,317,true,5.290739221110133,1,3323.5467025664593,1.0,0.683
2026-03-22T21:10:07.745-306470-930785,724,false,2.543127529446701,1,3323.5467025664593,1.0,1.0
2026-03-22T21:10:07.745-306470-930785,593,false,4.794211111162179,1,3323.5467025664593,1.0,1.0
2026-03-22T21:10:07.745-306470-930785,70,false,34.748084232236295,1,3323.5467025664593,1.0,1.0
2026-03-22T21:10:07.745-306470-930785,587,true,51.67046832197618,1,3271.876234244483,1.0,0.6759999999999999
2026-03-22T21:10:07.745-306470-930785,695,false,3.229888746308792,1,3271.876234244483,1.0,1.0
2026-03-22T21:10:07.745-306470-930785,902,false,1.5558566035792196,1,3271.876234244483,1.0,1.0
2026-03-22T21:10:07.745-306470-930785,25,false,1.6603879273351254,1,3271.876234244483,1.0,1.0
2026-03-22T21:10:07.745-306470-930785,807,false,5.750370924626885,1,3271.876234244483,1.0,1.0
2026-03-22T21:10:07.745-306470-930785,217,true,3.2905275582086038,1,3268.5857066862745,1.0,0.0
2026-03-22T21:10:07.745-306470-930785,696,false,0.4336237415325325,1,3268.5857066862745,1.0,1.0
2026-03-22T21:10:07.745-306470-930785,647,false,366.1899320062711,1,3268.5857066862745,1.0,1.0
2026-03-22T21:10:07.745-306470-930785,488,false,0.7210434504532675,1,3268.5857066862745,1.0,1.0
2026-03-22T21:10:07.745-306470-930785,848,true,108.20114534832037,1,3160.384561337954,1.0,0.8049999999999999
2026-03-22T21:10:07.745-306470-930785,489,false,4.751605922822709,1,3160.384561337954,1.0,1.0
2026-03-22T21:10:07.745-306470-930785,607,false,1.987776630043402,1,3160.384561337954,1.0,1.0
2026-03-22T21:10:07.745-306470-930785,577,false,4.71991893326357,1,3160.384561337954,1.0,1.0
2026-03-22T21:10:07.745-306470-930785,841,false,2.3866864036032576,1,3160.384561337954,1.0,1.0
2026-03-22T21:10:07.745-306470-930785,675,false,14.197713609696955,1,3160.384561337954,1.0,1.0
2026-03-22T21:10:07.745-306470-930785,541,false,997.4648777948793,1,3160.384561337954,1.0,1.0
2026-03-22T21:10:07.745-306470-930785,523,false,0.6126708711117171,1,3160.384561337954,1.0,1.0
2026-03-22T21:10:07.745-306470-930785,667,false,1.1728654325555357,1,3160.384561337954,1.0,1.0
2026-03-22T21:10:07.745-306470-930785,521,false,11.558538987779908,1,3160.384561337954,1.0,1.0
2026-03-22T21:10:07.745-306470-930785,129,false,4.23371365421336,1,3160.384561337954,1.0,1.0
2026-03-22T21:10:07.745-306470-930785,727,false,1.1204082481203061,1,3160.384561337954,1.0,1.0
2026-03-22T21:10:07.745-306470-930785,863,false,40.932990221599674,1,3160.384561337954,1.0,1.0
2026-03-22T21:10:07.745-306470-930785,600,false,9.286618942950788,1,3160.384561337954,1.0,1.0
2026-03-22T21:10:07.745-306470-930785,767,true,12.108321789353884,1,3148.2762395486,1.0,0.663
2026-03-22T21:10:07.745-306470-930785,71,false,5.056463554633777,1,3148.2762395486,1.0,1.0
2026-03-22T21:10:07.745-306470-930785,288,false,1.2327722493919002,1,3148.2762395486,1.0,1.0
2026-03-22T21:10:07.745-306470-930785,29,false,0.31399940240457863,1,3148.2762395486,1.0,1.0
2026-03-22T21:10:07.745-306470-930785,150,true,0.32415066306841317,1,3147.952088885532,1.0,0.688
2026-03-22T21:10:07.745-306470-930785,159,false,1.7413703244044396,1,3147.952088885532,1.0,1.0
2026-03-22T21:10:07.745-306470-930785,858,false,0.09512148682417265,1,3147.952088885532,1.0,1.0
2026-03-22T21:10:07.745-306470-930785,31,true,9.998911671798492,1,3137.9531772137334,1.0,0.858
2026-03-22T21:10:07.745-306470-930785,950,false,75.52445293280842,1,3137.9531772137334,1.0,1.0
2026-03-22T21:10:07.745-306470-930785,273,false,11.63048058862244,1,3137.9531772137334,1.0,1.0
2026-03-22T21:10:07.745-306470-930785,957,false,2.967068374822296,1,3137.9531772137334,1.0,1.0
2026-03-22T21:10:07.745-306470-930785,644,false,0.996059266092826,1,3137.9531772137334,1.0,1.0
2026-03-22T21:10:07.745-306470-930785,670,false,625.308218570759,1,3137.9531772137334,1.0,1.0
2026-03-22T21:10:07.745-306470-930785,947,false,9.823106078030703,1,3137.9531772137334,1.0,1.0
2026-03-22T21:10:07.745-306470-930785,116,false,0.2949390319326179,1,3137.9531772137334,1.0,1.0
2026-03-22T21:10:07.745-306470-930785,77,false,15.66875931812166,1,3137.9531772137334,1.0,1.0
2026-03-22T21:10:07.745-306470-930785,185,false,1.0547121104971822,1,3137.9531772137334,1.0,1.0
2026-03-22T21:10:07.745-306470-930785,468,false,0.11019180790501877,1,3137.9531772137334,1.0,1.0
2026-03-22T21:10:07.745-306470-930785,538,false,1.9098180710776809,1,3137.9531772137334,1.0,1.0
2026-03-22T21:10:07.745-306470-930785,467,false,5.453257828507434,1,3137.9531772137334,1.0,1.0
2026-03-22T21:10:07.745-306470-930785,412,false,0.23987962510358468,1,3137.9531772137334,1.0,1.0
2026-03-22T21:10:07.745-306470-930785,776,false,0.29210407159583096,1,3137.9531772137334,1.0,1.0
2026-03-22T21:10:07.745-306470-930785,113,false,87.8797962241374,1,3137.9531772137334,1.0,1.0
2026-03-22T21:10:07.745-306470-930785,816,false,11.959006375859996,1,3137.9531772137334,1.0,1.0
2026-03-22T21:10:07.745-306470-930785,437,true,34.208134869183475,1,3103.74504234455,1.0,0.0
2026-03-22T21:10:07.745-306470-930785,987,false,0.4808792551915372,1,3103.74504234455,1.0,1.0
2026-03-22T21:10:07.745-306470-930785,996,true,5.77259410834463,1,3097.9724482362053,1.0,0.916
2026-03-22T21:10:07.745-306470-930785,552,false,0.20739542481139808,1,3097.9724482362053,1.0,1.0
2026-03-22T21:10:07.745-306470-930785,706,false,3.9740126421726716,1,3097.9724482362053,1.0,1.0
2026-03-22T21:10:07.745-306470-930785,915,false,5.112385206622479,1,3097.9724482362053,1.0,1.0
2026-03-22T21:10:07.745-306470-930785,781,false,2.2694027976822126,1,3097.9724482362053,1.0,1.0
2026-03-22T21:10:07.745-306470-930785,92,true,26.823404580350786,1,3071.1490436558547,1.0,0.651
2026-03-22T21:10:07.745-306470-930785,780,false,24.167225288451817,1,3071.1490436558547,1.0,1.0
2026-03-22T21:10:07.745-306470-930785,235,false,1.9742625665582816,1,3071.1490436558547,1.0,1.0
2026-03-22T21:10:07.745-306470-930785,135,false,20.186392412414893,1,3071.1490436558547,1.0,1.0
2026-03-22T21:10:07.745-306470-930785,973,false,0.20512868049730074,1,3071.1490436558547,1.0,1.0
2026-03-22T21:10:07.745-306470-930785,733,false,2.076527683894214,1,3071.1490436558547,1.0,1.0
2026-03-22T21:10:07.745-306470-930785,359,false,15.444256361844992,1,3071.1490436558547,1.0,1.0
2026-03-22T21:10:07.745-306470-930785,758,false,0.6082835280412063,1,3071.1490436558547,1.0,1.0
2026-03-22T21:10:07.745-306470-930785,576,false,10.386625490331017,1,3071.1490436558547,1.0,1.0
2026-03-22T21:10:07.745-306470-930785,920,false,1.0073274475209362,1,3071.1490436558547,1.0,1.0
2026-03-22T21:10:07.745-306470-930785,655,false,10.923162269675968,1,3071.1490436558547,1.0,1.0
2026-03-22T21:10:07.745-306470-930785,650,false,0.722948475765998,1,3071.1490436558547,1.0,1.0
2026-03-22T21:10:07.745-306470-930785,341,true,7.8706098375338165,1,3063.278433818321,1.0,0.0
2026-03-22T21:10:07.745-306470-930785,167,false,31.831059063072242,1,3063.278433818321,1.0,1.0
2026-03-22T21:10:07.745-306470-930785,367,false,7.946043416505447,1,3063.278433818321,1.0,1.0
2026-03-22T21:10:07.745-306470-930785,345,true,2.671105252761055,1,3060.60732856556,1.0,0.0
2026-03-22T21:10:07.745-306470-930785,786,false,2.9088567789738997,1,3060.60732856556,1.0,1.0
2026-03-22T21:10:07.745-306470-930785,302,false,1.1751499174072861,1,3060.60732856556,1.0,1.0
2026-03-22T21:10:07.745-306470-930785,632,false,16.839393859523522,1,3060.60732856556,1.0,1.0
2026-03-22T21:10:07.745-306470-930785,913,false,10.167485021492041,1,3060.60732856556,1.0,1.0
2026-03-22T21:10:07.745-306470-930785,846,true,4.693403897077417,1,3055.913924668482,1.0,0.6839999999999999
2026-03-22T21:10:07.745-306470-930785,634,false,0.0903663969140901,1,3055.913924668482,1.0,1.0
2026-03-22T21:10:07.745-306470-930785,908,false,1.3722731333223324,1,3055.913924668482,1.0,1.0
2026-03-22T21:10:07.745-306470-930785,385,false,23.692705917630274,1,3055.913924668482,1.0,1.0
2026-03-22T21:10:07.745-306470-930785,348,true,24.94342324598658,1,3030.9705014224955,1.0,0.029000000000000026
2026-03-22T21:10:07.745-306470-930785,732,false,9.598392397222025,1,3030.9705014224955,1.0,1.0
2026-03-22T21:10:07.745-306470-930785,674,false,0.17737833420804636,1,3030.9705014224955,1.0,1.0
2026-03-22T21:10:07.745-306470-930785,949,false,37.19212237984747,1,3030.9705014224955,1.0,1.0
2026-03-22T21:10:07.745-306470-930785,605,false,1.277429612735912,1,3030.9705014224955,1.0,1.0
2026-03-22T21:10:07.745-306470-930785,83,true,0.5568467847703775,1,3030.4136546377254,1.0,0.696
2026-03-22T21:10:07.745-306470-930785,391,false,3.848200512672071,1,3030.4136546377254,1.0,1.0
2026-03-22T21:10:07.745-306470-930785,316,true,1.0835414444482443,1,3029.330113193277,1.0,0.0
2026-03-22T21:10:07.745-306470-930785,641,false,10.301094623264214,1,3029.330113193277,1.0,1.0
2026-03-22T21:10:07.745-306470-930785,925,false,3.9501908380770803,1,3029.330113193277,1.0,1.0
2026-03-22T21:10:07.745-306470-930785,263,false,1.7161496267862637,1,3029.330113193277,1.0,1.0
2026-03-22T21:10:07.745-306470-930785,836,false,0.6653502793597419,1,3029.330113193277,1.0,1.0
2026-03-22T21:10:07.745-306470-930785,808,false,0.7488619818931175,1,3029.330113193277,1.0,1.0
2026-03-22T21:10:07.745-306470-930785,910,false,4.533739606076606,1,3029.330113193277,1.0,1.0
2026-03-22T21:10:07.745-306470-930785,669,false,6.3860327076677965,1,3029.330113193277,1.0,1.0
2026-03-22T21:10:07.745-306470-930785,387,false,0.044152738554869134,1,3029.330113193277,1.0,1.0
2026-03-22T21:10:07.745-306470-930785,494,true,22.755797026822446,1,3006.5743161664545,1.0,0.999
2026-03-22T21:10:07.745-306470-930785,791,true,10.59352826055162,1,2995.980787905903,1.0,0.6659999999999999
2026-03-22T21:10:07.745-306470-930785,151,true,5.189704923773736,1,2990.7910829821294,1.0,0.03400000000000003
2026-03-22T21:10:07.745-306470-930785,365,false,1.116581196818153,1,2990.7910829821294,1.0,1.0
2026-03-22T21:10:07.745-306470-930785,336,false,3.831674449109413,1,2990.7910829821294,1.0,1.0
2026-03-22T21:10:07.745-306470-930785,544,false,0.2682005904978204,1,2990.7910829821294,1.0,1.0
2026-03-22T21:10:07.745-306470-930785,660,false,0.028028045865002887,1,2990.7910829821294,1.0,1.0
2026-03-22T21:10:07.745-306470-930785,186,false,0.7664546987166238,1,2990.7910829821294,1.0,1.0
2026-03-22T21:10:07.745-306470-930785,900,false,1.3771392182236177,1,2990.7910829821294,1.0,1.0
2026-03-22T21:10:07.745-306470-930785,556,false,16.787942858415615,1,2990.7910829821294,1.0,1.0
2026-03-22T21:10:07.745-306470-930785,802,true,15.903468560272104,1,2974.8876144218575,1.0,0.6970000000000001
2026-03-22T21:10:07.745-306470-930785,181,false,1.1898288323962585,1,2974.8876144218575,1.0,1.0
2026-03-22T21:10:07.745-306470-930785,646,false,2.1661090203783884,1,2974.8876144218575,1.0,1.0
2026-03-22T21:10:07.745-306470-930785,122,false,0.17368332810494577,1,2974.8876144218575,1.0,1.0
2026-03-22T21:10:07.745-306470-930785,223,true,8.148812651754643,1,2966.738801770103,1.0,0.663
2026-03-22T21:10:07.745-306470-930785,97,false,2.0720606459064728,1,2966.738801770103,1.0,1.0
2026-03-22T21:10:07.745-306470-930785,90,true,0.23143026678480816,1,2966.507371503318,1.0,0.0
2026-03-22T21:10:07.745-306470-930785,982,false,221.78476836325953,1,2966.507371503318,1.0,1.0
2026-03-22T21:10:07.745-306470-930785,114,false,49.4525662999022,1,2966.507371503318,1.0,1.0
2026-03-22T21:10:07.745-306470-930785,572,false,3.422712453707416,1,2966.507371503318,1.0,1.0
2026-03-22T21:10:07.745-306470-930785,195,false,1.7074801520621763,1,2966.507371503318,1.0,1.0
2026-03-22T21:10:07.745-306470-930785,279,false,0.1766828915579233,1,2966.507371503318,1.0,1.0
2026-03-22T21:10:07.745-306470-930785,194,false,6.76823293395174,1,2966.507371503318,1.0,1.0
2026-03-22T21:10:07.745-306470-930785,497,true,12.828004752851003,1,2953.679366750467,1.0,0.688
2026-03-22T21:10:07.745-306470-930785,679,false,1.1956580769093184,1,2953.679366750467,1.0,1.0
2026-03-22T21:10:07.745-306470-930785,447,false,5.285692118895796,1,2953.679366750467,1.0,1.0
2026-03-22T21:10:07.745-306470-930785,126,false,73.67876201600684,1,2953.679366750467,1.0,1.0
2026-03-22T21:10:07.745-306470-930785,665,false,29.264896235904246,1,2953.679366750467,1.0,1.0
2026-03-22T21:10:07.745-306470-930785,595,false,0.25036271556000417,1,2953.679366750467,1.0,1.0
2026-03-22T21:10:07.745-306470-930785,143,true,9.835910534532552,1,2943.8434562159346,1.0,0.681
2026-03-22T21:10:07.745-306470-930785,296,false,0.7194793597328828,1,2943.8434562159346,1.0,1.0
2026-03-22T21:10:07.745-306470-930785,654,false,2.0270873673048593,1,2943.8434562159346,1.0,1.0
2026-03-22T21:10:07.745-306470-930785,327,false,0.5765881955809888,1,2943.8434562159346,1.0,1.0
2026-03-22T21:10:07.745-306470-930785,459,true,1.6465091872067001,1,2942.1969470287277,1.0,0.908
2026-03-22T21:10:07.745-306470-930785,964,true,10.170583900217002,1,2932.0263631285106,1.0,0.719
2026-03-22T21:10:07.745-306470-930785,682,false,1.1785670375668245,1,2932.0263631285106,1.0,1.0
2026-03-22T21:10:07.745-306470-930785,954,false,0.5807726229686939,1,2932.0263631285106,1.0,1.0
2026-03-22T21:10:07.745-306470-930785,102,false,0.06230335906278018,1,2932.0263631285106,1.0,1.0
2026-03-22T21:10:07.745-306470-930785,886,false,9.073175818523632,1,2932.0263631285106,1.0,1.0
2026-03-22T21:10:07.745-306470-930785,27,false,1.6072882079227624,1,2932.0263631285106,1.0,1.0
2026-03-22T21:10:07.745-306470-930785,76,false,7.413929089387639,1,2932.0263631285106,1.0,1.0
2026-03-22T21:10:07.745-306470-930785,448,false,4.6332953878277685,1,2932.0263631285106,1.0,1.0
2026-03-22T21:10:07.745-306470-930785,794,true,4.82273189504983,1,2927.203631233461,1.0,0.0
2026-03-22T21:10:07.745-306470-930785,803,true,3.0123772754163856,1,2924.1912539580444,1.0,0.0
2026-03-22T21:10:07.745-306470-930785,917,false,1.7641246072252241,1,2924.1912539580444,1.0,1.0
2026-03-22T21:10:07.745-306470-930785,444,false,102.55255201821403,1,2924.1912539580444,1.0,1.0
2026-03-22T21:10:07.745-306470-930785,465,false,0.4608675125656168,1,2924.1912539580444,1.0,1.0
2026-03-22T21:10:07.745-306470-930785,314,true,7.014562367110955,1,2917.1766915909334,1.0,0.0
2026-03-22T21:10:07.745-306470-930785,813,false,5.305981136014729,1,2917.1766915909334,1.0,1.0
2026-03-22T21:10:07.745-306470-930785,175,true,22.63632166353267,1,2894.5403699274007,1.0,0.836
2026-03-22T21:10:07.745-306470-930785,136,false,0.9271017906315098,1,2894.5403699274007,1.0,1.0
2026-03-22T21:10:07.745-306470-930785,184,true,3.2343654946525193,1,2891.306004432748,1.0,0.999
2026-03-22T21:10:07.745-306470-930785,838,false,0.29431442521816714,1,2891.306004432748,1.0,1.0
2026-03-22T21:10:07.745-306470-930785,923,false,0.4861149254512584,1,2891.306004432748,1.0,1.0
2026-03-22T21:10:07.745-306470-930785,147,true,0.3897422256636567,1,2890.9162622070844,1.0,0.0
2026-03-22T21:10:07.745-306470-930785,419,false,2.3994749144695358,1,2890.9162622070844,1.0,1.0
2026-03-22T21:10:07.745-306470-930785,735,false,1.8118306498799317,1,2890.9162622070844,1.0,1.0
2026-03-22T21:10:07.745-306470-930785,247,false,0.3846769242194851,1,2890.9162622070844,1.0,1.0
2026-03-22T21:10:07.745-306470-930785,785,false,27.88713661309228,1,2890.9162622070844,1.0,1.0
2026-03-22T21:10:07.745-306470-930785,602,false,13.191320375045228,1,2890.9162622070844,1.0,1.0
2026-03-22T21:10:07.745-306470-930785,623,false,8.999881810297213,1,2890.9162622070844,1.0,1.0
2026-03-22T21:10:07.745-306470-930785,133,false,0.3590468212253234,1,2890.9162622070844,1.0,1.0
2026-03-22T21:10:07.745-306470-930785,481,false,10.398254971784251,1,2890.9162622070844,1.0,1.0
2026-03-22T21:10:07.745-306470-930785,139,false,17.256676704484274,1,2890.9162622070844,1.0,1.0
2026-03-22T21:10:07.745-306470-930785,896,false,0.12139684144403523,1,2890.9162622070844,1.0,1.0
2026-03-22T21:10:07.745-306470-930785,248,false,1.0607612482626902,1,2890.9162622070844,1.0,1.0
2026-03-22T21:10:07.745-306470-930785,505,false,0.7111878775006484,1,2890.9162622070844,1.0,1.0
2026-03-22T21:10:07.745-306470-930785,183,true,55.63071448293287,1,2835.2855477241515,1.0,0.654
2026-03-22T21:10:07.745-306470-930785,261,false,0.286426624931226,1,2835.2855477241515,1.0,1.0
2026-03-22T21:10:07.745-306470-930785,664,false,0.04050248273495601,1,2835.2855477241515,1.0,1.0
2026-03-22T21:10:07.745-306470-930785,138,false,0.7180692703400321,1,2835.2855477241515,1.0,1.0
2026-03-22T21:10:07.745-306470-930785,992,false,22.15047505680968,1,2835.2855477241515,1.0,1.0
2026-03-22T21:10:07.745-306470-930785,745,false,2.2091065621369523,1,2835.2855477241515,1.0,1.0
2026-03-22T21:10:07.745-306470-930785,229,false,9.035327179191954,1,2835.2855477241515,1.0,1.0
2026-03-22T21:10:07.745-306470-930785,21,false,99.01596443879777,1,2835.2855477241515,1.0,1.0
2026-03-22T21:10:07.745-306470-930785,293,false,0.029574496940839013,1,2835.2855477241515,1.0,1.0
2026-03-22T21:10:07.745-306470-930785,326,false,2.259253872788954,1,2835.2855477241515,1.0,1.0
2026-03-22T21:10:07.745-306470-930785,75,false,4.1927063290153015,1,2835.2855477241515,1.0,1.0
2026-03-22T21:10:07.745-306470-930785,353,false,49.76455656474191,1,2835.2855477241515,1.0,1.0
2026-03-22T21:10:07.745-306470-930785,897,false,9.663281265537305,1,2835.2855477241515,1.0,1.0
2026-03-22T21:10:07.745-306470-930785,395,false,11.67740482972294,1,2835.2855477241515,1.0,1.0
2026-03-22T21:10:07.745-306470-930785,476,true,26.869020476116994,1,2808.4165272480345,1.0,0.687
2026-03-22T21:10:07.745-306470-930785,297,false,31.645868289098672,1,2808.4165272480345,1.0,1.0
2026-03-22T21:10:07.745-306470-930785,18,true,2.2919669564981997,1,2806.1245602915365,1.0,0.999
2026-03-22T21:10:07.745-306470-930785,868,false,10.26987432448396,1,2806.1245602915365,1.0,1.0
2026-03-22T21:10:07.745-306470-930785,162,false,3.8677476656012937,1,2806.1245602915365,1.0,1.0
2026-03-22T21:10:07.745-306470-930785,446,false,5.091265385248055,1,2806.1245602915365,1.0,1.0
2026-03-22T21:10:07.745-306470-930785,699,false,103.90465794300813,1,2806.1245602915365,1.0,1.0
2026-03-22T21:10:07.745-306470-930785,685,false,1.1797255678877767,1,2806.1245602915365,1.0,1.0
2026-03-22T21:10:07.745-306470-930785,397,false,6.052333929767164,1,2806.1245602915365,1.0,1.0
2026-03-22T21:10:07.745-306470-930785,851,true,6.700801243819289,1,2799.4237590477173,1.0,0.0
2026-03-22T21:10:07.745-306470-930785,372,false,0.1312123751485949,1,2799.4237590477173,1.0,1.0
2026-03-22T21:10:07.745-306470-930785,967,true,2.025820662974894,1,2797.3979383847422,1.0,0.6859999999999999
2026-03-22T21:10:07.745-306470-930785,772,true,3.2006544061854645,1,2794.1972839785567,1.0,0.85
2026-03-22T21:10:07.745-306470-930785,232,false,2.984225027709407,1,2794.1972839785567,1.0,1.0
2026-03-22T21:10:07.745-306470-930785,246,false,0.4298796783026876,1,2794.1972839785567,1.0,1.0
2026-03-22T21:10:07.745-306470-930785,784,false,0.032276042690617054,1,2794.1972839785567,1.0,1.0
2026-03-22T21:10:07.745-306470-930785,198,false,1.3731432565111783,1,2794.1972839785567,1.0,1.0
2026-03-22T21:10:07.745-306470-930785,262,false,0.23324723032993494,1,2794.1972839785567,1.0,1.0
2026-03-22T21:10:07.745-306470-930785,659,false,0.1240724247237477,1,2794.1972839785567,1.0,1.0
2026-03-22T21:10:07.745-306470-930785,648,false,0.7375975693849691,1,2794.1972839785567,1.0,1.0
2026-03-22T21:10:07.745-306470-930785,319,true,1.7877689708490898,1,2792.409515007708,1.0,0.0040000000000000036
2026-03-22T21:10:07.745-306470-930785,658,false,0.3174819431400819,1,2792.409515007708,1.0,1.0
2026-03-22T21:10:07.745-306470-930785,725,false,0.9514805343959227,1,2792.409515007708,1.0,1.0
2026-03-22T21:10:07.745-306470-930785,394,false,2.3005984599798843,1,2792.409515007708,1.0,1.0
2026-03-22T21:10:07.745-306470-930785,980,true,42.097403288491776,1,2750.312111719216,1.0,0.681
2026-03-22T21:10:07.745-306470-930785,440,true,3.462805592549562,1,2746.8493061266663,1.0,0.0030000000000000027
2026-03-22T21:10:07.745-306470-930785,265,false,0.2914708775861527,1,2746.8493061266663,1.0,1.0
2026-03-22T21:10:07.745-306470-930785,864,false,4.141869614458755,1,2746.8493061266663,1.0,1.0
2026-03-22T21:10:07.745-306470-930785,640,false,77.87983532800666,1,2746.8493061266663,1.0,1.0
2026-03-22T21:10:07.745-306470-930785,869,false,0.1686097681217919,1,2746.8493061266663,1.0,1.0
2026-03-22T21:10:07.745-306470-930785,979,true,0.8327603102736938,1,2746.0165458163924,1.0,0.0
2026-03-22T21:10:07.745-306470-930785,272,false,13.41151027113721,1,2746.0165458163924,1.0,1.0
2026-03-22T21:10:07.745-306470-930785,119,false,3.8131026124301255,1,2746.0165458163924,1.0,1.0
2026-03-22T21:10:07.745-306470-930785,361,false,0.0454446335490605,1,2746.0165458163924,1.0,1.0
2026-03-22T21:10:07.745-306470-930785,220,true,1.8676665056081685,1,2744.148879310784,1.0,0.0
2026-03-22T21:10:07.745-306470-930785,163,false,0.6799890255066504,1,2744.148879310784,1.0,1.0
2026-03-22T21:10:07.745-306470-930785,852,true,39.048244118367776,1,2705.1006351924166,1.0,0.0
2026-03-22T21:10:07.745-306470-930785,491,true,13.645795027051577,1,2691.454840165365,1.0,0.8220000000000001
2026-03-22T21:10:07.745-306470-930785,166,false,0.8680981205375208,1,2691.454840165365,1.0,1.0
2026-03-22T21:10:07.745-306470-930785,546,false,1.7732640035405995,1,2691.454840165365,1.0,1.0
2026-03-22T21:10:07.745-306470-930785,559,false,0.20173282154834812,1,2691.454840165365,1.0,1.0
2026-03-22T21:10:07.745-306470-930785,742,false,90.07470430648573,1,2691.454840165365,1.0,1.0
2026-03-22T21:10:07.745-306470-930785,933,false,2.3880967005988283,1,2691.454840165365,1.0,1.0
2026-03-22T21:10:07.745-306470-930785,180,true,4.178094804216122,1,2687.276745361149,1.0,0.663
2026-03-22T21:10:07.745-306470-930785,752,false,12.498404420709374,1,2687.276745361149,1.0,1.0
2026-03-22T21:10:07.745-306470-930785,64,false,1003.3983698421481,1,2687.276745361149,1.0,1.0
2026-03-22T21:10:07.745-306470-930785,601,false,0.6802711850126221,1,2687.276745361149,1.0,1.0
2026-03-22T21:10:07.745-306470-930785,777,false,10.401953928554066,1,2687.276745361149,1.0,1.0
2026-03-22T21:10:07.745-306470-930785,324,false,1.3520246686719197,1,2687.276745361149,1.0,1.0
2026-03-22T21:10:07.745-306470-930785,53,false,21.59465767613492,1,2687.276745361149,1.0,1.0
2026-03-22T21:10:07.745-306470-930785,517,false,1.9677076909493807,1,2687.276745361149,1.0,1.0
2026-03-22T21:10:07.745-306470-930785,971,false,31.848309470955943,1,2687.276745361149,1.0,1.0
2026-03-22T21:10:07.745-306470-930785,34,true,0.3327569586722379,1,2686.943988402477,1.0,0.949
2026-03-22T21:10:07.745-306470-930785,930,false,0.8983426946540807,1,2686.943988402477,1.0,1.0
2026-03-22T21:10:07.745-306470-930785,270,false,0.019476600501962968,1,2686.943988402477,1.0,1.0
2026-03-22T21:10:07.745-306470-930785,2,false,1.0124591892564863,1,2686.943988402477,1.0,1.0
2026-03-22T21:10:07.745-306470-930785,439,true,4.305320574203382,1,2682.6386678282734,1.0,0.0
2026-03-22T21:10:07.745-306470-930785,879,false,5.961579788346774,1,2682.6386678282734,1.0,1.0
2026-03-22T21:10:07.745-306470-930785,965,true,0.6347508109183375,1,2682.003917017355,1.0,0.0
2026-03-22T21:10:07.745-306470-930785,42,false,0.1316142715962861,1,2682.003917017355,1.0,1.0
2026-03-22T21:10:07.745-306470-930785,399,false,3.8280050212519385,1,2682.003917017355,1.0,1.0
2026-03-22T21:10:07.745-306470-930785,453,false,57.42644776592359,1,2682.003917017355,1.0,1.0
2026-03-22T21:10:07.745-306470-930785,935,false,0.07483485491814706,1,2682.003917017355,1.0,1.0
2026-03-22T21:10:07.745-306470-930785,108,false,1.0973643590152442,1,2682.003917017355,1.0,1.0
2026-03-22T21:10:07.745-306470-930785,464,false,60.77839879094486,1,2682.003917017355,1.0,1.0
2026-03-22T21:10:07.745-306470-930785,106,false,0.06871359881491816,1,2682.003917017355,1.0,1.0
2026-03-22T21:10:07.745-306470-930785,749,false,1.8184092543777732,1,2682.003917017355,1.0,1.0
2026-03-22T21:10:07.745-306470-930785,271,false,114.60493327177012,1,2682.003917017355,1.0,1.0
2026-03-22T21:10:07.745-306470-930785,249,false,31.596927166440093,1,2682.003917017355,1.0,1.0
2026-03-22T21:10:07.745-306470-930785,203,true,29.398395179213015,1,2652.605521838142,1.0,0.655
2026-03-22T21:10:07.745-306470-930785,969,true,958.2520733010073,1,1694.3534485371347,1.0,0.367
2026-03-22T21:10:07.745-306470-930785,396,false,194.26471149346614,1,1694.3534485371347,1.0,1.0
2026-03-22T21:10:07.745-306470-930785,380,true,9.259410788598837,1,1685.0940377485358,1.0,0.919
2026-03-22T21:10:07.745-306470-930785,934,false,0.18189028996951465,1,1685.0940377485358,1.0,1.0
2026-03-22T21:10:07.745-306470-930785,560,true,148.32953629531912,1,1536.7645014532168,1.0,0.89
2026-03-22T21:10:07.745-306470-930785,290,false,0.8081924537522789,1,1536.7645014532168,1.0,1.0
2026-03-22T21:10:07.745-306470-930785,558,true,0.24352869896499307,1,1536.5209727542517,1.0,0.657
2026-03-22T21:10:07.745-306470-930785,335,false,1.8973384798742259,1,1536.5209727542517,1.0,1.0
2026-03-22T21:10:07.745-306470-930785,251,true,0.7388383066086225,1,1535.782134447643,1.0,0.999
2026-03-22T21:10:07.745-306470-930785,563,true,0.5342095157997273,1,1535.2479249318433,1.0,0.639
2026-03-22T21:10:07.745-306470-930785,597,false,2.0197122507243197,1,1535.2479249318433,1.0,1.0
2026-03-22T21:10:07.745-306470-930785,773,true,0.5350034003896338,1,1534.7129215314537,1.0,0.696
2026-03-22T21:10:07.745-306470-930785,573,false,0.7584684496944787,1,1534.7129215314537,1.0,1.0
2026-03-22T21:10:07.745-306470-930785,458,true,8.393371942246986,1,1526.3195495892066,1.0,0.6639999999999999
2026-03-22T21:10:07.745-306470-930785,95,true,113.91716033429009,1,1412.4023892549167,1.0,0.647
2026-03-22T21:10:07.745-306470-930785,571,false,3.5548221302310767,1,1412.4023892549167,1.0,1.0
2026-03-22T21:10:07.745-306470-930785,645,false,6.220449949419782,1,1412.4023892549167,1.0,1.0
2026-03-22T21:10:07.745-306470-930785,757,false,0.04546179697482064,1,1412.4023892549167,1.0,1.0
2026-03-22T21:10:07.745-306470-930785,626,false,4.109020871389726,1,1412.4023892549167,1.0,1.0
2026-03-22T21:10:07.745-306470-930785,230,false,1.097884110489131,1,1412.4023892549167,1.0,1.0
2026-03-22T21:10:07.745-306470-930785,519,false,15.170868353583767,1,1412.4023892549167,1.0,1.0
2026-03-22T21:10:07.745-306470-930785,406,false,3.345506145810389,1,1412.4023892549167,1.0,1.0
2026-03-22T21:10:07.745-306470-930785,200,true,0.3491910859939894,1,1412.0531981689228,1.0,0.6759999999999999
2026-03-22T21:10:07.745-306470-930785,530,false,7.062896025665983,1,1412.0531981689228,1.0,1.0
2026-03-22T21:10:07.745-306470-930785,854,true,1.0827866944365476,1,1410.9704114744864,1.0,0.0
2026-03-22T21:10:07.745-306470-930785,671,false,5.294312393443923,1,1410.9704114744864,1.0,1.0
2026-03-22T21:10:07.745-306470-930785,719,false,1.3659370847930434,1,1410.9704114744864,1.0,1.0
2026-03-22T21:10:07.745-306470-930785,338,true,1.212278865334867,1,1409.7581326091515,1.0,0.0010000000000000009
2026-03-22T21:10:07.745-306470-930785,285,false,0.24978790791406785,1,1409.7581326091515,1.0,1.0
2026-03-22T21:10:07.745-306470-930785,17,true,0.5495094748343455,1,1409.2086231343171,1.0,0.6839999999999999
2026-03-22T21:10:07.745-306470-930785,170,false,6.0598855660431985,1,1409.2086231343171,1.0,1.0
2026-03-22T21:10:07.745-306470-930785,625,false,5.391632070335249,1,1409.2086231343171,1.0,1.0
2026-03-22T21:10:07.745-306470-930785,818,true,1.7602889133135582,1,1407.4483342210035,1.0,0.829
2026-03-22T21:10:07.745-306470-930785,754,false,0.021268799123955504,1,1407.4483342210035,1.0,1.0
2026-03-22T21:10:07.745-306470-930785,983,true,0.846262875119938,1,1406.6020713458836,1.0,0.6679999999999999
2026-03-22T21:10:07.745-306470-930785,534,false,1.4021567905539698,1,1406.6020713458836,1.0,1.0
2026-03-22T21:10:07.745-306470-930785,252,true,230.64991828468118,1,1175.9521530612024,1.0,0.622
2026-03-22T21:10:07.745-306470-930785,857,true,9.532793179379055,1,1166.4193598818233,1.0,0.0010000000000000009
2026-03-22T21:10:07.745-306470-930785,827,false,52.78026732229975,1,1166.4193598818233,1.0,1.0
2026-03-22T21:10:07.745-306470-930785,478,true,21.200282227171733,1,1145.2190776546515,1.0,0.0020000000000000018
2026-03-22T21:10:07.745-306470-930785,652,false,1.620931866887502,1,1145.2190776546515,1.0,1.0
2026-03-22T21:10:07.745-306470-930785,555,true,0.9864431382896695,1,1144.232634516362,1.0,0.669
2026-03-22T21:10:07.745-306470-930785,87,false,0.153078302410799,1,1144.232634516362,1.0,1.0
2026-03-22T21:10:07.745-306470-930785,256,false,4.070077181668436,1,1144.232634516362,1.0,1.0
2026-03-22T21:10:07.745-306470-930785,405,false,10.511290207292642,1,1144.232634516362,1.0,1.0
2026-03-22T21:10:07.745-306470-930785,564,true,6.6192730524487615,1,1137.6133614639132,1.0,0.906
2026-03-22T21:10:07.745-306470-930785,502,false,0.3086493274442268,1,1137.6133614639132,1.0,1.0
2026-03-22T21:10:07.745-306470-930785,501,false,13.133915051297981,1,1137.6133614639132,1.0,1.0
2026-03-22T21:10:07.745-306470-930785,582,true,21.177913569072604,1,1116.4354478948405,1.0,0.8280000000000001
2026-03-22T21:10:07.745-306470-930785,575,false,10.176147192667488,1,1116.4354478948405,1.0,1.0
2026-03-22T21:10:07.745-306470-930785,466,false,17.388688675232753,1,1116.4354478948405,1.0,1.0
2026-03-22T21:10:07.745-306470-930785,613,false,9.079648645999903,1,1116.4354478948405,1.0,1.0
2026-03-22T21:10:07.745-306470-930785,708,false,0.05534536878911964,1,1116.4354478948405,1.0,1.0
2026-03-22T21:10:07.745-306470-930785,382,true,2.356571815478851,1,1114.0788760793616,1.0,0.6779999999999999
2026-03-22T21:10:07.745-306470-930785,584,true,6.725582750539876,1,1107.3532933288218,1.0,0.0
2026-03-22T21:10:07.745-306470-930785,690,false,0.6752200664965698,1,1107.3532933288218,1.0,1.0
2026-03-22T21:10:07.745-306470-930785,561,false,0.07829341118950092,1,1107.3532933288218,1.0,1.0
2026-03-22T21:10:07.745-306470-930785,557,true,16.04435066300026,1,1091.3089426658216,1.0,0.0
2026-03-22T21:10:07.745-306470-930785,443,true,1.6218852412887488,1,1089.687057424533,1.0,0.7030000000000001
2026-03-22T21:10:07.745-306470-930785,728,false,0.3805956823865515,1,1089.687057424533,1.0,1.0
2026-03-22T21:10:07.745-306470-930785,888,false,4.8396936794983,1,1089.687057424533,1.0,1.0
2026-03-22T21:10:07.745-306470-930785,633,false,1.6630833348522034,1,1089.687057424533,1.0,1.0
2026-03-22T21:10:07.745-306470-930785,134,false,1.0452943491984807,1,1089.687057424533,1.0,1.0
2026-03-22T21:10:07.745-306470-930785,955,false,22.93234491118716,1,1089.687057424533,1.0,1.0
2026-03-22T21:10:07.745-306470-930785,876,false,2.394401418835015,1,1089.687057424533,1.0,1.0
2026-03-22T21:10:07.745-306470-930785,611,false,5.6516239780180655,1,1089.687057424533,1.0,1.0
2026-03-22T21:10:07.745-306470-930785,56,false,10.369304915353334,1,1089.687057424533,1.0,1.0
2026-03-22T21:10:07.745-306470-930785,425,false,2.120601243192607,1,1089.687057424533,1.0,1.0
2026-03-22T21:10:07.745-306470-930785,26,false,0.026831666797777712,1,1089.687057424533,1.0,1.0
2026-03-22T21:10:07.745-306470-930785,547,false,1.4177827329270634,1,1089.687057424533,1.0,1.0
2026-03-22T21:10:07.745-306470-930785,221,true,10.330938165985089,1,1079.3561192585478,1.0,0.0
2026-03-22T21:10:07.745-306470-930785,20,true,0.7112385842725403,1,1078.6448806742753,1.0,0.03700000000000003
2026-03-22T21:10:07.745-306470-930785,798,true,133.84596658186464,1,944.7989140924107,1.0,0.0
2026-03-22T21:10:07.745-306470-930785,411,false,2.7093607704063323,1,944.7989140924107,1.0,1.0
2026-03-22T21:10:07.745-306470-930785,350,true,2.2066343697837394,1,942.5922797226269,1.0,0.6679999999999999
2026-03-22T21:10:07.745-306470-930785,720,false,53.59331736018206,1,942.5922797226269,1.0,1.0
2026-03-22T21:10:07.745-306470-930785,485,false,0.5229426769868152,1,942.5922797226269,1.0,1.0
2026-03-22T21:10:07.745-306470-930785,952,false,0.3353709452945862,1,942.5922797226269,1.0,1.0
2026-03-22T21:10:07.745-306470-930785,86,false,0.16582950324109358,1,942.5922797226269,1.0,1.0
2026-03-22T21:10:07.745-306470-930785,66,false,1.1616883846461679,1,942.5922797226269,1.0,1.0
2026-03-22T21:10:07.745-306470-930785,543,false,3.9665907952931696,1,942.5922797226269,1.0,1.0
2026-03-22T21:10:07.745-306470-930785,770,false,0.15031500021875047,1,942.5922797226269,1.0,1.0
2026-03-22T21:10:07.745-306470-930785,351,true,7.044512822089037,1,935.5477669005379,1.0,0.0010000000000000009
2026-03-22T21:10:07.745-306470-930785,881,false,1.3932595038538633,1,935.5477669005379,1.0,1.0
2026-03-22T21:10:07.745-306470-930785,736,false,5.00414432787625,1,935.5477669005379,1.0,1.0
2026-03-22T21:10:07.745-306470-930785,503,false,2.4883993676744356,1,935.5477669005379,1.0,1.0
2026-03-22T21:10:07.745-306470-930785,620,true,5.115909708369531,1,930.4318571921684,1.0,0.829
2026-03-22T21:10:07.745-306470-930785,907,false,0.5630993252847595,1,930.4318571921684,1.0,1.0
2026-03-22T21:10:07.745-306470-930785,61,false,12.923973535764643,1,930.4318571921684,1.0,1.0
2026-03-22T21:10:07.745-306470-930785,430,true,30.886374669280794,1,899.5454825228876,1.0,0.0
2026-03-22T21:10:07.745-306470-930785,218,true,2.8802176353290587,1,896.6652648875586,1.0,0.0
2026-03-22T21:10:07.745-306470-930785,423,false,1.6191553111441812,1,896.6652648875586,1.0,1.0
2026-03-22T21:10:07.745-306470-930785,621,true,2.785438512676974,1,893.8798263748816,1.0,0.6970000000000001
2026-03-22T21:10:07.745-306470-930785,277,false,22.199124296903467,1,893.8798263748816,1.0,1.0
2026-03-22T21:10:07.745-306470-930785,865,false,0.41899918025535715,1,893.8798263748816,1.0,1.0
2026-03-22T21:10:07.745-306470-930785,830,false,7.044340489735619,1,893.8798263748816,1.0,1.0
2026-03-22T21:10:07.745-306470-930785,847,false,0.1285905610397327,1,893.8798263748816,1.0,1.0
2026-03-22T21:10:07.745-306470-930785,298,false,0.05296599084730334,1,893.8798263748816,1.0,1.0
2026-03-22T21:10:07.745-306470-930785,96,false,0.16533682114147255,1,893.8798263748816,1.0,1.0
2026-03-22T21:10:07.745-306470-930785,548,false,12.08962868939768,1,893.8798263748816,1.0,1.0
2026-03-22T21:10:07.745-306470-930785,449,false,3.065291019820431,1,893.8798263748816,1.0,1.0
2026-03-22T21:10:07.745-306470-930785,762,false,1.4346661387312527,1,893.8798263748816,1.0,1.0
2026-03-22T21:10:07.745-306470-930785,916,false,0.09443174253738859,1,893.8798263748816,1.0,1.0
2026-03-22T21:10:07.745-306470-930785,154,true,41.91514973388657,1,851.9646766409951,1.0,0.813
2026-03-22T21:10:07.745-306470-930785,370,false,0.16047511203928425,1,851.9646766409951,1.0,1.0
2026-03-22T21:10:07.745-306470-930785,649,false,7.751932969075615,1,851.9646766409951,1.0,1.0
2026-03-22T21:10:07.745-306470-930785,894,false,3.789005013536959,1,851.9646766409951,1.0,1.0
2026-03-22T21:10:07.745-306470-930785,339,true,0.5784733012711613,1,851.3862033397239,1.0,0.0
2026-03-22T21:10:07.745-306470-930785,624,true,18.90274465043649,1,832.4834586892874,1.0,0.7050000000000001
2026-03-22T21:10:07.745-306470-930785,985,true,1.215588655280294,1,831.2678700340072,1.0,0.6779999999999999
2026-03-22T21:10:07.745-306470-930785,834,false,1.5132900964003355,1,831.2678700340072,1.0,1.0
2026-03-22T21:10:07.745-306470-930785,164,false,7.1823132371904395,1,831.2678700340072,1.0,1.0
2026-03-22T21:10:07.745-306470-930785,782,false,0.5544847308875093,1,831.2678700340072,1.0,1.0
2026-03-22T21:10:07.745-306470-930785,320,true,10.234455608956917,1,821.0334144250503,1.0,0.03500000000000003
2026-03-22T21:10:07.745-306470-930785,427,true,4.559022688985615,1,816.4743917360647,1.0,0.702
2026-03-22T21:10:07.745-306470-930785,295,false,12.165653020650272,1,816.4743917360647,1.0,1.0
2026-03-22T21:10:07.745-306470-930785,10,false,2.2334730381410326,1,816.4743917360647,1.0,1.0
2026-03-22T21:10:07.745-306470-930785,244,false,4.871743463986952,1,816.4743917360647,1.0,1.0
2026-03-22T21:10:07.745-306470-930785,890,false,0.837679030208071,1,816.4743917360647,1.0,1.0
2026-03-22T21:10:07.745-306470-930785,292,false,1.6924924203953775,1,816.4743917360647,1.0,1.0
2026-03-22T21:10:07.745-306470-930785,961,true,28.27964431987213,1,788.1947474161926,1.0,0.0
2026-03-22T21:10:07.745-306470-930785,190,true,3.422576016019273,1,784.7721714001733,1.0,0.8260000000000001
2026-03-22T21:10:07.745-306470-930785,413,false,12.205754981572179,1,784.7721714001733,1.0,1.0
2026-03-22T21:10:07.745-306470-930785,506,false,1.1999063035219828,1,784.7721714001733,1.0,1.0
2026-03-22T21:10:07.745-306470-930785,264,false,3.856674416516124,1,784.7721714001733,1.0,1.0
2026-03-22T21:10:07.745-306470-930785,599,false,3.2747921396012165,1,784.7721714001733,1.0,1.0
2026-03-22T21:10:07.745-306470-930785,40,false,2.953452735519701,1,784.7721714001733,1.0,1.0
2026-03-22T21:10:07.745-306470-930785,14,true,105.86501744292407,1,678.9071539572492,1.0,0.6739999999999999
2026-03-22T21:10:07.745-306470-930785,723,false,9.727883463524542,1,678.9071539572492,1.0,1.0
2026-03-22T21:10:07.745-306470-930785,610,false,2.0791419465417533,1,678.9071539572492,1.0,1.0
2026-03-22T21:10:07.745-306470-930785,268,false,1.764856018821513,1,678.9071539572492,1.0,1.0
2026-03-22T21:10:07.745-306470-930785,206,true,0.27705150962198616,1,678.6301024476272,1.0,0.0
2026-03-22T21:10:07.745-306470-930785,792,false,0.017197978147695414,1,678.6301024476272,1.0,1.0
2026-03-22T21:10:07.745-306470-930785,67,false,1.9225615212459348,1,678.6301024476272,1.0,1.0
2026-03-22T21:10:07.745-306470-930785,750,false,1.5343672472376548,1,678.6301024476272,1.0,1.0
2026-03-22T21:10:07.745-306470-930785,693,false,4.9469314010089205,1,678.6301024476272,1.0,1.0
2026-03-22T21:10:07.745-306470-930785,192,true,1.7358335524731492,1,676.894268895154,1.0,0.683
2026-03-22T21:10:07.745-306470-930785,72,false,0.011294211771990834,1,676.894268895154,1.0,1.0
2026-03-22T21:10:07.745-306470-930785,884,false,62.50942611349904,1,676.894268895154,1.0,1.0
2026-03-22T21:10:07.745-306470-930785,23,true,60.095643371151986,1,616.7986255240021,1.0,0.817
2026-03-22T21:10:07.745-306470-930785,835,false,0.7635874970834806,1,616.7986255240021,1.0,1.0
2026-03-22T21:10:07.745-306470-930785,817,true,0.3258625928866412,1,616.4727629311154,1.0,0.698
2026-03-22T21:10:07.745-306470-930785,972,true,3.0572204296131535,1,613.4155425015023,1.0,0.357
2026-03-22T21:10:07.745-306470-930785,5,false,5.303654109767851,1,613.4155425015023,1.0,1.0
2026-03-22T21:10:07.745-306470-930785,416,false,56.26680506935263,1,613.4155425015023,1.0,1.0
2026-03-22T21:10:07.745-306470-930785,402,false,0.1390562582310181,1,613.4155425015023,1.0,1.0
2026-03-22T21:10:07.745-306470-930785,856,true,6.967592870334068,1,606.4479496311682,1.0,0.0
2026-03-22T21:10:07.745-306470-930785,140,true,5.33642439711018,1,601.111525234058,1.0,0.028000000000000025
2026-03-22T21:10:07.745-306470-930785,870,false,13.92643655504969,1,601.111525234058,1.0,1.0
2026-03-22T21:10:07.745-306470-930785,420,false,1.8903647144968851,1,601.111525234058,1.0,1.0
2026-03-22T21:10:07.745-306470-930785,375,false,20.728612056029192,1,601.111525234058,1.0,1.0
2026-03-22T21:10:07.745-306470-930785,700,false,0.9815082009763765,1,601.111525234058,1.0,1.0
2026-03-22T21:10:07.745-306470-930785,713,false,4.026891812107857,1,601.111525234058,1.0,1.0
2026-03-22T21:10:07.745-306470-930785,778,false,2.4307051014661836,1,601.111525234058,1.0,1.0
2026-03-22T21:10:07.745-306470-930785,806,true,2.3050889353869635,1,598.8064362986711,1.0,0.7
2026-03-22T21:10:07.745-306470-930785,33,false,0.10428172412056877,1,598.8064362986711,1.0,1.0
2026-03-22T21:10:07.745-306470-930785,612,false,4.012344632584229,1,598.8064362986711,1.0,1.0
2026-03-22T21:10:07.745-306470-930785,390,false,12.881360498658927,1,598.8064362986711,1.0,1.0
2026-03-22T21:10:07.745-306470-930785,141,true,0.4671498220195218,1,598.3392864766515,1.0,0.0020000000000000018
2026-03-22T21:10:07.745-306470-930785,226,true,4.058608654630161,1,594.2806778220214,1.0,0.837
2026-03-22T21:10:07.745-306470-930785,9,false,6.029728895389115,1,594.2806778220214,1.0,1.0
2026-03-22T21:10:07.745-306470-930785,684,false,0.4447616830484702,1,594.2806778220214,1.0,1.0
2026-03-22T21:10:07.745-306470-930785,614,false,7.912480288416573,1,594.2806778220214,1.0,1.0
2026-03-22T21:10:07.745-306470-930785,347,true,2.6252276250858237,1,591.6554501969356,1.0,0.0
2026-03-22T21:10:07.745-306470-930785,574,false,0.5109347299637149,1,591.6554501969356,1.0,1.0
2026-03-22T21:10:07.745-306470-930785,589,true,4.035788350392673,1,587.619661846543,1.0,0.681
2026-03-22T21:10:07.745-306470-930785,39,false,60.65962720247165,1,587.619661846543,1.0,1.0
2026-03-22T21:10:07.745-306470-930785,450,false,0.1475266996395015,1,587.619661846543,1.0,1.0
2026-03-22T21:10:07.745-306470-930785,926,true,19.948291597759432,1,567.6713702487835,1.0,0.902
2026-03-22T21:10:07.745-306470-930785,799,true,31.10985782103056,1,536.561512427753,1.0,0.0
2026-03-22T21:10:07.745-306470-930785,199,true,1.3283030158310334,1,535.233209411922,1.0,0.7050000000000001
2026-03-22T21:10:07.745-306470-930785,460,true,8.851710425112769,1,526.3814989868092,1.0,0.0030000000000000027
2026-03-22T21:10:07.745-306470-930785,349,true,8.289081745103758,1,518.0924172417054,1.0,0.0
2026-03-22T21:10:07.745-306470-930785,209,true,0.9502543370952764,1,517.1421629046101,1.0,0.0
2026-03-22T21:10:07.745-306470-930785,578,false,3.4694400397007783,1,517.1421629046101,1.0,1.0
2026-03-22T21:10:07.745-306470-930785,43,false,0.06450510407441125,1,517.1421629046101,1.0,1.0
2026-03-22T21:10:07.745-306470-930785,895,false,3.7710587538019977,1,517.1421629046101,1.0,1.0
2026-03-22T21:10:07.745-306470-930785,158,false,6.627455347232708,1,517.1421629046101,1.0,1.0
2026-03-22T21:10:07.745-306470-930785,63,false,0.41561360852634716,1,517.1421629046101,1.0,1.0
2026-03-22T21:10:07.745-306470-930785,743,false,3.08373755462726,1,517.1421629046101,1.0,1.0
2026-03-22T21:10:07.745-306470-930785,622,true,63.62728455550925,1,453.51487834910085,1.0,0.0
2026-03-22T21:10:07.745-306470-930785,48,false,19.606666554029722,1,453.51487834910085,1.0,1.0
2026-03-22T21:10:07.745-306470-930785,454,false,116.11063762198752,1,453.51487834910085,1.0,1.0
2026-03-22T21:10:07.745-306470-930785,354,true,283.578663462563,1,169.93621488653787,1.0,0.07999999999999996
2026-03-22T21:10:07.745-306470-930785,975,true,15.56868815511087,1,154.367526731427,1.0,0.0
2026-03-22T21:10:07.745-306470-930785,958,true,0.7314309279495391,1,153.63609580347747,1.0,0.6779999999999999
2026-03-22T21:10:07.745-306470-930785,225,true,0.4016843240496364,1,153.23441147942785,1.0,0.0
2026-03-22T21:10:07.745-306470-930785,661,false,11.839191078901209,1,153.23441147942785,1.0,1.0
2026-03-22T21:10:07.745-306470-930785,714,false,9.200017786630454,1,153.23441147942785,1.0,1.0
2026-03-22T21:10:07.745-306470-930785,364,false,2.6383767318417894,1,153.23441147942785,1.0,1.0
2026-03-22T21:10:07.745-306470-930785,539,false,12.109236039343237,1,153.23441147942785,1.0,1.0
2026-03-22T21:10:07.745-306470-930785,28,true,11.946692974892677,1,141.28771850453518,1.0,0.663
2026-03-22T21:10:07.745-306470-930785,629,false,0.9826042962796956,1,141.28771850453518,1.0,1.0
2026-03-22T21:10:07.745-306470-930785,823,false,5.69883308060338,1,141.28771850453518,1.0,1.0
2026-03-22T21:10:07.745-306470-930785,30,true,0.3334745028176119,1,140.95424400171757,1.0,0.0
2026-03-22T21:10:07.745-306470-930785,878,false,37.893905705842805,1,140.95424400171757,1.0,1.0
2026-03-22T21:10:07.745-306470-930785,383,true,0.7129867277076896,1,140.24125727400988,1.0,0.03700000000000003
2026-03-22T21:10:07.745-306470-930785,6,false,11.682791101751134,1,140.24125727400988,1.0,1.0
2026-03-22T21:10:07.745-306470-930785,58,false,20.295614440507148,1,140.24125727400988,1.0,1.0
2026-03-22T21:10:07.745-306470-930785,540,false,3.6909126133523595,1,140.24125727400988,1.0,1.0
2026-03-22T21:10:07.745-306470-930785,472,true,2.1501620518842617,1,138.09109522212563,1.0,0.663
2026-03-22T21:10:07.745-306470-930785,378,true,5.034607478346039,1,133.0564877437796,1.0,0.6890000000000001
2026-03-22T21:10:07.745-306470-930785,751,false,112.49410135496834,1,133.0564877437796,1.0,1.0
2026-03-22T21:10:07.745-306470-930785,363,false,2.376141164488923,1,133.0564877437796,1.0,1.0
2026-03-22T21:10:07.745-306470-930785,721,false,11.750971846055156,1,133.0564877437796,1.0,1.0
2026-03-22T21:10:07.745-306470-930785,944,true,0.22182395408425254,1,132.83466378969536,1.0,0.821
2026-03-22T21:10:07.745-306470-930785,515,false,2.725152655368621,1,132.83466378969536,1.0,1.0
2026-03-22T21:10:07.745-306470-930785,452,false,0.8043844525652537,1,132.83466378969536,1.0,1.0
2026-03-22T21:10:07.745-306470-930785,526,false,0.9232052513367979,1,132.83466378969536,1.0,1.0
2026-03-22T21:10:07.745-306470-930785,788,true,15.830847720775377,1,117.00381606891997,1.0,0.685
2026-03-22T21:10:07.745-306470-930785,988,true,0.8557016818454652,1,116.14811438707451,1.0,0.6819999999999999
2026-03-22T21:10:07.745-306470-930785,924,true,1.5666598175715682,1,114.58145456950295,1.0,0.836
2026-03-22T21:10:07.745-306470-930785,542,false,2.3969930351932764,1,114.58145456950295,1.0,1.0
2026-03-22T21:10:07.745-306470-930785,355,true,26.275651988256634,1,88.30580258124633,1.0,0.787
2026-03-22T21:10:07.745-306470-930785,392,false,12.865099065056526,1,88.30580258124633,1.0,1.0
2026-03-22T21:10:07.745-306470-930785,278,false,5.092311541007456,1,88.30580258124633,1.0,1.0
2026-03-22T21:10:07.745-306470-930785,202,true,0.34668798646757937,1,87.95911459477874,1.0,0.0
2026-03-22T21:10:07.745-306470-930785,486,false,3.75450351200289,1,87.95911459477874,1.0,1.0
2026-03-22T21:10:07.745-306470-930785,310,true,0.4456442284698077,1,87.51347036630894,1.0,0.0
2026-03-22T21:10:07.745-306470-930785,783,false,4.011973209070208,1,87.51347036630894,1.0,1.0
2026-03-22T21:10:07.745-306470-930785,156,true,67.30731020238018,1,20.206160163928757,1.0,0.665
2026-03-22T21:10:07.745-306470-930785,592,true,2.3273183654178706,1,17.878841798510887,1.0,0.653
2026-03-22T21:10:07.745-306470-930785,480,true,0.36327515516135184,1,17.515566643349537,1.0,0.706
2026-03-22T21:10:07.745-306470-930785,618,true,14.281261895443118,1,3.2343047479064193,1.0,0.0010000000000000009
2026-03-22T21:10:07.745-306470-930785,404,false,0.01752511476552468,1,3.2343047479064193,1.0,1.0
2026-03-22T21:10:07.745-306470-930785,631,false,17.714647695159734,1,3.2343047479064193,1.0,1.0
2026-03-22T21:10:07.745-306470-930785,307,false,0.027035733056691196,1,3.2343047479064193,1.0,1.0
2026-03-22T21:10:07.745-306470-930785,656,false,0.03195021195350039,1,3.2343047479064193,1.0,1.0
2026-03-22T21:10:07.745-306470-930785,705,false,13.264646526632497,1,3.2343047479064193,1.0,1.0
2026-03-22T21:10:07.745-306470-930785,144,true,2.1840284826767147,1,1.0502762652297046,1.0,0.0
2026-03-22T21:10:07.745-306470-930785,388,false,0.07397924054987001,1,1.0502762652297046,1.0,1.0
2026-03-22T21:10:07.745-306470-930785,889,false,10.745879665704397,1,1.0502762652297046,1.0,1.0
2026-03-22T21:10:07.745-306470-930785,189,true,2.5721839173062966,1,-1.521907652076592,1.0,0.0
2026-03-22T21:10:07.745-753714-768610,967,true,0.8147309863748304,1,5951.51743269805,1.0,0.99
2026-03-22T21:10:07.745-753714-768610,497,true,9.320009639083107,1,5942.197423058967,1.0,0.99
2026-03-22T21:10:07.745-753714-768610,291,true,5.9588389989995365,1,5936.238584059967,1.0,0.99
2026-03-22T21:10:07.745-753714-768610,654,true,34.187528594411575,1,5902.051055465556,1.0,0.989
2026-03-22T21:10:07.745-753714-768610,871,true,15.438308593920427,1,5886.612746871635,1.0,0.984
2026-03-22T21:10:07.745-753714-768610,525,true,12.703035235020216,1,5873.909711636615,1.0,0.992
2026-03-22T21:10:07.745-753714-768610,3,true,9.314972127522644,1,5864.5947395090925,1.0,0.993
2026-03-22T21:10:07.745-753714-768610,112,true,71.51289473278881,1,5793.081844776304,1.0,0.988
2026-03-22T21:10:07.745-753714-768610,120,false,0.17025519487709767,1,5793.081844776304,1.0,1.0
2026-03-22T21:10:07.745-753714-768610,850,true,22.07235607103998,1,5771.009488705264,1.0,0.991
2026-03-22T21:10:07.745-753714-768610,392,true,19.192663165071323,1,5751.816825540192,1.0,0.729
2026-03-22T21:10:07.745-753714-768610,322,true,1.9726554561038796,1,5749.844170084089,1.0,0.991
2026-03-22T21:10:07.745-753714-768610,24,true,19.038364593995848,1,5730.805805490093,1.0,0.99
2026-03-22T21:10:07.745-753714-768610,832,true,4.0348449367682875,1,5726.770960553325,1.0,0.989
2026-03-22T21:10:07.745-753714-768610,156,true,15.917819447571663,1,5710.853141105753,1.0,0.992
2026-03-22T21:10:07.745-753714-768610,117,true,2.6294738990415065,1,5708.223667206711,1.0,0.988
2026-03-22T21:10:07.745-753714-768610,429,true,6.091456686703454,1,5702.132210520008,1.0,0.989
2026-03-22T21:10:07.745-753714-768610,34,true,102.50809545499183,1,5599.624115065016,1.0,0.99
2026-03-22T21:10:07.745-753714-768610,75,true,1.6886655557779762,1,5597.9354495092375,1.0,0.987
2026-03-22T21:10:07.745-753714-768610,611,true,5.938873713431343,1,5591.996575795806,1.0,0.984
2026-03-22T21:10:07.745-753714-768610,481,true,9.651434965101693,1,5582.345140830705,1.0,0.989
2026-03-22T21:10:07.745-753714-768610,660,true,14.19515370193033,1,5568.149987128774,1.0,0.988
2026-03-22T21:10:07.745-753714-768610,961,true,0.3455363784308703,1,5567.804450750344,1.0,0.989
2026-03-22T21:10:07.745-753714-768610,726,true,10.155430582529087,1,5557.649020167814,1.0,0.987
2026-03-22T21:10:07.745-753714-768610,694,true,111.27138616380958,1,5446.377634004005,1.0,0.7050000000000001
2026-03-22T21:10:07.745-753714-768610,546,false,0.1255760661486362,1,5446.377634004005,1.0,1.0
2026-03-22T21:10:07.745-753714-768610,505,false,0.07458930139112385,1,5446.377634004005,1.0,1.0
2026-03-22T21:10:07.745-753714-768610,139,true,1.1193718124481287,1,5445.258262191557,1.0,0.992
2026-03-22T21:10:07.745-753714-768610,645,true,6.620879003283761,1,5438.637383188274,1.0,0.991
2026-03-22T21:10:07.745-753714-768610,82,true,0.6078024854361054,1,5438.029580702838,1.0,0.989
2026-03-22T21:10:07.745-753714-768610,226,true,2.1389531493219276,1,5435.8906275535155,1.0,0.991
2026-03-22T21:10:07.745-753714-768610,943,true,3.1231995228650415,1,5432.76742803065,1.0,0.987
2026-03-22T21:10:07.745-753714-768610,464,true,1.9805209477905392,1,5430.786907082859,1.0,0.991
2026-03-22T21:10:07.745-753714-768610,466,true,16.15708776101754,1,5414.629819321842,1.0,0.6890000000000001
2026-03-22T21:10:07.745-753714-768610,916,true,0.5887091564569242,1,5414.041110165384,1.0,0.986
2026-03-22T21:10:07.745-753714-768610,407,true,0.2944387791798305,1,5413.746671386205,1.0,0.987
2026-03-22T21:10:07.745-753714-768610,199,true,15.371204747226875,1,5398.375466638978,1.0,0.994
2026-03-22T21:10:07.745-753714-768610,388,true,13.706765491656075,1,5384.668701147321,1.0,0.679
2026-03-22T21:10:07.745-753714-768610,671,true,1.6761489958997826,1,5382.9925521514215,1.0,0.989
2026-03-22T21:10:07.745-753714-768610,486,true,5.545144157273725,1,5377.447407994147,1.0,0.987
2026-03-22T21:10:07.745-753714-768610,32,true,3.666640570728438,1,5373.780767423419,1.0,0.7050000000000001
2026-03-22T21:10:07.745-753714-768610,771,true,6.152323053204113,1,5367.628444370215,1.0,0.985
2026-03-22T21:10:07.745-753714-768610,167,true,13.306540889615833,1,5354.3219034806,1.0,0.992
2026-03-22T21:10:07.745-753714-768610,540,true,86.98631034842464,1,5267.335593132175,1.0,0.99
2026-03-22T21:10:07.745-753714-768610,453,true,1.5909994390175288,1,5265.744593693157,1.0,0.986
2026-03-22T21:10:07.745-753714-768610,178,true,1.946674918389127,1,5263.797918774768,1.0,0.987
2026-03-22T21:10:07.745-753714-768610,947,true,8.893031774245296,1,5254.904887000523,1.0,0.986
2026-03-22T21:10:07.745-753714-768610,533,true,86.2490876941106,1,5168.655799306412,1.0,0.98
2026-03-22T21:10:07.745-753714-768610,99,false,0.01691494860526253,1,5168.655799306412,1.0,1.0
2026-03-22T21:10:07.745-753714-768610,377,false,0.07574997369944315,1,5168.655799306412,1.0,1.0
2026-03-22T21:10:07.745-753714-768610,701,true,0.38113425718969984,1,5168.274665049222,1.0,0.6759999999999999
2026-03-22T21:10:07.745-753714-768610,308,true,0.47448534185822855,1,5167.800179707364,1.0,0.992
2026-03-22T21:10:07.745-753714-768610,342,true,0.3447501193078269,1,5167.455429588056,1.0,0.988
2026-03-22T21:10:07.745-753714-768610,984,true,1.7758363609232048,1,5165.679593227133,1.0,0.988
2026-03-22T21:10:07.745-753714-768610,541,true,5.9356155091603835,1,5159.743977717973,1.0,0.679
2026-03-22T21:10:07.745-753714-768610,664,true,12.985836618335153,1,5146.758141099638,1.0,0.991
2026-03-22T21:10:07.745-753714-768610,890,true,8.84888231489271,1,5137.909258784745,1.0,0.981
2026-03-22T21:10:07.745-753714-768610,873,true,0.8623839493013069,1,5137.046874835444,1.0,0.6679999999999999
2026-03-22T21:10:07.745-753714-768610,712,true,1.609705716203903,1,5135.43716911924,1.0,0.985
2026-03-22T21:10:07.745-753714-768610,985,true,2.4723182605328033,1,5132.964850858707,1.0,0.698
2026-03-22T21:10:07.745-753714-768610,587,false,0.06142887116955927,1,5132.964850858707,1.0,1.0
2026-03-22T21:10:07.745-753714-768610,788,true,2.462693718978967,1,5130.502157139728,1.0,0.983
2026-03-22T21:10:07.745-753714-768610,692,true,0.8608826474766095,1,5129.641274492252,1.0,0.665
2026-03-22T21:10:07.745-753714-768610,155,true,0.3704840518997527,1,5129.270790440352,1.0,0.733
2026-03-22T21:10:07.745-753714-768610,999,true,23.774839070901965,1,5105.49595136945,1.0,0.988
2026-03-22T21:10:07.745-753714-768610,249,true,1.0886229228891573,1,5104.407328446561,1.0,0.994
2026-03-22T21:10:07.745-753714-768610,982,true,0.7511768917280423,1,5103.656151554833,1.0,0.33699999999999997
2026-03-22T21:10:07.745-753714-768610,717,true,0.952368360260794,1,5102.703783194572,1.0,0.985
2026-03-22T21:10:07.745-753714-768610,848,true,0.8345899127940118,1,5101.869193281777,1.0,0.726
2026-03-22T21:10:07.745-753714-768610,335,true,10.326144788698569,1,5091.5430484930785,1.0,0.988
2026-03-22T21:10:07.745-753714-768610,300,true,0.8885766330540078,1,5090.654471860024,1.0,0.988
2026-03-22T21:10:07.745-753714-768610,282,true,26.269418985784124,1,5064.3850528742405,1.0,0.992
2026-03-22T21:10:07.745-753714-768610,516,true,48.295445956169765,1,5016.089606918071,1.0,0.987
2026-03-22T21:10:07.745-753714-768610,97,true,2.1607702016728387,1,5013.928836716398,1.0,0.986
2026-03-22T21:10:07.745-753714-768610,315,true,0.24957616840239968,1,5013.679260547996,1.0,0.985
2026-03-22T21:10:07.745-753714-768610,779,true,0.7265918439879752,1,5012.952668704008,1.0,0.99
2026-03-22T21:10:07.745-753714-768610,189,true,11.862857611274807,1,5001.089811092733,1.0,0.989
2026-03-22T21:10:07.745-753714-768610,239,true,45.3689198314791,1,4955.720891261254,1.0,0.984
2026-03-22T21:10:07.745-753714-768610,952,true,0.9136247774936207,1,4954.807266483761,1.0,0.991
2026-03-22T21:10:07.745-753714-768610,234,false,0.15126444488629168,1,4954.807266483761,1.0,1.0
2026-03-22T21:10:07.745-753714-768610,477,true,1.2514434196143,1,4953.555823064146,1.0,0.988
2026-03-22T21:10:07.745-753714-768610,746,true,1.4559912776601045,1,4952.099831786486,1.0,0.984
2026-03-22T21:10:07.745-753714-768610,811,true,35.41432713488123,1,4916.685504651605,1.0,0.74
2026-03-22T21:10:07.745-753714-768610,816,true,101.74715030295324,1,4814.938354348652,1.0,0.21899999999999997
2026-03-22T21:10:07.745-753714-768610,821,true,3.388010286117639,1,4811.550344062534,1.0,0.714
2026-03-22T21:10:07.745-753714-768610,776,true,2.5587402444947385,1,4808.99160381804,1.0,0.6930000000000001
2026-03-22T21:10:07.745-753714-768610,621,true,12.052818885335494,1,4796.938784932704,1.0,0.982
2026-03-22T21:10:07.745-753714-768610,548,true,3.4124490825110647,1,4793.526335850193,1.0,0.992
2026-03-22T21:10:07.745-753714-768610,979,true,3.994434031876783,1,4789.531901818316,1.0,0.6679999999999999
2026-03-22T21:10:07.745-753714-768610,331,true,3.4381339062489116,1,4786.093767912067,1.0,0.749
2026-03-22T21:10:07.745-753714-768610,657,true,2.0424333671516623,1,4784.051334544915,1.0,0.33499999999999996
2026-03-22T21:10:07.745-753714-768610,314,true,0.5077764356809099,1,4783.543558109234,1.0,0.698
2026-03-22T21:10:07.745-753714-768610,590,false,0.0037486387432679224,1,4783.543558109234,1.0,1.0
2026-03-22T21:10:07.745-753714-768610,181,true,0.5125037873540527,1,4783.03105432188,1.0,0.663
2026-03-22T21:10:07.745-753714-768610,862,true,1.1114346151535621,1,4781.919619706727,1.0,0.994
2026-03-22T21:10:07.745-753714-768610,109,true,2.012915493210311,1,4779.906704213517,1.0,0.7130000000000001
2026-03-22T21:10:07.745-753714-768610,63,false,0.029721688610542633,1,4779.906704213517,1.0,1.0
2026-03-22T21:10:07.745-753714-768610,973,true,0.31353052511821194,1,4779.593173688399,1.0,0.985
2026-03-22T21:10:07.745-753714-768610,584,true,10.989079281991645,1,4768.604094406407,1.0,0.994
2026-03-22T21:10:07.745-753714-768610,686,true,1.1852190204463313,1,4767.418875385961,1.0,0.989
2026-03-22T21:10:07.745-753714-768610,160,true,1.482054128181209,1,4765.936821257779,1.0,0.988
2026-03-22T21:10:07.745-753714-768610,551,true,0.23089914843109527,1,4765.705922109348,1.0,0.737
2026-03-22T21:10:07.745-753714-768610,790,true,0.8707990521508797,1,4764.835123057197,1.0,0.6819999999999999
2026-03-22T21:10:07.745-753714-768610,689,true,6.423358312860053,1,4758.411764744337,1.0,0.526
2026-03-22T21:10:07.745-753714-768610,39,false,0.09378892363172352,1,4758.411764744337,1.0,1.0
2026-03-22T21:10:07.745-753714-768610,350,true,123.75411157420456,1,4634.657653170133,1.0,0.991
2026-03-22T21:10:07.745-753714-768610,814,true,0.8800444009906839,1,4633.777608769143,1.0,0.0
2026-03-22T21:10:07.745-753714-768610,299,true,2.494217849981807,1,4631.283390919161,1.0,0.648
2026-03-22T21:10:07.745-753714-768610,14,true,1.9791134839656876,1,4629.304277435195,1.0,0.988
2026-03-22T21:10:07.745-753714-768610,83,false,0.042521366496917665,1,4629.304277435195,1.0,1.0
2026-03-22T21:10:07.745-753714-768610,114,true,23.284277326405817,1,4606.02000010879,1.0,0.039000000000000035
2026-03-22T21:10:07.745-753714-768610,170,true,2.316656424566745,1,4603.703343684223,1.0,0.726
2026-03-22T21:10:07.745-753714-768610,356,true,0.9216191260002105,1,4602.781724558223,1.0,0.982
2026-03-22T21:10:07.745-753714-768610,468,true,13.477856963528595,1,4589.303867594695,1.0,0.652
2026-03-22T21:10:07.745-753714-768610,441,true,1.8539996246854054,1,4587.449867970009,1.0,0.989
2026-03-22T21:10:07.745-753714-768610,872,true,96.4680892563553,1,4490.9817787136535,1.0,0.29900000000000004
2026-03-22T21:10:07.745-753714-768610,367,true,3.125143805612896,1,4487.85663490804,1.0,0.988
2026-03-22T21:10:07.745-753714-768610,13,true,9.745168063897086,1,4478.111466844143,1.0,0.724
2026-03-22T21:10:07.745-753714-768610,370,true,0.4265636054998681,1,4477.6849032386435,1.0,0.679
2026-03-22T21:10:07.745-753714-768610,955,true,18.47246440366359,1,4459.21243883498,1.0,0.677
2026-03-22T21:10:07.745-753714-768610,829,true,6.201393709558731,1,4453.011045125421,1.0,0.6799999999999999
2026-03-22T21:10:07.745-753714-768610,29,false,0.17162554006432168,1,4453.011045125421,1.0,1.0
2026-03-22T21:10:07.745-753714-768610,766,true,19.570459805351916,1,4433.44058532007,1.0,0.985
2026-03-22T21:10:07.745-753714-768610,791,true,16.747399257108352,1,4416.693186062961,1.0,0.32599999999999996
2026-03-22T21:10:07.745-753714-768610,320,true,9.679789339305042,1,4407.013396723656,1.0,0.712
2026-03-22T21:10:07.745-753714-768610,115,true,3.396692358400714,1,4403.616704365256,1.0,0.0
2026-03-22T21:10:07.745-753714-768610,230,true,0.2236994651768324,1,4403.393004900079,1.0,0.986
2026-03-22T21:10:07.745-753714-768610,507,true,6.422706782360105,1,4396.970298117719,1.0,0.986
2026-03-22T21:10:07.745-753714-768610,581,true,2.6831635101232734,1,4394.287134607595,1.0,0.739
2026-03-22T21:10:07.745-753714-768610,393,true,1.9467720425810147,1,4392.340362565014,1.0,0.6719999999999999
2026-03-22T21:10:07.745-753714-768610,843,false,0.026677991576898156,1,4392.340362565014,1.0,1.0
2026-03-22T21:10:07.745-753714-768610,833,true,7.251090307446204,1,4385.089272257568,1.0,0.6950000000000001
2026-03-22T21:10:07.745-753714-768610,474,true,2.0510829664587478,1,4383.038189291109,1.0,0.667
2026-03-22T21:10:07.745-753714-768610,856,true,5.379379200020944,1,4377.6588100910885,1.0,0.988
2026-03-22T21:10:07.745-753714-768610,905,true,8.41774313350127,1,4369.2410669575875,1.0,0.993
2026-03-22T21:10:07.745-753714-768610,359,true,17.33387873968539,1,4351.907188217902,1.0,0.46799999999999997
2026-03-22T21:10:07.745-753714-768610,51,false,0.03660140488645681,1,4351.907188217902,1.0,1.0
2026-03-22T21:10:07.745-753714-768610,754,true,3.9784492988119258,1,4347.92873891909,1.0,0.99
2026-03-22T21:10:07.745-753714-768610,372,true,2.3813876104320486,1,4345.547351308658,1.0,0.69
2026-03-22T21:10:07.745-753714-768610,768,true,5.345328167839979,1,4340.202023140818,1.0,0.32299999999999995
2026-03-22T21:10:07.745-753714-768610,135,true,0.4023905136056468,1,4339.799632627212,1.0,0.99
2026-03-22T21:10:07.745-753714-768610,876,true,92.92127351075996,1,4246.878359116452,1.0,0.7030000000000001
2026-03-22T21:10:07.745-753714-768610,309,true,1.7035343242892034,1,4245.174824792162,1.0,0.741
2026-03-22T21:10:07.745-753714-768610,748,true,9.099653449856298,1,4236.075171342306,1.0,0.642
2026-03-22T21:10:07.745-753714-768610,732,true,2.7658874573070964,1,4233.309283884999,1.0,0.996
2026-03-22T21:10:07.745-753714-768610,232,true,563.5749927632934,1,3669.7342911217056,1.0,0.6599999999999999
2026-03-22T21:10:07.745-753714-768610,846,true,5.906457567651061,1,3663.8278335540545,1.0,0.6699999999999999
2026-03-22T21:10:07.745-753714-768610,789,true,41.72468616589752,1,3622.103147388157,1.0,0.0010000000000000009
2026-03-22T21:10:07.745-753714-768610,501,true,0.313366726081791,1,3621.7897806620754,1.0,0.991
2026-03-22T21:10:07.745-753714-768610,391,true,31.020900092022938,1,3590.7688805700523,1.0,0.0
2026-03-22T21:10:07.745-753714-768610,68,false,0.08511110651722625,1,3590.7688805700523,1.0,1.0
2026-03-22T21:10:07.745-753714-768610,809,true,5.137044174898278,1,3585.631836395154,1.0,0.704
2026-03-22T21:10:07.745-753714-768610,610,true,2.8575496506488256,1,3582.7742867445054,1.0,0.681
2026-03-22T21:10:07.745-753714-768610,224,true,4.8610034877095725,1,3577.9132832567957,1.0,0.6910000000000001
2026-03-22T21:10:07.745-753714-768610,217,true,1.9037586179580117,1,3576.009524638838,1.0,0.991
2026-03-22T21:10:07.745-753714-768610,390,true,9.508168797731619,1,3566.501355841106,1.0,0.0
2026-03-22T21:10:07.745-753714-768610,123,false,0.02047803155533033,1,3566.501355841106,1.0,1.0
2026-03-22T21:10:07.745-753714-768610,666,true,5.541466753635685,1,3560.9598890874704,1.0,0.7
2026-03-22T21:10:07.745-753714-768610,254,true,7.233662906454908,1,3553.7262261810156,1.0,0.99
2026-03-22T21:10:07.745-753714-768610,682,true,71.6413960245358,1,3482.0848301564797,1.0,0.987
2026-03-22T21:10:07.745-753714-768610,932,true,1.6052509895397673,1,3480.47957916694,1.0,0.995
2026-03-22T21:10:07.745-753714-768610,133,true,4.059254854092707,1,3476.4203243128472,1.0,0.667
2026-03-22T21:10:07.745-753714-768610,946,true,0.9830499494526811,1,3475.4372743633944,1.0,0.29700000000000004
2026-03-22T21:10:07.745-753714-768610,523,true,9.096662054837905,1,3466.3406123085565,1.0,0.6619999999999999
2026-03-22T21:10:07.745-753714-768610,457,true,2.559558329670519,1,3463.781053978886,1.0,0.986
2026-03-22T21:10:07.745-753714-768610,728,true,15.344547909054423,1,3448.436506069832,1.0,0.681
2026-03-22T21:10:07.745-753714-768610,572,true,5.4326719418679845,1,3443.0038341279637,1.0,0.994
2026-03-22T21:10:07.745-753714-768610,519,true,5.36205941883127,1,3437.6417747091323,1.0,0.6739999999999999
2026-03-22T21:10:07.745-753714-768610,220,true,5.347766722033942,1,3432.294007987098,1.0,0.663
2026-03-22T21:10:07.745-753714-768610,576,true,4.470447001729954,1,3427.823560985368,1.0,0.989
2026-03-22T21:10:07.745-753714-768610,895,true,9.232693521329857,1,3418.590867464038,1.0,0.99
2026-03-22T21:10:07.745-753714-768610,882,true,9.151711174083433,1,3409.4391562899546,1.0,0.989
2026-03-22T21:10:07.745-753714-768610,753,true,3.2274567910677967,1,3406.211699498887,1.0,0.671
2026-03-22T21:10:07.745-753714-768610,256,true,5.9577548722356655,1,3400.2539446266514,1.0,0.6930000000000001
2026-03-22T21:10:07.745-753714-768610,363,true,52.566365197412594,1,3347.6875794292387,1.0,0.69
2026-03-22T21:10:07.745-753714-768610,659,true,6.06580116058328,1,3341.6217782686554,1.0,0.31899999999999995
2026-03-22T21:10:07.745-753714-768610,668,true,20.401392696963207,1,3321.220385571692,1.0,0.44899999999999995
2026-03-22T21:10:07.745-753714-768610,688,true,1.6358406441536564,1,3319.5845449275384,1.0,0.357
2026-03-22T21:10:07.745-753714-768610,418,false,0.009454138114125894,1,3319.5845449275384,1.0,1.0
2026-03-22T21:10:07.745-753714-768610,494,false,0.07492676897416041,1,3319.5845449275384,1.0,1.0
2026-03-22T21:10:07.745-753714-768610,298,true,2.620861490112375,1,3316.963683437426,1.0,0.32299999999999995
2026-03-22T21:10:07.745-753714-768610,37,true,17.841578685483597,1,3299.1221047519425,1.0,0.675
2026-03-22T21:10:07.745-753714-768610,411,true,0.5617728927191068,1,3298.5603318592234,1.0,0.988
2026-03-22T21:10:07.745-753714-768610,714,true,0.25481238506261494,1,3298.305519474161,1.0,0.30000000000000004
2026-03-22T21:10:07.745-753714-768610,27,true,21.77354995218114,1,3276.53196952198,1.0,0.669
2026-03-22T21:10:07.745-753714-768610,842,true,4.6638151733300575,1,3271.86815434865,1.0,0.986
2026-03-22T21:10:07.745-753714-768610,269,true,0.724515265104994,1,3271.143639083545,1.0,0.983
2026-03-22T21:10:07.745-753714-768610,702,true,99.98666105156403,1,3171.156978031981,1.0,0.729
2026-03-22T21:10:07.745-753714-768610,591,true,0.5644700743866681,1,3170.5925079575945,1.0,0.986
2026-03-22T21:10:07.745-753714-768610,706,true,1.2901854648537152,1,3169.302322492741,1.0,0.992
2026-03-22T21:10:07.745-753714-768610,293,true,10.77675073640191,1,3158.525571756339,1.0,0.677
2026-03-22T21:10:07.745-753714-768610,126,true,9.1486376838652,1,3149.376934072474,1.0,0.985
2026-03-22T21:10:07.745-753714-768610,812,true,19.226804065628535,1,3130.1501300068453,1.0,0.0
2026-03-22T21:10:07.745-753714-768610,208,false,0.20623644775313396,1,3130.1501300068453,1.0,1.0
2026-03-22T21:10:07.745-753714-768610,558,false,0.20888798981247414,1,3130.1501300068453,1.0,1.0
2026-03-22T21:10:07.745-753714-768610,347,true,0.6072250163157139,1,3129.5429049905297,1.0,0.671
2026-03-22T21:10:07.745-753714-768610,687,true,1.8244949817260503,1,3127.7184100088034,1.0,0.039000000000000035
2026-03-22T21:10:07.745-753714-768610,346,false,0.03441021392989914,1,3127.7184100088034,1.0,1.0
2026-03-22T21:10:07.745-753714-768610,369,false,0.1774689811793262,1,3127.7184100088034,1.0,1.0
2026-03-22T21:10:07.745-753714-768610,6,true,15.683081596945193,1,3112.0353284118582,1.0,0.663
2026-03-22T21:10:07.745-753714-768610,524,true,101.03292019332348,1,3011.0024082185346,1.0,0.44399999999999995
2026-03-22T21:10:07.745-753714-768610,933,false,0.02328798270862602,1,3011.0024082185346,1.0,1.0
2026-03-22T21:10:07.745-753714-768610,629,true,4.4407793028885285,1,3006.561628915646,1.0,0.655
2026-03-22T21:10:07.745-753714-768610,93,true,1.5055563031710837,1,3005.056072612475,1.0,0.983
2026-03-22T21:10:07.745-753714-768610,344,true,1.633665564299557,1,3003.4224070481755,1.0,0.31399999999999995
2026-03-22T21:10:07.745-753714-768610,770,true,0.5867376106540709,1,3002.8356694375216,1.0,0.30900000000000005
2026-03-22T21:10:07.745-753714-768610,907,false,0.11972666676321374,1,3002.8356694375216,1.0,1.0
2026-03-22T21:10:07.745-753714-768610,463,true,14.836209632952325,1,2987.999459804569,1.0,0.28600000000000003
2026-03-22T21:10:07.745-753714-768610,527,true,3.005837094922531,1,2984.9936227096464,1.0,0.0
2026-03-22T21:10:07.745-753714-768610,412,true,5.174022075006331,1,2979.81960063464,1.0,0.704
2026-03-22T21:10:07.745-753714-768610,592,true,7.178064732313185,1,2972.641535902327,1.0,0.659
2026-03-22T21:10:07.745-753714-768610,330,false,0.14020951081990024,1,2972.641535902327,1.0,1.0
2026-03-22T21:10:07.745-753714-768610,384,true,3.8595225278106153,1,2968.7820133745167,1.0,0.989
2026-03-22T21:10:07.745-753714-768610,422,true,11.583127987631354,1,2957.198885386885,1.0,0.991
2026-03-22T21:10:07.745-753714-768610,274,true,10.75469027678772,1,2946.4441951100976,1.0,0.989
2026-03-22T21:10:07.745-753714-768610,157,true,34.291020089989644,1,2912.153175020108,1.0,0.0020000000000000018
2026-03-22T21:10:07.745-753714-768610,735,true,4.885905965815487,1,2907.2672690542922,1.0,0.683
2026-03-22T21:10:07.745-753714-768610,223,true,8.394990480347932,1,2898.872278573944,1.0,0.0020000000000000018
2026-03-22T21:10:07.745-753714-768610,571,true,2.3363892728884785,1,2896.5358893010557,1.0,0.675
2026-03-22T21:10:07.745-753714-768610,803,false,0.010191792864702374,1,2896.5358893010557,1.0,1.0
2026-03-22T21:10:07.745-753714-768610,727,true,2.210347821359878,1,2894.325541479696,1.0,0.33099999999999996
2026-03-22T21:10:07.745-753714-768610,670,false,0.2001258029558871,1,2894.325541479696,1.0,1.0
2026-03-22T21:10:07.745-753714-768610,625,true,5.568510455401553,1,2888.7570310242945,1.0,0.6950000000000001
2026-03-22T21:10:07.745-753714-768610,545,true,3.9129173683865712,1,2884.844113655908,1.0,0.694
2026-03-22T21:10:07.745-753714-768610,406,false,0.09910259706403492,1,2884.844113655908,1.0,1.0
2026-03-22T21:10:07.745-753714-768610,662,true,2.5436252584159944,1,2882.3004883974922,1.0,0.0
2026-03-22T21:10:07.745-753714-768610,914,false,0.014142485609924402,1,2882.3004883974922,1.0,1.0
2026-03-22T21:10:07.745-753714-768610,440,true,1.4409410822204523,1,2880.859547315272,1.0,0.654
2026-03-22T21:10:07.745-753714-768610,191,true,2.30887975552217,1,2878.55066755975,1.0,0.661
2026-03-22T21:10:07.745-753714-768610,928,true,2.570996418114921,1,2875.9796711416348,1.0,0.992
2026-03-22T21:10:07.745-753714-768610,435,true,3.695735231898174,1,2872.2839359097366,1.0,0.991
2026-03-22T21:10:07.745-753714-768610,251,true,1.1606570581033222,1,2871.123278851633,1.0,0.32899999999999996
2026-03-22T21:10:07.745-753714-768610,201,true,1.4178168705125431,1,2869.7054619811206,1.0,0.679
2026-03-22T21:10:07.745-753714-768610,855,true,0.27714945154087434,1,2869.4283125295797,1.0,0.74
2026-03-22T21:10:07.745-753714-768610,974,true,0.7214533644935872,1,2868.706859165086,1.0,0.657
2026-03-22T21:10:07.745-753714-768610,352,true,33.54357965314629,1,2835.1632795119394,1.0,0.6970000000000001
2026-03-22T21:10:07.745-753714-768610,1,true,25.638098145466895,1,2809.5251813664727,1.0,0.31999999999999995
2026-03-22T21:10:07.745-753714-768610,169,true,1.084387564933936,1,2808.440793801539,1.0,0.30600000000000005
2026-03-22T21:10:07.745-753714-768610,534,true,19.49332489727525,1,2788.9474689042636,1.0,0.632
2026-03-22T21:10:07.745-753714-768610,767,true,0.9519029758432123,1,2787.9955659284205,1.0,0.0
2026-03-22T21:10:07.745-753714-768610,703,true,6.212466937114299,1,2781.7830989913064,1.0,0.0050000000000000044
2026-03-22T21:10:07.745-753714-768610,741,true,0.7535964780293508,1,2781.029502513277,1.0,0.983
2026-03-22T21:10:07.745-753714-768610,740,true,12.0739163873218,1,2768.955586125955,1.0,0.655
2026-03-22T21:10:07.745-753714-768610,333,false,0.13379312159870668,1,2768.955586125955,1.0,1.0
2026-03-22T21:10:07.745-753714-768610,960,false,0.0647996313379223,1,2768.955586125955,1.0,1.0
2026-03-22T21:10:07.745-753714-768610,869,true,2.715477579852681,1,2766.2401085461024,1.0,0.31799999999999995
2026-03-22T21:10:07.745-753714-768610,250,true,0.299654520932947,1,2765.9404540251694,1.0,0.5449999999999999
2026-03-22T21:10:07.745-753714-768610,100,true,2.1174078332761233,1,2763.8230461918934,1.0,0.663
2026-03-22T21:10:07.745-753714-768610,716,true,3.5356207531874526,1,2760.287425438706,1.0,0.31499999999999995
2026-03-22T21:10:07.745-753714-768610,908,true,152.8138529307128,1,2607.473572507993,1.0,0.649
2026-03-22T21:10:07.745-753714-768610,499,true,0.7427360451007078,1,2606.7308364628925,1.0,0.32199999999999995
2026-03-22T21:10:07.745-753714-768610,930,true,201.82796512841745,1,2404.902871334475,1.0,0.46799999999999997
2026-03-22T21:10:07.745-753714-768610,959,true,0.42245398225917663,1,2404.480417352216,1.0,0.673
2026-03-22T21:10:07.745-753714-768610,709,true,9.808095670023567,1,2394.6723216821924,1.0,0.33399999999999996
2026-03-22T21:10:07.745-753714-768610,210,true,0.8046837176268908,1,2393.8676379645653,1.0,0.991
2026-03-22T21:10:07.745-753714-768610,989,true,0.40926579408583724,1,2393.4583721704794,1.0,0.987
2026-03-22T21:10:07.745-753714-768610,480,true,65.90137545476246,1,2327.556996715717,1.0,0.30000000000000004
2026-03-22T21:10:07.745-753714-768610,996,true,1.4447522041966887,1,2326.11224451152,1.0,0.538
2026-03-22T21:10:07.745-753714-768610,107,true,31.299577444104646,1,2294.8126670674155,1.0,0.71
2026-03-22T21:10:07.745-753714-768610,368,true,0.6989702584873615,1,2294.113696808928,1.0,0.44699999999999995
2026-03-22T21:10:07.745-753714-768610,205,true,2.4291352552036867,1,2291.6845615537245,1.0,0.983
2026-03-22T21:10:07.745-753714-768610,918,true,9.494946415004016,1,2282.1896151387205,1.0,0.667
2026-03-22T21:10:07.745-753714-768610,929,false,0.02677443157092489,1,2282.1896151387205,1.0,1.0
2026-03-22T21:10:07.745-753714-768610,9,true,3.6531872072660363,1,2278.5364279314545,1.0,0.6970000000000001
2026-03-22T21:10:07.745-753714-768610,977,true,0.30586679862786215,1,2278.2305611328266,1.0,0.361
2026-03-22T21:10:07.745-753714-768610,543,true,2.2168400103234855,1,2276.0137211225033,1.0,0.0
2026-03-22T21:10:07.745-753714-768610,561,true,2.592348146756674,1,2273.4213729757466,1.0,0.987
2026-03-22T21:10:07.745-753714-768610,378,true,1.472926544826012,1,2271.9484464309207,1.0,0.991
2026-03-22T21:10:07.745-753714-768610,514,true,81.81679152093615,1,2190.1316549099847,1.0,0.673
2026-03-22T21:10:07.745-753714-768610,47,true,1.025354559666509,1,2189.106300350318,1.0,0.646
2026-03-22T21:10:07.745-753714-768610,277,true,8.15867293107695,1,2180.947627419241,1.0,0.7070000000000001
2026-03-22T21:10:07.745-753714-768610,913,true,1.0625308782123737,1,2179.885096541029,1.0,0.679
2026-03-22T21:10:07.745-753714-768610,416,true,1.8017384155840095,1,2178.0833581254446,1.0,0.986
2026-03-22T21:10:07.745-753714-768610,858,true,0.48331510588497806,1,2177.6000430195595,1.0,0.32099999999999995
2026-03-22T21:10:07.745-753714-768610,917,true,17.351075928148855,1,2160.2489670914106,1.0,0.46499999999999997
2026-03-22T21:10:07.745-753714-768610,103,true,8.96959247471186,1,2151.2793746166985,1.0,0.729
2026-03-22T21:10:07.745-753714-768610,991,true,1.6111758910128202,1,2149.6681987256857,1.0,0.681
2026-03-22T21:10:07.745-753714-768610,863,true,2.122740694543129,1,2147.5454580311425,1.0,0.6839999999999999
2026-03-22T21:10:07.745-753714-768610,228,true,1.7425137500848031,1,2145.8029442810575,1.0,0.31000000000000005
2026-03-22T21:10:07.745-753714-768610,442,true,0.5098451874386222,1,2145.293099093619,1.0,0.31899999999999995
2026-03-22T21:10:07.745-753714-768610,781,true,3.518705224790883,1,2141.774393868828,1.0,0.6970000000000001
2026-03-22T21:10:07.745-753714-768610,243,true,13.294236985904098,1,2128.480156882924,1.0,0.984
2026-03-22T21:10:07.745-753714-768610,980,true,36.53897233245576,1,2091.9411845504683,1.0,0.0010000000000000009
2026-03-22T21:10:07.745-753714-768610,312,true,14.476761797995989,1,2077.4644227524723,1.0,0.17000000000000004
2026-03-22T21:10:07.745-753714-768610,61,true,0.9359173056866225,1,2076.528505446786,1.0,0.989
2026-03-22T21:10:07.745-753714-768610,459,true,8.981907847447122,1,2067.546597599339,1.0,0.733
2026-03-22T21:10:07.745-753714-768610,761,false,0.17675613575557658,1,2067.546597599339,1.0,1.0
2026-03-22T21:10:07.745-753714-768610,515,true,0.5573530876756807,1,2066.989244511663,1.0,0.31299999999999994
2026-03-22T21:10:07.745-753714-768610,510,true,0.8260761233772226,1,2066.1631683882856,1.0,0.692
2026-03-22T21:10:07.745-753714-768610,471,true,5.076842508264015,1,2061.0863258800214,1.0,0.32499999999999996
2026-03-22T21:10:07.745-753714-768610,752,true,7.763742692587214,1,2053.3225831874342,1.0,0.32499999999999996
2026-03-22T21:10:07.745-753714-768610,240,true,137.35566547611577,1,1915.9669177113185,1.0,0.32399999999999995
2026-03-22T21:10:07.745-753714-768610,248,true,12.16440239131887,1,1903.8025153199997,1.0,0.0020000000000000018
2026-03-22T21:10:07.745-753714-768610,711,true,1.274729246780007,1,1902.5277860732197,1.0,0.0020000000000000018
2026-03-22T21:10:07.745-753714-768610,954,true,1.9615535120704588,1,1900.5662325611493,1.0,0.31000000000000005
2026-03-22T21:10:07.745-753714-768610,364,true,49.45831267577229,1,1851.107919885377,1.0,0.039000000000000035
2026-03-22T21:10:07.745-753714-768610,69,true,0.3445147027825221,1,1850.7634051825944,1.0,0.991
2026-03-22T21:10:07.745-753714-768610,588,true,10.850882532984224,1,1839.91252264961,1.0,0.474
2026-03-22T21:10:07.745-753714-768610,215,true,0.4803591112988811,1,1839.4321635383112,1.0,0.632
2026-03-22T21:10:07.745-753714-768610,535,true,5.398199051375464,1,1834.0339644869357,1.0,0.33699999999999997
2026-03-22T21:10:07.745-753714-768610,65,true,2.9935855714898887,1,1831.040378915446,1.0,0.714
2026-03-22T21:10:07.745-753714-768610,305,true,0.26784019445007895,1,1830.7725387209957,1.0,0.44699999999999995
2026-03-22T21:10:07.745-753714-768610,651,true,1.1256424211422487,1,1829.6468962998536,1.0,0.6819999999999999
2026-03-22T21:10:07.745-753714-768610,614,true,9.1566041230152,1,1820.4902921768385,1.0,0.685
2026-03-22T21:10:07.745-753714-768610,242,true,0.42334871325661394,1,1820.0669434635818,1.0,0.0040000000000000036
2026-03-22T21:10:07.745-753714-768610,294,true,6.713194682320418,1,1813.3537487812614,1.0,0.31899999999999995
2026-03-22T21:10:07.745-753714-768610,78,true,2.5747152745209188,1,1810.7790335067405,1.0,0.6739999999999999
2026-03-22T21:10:07.745-753714-768610,949,true,5.273656251778718,1,1805.5053772549618,1.0,0.0
2026-03-22T21:10:07.745-753714-768610,262,true,2.1697452942151165,1,1803.3356319607467,1.0,0.986
2026-03-22T21:10:07.745-753714-768610,926,true,7.282327376333628,1,1796.0533045844131,1.0,0.723
2026-03-22T21:10:07.745-753714-768610,233,true,33.09910822487355,1,1762.9541963595395,1.0,0.277
2026-03-22T21:10:07.745-753714-768610,725,false,0.16143578182559082,1,1762.9541963595395,1.0,1.0
2026-03-22T21:10:07.745-753714-768610,785,true,0.6150021254343784,1,1762.3391942341052,1.0,0.6819999999999999
2026-03-22T21:10:07.745-753714-768610,597,true,9.84171080140716,1,1752.4974834326981,1.0,0.983
2026-03-22T21:10:07.745-753714-768610,609,false,0.09406607875843172,1,1752.4974834326981,1.0,1.0
2026-03-22T21:10:07.745-753714-768610,990,true,4.0020335808148815,1,1748.4954498518832,1.0,0.32299999999999995
2026-03-22T21:10:07.745-753714-768610,528,true,48.858027414499595,1,1699.6374224373835,1.0,0.0010000000000000009
2026-03-22T21:10:07.745-753714-768610,380,true,0.3138702531957703,1,1699.3235521841877,1.0,0.736
2026-03-22T21:10:07.745-753714-768610,488,true,23.627224590628128,1,1675.6963275935595,1.0,0.6779999999999999
2026-03-22T21:10:07.745-753714-768610,33,false,0.18038153501321091,1,1675.6963275935595,1.0,1.0
2026-03-22T21:10:07.745-753714-768610,626,true,0.3650938829295779,1,1675.33123371063,1.0,0.0
2026-03-22T21:10:07.745-753714-768610,613,true,6.939053612762921,1,1668.392180097867,1.0,0.0010000000000000009
2026-03-22T21:10:07.745-753714-768610,53,true,140.04292596131347,1,1528.3492541365536,1.0,0.989
2026-03-22T21:10:07.745-753714-768610,661,true,30.1957490576378,1,1498.1535050789157,1.0,0.0
2026-03-22T21:10:07.745-753714-768610,880,true,0.2580603309702098,1,1497.8954447479455,1.0,0.645
2026-03-22T21:10:07.745-753714-768610,292,true,0.7604070479520945,1,1497.1350376999933,1.0,0.0010000000000000009
2026-03-22T21:10:07.745-753714-768610,399,true,5.422964319973427,1,1491.7120733800198,1.0,0.6739999999999999
2026-03-22T21:10:07.745-753714-768610,409,true,6.463796834008042,1,1485.2482765460118,1.0,0.0
2026-03-22T21:10:07.745-753714-768610,286,true,8.329695011841672,1,1476.91858153417,1.0,0.989
2026-03-22T21:10:07.745-753714-768610,52,true,0.5212438257016073,1,1476.3973377084685,1.0,0.681
2026-03-22T21:10:07.745-753714-768610,174,true,5.101767120551828,1,1471.2955705879167,1.0,0.993
2026-03-22T21:10:07.745-753714-768610,146,true,2.1396560472972053,1,1469.1559145406195,1.0,0.985
2026-03-22T21:10:07.745-753714-768610,102,true,4.897250537327993,1,1464.2586640032914,1.0,0.32499999999999996
2026-03-22T21:10:07.745-753714-768610,23,true,222.92494195300446,1,1241.333722050287,1.0,0.7170000000000001
2026-03-22T21:10:07.745-753714-768610,769,false,0.060378934082946215,1,1241.333722050287,1.0,1.0
2026-03-22T21:10:07.745-753714-768610,90,true,1.8299177183644622,1,1239.5038043319225,1.0,0.723
2026-03-22T21:10:07.745-753714-768610,691,true,5.716534130324126,1,1233.7872702015984,1.0,0.0
2026-03-22T21:10:07.745-753714-768610,147,true,3.2658525593040935,1,1230.5214176422944,1.0,0.681
2026-03-22T21:10:07.745-753714-768610,396,true,12.579903951364503,1,1217.94151369093,1.0,0.0
2026-03-22T21:10:07.745-753714-768610,883,true,555.0643562956708,1,662.8771573952591,1.0,0.255
2026-03-22T21:10:07.745-753714-768610,319,true,51.06874578877913,1,611.80841160648,1.0,0.32799999999999996
2026-03-22T21:10:07.745-753714-768610,808,true,11.33685422819839,1,600.4715573782817,1.0,0.30800000000000005
2026-03-22T21:10:07.745-753714-768610,327,true,198.3447581530548,1,402.1267992252268,1.0,0.983
2026-03-22T21:10:07.745-753714-768610,834,false,0.16651536546652404,1,402.1267992252268,1.0,1.0
2026-03-22T21:10:07.745-753714-768610,227,true,15.176443288489102,1,386.9503559367377,1.0,0.0
2026-03-22T21:10:07.745-753714-768610,665,true,0.6231286421293464,1,386.32722729460835,1.0,0.0
2026-03-22T21:10:07.745-753714-768610,252,true,1.4198739512131313,1,384.90735334339524,1.0,0.0
2026-03-22T21:10:07.745-753714-768610,538,true,3.9174585955210315,1,380.9898947478742,1.0,0.0
2026-03-22T21:10:07.745-753714-768610,972,true,1.9227754210049555,1,379.06711932686926,1.0,0.33099999999999996
2026-03-22T21:10:07.745-753714-768610,511,true,4.883047722279338,1,374.1840716045899,1.0,0.30000000000000004
2026-03-22T21:10:07.745-753714-768610,401,true,3.3212926006927277,1,370.8627790038972,1.0,0.32299999999999995
2026-03-22T21:10:07.745-753714-768610,867,true,9.405948403986093,1,361.4568305999111,1.0,0.734
2026-03-22T21:10:07.745-753714-768610,683,true,24.79647470383619,1,336.6603558960749,1.0,0.47
2026-03-22T21:10:07.745-753714-768610,800,true,0.5910162863000938,1,336.06933960977483,1.0,0.99
2026-03-22T21:10:07.745-753714-768610,493,true,28.311506318499294,1,307.7578332912755,1.0,0.986
2026-03-22T21:10:07.745-753714-768610,981,true,1.3141654264907214,1,306.4436678647848,1.0,0.0
2026-03-22T21:10:07.745-753714-768610,622,true,1.1555132465686666,1,305.28815461821614,1.0,0.279
2026-03-22T21:10:07.745-753714-768610,567,true,3.0131917338827767,1,302.2749628843334,1.0,0.981
2026-03-22T21:10:07.745-753714-768610,554,true,0.3991503890047008,1,301.87581249532866,1.0,0.31399999999999995
2026-03-22T21:10:07.745-753714-768610,5,true,1.3133545737324803,1,300.5624579215962,1.0,0.33899999999999997
2026-03-22T21:10:07.745-753714-768610,828,true,1.0317583708059919,1,299.5306995507902,1.0,0.529
2026-03-22T21:10:07.745-753714-768610,886,true,5.169767726792144,1,294.36093182399804,1.0,0.6719999999999999
2026-03-22T21:10:07.745-753714-768610,379,true,2.0133546759368413,1,292.3475771480612,1.0,0.30600000000000005
2026-03-22T21:10:07.745-753714-768610,96,true,2.4206392974704674,1,289.9269378505907,1.0,0.44899999999999995
2026-03-22T21:10:07.745-753714-768610,585,true,4.06325751153669,1,285.86368033905404,1.0,0.04500000000000004
2026-03-22T21:10:07.745-753714-768610,569,true,6.626997326815636,1,279.2366830122384,1.0,0.0
2026-03-22T21:10:07.745-753714-768610,898,true,1.225264709468792,1,278.01141830276964,1.0,0.663
2026-03-22T21:10:07.745-753714-768610,939,true,0.51391742519123,1,277.49750087757843,1.0,0.6930000000000001
2026-03-22T21:10:07.745-753714-768610,313,true,2.701363809273993,1,274.79613706830446,1.0,0.0
2026-03-22T21:10:07.745-753714-768610,937,true,0.4379150579731368,1,274.3582220103313,1.0,0.6910000000000001
2026-03-22T21:10:07.745-753714-768610,197,true,0.4146615025899719,1,273.9435605077413,1.0,0.669
2026-03-22T21:10:07.745-753714-768610,110,true,1.8807346121401054,1,272.06282589560124,1.0,0.0010000000000000009
2026-03-22T21:10:07.745-753714-768610,674,true,5.635195668992215,1,266.42763022660904,1.0,0.724
2026-03-22T21:10:07.745-753714-768610,261,true,5.519682631085082,1,260.907947595524,1.0,0.6719999999999999
2026-03-22T21:10:07.745-753714-768610,817,true,35.0048660437129,1,225.90308155181108,1.0,0.0
2026-03-22T21:10:07.745-753714-768610,235,true,1.7524754083944614,1,224.1506061434166,1.0,0.42500000000000004
2026-03-22T21:10:07.745-753714-768610,270,true,11.565369554428864,1,212.58523658898775,1.0,0.6699999999999999
2026-03-22T21:10:07.745-753714-768610,148,true,5.0130726687529386,1,207.57216392023483,1.0,0.33299999999999996
2026-03-22T21:10:07.745-753714-768610,266,true,94.19174978607141,1,113.38041413416342,1.0,0.65
2026-03-22T21:10:07.745-753714-768610,172,false,0.012664053112604963,1,113.38041413416342,1.0,1.0
2026-03-22T21:10:07.745-753714-768610,21,true,3.75650384226815,1,109.62391029189527,1.0,0.274
2026-03-22T21:10:07.745-753714-768610,2,true,1.8704075665529005,1,107.75350272534237,1.0,0.0
2026-03-22T21:10:07.745-753714-768610,841,true,3.1716427053167258,1,104.58186002002564,1.0,0.692
2026-03-22T21:10:07.745-753714-768610,152,true,1.4424482759670687,1,103.13941174405858,1.0,0.687
2026-03-22T21:10:07.745-753714-768610,679,true,4.924114916442841,1,98.21529682761573,1.0,0.654
2026-03-22T21:10:07.745-753714-768610,830,true,0.4149465041751134,1,97.80035032344061,1.0,0.0
2026-03-22T21:10:07.745-753714-768610,756,true,29.501230703205348,1,68.29911962023526,1.0,0.33199999999999996
2026-03-22T21:10:07.745-753714-768610,563,true,6.809086459626385,1,61.490033160608874,1.0,0.6739999999999999
2026-03-22T21:10:07.745-753714-768610,637,true,14.567501289076127,1,46.92253187153275,1.0,0.702
2026-03-22T21:10:07.745-753714-768610,18,true,5.335215681150476,1,41.58731619038227,1.0,0.685
2026-03-22T21:10:07.745-753714-768610,965,true,2.0976345957001095,1,39.48968159468216,1.0,0.44799999999999995
2026-03-22T21:10:07.745-753714-768610,166,true,62.762456981256086,1,-23.272775386573926,1.0,0.32299999999999995
2026-03-22T21:10:07.745-705391-308309,160,false,0.5135469057890681,1,4057.297862394433,1.0,1.0
2026-03-22T21:10:07.745-705391-308309,984,false,0.571329801408348,1,4057.297862394433,1.0,1.0
2026-03-22T21:10:07.745-705391-308309,252,false,2.739977875090556,1,4057.297862394433,1.0,1.0
2026-03-22T21:10:07.745-705391-308309,15,false,0.46176358377886917,1,4057.297862394433,1.0,1.0
2026-03-22T21:10:07.745-705391-308309,323,false,8.149342521047902,1,4057.297862394433,1.0,1.0
2026-03-22T21:10:07.745-705391-308309,103,false,6.981699054519706,1,4057.297862394433,1.0,1.0
2026-03-22T21:10:07.745-705391-308309,46,false,1.7086531168434298,1,4057.297862394433,1.0,1.0
2026-03-22T21:10:07.745-705391-308309,643,false,0.667471645643324,1,4057.297862394433,1.0,1.0
2026-03-22T21:10:07.745-705391-308309,522,false,13.858078665621129,1,4057.297862394433,1.0,1.0
2026-03-22T21:10:07.745-705391-308309,873,false,1.6366905165633518,1,4057.297862394433,1.0,1.0
2026-03-22T21:10:07.745-705391-308309,240,false,0.527329924670112,1,4057.297862394433,1.0,1.0
2026-03-22T21:10:07.745-705391-308309,740,false,0.5344293216757185,1,4057.297862394433,1.0,1.0
2026-03-22T21:10:07.745-705391-308309,812,false,38.66080430465538,1,4057.297862394433,1.0,1.0
2026-03-22T21:10:07.745-705391-308309,466,false,0.47587110470665916,1,4057.297862394433,1.0,1.0
2026-03-22T21:10:07.745-705391-308309,749,false,2.470333156901956,1,4057.297862394433,1.0,1.0
2026-03-22T21:10:07.745-705391-308309,361,false,7.328913931662084,1,4057.297862394433,1.0,1.0
2026-03-22T21:10:07.745-705391-308309,912,false,1.1319372857392265,1,4057.297862394433,1.0,1.0
2026-03-22T21:10:07.745-705391-308309,260,false,2.0650448281447504,1,4057.297862394433,1.0,1.0
2026-03-22T21:10:07.745-705391-308309,118,true,471.9017799293622,1,3585.3960824650712,1.0,0.78
2026-03-22T21:10:07.745-705391-308309,280,false,1.5990784061136802,1,3585.3960824650712,1.0,1.0
2026-03-22T21:10:07.745-705391-308309,423,false,0.4775685860575959,1,3585.3960824650712,1.0,1.0
2026-03-22T21:10:07.745-705391-308309,688,false,0.12059079638521643,1,3585.3960824650712,1.0,1.0
2026-03-22T21:10:07.745-705391-308309,583,false,1.2958025505615192,1,3585.3960824650712,1.0,1.0
2026-03-22T21:10:07.745-705391-308309,105,false,24.02858970637838,1,3585.3960824650712,1.0,1.0
2026-03-22T21:10:07.745-705391-308309,270,false,0.2898114030003131,1,3585.3960824650712,1.0,1.0
2026-03-22T21:10:07.745-705391-308309,390,false,60.33843311195316,1,3585.3960824650712,1.0,1.0
2026-03-22T21:10:07.745-705391-308309,773,false,0.37150451081786506,1,3585.3960824650712,1.0,1.0
2026-03-22T21:10:07.745-705391-308309,514,false,0.1315036921861316,1,3585.3960824650712,1.0,1.0
2026-03-22T21:10:07.745-705391-308309,401,false,0.0440146272458555,1,3585.3960824650712,1.0,1.0
2026-03-22T21:10:07.745-705391-308309,171,false,0.4560419406911837,1,3585.3960824650712,1.0,1.0
2026-03-22T21:10:07.745-705391-308309,914,false,0.889142696598138,1,3585.3960824650712,1.0,1.0
2026-03-22T21:10:07.745-705391-308309,638,false,2.6303305761076365,1,3585.3960824650712,1.0,1.0
2026-03-22T21:10:07.745-705391-308309,229,false,7.402856856739421,1,3585.3960824650712,1.0,1.0
2026-03-22T21:10:07.745-705391-308309,535,false,3.73421247676535,1,3585.3960824650712,1.0,1.0
2026-03-22T21:10:07.745-705391-308309,433,false,1.026381735590014,1,3585.3960824650712,1.0,1.0
2026-03-22T21:10:07.745-705391-308309,687,false,0.7647632641941472,1,3585.3960824650712,1.0,1.0
2026-03-22T21:10:07.745-705391-308309,707,false,0.08808486427235963,1,3585.3960824650712,1.0,1.0
2026-03-22T21:10:07.745-705391-308309,650,false,0.548496026253707,1,3585.3960824650712,1.0,1.0
2026-03-22T21:10:07.745-705391-308309,887,false,3.5501642588508604,1,3585.3960824650712,1.0,1.0
2026-03-22T21:10:07.745-705391-308309,450,false,6.472906428916398,1,3585.3960824650712,1.0,1.0
2026-03-22T21:10:07.745-705391-308309,43,false,0.8698448689844943,1,3585.3960824650712,1.0,1.0
2026-03-22T21:10:07.745-705391-308309,266,false,1.7549288082012011,1,3585.3960824650712,1.0,1.0
2026-03-22T21:10:07.745-705391-308309,436,false,3.655807324511779,1,3585.3960824650712,1.0,1.0
2026-03-22T21:10:07.745-705391-308309,796,false,0.14425121093447607,1,3585.3960824650712,1.0,1.0
2026-03-22T21:10:07.745-705391-308309,349,false,1.8875848167168152,1,3585.3960824650712,1.0,1.0
2026-03-22T21:10:07.745-705391-308309,341,false,3.0145183660915493,1,3585.3960824650712,1.0,1.0
2026-03-22T21:10:07.745-705391-308309,617,false,4.119711105454922,1,3585.3960824650712,1.0,1.0
2026-03-22T21:10:07.745-705391-308309,651,false,140.3452938812975,1,3585.3960824650712,1.0,1.0
2026-03-22T21:10:07.745-705391-308309,93,false,8.481740244205344,1,3585.3960824650712,1.0,1.0
2026-03-22T21:10:07.745-705391-308309,677,false,34.13270641472483,1,3585.3960824650712,1.0,1.0
2026-03-22T21:10:07.745-705391-308309,199,false,0.41385350904536333,1,3585.3960824650712,1.0,1.0
2026-03-22T21:10:07.745-705391-308309,365,false,6.936500779413696,1,3585.3960824650712,1.0,1.0
2026-03-22T21:10:07.745-705391-308309,976,false,1.1178176571307912,1,3585.3960824650712,1.0,1.0
2026-03-22T21:10:07.745-705391-308309,841,false,0.9622911050202765,1,3585.3960824650712,1.0,1.0
2026-03-22T21:10:07.745-705391-308309,137,false,1.2580643244544942,1,3585.3960824650712,1.0,1.0
2026-03-22T21:10:07.745-705391-308309,605,false,0.07902748435278523,1,3585.3960824650712,1.0,1.0
2026-03-22T21:10:07.745-705391-308309,110,false,0.330806743424727,1,3585.3960824650712,1.0,1.0
2026-03-22T21:10:07.745-705391-308309,287,false,20.145018424045006,1,3585.3960824650712,1.0,1.0
2026-03-22T21:10:07.745-705391-308309,772,false,15.751052339899164,1,3585.3960824650712,1.0,1.0
2026-03-22T21:10:07.745-705391-308309,775,false,0.22150495359748448,1,3585.3960824650712,1.0,1.0
2026-03-22T21:10:07.745-705391-308309,286,false,20.776602574214632,1,3585.3960824650712,1.0,1.0
2026-03-22T21:10:07.745-705391-308309,117,true,1.3706110720322968,1,3584.025471393039,1.0,0.56
2026-03-22T21:10:07.745-705391-308309,839,false,11.421199157243617,1,3584.025471393039,1.0,1.0
2026-03-22T21:10:07.745-705391-308309,430,false,13.286296179875958,1,3584.025471393039,1.0,1.0
2026-03-22T21:10:07.745-705391-308309,127,false,2.6941332384765104,1,3584.025471393039,1.0,1.0
2026-03-22T21:10:07.745-705391-308309,533,false,1.1752416574976359,1,3584.025471393039,1.0,1.0
2026-03-22T21:10:07.745-705391-308309,997,false,0.8314983865048666,1,3584.025471393039,1.0,1.0
2026-03-22T21:10:07.745-705391-308309,238,false,4.482288119619136,1,3584.025471393039,1.0,1.0
2026-03-22T21:10:07.745-705391-308309,911,false,5.7626864485151215,1,3584.025471393039,1.0,1.0
2026-03-22T21:10:07.745-705391-308309,188,false,132.810363768449,1,3584.025471393039,1.0,1.0
2026-03-22T21:10:07.745-705391-308309,840,false,0.019682003790160375,1,3584.025471393039,1.0,1.0
2026-03-22T21:10:07.745-705391-308309,536,false,44.752454862465235,1,3584.025471393039,1.0,1.0
2026-03-22T21:10:07.745-705391-308309,879,false,4.927048796577631,1,3584.025471393039,1.0,1.0
2026-03-22T21:10:07.745-705391-308309,282,false,1.352033513030362,1,3584.025471393039,1.0,1.0
2026-03-22T21:10:07.745-705391-308309,226,false,0.2898548045410527,1,3584.025471393039,1.0,1.0
2026-03-22T21:10:07.745-705391-308309,595,false,2.123610933794825,1,3584.025471393039,1.0,1.0
2026-03-22T21:10:07.745-705391-308309,259,false,0.2379764359793248,1,3584.025471393039,1.0,1.0
2026-03-22T21:10:07.745-705391-308309,926,false,2.0375098126047217,1,3584.025471393039,1.0,1.0
2026-03-22T21:10:07.745-705391-308309,519,false,0.025995074236575558,1,3584.025471393039,1.0,1.0
2026-03-22T21:10:07.745-705391-308309,319,false,3.6636899049077454,1,3584.025471393039,1.0,1.0
2026-03-22T21:10:07.745-705391-308309,678,false,4.83414074530609,1,3584.025471393039,1.0,1.0
2026-03-22T21:10:07.745-705391-308309,808,false,6.275885636469353,1,3584.025471393039,1.0,1.0
2026-03-22T21:10:07.745-705391-308309,532,false,45.366876572871206,1,3584.025471393039,1.0,1.0
2026-03-22T21:10:07.745-705391-308309,949,false,0.07600120789018865,1,3584.025471393039,1.0,1.0
2026-03-22T21:10:07.745-705391-308309,304,false,3.1232152693947035,1,3584.025471393039,1.0,1.0
2026-03-22T21:10:07.745-705391-308309,937,false,4.675348247321787,1,3584.025471393039,1.0,1.0
2026-03-22T21:10:07.745-705391-308309,159,false,2.6210350632590202,1,3584.025471393039,1.0,1.0
2026-03-22T21:10:07.745-705391-308309,475,false,0.655778866301393,1,3584.025471393039,1.0,1.0
2026-03-22T21:10:07.745-705391-308309,494,false,1020.8571526357057,1,3584.025471393039,1.0,1.0
2026-03-22T21:10:07.745-705391-308309,872,false,0.31865268533278124,1,3584.025471393039,1.0,1.0
2026-03-22T21:10:07.745-705391-308309,623,false,0.14157489487235572,1,3584.025471393039,1.0,1.0
2026-03-22T21:10:07.745-705391-308309,572,false,2.9323128231377353,1,3584.025471393039,1.0,1.0
2026-03-22T21:10:07.745-705391-308309,909,false,2.3498617800041024,1,3584.025471393039,1.0,1.0
2026-03-22T21:10:07.745-705391-308309,356,false,31.17459336007428,1,3584.025471393039,1.0,1.0
2026-03-22T21:10:07.745-705391-308309,924,false,19.729885475883602,1,3584.025471393039,1.0,1.0
2026-03-22T21:10:07.745-705391-308309,60,false,2.005769316020363,1,3584.025471393039,1.0,1.0
2026-03-22T21:10:07.745-705391-308309,273,false,19.588930414889916,1,3584.025471393039,1.0,1.0
2026-03-22T21:10:07.745-705391-308309,251,false,4.165366586421712,1,3584.025471393039,1.0,1.0
2026-03-22T21:10:07.745-705391-308309,243,false,11.54780287532133,1,3584.025471393039,1.0,1.0
2026-03-22T21:10:07.745-705391-308309,742,true,7.124182095685166,1,3576.9012892973537,1.0,0.739
2026-03-22T21:10:07.745-705391-308309,421,false,12.260835239162752,1,3576.9012892973537,1.0,1.0
2026-03-22T21:10:07.745-705391-308309,239,false,0.5944433695756158,1,3576.9012892973537,1.0,1.0
2026-03-22T21:10:07.745-705391-308309,457,false,5.136082121154161,1,3576.9012892973537,1.0,1.0
2026-03-22T21:10:07.745-705391-308309,463,false,6.741404147007978,1,3576.9012892973537,1.0,1.0
2026-03-22T21:10:07.745-705391-308309,392,false,1.0899005894200722,1,3576.9012892973537,1.0,1.0
2026-03-22T21:10:07.745-705391-308309,952,false,4.312026994102476,1,3576.9012892973537,1.0,1.0
2026-03-22T21:10:07.745-705391-308309,981,false,4.865219618456861,1,3576.9012892973537,1.0,1.0
2026-03-22T21:10:07.745-705391-308309,899,false,4.427313364800087,1,3576.9012892973537,1.0,1.0
2026-03-22T21:10:07.745-705391-308309,657,false,0.08765577252369557,1,3576.9012892973537,1.0,1.0
2026-03-22T21:10:07.745-705391-308309,157,false,6.945173575160431,1,3576.9012892973537,1.0,1.0
2026-03-22T21:10:07.745-705391-308309,686,false,6.624405867685696,1,3576.9012892973537,1.0,1.0
2026-03-22T21:10:07.745-705391-308309,696,false,0.034466613698235726,1,3576.9012892973537,1.0,1.0
2026-03-22T21:10:07.745-705391-308309,971,false,1.0963477848874958,1,3576.9012892973537,1.0,1.0
2026-03-22T21:10:07.745-705391-308309,300,false,0.06273962160624028,1,3576.9012892973537,1.0,1.0
2026-03-22T21:10:07.745-705391-308309,426,false,0.8535671304764344,1,3576.9012892973537,1.0,1.0
2026-03-22T21:10:07.745-705391-308309,531,false,3.901589204458293,1,3576.9012892973537,1.0,1.0
2026-03-22T21:10:07.745-705391-308309,306,false,0.5762835157218456,1,3576.9012892973537,1.0,1.0
2026-03-22T21:10:07.745-705391-308309,647,false,9.137708891490915,1,3576.9012892973537,1.0,1.0
2026-03-22T21:10:07.745-705391-308309,730,false,4.166114528767926,1,3576.9012892973537,1.0,1.0
2026-03-22T21:10:07.745-705391-308309,383,true,3.742404683416628,1,3573.158884613937,1.0,0.876
2026-03-22T21:10:07.745-705391-308309,63,false,28.111636395315994,1,3573.158884613937,1.0,1.0
2026-03-22T21:10:07.745-705391-308309,541,false,0.12068483055945409,1,3573.158884613937,1.0,1.0
2026-03-22T21:10:07.745-705391-308309,582,false,0.6689568352778574,1,3573.158884613937,1.0,1.0
2026-03-22T21:10:07.745-705391-308309,208,false,8.181052223617279,1,3573.158884613937,1.0,1.0
2026-03-22T21:10:07.745-705391-308309,447,false,2.284494438978894,1,3573.158884613937,1.0,1.0
2026-03-22T21:10:07.745-705391-308309,76,false,1.7601237816454862,1,3573.158884613937,1.0,1.0
2026-03-22T21:10:07.745-705391-308309,96,false,0.012362080400195444,1,3573.158884613937,1.0,1.0
2026-03-22T21:10:07.745-705391-308309,366,false,0.07149525703389206,1,3573.158884613937,1.0,1.0
2026-03-22T21:10:07.745-705391-308309,206,false,0.8772221888712277,1,3573.158884613937,1.0,1.0
2026-03-22T21:10:07.745-705391-308309,7,false,2.3807179149716826,1,3573.158884613937,1.0,1.0
2026-03-22T21:10:07.745-705391-308309,776,false,5.3252095319409465,1,3573.158884613937,1.0,1.0
2026-03-22T21:10:07.745-705391-308309,53,false,79.75035099660434,1,3573.158884613937,1.0,1.0
2026-03-22T21:10:07.745-705391-308309,309,false,9.29444427947593,1,3573.158884613937,1.0,1.0
2026-03-22T21:10:07.745-705391-308309,318,false,0.37357003150108836,1,3573.158884613937,1.0,1.0
2026-03-22T21:10:07.745-705391-308309,288,false,1.3464874940621556,1,3573.158884613937,1.0,1.0
2026-03-22T21:10:07.745-705391-308309,933,false,11.460617729981312,1,3573.158884613937,1.0,1.0
2026-03-22T21:10:07.745-705391-308309,824,false,2.814339121053035,1,3573.158884613937,1.0,1.0
2026-03-22T21:10:07.745-705391-308309,849,false,0.17004464050548815,1,3573.158884613937,1.0,1.0
2026-03-22T21:10:07.745-705391-308309,708,false,1.4262145443993355,1,3573.158884613937,1.0,1.0
2026-03-22T21:10:07.745-705391-308309,569,false,0.3163819823969464,1,3573.158884613937,1.0,1.0
2026-03-22T21:10:07.745-705391-308309,416,false,0.5424647101330629,1,3573.158884613937,1.0,1.0
2026-03-22T21:10:07.745-705391-308309,412,false,20.852155149437117,1,3573.158884613937,1.0,1.0
2026-03-22T21:10:07.745-705391-308309,30,false,11.727948654106642,1,3573.158884613937,1.0,1.0
2026-03-22T21:10:07.745-705391-308309,809,false,0.6501838074642188,1,3573.158884613937,1.0,1.0
2026-03-22T21:10:07.745-705391-308309,652,false,42.872804421347695,1,3573.158884613937,1.0,1.0
2026-03-22T21:10:07.745-705391-308309,831,false,2.719242561463027,1,3573.158884613937,1.0,1.0
2026-03-22T21:10:07.745-705391-308309,462,false,4.5768851432343745,1,3573.158884613937,1.0,1.0
2026-03-22T21:10:07.745-705391-308309,154,false,0.5847080120060795,1,3573.158884613937,1.0,1.0
2026-03-22T21:10:07.745-705391-308309,927,false,9.921809597094336,1,3573.158884613937,1.0,1.0
2026-03-22T21:10:07.745-705391-308309,564,false,81.54046986885098,1,3573.158884613937,1.0,1.0
2026-03-22T21:10:07.745-705391-308309,334,false,0.10910484515440032,1,3573.158884613937,1.0,1.0
2026-03-22T21:10:07.745-705391-308309,134,false,145.4875896884481,1,3573.158884613937,1.0,1.0
2026-03-22T21:10:07.745-705391-308309,340,false,34.14583584571487,1,3573.158884613937,1.0,1.0
2026-03-22T21:10:07.745-705391-308309,230,false,6.766813575508707,1,3573.158884613937,1.0,1.0
2026-03-22T21:10:07.745-705391-308309,391,false,0.08811934226962224,1,3573.158884613937,1.0,1.0
2026-03-22T21:10:07.745-705391-308309,648,false,89.55305032658376,1,3573.158884613937,1.0,1.0
2026-03-22T21:10:07.745-705391-308309,227,false,0.03211366590158662,1,3573.158884613937,1.0,1.0
2026-03-22T21:10:07.745-705391-308309,642,false,4.048909388561331,1,3573.158884613937,1.0,1.0
2026-03-22T21:10:07.745-705391-308309,443,false,1.7801782771867347,1,3573.158884613937,1.0,1.0
2026-03-22T21:10:07.745-705391-308309,635,false,0.431077909853368,1,3573.158884613937,1.0,1.0
2026-03-22T21:10:07.745-705391-308309,195,false,105.57849673604775,1,3573.158884613937,1.0,1.0
2026-03-22T21:10:07.745-705391-308309,505,false,0.3428680340133247,1,3573.158884613937,1.0,1.0
2026-03-22T21:10:07.745-705391-308309,834,false,95.63917128174496,1,3573.158884613937,1.0,1.0
2026-03-22T21:10:07.745-705391-308309,130,false,0.48509957502778833,1,3573.158884613937,1.0,1.0
2026-03-22T21:10:07.745-705391-308309,170,false,2.4731718428692253,1,3573.158884613937,1.0,1.0
2026-03-22T21:10:07.745-705391-308309,592,false,11.494725561222218,1,3573.158884613937,1.0,1.0
2026-03-22T21:10:07.745-705391-308309,283,false,66.18792913634974,1,3573.158884613937,1.0,1.0
2026-03-22T21:10:07.745-705391-308309,201,false,0.7850300058182592,1,3573.158884613937,1.0,1.0
2026-03-22T21:10:07.745-705391-308309,558,false,3.6285838386195386,1,3573.158884613937,1.0,1.0
2026-03-22T21:10:07.745-705391-308309,578,false,17.829567919586474,1,3573.158884613937,1.0,1.0
2026-03-22T21:10:07.745-705391-308309,836,false,18.908690411212127,1,3573.158884613937,1.0,1.0
2026-03-22T21:10:07.745-705391-308309,194,false,0.17286877967085737,1,3573.158884613937,1.0,1.0
2026-03-22T21:10:07.745-705391-308309,844,false,5.040749897462861,1,3573.158884613937,1.0,1.0
2026-03-22T21:10:07.745-705391-308309,894,false,0.7882880832752737,1,3573.158884613937,1.0,1.0
2026-03-22T21:10:07.745-705391-308309,353,false,7.283520197008556,1,3573.158884613937,1.0,1.0
2026-03-22T21:10:07.745-705391-308309,387,false,5.789493444050574,1,3573.158884613937,1.0,1.0
2026-03-22T21:10:07.745-705391-308309,983,false,0.25346212988914496,1,3573.158884613937,1.0,1.0
2026-03-22T21:10:07.745-705391-308309,467,false,4.141502142475956,1,3573.158884613937,1.0,1.0
2026-03-22T21:10:07.745-705391-308309,837,false,0.12885729389295025,1,3573.158884613937,1.0,1.0
2026-03-22T21:10:07.745-705391-308309,26,false,0.18216613873850845,1,3573.158884613937,1.0,1.0
2026-03-22T21:10:07.745-705391-308309,700,false,54.60795151752243,1,3573.158884613937,1.0,1.0
2026-03-22T21:10:07.745-705391-308309,325,false,0.2927720760118918,1,3573.158884613937,1.0,1.0
2026-03-22T21:10:07.745-705391-308309,253,false,2.4707874685426034,1,3573.158884613937,1.0,1.0
2026-03-22T21:10:07.745-705391-308309,685,false,5.6780470117530495,1,3573.158884613937,1.0,1.0
2026-03-22T21:10:07.745-705391-308309,37,false,3.7710278259098526,1,3573.158884613937,1.0,1.0
2026-03-22T21:10:07.745-705391-308309,310,false,0.24180882969340634,1,3573.158884613937,1.0,1.0
2026-03-22T21:10:07.745-705391-308309,682,false,0.7427444237778825,1,3573.158884613937,1.0,1.0
2026-03-22T21:10:07.745-705391-308309,460,false,2.4553073831541,1,3573.158884613937,1.0,1.0
2026-03-22T21:10:07.745-705391-308309,384,true,5.08467317085039,1,3568.074211443087,1.0,0.728
2026-03-22T21:10:07.745-705391-308309,859,false,1.73283551357954,1,3568.074211443087,1.0,1.0
2026-03-22T21:10:07.745-705391-308309,388,false,0.09532254601935593,1,3568.074211443087,1.0,1.0
2026-03-22T21:10:07.745-705391-308309,603,false,11.331870469411653,1,3568.074211443087,1.0,1.0
2026-03-22T21:10:07.745-705391-308309,947,false,0.36001572880737104,1,3568.074211443087,1.0,1.0
2026-03-22T21:10:07.745-705391-308309,721,false,0.10925871857676396,1,3568.074211443087,1.0,1.0
2026-03-22T21:10:07.745-705391-308309,308,false,8.871333663753033,1,3568.074211443087,1.0,1.0
2026-03-22T21:10:07.745-705391-308309,527,false,326.2430424671285,1,3568.074211443087,1.0,1.0
2026-03-22T21:10:07.745-705391-308309,905,false,0.7649355100544734,1,3568.074211443087,1.0,1.0
2026-03-22T21:10:07.745-705391-308309,936,false,0.3029364839926084,1,3568.074211443087,1.0,1.0
2026-03-22T21:10:07.745-705391-308309,915,false,31.791887634963707,1,3568.074211443087,1.0,1.0
2026-03-22T21:10:07.745-705391-308309,41,false,8.5102974805684,1,3568.074211443087,1.0,1.0
2026-03-22T21:10:07.745-705391-308309,488,false,0.014801557030331295,1,3568.074211443087,1.0,1.0
2026-03-22T21:10:07.745-705391-308309,440,false,68.87811123463263,1,3568.074211443087,1.0,1.0
2026-03-22T21:10:07.745-705391-308309,965,false,805.7415040923354,1,3568.074211443087,1.0,1.0
2026-03-22T21:10:07.745-705391-308309,781,false,46.592005853464,1,3568.074211443087,1.0,1.0
2026-03-22T21:10:07.745-705391-308309,510,false,4.449930537085176,1,3568.074211443087,1.0,1.0
2026-03-22T21:10:07.745-705391-308309,874,false,25.35762673448201,1,3568.074211443087,1.0,1.0
2026-03-22T21:10:07.745-705391-308309,991,false,99.17049944095847,1,3568.074211443087,1.0,1.0
2026-03-22T21:10:07.745-705391-308309,39,false,5.994537417930549,1,3568.074211443087,1.0,1.0
2026-03-22T21:10:07.745-705391-308309,322,false,10.202953136642682,1,3568.074211443087,1.0,1.0
2026-03-22T21:10:07.745-705391-308309,903,false,3.1867495351261153,1,3568.074211443087,1.0,1.0
2026-03-22T21:10:07.745-705391-308309,210,false,168.90444094150618,1,3568.074211443087,1.0,1.0
2026-03-22T21:10:07.745-705391-308309,271,false,5.837615714426172,1,3568.074211443087,1.0,1.0
2026-03-22T21:10:07.745-705391-308309,94,false,0.8551931004928124,1,3568.074211443087,1.0,1.0
2026-03-22T21:10:07.745-705391-308309,249,false,0.07938138277058072,1,3568.074211443087,1.0,1.0
2026-03-22T21:10:07.745-705391-308309,702,false,56.73102836941645,1,3568.074211443087,1.0,1.0
2026-03-22T21:10:07.745-705391-308309,57,false,2.045538524482918,1,3568.074211443087,1.0,1.0
2026-03-22T21:10:07.745-705391-308309,296,false,4.855178922813361,1,3568.074211443087,1.0,1.0
2026-03-22T21:10:07.745-705391-308309,473,false,0.33808719550151756,1,3568.074211443087,1.0,1.0
2026-03-22T21:10:07.745-705391-308309,425,false,3.1770473798994097,1,3568.074211443087,1.0,1.0
2026-03-22T21:10:07.745-705391-308309,418,false,0.5309409741501743,1,3568.074211443087,1.0,1.0
2026-03-22T21:10:07.745-705391-308309,945,false,0.8020789100721744,1,3568.074211443087,1.0,1.0
2026-03-22T21:10:07.745-705391-308309,626,false,26.493913200383716,1,3568.074211443087,1.0,1.0
2026-03-22T21:10:07.745-705391-308309,853,false,15.36798738820812,1,3568.074211443087,1.0,1.0
2026-03-22T21:10:07.745-705391-308309,151,false,7.246156725731645,1,3568.074211443087,1.0,1.0
2026-03-22T21:10:07.745-705391-308309,439,false,2.346866506888885,1,3568.074211443087,1.0,1.0
2026-03-22T21:10:07.745-705391-308309,732,false,0.12960871720093828,1,3568.074211443087,1.0,1.0
2026-03-22T21:10:07.745-705391-308309,869,false,21.47724613620119,1,3568.074211443087,1.0,1.0
2026-03-22T21:10:07.745-705391-308309,805,false,0.4263283779697809,1,3568.074211443087,1.0,1.0
2026-03-22T21:10:07.745-705391-308309,114,false,0.16918503421691006,1,3568.074211443087,1.0,1.0
2026-03-22T21:10:07.745-705391-308309,492,false,9.886807213912705,1,3568.074211443087,1.0,1.0
2026-03-22T21:10:07.745-705391-308309,521,false,29.352322732565508,1,3568.074211443087,1.0,1.0
2026-03-22T21:10:07.745-705391-308309,630,false,19.19266400727405,1,3568.074211443087,1.0,1.0
2026-03-22T21:10:07.745-705391-308309,539,false,10.32152490600892,1,3568.074211443087,1.0,1.0
2026-03-22T21:10:07.745-705391-308309,880,false,5.114928076067367,1,3568.074211443087,1.0,1.0
2026-03-22T21:10:07.745-705391-308309,743,true,36.797439086601685,1,3531.2767723564853,1.0,0.0
2026-03-22T21:10:07.745-705391-308309,262,false,19.309723574636372,1,3531.2767723564853,1.0,1.0
2026-03-22T21:10:07.745-705391-308309,111,false,16.127333724619625,1,3531.2767723564853,1.0,1.0
2026-03-22T21:10:07.745-705391-308309,827,false,3.2922046727537744,1,3531.2767723564853,1.0,1.0
2026-03-22T21:10:07.745-705391-308309,722,false,0.4276085057855987,1,3531.2767723564853,1.0,1.0
2026-03-22T21:10:07.745-705391-308309,573,false,0.7674247868641857,1,3531.2767723564853,1.0,1.0
2026-03-22T21:10:07.745-705391-308309,36,false,16.620892956686433,1,3531.2767723564853,1.0,1.0
2026-03-22T21:10:07.745-705391-308309,974,false,2.3838322435756942,1,3531.2767723564853,1.0,1.0
2026-03-22T21:10:07.745-705391-308309,884,false,0.6971444917764155,1,3531.2767723564853,1.0,1.0
2026-03-22T21:10:07.745-705391-308309,628,false,145.83362233944314,1,3531.2767723564853,1.0,1.0
2026-03-22T21:10:07.745-705391-308309,255,false,6.91960907583798,1,3531.2767723564853,1.0,1.0
2026-03-22T21:10:07.745-705391-308309,954,false,0.20458943283136397,1,3531.2767723564853,1.0,1.0
2026-03-22T21:10:07.745-705391-308309,994,false,9.420214557680847,1,3531.2767723564853,1.0,1.0
2026-03-22T21:10:07.745-705391-308309,176,false,7.549436655045313,1,3531.2767723564853,1.0,1.0
2026-03-22T21:10:07.745-705391-308309,667,false,30.79337091059363,1,3531.2767723564853,1.0,1.0
2026-03-22T21:10:07.745-705391-308309,975,false,0.22843466922010006,1,3531.2767723564853,1.0,1.0
2026-03-22T21:10:07.745-705391-308309,825,false,113.49500299220496,1,3531.2767723564853,1.0,1.0
2026-03-22T21:10:07.745-705391-308309,79,false,2.087761799341929,1,3531.2767723564853,1.0,1.0
2026-03-22T21:10:07.745-705391-308309,941,false,6.785153311060745,1,3531.2767723564853,1.0,1.0
2026-03-22T21:10:07.745-705391-308309,870,false,5.653952157935257,1,3531.2767723564853,1.0,1.0
2026-03-22T21:10:07.745-705391-308309,609,false,0.2311181658507372,1,3531.2767723564853,1.0,1.0
2026-03-22T21:10:07.745-705391-308309,908,false,0.48631586315328623,1,3531.2767723564853,1.0,1.0
2026-03-22T21:10:07.745-705391-308309,943,false,224.5394395769499,1,3531.2767723564853,1.0,1.0
2026-03-22T21:10:07.745-705391-308309,279,false,0.18526072235217642,1,3531.2767723564853,1.0,1.0
2026-03-22T21:10:07.745-705391-308309,804,false,71.49841527799906,1,3531.2767723564853,1.0,1.0
2026-03-22T21:10:07.745-705391-308309,826,false,9.030593792158262,1,3531.2767723564853,1.0,1.0
2026-03-22T21:10:07.745-705391-308309,27,false,0.3155600544546705,1,3531.2767723564853,1.0,1.0
2026-03-22T21:10:07.745-705391-308309,816,false,2.9543873203367945,1,3531.2767723564853,1.0,1.0
2026-03-22T21:10:07.745-705391-308309,881,false,7.665909033424325,1,3531.2767723564853,1.0,1.0
2026-03-22T21:10:07.745-705391-308309,877,false,0.49896147329740853,1,3531.2767723564853,1.0,1.0
2026-03-22T21:10:07.745-705391-308309,615,false,12.50226284795505,1,3531.2767723564853,1.0,1.0
2026-03-22T21:10:07.745-705391-308309,394,false,81.08337441466125,1,3531.2767723564853,1.0,1.0
2026-03-22T21:10:07.745-705391-308309,406,false,0.10923884099556513,1,3531.2767723564853,1.0,1.0
2026-03-22T21:10:07.745-705391-308309,756,false,10.00134994246106,1,3531.2767723564853,1.0,1.0
2026-03-22T21:10:07.745-705391-308309,576,false,9.851167633549395,1,3531.2767723564853,1.0,1.0
2026-03-22T21:10:07.745-705391-308309,980,false,0.7682380558448235,1,3531.2767723564853,1.0,1.0
2026-03-22T21:10:07.745-705391-308309,452,false,1.2318222398012013,1,3531.2767723564853,1.0,1.0
2026-03-22T21:10:07.745-705391-308309,715,false,3.837002337154213,1,3531.2767723564853,1.0,1.0
2026-03-22T21:10:07.745-705391-308309,785,false,11.260039734350967,1,3531.2767723564853,1.0,1.0
2026-03-22T21:10:07.745-705391-308309,327,false,0.08106527786127464,1,3531.2767723564853,1.0,1.0
2026-03-22T21:10:07.745-705391-308309,261,false,203.8397960736547,1,3531.2767723564853,1.0,1.0
2026-03-22T21:10:07.745-705391-308309,75,false,17.99772817391174,1,3531.2767723564853,1.0,1.0
2026-03-22T21:10:07.745-705391-308309,967,false,8.935583025747338,1,3531.2767723564853,1.0,1.0
2026-03-22T21:10:07.745-705391-308309,632,false,0.29698368226545074,1,3531.2767723564853,1.0,1.0
2026-03-22T21:10:07.745-705391-308309,197,false,40.35640064059738,1,3531.2767723564853,1.0,1.0
2026-03-22T21:10:07.745-705391-308309,886,false,70.74056312038397,1,3531.2767723564853,1.0,1.0
2026-03-22T21:10:07.745-705391-308309,820,false,47.98305736982665,1,3531.2767723564853,1.0,1.0
2026-03-22T21:10:07.745-705391-308309,136,false,0.2821953743279373,1,3531.2767723564853,1.0,1.0
2026-03-22T21:10:07.745-705391-308309,342,false,0.6202467495073115,1,3531.2767723564853,1.0,1.0
2026-03-22T21:10:07.745-705391-308309,979,false,6.422436581110646,1,3531.2767723564853,1.0,1.0
2026-03-22T21:10:07.745-705391-308309,313,false,0.8272541179831536,1,3531.2767723564853,1.0,1.0
2026-03-22T21:10:07.745-705391-308309,789,false,1.0876706399673974,1,3531.2767723564853,1.0,1.0
2026-03-22T21:10:07.745-705391-308309,940,false,6.167339407809117,1,3531.2767723564853,1.0,1.0
2026-03-22T21:10:07.745-705391-308309,86,false,0.9778212248248047,1,3531.2767723564853,1.0,1.0
2026-03-22T21:10:07.745-705391-308309,729,false,17.247394982161627,1,3531.2767723564853,1.0,1.0
2026-03-22T21:10:07.745-705391-308309,602,false,9.330866957876333,1,3531.2767723564853,1.0,1.0
2026-03-22T21:10:07.745-705391-308309,639,false,1.2066080919693882,1,3531.2767723564853,1.0,1.0
2026-03-22T21:10:07.745-705391-308309,204,false,0.2684757607740775,1,3531.2767723564853,1.0,1.0
2026-03-22T21:10:07.745-705391-308309,921,false,1.4146971894389968,1,3531.2767723564853,1.0,1.0
2026-03-22T21:10:07.745-705391-308309,892,false,50.624670525885286,1,3531.2767723564853,1.0,1.0
2026-03-22T21:10:07.745-705391-308309,448,false,14.581373135492257,1,3531.2767723564853,1.0,1.0
2026-03-22T21:10:07.745-705391-308309,706,false,0.13542930680693874,1,3531.2767723564853,1.0,1.0
2026-03-22T21:10:07.745-705391-308309,217,false,0.3110879525521728,1,3531.2767723564853,1.0,1.0
2026-03-22T21:10:07.745-705391-308309,530,false,11.763503156333543,1,3531.2767723564853,1.0,1.0
2026-03-22T21:10:07.745-705391-308309,164,false,0.5171648777964695,1,3531.2767723564853,1.0,1.0
2026-03-22T21:10:07.745-705391-308309,833,false,1.266692978834421,1,3531.2767723564853,1.0,1.0
2026-03-22T21:10:07.745-705391-308309,470,false,33.61745932106752,1,3531.2767723564853,1.0,1.0
2026-03-22T21:10:07.745-705391-308309,358,false,10.237154560045376,1,3531.2767723564853,1.0,1.0
2026-03-22T21:10:07.745-705391-308309,48,false,34.87029790447723,1,3531.2767723564853,1.0,1.0
2026-03-22T21:10:07.745-705391-308309,540,false,3.4064464317540155,1,3531.2767723564853,1.0,1.0
2026-03-22T21:10:07.745-705391-308309,17,false,2.1526570724308782,1,3531.2767723564853,1.0,1.0
2026-03-22T21:10:07.745-705391-308309,476,false,8.26392958353601,1,3531.2767723564853,1.0,1.0
2026-03-22T21:10:07.745-705391-308309,606,false,10.642055664298422,1,3531.2767723564853,1.0,1.0
2026-03-22T21:10:07.745-705391-308309,393,false,19.738236603675894,1,3531.2767723564853,1.0,1.0
2026-03-22T21:10:07.745-705391-308309,568,false,3.2525161513144094,1,3531.2767723564853,1.0,1.0
2026-03-22T21:10:07.745-705391-308309,823,false,0.5538270127985354,1,3531.2767723564853,1.0,1.0
2026-03-22T21:10:07.745-705391-308309,316,false,32.413475954176434,1,3531.2767723564853,1.0,1.0
2026-03-22T21:10:07.745-705391-308309,98,false,8.497175677181447,1,3531.2767723564853,1.0,1.0
2026-03-22T21:10:07.745-705391-308309,842,false,1.3701346151803964,1,3531.2767723564853,1.0,1.0
2026-03-22T21:10:07.745-705391-308309,386,true,0.5041869497397752,1,3530.7725854067453,1.0,0.0
2026-03-22T21:10:07.745-705391-308309,601,false,37.10926947410101,1,3530.7725854067453,1.0,1.0
2026-03-22T21:10:07.745-705391-308309,123,false,16.43973439122964,1,3530.7725854067453,1.0,1.0
2026-03-22T21:10:07.745-705391-308309,78,false,0.028797418133028326,1,3530.7725854067453,1.0,1.0
2026-03-22T21:10:07.745-705391-308309,120,true,12.167791977623137,1,3518.6047934291223,1.0,0.0030000000000000027
2026-03-22T21:10:07.745-705391-308309,919,false,26.498538745627027,1,3518.6047934291223,1.0,1.0
2026-03-22T21:10:07.745-705391-308309,162,false,1.7833729264413738,1,3518.6047934291223,1.0,1.0
2026-03-22T21:10:07.745-705391-308309,956,false,132.95042693984726,1,3518.6047934291223,1.0,1.0
2026-03-22T21:10:07.745-705391-308309,570,false,10.249156956946193,1,3518.6047934291223,1.0,1.0
2026-03-22T21:10:07.745-705391-308309,636,false,37.89181026693182,1,3518.6047934291223,1.0,1.0
2026-03-22T21:10:07.745-705391-308309,758,false,3.9236224760062313,1,3518.6047934291223,1.0,1.0
2026-03-22T21:10:07.745-705391-308309,1,false,1.3978993299621665,1,3518.6047934291223,1.0,1.0
2026-03-22T21:10:07.745-705391-308309,566,false,1.7576674906533232,1,3518.6047934291223,1.0,1.0
2026-03-22T21:10:07.745-705391-308309,67,false,10.875458038248189,1,3518.6047934291223,1.0,1.0
2026-03-22T21:10:07.745-705391-308309,108,false,5.906853219771336,1,3518.6047934291223,1.0,1.0
2026-03-22T21:10:07.745-705391-308309,420,false,0.15083740733717882,1,3518.6047934291223,1.0,1.0
2026-03-22T21:10:07.745-705391-308309,787,false,10.812181957717865,1,3518.6047934291223,1.0,1.0
2026-03-22T21:10:07.745-705391-308309,464,false,0.8703948868409183,1,3518.6047934291223,1.0,1.0
2026-03-22T21:10:07.745-705391-308309,516,false,6.730911073452621,1,3518.6047934291223,1.0,1.0
2026-03-22T21:10:07.745-705391-308309,548,false,0.08005758990988299,1,3518.6047934291223,1.0,1.0
2026-03-22T21:10:07.745-705391-308309,97,false,10.115479984971762,1,3518.6047934291223,1.0,1.0
2026-03-22T21:10:07.745-705391-308309,180,false,3.1978115324219485,1,3518.6047934291223,1.0,1.0
2026-03-22T21:10:07.745-705391-308309,754,false,0.32083011912747234,1,3518.6047934291223,1.0,1.0
2026-03-22T21:10:07.745-705391-308309,883,false,8.324218902752726,1,3518.6047934291223,1.0,1.0
2026-03-22T21:10:07.745-705391-308309,190,false,45.442263233716695,1,3518.6047934291223,1.0,1.0
2026-03-22T21:10:07.745-705391-308309,986,false,0.15052926517728732,1,3518.6047934291223,1.0,1.0
2026-03-22T21:10:07.745-705391-308309,248,false,22.624988306780395,1,3518.6047934291223,1.0,1.0
2026-03-22T21:10:07.745-705391-308309,590,false,1.578212187704368,1,3518.6047934291223,1.0,1.0
2026-03-22T21:10:07.745-705391-308309,496,false,0.07807480841302372,1,3518.6047934291223,1.0,1.0
2026-03-22T21:10:07.745-705391-308309,88,false,5.448731167044563,1,3518.6047934291223,1.0,1.0
2026-03-22T21:10:07.745-705391-308309,663,false,15.641613326251084,1,3518.6047934291223,1.0,1.0
2026-03-22T21:10:07.745-705391-308309,331,false,0.20708443366499946,1,3518.6047934291223,1.0,1.0
2026-03-22T21:10:07.745-705391-308309,348,false,0.49992855004003295,1,3518.6047934291223,1.0,1.0
2026-03-22T21:10:07.745-705391-308309,42,false,1.9136185464477584,1,3518.6047934291223,1.0,1.0
2026-03-22T21:10:07.745-705391-308309,813,false,0.6526505319886574,1,3518.6047934291223,1.0,1.0
2026-03-22T21:10:07.745-705391-308309,955,false,18.72641784371998,1,3518.6047934291223,1.0,1.0
2026-03-22T21:10:07.745-705391-308309,191,false,10.485205469266427,1,3518.6047934291223,1.0,1.0
2026-03-22T21:10:07.745-705391-308309,828,false,0.26403062674986444,1,3518.6047934291223,1.0,1.0
2026-03-22T21:10:07.745-705391-308309,410,false,5.900503931165975,1,3518.6047934291223,1.0,1.0
2026-03-22T21:10:07.745-705391-308309,640,false,16.008411367355237,1,3518.6047934291223,1.0,1.0
2026-03-22T21:10:07.745-705391-308309,925,false,150.40323209992258,1,3518.6047934291223,1.0,1.0
2026-03-22T21:10:07.745-705391-308309,865,false,0.5447497573560545,1,3518.6047934291223,1.0,1.0
2026-03-22T21:10:07.745-705391-308309,610,false,9.92958990052836,1,3518.6047934291223,1.0,1.0
2026-03-22T21:10:07.745-705391-308309,774,false,1.2387029229061972,1,3518.6047934291223,1.0,1.0
2026-03-22T21:10:07.745-705391-308309,709,false,4.621082716193305,1,3518.6047934291223,1.0,1.0
2026-03-22T21:10:07.745-705391-308309,161,false,1.6987202713943255,1,3518.6047934291223,1.0,1.0
2026-03-22T21:10:07.745-705391-308309,355,false,1.2002373347498796,1,3518.6047934291223,1.0,1.0
2026-03-22T21:10:07.745-705391-308309,938,false,14.036688990655662,1,3518.6047934291223,1.0,1.0
2026-03-22T21:10:07.745-705391-308309,468,false,19.615594855560193,1,3518.6047934291223,1.0,1.0
2026-03-22T21:10:07.745-705391-308309,767,false,0.3397498787549837,1,3518.6047934291223,1.0,1.0
2026-03-22T21:10:07.745-705391-308309,511,false,1.462366328173537,1,3518.6047934291223,1.0,1.0
2026-03-22T21:10:07.745-705391-308309,861,false,7.850110638342334,1,3518.6047934291223,1.0,1.0
2026-03-22T21:10:07.745-705391-308309,18,false,0.24829536855209114,1,3518.6047934291223,1.0,1.0
2026-03-22T21:10:07.745-705391-308309,607,false,1.0404020893954191,1,3518.6047934291223,1.0,1.0
2026-03-22T21:10:07.745-705391-308309,45,false,38.47361568059578,1,3518.6047934291223,1.0,1.0
2026-03-22T21:10:07.745-705391-308309,950,false,0.2906942194386634,1,3518.6047934291223,1.0,1.0
2026-03-22T21:10:07.745-705391-308309,326,false,2.573895636071308,1,3518.6047934291223,1.0,1.0
2026-03-22T21:10:07.745-705391-308309,620,false,21.167221537717264,1,3518.6047934291223,1.0,1.0
2026-03-22T21:10:07.745-705391-308309,284,false,0.7188960177886009,1,3518.6047934291223,1.0,1.0
2026-03-22T21:10:07.745-705391-308309,382,true,299.00840064612714,1,3219.5963927829953,1.0,0.0
2026-03-22T21:10:07.745-705391-308309,246,false,1.286228495518437,1,3219.5963927829953,1.0,1.0
2026-03-22T21:10:07.745-705391-308309,374,false,264.9111207472448,1,3219.5963927829953,1.0,1.0
2026-03-22T21:10:07.745-705391-308309,184,false,0.9026664202446166,1,3219.5963927829953,1.0,1.0
2026-03-22T21:10:07.745-705391-308309,611,false,0.17135721083170466,1,3219.5963927829953,1.0,1.0
2026-03-22T21:10:07.745-705391-308309,478,false,1.303900991699101,1,3219.5963927829953,1.0,1.0
2026-03-22T21:10:07.745-705391-308309,125,false,0.1790615442628847,1,3219.5963927829953,1.0,1.0
2026-03-22T21:10:07.745-705391-308309,989,false,0.1260853915943898,1,3219.5963927829953,1.0,1.0
2026-03-22T21:10:07.745-705391-308309,507,false,5.6085798476189535,1,3219.5963927829953,1.0,1.0
2026-03-22T21:10:07.745-705391-308309,714,false,1.4594065456632375,1,3219.5963927829953,1.0,1.0
2026-03-22T21:10:07.745-705391-308309,910,false,2.655034315410995,1,3219.5963927829953,1.0,1.0
2026-03-22T21:10:07.745-705391-308309,856,false,0.07479375386432871,1,3219.5963927829953,1.0,1.0
2026-03-22T21:10:07.745-705391-308309,798,false,3.62356904311635,1,3219.5963927829953,1.0,1.0
2026-03-22T21:10:07.745-705391-308309,546,false,2.4991772282140348,1,3219.5963927829953,1.0,1.0
2026-03-22T21:10:07.745-705391-308309,21,false,13.869764927513152,1,3219.5963927829953,1.0,1.0
2026-03-22T21:10:07.745-705391-308309,819,false,4.452157267909671,1,3219.5963927829953,1.0,1.0
2026-03-22T21:10:07.745-705391-308309,196,false,21.865492173916795,1,3219.5963927829953,1.0,1.0
2026-03-22T21:10:07.745-705391-308309,480,false,3.9075117518921014,1,3219.5963927829953,1.0,1.0
2026-03-22T21:10:07.745-705391-308309,115,true,2.1167816187586097,1,3217.4796111642368,1.0,0.0
2026-03-22T21:10:07.745-705391-308309,477,false,0.1128708548335929,1,3217.4796111642368,1.0,1.0
2026-03-22T21:10:07.745-705391-308309,599,false,0.36536687842237886,1,3217.4796111642368,1.0,1.0
2026-03-22T21:10:07.745-705391-308309,675,false,2.12834830078783,1,3217.4796111642368,1.0,1.0
2026-03-22T21:10:07.745-705391-308309,931,false,16.447679081648406,1,3217.4796111642368,1.0,1.0
2026-03-22T21:10:07.745-705391-308309,500,false,0.747688293320291,1,3217.4796111642368,1.0,1.0
2026-03-22T21:10:07.745-705391-308309,183,false,1.6447601512828236,1,3217.4796111642368,1.0,1.0
2026-03-22T21:10:07.745-705391-308309,245,false,6.325632199108378,1,3217.4796111642368,1.0,1.0
2026-03-22T21:10:07.745-705391-308309,658,false,0.19562004430843122,1,3217.4796111642368,1.0,1.0
2026-03-22T21:10:07.745-705391-308309,281,false,0.043280243392969354,1,3217.4796111642368,1.0,1.0
2026-03-22T21:10:07.745-705391-308309,389,true,127.23314061585369,1,3090.246470548383,1.0,0.683
2026-03-22T21:10:07.745-705391-308309,269,false,0.6478072850043864,1,3090.246470548383,1.0,1.0
2026-03-22T21:10:07.745-705391-308309,335,false,1.2865422292277733,1,3090.246470548383,1.0,1.0
2026-03-22T21:10:07.745-705391-308309,875,false,0.9698057568565885,1,3090.246470548383,1.0,1.0
2026-03-22T21:10:07.745-705391-308309,584,false,3.839632660076494,1,3090.246470548383,1.0,1.0
2026-03-22T21:10:07.745-705391-308309,405,false,1.8321728963631208,1,3090.246470548383,1.0,1.0
2026-03-22T21:10:07.745-705391-308309,889,false,3.243501456929971,1,3090.246470548383,1.0,1.0
2026-03-22T21:10:07.745-705391-308309,149,false,8.677569394295245,1,3090.246470548383,1.0,1.0
2026-03-22T21:10:07.745-705391-308309,244,false,5.4649753577808395,1,3090.246470548383,1.0,1.0
2026-03-22T21:10:07.745-705391-308309,790,false,0.40068496684155347,1,3090.246470548383,1.0,1.0
2026-03-22T21:10:07.745-705391-308309,679,false,16.11957361686336,1,3090.246470548383,1.0,1.0
2026-03-22T21:10:07.745-705391-308309,59,false,0.019041666462398243,1,3090.246470548383,1.0,1.0
2026-03-22T21:10:07.745-705391-308309,495,false,17.13168272988117,1,3090.246470548383,1.0,1.0
2026-03-22T21:10:07.745-705391-308309,719,false,2.79545727329066,1,3090.246470548383,1.0,1.0
2026-03-22T21:10:07.745-705391-308309,397,false,0.1298169336604557,1,3090.246470548383,1.0,1.0
2026-03-22T21:10:07.745-705391-308309,417,false,1.9030534865633018,1,3090.246470548383,1.0,1.0
2026-03-22T21:10:07.745-705391-308309,802,false,1.7804062089994082,1,3090.246470548383,1.0,1.0
2026-03-22T21:10:07.745-705391-308309,491,true,1.0627405419721645,1,3089.1837300064108,1.0,0.866
2026-03-22T21:10:07.745-705391-308309,717,false,7.205660765163737,1,3089.1837300064108,1.0,1.0
2026-03-22T21:10:07.745-705391-308309,224,false,256.4639769962439,1,3089.1837300064108,1.0,1.0
2026-03-22T21:10:07.745-705391-308309,748,true,1.315039580521356,1,3087.8686904258893,1.0,0.7170000000000001
2026-03-22T21:10:07.745-705391-308309,920,false,0.09209507866432091,1,3087.8686904258893,1.0,1.0
2026-03-22T21:10:07.745-705391-308309,129,false,1.8674382067106896,1,3087.8686904258893,1.0,1.0
2026-03-22T21:10:07.745-705391-308309,864,false,0.32418553911402415,1,3087.8686904258893,1.0,1.0
2026-03-22T21:10:07.745-705391-308309,528,false,0.4400379699851233,1,3087.8686904258893,1.0,1.0
2026-03-22T21:10:07.745-705391-308309,549,false,77.96851820113586,1,3087.8686904258893,1.0,1.0
2026-03-22T21:10:07.745-705391-308309,219,false,2.472488401879144,1,3087.8686904258893,1.0,1.0
2026-03-22T21:10:07.745-705391-308309,189,false,0.3851920614042378,1,3087.8686904258893,1.0,1.0
2026-03-22T21:10:07.745-705391-308309,369,false,1.1518401759583907,1,3087.8686904258893,1.0,1.0
2026-03-22T21:10:07.745-705391-308309,982,false,4.999418874915445,1,3087.8686904258893,1.0,1.0
2026-03-22T21:10:07.745-705391-308309,731,false,1.1137209806628716,1,3087.8686904258893,1.0,1.0
2026-03-22T21:10:07.745-705391-308309,988,false,2.5429979150945794,1,3087.8686904258893,1.0,1.0
2026-03-22T21:10:07.745-705391-308309,613,false,0.4187054237347065,1,3087.8686904258893,1.0,1.0
2026-03-22T21:10:07.745-705391-308309,459,false,0.9312536379544417,1,3087.8686904258893,1.0,1.0
2026-03-22T21:10:07.745-705391-308309,228,false,2.6955399987022393,1,3087.8686904258893,1.0,1.0
2026-03-22T21:10:07.745-705391-308309,728,false,0.7943245770572168,1,3087.8686904258893,1.0,1.0
2026-03-22T21:10:07.745-705391-308309,917,false,2.486656848439989,1,3087.8686904258893,1.0,1.0
2026-03-22T21:10:07.745-705391-308309,438,false,16.156112085660883,1,3087.8686904258893,1.0,1.0
2026-03-22T21:10:07.745-705391-308309,385,true,3.2027893987886653,1,3084.6659010271005,1.0,0.0
2026-03-22T21:10:07.745-705391-308309,529,false,143.69206817981973,1,3084.6659010271005,1.0,1.0
2026-03-22T21:10:07.745-705391-308309,935,false,31.243659086032327,1,3084.6659010271005,1.0,1.0
2026-03-22T21:10:07.745-705391-308309,437,false,8.087329655718854,1,3084.6659010271005,1.0,1.0
2026-03-22T21:10:07.745-705391-308309,939,false,0.5382403764566931,1,3084.6659010271005,1.0,1.0
2026-03-22T21:10:07.745-705391-308309,904,false,1.0226174415233098,1,3084.6659010271005,1.0,1.0
2026-03-22T21:10:07.745-705391-308309,634,false,2.0603372291878745,1,3084.6659010271005,1.0,1.0
2026-03-22T21:10:07.745-705391-308309,970,false,0.8995120846238864,1,3084.6659010271005,1.0,1.0
2026-03-22T21:10:07.745-705391-308309,83,false,3.5200961696859205,1,3084.6659010271005,1.0,1.0
2026-03-22T21:10:07.745-705391-308309,56,false,2.062581388770672,1,3084.6659010271005,1.0,1.0
2026-03-22T21:10:07.745-705391-308309,523,false,1.8624626272046443,1,3084.6659010271005,1.0,1.0
2026-03-22T21:10:07.745-705391-308309,20,false,0.9470045661838447,1,3084.6659010271005,1.0,1.0
2026-03-22T21:10:07.745-705391-308309,66,false,2.1128981836384,1,3084.6659010271005,1.0,1.0
2026-03-22T21:10:07.745-705391-308309,537,false,31.106940061892384,1,3084.6659010271005,1.0,1.0
2026-03-22T21:10:07.745-705391-308309,276,false,0.781325525687858,1,3084.6659010271005,1.0,1.0
2026-03-22T21:10:07.745-705391-308309,720,false,0.8613957798906664,1,3084.6659010271005,1.0,1.0
2026-03-22T21:10:07.745-705391-308309,13,false,692.2084317802942,1,3084.6659010271005,1.0,1.0
2026-03-22T21:10:07.745-705391-308309,782,false,0.9584582589382894,1,3084.6659010271005,1.0,1.0
2026-03-22T21:10:07.745-705391-308309,454,false,31.0586844735249,1,3084.6659010271005,1.0,1.0
2026-03-22T21:10:07.745-705391-308309,691,false,0.6009050796701064,1,3084.6659010271005,1.0,1.0
2026-03-22T21:10:07.745-705391-308309,929,false,0.34410127419331776,1,3084.6659010271005,1.0,1.0
2026-03-22T21:10:07.745-705391-308309,345,true,1.1298671558485713,1,3083.536033871252,1.0,0.872
2026-03-22T21:10:07.745-705391-308309,44,false,21.266444410910804,1,3083.536033871252,1.0,1.0
2026-03-22T21:10:07.745-705391-308309,3,false,6.930616170909713,1,3083.536033871252,1.0,1.0
2026-03-22T21:10:07.745-705391-308309,404,false,1.0466572750208147,1,3083.536033871252,1.0,1.0
2026-03-22T21:10:07.745-705391-308309,471,false,1.3691570674559248,1,3083.536033871252,1.0,1.0
2026-03-22T21:10:07.745-705391-308309,320,false,1.8826162063092942,1,3083.536033871252,1.0,1.0
2026-03-22T21:10:07.745-705391-308309,485,false,1.2783922303249202,1,3083.536033871252,1.0,1.0
2026-03-22T21:10:07.745-705391-308309,95,false,1.1592071685792267,1,3083.536033871252,1.0,1.0
2026-03-22T21:10:07.745-705391-308309,402,false,16.716736102225795,1,3083.536033871252,1.0,1.0
2026-03-22T21:10:07.745-705391-308309,597,false,0.19756168503696483,1,3083.536033871252,1.0,1.0
2026-03-22T21:10:07.745-705391-308309,695,false,0.345276736900684,1,3083.536033871252,1.0,1.0
2026-03-22T21:10:07.745-705391-308309,315,false,2.8424137126354725,1,3083.536033871252,1.0,1.0
2026-03-22T21:10:07.745-705391-308309,403,false,18.881035761588272,1,3083.536033871252,1.0,1.0
2026-03-22T21:10:07.745-705391-308309,552,false,0.8259498496000761,1,3083.536033871252,1.0,1.0
2026-03-22T21:10:07.745-705391-308309,295,false,0.2531116784691171,1,3083.536033871252,1.0,1.0
2026-03-22T21:10:07.745-705391-308309,757,false,0.007799451822109971,1,3083.536033871252,1.0,1.0
2026-03-22T21:10:07.745-705391-308309,580,false,0.6216487695721509,1,3083.536033871252,1.0,1.0
2026-03-22T21:10:07.745-705391-308309,222,false,0.25280126427017563,1,3083.536033871252,1.0,1.0
2026-03-22T21:10:07.745-705391-308309,106,false,15.531758371419942,1,3083.536033871252,1.0,1.0
2026-03-22T21:10:07.745-705391-308309,29,false,0.35202063291612845,1,3083.536033871252,1.0,1.0
2026-03-22T21:10:07.745-705391-308309,891,false,6.636122360533035,1,3083.536033871252,1.0,1.0
2026-03-22T21:10:07.745-705391-308309,294,false,112.99418851125843,1,3083.536033871252,1.0,1.0
2026-03-22T21:10:07.745-705391-308309,587,false,2.7397392714279922,1,3083.536033871252,1.0,1.0
2026-03-22T21:10:07.745-705391-308309,152,false,6.300714868000377,1,3083.536033871252,1.0,1.0
2026-03-22T21:10:07.745-705391-308309,352,false,1.6796278648784049,1,3083.536033871252,1.0,1.0
2026-03-22T21:10:07.745-705391-308309,292,false,0.2227505863154569,1,3083.536033871252,1.0,1.0
2026-03-22T21:10:07.745-705391-308309,301,false,133.11852225263718,1,3083.536033871252,1.0,1.0
2026-03-22T21:10:07.745-705391-308309,848,false,2.3634477488505445,1,3083.536033871252,1.0,1.0
2026-03-22T21:10:07.745-705391-308309,851,false,18.437147832707378,1,3083.536033871252,1.0,1.0
2026-03-22T21:10:07.745-705391-308309,855,false,8.255640940477324,1,3083.536033871252,1.0,1.0
2026-03-22T21:10:07.745-705391-308309,893,false,0.24291974517929102,1,3083.536033871252,1.0,1.0
2026-03-22T21:10:07.745-705391-308309,788,false,3.9560297856669484,1,3083.536033871252,1.0,1.0
2026-03-22T21:10:07.745-705391-308309,131,false,0.20565985736106016,1,3083.536033871252,1.0,1.0
2026-03-22T21:10:07.745-705391-308309,441,false,0.7790468018432034,1,3083.536033871252,1.0,1.0
2026-03-22T21:10:07.745-705391-308309,547,false,12.206271045826911,1,3083.536033871252,1.0,1.0
2026-03-22T21:10:07.745-705391-308309,126,false,2.761907801871941,1,3083.536033871252,1.0,1.0
2026-03-22T21:10:07.745-705391-308309,563,false,5.224106639865615,1,3083.536033871252,1.0,1.0
2026-03-22T21:10:07.745-705391-308309,508,false,3.318574239046523,1,3083.536033871252,1.0,1.0
2026-03-22T21:10:07.745-705391-308309,113,true,0.9338496369385243,1,3082.6021842343134,1.0,0.726
2026-03-22T21:10:07.745-705391-308309,202,false,2.5614687797113977,1,3082.6021842343134,1.0,1.0
2026-03-22T21:10:07.745-705391-308309,683,false,2.0619587589393937,1,3082.6021842343134,1.0,1.0
2026-03-22T21:10:07.745-705391-308309,860,false,0.3946802986031587,1,3082.6021842343134,1.0,1.0
2026-03-22T21:10:07.745-705391-308309,81,false,1.0218223919722658,1,3082.6021842343134,1.0,1.0
2026-03-22T21:10:07.745-705391-308309,736,false,0.3469395782350323,1,3082.6021842343134,1.0,1.0
2026-03-22T21:10:07.745-705391-308309,166,false,1.069076404543371,1,3082.6021842343134,1.0,1.0
2026-03-22T21:10:07.745-705391-308309,723,false,2.0036442658466385,1,3082.6021842343134,1.0,1.0
2026-03-22T21:10:07.745-705391-308309,755,false,143.17145650812623,1,3082.6021842343134,1.0,1.0
2026-03-22T21:10:07.745-705391-308309,77,false,3.6814451554921326,1,3082.6021842343134,1.0,1.0
2026-03-22T21:10:07.745-705391-308309,264,false,13.608960053806062,1,3082.6021842343134,1.0,1.0
2026-03-22T21:10:07.745-705391-308309,973,false,36.935968713396555,1,3082.6021842343134,1.0,1.0
2026-03-22T21:10:07.745-705391-308309,673,false,8.175926028335528,1,3082.6021842343134,1.0,1.0
2026-03-22T21:10:07.745-705391-308309,653,false,0.5993285559341995,1,3082.6021842343134,1.0,1.0
2026-03-22T21:10:07.745-705391-308309,40,false,3.7797845997214834,1,3082.6021842343134,1.0,1.0
2026-03-22T21:10:07.745-705391-308309,727,false,1.0065254087643425,1,3082.6021842343134,1.0,1.0
2026-03-22T21:10:07.745-705391-308309,453,false,0.1737340820165882,1,3082.6021842343134,1.0,1.0
2026-03-22T21:10:07.745-705391-308309,680,false,0.6537951573227191,1,3082.6021842343134,1.0,1.0
2026-03-22T21:10:07.745-705391-308309,786,false,27.257283841482085,1,3082.6021842343134,1.0,1.0
2026-03-22T21:10:07.745-705391-308309,961,false,4.044524521613997,1,3082.6021842343134,1.0,1.0
2026-03-22T21:10:07.745-705391-308309,697,false,2.709862345215616,1,3082.6021842343134,1.0,1.0
2026-03-22T21:10:07.745-705391-308309,882,false,39.82509748033517,1,3082.6021842343134,1.0,1.0
2026-03-22T21:10:07.745-705391-308309,419,false,26.787555185252195,1,3082.6021842343134,1.0,1.0
2026-03-22T21:10:07.745-705391-308309,142,false,7.534283353306548,1,3082.6021842343134,1.0,1.0
2026-03-22T21:10:07.745-705391-308309,16,false,32.48146661342596,1,3082.6021842343134,1.0,1.0
2026-03-22T21:10:07.745-705391-308309,409,false,4.576995547516114,1,3082.6021842343134,1.0,1.0
2026-03-22T21:10:07.745-705391-308309,645,false,1.3058545160305608,1,3082.6021842343134,1.0,1.0
2026-03-22T21:10:07.745-705391-308309,163,false,4.60258855405028,1,3082.6021842343134,1.0,1.0
2026-03-22T21:10:07.745-705391-308309,852,false,281.4877486803875,1,3082.6021842343134,1.0,1.0
2026-03-22T21:10:07.745-705391-308309,373,false,1.2045955194605857,1,3082.6021842343134,1.0,1.0
2026-03-22T21:10:07.745-705391-308309,897,false,16.15133284645288,1,3082.6021842343134,1.0,1.0
2026-03-22T21:10:07.745-705391-308309,764,false,2.370592721823537,1,3082.6021842343134,1.0,1.0
2026-03-22T21:10:07.745-705391-308309,857,false,6.983359527647262,1,3082.6021842343134,1.0,1.0
2026-03-22T21:10:07.745-705391-308309,660,false,4.6716143367655265,1,3082.6021842343134,1.0,1.0
2026-03-22T21:10:07.745-705391-308309,50,false,12.071410018735776,1,3082.6021842343134,1.0,1.0
2026-03-22T21:10:07.745-705391-308309,489,false,0.011265530765529627,1,3082.6021842343134,1.0,1.0
2026-03-22T21:10:07.745-705391-308309,146,false,0.4895034829540222,1,3082.6021842343134,1.0,1.0
2026-03-22T21:10:07.745-705391-308309,744,true,2.392634713600437,1,3080.209549520713,1.0,0.0
2026-03-22T21:10:07.745-705391-308309,822,false,115.2032067966923,1,3080.209549520713,1.0,1.0
2026-03-22T21:10:07.745-705391-308309,168,false,33.125623354878826,1,3080.209549520713,1.0,1.0
2026-03-22T21:10:07.745-705391-308309,771,false,3.3252845588224904,1,3080.209549520713,1.0,1.0
2026-03-22T21:10:07.745-705391-308309,174,false,2.37635146402505,1,3080.209549520713,1.0,1.0
2026-03-22T21:10:07.745-705391-308309,378,true,3.9873656031603377,1,3076.2221839175527,1.0,0.748
2026-03-22T21:10:07.745-705391-308309,854,false,7.13747273227921,1,3076.2221839175527,1.0,1.0
2026-03-22T21:10:07.745-705391-308309,225,false,0.11018060862122957,1,3076.2221839175527,1.0,1.0
2026-03-22T21:10:07.745-705391-308309,216,false,2.993467406180006,1,3076.2221839175527,1.0,1.0
2026-03-22T21:10:07.745-705391-308309,934,false,0.007096822000976472,1,3076.2221839175527,1.0,1.0
2026-03-22T21:10:07.745-705391-308309,838,false,10.811852478263996,1,3076.2221839175527,1.0,1.0
2026-03-22T21:10:07.745-705391-308309,724,false,15.401544342687993,1,3076.2221839175527,1.0,1.0
2026-03-22T21:10:07.745-705391-308309,272,false,0.3689128905940395,1,3076.2221839175527,1.0,1.0
2026-03-22T21:10:07.745-705391-308309,435,false,1.0417808327621183,1,3076.2221839175527,1.0,1.0
2026-03-22T21:10:07.745-705391-308309,739,true,48.634728033038165,1,3027.5874558845144,1.0,0.877
2026-03-22T21:10:07.745-705391-308309,699,false,0.7408272000753642,1,3027.5874558845144,1.0,1.0
2026-03-22T21:10:07.745-705391-308309,267,false,3.639532011257398,1,3027.5874558845144,1.0,1.0
2026-03-22T21:10:07.745-705391-308309,763,false,0.06391821601937044,1,3027.5874558845144,1.0,1.0
2026-03-22T21:10:07.745-705391-308309,314,false,16.640510062044957,1,3027.5874558845144,1.0,1.0
2026-03-22T21:10:07.745-705391-308309,768,false,0.05121282886818905,1,3027.5874558845144,1.0,1.0
2026-03-22T21:10:07.745-705391-308309,422,false,34.02637833378249,1,3027.5874558845144,1.0,1.0
2026-03-22T21:10:07.745-705391-308309,762,false,22.65084432815142,1,3027.5874558845144,1.0,1.0
2026-03-22T21:10:07.745-705391-308309,247,false,2.434005694498513,1,3027.5874558845144,1.0,1.0
2026-03-22T21:10:07.745-705391-308309,122,true,11.44897463181801,1,3016.1384812526962,1.0,0.881
2026-03-22T21:10:07.745-705391-308309,182,false,12.925241725382168,1,3016.1384812526962,1.0,1.0
2026-03-22T21:10:07.745-705391-308309,779,false,24.033646154706563,1,3016.1384812526962,1.0,1.0
2026-03-22T21:10:07.745-705391-308309,359,false,0.44272848459536723,1,3016.1384812526962,1.0,1.0
2026-03-22T21:10:07.745-705391-308309,716,false,12.478249788031414,1,3016.1384812526962,1.0,1.0
2026-03-22T21:10:07.745-705391-308309,70,false,4.787017607196713,1,3016.1384812526962,1.0,1.0
2026-03-22T21:10:07.745-705391-308309,795,false,5.498839840810027,1,3016.1384812526962,1.0,1.0
2026-03-22T21:10:07.745-705391-308309,752,false,0.49981598590001036,1,3016.1384812526962,1.0,1.0
2026-03-22T21:10:07.745-705391-308309,444,false,0.1571131779473026,1,3016.1384812526962,1.0,1.0
2026-03-22T21:10:07.745-705391-308309,132,false,201.8799245536153,1,3016.1384812526962,1.0,1.0
2026-03-22T21:10:07.745-705391-308309,364,false,0.8858721986548278,1,3016.1384812526962,1.0,1.0
2026-03-22T21:10:07.745-705391-308309,497,false,3.6989991332902505,1,3016.1384812526962,1.0,1.0
2026-03-22T21:10:07.745-705391-308309,545,false,50.88935330654989,1,3016.1384812526962,1.0,1.0
2026-03-22T21:10:07.745-705391-308309,631,false,28.135006672496257,1,3016.1384812526962,1.0,1.0
2026-03-22T21:10:07.745-705391-308309,735,false,0.393313878790096,1,3016.1384812526962,1.0,1.0
2026-03-22T21:10:07.745-705391-308309,871,false,0.17741117728688577,1,3016.1384812526962,1.0,1.0
2026-03-22T21:10:07.745-705391-308309,135,false,0.32390122685375367,1,3016.1384812526962,1.0,1.0
2026-03-22T21:10:07.745-705391-308309,220,false,573.2330433442321,1,3016.1384812526962,1.0,1.0
2026-03-22T21:10:07.745-705391-308309,801,false,10.927915139391262,1,3016.1384812526962,1.0,1.0
2026-03-22T21:10:07.745-705391-308309,144,false,4.555208240196926,1,3016.1384812526962,1.0,1.0
2026-03-22T21:10:07.745-705391-308309,62,false,0.18176040880439492,1,3016.1384812526962,1.0,1.0
2026-03-22T21:10:07.745-705391-308309,302,false,1.5680561333695509,1,3016.1384812526962,1.0,1.0
2026-03-22T21:10:07.745-705391-308309,633,false,6.003765458193208,1,3016.1384812526962,1.0,1.0
2026-03-22T21:10:07.745-705391-308309,411,false,41.20129910375564,1,3016.1384812526962,1.0,1.0
2026-03-22T21:10:07.745-705391-308309,139,false,1.0601558056271434,1,3016.1384812526962,1.0,1.0
2026-03-22T21:10:07.745-705391-308309,594,false,0.07896096825631362,1,3016.1384812526962,1.0,1.0
2026-03-22T21:10:07.745-705391-308309,205,false,0.35908318543511586,1,3016.1384812526962,1.0,1.0
2026-03-22T21:10:07.745-705391-308309,810,false,0.01714237613336699,1,3016.1384812526962,1.0,1.0
2026-03-22T21:10:07.745-705391-308309,524,false,0.876143357517225,1,3016.1384812526962,1.0,1.0
2026-03-22T21:10:07.745-705391-308309,900,false,33.766046301811194,1,3016.1384812526962,1.0,1.0
2026-03-22T21:10:07.745-705391-308309,487,false,1.1271377271048948,1,3016.1384812526962,1.0,1.0
2026-03-22T21:10:07.745-705391-308309,143,false,4.067525296804368,1,3016.1384812526962,1.0,1.0
2026-03-22T21:10:07.745-705391-308309,821,false,0.4440725807334803,1,3016.1384812526962,1.0,1.0
2026-03-22T21:10:07.745-705391-308309,25,false,0.5194475023321625,1,3016.1384812526962,1.0,1.0
2026-03-22T21:10:07.745-705391-308309,427,false,1.5853325498267585,1,3016.1384812526962,1.0,1.0
2026-03-22T21:10:07.745-705391-308309,185,false,19.355647167142884,1,3016.1384812526962,1.0,1.0
2026-03-22T21:10:07.745-705391-308309,662,false,68.29993060218092,1,3016.1384812526962,1.0,1.0
2026-03-22T21:10:07.745-705391-308309,351,false,5.676057321852458,1,3016.1384812526962,1.0,1.0
2026-03-22T21:10:07.745-705391-308309,291,false,29.49733093406343,1,3016.1384812526962,1.0,1.0
2026-03-22T21:10:07.745-705391-308309,928,false,5.856659157946014,1,3016.1384812526962,1.0,1.0
2026-03-22T21:10:07.745-705391-308309,9,false,0.7961230910836135,1,3016.1384812526962,1.0,1.0
2026-03-22T21:10:07.745-705391-308309,169,false,0.12228997530358464,1,3016.1384812526962,1.0,1.0
2026-03-22T21:10:07.745-705391-308309,835,false,111.75796141058056,1,3016.1384812526962,1.0,1.0
2026-03-22T21:10:07.745-705391-308309,890,false,0.33303708334343596,1,3016.1384812526962,1.0,1.0
2026-03-22T21:10:07.745-705391-308309,395,false,1.2766731331742613,1,3016.1384812526962,1.0,1.0
2026-03-22T21:10:07.745-705391-308309,913,false,0.01086809615669902,1,3016.1384812526962,1.0,1.0
2026-03-22T21:10:07.745-705391-308309,187,false,16.233162113923754,1,3016.1384812526962,1.0,1.0
2026-03-22T21:10:07.745-705391-308309,964,false,0.44123899728534366,1,3016.1384812526962,1.0,1.0
2026-03-22T21:10:07.745-705391-308309,200,false,6.148558671940507,1,3016.1384812526962,1.0,1.0
2026-03-22T21:10:07.745-705391-308309,902,false,0.8550235382023549,1,3016.1384812526962,1.0,1.0
2026-03-22T21:10:07.745-705391-308309,862,false,2.8262992524076833,1,3016.1384812526962,1.0,1.0
2026-03-22T21:10:07.745-705391-308309,957,false,0.6142416188022196,1,3016.1384812526962,1.0,1.0
2026-03-22T21:10:07.745-705391-308309,718,false,0.7736593341552855,1,3016.1384812526962,1.0,1.0
2026-03-22T21:10:07.745-705391-308309,371,false,0.3212291890628636,1,3016.1384812526962,1.0,1.0
2026-03-22T21:10:07.745-705391-308309,661,false,1.0684820007500435,1,3016.1384812526962,1.0,1.0
2026-03-22T21:10:07.745-705391-308309,451,false,20.83470105028958,1,3016.1384812526962,1.0,1.0
2026-03-22T21:10:07.745-705391-308309,692,false,0.9318645408584387,1,3016.1384812526962,1.0,1.0
2026-03-22T21:10:07.745-705391-308309,990,false,0.2496569551154959,1,3016.1384812526962,1.0,1.0
2026-03-22T21:10:07.745-705391-308309,898,false,0.8101217192482091,1,3016.1384812526962,1.0,1.0
2026-03-22T21:10:07.745-705391-308309,515,false,20.607971758101662,1,3016.1384812526962,1.0,1.0
2026-03-22T21:10:07.745-705391-308309,257,false,3.1100828820579465,1,3016.1384812526962,1.0,1.0
2026-03-22T21:10:07.745-705391-308309,726,false,208.46632184310974,1,3016.1384812526962,1.0,1.0
2026-03-22T21:10:07.745-705391-308309,73,false,15.967538140425273,1,3016.1384812526962,1.0,1.0
2026-03-22T21:10:07.745-705391-308309,761,false,0.4819891944502774,1,3016.1384812526962,1.0,1.0
2026-03-22T21:10:07.745-705391-308309,815,false,1.2344718878176635,1,3016.1384812526962,1.0,1.0
2026-03-22T21:10:07.745-705391-308309,175,false,6.485573739790171,1,3016.1384812526962,1.0,1.0
2026-03-22T21:10:07.745-705391-308309,734,false,0.09293795512803324,1,3016.1384812526962,1.0,1.0
2026-03-22T21:10:07.745-705391-308309,256,false,3.2125988798050074,1,3016.1384812526962,1.0,1.0
2026-03-22T21:10:07.745-705391-308309,668,false,3.3210121096341036,1,3016.1384812526962,1.0,1.0
2026-03-22T21:10:07.745-705391-308309,396,false,102.60196841149454,1,3016.1384812526962,1.0,1.0
2026-03-22T21:10:07.745-705391-308309,178,false,0.9336481761435554,1,3016.1384812526962,1.0,1.0
2026-03-22T21:10:07.745-705391-308309,765,false,0.5987487283683178,1,3016.1384812526962,1.0,1.0
2026-03-22T21:10:07.745-705391-308309,479,false,3.420013623612523,1,3016.1384812526962,1.0,1.0
2026-03-22T21:10:07.745-705391-308309,656,false,15.514858285278539,1,3016.1384812526962,1.0,1.0
2026-03-22T21:10:07.745-705391-308309,534,false,15.218436933678845,1,3016.1384812526962,1.0,1.0
2026-03-22T21:10:07.745-705391-308309,992,false,4.851856439950143,1,3016.1384812526962,1.0,1.0
2026-03-22T21:10:07.745-705391-308309,5,false,13.249334300001705,1,3016.1384812526962,1.0,1.0
2026-03-22T21:10:07.745-705391-308309,312,false,11.861556838198577,1,3016.1384812526962,1.0,1.0
2026-03-22T21:10:07.745-705391-308309,930,false,1.045767779584904,1,3016.1384812526962,1.0,1.0
2026-03-22T21:10:07.745-705391-308309,498,false,0.013079484412033436,1,3016.1384812526962,1.0,1.0
2026-03-22T21:10:07.745-705391-308309,90,false,184.1377391840587,1,3016.1384812526962,1.0,1.0
2026-03-22T21:10:07.745-705391-308309,289,false,1.3555940792619006,1,3016.1384812526962,1.0,1.0
2026-03-22T21:10:07.745-705391-308309,172,false,1.7501529010328933,1,3016.1384812526962,1.0,1.0
2026-03-22T21:10:07.745-705391-308309,92,false,12.03429475257343,1,3016.1384812526962,1.0,1.0
2026-03-22T21:10:07.745-705391-308309,574,false,0.6367354613916949,1,3016.1384812526962,1.0,1.0
2026-03-22T21:10:07.745-705391-308309,581,false,23.240430275562268,1,3016.1384812526962,1.0,1.0
2026-03-22T21:10:07.745-705391-308309,332,false,0.14498570942337158,1,3016.1384812526962,1.0,1.0
2026-03-22T21:10:07.745-705391-308309,167,false,0.24342499043637503,1,3016.1384812526962,1.0,1.0
2026-03-22T21:10:07.745-705391-308309,456,false,4.637946039326263,1,3016.1384812526962,1.0,1.0
2026-03-22T21:10:07.745-705391-308309,100,false,1.1822412781999974,1,3016.1384812526962,1.0,1.0
2026-03-22T21:10:07.745-705391-308309,672,false,1.361992601860068,1,3016.1384812526962,1.0,1.0
2026-03-22T21:10:07.745-705391-308309,1000,false,3.887490649058654,1,3016.1384812526962,1.0,1.0
2026-03-22T21:10:07.745-705391-308309,472,false,17.668058757993617,1,3016.1384812526962,1.0,1.0
2026-03-22T21:10:07.745-705391-308309,807,true,1.5595806387531481,1,3014.578900613943,1.0,0.947
2026-03-22T21:10:07.745-705391-308309,254,false,0.3050315348855947,1,3014.578900613943,1.0,1.0
2026-03-22T21:10:07.745-705391-308309,4,false,3.435811222352665,1,3014.578900613943,1.0,1.0
2026-03-22T21:10:07.745-705391-308309,556,false,2.9834533595038124,1,3014.578900613943,1.0,1.0
2026-03-22T21:10:07.745-705391-308309,61,false,0.3032919231341881,1,3014.578900613943,1.0,1.0
2026-03-22T21:10:07.745-705391-308309,446,false,9.67957980576936,1,3014.578900613943,1.0,1.0
2026-03-22T21:10:07.745-705391-308309,741,true,4.742941873981703,1,3009.8359587399614,1.0,0.0
2026-03-22T21:10:07.745-705391-308309,465,false,5.490380204276872,1,3009.8359587399614,1.0,1.0
2026-03-22T21:10:07.745-705391-308309,878,false,0.38618886459508694,1,3009.8359587399614,1.0,1.0
2026-03-22T21:10:07.745-705391-308309,408,false,0.8874417940964936,1,3009.8359587399614,1.0,1.0
2026-03-22T21:10:07.745-705391-308309,398,false,10.427487989377282,1,3009.8359587399614,1.0,1.0
2026-03-22T21:10:07.745-705391-308309,181,false,567.7160090852877,1,3009.8359587399614,1.0,1.0
2026-03-22T21:10:07.745-705391-308309,551,true,0.3445428731772904,1,3009.491415866784,1.0,0.85
2026-03-22T21:10:07.745-705391-308309,614,false,79.84871193720429,1,3009.491415866784,1.0,1.0
2026-03-22T21:10:07.745-705391-308309,560,false,28.62305910246693,1,3009.491415866784,1.0,1.0
2026-03-22T21:10:07.745-705391-308309,725,false,84.8706771520772,1,3009.491415866784,1.0,1.0
2026-03-22T21:10:07.745-705391-308309,843,false,16.00450476530031,1,3009.491415866784,1.0,1.0
2026-03-22T21:10:07.745-705391-308309,265,false,0.03096058810649929,1,3009.491415866784,1.0,1.0
2026-03-22T21:10:07.745-705391-308309,814,false,1.9055849978599186,1,3009.491415866784,1.0,1.0
2026-03-22T21:10:07.745-705391-308309,80,false,371.55167488519413,1,3009.491415866784,1.0,1.0
2026-03-22T21:10:07.745-705391-308309,866,false,0.24755038484687206,1,3009.491415866784,1.0,1.0
2026-03-22T21:10:07.745-705391-308309,713,false,0.9447568803076356,1,3009.491415866784,1.0,1.0
2026-03-22T21:10:07.745-705391-308309,959,false,2.924618204325779,1,3009.491415866784,1.0,1.0
2026-03-22T21:10:07.745-705391-308309,565,false,0.4492322018391292,1,3009.491415866784,1.0,1.0
2026-03-22T21:10:07.745-705391-308309,817,false,0.2891691968241543,1,3009.491415866784,1.0,1.0
2026-03-22T21:10:07.745-705391-308309,654,false,11.11827057770224,1,3009.491415866784,1.0,1.0
2026-03-22T21:10:07.745-705391-308309,783,false,6.653529616136644,1,3009.491415866784,1.0,1.0
2026-03-22T21:10:07.745-705391-308309,493,true,16.32710163038801,1,2993.164314236396,1.0,0.721
2026-03-22T21:10:07.745-705391-308309,659,false,3.276584504753522,1,2993.164314236396,1.0,1.0
2026-03-22T21:10:07.745-705391-308309,705,false,29.140929599954855,1,2993.164314236396,1.0,1.0
2026-03-22T21:10:07.745-705391-308309,338,false,49.02540082535722,1,2993.164314236396,1.0,1.0
2026-03-22T21:10:07.745-705391-308309,598,false,0.2997719442195736,1,2993.164314236396,1.0,1.0
2026-03-22T21:10:07.745-705391-308309,525,false,0.4170670102963931,1,2993.164314236396,1.0,1.0
2026-03-22T21:10:07.745-705391-308309,942,false,11.599189345820976,1,2993.164314236396,1.0,1.0
2026-03-22T21:10:07.745-705391-308309,575,false,1.1033160979637278,1,2993.164314236396,1.0,1.0
2026-03-22T21:10:07.745-705391-308309,624,false,3.795219686845285,1,2993.164314236396,1.0,1.0
2026-03-22T21:10:07.745-705391-308309,156,false,0.2595098045520182,1,2993.164314236396,1.0,1.0
2026-03-22T21:10:07.745-705391-308309,999,false,3.7775031152107714,1,2993.164314236396,1.0,1.0
2026-03-22T21:10:07.745-705391-308309,944,false,0.8618426128300188,1,2993.164314236396,1.0,1.0
2026-03-22T21:10:07.745-705391-308309,432,false,25.030749656928084,1,2993.164314236396,1.0,1.0
2026-03-22T21:10:07.745-705391-308309,953,false,1.1001109764859096,1,2993.164314236396,1.0,1.0
2026-03-22T21:10:07.745-705391-308309,588,false,4.251245430339052,1,2993.164314236396,1.0,1.0
2026-03-22T21:10:07.745-705391-308309,550,true,16.35189291808195,1,2976.812421318314,1.0,0.89
2026-03-22T21:10:07.745-705391-308309,101,false,3.8288607698282817,1,2976.812421318314,1.0,1.0
2026-03-22T21:10:07.745-705391-308309,542,false,0.7049888368341347,1,2976.812421318314,1.0,1.0
2026-03-22T21:10:07.745-705391-308309,445,false,0.10025807810066724,1,2976.812421318314,1.0,1.0
2026-03-22T21:10:07.745-705391-308309,784,false,8.892495807546766,1,2976.812421318314,1.0,1.0
2026-03-22T21:10:07.745-705391-308309,158,false,1.6641404192238445,1,2976.812421318314,1.0,1.0
2026-03-22T21:10:07.745-705391-308309,561,false,2.4362303688056777,1,2976.812421318314,1.0,1.0
2026-03-22T21:10:07.745-705391-308309,370,false,0.455275066291987,1,2976.812421318314,1.0,1.0
2026-03-22T21:10:07.745-705391-308309,693,false,1.6077857168207828,1,2976.812421318314,1.0,1.0
2026-03-22T21:10:07.745-705391-308309,212,false,0.5312440467708707,1,2976.812421318314,1.0,1.0
2026-03-22T21:10:07.745-705391-308309,55,false,26.775448458960664,1,2976.812421318314,1.0,1.0
2026-03-22T21:10:07.745-705391-308309,350,false,1.5829671133067929,1,2976.812421318314,1.0,1.0
2026-03-22T21:10:07.745-705391-308309,377,true,4.58457273719442,1,2972.22784858112,1.0,0.0020000000000000018
2026-03-22T21:10:07.745-705391-308309,58,false,2.4121201769168326,1,2972.22784858112,1.0,1.0
2026-03-22T21:10:07.745-705391-308309,241,false,17.791497931246862,1,2972.22784858112,1.0,1.0
2026-03-22T21:10:07.745-705391-308309,711,false,67.16232331005891,1,2972.22784858112,1.0,1.0
2026-03-22T21:10:07.745-705391-308309,520,false,10.322774045923959,1,2972.22784858112,1.0,1.0
2026-03-22T21:10:07.745-705391-308309,738,true,1.7777955035734885,1,2970.4500530775463,1.0,0.0020000000000000018
2026-03-22T21:10:07.745-705391-308309,145,false,123.72511456893265,1,2970.4500530775463,1.0,1.0
2026-03-22T21:10:07.745-705391-308309,51,false,58.14021612879475,1,2970.4500530775463,1.0,1.0
2026-03-22T21:10:07.745-705391-308309,198,false,18.171937821700876,1,2970.4500530775463,1.0,1.0
2026-03-22T21:10:07.745-705391-308309,274,false,28.34782510249173,1,2970.4500530775463,1.0,1.0
2026-03-22T21:10:07.745-705391-308309,367,false,3.1798947218385227,1,2970.4500530775463,1.0,1.0
2026-03-22T21:10:07.745-705391-308309,263,false,9.217302847751737,1,2970.4500530775463,1.0,1.0
2026-03-22T21:10:07.745-705391-308309,778,false,284.7273320323958,1,2970.4500530775463,1.0,1.0
2026-03-22T21:10:07.745-705391-308309,916,false,4.897607324552943,1,2970.4500530775463,1.0,1.0
2026-03-22T21:10:07.745-705391-308309,644,false,3.5750863792980745,1,2970.4500530775463,1.0,1.0
2026-03-22T21:10:07.745-705391-308309,133,false,47.73140704842661,1,2970.4500530775463,1.0,1.0
2026-03-22T21:10:07.745-705391-308309,946,false,0.48181432992205775,1,2970.4500530775463,1.0,1.0
2026-03-22T21:10:07.745-705391-308309,372,false,80.31203427833132,1,2970.4500530775463,1.0,1.0
2026-03-22T21:10:07.745-705391-308309,557,false,1.6303469181756798,1,2970.4500530775463,1.0,1.0
2026-03-22T21:10:07.745-705391-308309,972,false,2.278280159214959,1,2970.4500530775463,1.0,1.0
2026-03-22T21:10:07.745-705391-308309,203,false,4.3751428470425,1,2970.4500530775463,1.0,1.0
2026-03-22T21:10:07.745-705391-308309,832,false,21.01603879678058,1,2970.4500530775463,1.0,1.0
2026-03-22T21:10:07.745-705391-308309,958,false,1.5089648299279248,1,2970.4500530775463,1.0,1.0
2026-03-22T21:10:07.745-705391-308309,24,false,16.16448221845528,1,2970.4500530775463,1.0,1.0
2026-03-22T21:10:07.745-705391-308309,12,false,1.6385076729832933,1,2970.4500530775463,1.0,1.0
2026-03-22T21:10:07.745-705391-308309,963,false,4.354877783909594,1,2970.4500530775463,1.0,1.0
2026-03-22T21:10:07.745-705391-308309,213,false,0.8326578858009823,1,2970.4500530775463,1.0,1.0
2026-03-22T21:10:07.745-705391-308309,6,false,16.34352531768148,1,2970.4500530775463,1.0,1.0
2026-03-22T21:10:07.745-705391-308309,746,true,3.2035676406156144,1,2967.2464854369305,1.0,0.0
2026-03-22T21:10:07.745-705391-308309,504,false,15.413793955626224,1,2967.2464854369305,1.0,1.0
2026-03-22T21:10:07.745-705391-308309,11,false,2.126166649408002,1,2967.2464854369305,1.0,1.0
2026-03-22T21:10:07.745-705391-308309,506,false,2.016889607666353,1,2967.2464854369305,1.0,1.0
2026-03-22T21:10:07.745-705391-308309,461,true,1.08534678977286,1,2966.1611386471577,1.0,0.89
2026-03-22T21:10:07.745-705391-308309,236,false,16.267666610030982,1,2966.1611386471577,1.0,1.0
2026-03-22T21:10:07.745-705391-308309,996,false,12.755798902525141,1,2966.1611386471577,1.0,1.0
2026-03-22T21:10:07.745-705391-308309,977,false,13.479539782662437,1,2966.1611386471577,1.0,1.0
2026-03-22T21:10:07.745-705391-308309,330,false,2.761432585646215,1,2966.1611386471577,1.0,1.0
2026-03-22T21:10:07.745-705391-308309,753,false,0.25270525260846893,1,2966.1611386471577,1.0,1.0
2026-03-22T21:10:07.745-705391-308309,555,false,45.618106671409656,1,2966.1611386471577,1.0,1.0
2026-03-22T21:10:07.745-705391-308309,343,true,3.262891709520272,1,2962.8982469376374,1.0,0.721
2026-03-22T21:10:07.745-705391-308309,712,false,1.4862083197948748,1,2962.8982469376374,1.0,1.0
2026-03-22T21:10:07.745-705391-308309,337,false,1.4662923792693878,1,2962.8982469376374,1.0,1.0
2026-03-22T21:10:07.745-705391-308309,65,false,6.081843299893097,1,2962.8982469376374,1.0,1.0
2026-03-22T21:10:07.745-705391-308309,681,false,2.715494588732909,1,2962.8982469376374,1.0,1.0
2026-03-22T21:10:07.745-705391-308309,622,false,0.1575760767817084,1,2962.8982469376374,1.0,1.0
2026-03-22T21:10:07.745-705391-308309,153,false,0.8649166394318472,1,2962.8982469376374,1.0,1.0
2026-03-22T21:10:07.745-705391-308309,329,false,0.09276595937434375,1,2962.8982469376374,1.0,1.0
2026-03-22T21:10:07.745-705391-308309,250,false,87.24143379812726,1,2962.8982469376374,1.0,1.0
2026-03-22T21:10:07.745-705391-308309,211,false,0.621961997381977,1,2962.8982469376374,1.0,1.0
2026-03-22T21:10:07.745-705391-308309,140,false,59.73844615288378,1,2962.8982469376374,1.0,1.0
2026-03-22T21:10:07.745-705391-308309,354,false,0.0870060957948659,1,2962.8982469376374,1.0,1.0
2026-03-22T21:10:07.745-705391-308309,336,false,0.808845693281614,1,2962.8982469376374,1.0,1.0
2026-03-22T21:10:07.745-705391-308309,669,false,14.217331758107363,1,2962.8982469376374,1.0,1.0
2026-03-22T21:10:07.745-705391-308309,34,false,5.194278231268618,1,2962.8982469376374,1.0,1.0
2026-03-22T21:10:07.745-705391-308309,442,false,1.7332848364845632,1,2962.8982469376374,1.0,1.0
2026-03-22T21:10:07.745-705391-308309,173,false,0.7181792522544402,1,2962.8982469376374,1.0,1.0
2026-03-22T21:10:07.745-705391-308309,232,false,5.959537967209211,1,2962.8982469376374,1.0,1.0
2026-03-22T21:10:07.745-705391-308309,649,false,23.48602079670801,1,2962.8982469376374,1.0,1.0
2026-03-22T21:10:07.745-705391-308309,328,false,1.350581687489538,1,2962.8982469376374,1.0,1.0
2026-03-22T21:10:07.745-705391-308309,469,false,0.1383380775879653,1,2962.8982469376374,1.0,1.0
2026-03-22T21:10:07.745-705391-308309,932,false,3.6186471190991196,1,2962.8982469376374,1.0,1.0
2026-03-22T21:10:07.745-705391-308309,966,false,3.173597302362691,1,2962.8982469376374,1.0,1.0
2026-03-22T21:10:07.745-705391-308309,629,false,4.6189916118201415,1,2962.8982469376374,1.0,1.0
2026-03-22T21:10:07.745-705391-308309,54,false,0.7703630639468677,1,2962.8982469376374,1.0,1.0
2026-03-22T21:10:07.745-705391-308309,102,false,3.517447393317081,1,2962.8982469376374,1.0,1.0
2026-03-22T21:10:07.745-705391-308309,179,false,1.3887444873454018,1,2962.8982469376374,1.0,1.0
2026-03-22T21:10:07.745-705391-308309,347,true,3.2537470454654716,1,2959.644499892172,1.0,0.7090000000000001
2026-03-22T21:10:07.745-705391-308309,637,false,0.2824849253041125,1,2959.644499892172,1.0,1.0
2026-03-22T21:10:07.745-705391-308309,794,false,121.10201714462838,1,2959.644499892172,1.0,1.0
2026-03-22T21:10:07.745-705391-308309,850,false,0.25874147035601086,1,2959.644499892172,1.0,1.0
2026-03-22T21:10:07.745-705391-308309,28,false,0.06684698676473981,1,2959.644499892172,1.0,1.0
2026-03-22T21:10:07.745-705391-308309,82,false,0.298340145381416,1,2959.644499892172,1.0,1.0
2026-03-22T21:10:07.745-705391-308309,751,true,5.312202500432841,1,2954.3322973917393,1.0,0.75
2026-03-22T21:10:07.745-705391-308309,876,false,0.9706855480646489,1,2954.3322973917393,1.0,1.0
2026-03-22T21:10:07.745-705391-308309,969,false,1.6115539537944874,1,2954.3322973917393,1.0,1.0
2026-03-22T21:10:07.745-705391-308309,518,false,0.2023974927565166,1,2954.3322973917393,1.0,1.0
2026-03-22T21:10:07.745-705391-308309,455,false,0.9686545147841239,1,2954.3322973917393,1.0,1.0
2026-03-22T21:10:07.745-705391-308309,305,false,2.9258512149568032,1,2954.3322973917393,1.0,1.0
2026-03-22T21:10:07.745-705391-308309,670,false,2.1221174449037266,1,2954.3322973917393,1.0,1.0
2026-03-22T21:10:07.745-705391-308309,985,false,6.35631041739686,1,2954.3322973917393,1.0,1.0
2026-03-22T21:10:07.745-705391-308309,207,false,35.15727797700483,1,2954.3322973917393,1.0,1.0
2026-03-22T21:10:07.745-705391-308309,618,false,4.8223786749418265,1,2954.3322973917393,1.0,1.0
2026-03-22T21:10:07.745-705391-308309,567,false,0.5577316860823651,1,2954.3322973917393,1.0,1.0
2026-03-22T21:10:07.745-705391-308309,138,false,3.236664082593318,1,2954.3322973917393,1.0,1.0
2026-03-22T21:10:07.745-705391-308309,237,false,0.8128755751266646,1,2954.3322973917393,1.0,1.0
2026-03-22T21:10:07.745-705391-308309,22,false,6.226169522227589,1,2954.3322973917393,1.0,1.0
2026-03-22T21:10:07.745-705391-308309,517,false,0.35701966115335365,1,2954.3322973917393,1.0,1.0
2026-03-22T21:10:07.745-705391-308309,800,false,17.488888810694647,1,2954.3322973917393,1.0,1.0
2026-03-22T21:10:07.745-705391-308309,428,false,0.2359587975881567,1,2954.3322973917393,1.0,1.0
2026-03-22T21:10:07.745-705391-308309,333,false,1.6399584727512722,1,2954.3322973917393,1.0,1.0
2026-03-22T21:10:07.745-705391-308309,978,false,7.875118404709419,1,2954.3322973917393,1.0,1.0
2026-03-22T21:10:07.745-705391-308309,177,false,1.2994050640278312,1,2954.3322973917393,1.0,1.0
2026-03-22T21:10:07.745-705391-308309,684,false,17.894671196165806,1,2954.3322973917393,1.0,1.0
2026-03-22T21:10:07.745-705391-308309,107,false,9.547297215688893,1,2954.3322973917393,1.0,1.0
2026-03-22T21:10:07.745-705391-308309,676,false,0.38019979706281737,1,2954.3322973917393,1.0,1.0
2026-03-22T21:10:07.745-705391-308309,995,false,4.295192967396788,1,2954.3322973917393,1.0,1.0
2026-03-22T21:10:07.745-705391-308309,360,false,1.6975555470038177,1,2954.3322973917393,1.0,1.0
2026-03-22T21:10:07.745-705391-308309,223,false,14.794652988947151,1,2954.3322973917393,1.0,1.0
2026-03-22T21:10:07.745-705391-308309,664,false,0.3503910594696029,1,2954.3322973917393,1.0,1.0
2026-03-22T21:10:07.745-705391-308309,792,false,7.445796750017285,1,2954.3322973917393,1.0,1.0
2026-03-22T21:10:07.745-705391-308309,368,false,0.006424366577212016,1,2954.3322973917393,1.0,1.0
2026-03-22T21:10:07.745-705391-308309,85,false,0.708638679337331,1,2954.3322973917393,1.0,1.0
2026-03-22T21:10:07.745-705391-308309,993,false,0.1545224647278,1,2954.3322973917393,1.0,1.0
2026-03-22T21:10:07.745-705391-308309,35,false,13.95902538344086,1,2954.3322973917393,1.0,1.0
2026-03-22T21:10:07.745-705391-308309,307,false,18.273577958544482,1,2954.3322973917393,1.0,1.0
2026-03-22T21:10:07.745-705391-308309,538,false,0.43282234878772324,1,2954.3322973917393,1.0,1.0
2026-03-22T21:10:07.745-705391-308309,399,false,3.457405009172285,1,2954.3322973917393,1.0,1.0
2026-03-22T21:10:07.745-705391-308309,277,false,20.731679079252995,1,2954.3322973917393,1.0,1.0
2026-03-22T21:10:07.745-705391-308309,689,false,17.682292349923937,1,2954.3322973917393,1.0,1.0
2026-03-22T21:10:07.745-705391-308309,544,false,36.88948477380908,1,2954.3322973917393,1.0,1.0
2026-03-22T21:10:07.745-705391-308309,665,false,3.1933618843393714,1,2954.3322973917393,1.0,1.0
2026-03-22T21:10:07.745-705391-308309,906,false,2.5605554101314416,1,2954.3322973917393,1.0,1.0
2026-03-22T21:10:07.745-705391-308309,424,false,0.25739216766247125,1,2954.3322973917393,1.0,1.0
2026-03-22T21:10:07.745-705391-308309,109,false,22.38614626683396,1,2954.3322973917393,1.0,1.0
2026-03-22T21:10:07.745-705391-308309,10,false,3.523976082622552,1,2954.3322973917393,1.0,1.0
2026-03-22T21:10:07.745-705391-308309,233,false,20.837252138084033,1,2954.3322973917393,1.0,1.0
2026-03-22T21:10:07.745-705391-308309,803,false,2.0893216216558934,1,2954.3322973917393,1.0,1.0
2026-03-22T21:10:07.745-705391-308309,968,false,16.207358957804168,1,2954.3322973917393,1.0,1.0
2026-03-22T21:10:07.745-705391-308309,951,false,1.0455125018524847,1,2954.3322973917393,1.0,1.0
2026-03-22T21:10:07.745-705391-308309,858,false,16.67220529443344,1,2954.3322973917393,1.0,1.0
2026-03-22T21:10:07.745-705391-308309,791,false,6.144871100041226,1,2954.3322973917393,1.0,1.0
2026-03-22T21:10:07.745-705391-308309,357,false,85.28049973367109,1,2954.3322973917393,1.0,1.0
2026-03-22T21:10:07.745-705391-308309,612,false,2.2819867956964317,1,2954.3322973917393,1.0,1.0
2026-03-22T21:10:07.745-705391-308309,258,false,1.3466383749155446,1,2954.3322973917393,1.0,1.0
2026-03-22T21:10:07.745-705391-308309,221,false,588.728943788081,1,2954.3322973917393,1.0,1.0
2026-03-22T21:10:07.745-705391-308309,14,false,1.8715083349030166,1,2954.3322973917393,1.0,1.0
2026-03-22T21:10:07.745-705391-308309,562,false,1.028040907256136,1,2954.3322973917393,1.0,1.0
2026-03-22T21:10:07.745-705391-308309,694,false,0.851505780918221,1,2954.3322973917393,1.0,1.0
2026-03-22T21:10:07.745-705391-308309,577,false,11.22177570363263,1,2954.3322973917393,1.0,1.0
2026-03-22T21:10:07.745-705391-308309,293,false,0.42200143606189183,1,2954.3322973917393,1.0,1.0
2026-03-22T21:10:07.745-705391-308309,674,false,16.44124337621498,1,2954.3322973917393,1.0,1.0
2026-03-22T21:10:07.745-705391-308309,32,false,1.188083941278349,1,2954.3322973917393,1.0,1.0
2026-03-22T21:10:07.745-705391-308309,192,false,0.4960229058295362,1,2954.3322973917393,1.0,1.0
2026-03-22T21:10:07.745-705391-308309,407,false,2.925776136414453,1,2954.3322973917393,1.0,1.0
2026-03-22T21:10:07.745-705391-308309,165,false,3.7281365410284146,1,2954.3322973917393,1.0,1.0
2026-03-22T21:10:07.745-705391-308309,376,false,0.058011716858659974,1,2954.3322973917393,1.0,1.0
2026-03-22T21:10:07.745-705391-308309,867,false,0.6958012497066478,1,2954.3322973917393,1.0,1.0
2026-03-22T21:10:07.745-705391-308309,449,false,8.919324324298799,1,2954.3322973917393,1.0,1.0
2026-03-22T21:10:07.745-705391-308309,84,false,12.67755175768424,1,2954.3322973917393,1.0,1.0
2026-03-22T21:10:07.745-705391-308309,863,false,3.710098651405153,1,2954.3322973917393,1.0,1.0
2026-03-22T21:10:07.745-705391-308309,499,false,0.7650697545554068,1,2954.3322973917393,1.0,1.0
2026-03-22T21:10:07.745-705391-308309,868,false,4.976676017796,1,2954.3322973917393,1.0,1.0
2026-03-22T21:10:07.745-705391-308309,608,false,9.807670969325022,1,2954.3322973917393,1.0,1.0
2026-03-22T21:10:07.745-705391-308309,363,false,6.787843129745291,1,2954.3322973917393,1.0,1.0
2026-03-22T21:10:07.745-705391-308309,554,true,109.63956010049343,1,2844.692737291246,1.0,0.6819999999999999
2026-03-22T21:10:07.745-705391-308309,33,false,6.326697165219337,1,2844.692737291246,1.0,1.0
2026-03-22T21:10:07.745-705391-308309,87,false,1.0719090400109568,1,2844.692737291246,1.0,1.0
2026-03-22T21:10:07.745-705391-308309,737,true,0.6908514210652733,1,2844.0018858701806,1.0,0.0
2026-03-22T21:10:07.745-705391-308309,799,false,17.79894320560212,1,2844.0018858701806,1.0,1.0
2026-03-22T21:10:07.745-705391-308309,415,false,2.1323820111586382,1,2844.0018858701806,1.0,1.0
2026-03-22T21:10:07.745-705391-308309,698,false,8.07499668187817,1,2844.0018858701806,1.0,1.0
2026-03-22T21:10:07.745-705391-308309,215,false,0.23049624596400156,1,2844.0018858701806,1.0,1.0
2026-03-22T21:10:07.745-705391-308309,482,false,25.11472811434918,1,2844.0018858701806,1.0,1.0
2026-03-22T21:10:07.745-705391-308309,604,false,0.07375511802427435,1,2844.0018858701806,1.0,1.0
2026-03-22T21:10:07.745-705391-308309,759,false,0.23673811609581247,1,2844.0018858701806,1.0,1.0
2026-03-22T21:10:07.745-705391-308309,591,false,0.13102763334498127,1,2844.0018858701806,1.0,1.0
2026-03-22T21:10:07.745-705391-308309,299,false,1.4398413381748005,1,2844.0018858701806,1.0,1.0
2026-03-22T21:10:07.745-705391-308309,780,false,4.163160107718866,1,2844.0018858701806,1.0,1.0
2026-03-22T21:10:07.745-705391-308309,486,false,10.515150925694332,1,2844.0018858701806,1.0,1.0
2026-03-22T21:10:07.745-705391-308309,2,false,4.929503358732801,1,2844.0018858701806,1.0,1.0
2026-03-22T21:10:07.745-705391-308309,434,false,4.507604693979131,1,2844.0018858701806,1.0,1.0
2026-03-22T21:10:07.745-705391-308309,344,true,0.6494037991583756,1,2843.352482071022,1.0,0.0
2026-03-22T21:10:07.745-705391-308309,290,false,0.3447827267562331,1,2843.352482071022,1.0,1.0
2026-03-22T21:10:07.745-705391-308309,747,true,3.9362072176366754,1,2839.4162748533854,1.0,0.0
2026-03-22T21:10:07.745-705391-308309,923,false,4.096779329685129,1,2839.4162748533854,1.0,1.0
2026-03-22T21:10:07.745-705391-308309,896,false,2.8595553171017096,1,2839.4162748533854,1.0,1.0
2026-03-22T21:10:07.745-705391-308309,671,false,10.013272910881788,1,2839.4162748533854,1.0,1.0
2026-03-22T21:10:07.745-705391-308309,509,false,1.8787134716078095,1,2839.4162748533854,1.0,1.0
2026-03-22T21:10:07.745-705391-308309,888,false,4.026756247799651,1,2839.4162748533854,1.0,1.0
2026-03-22T21:10:07.745-705391-308309,501,false,0.8243423399994155,1,2839.4162748533854,1.0,1.0
2026-03-22T21:10:07.745-705391-308309,89,false,96.28128504029111,1,2839.4162748533854,1.0,1.0
2026-03-22T21:10:07.745-705391-308309,72,false,0.09012510691296881,1,2839.4162748533854,1.0,1.0
2026-03-22T21:10:07.745-705391-308309,297,false,2.2917102201743367,1,2839.4162748533854,1.0,1.0
2026-03-22T21:10:07.745-705391-308309,68,false,0.03606662116538796,1,2839.4162748533854,1.0,1.0
2026-03-22T21:10:07.745-705391-308309,593,false,6.686030522616271,1,2839.4162748533854,1.0,1.0
2026-03-22T21:10:07.745-705391-308309,69,false,0.2435435076011594,1,2839.4162748533854,1.0,1.0
2026-03-22T21:10:07.745-705391-308309,571,false,65.82362662507163,1,2839.4162748533854,1.0,1.0
2026-03-22T21:10:07.745-705391-308309,760,false,90.80677145987259,1,2839.4162748533854,1.0,1.0
2026-03-22T21:10:07.745-705391-308309,49,false,0.5133140915345198,1,2839.4162748533854,1.0,1.0
2026-03-22T21:10:07.745-705391-308309,23,false,1.674780287921748,1,2839.4162748533854,1.0,1.0
2026-03-22T21:10:07.745-705391-308309,766,false,0.2004092468442416,1,2839.4162748533854,1.0,1.0
2026-03-22T21:10:07.745-705391-308309,186,false,4.000762735333742,1,2839.4162748533854,1.0,1.0
2026-03-22T21:10:07.745-705391-308309,512,false,1.9130726206441986,1,2839.4162748533854,1.0,1.0
2026-03-22T21:10:07.745-705391-308309,99,false,13.984741621128249,1,2839.4162748533854,1.0,1.0
2026-03-22T21:10:07.745-705391-308309,116,true,411.5006961473316,1,2427.9155787060536,1.0,0.0
2026-03-22T21:10:07.745-705391-308309,141,false,0.2971233605834004,1,2427.9155787060536,1.0,1.0
2026-03-22T21:10:07.745-705391-308309,962,false,1.8061852794176574,1,2427.9155787060536,1.0,1.0
2026-03-22T21:10:07.745-705391-308309,285,false,0.4820844545838496,1,2427.9155787060536,1.0,1.0
2026-03-22T21:10:07.745-705391-308309,829,false,8.844427921433748,1,2427.9155787060536,1.0,1.0
2026-03-22T21:10:07.745-705391-308309,121,true,10.227359505887879,1,2417.688219200166,1.0,0.0
2026-03-22T21:10:07.745-705391-308309,559,false,1.3203501525575263,1,2417.688219200166,1.0,1.0
2026-03-22T21:10:07.745-705391-308309,147,false,3.4066247741670526,1,2417.688219200166,1.0,1.0
2026-03-22T21:10:07.745-705391-308309,701,false,0.31714176337291083,1,2417.688219200166,1.0,1.0
2026-03-22T21:10:07.745-705391-308309,119,true,2.2933242457883707,1,2415.3948949543774,1.0,0.0
2026-03-22T21:10:07.745-705391-308309,379,true,5.30999137777233,1,2410.084903576605,1.0,0.0
2026-03-22T21:10:07.745-705391-308309,278,false,3.3058669967683323,1,2410.084903576605,1.0,1.0
2026-03-22T21:10:07.745-705391-308309,218,false,60.351321800979136,1,2410.084903576605,1.0,1.0
2026-03-22T21:10:07.745-705391-308309,811,false,12.929996956154271,1,2410.084903576605,1.0,1.0
2026-03-22T21:10:07.745-705391-308309,998,false,16.081252370793496,1,2410.084903576605,1.0,1.0
2026-03-22T21:10:07.745-705391-308309,324,false,0.35547431052501655,1,2410.084903576605,1.0,1.0
2026-03-22T21:10:07.745-705391-308309,586,false,0.16514595776901908,1,2410.084903576605,1.0,1.0
2026-03-22T21:10:07.745-705391-308309,526,false,3.523654674334309,1,2410.084903576605,1.0,1.0
2026-03-22T21:10:07.745-705391-308309,553,true,363.9031022723775,1,2046.1818013042275,1.0,0.0
2026-03-22T21:10:07.745-705391-308309,38,true,8.659185907720394,1,2037.522615396507,1.0,0.9410000000000001
2026-03-22T21:10:07.745-705391-308309,268,false,0.3303828188327724,1,2037.522615396507,1.0,1.0
2026-03-22T21:10:07.745-705391-308309,895,false,2.747431459578426,1,2037.522615396507,1.0,1.0
2026-03-22T21:10:07.745-705391-308309,585,false,0.4008496655351925,1,2037.522615396507,1.0,1.0
2026-03-22T21:10:07.745-705391-308309,52,false,6.007900734023112,1,2037.522615396507,1.0,1.0
2026-03-22T21:10:07.745-705391-308309,818,false,6.375993496080675,1,2037.522615396507,1.0,1.0
2026-03-22T21:10:07.745-705391-308309,646,false,2.6130983485347286,1,2037.522615396507,1.0,1.0
2026-03-22T21:10:07.745-705391-308309,414,false,0.6494158637702558,1,2037.522615396507,1.0,1.0
2026-03-22T21:10:07.745-705391-308309,806,true,4.802534303235588,1,2032.7200810932713,1.0,0.725
2026-03-22T21:10:07.745-705391-308309,596,false,6.31556695099873,1,2032.7200810932713,1.0,1.0
2026-03-22T21:10:07.745-705391-308309,47,false,75.48135102307697,1,2032.7200810932713,1.0,1.0
2026-03-22T21:10:07.745-705391-308309,777,false,2.5498711884722227,1,2032.7200810932713,1.0,1.0
2026-03-22T21:10:07.745-705391-308309,74,false,4.75899504403669,1,2032.7200810932713,1.0,1.0
2026-03-22T21:10:07.745-705391-308309,948,false,3.393961741592155,1,2032.7200810932713,1.0,1.0
2026-03-22T21:10:07.745-705391-308309,769,false,0.41693729046719424,1,2032.7200810932713,1.0,1.0
2026-03-22T21:10:07.745-705391-308309,484,false,2.258358936191398,1,2032.7200810932713,1.0,1.0
2026-03-22T21:10:07.745-705391-308309,234,false,47.154121862049614,1,2032.7200810932713,1.0,1.0
2026-03-22T21:10:07.745-705391-308309,750,true,11.409985379340867,1,2021.3100957139304,1.0,0.0
2026-03-22T21:10:07.745-705391-308309,922,false,4.242163837066739,1,2021.3100957139304,1.0,1.0
2026-03-22T21:10:07.745-705391-308309,311,false,43.16794886124944,1,2021.3100957139304,1.0,1.0
2026-03-22T21:10:07.745-705391-308309,641,false,32.38376917191951,1,2021.3100957139304,1.0,1.0
2026-03-22T21:10:07.745-705391-308309,150,false,2.8192058184040603,1,2021.3100957139304,1.0,1.0
2026-03-22T21:10:07.745-705391-308309,987,false,0.21549488731606306,1,2021.3100957139304,1.0,1.0
2026-03-22T21:10:07.745-705391-308309,474,false,5.321922131777158,1,2021.3100957139304,1.0,1.0
2026-03-22T21:10:07.745-705391-308309,710,false,6.52095710935753,1,2021.3100957139304,1.0,1.0
2026-03-22T21:10:07.745-705391-308309,214,false,3.8876948796416233,1,2021.3100957139304,1.0,1.0
2026-03-22T21:10:07.745-705391-308309,64,false,0.4555066634464707,1,2021.3100957139304,1.0,1.0
2026-03-22T21:10:07.745-705391-308309,71,false,13.999990942590236,1,2021.3100957139304,1.0,1.0
2026-03-22T21:10:07.745-705391-308309,400,false,6.919912875638601,1,2021.3100957139304,1.0,1.0
2026-03-22T21:10:07.745-705391-308309,797,false,0.46206685204525955,1,2021.3100957139304,1.0,1.0
2026-03-22T21:10:07.745-705391-308309,339,false,3.6580465686644494,1,2021.3100957139304,1.0,1.0
2026-03-22T21:10:07.745-705391-308309,104,false,1.4282404731212308,1,2021.3100957139304,1.0,1.0
2026-03-22T21:10:07.745-705391-308309,907,false,0.5855526464476795,1,2021.3100957139304,1.0,1.0
2026-03-22T21:10:07.745-705391-308309,242,false,0.43299125113337894,1,2021.3100957139304,1.0,1.0
2026-03-22T21:10:07.745-705391-308309,655,false,68.3038607033267,1,2021.3100957139304,1.0,1.0
2026-03-22T21:10:07.745-705391-308309,19,false,16.145256334111185,1,2021.3100957139304,1.0,1.0
2026-03-22T21:10:07.745-705391-308309,616,false,12.138612477148799,1,2021.3100957139304,1.0,1.0
2026-03-22T21:10:07.745-705391-308309,298,false,56.44318263337562,1,2021.3100957139304,1.0,1.0
2026-03-22T21:10:07.745-705391-308309,490,true,2.6861999315070095,1,2018.6238957824235,1.0,0.02100000000000002
2026-03-22T21:10:07.745-705391-308309,275,false,41.548547003477374,1,2018.6238957824235,1.0,1.0
2026-03-22T21:10:07.745-705391-308309,621,false,11.803010523912848,1,2018.6238957824235,1.0,1.0
2026-03-22T21:10:07.745-705391-308309,960,false,33.35551661313415,1,2018.6238957824235,1.0,1.0
2026-03-22T21:10:07.745-705391-308309,885,false,4.318783523715369,1,2018.6238957824235,1.0,1.0
2026-03-22T21:10:07.745-705391-308309,321,false,77.82891836054681,1,2018.6238957824235,1.0,1.0
2026-03-22T21:10:07.745-705391-308309,124,true,0.419785617601962,1,2018.2041101648215,1.0,0.09899999999999998
2026-03-22T21:10:07.745-705391-308309,483,false,0.8073945817463656,1,2018.2041101648215,1.0,1.0
2026-03-22T21:10:07.745-705391-308309,619,false,3.466401472818745,1,2018.2041101648215,1.0,1.0
2026-03-22T21:10:07.745-705391-308309,31,false,59.81146328105262,1,2018.2041101648215,1.0,1.0
2026-03-22T21:10:07.745-705391-308309,600,false,1.16965876734914,1,2018.2041101648215,1.0,1.0
2026-03-22T21:10:07.745-705391-308309,317,false,1.275749966264462,1,2018.2041101648215,1.0,1.0
2026-03-22T21:10:07.745-705391-308309,845,false,0.09734696530420216,1,2018.2041101648215,1.0,1.0
2026-03-22T21:10:07.745-705391-308309,543,false,3.868876328166667,1,2018.2041101648215,1.0,1.0
2026-03-22T21:10:07.745-705391-308309,793,false,4.043067272197129,1,2018.2041101648215,1.0,1.0
2026-03-22T21:10:07.745-705391-308309,733,false,1.436253628161437,1,2018.2041101648215,1.0,1.0
2026-03-22T21:10:07.745-705391-308309,503,false,2.7019245021584344,1,2018.2041101648215,1.0,1.0
2026-03-22T21:10:07.745-705391-308309,502,false,0.21910752417337406,1,2018.2041101648215,1.0,1.0
2026-03-22T21:10:07.745-705391-308309,830,false,0.07993994733999629,1,2018.2041101648215,1.0,1.0
2026-03-22T21:10:07.745-705391-308309,481,false,0.3594958920403815,1,2018.2041101648215,1.0,1.0
2026-03-22T21:10:07.745-705391-308309,901,false,2.3400046795927945,1,2018.2041101648215,1.0,1.0
2026-03-22T21:10:07.745-705391-308309,303,false,6.36172500848262,1,2018.2041101648215,1.0,1.0
2026-03-22T21:10:07.745-705391-308309,589,false,0.17421458643498902,1,2018.2041101648215,1.0,1.0
2026-03-22T21:10:07.745-705391-308309,666,false,10.328607763052192,1,2018.2041101648215,1.0,1.0
2026-03-22T21:10:07.745-705391-308309,770,false,15.474928313306654,1,2018.2041101648215,1.0,1.0
2026-03-22T21:10:07.745-705391-308309,375,true,0.24164805596109082,1,2017.9624621088603,1.0,0.02200000000000002
2026-03-22T21:10:07.745-705391-308309,690,false,2.0954354044309507,1,2017.9624621088603,1.0,1.0
2026-03-22T21:10:07.745-705391-308309,148,false,1.3582026209237192,1,2017.9624621088603,1.0,1.0
2026-03-22T21:10:07.745-705391-308309,513,false,0.2819754383086005,1,2017.9624621088603,1.0,1.0
2026-03-22T21:10:07.745-705391-308309,346,true,0.5001444615036272,1,2017.4623176473567,1.0,0.0
2026-03-22T21:10:07.745-705391-308309,846,false,9.114187904343478,1,2017.4623176473567,1.0,1.0
2026-03-22T21:10:07.745-705391-308309,918,false,1.4122089845231178,1,2017.4623176473567,1.0,1.0
2026-03-22T21:10:07.745-705391-308309,429,false,20.634529342364594,1,2017.4623176473567,1.0,1.0
2026-03-22T21:10:07.745-705391-308309,703,false,0.03496224719172578,1,2017.4623176473567,1.0,1.0
2026-03-22T21:10:07.745-705391-308309,458,true,8.003880760172933,1,2009.4584368871838,1.0,0.72
2026-03-22T21:10:07.745-705391-308309,8,false,14.541265641952771,1,2009.4584368871838,1.0,1.0
2026-03-22T21:10:07.745-705391-308309,625,false,7.753171669860294,1,2009.4584368871838,1.0,1.0
2026-03-22T21:10:07.745-705391-308309,155,false,26.80824220995783,1,2009.4584368871838,1.0,1.0
2026-03-22T21:10:07.745-705391-308309,112,true,280.6692601348524,1,1728.7891767523315,1.0,0.0
2026-03-22T21:10:07.745-705391-308309,847,false,0.5891477485878618,1,1728.7891767523315,1.0,1.0
2026-03-22T21:10:07.745-705391-308309,231,false,0.12192278369656803,1,1728.7891767523315,1.0,1.0
2026-03-22T21:10:07.745-705391-308309,381,true,6.550136177952692,1,1722.2390405743788,1.0,0.0
2026-03-22T21:10:07.745-705391-308309,704,false,21.505672763172274,1,1722.2390405743788,1.0,1.0
2026-03-22T21:10:07.745-705391-308309,209,false,2.9444584686299535,1,1722.2390405743788,1.0,1.0
2026-03-22T21:10:07.745-705391-308309,431,false,2.8026692052520756,1,1722.2390405743788,1.0,1.0
2026-03-22T21:10:07.745-705391-308309,627,false,271.39250505235685,1,1722.2390405743788,1.0,1.0
2026-03-22T21:10:07.745-705391-308309,128,false,0.1321470395971316,1,1722.2390405743788,1.0,1.0
2026-03-22T21:10:07.745-705391-308309,413,false,92.2408025707112,1,1722.2390405743788,1.0,1.0
2026-03-22T21:10:07.745-705391-308309,362,false,32.015273755784186,1,1722.2390405743788,1.0,1.0
2026-03-22T21:10:07.745-705391-308309,91,false,4.687304173793552,1,1722.2390405743788,1.0,1.0
2026-03-22T21:10:07.745-705391-308309,193,false,4.339040221827739,1,1722.2390405743788,1.0,1.0
2026-03-22T21:10:07.745-705391-308309,235,false,179.86855773034424,1,1722.2390405743788,1.0,1.0
2026-03-22T21:10:07.745-705391-308309,579,false,10.291975563740372,1,1722.2390405743788,1.0,1.0
2026-03-22T21:10:07.745-705391-308309,919,false,26.498538745627027,2,1722.2390405743788,1.0,1.0
2026-03-22T21:10:07.745-705391-308309,861,false,7.850110638342334,2,1722.2390405743788,1.0,1.0
2026-03-22T21:10:07.745-705391-308309,164,false,0.5171648777964695,2,1722.2390405743788,1.0,1.0
2026-03-22T21:10:07.745-705391-308309,659,false,3.276584504753522,2,1722.2390405743788,1.0,1.0
2026-03-22T21:10:07.745-705391-308309,987,false,0.21549488731606306,2,1722.2390405743788,1.0,1.0
2026-03-22T21:10:07.745-705391-308309,191,false,10.485205469266427,2,1722.2390405743788,1.0,1.0
2026-03-22T21:10:07.745-705391-308309,42,false,1.9136185464477584,2,1722.2390405743788,1.0,1.0
2026-03-22T21:10:07.745-705391-308309,898,false,0.8101217192482091,2,1722.2390405743788,1.0,1.0
2026-03-22T21:10:07.745-705391-308309,621,false,11.803010523912848,2,1722.2390405743788,1.0,1.0
2026-03-22T21:10:07.745-705391-308309,67,false,10.875458038248189,2,1722.2390405743788,1.0,1.0
2026-03-22T21:10:07.745-705391-308309,689,false,17.682292349923937,2,1722.2390405743788,1.0,1.0
2026-03-22T21:10:07.745-705391-308309,408,false,0.8874417940964936,2,1722.2390405743788,1.0,1.0
2026-03-22T21:10:07.745-705391-308309,971,false,1.0963477848874958,2,1722.2390405743788,1.0,1.0
2026-03-22T21:10:07.745-705391-308309,358,false,10.237154560045376,2,1722.2390405743788,1.0,1.0
2026-03-22T21:10:07.745-705391-308309,480,false,3.9075117518921014,2,1722.2390405743788,1.0,1.0
2026-03-22T21:10:07.745-705391-308309,157,false,6.945173575160431,2,1722.2390405743788,1.0,1.0
2026-03-22T21:10:07.745-705391-308309,963,false,4.354877783909594,2,1722.2390405743788,1.0,1.0
2026-03-22T21:10:07.745-705391-308309,482,false,25.11472811434918,2,1722.2390405743788,1.0,1.0
2026-03-22T21:10:07.745-705391-308309,900,false,33.766046301811194,2,1722.2390405743788,1.0,1.0
2026-03-22T21:10:07.745-705391-308309,281,false,0.043280243392969354,2,1722.2390405743788,1.0,1.0
2026-03-22T21:10:07.745-705391-308309,820,false,47.98305736982665,2,1722.2390405743788,1.0,1.0
2026-03-22T21:10:07.745-705391-308309,985,false,6.35631041739686,2,1722.2390405743788,1.0,1.0
2026-03-22T21:10:07.745-705391-308309,644,false,3.5750863792980745,2,1722.2390405743788,1.0,1.0
2026-03-22T21:10:07.745-705391-308309,390,true,60.33843311195316,2,1661.9006074624256,1.0,0.654
2026-03-22T21:10:07.745-705391-308309,850,false,0.25874147035601086,2,1661.9006074624256,1.0,1.0
2026-03-22T21:10:07.745-705391-308309,784,false,8.892495807546766,2,1661.9006074624256,1.0,1.0
2026-03-22T21:10:07.745-705391-308309,812,false,38.66080430465538,2,1661.9006074624256,1.0,1.0
2026-03-22T21:10:07.745-705391-308309,859,false,1.73283551357954,2,1661.9006074624256,1.0,1.0
2026-03-22T21:10:07.745-705391-308309,603,false,11.331870469411653,2,1661.9006074624256,1.0,1.0
2026-03-22T21:10:07.745-705391-308309,442,false,1.7332848364845632,2,1661.9006074624256,1.0,1.0
2026-03-22T21:10:07.745-705391-308309,517,false,0.35701966115335365,2,1661.9006074624256,1.0,1.0
2026-03-22T21:10:07.745-705391-308309,405,false,1.8321728963631208,2,1661.9006074624256,1.0,1.0
2026-03-22T21:10:07.745-705391-308309,752,true,0.49981598590001036,2,1661.4007914765255,1.0,0.0010000000000000009
2026-03-22T21:10:07.745-705391-308309,856,false,0.07479375386432871,2,1661.4007914765255,1.0,1.0
2026-03-22T21:10:07.745-705391-308309,55,false,26.775448458960664,2,1661.4007914765255,1.0,1.0
2026-03-22T21:10:07.745-705391-308309,843,false,16.00450476530031,2,1661.4007914765255,1.0,1.0
2026-03-22T21:10:07.745-705391-308309,537,false,31.106940061892384,2,1661.4007914765255,1.0,1.0
2026-03-22T21:10:07.745-705391-308309,783,false,6.653529616136644,2,1661.4007914765255,1.0,1.0
2026-03-22T21:10:07.745-705391-308309,891,false,6.636122360533035,2,1661.4007914765255,1.0,1.0
2026-03-22T21:10:07.745-705391-308309,849,false,0.17004464050548815,2,1661.4007914765255,1.0,1.0
2026-03-22T21:10:07.745-705391-308309,367,false,3.1798947218385227,2,1661.4007914765255,1.0,1.0
2026-03-22T21:10:07.745-705391-308309,627,false,271.39250505235685,2,1661.4007914765255,1.0,1.0
2026-03-22T21:10:07.745-705391-308309,726,false,208.46632184310974,2,1661.4007914765255,1.0,1.0
2026-03-22T21:10:07.745-705391-308309,883,false,8.324218902752726,2,1661.4007914765255,1.0,1.0
2026-03-22T21:10:07.745-705391-308309,228,false,2.6955399987022393,2,1661.4007914765255,1.0,1.0
2026-03-22T21:10:07.745-705391-308309,63,false,28.111636395315994,2,1661.4007914765255,1.0,1.0
2026-03-22T21:10:07.745-705391-308309,356,false,31.17459336007428,2,1661.4007914765255,1.0,1.0
2026-03-22T21:10:07.745-705391-308309,4,false,3.435811222352665,2,1661.4007914765255,1.0,1.0
2026-03-22T21:10:07.745-705391-308309,510,false,4.449930537085176,2,1661.4007914765255,1.0,1.0
2026-03-22T21:10:07.745-705391-308309,208,false,8.181052223617279,2,1661.4007914765255,1.0,1.0
2026-03-22T21:10:07.745-705391-308309,209,false,2.9444584686299535,2,1661.4007914765255,1.0,1.0
2026-03-22T21:10:07.745-705391-308309,959,false,2.924618204325779,2,1661.4007914765255,1.0,1.0
2026-03-22T21:10:07.745-705391-308309,253,false,2.4707874685426034,2,1661.4007914765255,1.0,1.0
2026-03-22T21:10:07.745-705391-308309,673,false,8.175926028335528,2,1661.4007914765255,1.0,1.0
2026-03-22T21:10:07.745-705391-308309,1000,false,3.887490649058654,2,1661.4007914765255,1.0,1.0
2026-03-22T21:10:07.745-705391-308309,111,true,16.127333724619625,2,1645.2734577519059,1.0,0.0010000000000000009
2026-03-22T21:10:07.745-705391-308309,337,false,1.4662923792693878,2,1645.2734577519059,1.0,1.0
2026-03-22T21:10:07.745-705391-308309,681,false,2.715494588732909,2,1645.2734577519059,1.0,1.0
2026-03-22T21:10:07.745-705391-308309,300,false,0.06273962160624028,2,1645.2734577519059,1.0,1.0
2026-03-22T21:10:07.745-705391-308309,765,false,0.5987487283683178,2,1645.2734577519059,1.0,1.0
2026-03-22T21:10:07.745-705391-308309,288,false,1.3464874940621556,2,1645.2734577519059,1.0,1.0
2026-03-22T21:10:07.745-705391-308309,147,false,3.4066247741670526,2,1645.2734577519059,1.0,1.0
2026-03-22T21:10:07.745-705391-308309,360,false,1.6975555470038177,2,1645.2734577519059,1.0,1.0
2026-03-22T21:10:07.745-705391-308309,282,false,1.352033513030362,2,1645.2734577519059,1.0,1.0
2026-03-22T21:10:07.745-705391-308309,831,false,2.719242561463027,2,1645.2734577519059,1.0,1.0
2026-03-22T21:10:07.745-705391-308309,940,false,6.167339407809117,2,1645.2734577519059,1.0,1.0
2026-03-22T21:10:07.745-705391-308309,352,false,1.6796278648784049,2,1645.2734577519059,1.0,1.0
2026-03-22T21:10:07.745-705391-308309,869,false,21.47724613620119,2,1645.2734577519059,1.0,1.0
2026-03-22T21:10:07.745-705391-308309,835,false,111.75796141058056,2,1645.2734577519059,1.0,1.0
2026-03-22T21:10:07.745-705391-308309,331,false,0.20708443366499946,2,1645.2734577519059,1.0,1.0
2026-03-22T21:10:07.745-705391-308309,486,false,10.515150925694332,2,1645.2734577519059,1.0,1.0
2026-03-22T21:10:07.745-705391-308309,485,false,1.2783922303249202,2,1645.2734577519059,1.0,1.0
2026-03-22T21:10:07.745-705391-308309,922,false,4.242163837066739,2,1645.2734577519059,1.0,1.0
2026-03-22T21:10:07.745-705391-308309,75,false,17.99772817391174,2,1645.2734577519059,1.0,1.0
2026-03-22T21:10:07.745-705391-308309,231,false,0.12192278369656803,2,1645.2734577519059,1.0,1.0
2026-03-22T21:10:07.745-705391-308309,931,false,16.447679081648406,2,1645.2734577519059,1.0,1.0
2026-03-22T21:10:07.745-705391-308309,195,false,105.57849673604775,2,1645.2734577519059,1.0,1.0
2026-03-22T21:10:07.745-705391-308309,804,true,71.49841527799906,2,1573.7750424739068,1.0,0.0020000000000000018
2026-03-22T21:10:07.745-705391-308309,91,false,4.687304173793552,2,1573.7750424739068,1.0,1.0
2026-03-22T21:10:07.745-705391-308309,864,false,0.32418553911402415,2,1573.7750424739068,1.0,1.0
2026-03-22T21:10:07.745-705391-308309,704,false,21.505672763172274,2,1573.7750424739068,1.0,1.0
2026-03-22T21:10:07.745-705391-308309,210,false,168.90444094150618,2,1573.7750424739068,1.0,1.0
2026-03-22T21:10:07.745-705391-308309,858,false,16.67220529443344,2,1573.7750424739068,1.0,1.0
2026-03-22T21:10:07.745-705391-308309,397,false,0.1298169336604557,2,1573.7750424739068,1.0,1.0
2026-03-22T21:10:07.745-705391-308309,541,false,0.12068483055945409,2,1573.7750424739068,1.0,1.0
2026-03-22T21:10:07.745-705391-308309,521,false,29.352322732565508,2,1573.7750424739068,1.0,1.0
2026-03-22T21:10:07.745-705391-308309,705,false,29.140929599954855,2,1573.7750424739068,1.0,1.0
2026-03-22T21:10:07.745-705391-308309,686,false,6.624405867685696,2,1573.7750424739068,1.0,1.0
2026-03-22T21:10:07.745-705391-308309,108,true,5.906853219771336,2,1567.8681892541354,1.0,0.7070000000000001
2026-03-22T21:10:07.745-705391-308309,982,false,4.999418874915445,2,1567.8681892541354,1.0,1.0
2026-03-22T21:10:07.745-705391-308309,459,true,0.9312536379544417,2,1566.936935616181,1.0,0.10299999999999998
2026-03-22T21:10:07.745-705391-308309,694,false,0.851505780918221,2,1566.936935616181,1.0,1.0
2026-03-22T21:10:07.745-705391-308309,563,true,5.224106639865615,2,1561.7128289763154,1.0,0.999
2026-03-22T21:10:07.745-705391-308309,19,false,16.145256334111185,2,1561.7128289763154,1.0,1.0
2026-03-22T21:10:07.745-705391-308309,488,false,0.014801557030331295,2,1561.7128289763154,1.0,1.0
2026-03-22T21:10:07.745-705391-308309,16,false,32.48146661342596,2,1561.7128289763154,1.0,1.0
2026-03-22T21:10:07.745-705391-308309,762,false,22.65084432815142,2,1561.7128289763154,1.0,1.0
2026-03-22T21:10:07.745-705391-308309,456,true,4.637946039326263,2,1557.0748829369893,1.0,0.0020000000000000018
2026-03-22T21:10:07.745-705391-308309,805,true,0.4263283779697809,2,1556.6485545590194,1.0,0.0
2026-03-22T21:10:07.745-705391-308309,896,false,2.8595553171017096,2,1556.6485545590194,1.0,1.0
2026-03-22T21:10:07.745-705391-308309,576,true,9.851167633549395,2,1546.79738692547,1.0,0.879
2026-03-22T21:10:07.745-705391-308309,887,false,3.5501642588508604,2,1546.79738692547,1.0,1.0
2026-03-22T21:10:07.745-705391-308309,32,false,1.188083941278349,2,1546.79738692547,1.0,1.0
2026-03-22T21:10:07.745-705391-308309,285,false,0.4820844545838496,2,1546.79738692547,1.0,1.0
2026-03-22T21:10:07.745-705391-308309,86,false,0.9778212248248047,2,1546.79738692547,1.0,1.0
2026-03-22T21:10:07.745-705391-308309,730,false,4.166114528767926,2,1546.79738692547,1.0,1.0
2026-03-22T21:10:07.745-705391-308309,829,false,8.844427921433748,2,1546.79738692547,1.0,1.0
2026-03-22T21:10:07.745-705391-308309,468,false,19.615594855560193,2,1546.79738692547,1.0,1.0
2026-03-22T21:10:07.745-705391-308309,676,false,0.38019979706281737,2,1546.79738692547,1.0,1.0
2026-03-22T21:10:07.745-705391-308309,168,true,33.125623354878826,2,1513.671763570591,1.0,0.874
2026-03-22T21:10:07.745-705391-308309,911,false,5.7626864485151215,2,1513.671763570591,1.0,1.0
2026-03-22T21:10:07.745-705391-308309,328,false,1.350581687489538,2,1513.671763570591,1.0,1.0
2026-03-22T21:10:07.745-705391-308309,845,false,0.09734696530420216,2,1513.671763570591,1.0,1.0
2026-03-22T21:10:07.745-705391-308309,693,false,1.6077857168207828,2,1513.671763570591,1.0,1.0
2026-03-22T21:10:07.745-705391-308309,984,false,0.571329801408348,2,1513.671763570591,1.0,1.0
2026-03-22T21:10:07.745-705391-308309,513,false,0.2819754383086005,2,1513.671763570591,1.0,1.0
2026-03-22T21:10:07.745-705391-308309,740,true,0.5344293216757185,2,1513.1373342489153,1.0,0.0
2026-03-22T21:10:07.745-705391-308309,610,false,9.92958990052836,2,1513.1373342489153,1.0,1.0
2026-03-22T21:10:07.745-705391-308309,879,false,4.927048796577631,2,1513.1373342489153,1.0,1.0
2026-03-22T21:10:07.745-705391-308309,433,false,1.026381735590014,2,1513.1373342489153,1.0,1.0
2026-03-22T21:10:07.745-705391-308309,766,false,0.2004092468442416,2,1513.1373342489153,1.0,1.0
2026-03-22T21:10:07.745-705391-308309,264,false,13.608960053806062,2,1513.1373342489153,1.0,1.0
2026-03-22T21:10:07.745-705391-308309,149,false,8.677569394295245,2,1513.1373342489153,1.0,1.0
2026-03-22T21:10:07.745-705391-308309,718,false,0.7736593341552855,2,1513.1373342489153,1.0,1.0
2026-03-22T21:10:07.745-705391-308309,674,false,16.44124337621498,2,1513.1373342489153,1.0,1.0
2026-03-22T21:10:07.745-705391-308309,495,true,17.13168272988117,2,1496.005651519034,1.0,0.949
2026-03-22T21:10:07.745-705391-308309,624,false,3.795219686845285,2,1496.005651519034,1.0,1.0
2026-03-22T21:10:07.745-705391-308309,162,false,1.7833729264413738,2,1496.005651519034,1.0,1.0
2026-03-22T21:10:07.745-705391-308309,699,true,0.7408272000753642,2,1495.2648243189587,1.0,0.958
2026-03-22T21:10:07.745-705391-308309,682,false,0.7427444237778825,2,1495.2648243189587,1.0,1.0
2026-03-22T21:10:07.745-705391-308309,421,false,12.260835239162752,2,1495.2648243189587,1.0,1.0
2026-03-22T21:10:07.745-705391-308309,530,false,11.763503156333543,2,1495.2648243189587,1.0,1.0
2026-03-22T21:10:07.745-705391-308309,998,false,16.081252370793496,2,1495.2648243189587,1.0,1.0
2026-03-22T21:10:07.745-705391-308309,548,false,0.08005758990988299,2,1495.2648243189587,1.0,1.0
2026-03-22T21:10:07.745-705391-308309,821,false,0.4440725807334803,2,1495.2648243189587,1.0,1.0
2026-03-22T21:10:07.745-705391-308309,238,false,4.482288119619136,2,1495.2648243189587,1.0,1.0
2026-03-22T21:10:07.745-705391-308309,697,true,2.709862345215616,2,1492.554961973743,1.0,0.71
2026-03-22T21:10:07.745-705391-308309,73,false,15.967538140425273,2,1492.554961973743,1.0,1.0
2026-03-22T21:10:07.745-705391-308309,128,false,0.1321470395971316,2,1492.554961973743,1.0,1.0
2026-03-22T21:10:07.745-705391-308309,418,false,0.5309409741501743,2,1492.554961973743,1.0,1.0
2026-03-22T21:10:07.745-705391-308309,881,false,7.665909033424325,2,1492.554961973743,1.0,1.0
2026-03-22T21:10:07.745-705391-308309,325,false,0.2927720760118918,2,1492.554961973743,1.0,1.0
2026-03-22T21:10:07.745-705391-308309,857,false,6.983359527647262,2,1492.554961973743,1.0,1.0
2026-03-22T21:10:07.745-705391-308309,656,false,15.514858285278539,2,1492.554961973743,1.0,1.0
2026-03-22T21:10:07.745-705391-308309,355,false,1.2002373347498796,2,1492.554961973743,1.0,1.0
2026-03-22T21:10:07.745-705391-308309,990,false,0.2496569551154959,2,1492.554961973743,1.0,1.0
2026-03-22T21:10:07.745-705391-308309,310,false,0.24180882969340634,2,1492.554961973743,1.0,1.0
2026-03-22T21:10:07.745-705391-308309,945,false,0.8020789100721744,2,1492.554961973743,1.0,1.0
2026-03-22T21:10:07.745-705391-308309,936,false,0.3029364839926084,2,1492.554961973743,1.0,1.0
2026-03-22T21:10:07.745-705391-308309,640,false,16.008411367355237,2,1492.554961973743,1.0,1.0
2026-03-22T21:10:07.745-705391-308309,935,false,31.243659086032327,2,1492.554961973743,1.0,1.0
2026-03-22T21:10:07.745-705391-308309,83,false,3.5200961696859205,2,1492.554961973743,1.0,1.0
2026-03-22T21:10:07.745-705391-308309,846,false,9.114187904343478,2,1492.554961973743,1.0,1.0
2026-03-22T21:10:07.745-705391-308309,827,false,3.2922046727537744,2,1492.554961973743,1.0,1.0
2026-03-22T21:10:07.745-705391-308309,49,false,0.5133140915345198,2,1492.554961973743,1.0,1.0
2026-03-22T21:10:07.745-705391-308309,501,false,0.8243423399994155,2,1492.554961973743,1.0,1.0
2026-03-22T21:10:07.745-705391-308309,839,false,11.421199157243617,2,1492.554961973743,1.0,1.0
2026-03-22T21:10:07.745-705391-308309,578,true,17.829567919586474,2,1474.7253940541566,1.0,0.947
2026-03-22T21:10:07.745-705391-308309,838,false,10.811852478263996,2,1474.7253940541566,1.0,1.0
2026-03-22T21:10:07.745-705391-308309,220,false,573.2330433442321,2,1474.7253940541566,1.0,1.0
2026-03-22T21:10:07.745-705391-308309,244,false,5.4649753577808395,2,1474.7253940541566,1.0,1.0
2026-03-22T21:10:07.745-705391-308309,975,false,0.22843466922010006,2,1474.7253940541566,1.0,1.0
2026-03-22T21:10:07.745-705391-308309,888,false,4.026756247799651,2,1474.7253940541566,1.0,1.0
2026-03-22T21:10:07.745-705391-308309,968,false,16.207358957804168,2,1474.7253940541566,1.0,1.0
2026-03-22T21:10:07.745-705391-308309,890,false,0.33303708334343596,2,1474.7253940541566,1.0,1.0
2026-03-22T21:10:07.745-705391-308309,260,false,2.0650448281447504,2,1474.7253940541566,1.0,1.0
2026-03-22T21:10:07.745-705391-308309,248,false,22.624988306780395,2,1474.7253940541566,1.0,1.0
2026-03-22T21:10:07.745-705391-308309,292,false,0.2227505863154569,2,1474.7253940541566,1.0,1.0
2026-03-22T21:10:07.745-705391-308309,684,false,17.894671196165806,2,1474.7253940541566,1.0,1.0
2026-03-22T21:10:07.745-705391-308309,411,false,41.20129910375564,2,1474.7253940541566,1.0,1.0
2026-03-22T21:10:07.745-705391-308309,339,false,3.6580465686644494,2,1474.7253940541566,1.0,1.0
2026-03-22T21:10:07.745-705391-308309,132,false,201.8799245536153,2,1474.7253940541566,1.0,1.0
2026-03-22T21:10:07.745-705391-308309,587,false,2.7397392714279922,2,1474.7253940541566,1.0,1.0
2026-03-22T21:10:07.745-705391-308309,286,false,20.776602574214632,2,1474.7253940541566,1.0,1.0
2026-03-22T21:10:07.745-705391-308309,535,false,3.73421247676535,2,1474.7253940541566,1.0,1.0
2026-03-22T21:10:07.745-705391-308309,269,false,0.6478072850043864,2,1474.7253940541566,1.0,1.0
2026-03-22T21:10:07.745-705391-308309,651,false,140.3452938812975,2,1474.7253940541566,1.0,1.0
2026-03-22T21:10:07.745-705391-308309,897,false,16.15133284645288,2,1474.7253940541566,1.0,1.0
2026-03-22T21:10:07.745-705391-308309,824,false,2.814339121053035,2,1474.7253940541566,1.0,1.0
2026-03-22T21:10:07.745-705391-308309,268,false,0.3303828188327724,2,1474.7253940541566,1.0,1.0
2026-03-22T21:10:07.745-705391-308309,457,true,5.136082121154161,2,1469.5893119330024,1.0,0.0
2026-03-22T21:10:07.745-705391-308309,972,false,2.278280159214959,2,1469.5893119330024,1.0,1.0
2026-03-22T21:10:07.745-705391-308309,895,false,2.747431459578426,2,1469.5893119330024,1.0,1.0
2026-03-22T21:10:07.745-705391-308309,594,false,0.07896096825631362,2,1469.5893119330024,1.0,1.0
2026-03-22T21:10:07.745-705391-308309,989,false,0.1260853915943898,2,1469.5893119330024,1.0,1.0
2026-03-22T21:10:07.745-705391-308309,794,false,121.10201714462838,2,1469.5893119330024,1.0,1.0
2026-03-22T21:10:07.745-705391-308309,545,false,50.88935330654989,2,1469.5893119330024,1.0,1.0
2026-03-22T21:10:07.745-705391-308309,781,false,46.592005853464,2,1469.5893119330024,1.0,1.0
2026-03-22T21:10:07.745-705391-308309,327,false,0.08106527786127464,2,1469.5893119330024,1.0,1.0
2026-03-22T21:10:07.745-705391-308309,934,false,0.007096822000976472,2,1469.5893119330024,1.0,1.0
2026-03-22T21:10:07.745-705391-308309,423,false,0.4775685860575959,2,1469.5893119330024,1.0,1.0
2026-03-22T21:10:07.745-705391-308309,305,false,2.9258512149568032,2,1469.5893119330024,1.0,1.0
2026-03-22T21:10:07.745-705391-308309,950,false,0.2906942194386634,2,1469.5893119330024,1.0,1.0
2026-03-22T21:10:07.745-705391-308309,204,false,0.2684757607740775,2,1469.5893119330024,1.0,1.0
2026-03-22T21:10:07.745-705391-308309,567,false,0.5577316860823651,2,1469.5893119330024,1.0,1.0
2026-03-22T21:10:07.745-705391-308309,522,false,13.858078665621129,2,1469.5893119330024,1.0,1.0
2026-03-22T21:10:07.745-705391-308309,801,true,10.927915139391262,2,1458.6613967936112,1.0,0.86
2026-03-22T21:10:07.745-705391-308309,239,false,0.5944433695756158,2,1458.6613967936112,1.0,1.0
2026-03-22T21:10:07.745-705391-308309,862,false,2.8262992524076833,2,1458.6613967936112,1.0,1.0
2026-03-22T21:10:07.745-705391-308309,648,false,89.55305032658376,2,1458.6613967936112,1.0,1.0
2026-03-22T21:10:07.745-705391-308309,455,true,0.9686545147841239,2,1457.6927422788272,1.0,0.0
2026-03-22T21:10:07.745-705391-308309,451,false,20.83470105028958,2,1457.6927422788272,1.0,1.0
2026-03-22T21:10:07.745-705391-308309,643,false,0.667471645643324,2,1457.6927422788272,1.0,1.0
2026-03-22T21:10:07.745-705391-308309,266,false,1.7549288082012011,2,1457.6927422788272,1.0,1.0
2026-03-22T21:10:07.745-705391-308309,192,false,0.4960229058295362,2,1457.6927422788272,1.0,1.0
2026-03-22T21:10:07.745-705391-308309,92,false,12.03429475257343,2,1457.6927422788272,1.0,1.0
2026-03-22T21:10:07.745-705391-308309,33,false,6.326697165219337,2,1457.6927422788272,1.0,1.0
2026-03-22T21:10:07.745-705391-308309,628,false,145.83362233944314,2,1457.6927422788272,1.0,1.0
2026-03-22T21:10:07.745-705391-308309,729,false,17.247394982161627,2,1457.6927422788272,1.0,1.0
2026-03-22T21:10:07.745-705391-308309,261,false,203.8397960736547,2,1457.6927422788272,1.0,1.0
2026-03-22T21:10:07.745-705391-308309,818,false,6.375993496080675,2,1457.6927422788272,1.0,1.0
2026-03-22T21:10:07.745-705391-308309,619,false,3.466401472818745,2,1457.6927422788272,1.0,1.0
2026-03-22T21:10:07.745-705391-308309,143,false,4.067525296804368,2,1457.6927422788272,1.0,1.0
2026-03-22T21:10:07.745-705391-308309,965,false,805.7415040923354,2,1457.6927422788272,1.0,1.0
2026-03-22T21:10:07.745-705391-308309,583,false,1.2958025505615192,2,1457.6927422788272,1.0,1.0
2026-03-22T21:10:07.745-705391-308309,733,false,1.436253628161437,2,1457.6927422788272,1.0,1.0
2026-03-22T21:10:07.745-705391-308309,301,false,133.11852225263718,2,1457.6927422788272,1.0,1.0
2026-03-22T21:10:07.745-705391-308309,46,false,1.7086531168434298,2,1457.6927422788272,1.0,1.0
2026-03-22T21:10:07.745-705391-308309,314,false,16.640510062044957,2,1457.6927422788272,1.0,1.0
2026-03-22T21:10:07.745-705391-308309,988,false,2.5429979150945794,2,1457.6927422788272,1.0,1.0
2026-03-22T21:10:07.745-705391-308309,133,false,47.73140704842661,2,1457.6927422788272,1.0,1.0
2026-03-22T21:10:07.745-705391-308309,499,false,0.7650697545554068,2,1457.6927422788272,1.0,1.0
2026-03-22T21:10:07.745-705391-308309,734,false,0.09293795512803324,2,1457.6927422788272,1.0,1.0
2026-03-22T21:10:07.745-705391-308309,335,false,1.2865422292277733,2,1457.6927422788272,1.0,1.0
2026-03-22T21:10:07.745-705391-308309,707,false,0.08808486427235963,2,1457.6927422788272,1.0,1.0
2026-03-22T21:10:07.745-705391-308309,85,false,0.708638679337331,2,1457.6927422788272,1.0,1.0
2026-03-22T21:10:07.745-705391-308309,981,false,4.865219618456861,2,1457.6927422788272,1.0,1.0
2026-03-22T21:10:07.745-705391-308309,277,false,20.731679079252995,2,1457.6927422788272,1.0,1.0
2026-03-22T21:10:07.745-705391-308309,30,false,11.727948654106642,2,1457.6927422788272,1.0,1.0
2026-03-22T21:10:07.745-705391-308309,770,false,15.474928313306654,2,1457.6927422788272,1.0,1.0
2026-03-22T21:10:07.745-705391-308309,539,false,10.32152490600892,2,1457.6927422788272,1.0,1.0
2026-03-22T21:10:07.745-705391-308309,914,false,0.889142696598138,2,1457.6927422788272,1.0,1.0
2026-03-22T21:10:07.745-705391-308309,230,false,6.766813575508707,2,1457.6927422788272,1.0,1.0
2026-03-22T21:10:07.745-705391-308309,819,false,4.452157267909671,2,1457.6927422788272,1.0,1.0
2026-03-22T21:10:07.745-705391-308309,68,false,0.03606662116538796,2,1457.6927422788272,1.0,1.0
2026-03-22T21:10:07.745-705391-308309,855,false,8.255640940477324,2,1457.6927422788272,1.0,1.0
2026-03-22T21:10:07.745-705391-308309,158,false,1.6641404192238445,2,1457.6927422788272,1.0,1.0
2026-03-22T21:10:07.745-705391-308309,308,false,8.871333663753033,2,1457.6927422788272,1.0,1.0
2026-03-22T21:10:07.745-705391-308309,917,false,2.486656848439989,2,1457.6927422788272,1.0,1.0
2026-03-22T21:10:07.745-705391-308309,956,false,132.95042693984726,2,1457.6927422788272,1.0,1.0
2026-03-22T21:10:07.745-705391-308309,333,false,1.6399584727512722,2,1457.6927422788272,1.0,1.0
2026-03-22T21:10:07.745-705391-308309,267,false,3.639532011257398,2,1457.6927422788272,1.0,1.0
2026-03-22T21:10:07.745-705391-308309,728,false,0.7943245770572168,2,1457.6927422788272,1.0,1.0
2026-03-22T21:10:07.745-705391-308309,532,false,45.366876572871206,2,1457.6927422788272,1.0,1.0
2026-03-22T21:10:07.745-705391-308309,252,false,2.739977875090556,2,1457.6927422788272,1.0,1.0
2026-03-22T21:10:07.745-705391-308309,483,false,0.8073945817463656,2,1457.6927422788272,1.0,1.0
2026-03-22T21:10:07.745-705391-308309,663,false,15.641613326251084,2,1457.6927422788272,1.0,1.0
2026-03-22T21:10:07.745-705391-308309,720,false,0.8613957798906664,2,1457.6927422788272,1.0,1.0
2026-03-22T21:10:07.745-705391-308309,713,false,0.9447568803076356,2,1457.6927422788272,1.0,1.0
2026-03-22T21:10:07.745-705391-308309,202,false,2.5614687797113977,2,1457.6927422788272,1.0,1.0
2026-03-22T21:10:07.745-705391-308309,708,false,1.4262145443993355,2,1457.6927422788272,1.0,1.0
2026-03-22T21:10:07.745-705391-308309,657,false,0.08765577252369557,2,1457.6927422788272,1.0,1.0
2026-03-22T21:10:07.745-705391-308309,212,false,0.5312440467708707,2,1457.6927422788272,1.0,1.0
2026-03-22T21:10:07.745-705391-308309,927,false,9.921809597094336,2,1457.6927422788272,1.0,1.0
2026-03-22T21:10:07.745-705391-308309,330,false,2.761432585646215,2,1457.6927422788272,1.0,1.0
2026-03-22T21:10:07.745-705391-308309,764,false,2.370592721823537,2,1457.6927422788272,1.0,1.0
2026-03-22T21:10:07.745-705391-308309,187,true,16.233162113923754,2,1441.4595801649034,1.0,0.933
2026-03-22T21:10:07.745-705391-308309,299,false,1.4398413381748005,2,1441.4595801649034,1.0,1.0
2026-03-22T21:10:07.745-705391-308309,479,false,3.420013623612523,2,1441.4595801649034,1.0,1.0
2026-03-22T21:10:07.745-705391-308309,84,false,12.67755175768424,2,1441.4595801649034,1.0,1.0
2026-03-22T21:10:07.745-705391-308309,943,false,224.5394395769499,2,1441.4595801649034,1.0,1.0
2026-03-22T21:10:07.745-705391-308309,351,false,5.676057321852458,2,1441.4595801649034,1.0,1.0
2026-03-22T21:10:07.745-705391-308309,31,true,59.81146328105262,2,1381.648116883851,1.0,0.86
2026-03-22T21:10:07.745-705391-308309,295,false,0.2531116784691171,2,1381.648116883851,1.0,1.0
2026-03-22T21:10:07.745-705391-308309,573,true,0.7674247868641857,2,1380.8806920969866,1.0,0.733
2026-03-22T21:10:07.745-705391-308309,469,false,0.1383380775879653,2,1380.8806920969866,1.0,1.0
2026-03-22T21:10:07.745-705391-308309,161,false,1.6987202713943255,2,1380.8806920969866,1.0,1.0
2026-03-22T21:10:07.745-705391-308309,507,false,5.6085798476189535,2,1380.8806920969866,1.0,1.0
2026-03-22T21:10:07.745-705391-308309,558,false,3.6285838386195386,2,1380.8806920969866,1.0,1.0
2026-03-22T21:10:07.745-705391-308309,398,false,10.427487989377282,2,1380.8806920969866,1.0,1.0
2026-03-22T21:10:07.745-705391-308309,316,false,32.413475954176434,2,1380.8806920969866,1.0,1.0
2026-03-22T21:10:07.745-705391-308309,427,false,1.5853325498267585,2,1380.8806920969866,1.0,1.0
2026-03-22T21:10:07.745-705391-308309,543,false,3.868876328166667,2,1380.8806920969866,1.0,1.0
2026-03-22T21:10:07.745-705391-308309,650,false,0.548496026253707,2,1380.8806920969866,1.0,1.0
2026-03-22T21:10:07.745-705391-308309,460,true,2.4553073831541,2,1378.4253847138325,1.0,0.0
2026-03-22T21:10:07.745-705391-308309,163,false,4.60258855405028,2,1378.4253847138325,1.0,1.0
2026-03-22T21:10:07.745-705391-308309,667,false,30.79337091059363,2,1378.4253847138325,1.0,1.0
2026-03-22T21:10:07.745-705391-308309,463,true,6.741404147007978,2,1371.6839805668246,1.0,0.0020000000000000018
2026-03-22T21:10:07.745-705391-308309,400,false,6.919912875638601,2,1371.6839805668246,1.0,1.0
2026-03-22T21:10:07.745-705391-308309,595,false,2.123610933794825,2,1371.6839805668246,1.0,1.0
2026-03-22T21:10:07.745-705391-308309,842,false,1.3701346151803964,2,1371.6839805668246,1.0,1.0
2026-03-22T21:10:07.745-705391-308309,368,false,0.006424366577212016,2,1371.6839805668246,1.0,1.0
2026-03-22T21:10:07.745-705391-308309,837,false,0.12885729389295025,2,1371.6839805668246,1.0,1.0
2026-03-22T21:10:07.745-705391-308309,312,false,11.861556838198577,2,1371.6839805668246,1.0,1.0
2026-03-22T21:10:07.745-705391-308309,62,false,0.18176040880439492,2,1371.6839805668246,1.0,1.0
2026-03-22T21:10:07.745-705391-308309,795,false,5.498839840810027,2,1371.6839805668246,1.0,1.0
2026-03-22T21:10:07.745-705391-308309,932,false,3.6186471190991196,2,1371.6839805668246,1.0,1.0
2026-03-22T21:10:07.745-705391-308309,871,false,0.17741117728688577,2,1371.6839805668246,1.0,1.0
2026-03-22T21:10:07.745-705391-308309,954,false,0.20458943283136397,2,1371.6839805668246,1.0,1.0
2026-03-22T21:10:07.745-705391-308309,155,false,26.80824220995783,2,1371.6839805668246,1.0,1.0
2026-03-22T21:10:07.745-705391-308309,229,false,7.402856856739421,2,1371.6839805668246,1.0,1.0
2026-03-22T21:10:07.745-705391-308309,710,false,6.52095710935753,2,1371.6839805668246,1.0,1.0
2026-03-22T21:10:07.745-705391-308309,317,false,1.275749966264462,2,1371.6839805668246,1.0,1.0
2026-03-22T21:10:07.745-705391-308309,903,false,3.1867495351261153,2,1371.6839805668246,1.0,1.0
2026-03-22T21:10:07.745-705391-308309,103,false,6.981699054519706,2,1371.6839805668246,1.0,1.0
2026-03-22T21:10:07.745-705391-308309,991,false,99.17049944095847,2,1371.6839805668246,1.0,1.0
2026-03-22T21:10:07.745-705391-308309,614,false,79.84871193720429,2,1371.6839805668246,1.0,1.0
2026-03-22T21:10:07.745-705391-308309,930,false,1.045767779584904,2,1371.6839805668246,1.0,1.0
2026-03-22T21:10:07.745-705391-308309,618,false,4.8223786749418265,2,1371.6839805668246,1.0,1.0
2026-03-22T21:10:07.745-705391-308309,836,false,18.908690411212127,2,1371.6839805668246,1.0,1.0
2026-03-22T21:10:07.745-705391-308309,105,true,24.02858970637838,2,1347.6553908604462,1.0,0.872
2026-03-22T21:10:07.745-705391-308309,525,false,0.4170670102963931,2,1347.6553908604462,1.0,1.0
2026-03-22T21:10:07.745-705391-308309,761,false,0.4819891944502774,2,1347.6553908604462,1.0,1.0
2026-03-22T21:10:07.745-705391-308309,690,false,2.0954354044309507,2,1347.6553908604462,1.0,1.0
2026-03-22T21:10:07.745-705391-308309,315,false,2.8424137126354725,2,1347.6553908604462,1.0,1.0
2026-03-22T21:10:07.745-705391-308309,600,false,1.16965876734914,2,1347.6553908604462,1.0,1.0
2026-03-22T21:10:07.745-705391-308309,938,false,14.036688990655662,2,1347.6553908604462,1.0,1.0
2026-03-22T21:10:07.745-705391-308309,880,false,5.114928076067367,2,1347.6553908604462,1.0,1.0
2026-03-22T21:10:07.745-705391-308309,848,false,2.3634477488505445,2,1347.6553908604462,1.0,1.0
2026-03-22T21:10:07.745-705391-308309,799,true,17.79894320560212,2,1329.856447654844,1.0,0.020000000000000018
2026-03-22T21:10:07.745-705391-308309,432,false,25.030749656928084,2,1329.856447654844,1.0,1.0
2026-03-22T21:10:07.745-705391-308309,973,false,36.935968713396555,2,1329.856447654844,1.0,1.0
2026-03-22T21:10:07.745-705391-308309,247,false,2.434005694498513,2,1329.856447654844,1.0,1.0
2026-03-22T21:10:07.745-705391-308309,778,false,284.7273320323958,2,1329.856447654844,1.0,1.0
2026-03-22T21:10:07.745-705391-308309,955,false,18.72641784371998,2,1329.856447654844,1.0,1.0
2026-03-22T21:10:07.745-705391-308309,476,false,8.26392958353601,2,1329.856447654844,1.0,1.0
2026-03-22T21:10:07.745-705391-308309,40,true,3.7797845997214834,2,1326.0766630551225,1.0,0.73
2026-03-22T21:10:07.745-705391-308309,93,false,8.481740244205344,2,1326.0766630551225,1.0,1.0
2026-03-22T21:10:07.745-705391-308309,723,false,2.0036442658466385,2,1326.0766630551225,1.0,1.0
2026-03-22T21:10:07.745-705391-308309,581,true,23.240430275562268,2,1302.8362327795603,1.0,0.859
2026-03-22T21:10:07.745-705391-308309,424,false,0.25739216766247125,2,1302.8362327795603,1.0,1.0
2026-03-22T21:10:07.745-705391-308309,754,true,0.32083011912747234,2,1302.5154026604328,1.0,0.0020000000000000018
2026-03-22T21:10:07.745-705391-308309,695,true,0.345276736900684,2,1302.1701259235322,1.0,0.7130000000000001
2026-03-22T21:10:07.745-705391-308309,996,false,12.755798902525141,2,1302.1701259235322,1.0,1.0
2026-03-22T21:10:07.745-705391-308309,429,false,20.634529342364594,2,1302.1701259235322,1.0,1.0
2026-03-22T21:10:07.745-705391-308309,414,false,0.6494158637702558,2,1302.1701259235322,1.0,1.0
2026-03-22T21:10:07.745-705391-308309,37,true,3.7710278259098526,2,1298.3990980976223,1.0,0.0010000000000000009
2026-03-22T21:10:07.745-705391-308309,64,false,0.4555066634464707,2,1298.3990980976223,1.0,1.0
2026-03-22T21:10:07.745-705391-308309,969,false,1.6115539537944874,2,1298.3990980976223,1.0,1.0
2026-03-22T21:10:07.745-705391-308309,211,false,0.621961997381977,2,1298.3990980976223,1.0,1.0
2026-03-22T21:10:07.745-705391-308309,986,false,0.15052926517728732,2,1298.3990980976223,1.0,1.0
2026-03-22T21:10:07.745-705391-308309,283,false,66.18792913634974,2,1298.3990980976223,1.0,1.0
2026-03-22T21:10:07.745-705391-308309,214,false,3.8876948796416233,2,1298.3990980976223,1.0,1.0
2026-03-22T21:10:07.745-705391-308309,516,false,6.730911073452621,2,1298.3990980976223,1.0,1.0
2026-03-22T21:10:07.745-705391-308309,786,false,27.257283841482085,2,1298.3990980976223,1.0,1.0
2026-03-22T21:10:07.745-705391-308309,759,false,0.23673811609581247,2,1298.3990980976223,1.0,1.0
2026-03-22T21:10:07.745-705391-308309,69,false,0.2435435076011594,2,1298.3990980976223,1.0,1.0
2026-03-22T21:10:07.745-705391-308309,43,true,0.8698448689844943,2,1297.5292532286378,1.0,0.881
2026-03-22T21:10:07.745-705391-308309,494,true,1020.8571526357057,2,276.6721005929321,1.0,0.0
2026-03-22T21:10:07.745-705391-308309,952,false,4.312026994102476,2,276.6721005929321,1.0,1.0
2026-03-22T21:10:07.745-705391-308309,182,false,12.925241725382168,2,276.6721005929321,1.0,1.0
2026-03-22T21:10:07.745-705391-308309,262,false,19.309723574636372,2,276.6721005929321,1.0,1.0
2026-03-22T21:10:07.745-705391-308309,481,false,0.3594958920403815,2,276.6721005929321,1.0,1.0
2026-03-22T21:10:07.745-705391-308309,698,true,8.07499668187817,2,268.5971039110539,1.0,0.0
2026-03-22T21:10:07.745-705391-308309,357,false,85.28049973367109,2,268.5971039110539,1.0,1.0
2026-03-22T21:10:07.745-705391-308309,649,false,23.48602079670801,2,268.5971039110539,1.0,1.0
2026-03-22T21:10:07.745-705391-308309,637,false,0.2824849253041125,2,268.5971039110539,1.0,1.0
2026-03-22T21:10:07.745-705391-308309,6,false,16.34352531768148,2,268.5971039110539,1.0,1.0
2026-03-22T21:10:07.745-705391-308309,65,false,6.081843299893097,2,268.5971039110539,1.0,1.0
2026-03-22T21:10:07.745-705391-308309,844,false,5.040749897462861,2,268.5971039110539,1.0,1.0
2026-03-22T21:10:07.745-705391-308309,309,false,9.29444427947593,2,268.5971039110539,1.0,1.0
2026-03-22T21:10:07.745-705391-308309,364,false,0.8858721986548278,2,268.5971039110539,1.0,1.0
2026-03-22T21:10:07.745-705391-308309,872,false,0.31865268533278124,2,268.5971039110539,1.0,1.0
2026-03-22T21:10:07.745-705391-308309,496,false,0.07807480841302372,2,268.5971039110539,1.0,1.0
2026-03-22T21:10:07.745-705391-308309,633,false,6.003765458193208,2,268.5971039110539,1.0,1.0
2026-03-22T21:10:07.745-705391-308309,371,false,0.3212291890628636,2,268.5971039110539,1.0,1.0
2026-03-22T21:10:07.745-705391-308309,604,false,0.07375511802427435,2,268.5971039110539,1.0,1.0
2026-03-22T21:10:07.745-705391-308309,47,false,75.48135102307697,2,268.5971039110539,1.0,1.0
2026-03-22T21:10:07.745-705391-308309,606,false,10.642055664298422,2,268.5971039110539,1.0,1.0
2026-03-22T21:10:07.745-705391-308309,634,false,2.0603372291878745,2,268.5971039110539,1.0,1.0
2026-03-22T21:10:07.745-705391-308309,186,true,4.000762735333742,2,264.59634117572017,1.0,0.719
2026-03-22T21:10:07.745-705391-308309,547,true,12.206271045826911,2,252.39007012989325,1.0,0.718
2026-03-22T21:10:07.745-705391-308309,512,false,1.9130726206441986,2,252.39007012989325,1.0,1.0
2026-03-22T21:10:07.745-705391-308309,302,false,1.5680561333695509,2,252.39007012989325,1.0,1.0
2026-03-22T21:10:07.745-705391-308309,885,false,4.318783523715369,2,252.39007012989325,1.0,1.0
2026-03-22T21:10:07.745-705391-308309,607,false,1.0404020893954191,2,252.39007012989325,1.0,1.0
2026-03-22T21:10:07.745-705391-308309,276,false,0.781325525687858,2,252.39007012989325,1.0,1.0
2026-03-22T21:10:07.745-705391-308309,365,false,6.936500779413696,2,252.39007012989325,1.0,1.0
2026-03-22T21:10:07.745-705391-308309,892,false,50.624670525885286,2,252.39007012989325,1.0,1.0
2026-03-22T21:10:07.745-705391-308309,102,true,3.517447393317081,2,248.87262273657618,1.0,0.702
2026-03-22T21:10:07.745-705391-308309,13,false,692.2084317802942,2,248.87262273657618,1.0,1.0
2026-03-22T21:10:07.745-705391-308309,183,true,1.6447601512828236,2,247.22786258529337,1.0,0.712
2026-03-22T21:10:07.745-705391-308309,779,false,24.033646154706563,2,247.22786258529337,1.0,1.0
2026-03-22T21:10:07.745-705391-308309,612,false,2.2819867956964317,2,247.22786258529337,1.0,1.0
2026-03-22T21:10:07.745-705391-308309,274,false,28.34782510249173,2,247.22786258529337,1.0,1.0
2026-03-22T21:10:07.745-705391-308309,474,false,5.321922131777158,2,247.22786258529337,1.0,1.0
2026-03-22T21:10:07.745-705391-308309,727,false,1.0065254087643425,2,247.22786258529337,1.0,1.0
2026-03-22T21:10:07.745-705391-308309,141,false,0.2971233605834004,2,247.22786258529337,1.0,1.0
2026-03-22T21:10:07.745-705391-308309,176,false,7.549436655045313,2,247.22786258529337,1.0,1.0
2026-03-22T21:10:07.745-705391-308309,904,false,1.0226174415233098,2,247.22786258529337,1.0,1.0
2026-03-22T21:10:07.745-705391-308309,87,false,1.0719090400109568,2,247.22786258529337,1.0,1.0
2026-03-22T21:10:07.745-705391-308309,240,false,0.527329924670112,2,247.22786258529337,1.0,1.0
2026-03-22T21:10:07.745-705391-308309,137,false,1.2580643244544942,2,247.22786258529337,1.0,1.0
2026-03-22T21:10:07.745-705391-308309,536,false,44.752454862465235,2,247.22786258529337,1.0,1.0
2026-03-22T21:10:07.745-705391-308309,401,false,0.0440146272458555,2,247.22786258529337,1.0,1.0
2026-03-22T21:10:07.745-705391-308309,520,false,10.322774045923959,2,247.22786258529337,1.0,1.0
2026-03-22T21:10:07.745-705391-308309,899,false,4.427313364800087,2,247.22786258529337,1.0,1.0
2026-03-22T21:10:07.745-705391-308309,502,false,0.21910752417337406,2,247.22786258529337,1.0,1.0
2026-03-22T21:10:07.745-705391-308309,691,false,0.6009050796701064,2,247.22786258529337,1.0,1.0
2026-03-22T21:10:07.745-705391-308309,993,false,0.1545224647278,2,247.22786258529337,1.0,1.0
2026-03-22T21:10:07.745-705391-308309,514,false,0.1315036921861316,2,247.22786258529337,1.0,1.0
2026-03-22T21:10:07.745-705391-308309,767,false,0.3397498787549837,2,247.22786258529337,1.0,1.0
2026-03-22T21:10:07.745-705391-308309,166,true,1.069076404543371,2,246.15878618074998,1.0,0.7130000000000001
2026-03-22T21:10:07.745-705391-308309,257,false,3.1100828820579465,2,246.15878618074998,1.0,1.0
2026-03-22T21:10:07.745-705391-308309,913,false,0.01086809615669902,2,246.15878618074998,1.0,1.0
2026-03-22T21:10:07.745-705391-308309,89,false,96.28128504029111,2,246.15878618074998,1.0,1.0
2026-03-22T21:10:07.745-705391-308309,428,false,0.2359587975881567,2,246.15878618074998,1.0,1.0
2026-03-22T21:10:07.745-705391-308309,868,false,4.976676017796,2,246.15878618074998,1.0,1.0
2026-03-22T21:10:07.745-705391-308309,373,true,1.2045955194605857,2,244.9541906612894,1.0,0.738
2026-03-22T21:10:07.745-705391-308309,126,true,2.761907801871941,2,242.19228285941747,1.0,0.7170000000000001
2026-03-22T21:10:07.745-705391-308309,566,true,1.7576674906533232,2,240.43461536876416,1.0,0.708
2026-03-22T21:10:07.745-705391-308309,515,false,20.607971758101662,2,240.43461536876416,1.0,1.0
2026-03-22T21:10:07.745-705391-308309,10,false,3.523976082622552,2,240.43461536876416,1.0,1.0
2026-03-22T21:10:07.745-705391-308309,906,false,2.5605554101314416,2,240.43461536876416,1.0,1.0
2026-03-22T21:10:07.745-705391-308309,391,false,0.08811934226962224,2,240.43461536876416,1.0,1.0
2026-03-22T21:10:07.745-705391-308309,359,false,0.44272848459536723,2,240.43461536876416,1.0,1.0
2026-03-22T21:10:07.745-705391-308309,776,false,5.3252095319409465,2,240.43461536876416,1.0,1.0
2026-03-22T21:10:07.745-705391-308309,448,false,14.581373135492257,2,240.43461536876416,1.0,1.0
2026-03-22T21:10:07.745-705391-308309,503,false,2.7019245021584344,2,240.43461536876416,1.0,1.0
2026-03-22T21:10:07.745-705391-308309,815,false,1.2344718878176635,2,240.43461536876416,1.0,1.0
2026-03-22T21:10:07.745-705391-308309,878,false,0.38618886459508694,2,240.43461536876416,1.0,1.0
2026-03-22T21:10:07.745-705391-308309,426,false,0.8535671304764344,2,240.43461536876416,1.0,1.0
2026-03-22T21:10:07.745-705391-308309,905,false,0.7649355100544734,2,240.43461536876416,1.0,1.0
2026-03-22T21:10:07.745-705391-308309,39,true,5.994537417930549,2,234.4400779508336,1.0,0.0
2026-03-22T21:10:07.745-705391-308309,29,true,0.35202063291612845,2,234.08805731791747,1.0,0.6839999999999999
2026-03-22T21:10:07.745-705391-308309,409,false,4.576995547516114,2,234.08805731791747,1.0,1.0
2026-03-22T21:10:07.745-705391-308309,658,false,0.19562004430843122,2,234.08805731791747,1.0,1.0
2026-03-22T21:10:07.745-705391-308309,329,false,0.09276595937434375,2,234.08805731791747,1.0,1.0
2026-03-22T21:10:07.745-705391-308309,924,false,19.729885475883602,2,234.08805731791747,1.0,1.0
2026-03-22T21:10:07.745-705391-308309,255,false,6.91960907583798,2,234.08805731791747,1.0,1.0
2026-03-22T21:10:07.745-705391-308309,134,false,145.4875896884481,2,234.08805731791747,1.0,1.0
2026-03-22T21:10:07.745-705391-308309,874,false,25.35762673448201,2,234.08805731791747,1.0,1.0
2026-03-22T21:10:07.745-705391-308309,471,false,1.3691570674559248,2,234.08805731791747,1.0,1.0
2026-03-22T21:10:07.745-705391-308309,270,false,0.2898114030003131,2,234.08805731791747,1.0,1.0
2026-03-22T21:10:07.745-705391-308309,555,true,45.618106671409656,2,188.4699506465078,1.0,0.0
2026-03-22T21:10:07.745-705391-308309,814,false,1.9055849978599186,2,188.4699506465078,1.0,1.0
2026-03-22T21:10:07.745-705391-308309,925,false,150.40323209992258,2,188.4699506465078,1.0,1.0
2026-03-22T21:10:07.745-705391-308309,538,false,0.43282234878772324,2,188.4699506465078,1.0,1.0
2026-03-22T21:10:07.745-705391-308309,250,false,87.24143379812726,2,188.4699506465078,1.0,1.0
2026-03-22T21:10:07.745-705391-308309,641,false,32.38376917191951,2,188.4699506465078,1.0,1.0
2026-03-22T21:10:07.745-705391-308309,592,false,11.494725561222218,2,188.4699506465078,1.0,1.0
2026-03-22T21:10:07.745-705391-308309,702,true,56.73102836941645,2,131.73892227709138,1.0,0.865
2026-03-22T21:10:07.745-705391-308309,48,false,34.87029790447723,2,131.73892227709138,1.0,1.0
2026-03-22T21:10:07.745-705391-308309,916,false,4.897607324552943,2,131.73892227709138,1.0,1.0
2026-03-22T21:10:07.745-705391-308309,557,true,1.6303469181756798,2,130.1085753589157,1.0,0.0020000000000000018
2026-03-22T21:10:07.745-705391-308309,287,false,20.145018424045006,2,130.1085753589157,1.0,1.0
2026-03-22T21:10:07.745-705391-308309,711,false,67.16232331005891,2,130.1085753589157,1.0,1.0
2026-03-22T21:10:07.745-705391-308309,999,false,3.7775031152107714,2,130.1085753589157,1.0,1.0
2026-03-22T21:10:07.745-705391-308309,284,false,0.7188960177886009,2,130.1085753589157,1.0,1.0
2026-03-22T21:10:07.745-705391-308309,321,false,77.82891836054681,2,130.1085753589157,1.0,1.0
2026-03-22T21:10:07.745-705391-308309,272,false,0.3689128905940395,2,130.1085753589157,1.0,1.0
2026-03-22T21:10:07.745-705391-308309,436,false,3.655807324511779,2,130.1085753589157,1.0,1.0
2026-03-22T21:10:07.745-705391-308309,683,false,2.0619587589393937,2,130.1085753589157,1.0,1.0
2026-03-22T21:10:07.745-705391-308309,477,false,0.1128708548335929,2,130.1085753589157,1.0,1.0
2026-03-22T21:10:07.745-705391-308309,616,false,12.138612477148799,2,130.1085753589157,1.0,1.0
2026-03-22T21:10:07.745-705391-308309,376,false,0.058011716858659974,2,130.1085753589157,1.0,1.0
2026-03-22T21:10:07.745-705391-308309,165,true,3.7281365410284146,2,126.38043881788727,1.0,0.0020000000000000018
2026-03-22T21:10:07.745-705391-308309,131,false,0.20565985736106016,2,126.38043881788727,1.0,1.0
2026-03-22T21:10:07.745-705391-308309,57,false,2.045538524482918,2,126.38043881788727,1.0,1.0
2026-03-22T21:10:07.745-705391-308309,216,false,2.993467406180006,2,126.38043881788727,1.0,1.0
2026-03-22T21:10:07.745-705391-308309,146,false,0.4895034829540222,2,126.38043881788727,1.0,1.0
2026-03-22T21:10:07.745-705391-308309,440,false,68.87811123463263,2,126.38043881788727,1.0,1.0
2026-03-22T21:10:07.745-705391-308309,95,false,1.1592071685792267,2,126.38043881788727,1.0,1.0
2026-03-22T21:10:07.745-705391-308309,669,false,14.217331758107363,2,126.38043881788727,1.0,1.0
2026-03-22T21:10:07.745-705391-308309,983,false,0.25346212988914496,2,126.38043881788727,1.0,1.0
2026-03-22T21:10:07.745-705391-308309,349,true,1.8875848167168152,2,124.49285400117046,1.0,0.02400000000000002
2026-03-22T21:10:07.745-705391-308309,508,false,3.318574239046523,2,124.49285400117046,1.0,1.0
2026-03-22T21:10:07.745-705391-308309,574,true,0.6367354613916949,2,123.85611853977876,1.0,0.0010000000000000009
2026-03-22T21:10:07.745-705391-308309,944,false,0.8618426128300188,2,123.85611853977876,1.0,1.0
2026-03-22T21:10:07.745-705391-308309,810,false,0.01714237613336699,2,123.85611853977876,1.0,1.0
2026-03-22T21:10:07.745-705391-308309,237,false,0.8128755751266646,2,123.85611853977876,1.0,1.0
2026-03-22T21:10:07.745-705391-308309,798,true,3.62356904311635,2,120.23254949666241,1.0,0.0
2026-03-22T21:10:07.745-705391-308309,565,true,0.4492322018391292,2,119.78331729482329,1.0,0.0010000000000000009
2026-03-22T21:10:07.745-705391-308309,470,false,33.61745932106752,2,119.78331729482329,1.0,1.0
2026-03-22T21:10:07.745-705391-308309,763,false,0.06391821601937044,2,119.78331729482329,1.0,1.0
2026-03-22T21:10:07.745-705391-308309,178,false,0.9336481761435554,2,119.78331729482329,1.0,1.0
2026-03-22T21:10:07.745-705391-308309,918,false,1.4122089845231178,2,119.78331729482329,1.0,1.0
2026-03-22T21:10:07.745-705391-308309,76,false,1.7601237816454862,2,119.78331729482329,1.0,1.0
2026-03-22T21:10:07.745-705391-308309,340,true,34.14583584571487,2,85.63748144910842,1.0,0.716
2026-03-22T21:10:07.745-705391-308309,319,false,3.6636899049077454,2,85.63748144910842,1.0,1.0
2026-03-22T21:10:07.745-705391-308309,473,false,0.33808719550151756,2,85.63748144910842,1.0,1.0
2026-03-22T21:10:07.745-705391-308309,753,true,0.25270525260846893,2,85.38477619649996,1.0,0.0
2026-03-22T21:10:07.745-705391-308309,561,true,2.4362303688056777,2,82.94854582769428,1.0,0.7110000000000001
2026-03-22T21:10:07.745-705391-308309,860,false,0.3946802986031587,2,82.94854582769428,1.0,1.0
2026-03-22T21:10:07.745-705391-308309,489,false,0.011265530765529627,2,82.94854582769428,1.0,1.0
2026-03-22T21:10:07.745-705391-308309,431,false,2.8026692052520756,2,82.94854582769428,1.0,1.0
2026-03-22T21:10:07.745-705391-308309,36,true,16.620892956686433,2,66.32765287100784,1.0,0.0
2026-03-22T21:10:07.745-705391-308309,817,false,0.2891691968241543,2,66.32765287100784,1.0,1.0
2026-03-22T21:10:07.745-705391-308309,174,false,2.37635146402505,2,66.32765287100784,1.0,1.0
2026-03-22T21:10:07.745-705391-308309,601,false,37.10926947410101,2,66.32765287100784,1.0,1.0
2026-03-22T21:10:07.745-705391-308309,732,false,0.12960871720093828,2,66.32765287100784,1.0,1.0
2026-03-22T21:10:07.745-705391-308309,540,false,3.4064464317540155,2,66.32765287100784,1.0,1.0
2026-03-22T21:10:07.745-705391-308309,243,false,11.54780287532133,2,66.32765287100784,1.0,1.0
2026-03-22T21:10:07.745-705391-308309,774,true,1.2387029229061972,2,65.08894994810164,1.0,0.873
2026-03-22T21:10:07.745-705391-308309,949,false,0.07600120789018865,2,65.08894994810164,1.0,1.0
2026-03-22T21:10:07.745-705391-308309,447,false,2.284494438978894,2,65.08894994810164,1.0,1.0
2026-03-22T21:10:07.745-705391-308309,661,false,1.0684820007500435,2,65.08894994810164,1.0,1.0
2026-03-22T21:10:07.745-705391-308309,326,false,2.573895636071308,2,65.08894994810164,1.0,1.0
2026-03-22T21:10:07.745-705391-308309,444,false,0.1571131779473026,2,65.08894994810164,1.0,1.0
2026-03-22T21:10:07.745-705391-308309,668,true,3.3210121096341036,2,61.76793783846754,1.0,0.888
2026-03-22T21:10:07.745-705391-308309,388,false,0.09532254601935593,2,61.76793783846754,1.0,1.0
2026-03-22T21:10:07.745-705391-308309,775,true,0.22150495359748448,2,61.54643288487006,1.0,0.758
2026-03-22T21:10:07.745-705391-308309,921,false,1.4146971894389968,2,61.54643288487006,1.0,1.0
2026-03-22T21:10:07.745-705391-308309,348,true,0.49992855004003295,2,61.046504334830026,1.0,0.0
2026-03-22T21:10:07.745-705391-308309,156,false,0.2595098045520182,2,61.046504334830026,1.0,1.0
2026-03-22T21:10:07.745-705391-308309,362,false,32.015273755784186,2,61.046504334830026,1.0,1.0
2026-03-22T21:10:07.745-705391-308309,484,false,2.258358936191398,2,61.046504334830026,1.0,1.0
2026-03-22T21:10:07.745-705391-308309,678,false,4.83414074530609,2,61.046504334830026,1.0,1.0
2026-03-22T21:10:07.745-705391-308309,966,false,3.173597302362691,2,61.046504334830026,1.0,1.0
2026-03-22T21:10:07.745-705391-308309,123,true,16.43973439122964,2,44.60676994360038,1.0,0.0
2026-03-22T21:10:07.745-705391-308309,622,false,0.1575760767817084,2,44.60676994360038,1.0,1.0
2026-03-22T21:10:07.745-705391-308309,886,false,70.74056312038397,2,44.60676994360038,1.0,1.0
2026-03-22T21:10:07.745-705391-308309,768,false,0.05121282886818905,2,44.60676994360038,1.0,1.0
2026-03-22T21:10:07.745-705391-308309,417,false,1.9030534865633018,2,44.60676994360038,1.0,1.0
2026-03-22T21:10:07.745-705391-308309,655,false,68.3038607033267,2,44.60676994360038,1.0,1.0
2026-03-22T21:10:07.745-705391-308309,350,true,1.5829671133067929,2,43.02380283029359,1.0,0.0
2026-03-22T21:10:07.745-705391-308309,653,false,0.5993285559341995,2,43.02380283029359,1.0,1.0
2026-03-22T21:10:07.745-705391-308309,24,false,16.16448221845528,2,43.02380283029359,1.0,1.0
2026-03-22T21:10:07.745-705391-308309,101,true,3.8288607698282817,2,39.19494206046531,1.0,0.714
2026-03-22T21:10:07.745-705391-308309,338,true,49.02540082535722,2,-9.830458764891908,1.0,0.663
2026-03-22T21:10:07.745-306470-287469,84,false,0.2576040109632174,1,3599.6455191475065,1.0,1.0
2026-03-22T21:10:07.745-306470-287469,81,false,3.6083161831112225,1,3599.6455191475065,1.0,1.0
2026-03-22T21:10:07.745-306470-287469,57,false,134.850121560006,1,3599.6455191475065,1.0,1.0
2026-03-22T21:10:07.745-306470-287469,267,false,19.610520469650584,1,3599.6455191475065,1.0,1.0
2026-03-22T21:10:07.745-306470-287469,291,false,14.261924266232784,1,3599.6455191475065,1.0,1.0
2026-03-22T21:10:07.745-306470-287469,282,false,7.46294583037329,1,3599.6455191475065,1.0,1.0
2026-03-22T21:10:07.745-306470-287469,179,false,1.0421093144407143,1,3599.6455191475065,1.0,1.0
2026-03-22T21:10:07.745-306470-287469,593,false,4.794211111162179,1,3599.6455191475065,1.0,1.0
2026-03-22T21:10:07.745-306470-287469,509,false,8.36905532157308,1,3599.6455191475065,1.0,1.0
2026-03-22T21:10:07.745-306470-287469,765,false,21.73123682568564,1,3599.6455191475065,1.0,1.0
2026-03-22T21:10:07.745-306470-287469,550,false,5.491331389662305,1,3599.6455191475065,1.0,1.0
2026-03-22T21:10:07.745-306470-287469,254,false,2.134640903563689,1,3599.6455191475065,1.0,1.0
2026-03-22T21:10:07.745-306470-287469,769,false,5.3870555942556635,1,3599.6455191475065,1.0,1.0
2026-03-22T21:10:07.745-306470-287469,559,false,0.20173282154834812,1,3599.6455191475065,1.0,1.0
2026-03-22T21:10:07.745-306470-287469,325,false,0.21457795204963082,1,3599.6455191475065,1.0,1.0
2026-03-22T21:10:07.745-306470-287469,692,false,7.9291455057924445,1,3599.6455191475065,1.0,1.0
2026-03-22T21:10:07.745-306470-287469,805,false,4.311311615672319,1,3599.6455191475065,1.0,1.0
2026-03-22T21:10:07.745-306470-287469,798,false,133.84596658186464,1,3599.6455191475065,1.0,1.0
2026-03-22T21:10:07.745-306470-287469,369,false,0.5676788391315555,1,3599.6455191475065,1.0,1.0
2026-03-22T21:10:07.745-306470-287469,561,false,0.07829341118950092,1,3599.6455191475065,1.0,1.0
2026-03-22T21:10:07.745-306470-287469,480,false,0.36327515516135184,1,3599.6455191475065,1.0,1.0
2026-03-22T21:10:07.745-306470-287469,634,false,0.0903663969140901,1,3599.6455191475065,1.0,1.0
2026-03-22T21:10:07.745-306470-287469,168,false,4.681586517462168,1,3599.6455191475065,1.0,1.0
2026-03-22T21:10:07.745-306470-287469,771,false,1.256994279246137,1,3599.6455191475065,1.0,1.0
2026-03-22T21:10:07.745-306470-287469,620,false,5.115909708369531,1,3599.6455191475065,1.0,1.0
2026-03-22T21:10:07.745-306470-287469,233,false,1.2325526399242597,1,3599.6455191475065,1.0,1.0
2026-03-22T21:10:07.745-306470-287469,690,false,0.6752200664965698,1,3599.6455191475065,1.0,1.0
2026-03-22T21:10:07.745-306470-287469,321,false,0.9213799222847443,1,3599.6455191475065,1.0,1.0
2026-03-22T21:10:07.745-306470-287469,511,false,2.4532691099119663,1,3599.6455191475065,1.0,1.0
2026-03-22T21:10:07.745-306470-287469,484,false,0.20896894628420426,1,3599.6455191475065,1.0,1.0
2026-03-22T21:10:07.745-306470-287469,965,false,0.6347508109183375,1,3599.6455191475065,1.0,1.0
2026-03-22T21:10:07.745-306470-287469,560,false,148.32953629531912,1,3599.6455191475065,1.0,1.0
2026-03-22T21:10:07.745-306470-287469,464,false,60.77839879094486,1,3599.6455191475065,1.0,1.0
2026-03-22T21:10:07.745-306470-287469,388,false,0.07397924054987001,1,3599.6455191475065,1.0,1.0
2026-03-22T21:10:07.745-306470-287469,748,true,3.4663072372929196,1,3596.179211910214,1.0,0.643
2026-03-22T21:10:07.745-306470-287469,971,true,31.848309470955943,1,3564.330902439258,1.0,0.633
2026-03-22T21:10:07.745-306470-287469,157,false,0.014879650496411602,1,3564.330902439258,1.0,1.0
2026-03-22T21:10:07.745-306470-287469,425,false,2.120601243192607,1,3564.330902439258,1.0,1.0
2026-03-22T21:10:07.745-306470-287469,401,false,0.1732070283031552,1,3564.330902439258,1.0,1.0
2026-03-22T21:10:07.745-306470-287469,716,false,11.201954342283845,1,3564.330902439258,1.0,1.0
2026-03-22T21:10:07.745-306470-287469,737,false,5.370482639721943,1,3564.330902439258,1.0,1.0
2026-03-22T21:10:07.745-306470-287469,99,false,2.2062933136101495,1,3564.330902439258,1.0,1.0
2026-03-22T21:10:07.745-306470-287469,410,false,1.3595676790607456,1,3564.330902439258,1.0,1.0
2026-03-22T21:10:07.745-306470-287469,557,false,16.04435066300026,1,3564.330902439258,1.0,1.0
2026-03-22T21:10:07.745-306470-287469,446,false,5.091265385248055,1,3564.330902439258,1.0,1.0
2026-03-22T21:10:07.745-306470-287469,534,false,1.4021567905539698,1,3564.330902439258,1.0,1.0
2026-03-22T21:10:07.745-306470-287469,136,false,0.9271017906315098,1,3564.330902439258,1.0,1.0
2026-03-22T21:10:07.745-306470-287469,807,false,5.750370924626885,1,3564.330902439258,1.0,1.0
2026-03-22T21:10:07.745-306470-287469,409,false,1.3471430865061305,1,3564.330902439258,1.0,1.0
2026-03-22T21:10:07.745-306470-287469,324,false,1.3520246686719197,1,3564.330902439258,1.0,1.0
2026-03-22T21:10:07.745-306470-287469,829,false,0.32931524263334905,1,3564.330902439258,1.0,1.0
2026-03-22T21:10:07.745-306470-287469,396,false,194.26471149346614,1,3564.330902439258,1.0,1.0
2026-03-22T21:10:07.745-306470-287469,880,false,11.247131095153183,1,3564.330902439258,1.0,1.0
2026-03-22T21:10:07.745-306470-287469,808,true,0.7488619818931175,1,3563.5820404573647,1.0,0.632
2026-03-22T21:10:07.745-306470-287469,911,false,6.637812936607587,1,3563.5820404573647,1.0,1.0
2026-03-22T21:10:07.745-306470-287469,443,false,1.6218852412887488,1,3563.5820404573647,1.0,1.0
2026-03-22T21:10:07.745-306470-287469,264,false,3.856674416516124,1,3563.5820404573647,1.0,1.0
2026-03-22T21:10:07.745-306470-287469,590,false,0.863627857079405,1,3563.5820404573647,1.0,1.0
2026-03-22T21:10:07.745-306470-287469,103,false,1.969947385342843,1,3563.5820404573647,1.0,1.0
2026-03-22T21:10:07.745-306470-287469,824,false,0.3435134803859159,1,3563.5820404573647,1.0,1.0
2026-03-22T21:10:07.745-306470-287469,326,false,2.259253872788954,1,3563.5820404573647,1.0,1.0
2026-03-22T21:10:07.745-306470-287469,761,false,13.365955300333436,1,3563.5820404573647,1.0,1.0
2026-03-22T21:10:07.745-306470-287469,131,false,0.28756589229586865,1,3563.5820404573647,1.0,1.0
2026-03-22T21:10:07.745-306470-287469,260,false,0.07697447625696735,1,3563.5820404573647,1.0,1.0
2026-03-22T21:10:07.745-306470-287469,822,false,6.965147211178522,1,3563.5820404573647,1.0,1.0
2026-03-22T21:10:07.745-306470-287469,891,false,5.7127060065298085,1,3563.5820404573647,1.0,1.0
2026-03-22T21:10:07.745-306470-287469,158,false,6.627455347232708,1,3563.5820404573647,1.0,1.0
2026-03-22T21:10:07.745-306470-287469,905,false,0.29574065200592026,1,3563.5820404573647,1.0,1.0
2026-03-22T21:10:07.745-306470-287469,890,false,0.837679030208071,1,3563.5820404573647,1.0,1.0
2026-03-22T21:10:07.745-306470-287469,883,false,5.230523584213893,1,3563.5820404573647,1.0,1.0
2026-03-22T21:10:07.745-306470-287469,551,false,0.5623048452335656,1,3563.5820404573647,1.0,1.0
2026-03-22T21:10:07.745-306470-287469,719,false,1.3659370847930434,1,3563.5820404573647,1.0,1.0
2026-03-22T21:10:07.745-306470-287469,269,false,0.9723370566230961,1,3563.5820404573647,1.0,1.0
2026-03-22T21:10:07.745-306470-287469,929,false,5.824285758965627,1,3563.5820404573647,1.0,1.0
2026-03-22T21:10:07.745-306470-287469,727,false,1.1204082481203061,1,3563.5820404573647,1.0,1.0
2026-03-22T21:10:07.745-306470-287469,679,false,1.1956580769093184,1,3563.5820404573647,1.0,1.0
2026-03-22T21:10:07.745-306470-287469,622,false,63.62728455550925,1,3563.5820404573647,1.0,1.0
2026-03-22T21:10:07.745-306470-287469,554,false,2.551086002831978,1,3563.5820404573647,1.0,1.0
2026-03-22T21:10:07.745-306470-287469,586,false,0.26102527099730105,1,3563.5820404573647,1.0,1.0
2026-03-22T21:10:07.745-306470-287469,124,false,5.520069765142573,1,3563.5820404573647,1.0,1.0
2026-03-22T21:10:07.745-306470-287469,299,false,2.0013570718939278,1,3563.5820404573647,1.0,1.0
2026-03-22T21:10:07.745-306470-287469,449,false,3.065291019820431,1,3563.5820404573647,1.0,1.0
2026-03-22T21:10:07.745-306470-287469,507,false,0.8369596877403958,1,3563.5820404573647,1.0,1.0
2026-03-22T21:10:07.745-306470-287469,518,false,6.800830742882721,1,3563.5820404573647,1.0,1.0
2026-03-22T21:10:07.745-306470-287469,499,false,9.072092131826626,1,3563.5820404573647,1.0,1.0
2026-03-22T21:10:07.745-306470-287469,25,false,1.6603879273351254,1,3563.5820404573647,1.0,1.0
2026-03-22T21:10:07.745-306470-287469,4,false,22.36948429031452,1,3563.5820404573647,1.0,1.0
2026-03-22T21:10:07.745-306470-287469,176,false,0.6056786469456098,1,3563.5820404573647,1.0,1.0
2026-03-22T21:10:07.745-306470-287469,437,false,34.208134869183475,1,3563.5820404573647,1.0,1.0
2026-03-22T21:10:07.745-306470-287469,916,false,0.09443174253738859,1,3563.5820404573647,1.0,1.0
2026-03-22T21:10:07.745-306470-287469,283,true,3.10221816456602,1,3560.4798222927984,1.0,0.583
2026-03-22T21:10:07.745-306470-287469,780,false,24.167225288451817,1,3560.4798222927984,1.0,1.0
2026-03-22T21:10:07.745-306470-287469,788,true,15.830847720775377,1,3544.6489745720232,1.0,0.654
2026-03-22T21:10:07.745-306470-287469,775,false,4.548648854185988,1,3544.6489745720232,1.0,1.0
2026-03-22T21:10:07.745-306470-287469,151,false,5.189704923773736,1,3544.6489745720232,1.0,1.0
2026-03-22T21:10:07.745-306470-287469,268,false,1.764856018821513,1,3544.6489745720232,1.0,1.0
2026-03-22T21:10:07.745-306470-287469,987,true,0.4808792551915372,1,3544.1680953168316,1.0,0.635
2026-03-22T21:10:07.745-306470-287469,492,false,0.7257138520671801,1,3544.1680953168316,1.0,1.0
2026-03-22T21:10:07.745-306470-287469,52,false,19.609636278335095,1,3544.1680953168316,1.0,1.0
2026-03-22T21:10:07.745-306470-287469,119,false,3.8131026124301255,1,3544.1680953168316,1.0,1.0
2026-03-22T21:10:07.745-306470-287469,384,false,6.236899413638735,1,3544.1680953168316,1.0,1.0
2026-03-22T21:10:07.745-306470-287469,992,false,22.15047505680968,1,3544.1680953168316,1.0,1.0
2026-03-22T21:10:07.745-306470-287469,996,false,5.77259410834463,1,3544.1680953168316,1.0,1.0
2026-03-22T21:10:07.745-306470-287469,280,false,0.12462827129233894,1,3544.1680953168316,1.0,1.0
2026-03-22T21:10:07.745-306470-287469,751,true,112.49410135496834,1,3431.6739939618633,1.0,0.0
2026-03-22T21:10:07.745-306470-287469,569,false,1.7126653477618026,1,3431.6739939618633,1.0,1.0
2026-03-22T21:10:07.745-306470-287469,203,false,29.398395179213015,1,3431.6739939618633,1.0,1.0
2026-03-22T21:10:07.745-306470-287469,577,false,4.71991893326357,1,3431.6739939618633,1.0,1.0
2026-03-22T21:10:07.745-306470-287469,721,false,11.750971846055156,1,3431.6739939618633,1.0,1.0
2026-03-22T21:10:07.745-306470-287469,497,false,12.828004752851003,1,3431.6739939618633,1.0,1.0
2026-03-22T21:10:07.745-306470-287469,568,false,5.765611110918745,1,3431.6739939618633,1.0,1.0
2026-03-22T21:10:07.745-306470-287469,285,true,0.24978790791406785,1,3431.424206053949,1.0,0.0
2026-03-22T21:10:07.745-306470-287469,951,false,0.15429205470033946,1,3431.424206053949,1.0,1.0
2026-03-22T21:10:07.745-306470-287469,605,false,1.277429612735912,1,3431.424206053949,1.0,1.0
2026-03-22T21:10:07.745-306470-287469,165,false,1.510451896666136,1,3431.424206053949,1.0,1.0
2026-03-22T21:10:07.745-306470-287469,110,false,1.316870391872028,1,3431.424206053949,1.0,1.0
2026-03-22T21:10:07.745-306470-287469,937,false,3.5423542302853965,1,3431.424206053949,1.0,1.0
2026-03-22T21:10:07.745-306470-287469,768,false,151.96419355589026,1,3431.424206053949,1.0,1.0
2026-03-22T21:10:07.745-306470-287469,259,false,0.36059782910665944,1,3431.424206053949,1.0,1.0
2026-03-22T21:10:07.745-306470-287469,498,false,0.39897788561502173,1,3431.424206053949,1.0,1.0
2026-03-22T21:10:07.745-306470-287469,632,false,16.839393859523522,1,3431.424206053949,1.0,1.0
2026-03-22T21:10:07.745-306470-287469,337,false,88.61225441334896,1,3431.424206053949,1.0,1.0
2026-03-22T21:10:07.745-306470-287469,767,false,12.108321789353884,1,3431.424206053949,1.0,1.0
2026-03-22T21:10:07.745-306470-287469,458,false,8.393371942246986,1,3431.424206053949,1.0,1.0
2026-03-22T21:10:07.745-306470-287469,181,false,1.1898288323962585,1,3431.424206053949,1.0,1.0
2026-03-22T21:10:07.745-306470-287469,825,false,1.5907161102492082,1,3431.424206053949,1.0,1.0
2026-03-22T21:10:07.745-306470-287469,289,true,7.300617088102966,1,3424.123588965846,1.0,0.573
2026-03-22T21:10:07.745-306470-287469,187,false,0.4987077499100146,1,3424.123588965846,1.0,1.0
2026-03-22T21:10:07.745-306470-287469,441,false,0.37470476623936966,1,3424.123588965846,1.0,1.0
2026-03-22T21:10:07.745-306470-287469,310,false,0.4456442284698077,1,3424.123588965846,1.0,1.0
2026-03-22T21:10:07.745-306470-287469,20,false,0.7112385842725403,1,3424.123588965846,1.0,1.0
2026-03-22T21:10:07.745-306470-287469,428,false,263.356938624043,1,3424.123588965846,1.0,1.0
2026-03-22T21:10:07.745-306470-287469,218,false,2.8802176353290587,1,3424.123588965846,1.0,1.0
2026-03-22T21:10:07.745-306470-287469,958,false,0.7314309279495391,1,3424.123588965846,1.0,1.0
2026-03-22T21:10:07.745-306470-287469,407,false,5.949616937385515,1,3424.123588965846,1.0,1.0
2026-03-22T21:10:07.745-306470-287469,108,false,1.0973643590152442,1,3424.123588965846,1.0,1.0
2026-03-22T21:10:07.745-306470-287469,915,false,5.112385206622479,1,3424.123588965846,1.0,1.0
2026-03-22T21:10:07.745-306470-287469,926,false,19.948291597759432,1,3424.123588965846,1.0,1.0
2026-03-22T21:10:07.745-306470-287469,776,false,0.29210407159583096,1,3424.123588965846,1.0,1.0
2026-03-22T21:10:07.745-306470-287469,147,false,0.3897422256636567,1,3424.123588965846,1.0,1.0
2026-03-22T21:10:07.745-306470-287469,845,false,1.0593866108861636,1,3424.123588965846,1.0,1.0
2026-03-22T21:10:07.745-306470-287469,978,false,0.05023537806067458,1,3424.123588965846,1.0,1.0
2026-03-22T21:10:07.745-306470-287469,678,false,7.3517981556511725,1,3424.123588965846,1.0,1.0
2026-03-22T21:10:07.745-306470-287469,93,false,0.3241540922357982,1,3424.123588965846,1.0,1.0
2026-03-22T21:10:07.745-306470-287469,40,false,2.953452735519701,1,3424.123588965846,1.0,1.0
2026-03-22T21:10:07.745-306470-287469,188,false,40.21729546529981,1,3424.123588965846,1.0,1.0
2026-03-22T21:10:07.745-306470-287469,381,false,4.631914416549218,1,3424.123588965846,1.0,1.0
2026-03-22T21:10:07.745-306470-287469,186,false,0.7664546987166238,1,3424.123588965846,1.0,1.0
2026-03-22T21:10:07.745-306470-287469,800,false,0.11201984645373907,1,3424.123588965846,1.0,1.0
2026-03-22T21:10:07.745-306470-287469,738,false,0.18513430661191693,1,3424.123588965846,1.0,1.0
2026-03-22T21:10:07.745-306470-287469,144,false,2.1840284826767147,1,3424.123588965846,1.0,1.0
2026-03-22T21:10:07.745-306470-287469,706,false,3.9740126421726716,1,3424.123588965846,1.0,1.0
2026-03-22T21:10:07.745-306470-287469,695,false,3.229888746308792,1,3424.123588965846,1.0,1.0
2026-03-22T21:10:07.745-306470-287469,361,false,0.0454446335490605,1,3424.123588965846,1.0,1.0
2026-03-22T21:10:07.745-306470-287469,66,false,1.1616883846461679,1,3424.123588965846,1.0,1.0
2026-03-22T21:10:07.745-306470-287469,696,false,0.4336237415325325,1,3424.123588965846,1.0,1.0
2026-03-22T21:10:07.745-306470-287469,566,false,1.9341332479350974,1,3424.123588965846,1.0,1.0
2026-03-22T21:10:07.745-306470-287469,976,true,4.249349057800708,1,3419.874239908045,1.0,0.812
2026-03-22T21:10:07.745-306470-287469,535,false,2.061778957309091,1,3419.874239908045,1.0,1.0
2026-03-22T21:10:07.745-306470-287469,456,false,25.269118763298163,1,3419.874239908045,1.0,1.0
2026-03-22T21:10:07.745-306470-287469,523,false,0.6126708711117171,1,3419.874239908045,1.0,1.0
2026-03-22T21:10:07.745-306470-287469,210,false,29.169955904240016,1,3419.874239908045,1.0,1.0
2026-03-22T21:10:07.745-306470-287469,652,false,1.620931866887502,1,3419.874239908045,1.0,1.0
2026-03-22T21:10:07.745-306470-287469,414,true,4.237111267138292,1,3415.6371286409067,1.0,0.6579999999999999
2026-03-22T21:10:07.745-306470-287469,894,false,3.789005013536959,1,3415.6371286409067,1.0,1.0
2026-03-22T21:10:07.745-306470-287469,391,false,3.848200512672071,1,3415.6371286409067,1.0,1.0
2026-03-22T21:10:07.745-306470-287469,983,true,0.846262875119938,1,3414.7908657657867,1.0,0.644
2026-03-22T21:10:07.745-306470-287469,724,false,2.543127529446701,1,3414.7908657657867,1.0,1.0
2026-03-22T21:10:07.745-306470-287469,997,false,2.4631875252889692,1,3414.7908657657867,1.0,1.0
2026-03-22T21:10:07.745-306470-287469,990,true,3.151538515606438,1,3411.6393272501805,1.0,0.6639999999999999
2026-03-22T21:10:07.745-306470-287469,820,false,0.09046447223253465,1,3411.6393272501805,1.0,1.0
2026-03-22T21:10:07.745-306470-287469,752,true,12.498404420709374,1,3399.140922829471,1.0,0.0030000000000000027
2026-03-22T21:10:07.745-306470-287469,6,false,11.682791101751134,1,3399.140922829471,1.0,1.0
2026-03-22T21:10:07.745-306470-287469,152,false,9.22330204220396,1,3399.140922829471,1.0,1.0
2026-03-22T21:10:07.745-306470-287469,424,false,1.6530043602630484,1,3399.140922829471,1.0,1.0
2026-03-22T21:10:07.745-306470-287469,338,false,1.212278865334867,1,3399.140922829471,1.0,1.0
2026-03-22T21:10:07.745-306470-287469,863,false,40.932990221599674,1,3399.140922829471,1.0,1.0
2026-03-22T21:10:07.745-306470-287469,26,false,0.026831666797777712,1,3399.140922829471,1.0,1.0
2026-03-22T21:10:07.745-306470-287469,979,true,0.8327603102736938,1,3398.308162519197,1.0,0.62
2026-03-22T21:10:07.745-306470-287469,130,false,64.14696482415461,1,3398.308162519197,1.0,1.0
2026-03-22T21:10:07.745-306470-287469,367,false,7.946043416505447,1,3398.308162519197,1.0,1.0
2026-03-22T21:10:07.745-306470-287469,416,true,56.26680506935263,1,3342.0413574498443,1.0,0.0
2026-03-22T21:10:07.745-306470-287469,601,false,0.6802711850126221,1,3342.0413574498443,1.0,1.0
2026-03-22T21:10:07.745-306470-287469,278,false,5.092311541007456,1,3342.0413574498443,1.0,1.0
2026-03-22T21:10:07.745-306470-287469,493,false,15.244693019097742,1,3342.0413574498443,1.0,1.0
2026-03-22T21:10:07.745-306470-287469,413,true,12.205754981572179,1,3329.835602468272,1.0,0.0
2026-03-22T21:10:07.745-306470-287469,931,false,1.2164141362026724,1,3329.835602468272,1.0,1.0
2026-03-22T21:10:07.745-306470-287469,382,false,2.356571815478851,1,3329.835602468272,1.0,1.0
2026-03-22T21:10:07.745-306470-287469,452,true,0.8043844525652537,1,3329.031218015707,1.0,0.795
2026-03-22T21:10:07.745-306470-287469,879,false,5.961579788346774,1,3329.031218015707,1.0,1.0
2026-03-22T21:10:07.745-306470-287469,506,false,1.1999063035219828,1,3329.031218015707,1.0,1.0
2026-03-22T21:10:07.745-306470-287469,715,false,0.5805359586762262,1,3329.031218015707,1.0,1.0
2026-03-22T21:10:07.745-306470-287469,795,false,0.5436518153201697,1,3329.031218015707,1.0,1.0
2026-03-22T21:10:07.745-306470-287469,643,false,926.6214876236359,1,3329.031218015707,1.0,1.0
2026-03-22T21:10:07.745-306470-287469,164,false,7.1823132371904395,1,3329.031218015707,1.0,1.0
2026-03-22T21:10:07.745-306470-287469,909,false,3.0329622570126524,1,3329.031218015707,1.0,1.0
2026-03-22T21:10:07.745-306470-287469,759,false,0.43465359638295537,1,3329.031218015707,1.0,1.0
2026-03-22T21:10:07.745-306470-287469,133,false,0.3590468212253234,1,3329.031218015707,1.0,1.0
2026-03-22T21:10:07.745-306470-287469,481,false,10.398254971784251,1,3329.031218015707,1.0,1.0
2026-03-22T21:10:07.745-306470-287469,869,false,0.1686097681217919,1,3329.031218015707,1.0,1.0
2026-03-22T21:10:07.745-306470-287469,888,false,4.8396936794983,1,3329.031218015707,1.0,1.0
2026-03-22T21:10:07.745-306470-287469,3,false,1.2941258733395096,1,3329.031218015707,1.0,1.0
2026-03-22T21:10:07.745-306470-287469,503,false,2.4883993676744356,1,3329.031218015707,1.0,1.0
2026-03-22T21:10:07.745-306470-287469,476,false,26.869020476116994,1,3329.031218015707,1.0,1.0
2026-03-22T21:10:07.745-306470-287469,999,false,3.425707161192764,1,3329.031218015707,1.0,1.0
2026-03-22T21:10:07.745-306470-287469,648,false,0.7375975693849691,1,3329.031218015707,1.0,1.0
2026-03-22T21:10:07.745-306470-287469,629,false,0.9826042962796956,1,3329.031218015707,1.0,1.0
2026-03-22T21:10:07.745-306470-287469,553,false,0.46624206340715785,1,3329.031218015707,1.0,1.0
2026-03-22T21:10:07.745-306470-287469,728,false,0.3805956823865515,1,3329.031218015707,1.0,1.0
2026-03-22T21:10:07.745-306470-287469,589,false,4.035788350392673,1,3329.031218015707,1.0,1.0
2026-03-22T21:10:07.745-306470-287469,809,true,18.294203073861453,1,3310.7370149418457,1.0,0.0010000000000000009
2026-03-22T21:10:07.745-306470-287469,82,false,4.67272288092273,1,3310.7370149418457,1.0,1.0
2026-03-22T21:10:07.745-306470-287469,333,false,68.01633407807812,1,3310.7370149418457,1.0,1.0
2026-03-22T21:10:07.745-306470-287469,473,false,0.11145725493341813,1,3310.7370149418457,1.0,1.0
2026-03-22T21:10:07.745-306470-287469,235,true,1.9742625665582816,1,3308.7627523752876,1.0,0.8069999999999999
2026-03-22T21:10:07.745-306470-287469,238,true,2.1454058654511674,1,3306.6173465098364,1.0,0.7969999999999999
2026-03-22T21:10:07.745-306470-287469,105,false,0.7399796413956219,1,3306.6173465098364,1.0,1.0
2026-03-22T21:10:07.745-306470-287469,309,false,32.822872226179186,1,3306.6173465098364,1.0,1.0
2026-03-22T21:10:07.745-306470-287469,335,false,1.8973384798742259,1,3306.6173465098364,1.0,1.0
2026-03-22T21:10:07.745-306470-287469,94,false,2.104995643553066,1,3306.6173465098364,1.0,1.0
2026-03-22T21:10:07.745-306470-287469,730,false,18.50302348932452,1,3306.6173465098364,1.0,1.0
2026-03-22T21:10:07.745-306470-287469,262,false,0.23324723032993494,1,3306.6173465098364,1.0,1.0
2026-03-22T21:10:07.745-306470-287469,747,false,0.16325577720000348,1,3306.6173465098364,1.0,1.0
2026-03-22T21:10:07.745-306470-287469,552,false,0.20739542481139808,1,3306.6173465098364,1.0,1.0
2026-03-22T21:10:07.745-306470-287469,161,false,2.48590681174818,1,3306.6173465098364,1.0,1.0
2026-03-22T21:10:07.745-306470-287469,7,false,2.790811243716747,1,3306.6173465098364,1.0,1.0
2026-03-22T21:10:07.745-306470-287469,145,false,0.9354604183039126,1,3306.6173465098364,1.0,1.0
2026-03-22T21:10:07.745-306470-287469,889,false,10.745879665704397,1,3306.6173465098364,1.0,1.0
2026-03-22T21:10:07.745-306470-287469,459,false,1.6465091872067001,1,3306.6173465098364,1.0,1.0
2026-03-22T21:10:07.745-306470-287469,241,true,0.9890214580030023,1,3305.628325051833,1.0,0.652
2026-03-22T21:10:07.745-306470-287469,445,false,0.3604154014702086,1,3305.628325051833,1.0,1.0
2026-03-22T21:10:07.745-306470-287469,722,false,0.6990835742473335,1,3305.628325051833,1.0,1.0
2026-03-22T21:10:07.745-306470-287469,438,false,23.08407624490266,1,3305.628325051833,1.0,1.0
2026-03-22T21:10:07.745-306470-287469,671,false,5.294312393443923,1,3305.628325051833,1.0,1.0
2026-03-22T21:10:07.745-306470-287469,541,false,997.4648777948793,1,3305.628325051833,1.0,1.0
2026-03-22T21:10:07.745-306470-287469,14,false,105.86501744292407,1,3305.628325051833,1.0,1.0
2026-03-22T21:10:07.745-306470-287469,221,false,10.330938165985089,1,3305.628325051833,1.0,1.0
2026-03-22T21:10:07.745-306470-287469,475,false,0.9220196145048055,1,3305.628325051833,1.0,1.0
2026-03-22T21:10:07.745-306470-287469,913,true,10.167485021492041,1,3295.460840030341,1.0,0.999
2026-03-22T21:10:07.745-306470-287469,143,false,9.835910534532552,1,3295.460840030341,1.0,1.0
2026-03-22T21:10:07.745-306470-287469,647,false,366.1899320062711,1,3295.460840030341,1.0,1.0
2026-03-22T21:10:07.745-306470-287469,859,false,1.0153092442637313,1,3295.460840030341,1.0,1.0
2026-03-22T21:10:07.745-306470-287469,317,false,5.290739221110133,1,3295.460840030341,1.0,1.0
2026-03-22T21:10:07.745-306470-287469,154,false,41.91514973388657,1,3295.460840030341,1.0,1.0
2026-03-22T21:10:07.745-306470-287469,149,false,0.20966727730880833,1,3295.460840030341,1.0,1.0
2026-03-22T21:10:07.745-306470-287469,494,false,22.755797026822446,1,3295.460840030341,1.0,1.0
2026-03-22T21:10:07.745-306470-287469,758,false,0.6082835280412063,1,3295.460840030341,1.0,1.0
2026-03-22T21:10:07.745-306470-287469,660,false,0.028028045865002887,1,3295.460840030341,1.0,1.0
2026-03-22T21:10:07.745-306470-287469,489,false,4.751605922822709,1,3295.460840030341,1.0,1.0
2026-03-22T21:10:07.745-306470-287469,252,false,230.64991828468118,1,3295.460840030341,1.0,1.0
2026-03-22T21:10:07.745-306470-287469,540,false,3.6909126133523595,1,3295.460840030341,1.0,1.0
2026-03-22T21:10:07.745-306470-287469,177,false,1.0037303157440554,1,3295.460840030341,1.0,1.0
2026-03-22T21:10:07.745-306470-287469,966,false,0.4250529227303376,1,3295.460840030341,1.0,1.0
2026-03-22T21:10:07.745-306470-287469,592,false,2.3273183654178706,1,3295.460840030341,1.0,1.0
2026-03-22T21:10:07.745-306470-287469,172,false,1.61324112898815,1,3295.460840030341,1.0,1.0
2026-03-22T21:10:07.745-306470-287469,49,false,33.66189461607885,1,3295.460840030341,1.0,1.0
2026-03-22T21:10:07.745-306470-287469,707,false,15.027442065047188,1,3295.460840030341,1.0,1.0
2026-03-22T21:10:07.745-306470-287469,944,false,0.22182395408425254,1,3295.460840030341,1.0,1.0
2026-03-22T21:10:07.745-306470-287469,104,false,3.172921096196889,1,3295.460840030341,1.0,1.0
2026-03-22T21:10:07.745-306470-287469,2,false,1.0124591892564863,1,3295.460840030341,1.0,1.0
2026-03-22T21:10:07.745-306470-287469,92,false,26.823404580350786,1,3295.460840030341,1.0,1.0
2026-03-22T21:10:07.745-306470-287469,118,false,27.778138912022158,1,3295.460840030341,1.0,1.0
2026-03-22T21:10:07.745-306470-287469,718,false,5.046991946839368,1,3295.460840030341,1.0,1.0
2026-03-22T21:10:07.745-306470-287469,802,false,15.903468560272104,1,3295.460840030341,1.0,1.0
2026-03-22T21:10:07.745-306470-287469,732,false,9.598392397222025,1,3295.460840030341,1.0,1.0
2026-03-22T21:10:07.745-306470-287469,138,false,0.7180692703400321,1,3295.460840030341,1.0,1.0
2026-03-22T21:10:07.745-306470-287469,162,false,3.8677476656012937,1,3295.460840030341,1.0,1.0
2026-03-22T21:10:07.745-306470-287469,743,false,3.08373755462726,1,3295.460840030341,1.0,1.0
2026-03-22T21:10:07.745-306470-287469,227,false,0.12279519773609965,1,3295.460840030341,1.0,1.0
2026-03-22T21:10:07.745-306470-287469,35,true,10.737274935748232,1,3284.7235650945927,1.0,0.999
2026-03-22T21:10:07.745-306470-287469,41,false,2.763937212431802,1,3284.7235650945927,1.0,1.0
2026-03-22T21:10:07.745-306470-287469,448,false,4.6332953878277685,1,3284.7235650945927,1.0,1.0
2026-03-22T21:10:07.745-306470-287469,197,false,6.8164679148047105,1,3284.7235650945927,1.0,1.0
2026-03-22T21:10:07.745-306470-287469,868,false,10.26987432448396,1,3284.7235650945927,1.0,1.0
2026-03-22T21:10:07.745-306470-287469,220,false,1.8676665056081685,1,3284.7235650945927,1.0,1.0
2026-03-22T21:10:07.745-306470-287469,58,false,20.295614440507148,1,3284.7235650945927,1.0,1.0
2026-03-22T21:10:07.745-306470-287469,468,false,0.11019180790501877,1,3284.7235650945927,1.0,1.0
2026-03-22T21:10:07.745-306470-287469,832,false,7.623290859709899,1,3284.7235650945927,1.0,1.0
2026-03-22T21:10:07.745-306470-287469,171,false,6.698158723421939,1,3284.7235650945927,1.0,1.0
2026-03-22T21:10:07.745-306470-287469,234,true,1.4434501919333789,1,3283.2801149026595,1.0,0.909
2026-03-22T21:10:07.745-306470-287469,46,true,1.3882501355943115,1,3281.8918647670653,1.0,0.874
2026-03-22T21:10:07.745-306470-287469,371,false,1.592932722278015,1,3281.8918647670653,1.0,1.0
2026-03-22T21:10:07.745-306470-287469,402,false,0.1390562582310181,1,3281.8918647670653,1.0,1.0
2026-03-22T21:10:07.745-306470-287469,183,false,55.63071448293287,1,3281.8918647670653,1.0,1.0
2026-03-22T21:10:07.745-306470-287469,653,false,26.027395402321655,1,3281.8918647670653,1.0,1.0
2026-03-22T21:10:07.745-306470-287469,893,false,1.8477395156371386,1,3281.8918647670653,1.0,1.0
2026-03-22T21:10:07.745-306470-287469,649,false,7.751932969075615,1,3281.8918647670653,1.0,1.0
2026-03-22T21:10:07.745-306470-287469,159,false,1.7413703244044396,1,3281.8918647670653,1.0,1.0
2026-03-22T21:10:07.745-306470-287469,681,false,119.81483285254616,1,3281.8918647670653,1.0,1.0
2026-03-22T21:10:07.745-306470-287469,842,false,4.76612426918816,1,3281.8918647670653,1.0,1.0
2026-03-22T21:10:07.745-306470-287469,591,false,5.1711690693675445,1,3281.8918647670653,1.0,1.0
2026-03-22T21:10:07.745-306470-287469,587,false,51.67046832197618,1,3281.8918647670653,1.0,1.0
2026-03-22T21:10:07.745-306470-287469,422,false,0.760514262982967,1,3281.8918647670653,1.0,1.0
2026-03-22T21:10:07.745-306470-287469,469,false,2.463492009869665,1,3281.8918647670653,1.0,1.0
2026-03-22T21:10:07.745-306470-287469,956,false,2.573712937827829,1,3281.8918647670653,1.0,1.0
2026-03-22T21:10:07.745-306470-287469,778,false,2.4307051014661836,1,3281.8918647670653,1.0,1.0
2026-03-22T21:10:07.745-306470-287469,740,false,0.2690063508953757,1,3281.8918647670653,1.0,1.0
2026-03-22T21:10:07.745-306470-287469,989,true,0.4459566783688995,1,3281.4459080886963,1.0,0.0
2026-03-22T21:10:07.745-306470-287469,697,false,1.3360739701188817,1,3281.4459080886963,1.0,1.0
2026-03-22T21:10:07.745-306470-287469,214,false,0.3226165757662237,1,3281.4459080886963,1.0,1.0
2026-03-22T21:10:07.745-306470-287469,79,false,12.451972867349944,1,3281.4459080886963,1.0,1.0
2026-03-22T21:10:07.745-306470-287469,318,false,2.9232620207098416,1,3281.4459080886963,1.0,1.0
2026-03-22T21:10:07.745-306470-287469,185,false,1.0547121104971822,1,3281.4459080886963,1.0,1.0
2026-03-22T21:10:07.745-306470-287469,854,true,1.0827866944365476,1,3280.36312139426,1.0,0.999
2026-03-22T21:10:07.745-306470-287469,939,false,4.332690066116355,1,3280.36312139426,1.0,1.0
2026-03-22T21:10:07.745-306470-287469,277,false,22.199124296903467,1,3280.36312139426,1.0,1.0
2026-03-22T21:10:07.745-306470-287469,208,false,1.792909346771138,1,3280.36312139426,1.0,1.0
2026-03-22T21:10:07.745-306470-287469,779,false,5.220473987851645,1,3280.36312139426,1.0,1.0
2026-03-22T21:10:07.745-306470-287469,609,false,1.1705091891274433,1,3280.36312139426,1.0,1.0
2026-03-22T21:10:07.745-306470-287469,886,false,9.073175818523632,1,3280.36312139426,1.0,1.0
2026-03-22T21:10:07.745-306470-287469,900,false,1.3771392182236177,1,3280.36312139426,1.0,1.0
2026-03-22T21:10:07.745-306470-287469,884,false,62.50942611349904,1,3280.36312139426,1.0,1.0
2026-03-22T21:10:07.745-306470-287469,16,false,8.330504618428591,1,3280.36312139426,1.0,1.0
2026-03-22T21:10:07.745-306470-287469,300,false,37.505580757926985,1,3280.36312139426,1.0,1.0
2026-03-22T21:10:07.745-306470-287469,10,false,2.2334730381410326,1,3280.36312139426,1.0,1.0
2026-03-22T21:10:07.745-306470-287469,544,false,0.2682005904978204,1,3280.36312139426,1.0,1.0
2026-03-22T21:10:07.745-306470-287469,796,false,5.296841494322285,1,3280.36312139426,1.0,1.0
2026-03-22T21:10:07.745-306470-287469,304,false,1.3460947487518098,1,3280.36312139426,1.0,1.0
2026-03-22T21:10:07.745-306470-287469,87,false,0.153078302410799,1,3280.36312139426,1.0,1.0
2026-03-22T21:10:07.745-306470-287469,344,false,15.856420868136626,1,3280.36312139426,1.0,1.0
2026-03-22T21:10:07.745-306470-287469,229,false,9.035327179191954,1,3280.36312139426,1.0,1.0
2026-03-22T21:10:07.745-306470-287469,357,false,56.71188884667507,1,3280.36312139426,1.0,1.0
2026-03-22T21:10:07.745-306470-287469,251,false,0.7388383066086225,1,3280.36312139426,1.0,1.0
2026-03-22T21:10:07.745-306470-287469,239,true,17.46452097874271,1,3262.898600415517,1.0,0.0
2026-03-22T21:10:07.745-306470-287469,470,false,1.9331524274057608,1,3262.898600415517,1.0,1.0
2026-03-22T21:10:07.745-306470-287469,297,false,31.645868289098672,1,3262.898600415517,1.0,1.0
2026-03-22T21:10:07.745-306470-287469,670,false,625.308218570759,1,3262.898600415517,1.0,1.0
2026-03-22T21:10:07.745-306470-287469,774,false,1.1305009893675895,1,3262.898600415517,1.0,1.0
2026-03-22T21:10:07.745-306470-287469,101,false,2.3154651580537613,1,3262.898600415517,1.0,1.0
2026-03-22T21:10:07.745-306470-287469,5,false,5.303654109767851,1,3262.898600415517,1.0,1.0
2026-03-22T21:10:07.745-306470-287469,352,false,0.15009157396379322,1,3262.898600415517,1.0,1.0
2026-03-22T21:10:07.745-306470-287469,129,false,4.23371365421336,1,3262.898600415517,1.0,1.0
2026-03-22T21:10:07.745-306470-287469,967,false,2.025820662974894,1,3262.898600415517,1.0,1.0
2026-03-22T21:10:07.745-306470-287469,570,false,5.710743400178645,1,3262.898600415517,1.0,1.0
2026-03-22T21:10:07.745-306470-287469,311,false,67.21855120468382,1,3262.898600415517,1.0,1.0
2026-03-22T21:10:07.745-306470-287469,420,false,1.8903647144968851,1,3262.898600415517,1.0,1.0
2026-03-22T21:10:07.745-306470-287469,520,false,50.76660142679231,1,3262.898600415517,1.0,1.0
2026-03-22T21:10:07.745-306470-287469,959,false,0.643815378374547,1,3262.898600415517,1.0,1.0
2026-03-22T21:10:07.745-306470-287469,389,false,1.229662745039511,1,3262.898600415517,1.0,1.0
2026-03-22T21:10:07.745-306470-287469,195,false,1.7074801520621763,1,3262.898600415517,1.0,1.0
2026-03-22T21:10:07.745-306470-287469,472,true,2.1501620518842617,1,3260.748438363633,1.0,0.999
2026-03-22T21:10:07.745-306470-287469,635,false,0.10948637948770513,1,3260.748438363633,1.0,1.0
2026-03-22T21:10:07.745-306470-287469,517,false,1.9677076909493807,1,3260.748438363633,1.0,1.0
2026-03-22T21:10:07.745-306470-287469,376,false,1.4164497349753509,1,3260.748438363633,1.0,1.0
2026-03-22T21:10:07.745-306470-287469,898,false,0.6061786945836426,1,3260.748438363633,1.0,1.0
2026-03-22T21:10:07.745-306470-287469,329,false,76.55376945898442,1,3260.748438363633,1.0,1.0
2026-03-22T21:10:07.745-306470-287469,687,false,247.956147042013,1,3260.748438363633,1.0,1.0
2026-03-22T21:10:07.745-306470-287469,907,false,0.5630993252847595,1,3260.748438363633,1.0,1.0
2026-03-22T21:10:07.745-306470-287469,508,false,5.256645283450104,1,3260.748438363633,1.0,1.0
2026-03-22T21:10:07.745-306470-287469,479,false,0.19130410638430131,1,3260.748438363633,1.0,1.0
2026-03-22T21:10:07.745-306470-287469,429,false,2.521242854502324,1,3260.748438363633,1.0,1.0
2026-03-22T21:10:07.745-306470-287469,857,true,9.532793179379055,1,3251.215645184254,1.0,0.656
2026-03-22T21:10:07.745-306470-287469,15,false,5.549072958941276,1,3251.215645184254,1.0,1.0
2026-03-22T21:10:07.745-306470-287469,512,false,0.8875292698935728,1,3251.215645184254,1.0,1.0
2026-03-22T21:10:07.745-306470-287469,655,false,10.923162269675968,1,3251.215645184254,1.0,1.0
2026-03-22T21:10:07.745-306470-287469,193,false,9.681419557998568,1,3251.215645184254,1.0,1.0
2026-03-22T21:10:07.745-306470-287469,471,false,0.07242167686288571,1,3251.215645184254,1.0,1.0
2026-03-22T21:10:07.745-306470-287469,831,false,14.817893433254396,1,3251.215645184254,1.0,1.0
2026-03-22T21:10:07.745-306470-287469,182,false,5.257447026219733,1,3251.215645184254,1.0,1.0
2026-03-22T21:10:07.745-306470-287469,794,true,4.82273189504983,1,3246.392913289204,1.0,0.669
2026-03-22T21:10:07.745-306470-287469,600,false,9.286618942950788,1,3246.392913289204,1.0,1.0
2026-03-22T21:10:07.745-306470-287469,427,false,4.559022688985615,1,3246.392913289204,1.0,1.0
2026-03-22T21:10:07.745-306470-287469,63,false,0.41561360852634716,1,3246.392913289204,1.0,1.0
2026-03-22T21:10:07.745-306470-287469,701,false,2.7656655586551953,1,3246.392913289204,1.0,1.0
2026-03-22T21:10:07.745-306470-287469,960,false,1.603152442356628,1,3246.392913289204,1.0,1.0
2026-03-22T21:10:07.745-306470-287469,272,false,13.41151027113721,1,3246.392913289204,1.0,1.0
2026-03-22T21:10:07.745-306470-287469,862,false,94.23198725104551,1,3246.392913289204,1.0,1.0
2026-03-22T21:10:07.745-306470-287469,804,false,13.455778463557413,1,3246.392913289204,1.0,1.0
2026-03-22T21:10:07.745-306470-287469,995,false,20.228662378933162,1,3246.392913289204,1.0,1.0
2026-03-22T21:10:07.745-306470-287469,700,false,0.9815082009763765,1,3246.392913289204,1.0,1.0
2026-03-22T21:10:07.745-306470-287469,835,false,0.7635874970834806,1,3246.392913289204,1.0,1.0
2026-03-22T21:10:07.745-306470-287469,969,true,958.2520733010073,1,2288.1408399881966,1.0,0.31200000000000006
2026-03-22T21:10:07.745-306470-287469,380,false,9.259410788598837,1,2288.1408399881966,1.0,1.0
2026-03-22T21:10:07.745-306470-287469,654,false,2.0270873673048593,1,2288.1408399881966,1.0,1.0
2026-03-22T21:10:07.745-306470-287469,717,false,0.17889547384518759,1,2288.1408399881966,1.0,1.0
2026-03-22T21:10:07.745-306470-287469,618,false,14.281261895443118,1,2288.1408399881966,1.0,1.0
2026-03-22T21:10:07.745-306470-287469,770,false,0.15031500021875047,1,2288.1408399881966,1.0,1.0
2026-03-22T21:10:07.745-306470-287469,490,false,8.792594602435985,1,2288.1408399881966,1.0,1.0
2026-03-22T21:10:07.745-306470-287469,88,false,0.9538390977761277,1,2288.1408399881966,1.0,1.0
2026-03-22T21:10:07.745-306470-287469,91,false,1.2041213166494813,1,2288.1408399881966,1.0,1.0
2026-03-22T21:10:07.745-306470-287469,303,false,0.3373616074628009,1,2288.1408399881966,1.0,1.0
2026-03-22T21:10:07.745-306470-287469,486,false,3.75450351200289,1,2288.1408399881966,1.0,1.0
2026-03-22T21:10:07.745-306470-287469,537,false,72.05439935673081,1,2288.1408399881966,1.0,1.0
2026-03-22T21:10:07.745-306470-287469,853,true,0.45548754306986455,1,2287.6853524451267,1.0,0.633
2026-03-22T21:10:07.745-306470-287469,850,true,23.68945779329216,1,2263.9958946518345,1.0,0.798
2026-03-22T21:10:07.745-306470-287469,676,false,0.4023692051336463,1,2263.9958946518345,1.0,1.0
2026-03-22T21:10:07.745-306470-287469,527,false,0.52849916354147,1,2263.9958946518345,1.0,1.0
2026-03-22T21:10:07.745-306470-287469,189,false,2.5721839173062966,1,2263.9958946518345,1.0,1.0
2026-03-22T21:10:07.745-306470-287469,50,false,68.60405851173981,1,2263.9958946518345,1.0,1.0
2026-03-22T21:10:07.745-306470-287469,368,false,0.5905287580238531,1,2263.9958946518345,1.0,1.0
2026-03-22T21:10:07.745-306470-287469,623,false,8.999881810297213,1,2263.9958946518345,1.0,1.0
2026-03-22T21:10:07.745-306470-287469,753,false,0.11391520726364249,1,2263.9958946518345,1.0,1.0
2026-03-22T21:10:07.745-306470-287469,59,true,0.3093909613051489,1,2263.686503690529,1.0,0.812
2026-03-22T21:10:07.745-306470-287469,702,false,6.953843122723019,1,2263.686503690529,1.0,1.0
2026-03-22T21:10:07.745-306470-287469,127,false,1.5860276008369352,1,2263.686503690529,1.0,1.0
2026-03-22T21:10:07.745-306470-287469,954,false,0.5807726229686939,1,2263.686503690529,1.0,1.0
2026-03-22T21:10:07.745-306470-287469,579,false,1.8953827604500444,1,2263.686503690529,1.0,1.0
2026-03-22T21:10:07.745-306470-287469,760,false,27.416805130659355,1,2263.686503690529,1.0,1.0
2026-03-22T21:10:07.745-306470-287469,194,false,6.76823293395174,1,2263.686503690529,1.0,1.0
2026-03-22T21:10:07.745-306470-287469,225,false,0.4016843240496364,1,2263.686503690529,1.0,1.0
2026-03-22T21:10:07.745-306470-287469,457,false,5.081670120581521,1,2263.686503690529,1.0,1.0
2026-03-22T21:10:07.745-306470-287469,242,true,31.955139352201353,1,2231.7313643383277,1.0,0.0020000000000000018
2026-03-22T21:10:07.745-306470-287469,363,false,2.376141164488923,1,2231.7313643383277,1.0,1.0
2026-03-22T21:10:07.745-306470-287469,912,true,3.1860918418629116,1,2228.545272496465,1.0,0.6679999999999999
2026-03-22T21:10:07.745-306470-287469,941,false,11.162332863970775,1,2228.545272496465,1.0,1.0
2026-03-22T21:10:07.745-306470-287469,33,false,0.10428172412056877,1,2228.545272496465,1.0,1.0
2026-03-22T21:10:07.745-306470-287469,599,false,3.2747921396012165,1,2228.545272496465,1.0,1.0
2026-03-22T21:10:07.745-306470-287469,633,false,1.6630833348522034,1,2228.545272496465,1.0,1.0
2026-03-22T21:10:07.745-306470-287469,364,false,2.6383767318417894,1,2228.545272496465,1.0,1.0
2026-03-22T21:10:07.745-306470-287469,617,false,0.6724918478369932,1,2228.545272496465,1.0,1.0
2026-03-22T21:10:07.745-306470-287469,332,false,15.589253932171,1,2228.545272496465,1.0,1.0
2026-03-22T21:10:07.745-306470-287469,801,false,5.257525356544034,1,2228.545272496465,1.0,1.0
2026-03-22T21:10:07.745-306470-287469,439,false,4.305320574203382,1,2228.545272496465,1.0,1.0
2026-03-22T21:10:07.745-306470-287469,873,false,4.36392170278445,1,2228.545272496465,1.0,1.0
2026-03-22T21:10:07.745-306470-287469,526,false,0.9232052513367979,1,2228.545272496465,1.0,1.0
2026-03-22T21:10:07.745-306470-287469,674,false,0.17737833420804636,1,2228.545272496465,1.0,1.0
2026-03-22T21:10:07.745-306470-287469,731,false,3.001995721241173,1,2228.545272496465,1.0,1.0
2026-03-22T21:10:07.745-306470-287469,48,true,19.606666554029722,1,2208.938605942435,1.0,0.8180000000000001
2026-03-22T21:10:07.745-306470-287469,137,false,0.037451495759419653,1,2208.938605942435,1.0,1.0
2026-03-22T21:10:07.745-306470-287469,290,true,0.8081924537522789,1,2208.1304134886827,1.0,0.623
2026-03-22T21:10:07.745-306470-287469,739,false,0.14238853824410883,1,2208.1304134886827,1.0,1.0
2026-03-22T21:10:07.745-306470-287469,645,false,6.220449949419782,1,2208.1304134886827,1.0,1.0
2026-03-22T21:10:07.745-306470-287469,190,false,3.422576016019273,1,2208.1304134886827,1.0,1.0
2026-03-22T21:10:07.745-306470-287469,313,false,5.9063662920768545,1,2208.1304134886827,1.0,1.0
2026-03-22T21:10:07.745-306470-287469,961,false,28.27964431987213,1,2208.1304134886827,1.0,1.0
2026-03-22T21:10:07.745-306470-287469,533,false,0.31064950490456106,1,2208.1304134886827,1.0,1.0
2026-03-22T21:10:07.745-306470-287469,726,false,39.70854219136529,1,2208.1304134886827,1.0,1.0
2026-03-22T21:10:07.745-306470-287469,24,false,0.9511169574197609,1,2208.1304134886827,1.0,1.0
2026-03-22T21:10:07.745-306470-287469,406,false,3.345506145810389,1,2208.1304134886827,1.0,1.0
2026-03-22T21:10:07.745-306470-287469,421,false,0.12008858538897693,1,2208.1304134886827,1.0,1.0
2026-03-22T21:10:07.745-306470-287469,301,false,0.10997988831273817,1,2208.1304134886827,1.0,1.0
2026-03-22T21:10:07.745-306470-287469,734,false,36.42537221817004,1,2208.1304134886827,1.0,1.0
2026-03-22T21:10:07.745-306470-287469,163,false,0.6799890255066504,1,2208.1304134886827,1.0,1.0
2026-03-22T21:10:07.745-306470-287469,904,false,31.8280786340371,1,2208.1304134886827,1.0,1.0
2026-03-22T21:10:07.745-306470-287469,114,false,49.4525662999022,1,2208.1304134886827,1.0,1.0
2026-03-22T21:10:07.745-306470-287469,11,false,7.753841956520938,1,2208.1304134886827,1.0,1.0
2026-03-22T21:10:07.745-306470-287469,77,false,15.66875931812166,1,2208.1304134886827,1.0,1.0
2026-03-22T21:10:07.745-306470-287469,294,false,0.18483561268491633,1,2208.1304134886827,1.0,1.0
2026-03-22T21:10:07.745-306470-287469,691,false,6.938635260816487,1,2208.1304134886827,1.0,1.0
2026-03-22T21:10:07.745-306470-287469,467,false,5.453257828507434,1,2208.1304134886827,1.0,1.0
2026-03-22T21:10:07.745-306470-287469,521,false,11.558538987779908,1,2208.1304134886827,1.0,1.0
2026-03-22T21:10:07.745-306470-287469,581,false,11.569052850267655,1,2208.1304134886827,1.0,1.0
2026-03-22T21:10:07.745-306470-287469,876,false,2.394401418835015,1,2208.1304134886827,1.0,1.0
2026-03-22T21:10:07.745-306470-287469,940,false,3.0392399652256987,1,2208.1304134886827,1.0,1.0
2026-03-22T21:10:07.745-306470-287469,686,false,21.783636795189693,1,2208.1304134886827,1.0,1.0
2026-03-22T21:10:07.745-306470-287469,60,true,10.357140109420689,1,2197.7732733792623,1.0,0.907
2026-03-22T21:10:07.745-306470-287469,844,false,15.421779695505716,1,2197.7732733792623,1.0,1.0
2026-03-22T21:10:07.745-306470-287469,72,false,0.011294211771990834,1,2197.7732733792623,1.0,1.0
2026-03-22T21:10:07.745-306470-287469,793,true,6.76797976007192,1,2191.0052936191905,1.0,0.0
2026-03-22T21:10:07.745-306470-287469,180,false,4.178094804216122,1,2191.0052936191905,1.0,1.0
2026-03-22T21:10:07.745-306470-287469,444,false,102.55255201821403,1,2191.0052936191905,1.0,1.0
2026-03-22T21:10:07.745-306470-287469,736,false,5.00414432787625,1,2191.0052936191905,1.0,1.0
2026-03-22T21:10:07.745-306470-287469,355,true,26.275651988256634,1,2164.729641630934,1.0,0.8049999999999999
2026-03-22T21:10:07.745-306470-287469,510,false,8.704248806404658,1,2164.729641630934,1.0,1.0
2026-03-22T21:10:07.745-306470-287469,855,true,0.24158846644834864,1,2164.488053164486,1.0,0.0
2026-03-22T21:10:07.745-306470-287469,945,false,119.85589148698486,1,2164.488053164486,1.0,1.0
2026-03-22T21:10:07.745-306470-287469,699,false,103.90465794300813,1,2164.488053164486,1.0,1.0
2026-03-22T21:10:07.745-306470-287469,167,false,31.831059063072242,1,2164.488053164486,1.0,1.0
2026-03-22T21:10:07.745-306470-287469,860,true,2.8406231693872837,1,2161.6474299950987,1.0,0.64
2026-03-22T21:10:07.745-306470-287469,562,false,0.29294447625463776,1,2161.6474299950987,1.0,1.0
2026-03-22T21:10:07.745-306470-287469,336,false,3.831674449109413,1,2161.6474299950987,1.0,1.0
2026-03-22T21:10:07.745-306470-287469,821,false,22.4809317296092,1,2161.6474299950987,1.0,1.0
2026-03-22T21:10:07.745-306470-287469,792,false,0.017197978147695414,1,2161.6474299950987,1.0,1.0
2026-03-22T21:10:07.745-306470-287469,370,false,0.16047511203928425,1,2161.6474299950987,1.0,1.0
2026-03-22T21:10:07.745-306470-287469,378,false,5.034607478346039,1,2161.6474299950987,1.0,1.0
2026-03-22T21:10:07.745-306470-287469,198,false,1.3731432565111783,1,2161.6474299950987,1.0,1.0
2026-03-22T21:10:07.745-306470-287469,174,false,0.023885703285328973,1,2161.6474299950987,1.0,1.0
2026-03-22T21:10:07.745-306470-287469,37,false,0.14364650480864144,1,2161.6474299950987,1.0,1.0
2026-03-22T21:10:07.745-306470-287469,28,false,11.946692974892677,1,2161.6474299950987,1.0,1.0
2026-03-22T21:10:07.745-306470-287469,723,false,9.727883463524542,1,2161.6474299950987,1.0,1.0
2026-03-22T21:10:07.745-306470-287469,349,false,8.289081745103758,1,2161.6474299950987,1.0,1.0
2026-03-22T21:10:07.745-306470-287469,245,true,0.8704468590938073,1,2160.776983136005,1.0,0.649
2026-03-22T21:10:07.745-306470-287469,365,false,1.116581196818153,1,2160.776983136005,1.0,1.0
2026-03-22T21:10:07.745-306470-287469,764,false,4.005841278366793,1,2160.776983136005,1.0,1.0
2026-03-22T21:10:07.745-306470-287469,240,true,7.903160574939918,1,2152.873822561065,1.0,0.0
2026-03-22T21:10:07.745-306470-287469,377,false,7.288170172607094,1,2152.873822561065,1.0,1.0
2026-03-22T21:10:07.745-306470-287469,442,false,0.9109675938963316,1,2152.873822561065,1.0,1.0
2026-03-22T21:10:07.745-306470-287469,32,true,0.820641250999208,1,2152.0531813100656,1.0,0.6679999999999999
2026-03-22T21:10:07.745-306470-287469,677,false,20.08754400058449,1,2152.0531813100656,1.0,1.0
2026-03-22T21:10:07.745-306470-287469,249,false,31.596927166440093,1,2152.0531813100656,1.0,1.0
2026-03-22T21:10:07.745-306470-287469,556,false,16.787942858415615,1,2152.0531813100656,1.0,1.0
2026-03-22T21:10:07.745-306470-287469,688,false,0.20622507655104916,1,2152.0531813100656,1.0,1.0
2026-03-22T21:10:07.745-306470-287469,651,false,0.42976758268191695,1,2152.0531813100656,1.0,1.0
2026-03-22T21:10:07.745-306470-287469,763,false,113.8241939449071,1,2152.0531813100656,1.0,1.0
2026-03-22T21:10:07.745-306470-287469,314,false,7.014562367110955,1,2152.0531813100656,1.0,1.0
2026-03-22T21:10:07.745-306470-287469,662,false,6.734476280565104,1,2152.0531813100656,1.0,1.0
2026-03-22T21:10:07.745-306470-287469,867,false,0.22015592607064807,1,2152.0531813100656,1.0,1.0
2026-03-22T21:10:07.745-306470-287469,359,false,15.444256361844992,1,2152.0531813100656,1.0,1.0
2026-03-22T21:10:07.745-306470-287469,330,true,0.7774805105994698,1,2151.275700799466,1.0,0.999
2026-03-22T21:10:07.745-306470-287469,975,true,15.56868815511087,1,2135.707012644355,1.0,0.0010000000000000009
2026-03-22T21:10:07.745-306470-287469,515,false,2.725152655368621,1,2135.707012644355,1.0,1.0
2026-03-22T21:10:07.745-306470-287469,777,false,10.401953928554066,1,2135.707012644355,1.0,1.0
2026-03-22T21:10:07.745-306470-287469,704,false,9.847588186689055,1,2135.707012644355,1.0,1.0
2026-03-22T21:10:07.745-306470-287469,576,false,10.386625490331017,1,2135.707012644355,1.0,1.0
2026-03-22T21:10:07.745-306470-287469,838,false,0.29431442521816714,1,2135.707012644355,1.0,1.0
2026-03-22T21:10:07.745-306470-287469,729,false,1.0150976260227125,1,2135.707012644355,1.0,1.0
2026-03-22T21:10:07.745-306470-287469,273,false,11.63048058862244,1,2135.707012644355,1.0,1.0
2026-03-22T21:10:07.745-306470-287469,637,false,0.5172110881001936,1,2135.707012644355,1.0,1.0
2026-03-22T21:10:07.745-306470-287469,714,false,9.200017786630454,1,2135.707012644355,1.0,1.0
2026-03-22T21:10:07.745-306470-287469,875,false,7.969210778024255,1,2135.707012644355,1.0,1.0
2026-03-22T21:10:07.745-306470-287469,86,false,0.16582950324109358,1,2135.707012644355,1.0,1.0
2026-03-22T21:10:07.745-306470-287469,919,false,1.1224616398929435,1,2135.707012644355,1.0,1.0
2026-03-22T21:10:07.745-306470-287469,393,false,0.07646584713331535,1,2135.707012644355,1.0,1.0
2026-03-22T21:10:07.745-306470-287469,85,false,46.11494050697065,1,2135.707012644355,1.0,1.0
2026-03-22T21:10:07.745-306470-287469,583,false,0.47255342084547347,1,2135.707012644355,1.0,1.0
2026-03-22T21:10:07.745-306470-287469,828,false,0.39307623735580344,1,2135.707012644355,1.0,1.0
2026-03-22T21:10:07.745-306470-287469,621,false,2.785438512676974,1,2135.707012644355,1.0,1.0
2026-03-22T21:10:07.745-306470-287469,30,true,0.3334745028176119,1,2135.373538141537,1.0,0.661
2026-03-22T21:10:07.745-306470-287469,74,false,13.33227752214652,1,2135.373538141537,1.0,1.0
2026-03-22T21:10:07.745-306470-287469,806,true,2.3050889353869635,1,2133.06844920615,1.0,0.0010000000000000009
2026-03-22T21:10:07.745-306470-287469,298,false,0.05296599084730334,1,2133.06844920615,1.0,1.0
2026-03-22T21:10:07.745-306470-287469,833,false,6.8823472215605,1,2133.06844920615,1.0,1.0
2026-03-22T21:10:07.745-306470-287469,529,false,142.864614082296,1,2133.06844920615,1.0,1.0
2026-03-22T21:10:07.745-306470-287469,390,false,12.881360498658927,1,2133.06844920615,1.0,1.0
2026-03-22T21:10:07.745-306470-287469,51,true,130.55894041465842,1,2002.5095087914915,1.0,0.615
2026-03-22T21:10:07.745-306470-287469,200,false,0.3491910859939894,1,2002.5095087914915,1.0,1.0
2026-03-22T21:10:07.745-306470-287469,683,false,0.05201694919393775,1,2002.5095087914915,1.0,1.0
2026-03-22T21:10:07.745-306470-287469,89,false,27.771071568774744,1,2002.5095087914915,1.0,1.0
2026-03-22T21:10:07.745-306470-287469,178,false,1.9033208779563489,1,2002.5095087914915,1.0,1.0
2026-03-22T21:10:07.745-306470-287469,865,false,0.41899918025535715,1,2002.5095087914915,1.0,1.0
2026-03-22T21:10:07.745-306470-287469,436,false,12.16261274452484,1,2002.5095087914915,1.0,1.0
2026-03-22T21:10:07.745-306470-287469,881,false,1.3932595038538633,1,2002.5095087914915,1.0,1.0
2026-03-22T21:10:07.745-306470-287469,668,false,4.267785776539625,1,2002.5095087914915,1.0,1.0
2026-03-22T21:10:07.745-306470-287469,856,true,6.967592870334068,1,1995.5419159211574,1.0,0.0
2026-03-22T21:10:07.745-306470-287469,827,false,52.78026732229975,1,1995.5419159211574,1.0,1.0
2026-03-22T21:10:07.745-306470-287469,781,false,2.2694027976822126,1,1995.5419159211574,1.0,1.0
2026-03-22T21:10:07.745-306470-287469,974,true,12.666362673270378,1,1982.875553247887,1.0,0.0
2026-03-22T21:10:07.745-306470-287469,320,false,10.234455608956917,1,1982.875553247887,1.0,1.0
2026-03-22T21:10:07.745-306470-287469,698,false,1.0847945747594332,1,1982.875553247887,1.0,1.0
2026-03-22T21:10:07.745-306470-287469,358,true,0.22815335559055275,1,1982.6473998922963,1.0,0.651
2026-03-22T21:10:07.745-306470-287469,350,false,2.2066343697837394,1,1982.6473998922963,1.0,1.0
2026-03-22T21:10:07.745-306470-287469,885,false,0.6516343065686077,1,1982.6473998922963,1.0,1.0
2026-03-22T21:10:07.745-306470-287469,156,false,67.30731020238018,1,1982.6473998922963,1.0,1.0
2026-03-22T21:10:07.745-306470-287469,430,false,30.886374669280794,1,1982.6473998922963,1.0,1.0
2026-03-22T21:10:07.745-306470-287469,840,false,11.130190122489088,1,1982.6473998922963,1.0,1.0
2026-03-22T21:10:07.745-306470-287469,44,true,8.854124472756025,1,1973.7932754195404,1.0,0.615
2026-03-22T21:10:07.745-306470-287469,61,true,12.923973535764643,1,1960.8693018837757,1.0,0.0
2026-03-22T21:10:07.745-306470-287469,408,false,265.57031748078276,1,1960.8693018837757,1.0,1.0
2026-03-22T21:10:07.745-306470-287469,216,false,1.0192218603564054,1,1960.8693018837757,1.0,1.0
2026-03-22T21:10:07.745-306470-287469,639,false,0.38446739024827337,1,1960.8693018837757,1.0,1.0
2026-03-22T21:10:07.745-306470-287469,226,false,4.058608654630161,1,1960.8693018837757,1.0,1.0
2026-03-22T21:10:07.745-306470-287469,80,false,2.209819087762252,1,1960.8693018837757,1.0,1.0
2026-03-22T21:10:07.745-306470-287469,713,false,4.026891812107857,1,1960.8693018837757,1.0,1.0
2026-03-22T21:10:07.745-306470-287469,55,false,8.14738860732044,1,1960.8693018837757,1.0,1.0
2026-03-22T21:10:07.745-306470-287469,202,false,0.34668798646757937,1,1960.8693018837757,1.0,1.0
2026-03-22T21:10:07.745-306470-287469,383,false,0.7129867277076896,1,1960.8693018837757,1.0,1.0
2026-03-22T21:10:07.745-306470-287469,112,false,17.952551441865666,1,1960.8693018837757,1.0,1.0
2026-03-22T21:10:07.745-306470-287469,231,false,0.04014570693798341,1,1960.8693018837757,1.0,1.0
2026-03-22T21:10:07.745-306470-287469,925,false,3.9501908380770803,1,1960.8693018837757,1.0,1.0
2026-03-22T21:10:07.745-306470-287469,419,true,2.3994749144695358,1,1958.4698269693063,1.0,0.629
2026-03-22T21:10:07.745-306470-287469,942,false,0.9699990236057043,1,1958.4698269693063,1.0,1.0
2026-03-22T21:10:07.745-306470-287469,488,false,0.7210434504532675,1,1958.4698269693063,1.0,1.0
2026-03-22T21:10:07.745-306470-287469,78,false,1.6111031727451364,1,1958.4698269693063,1.0,1.0
2026-03-22T21:10:07.745-306470-287469,631,false,17.714647695159734,1,1958.4698269693063,1.0,1.0
2026-03-22T21:10:07.745-306470-287469,54,true,213.80730142966007,1,1744.6625255396461,1.0,0.5609999999999999
2026-03-22T21:10:07.745-306470-287469,530,false,7.062896025665983,1,1744.6625255396461,1.0,1.0
2026-03-22T21:10:07.745-306470-287469,461,false,30.774600582124464,1,1744.6625255396461,1.0,1.0
2026-03-22T21:10:07.745-306470-287469,199,false,1.3283030158310334,1,1744.6625255396461,1.0,1.0
2026-03-22T21:10:07.745-306470-287469,42,false,0.1316142715962861,1,1744.6625255396461,1.0,1.0
2026-03-22T21:10:07.745-306470-287469,100,false,5.76893769850646,1,1744.6625255396461,1.0,1.0
2026-03-22T21:10:07.745-306470-287469,274,false,35.691223749967016,1,1744.6625255396461,1.0,1.0
2026-03-22T21:10:07.745-306470-287469,852,true,39.048244118367776,1,1705.6142814212783,1.0,0.0
2026-03-22T21:10:07.745-306470-287469,657,false,0.5431202430252028,1,1705.6142814212783,1.0,1.0
2026-03-22T21:10:07.745-306470-287469,787,true,0.40321294677688974,1,1705.2110684745014,1.0,0.63
2026-03-22T21:10:07.745-306470-287469,585,false,7.176560739474964,1,1705.2110684745014,1.0,1.0
2026-03-22T21:10:07.745-306470-287469,949,false,37.19212237984747,1,1705.2110684745014,1.0,1.0
2026-03-22T21:10:07.745-306470-287469,549,false,3.940423103920218,1,1705.2110684745014,1.0,1.0
2026-03-22T21:10:07.745-306470-287469,933,false,2.3880967005988283,1,1705.2110684745014,1.0,1.0
2026-03-22T21:10:07.745-306470-287469,237,true,3.6831651102694862,1,1701.5279033642319,1.0,0.0
2026-03-22T21:10:07.745-306470-287469,69,false,0.47163785861742735,1,1701.5279033642319,1.0,1.0
2026-03-22T21:10:07.745-306470-287469,525,false,13.170145849354038,1,1701.5279033642319,1.0,1.0
2026-03-22T21:10:07.745-306470-287469,362,false,77.82326948480298,1,1701.5279033642319,1.0,1.0
2026-03-22T21:10:07.745-306470-287469,830,false,7.044340489735619,1,1701.5279033642319,1.0,1.0
2026-03-22T21:10:07.745-306470-287469,638,false,28.20147739060569,1,1701.5279033642319,1.0,1.0
2026-03-22T21:10:07.745-306470-287469,930,false,0.8983426946540807,1,1701.5279033642319,1.0,1.0
2026-03-22T21:10:07.745-306470-287469,334,false,75.55138600401311,1,1701.5279033642319,1.0,1.0
2026-03-22T21:10:07.745-306470-287469,703,false,0.012616209526724067,1,1701.5279033642319,1.0,1.0
2026-03-22T21:10:07.745-306470-287469,920,false,1.0073274475209362,1,1701.5279033642319,1.0,1.0
2026-03-22T21:10:07.745-306470-287469,184,false,3.2343654946525193,1,1701.5279033642319,1.0,1.0
2026-03-22T21:10:07.745-306470-287469,62,false,0.1864472605664568,1,1701.5279033642319,1.0,1.0
2026-03-22T21:10:07.745-306470-287469,834,false,1.5132900964003355,1,1701.5279033642319,1.0,1.0
2026-03-22T21:10:07.745-306470-287469,970,true,0.23665250643158078,1,1701.2912508578004,1.0,0.0
2026-03-22T21:10:07.745-306470-287469,656,false,0.03195021195350039,1,1701.2912508578004,1.0,1.0
2026-03-22T21:10:07.745-306470-287469,360,true,43.72239693305552,1,1657.5688539247449,1.0,0.821
2026-03-22T21:10:07.745-306470-287469,602,false,13.191320375045228,1,1657.5688539247449,1.0,1.0
2026-03-22T21:10:07.745-306470-287469,786,true,2.9088567789738997,1,1654.659997145771,1.0,0.025000000000000022
2026-03-22T21:10:07.745-306470-287469,773,false,0.5350034003896338,1,1654.659997145771,1.0,1.0
2026-03-22T21:10:07.745-306470-287469,120,false,72.96060585941831,1,1654.659997145771,1.0,1.0
2026-03-22T21:10:07.745-306470-287469,985,true,1.215588655280294,1,1653.4444084904908,1.0,0.0
2026-03-22T21:10:07.745-306470-287469,8,false,0.06832711663679139,1,1653.4444084904908,1.0,1.0
2026-03-22T21:10:07.745-306470-287469,962,false,37.11755066368949,1,1653.4444084904908,1.0,1.0
2026-03-22T21:10:07.745-306470-287469,418,false,0.0808033348347085,1,1653.4444084904908,1.0,1.0
2026-03-22T21:10:07.745-306470-287469,572,false,3.422712453707416,1,1653.4444084904908,1.0,1.0
2026-03-22T21:10:07.745-306470-287469,665,false,29.264896235904246,1,1653.4444084904908,1.0,1.0
2026-03-22T21:10:07.745-306470-287469,693,false,4.9469314010089205,1,1653.4444084904908,1.0,1.0
2026-03-22T21:10:07.745-306470-287469,19,false,1.2149918851718362,1,1653.4444084904908,1.0,1.0
2026-03-22T21:10:07.745-306470-287469,224,false,2.843829760780233,1,1653.4444084904908,1.0,1.0
2026-03-22T21:10:07.745-306470-287469,626,false,4.109020871389726,1,1653.4444084904908,1.0,1.0
2026-03-22T21:10:07.745-306470-287469,615,false,3.191490124315299,1,1653.4444084904908,1.0,1.0
2026-03-22T21:10:07.745-306470-287469,532,true,0.2636828702720477,1,1653.1807256202187,1.0,0.894
2026-03-22T21:10:07.745-306470-287469,287,true,7.041538259811142,1,1646.1391873604075,1.0,0.0
2026-03-22T21:10:07.745-306470-287469,265,false,0.2914708775861527,1,1646.1391873604075,1.0,1.0
2026-03-22T21:10:07.745-306470-287469,932,false,32.241984198857,1,1646.1391873604075,1.0,1.0
2026-03-22T21:10:07.745-306470-287469,947,false,9.823106078030703,1,1646.1391873604075,1.0,1.0
2026-03-22T21:10:07.745-306470-287469,836,false,0.6653502793597419,1,1646.1391873604075,1.0,1.0
2026-03-22T21:10:07.745-306470-287469,39,false,60.65962720247165,1,1646.1391873604075,1.0,1.0
2026-03-22T21:10:07.745-306470-287469,810,true,9.277713842999182,1,1636.8614735174083,1.0,0.0
2026-03-22T21:10:07.745-306470-287469,331,true,55.4498312744133,1,1581.411642242995,1.0,0.912
2026-03-22T21:10:07.745-306470-287469,348,false,24.94342324598658,1,1581.411642242995,1.0,1.0
2026-03-22T21:10:07.745-306470-287469,504,false,4.010683042633171,1,1581.411642242995,1.0,1.0
2026-03-22T21:10:07.745-306470-287469,837,false,0.12762013050280652,1,1581.411642242995,1.0,1.0
2026-03-22T21:10:07.745-306470-287469,603,false,3.839356778616693,1,1581.411642242995,1.0,1.0
2026-03-22T21:10:07.745-306470-287469,343,false,3.2888138402112763,1,1581.411642242995,1.0,1.0
2026-03-22T21:10:07.745-306470-287469,711,false,13.269979292922441,1,1581.411642242995,1.0,1.0
2026-03-22T21:10:07.745-306470-287469,232,true,2.984225027709407,1,1578.4274172152855,1.0,0.0010000000000000009
2026-03-22T21:10:07.745-306470-287469,928,false,0.3361715159391615,1,1578.4274172152855,1.0,1.0
2026-03-22T21:10:07.745-306470-287469,375,false,20.728612056029192,1,1578.4274172152855,1.0,1.0
2026-03-22T21:10:07.745-306470-287469,630,false,0.13539340587402596,1,1578.4274172152855,1.0,1.0
2026-03-22T21:10:07.745-306470-287469,455,true,2.857616320434626,1,1575.569800894851,1.0,0.671
2026-03-22T21:10:07.745-306470-287469,13,false,9.257206967324857,1,1575.569800894851,1.0,1.0
2026-03-22T21:10:07.745-306470-287469,263,false,1.7161496267862637,1,1575.569800894851,1.0,1.0
2026-03-22T21:10:07.745-306470-287469,955,false,22.93234491118716,1,1575.569800894851,1.0,1.0
2026-03-22T21:10:07.745-306470-287469,816,false,11.959006375859996,1,1575.569800894851,1.0,1.0
2026-03-22T21:10:07.745-306470-287469,575,false,10.176147192667488,1,1575.569800894851,1.0,1.0
2026-03-22T21:10:07.745-306470-287469,111,false,1.9777600701257851,1,1575.569800894851,1.0,1.0
2026-03-22T21:10:07.745-306470-287469,345,false,2.671105252761055,1,1575.569800894851,1.0,1.0
2026-03-22T21:10:07.745-306470-287469,379,false,0.9393965353710219,1,1575.569800894851,1.0,1.0
2026-03-22T21:10:07.745-306470-287469,694,true,3.4054229583854534,1,1572.1643779364654,1.0,0.79
2026-03-22T21:10:07.745-306470-287469,255,false,8.680903616536261,1,1572.1643779364654,1.0,1.0
2026-03-22T21:10:07.745-306470-287469,71,true,5.056463554633777,1,1567.1079143818315,1.0,0.777
2026-03-22T21:10:07.745-306470-287469,712,false,3.7687134591802676,1,1567.1079143818315,1.0,1.0
2026-03-22T21:10:07.745-306470-287469,782,false,0.5544847308875093,1,1567.1079143818315,1.0,1.0
2026-03-22T21:10:07.745-306470-287469,230,true,1.097884110489131,1,1566.0100302713424,1.0,0.633
2026-03-22T21:10:07.745-306470-287469,279,false,0.1766828915579233,1,1566.0100302713424,1.0,1.0
2026-03-22T21:10:07.745-306470-287469,878,false,37.893905705842805,1,1566.0100302713424,1.0,1.0
2026-03-22T21:10:07.745-306470-287469,170,false,6.0598855660431985,1,1566.0100302713424,1.0,1.0
2026-03-22T21:10:07.745-306470-287469,435,false,2.1032155045660823,1,1566.0100302713424,1.0,1.0
2026-03-22T21:10:07.745-306470-287469,899,false,9.116765057183217,1,1566.0100302713424,1.0,1.0
2026-03-22T21:10:07.745-306470-287469,405,false,10.511290207292642,1,1566.0100302713424,1.0,1.0
2026-03-22T21:10:07.745-306470-287469,73,false,0.09283470484586283,1,1566.0100302713424,1.0,1.0
2026-03-22T21:10:07.745-306470-287469,993,true,3.9245406743142945,1,1562.085489597028,1.0,0.6599999999999999
2026-03-22T21:10:07.745-306470-287469,823,false,5.69883308060338,1,1562.085489597028,1.0,1.0
2026-03-22T21:10:07.745-306470-287469,846,false,4.693403897077417,1,1562.085489597028,1.0,1.0
2026-03-22T21:10:07.745-306470-287469,818,false,1.7602889133135582,1,1562.085489597028,1.0,1.0
2026-03-22T21:10:07.745-306470-287469,65,false,0.05488676644312715,1,1562.085489597028,1.0,1.0
2026-03-22T21:10:07.745-306470-287469,612,false,4.012344632584229,1,1562.085489597028,1.0,1.0
2026-03-22T21:10:07.745-306470-287469,319,false,1.7877689708490898,1,1562.085489597028,1.0,1.0
2026-03-22T21:10:07.745-306470-287469,412,true,0.23987962510358468,1,1561.8456099719244,1.0,0.0
2026-03-22T21:10:07.745-306470-287469,64,true,1003.3983698421481,1,558.4472401297763,1.0,0.28300000000000003
2026-03-22T21:10:07.745-306470-287469,661,false,11.839191078901209,1,558.4472401297763,1.0,1.0
2026-03-22T21:10:07.745-306470-287469,658,false,0.3174819431400819,1,558.4472401297763,1.0,1.0
2026-03-22T21:10:07.745-306470-287469,308,false,1.2845865823800504,1,558.4472401297763,1.0,1.0
2026-03-22T21:10:07.745-306470-287469,963,false,5.685757082300936,1,558.4472401297763,1.0,1.0
2026-03-22T21:10:07.745-306470-287469,669,false,6.3860327076677965,1,558.4472401297763,1.0,1.0
2026-03-22T21:10:07.745-306470-287469,140,true,5.33642439711018,1,553.1108157326662,1.0,0.7989999999999999
2026-03-22T21:10:07.745-306470-287469,45,true,6.039441871695574,1,547.0713738609707,1.0,0.0
2026-03-22T21:10:07.745-306470-287469,625,false,5.391632070335249,1,547.0713738609707,1.0,1.0
2026-03-22T21:10:07.745-306470-287469,606,false,14.345474578554846,1,547.0713738609707,1.0,1.0
2026-03-22T21:10:07.745-306470-287469,354,true,283.578663462563,1,263.49271039840767,1.0,0.836
2026-03-22T21:10:07.745-306470-287469,597,false,2.0197122507243197,1,263.49271039840767,1.0,1.0
2026-03-22T21:10:07.745-306470-287469,125,false,12.067762227650917,1,263.49271039840767,1.0,1.0
2026-03-22T21:10:07.745-306470-287469,483,false,0.3483441502008498,1,263.49271039840767,1.0,1.0
2026-03-22T21:10:07.745-306470-287469,957,false,2.967068374822296,1,263.49271039840767,1.0,1.0
2026-03-22T21:10:07.745-306470-287469,536,false,9.22690854628826,1,263.49271039840767,1.0,1.0
2026-03-22T21:10:07.745-306470-287469,584,false,6.725582750539876,1,263.49271039840767,1.0,1.0
2026-03-22T21:10:07.745-306470-287469,789,false,0.05064122161378792,1,263.49271039840767,1.0,1.0
2026-03-22T21:10:07.745-306470-287469,644,false,0.996059266092826,1,263.49271039840767,1.0,1.0
2026-03-22T21:10:07.745-306470-287469,558,false,0.24352869896499307,1,263.49271039840767,1.0,1.0
2026-03-22T21:10:07.745-306470-287469,705,false,13.264646526632497,1,263.49271039840767,1.0,1.0
2026-03-22T21:10:07.745-306470-287469,219,false,0.43789551561015605,1,263.49271039840767,1.0,1.0
2026-03-22T21:10:07.745-306470-287469,650,false,0.722948475765998,1,263.49271039840767,1.0,1.0
2026-03-22T21:10:07.745-306470-287469,980,true,42.097403288491776,1,221.3953071099159,1.0,0.0
2026-03-22T21:10:07.745-306470-287469,211,false,10.938211865199687,1,221.3953071099159,1.0,1.0
2026-03-22T21:10:07.745-306470-287469,872,false,1.6228817542088751,1,221.3953071099159,1.0,1.0
2026-03-22T21:10:07.745-306470-287469,121,false,3.469653042365534,1,221.3953071099159,1.0,1.0
2026-03-22T21:10:07.745-306470-287469,109,false,26.068164709130368,1,221.3953071099159,1.0,1.0
2026-03-22T21:10:07.745-306470-287469,123,false,0.5155245538950954,1,221.3953071099159,1.0,1.0
2026-03-22T21:10:07.745-306470-287469,169,false,0.3118177453300579,1,221.3953071099159,1.0,1.0
2026-03-22T21:10:07.745-306470-287469,708,false,0.05534536878911964,1,221.3953071099159,1.0,1.0
2026-03-22T21:10:07.745-306470-287469,23,false,60.095643371151986,1,221.3953071099159,1.0,1.0
2026-03-22T21:10:07.745-306470-287469,296,false,0.7194793597328828,1,221.3953071099159,1.0,1.0
2026-03-22T21:10:07.745-306470-287469,153,false,18.643307029396503,1,221.3953071099159,1.0,1.0
2026-03-22T21:10:07.745-306470-287469,372,false,0.1312123751485949,1,221.3953071099159,1.0,1.0
2026-03-22T21:10:07.745-306470-287469,646,false,2.1661090203783884,1,221.3953071099159,1.0,1.0
2026-03-22T21:10:07.745-306470-287469,682,false,1.1785670375668245,1,221.3953071099159,1.0,1.0
2026-03-22T21:10:07.745-306470-287469,619,false,4.36996564196784,1,221.3953071099159,1.0,1.0
2026-03-22T21:10:07.745-306470-287469,910,true,4.533739606076606,1,216.8615675038393,1.0,0.0010000000000000009
2026-03-22T21:10:07.745-306470-287469,720,false,53.59331736018206,1,216.8615675038393,1.0,1.0
2026-03-22T21:10:07.745-306470-287469,398,false,1.003428576904679,1,216.8615675038393,1.0,1.0
2026-03-22T21:10:07.745-306470-287469,815,false,3.5439446100671446,1,216.8615675038393,1.0,1.0
2026-03-22T21:10:07.745-306470-287469,685,false,1.1797255678877767,1,216.8615675038393,1.0,1.0
2026-03-22T21:10:07.745-306470-287469,205,false,367.28280115241216,1,216.8615675038393,1.0,1.0
2026-03-22T21:10:07.745-306470-287469,56,true,10.369304915353334,1,206.49226258848597,1.0,0.0
2026-03-22T21:10:07.745-306470-287469,394,false,2.3005984599798843,1,206.49226258848597,1.0,1.0
2026-03-22T21:10:07.745-306470-287469,819,false,17.378061756591084,1,206.49226258848597,1.0,1.0
2026-03-22T21:10:07.745-306470-287469,749,true,1.8184092543777732,1,204.6738533341082,1.0,0.0
2026-03-22T21:10:07.745-306470-287469,128,false,194.05793048972942,1,204.6738533341082,1.0,1.0
2026-03-22T21:10:07.745-306470-287469,950,false,75.52445293280842,1,204.6738533341082,1.0,1.0
2026-03-22T21:10:07.745-306470-287469,766,false,0.14418700430507822,1,204.6738533341082,1.0,1.0
2026-03-22T21:10:07.745-306470-287469,76,false,7.413929089387639,1,204.6738533341082,1.0,1.0
2026-03-22T21:10:07.745-306470-287469,248,true,1.0607612482626902,1,203.61309208584552,1.0,0.652
2026-03-22T21:10:07.745-306470-287469,160,false,0.04206598492700165,1,203.61309208584552,1.0,1.0
2026-03-22T21:10:07.745-306470-287469,496,false,0.033642706619330214,1,203.61309208584552,1.0,1.0
2026-03-22T21:10:07.745-306470-287469,616,false,0.8534796085752742,1,203.61309208584552,1.0,1.0
2026-03-22T21:10:07.745-306470-287469,9,false,6.029728895389115,1,203.61309208584552,1.0,1.0
2026-03-22T21:10:07.745-306470-287469,892,false,2.401251665979939,1,203.61309208584552,1.0,1.0
2026-03-22T21:10:07.745-306470-287469,746,true,530.9294248355461,1,-327.31633274970056,1.0,0.0
