2026-03-22T21:10:07.745-306470-490675,910,false,4.533739606076606,1,3787.7996228866327,1.0,1.0
2026-03-22T21:10:07.745-306470-490675,56,false,10.369304915353334,1,3787.7996228866327,1.0,1.0
2026-03-22T21:10:07.745-306470-490675,808,false,0.7488619818931175,1,3787.7996228866327,1.0,1.0
2026-03-22T21:10:07.745-306470-490675,727,false,1.1204082481203061,1,3787.7996228866327,1.0,1.0
2026-03-22T21:10:07.745-306470-490675,561,false,0.07829341118950092,1,3787.7996228866327,1.0,1.0
2026-03-22T21:10:07.745-306470-490675,735,false,1.8118306498799317,1,3787.7996228866327,1.0,1.0
2026-03-22T21:10:07.745-306470-490675,120,false,72.96060585941831,1,3787.7996228866327,1.0,1.0
2026-03-22T21:10:07.745-306470-490675,420,false,1.8903647144968851,1,3787.7996228866327,1.0,1.0
2026-03-22T21:10:07.745-306470-490675,884,false,62.50942611349904,1,3787.7996228866327,1.0,1.0
2026-03-22T21:10:07.745-306470-490675,60,false,10.357140109420689,1,3787.7996228866327,1.0,1.0
2026-03-22T21:10:07.745-306470-490675,252,false,230.64991828468118,1,3787.7996228866327,1.0,1.0
2026-03-22T21:10:07.745-306470-490675,619,false,4.36996564196784,1,3787.7996228866327,1.0,1.0
2026-03-22T21:10:07.745-306470-490675,782,false,0.5544847308875093,1,3787.7996228866327,1.0,1.0
2026-03-22T21:10:07.745-306470-490675,656,false,0.03195021195350039,1,3787.7996228866327,1.0,1.0
2026-03-22T21:10:07.745-306470-490675,533,false,0.31064950490456106,1,3787.7996228866327,1.0,1.0
2026-03-22T21:10:07.745-306470-490675,377,false,7.288170172607094,1,3787.7996228866327,1.0,1.0
2026-03-22T21:10:07.745-306470-490675,508,false,5.256645283450104,1,3787.7996228866327,1.0,1.0
2026-03-22T21:10:07.745-306470-490675,636,false,0.09469994089354804,1,3787.7996228866327,1.0,1.0
2026-03-22T21:10:07.745-306470-490675,469,false,2.463492009869665,1,3787.7996228866327,1.0,1.0
2026-03-22T21:10:07.745-306470-490675,100,false,5.76893769850646,1,3787.7996228866327,1.0,1.0
2026-03-22T21:10:07.745-306470-490675,503,false,2.4883993676744356,1,3787.7996228866327,1.0,1.0
2026-03-22T21:10:07.745-306470-490675,102,false,0.06230335906278018,1,3787.7996228866327,1.0,1.0
2026-03-22T21:10:07.745-306470-490675,412,false,0.23987962510358468,1,3787.7996228866327,1.0,1.0
2026-03-22T21:10:07.745-306470-490675,371,false,1.592932722278015,1,3787.7996228866327,1.0,1.0
2026-03-22T21:10:07.745-306470-490675,118,false,27.778138912022158,1,3787.7996228866327,1.0,1.0
2026-03-22T21:10:07.745-306470-490675,81,false,3.6083161831112225,1,3787.7996228866327,1.0,1.0
2026-03-22T21:10:07.745-306470-490675,15,false,5.549072958941276,1,3787.7996228866327,1.0,1.0
2026-03-22T21:10:07.745-306470-490675,479,false,0.19130410638430131,1,3787.7996228866327,1.0,1.0
2026-03-22T21:10:07.745-306470-490675,923,false,0.4861149254512584,1,3787.7996228866327,1.0,1.0
2026-03-22T21:10:07.745-306470-490675,575,false,10.176147192667488,1,3787.7996228866327,1.0,1.0
2026-03-22T21:10:07.745-306470-490675,623,true,8.999881810297213,1,3778.7997410763355,1.0,0.878
2026-03-22T21:10:07.745-306470-490675,640,false,77.87983532800666,1,3778.7997410763355,1.0,1.0
2026-03-22T21:10:07.745-306470-490675,274,false,35.691223749967016,1,3778.7997410763355,1.0,1.0
2026-03-22T21:10:07.745-306470-490675,589,false,4.035788350392673,1,3778.7997410763355,1.0,1.0
2026-03-22T21:10:07.745-306470-490675,387,false,0.044152738554869134,1,3778.7997410763355,1.0,1.0
2026-03-22T21:10:07.745-306470-490675,305,false,3.3417503689299273,1,3778.7997410763355,1.0,1.0
2026-03-22T21:10:07.745-306470-490675,911,false,6.637812936607587,1,3778.7997410763355,1.0,1.0
2026-03-22T21:10:07.745-306470-490675,595,false,0.25036271556000417,1,3778.7997410763355,1.0,1.0
2026-03-22T21:10:07.745-306470-490675,800,false,0.11201984645373907,1,3778.7997410763355,1.0,1.0
2026-03-22T21:10:07.745-306470-490675,563,false,0.5342095157997273,1,3778.7997410763355,1.0,1.0
2026-03-22T21:10:07.745-306470-490675,650,false,0.722948475765998,1,3778.7997410763355,1.0,1.0
2026-03-22T21:10:07.745-306470-490675,670,false,625.308218570759,1,3778.7997410763355,1.0,1.0
2026-03-22T21:10:07.745-306470-490675,968,false,10.487062002740053,1,3778.7997410763355,1.0,1.0
2026-03-22T21:10:07.745-306470-490675,715,false,0.5805359586762262,1,3778.7997410763355,1.0,1.0
2026-03-22T21:10:07.745-306470-490675,64,false,1003.3983698421481,1,3778.7997410763355,1.0,1.0
2026-03-22T21:10:07.745-306470-490675,662,false,6.734476280565104,1,3778.7997410763355,1.0,1.0
2026-03-22T21:10:07.745-306470-490675,92,false,26.823404580350786,1,3778.7997410763355,1.0,1.0
2026-03-22T21:10:07.745-306470-490675,247,false,0.3846769242194851,1,3778.7997410763355,1.0,1.0
2026-03-22T21:10:07.745-306470-490675,681,false,119.81483285254616,1,3778.7997410763355,1.0,1.0
2026-03-22T21:10:07.745-306470-490675,734,false,36.42537221817004,1,3778.7997410763355,1.0,1.0
2026-03-22T21:10:07.745-306470-490675,841,false,2.3866864036032576,1,3778.7997410763355,1.0,1.0
2026-03-22T21:10:07.745-306470-490675,834,false,1.5132900964003355,1,3778.7997410763355,1.0,1.0
2026-03-22T21:10:07.745-306470-490675,99,false,2.2062933136101495,1,3778.7997410763355,1.0,1.0
2026-03-22T21:10:07.745-306470-490675,17,false,0.5495094748343455,1,3778.7997410763355,1.0,1.0
2026-03-22T21:10:07.745-306470-490675,688,false,0.20622507655104916,1,3778.7997410763355,1.0,1.0
2026-03-22T21:10:07.745-306470-490675,68,false,135.37332318380902,1,3778.7997410763355,1.0,1.0
2026-03-22T21:10:07.745-306470-490675,489,false,4.751605922822709,1,3778.7997410763355,1.0,1.0
2026-03-22T21:10:07.745-306470-490675,301,false,0.10997988831273817,1,3778.7997410763355,1.0,1.0
2026-03-22T21:10:07.745-306470-490675,829,false,0.32931524263334905,1,3778.7997410763355,1.0,1.0
2026-03-22T21:10:07.745-306470-490675,765,false,21.73123682568564,1,3778.7997410763355,1.0,1.0
2026-03-22T21:10:07.745-306470-490675,702,false,6.953843122723019,1,3778.7997410763355,1.0,1.0
2026-03-22T21:10:07.745-306470-490675,355,true,26.275651988256634,1,3752.524089088079,1.0,0.847
2026-03-22T21:10:07.745-306470-490675,754,false,0.021268799123955504,1,3752.524089088079,1.0,1.0
2026-03-22T21:10:07.745-306470-490675,973,false,0.20512868049730074,1,3752.524089088079,1.0,1.0
2026-03-22T21:10:07.745-306470-490675,415,false,11.016944525600023,1,3752.524089088079,1.0,1.0
2026-03-22T21:10:07.745-306470-490675,874,false,51.43370886852584,1,3752.524089088079,1.0,1.0
2026-03-22T21:10:07.745-306470-490675,510,false,8.704248806404658,1,3752.524089088079,1.0,1.0
2026-03-22T21:10:07.745-306470-490675,365,false,1.116581196818153,1,3752.524089088079,1.0,1.0
2026-03-22T21:10:07.745-306470-490675,647,false,366.1899320062711,1,3752.524089088079,1.0,1.0
2026-03-22T21:10:07.745-306470-490675,434,false,29.324527484708423,1,3752.524089088079,1.0,1.0
2026-03-22T21:10:07.745-306470-490675,345,false,2.671105252761055,1,3752.524089088079,1.0,1.0
2026-03-22T21:10:07.745-306470-490675,300,false,37.505580757926985,1,3752.524089088079,1.0,1.0
2026-03-22T21:10:07.745-306470-490675,476,false,26.869020476116994,1,3752.524089088079,1.0,1.0
2026-03-22T21:10:07.745-306470-490675,813,false,5.305981136014729,1,3752.524089088079,1.0,1.0
2026-03-22T21:10:07.745-306470-490675,552,false,0.20739542481139808,1,3752.524089088079,1.0,1.0
2026-03-22T21:10:07.745-306470-490675,581,false,11.569052850267655,1,3752.524089088079,1.0,1.0
2026-03-22T21:10:07.745-306470-490675,870,false,13.92643655504969,1,3752.524089088079,1.0,1.0
2026-03-22T21:10:07.745-306470-490675,555,false,0.9864431382896695,1,3752.524089088079,1.0,1.0
2026-03-22T21:10:07.745-306470-490675,190,false,3.422576016019273,1,3752.524089088079,1.0,1.0
2026-03-22T21:10:07.745-306470-490675,43,false,0.06450510407441125,1,3752.524089088079,1.0,1.0
2026-03-22T21:10:07.745-306470-490675,700,false,0.9815082009763765,1,3752.524089088079,1.0,1.0
2026-03-22T21:10:07.745-306470-490675,392,false,12.865099065056526,1,3752.524089088079,1.0,1.0
2026-03-22T21:10:07.745-306470-490675,707,false,15.027442065047188,1,3752.524089088079,1.0,1.0
2026-03-22T21:10:07.745-306470-490675,927,false,4.545312483805656,1,3752.524089088079,1.0,1.0
2026-03-22T21:10:07.745-306470-490675,519,false,15.170868353583767,1,3752.524089088079,1.0,1.0
2026-03-22T21:10:07.745-306470-490675,88,false,0.9538390977761277,1,3752.524089088079,1.0,1.0
2026-03-22T21:10:07.745-306470-490675,390,false,12.881360498658927,1,3752.524089088079,1.0,1.0
2026-03-22T21:10:07.745-306470-490675,317,false,5.290739221110133,1,3752.524089088079,1.0,1.0
2026-03-22T21:10:07.745-306470-490675,131,false,0.28756589229586865,1,3752.524089088079,1.0,1.0
2026-03-22T21:10:07.745-306470-490675,583,false,0.47255342084547347,1,3752.524089088079,1.0,1.0
2026-03-22T21:10:07.745-306470-490675,579,false,1.8953827604500444,1,3752.524089088079,1.0,1.0
2026-03-22T21:10:07.745-306470-490675,606,false,14.345474578554846,1,3752.524089088079,1.0,1.0
2026-03-22T21:10:07.745-306470-490675,942,false,0.9699990236057043,1,3752.524089088079,1.0,1.0
2026-03-22T21:10:07.745-306470-490675,529,false,142.864614082296,1,3752.524089088079,1.0,1.0
2026-03-22T21:10:07.745-306470-490675,772,false,3.2006544061854645,1,3752.524089088079,1.0,1.0
2026-03-22T21:10:07.745-306470-490675,524,false,0.49723989499261106,1,3752.524089088079,1.0,1.0
2026-03-22T21:10:07.745-306470-490675,816,false,11.959006375859996,1,3752.524089088079,1.0,1.0
2026-03-22T21:10:07.745-306470-490675,47,false,11.43265242967136,1,3752.524089088079,1.0,1.0
2026-03-22T21:10:07.745-306470-490675,796,false,5.296841494322285,1,3752.524089088079,1.0,1.0
2026-03-22T21:10:07.745-306470-490675,873,false,4.36392170278445,1,3752.524089088079,1.0,1.0
2026-03-22T21:10:07.745-306470-490675,763,false,113.8241939449071,1,3752.524089088079,1.0,1.0
2026-03-22T21:10:07.745-306470-490675,706,false,3.9740126421726716,1,3752.524089088079,1.0,1.0
2026-03-22T21:10:07.745-306470-490675,954,false,0.5807726229686939,1,3752.524089088079,1.0,1.0
2026-03-22T21:10:07.745-306470-490675,498,false,0.39897788561502173,1,3752.524089088079,1.0,1.0
2026-03-22T21:10:07.745-306470-490675,675,false,14.197713609696955,1,3752.524089088079,1.0,1.0
2026-03-22T21:10:07.745-306470-490675,262,false,0.23324723032993494,1,3752.524089088079,1.0,1.0
2026-03-22T21:10:07.745-306470-490675,111,false,1.9777600701257851,1,3752.524089088079,1.0,1.0
2026-03-22T21:10:07.745-306470-490675,461,false,30.774600582124464,1,3752.524089088079,1.0,1.0
2026-03-22T21:10:07.745-306470-490675,528,false,3.986495985669932,1,3752.524089088079,1.0,1.0
2026-03-22T21:10:07.745-306470-490675,811,false,11.659650549678403,1,3752.524089088079,1.0,1.0
2026-03-22T21:10:07.745-306470-490675,236,false,0.467543936738564,1,3752.524089088079,1.0,1.0
2026-03-22T21:10:07.745-306470-490675,578,false,3.4694400397007783,1,3752.524089088079,1.0,1.0
2026-03-22T21:10:07.745-306470-490675,2,false,1.0124591892564863,1,3752.524089088079,1.0,1.0
2026-03-22T21:10:07.745-306470-490675,865,false,0.41899918025535715,1,3752.524089088079,1.0,1.0
2026-03-22T21:10:07.745-306470-490675,982,false,221.78476836325953,1,3752.524089088079,1.0,1.0
2026-03-22T21:10:07.745-306470-490675,783,false,4.011973209070208,1,3752.524089088079,1.0,1.0
2026-03-22T21:10:07.745-306470-490675,842,false,4.76612426918816,1,3752.524089088079,1.0,1.0
2026-03-22T21:10:07.745-306470-490675,418,false,0.0808033348347085,1,3752.524089088079,1.0,1.0
2026-03-22T21:10:07.745-306470-490675,139,false,17.256676704484274,1,3752.524089088079,1.0,1.0
2026-03-22T21:10:07.745-306470-490675,701,false,2.7656655586551953,1,3752.524089088079,1.0,1.0
2026-03-22T21:10:07.745-306470-490675,477,false,1.8720141602294003,1,3752.524089088079,1.0,1.0
2026-03-22T21:10:07.745-306470-490675,232,false,2.984225027709407,1,3752.524089088079,1.0,1.0
2026-03-22T21:10:07.745-306470-490675,46,false,1.3882501355943115,1,3752.524089088079,1.0,1.0
2026-03-22T21:10:07.745-306470-490675,191,false,4.577386957734968,1,3752.524089088079,1.0,1.0
2026-03-22T21:10:07.745-306470-490675,171,false,6.698158723421939,1,3752.524089088079,1.0,1.0
2026-03-22T21:10:07.745-306470-490675,79,false,12.451972867349944,1,3752.524089088079,1.0,1.0
2026-03-22T21:10:07.745-306470-490675,165,false,1.510451896666136,1,3752.524089088079,1.0,1.0
2026-03-22T21:10:07.745-306470-490675,573,false,0.7584684496944787,1,3752.524089088079,1.0,1.0
2026-03-22T21:10:07.745-306470-490675,223,false,8.148812651754643,1,3752.524089088079,1.0,1.0
2026-03-22T21:10:07.745-306470-490675,269,false,0.9723370566230961,1,3752.524089088079,1.0,1.0
2026-03-22T21:10:07.745-306470-490675,230,false,1.097884110489131,1,3752.524089088079,1.0,1.0
2026-03-22T21:10:07.745-306470-490675,442,false,0.9109675938963316,1,3752.524089088079,1.0,1.0
2026-03-22T21:10:07.745-306470-490675,877,false,11.543668360175932,1,3752.524089088079,1.0,1.0
2026-03-22T21:10:07.745-306470-490675,261,false,0.286426624931226,1,3752.524089088079,1.0,1.0
2026-03-22T21:10:07.745-306470-490675,472,false,2.1501620518842617,1,3752.524089088079,1.0,1.0
2026-03-22T21:10:07.745-306470-490675,684,false,0.4447616830484702,1,3752.524089088079,1.0,1.0
2026-03-22T21:10:07.745-306470-490675,414,false,4.237111267138292,1,3752.524089088079,1.0,1.0
2026-03-22T21:10:07.745-306470-490675,117,false,26.550821844845046,1,3752.524089088079,1.0,1.0
2026-03-22T21:10:07.745-306470-490675,515,false,2.725152655368621,1,3752.524089088079,1.0,1.0
2026-03-22T21:10:07.745-306470-490675,349,true,8.289081745103758,1,3744.235007342975,1.0,0.8200000000000001
2026-03-22T21:10:07.745-306470-490675,448,false,4.6332953878277685,1,3744.235007342975,1.0,1.0
2026-03-22T21:10:07.745-306470-490675,551,false,0.5623048452335656,1,3744.235007342975,1.0,1.0
2026-03-22T21:10:07.745-306470-490675,514,false,1.9506934811605745,1,3744.235007342975,1.0,1.0
2026-03-22T21:10:07.745-306470-490675,255,false,8.680903616536261,1,3744.235007342975,1.0,1.0
2026-03-22T21:10:07.745-306470-490675,427,false,4.559022688985615,1,3744.235007342975,1.0,1.0
2026-03-22T21:10:07.745-306470-490675,148,false,1.9681022372112063,1,3744.235007342975,1.0,1.0
2026-03-22T21:10:07.745-306470-490675,163,false,0.6799890255066504,1,3744.235007342975,1.0,1.0
2026-03-22T21:10:07.745-306470-490675,494,false,22.755797026822446,1,3744.235007342975,1.0,1.0
2026-03-22T21:10:07.745-306470-490675,591,false,5.1711690693675445,1,3744.235007342975,1.0,1.0
2026-03-22T21:10:07.745-306470-490675,179,false,1.0421093144407143,1,3744.235007342975,1.0,1.0
2026-03-22T21:10:07.745-306470-490675,460,false,8.851710425112769,1,3744.235007342975,1.0,1.0
2026-03-22T21:10:07.745-306470-490675,687,false,247.956147042013,1,3744.235007342975,1.0,1.0
2026-03-22T21:10:07.745-306470-490675,308,false,1.2845865823800504,1,3744.235007342975,1.0,1.0
2026-03-22T21:10:07.745-306470-490675,481,false,10.398254971784251,1,3744.235007342975,1.0,1.0
2026-03-22T21:10:07.745-306470-490675,28,false,11.946692974892677,1,3744.235007342975,1.0,1.0
2026-03-22T21:10:07.745-306470-490675,431,false,9.636878688320458,1,3744.235007342975,1.0,1.0
2026-03-22T21:10:07.745-306470-490675,545,true,12.720940892557447,1,3731.514066450418,1.0,0.6990000000000001
2026-03-22T21:10:07.745-306470-490675,823,false,5.69883308060338,1,3731.514066450418,1.0,1.0
2026-03-22T21:10:07.745-306470-490675,999,false,3.425707161192764,1,3731.514066450418,1.0,1.0
2026-03-22T21:10:07.745-306470-490675,500,false,14.726795896469453,1,3731.514066450418,1.0,1.0
2026-03-22T21:10:07.745-306470-490675,629,false,0.9826042962796956,1,3731.514066450418,1.0,1.0
2026-03-22T21:10:07.745-306470-490675,666,false,0.6638759988897446,1,3731.514066450418,1.0,1.0
2026-03-22T21:10:07.745-306470-490675,807,false,5.750370924626885,1,3731.514066450418,1.0,1.0
2026-03-22T21:10:07.745-306470-490675,898,false,0.6061786945836426,1,3731.514066450418,1.0,1.0
2026-03-22T21:10:07.745-306470-490675,986,false,0.36403196262857884,1,3731.514066450418,1.0,1.0
2026-03-22T21:10:07.745-306470-490675,396,false,194.26471149346614,1,3731.514066450418,1.0,1.0
2026-03-22T21:10:07.745-306470-490675,615,false,3.191490124315299,1,3731.514066450418,1.0,1.0
2026-03-22T21:10:07.745-306470-490675,592,false,2.3273183654178706,1,3731.514066450418,1.0,1.0
2026-03-22T21:10:07.745-306470-490675,170,false,6.0598855660431985,1,3731.514066450418,1.0,1.0
2026-03-22T21:10:07.745-306470-490675,89,false,27.771071568774744,1,3731.514066450418,1.0,1.0
2026-03-22T21:10:07.745-306470-490675,574,false,0.5109347299637149,1,3731.514066450418,1.0,1.0
2026-03-22T21:10:07.745-306470-490675,463,false,1.2331278327027386,1,3731.514066450418,1.0,1.0
2026-03-22T21:10:07.745-306470-490675,96,false,0.16533682114147255,1,3731.514066450418,1.0,1.0
2026-03-22T21:10:07.745-306470-490675,264,false,3.856674416516124,1,3731.514066450418,1.0,1.0
2026-03-22T21:10:07.745-306470-490675,959,false,0.643815378374547,1,3731.514066450418,1.0,1.0
2026-03-22T21:10:07.745-306470-490675,918,false,0.7484230400420523,1,3731.514066450418,1.0,1.0
2026-03-22T21:10:07.745-306470-490675,208,false,1.792909346771138,1,3731.514066450418,1.0,1.0
2026-03-22T21:10:07.745-306470-490675,967,false,2.025820662974894,1,3731.514066450418,1.0,1.0
2026-03-22T21:10:07.745-306470-490675,518,false,6.800830742882721,1,3731.514066450418,1.0,1.0
2026-03-22T21:10:07.745-306470-490675,926,false,19.948291597759432,1,3731.514066450418,1.0,1.0
2026-03-22T21:10:07.745-306470-490675,37,false,0.14364650480864144,1,3731.514066450418,1.0,1.0
2026-03-22T21:10:07.745-306470-490675,742,false,90.07470430648573,1,3731.514066450418,1.0,1.0
2026-03-22T21:10:07.745-306470-490675,104,false,3.172921096196889,1,3731.514066450418,1.0,1.0
2026-03-22T21:10:07.745-306470-490675,93,false,0.3241540922357982,1,3731.514066450418,1.0,1.0
2026-03-22T21:10:07.745-306470-490675,451,false,4.529763192042366,1,3731.514066450418,1.0,1.0
2026-03-22T21:10:07.745-306470-490675,914,false,0.26738008621909565,1,3731.514066450418,1.0,1.0
2026-03-22T21:10:07.745-306470-490675,931,false,1.2164141362026724,1,3731.514066450418,1.0,1.0
2026-03-22T21:10:07.745-306470-490675,430,false,30.886374669280794,1,3731.514066450418,1.0,1.0
2026-03-22T21:10:07.745-306470-490675,175,false,22.63632166353267,1,3731.514066450418,1.0,1.0
2026-03-22T21:10:07.745-306470-490675,73,false,0.09283470484586283,1,3731.514066450418,1.0,1.0
2026-03-22T21:10:07.745-306470-490675,67,false,1.9225615212459348,1,3731.514066450418,1.0,1.0
2026-03-22T21:10:07.745-306470-490675,744,false,1.1424477872794117,1,3731.514066450418,1.0,1.0
2026-03-22T21:10:07.745-306470-490675,128,false,194.05793048972942,1,3731.514066450418,1.0,1.0
2026-03-22T21:10:07.745-306470-490675,620,true,5.115909708369531,1,3726.3981567420483,1.0,0.843
2026-03-22T21:10:07.745-306470-490675,980,false,42.097403288491776,1,3726.3981567420483,1.0,1.0
2026-03-22T21:10:07.745-306470-490675,57,false,134.850121560006,1,3726.3981567420483,1.0,1.0
2026-03-22T21:10:07.745-306470-490675,866,false,81.58036258906012,1,3726.3981567420483,1.0,1.0
2026-03-22T21:10:07.745-306470-490675,649,false,7.751932969075615,1,3726.3981567420483,1.0,1.0
2026-03-22T21:10:07.745-306470-490675,126,false,73.67876201600684,1,3726.3981567420483,1.0,1.0
2026-03-22T21:10:07.745-306470-490675,731,false,3.001995721241173,1,3726.3981567420483,1.0,1.0
2026-03-22T21:10:07.745-306470-490675,417,false,69.99531840381661,1,3726.3981567420483,1.0,1.0
2026-03-22T21:10:07.745-306470-490675,665,false,29.264896235904246,1,3726.3981567420483,1.0,1.0
2026-03-22T21:10:07.745-306470-490675,658,false,0.3174819431400819,1,3726.3981567420483,1.0,1.0
2026-03-22T21:10:07.745-306470-490675,904,false,31.8280786340371,1,3726.3981567420483,1.0,1.0
2026-03-22T21:10:07.745-306470-490675,25,false,1.6603879273351254,1,3726.3981567420483,1.0,1.0
2026-03-22T21:10:07.745-306470-490675,752,false,12.498404420709374,1,3726.3981567420483,1.0,1.0
2026-03-22T21:10:07.745-306470-490675,333,false,68.01633407807812,1,3726.3981567420483,1.0,1.0
2026-03-22T21:10:07.745-306470-490675,703,false,0.012616209526724067,1,3726.3981567420483,1.0,1.0
2026-03-22T21:10:07.745-306470-490675,493,false,15.244693019097742,1,3726.3981567420483,1.0,1.0
2026-03-22T21:10:07.745-306470-490675,297,false,31.645868289098672,1,3726.3981567420483,1.0,1.0
2026-03-22T21:10:07.745-306470-490675,995,false,20.228662378933162,1,3726.3981567420483,1.0,1.0
2026-03-22T21:10:07.745-306470-490675,228,false,2.699790914211555,1,3726.3981567420483,1.0,1.0
2026-03-22T21:10:07.745-306470-490675,167,false,31.831059063072242,1,3726.3981567420483,1.0,1.0
2026-03-22T21:10:07.745-306470-490675,889,false,10.745879665704397,1,3726.3981567420483,1.0,1.0
2026-03-22T21:10:07.745-306470-490675,212,false,17.9988619426128,1,3726.3981567420483,1.0,1.0
2026-03-22T21:10:07.745-306470-490675,154,false,41.91514973388657,1,3726.3981567420483,1.0,1.0
2026-03-22T21:10:07.745-306470-490675,159,false,1.7413703244044396,1,3726.3981567420483,1.0,1.0
2026-03-22T21:10:07.745-306470-490675,206,false,0.27705150962198616,1,3726.3981567420483,1.0,1.0
2026-03-22T21:10:07.745-306470-490675,122,false,0.17368332810494577,1,3726.3981567420483,1.0,1.0
2026-03-22T21:10:07.745-306470-490675,644,false,0.996059266092826,1,3726.3981567420483,1.0,1.0
2026-03-22T21:10:07.745-306470-490675,598,false,0.6895840117945236,1,3726.3981567420483,1.0,1.0
2026-03-22T21:10:07.745-306470-490675,321,false,0.9213799222847443,1,3726.3981567420483,1.0,1.0
2026-03-22T21:10:07.745-306470-490675,382,false,2.356571815478851,1,3726.3981567420483,1.0,1.0
2026-03-22T21:10:07.745-306470-490675,747,false,0.16325577720000348,1,3726.3981567420483,1.0,1.0
2026-03-22T21:10:07.745-306470-490675,610,false,2.0791419465417533,1,3726.3981567420483,1.0,1.0
2026-03-22T21:10:07.745-306470-490675,470,false,1.9331524274057608,1,3726.3981567420483,1.0,1.0
2026-03-22T21:10:07.745-306470-490675,854,false,1.0827866944365476,1,3726.3981567420483,1.0,1.0
2026-03-22T21:10:07.745-306470-490675,975,false,15.56868815511087,1,3726.3981567420483,1.0,1.0
2026-03-22T21:10:07.745-306470-490675,303,false,0.3373616074628009,1,3726.3981567420483,1.0,1.0
2026-03-22T21:10:07.745-306470-490675,24,false,0.9511169574197609,1,3726.3981567420483,1.0,1.0
2026-03-22T21:10:07.745-306470-490675,801,false,5.257525356544034,1,3726.3981567420483,1.0,1.0
2026-03-22T21:10:07.745-306470-490675,378,false,5.034607478346039,1,3726.3981567420483,1.0,1.0
2026-03-22T21:10:07.745-306470-490675,679,false,1.1956580769093184,1,3726.3981567420483,1.0,1.0
2026-03-22T21:10:07.745-306470-490675,1,false,0.060853489437653875,1,3726.3981567420483,1.0,1.0
2026-03-22T21:10:07.745-306470-490675,691,false,6.938635260816487,1,3726.3981567420483,1.0,1.0
2026-03-22T21:10:07.745-306470-490675,413,false,12.205754981572179,1,3726.3981567420483,1.0,1.0
2026-03-22T21:10:07.745-306470-490675,648,false,0.7375975693849691,1,3726.3981567420483,1.0,1.0
2026-03-22T21:10:07.745-306470-490675,705,false,13.264646526632497,1,3726.3981567420483,1.0,1.0
2026-03-22T21:10:07.745-306470-490675,353,true,49.76455656474191,1,3676.6336001773066,1.0,0.031000000000000028
2026-03-22T21:10:07.745-306470-490675,626,true,4.109020871389726,1,3672.5245793059166,1.0,0.733
2026-03-22T21:10:07.745-306470-490675,39,false,60.65962720247165,1,3672.5245793059166,1.0,1.0
2026-03-22T21:10:07.745-306470-490675,219,false,0.43789551561015605,1,3672.5245793059166,1.0,1.0
2026-03-22T21:10:07.745-306470-490675,824,false,0.3435134803859159,1,3672.5245793059166,1.0,1.0
2026-03-22T21:10:07.745-306470-490675,115,false,60.039473450443445,1,3672.5245793059166,1.0,1.0
2026-03-22T21:10:07.745-306470-490675,233,false,1.2325526399242597,1,3672.5245793059166,1.0,1.0
2026-03-22T21:10:07.745-306470-490675,902,false,1.5558566035792196,1,3672.5245793059166,1.0,1.0
2026-03-22T21:10:07.745-306470-490675,403,false,14.134480708383549,1,3672.5245793059166,1.0,1.0
2026-03-22T21:10:07.745-306470-490675,360,false,43.72239693305552,1,3672.5245793059166,1.0,1.0
2026-03-22T21:10:07.745-306470-490675,59,false,0.3093909613051489,1,3672.5245793059166,1.0,1.0
2026-03-22T21:10:07.745-306470-490675,913,false,10.167485021492041,1,3672.5245793059166,1.0,1.0
2026-03-22T21:10:07.745-306470-490675,229,false,9.035327179191954,1,3672.5245793059166,1.0,1.0
2026-03-22T21:10:07.745-306470-490675,244,false,4.871743463986952,1,3672.5245793059166,1.0,1.0
2026-03-22T21:10:07.745-306470-490675,733,false,2.076527683894214,1,3672.5245793059166,1.0,1.0
2026-03-22T21:10:07.745-306470-490675,604,false,1.4297200609105818,1,3672.5245793059166,1.0,1.0
2026-03-22T21:10:07.745-306470-490675,293,false,0.029574496940839013,1,3672.5245793059166,1.0,1.0
2026-03-22T21:10:07.745-306470-490675,795,false,0.5436518153201697,1,3672.5245793059166,1.0,1.0
2026-03-22T21:10:07.745-306470-490675,466,false,17.388688675232753,1,3672.5245793059166,1.0,1.0
2026-03-22T21:10:07.745-306470-490675,121,false,3.469653042365534,1,3672.5245793059166,1.0,1.0
2026-03-22T21:10:07.745-306470-490675,504,false,4.010683042633171,1,3672.5245793059166,1.0,1.0
2026-03-22T21:10:07.745-306470-490675,61,false,12.923973535764643,1,3672.5245793059166,1.0,1.0
2026-03-22T21:10:07.745-306470-490675,270,false,0.019476600501962968,1,3672.5245793059166,1.0,1.0
2026-03-22T21:10:07.745-306470-490675,997,false,2.4631875252889692,1,3672.5245793059166,1.0,1.0
2026-03-22T21:10:07.745-306470-490675,822,false,6.965147211178522,1,3672.5245793059166,1.0,1.0
2026-03-22T21:10:07.745-306470-490675,130,false,64.14696482415461,1,3672.5245793059166,1.0,1.0
2026-03-22T21:10:07.745-306470-490675,309,false,32.822872226179186,1,3672.5245793059166,1.0,1.0
2026-03-22T21:10:07.745-306470-490675,616,false,0.8534796085752742,1,3672.5245793059166,1.0,1.0
2026-03-22T21:10:07.745-306470-490675,725,false,0.9514805343959227,1,3672.5245793059166,1.0,1.0
2026-03-22T21:10:07.745-306470-490675,65,false,0.05488676644312715,1,3672.5245793059166,1.0,1.0
2026-03-22T21:10:07.745-306470-490675,867,false,0.22015592607064807,1,3672.5245793059166,1.0,1.0
2026-03-22T21:10:07.745-306470-490675,265,false,0.2914708775861527,1,3672.5245793059166,1.0,1.0
2026-03-22T21:10:07.745-306470-490675,618,true,14.281261895443118,1,3658.2433174104735,1.0,0.714
2026-03-22T21:10:07.745-306470-490675,423,false,1.6191553111441812,1,3658.2433174104735,1.0,1.0
2026-03-22T21:10:07.745-306470-490675,204,false,116.18401696917167,1,3658.2433174104735,1.0,1.0
2026-03-22T21:10:07.745-306470-490675,951,false,0.15429205470033946,1,3658.2433174104735,1.0,1.0
2026-03-22T21:10:07.745-306470-490675,432,false,0.7196102942680269,1,3658.2433174104735,1.0,1.0
2026-03-22T21:10:07.745-306470-490675,737,false,5.370482639721943,1,3658.2433174104735,1.0,1.0
2026-03-22T21:10:07.745-306470-490675,901,false,70.20552919992775,1,3658.2433174104735,1.0,1.0
2026-03-22T21:10:07.745-306470-490675,375,false,20.728612056029192,1,3658.2433174104735,1.0,1.0
2026-03-22T21:10:07.745-306470-490675,672,false,0.17579732846357368,1,3658.2433174104735,1.0,1.0
2026-03-22T21:10:07.745-306470-490675,478,false,21.200282227171733,1,3658.2433174104735,1.0,1.0
2026-03-22T21:10:07.745-306470-490675,327,false,0.5765881955809888,1,3658.2433174104735,1.0,1.0
2026-03-22T21:10:07.745-306470-490675,34,true,0.3327569586722379,1,3657.9105604518013,1.0,0.962
2026-03-22T21:10:07.745-306470-490675,135,false,20.186392412414893,1,3657.9105604518013,1.0,1.0
2026-03-22T21:10:07.745-306470-490675,185,false,1.0547121104971822,1,3657.9105604518013,1.0,1.0
2026-03-22T21:10:07.745-306470-490675,23,false,60.095643371151986,1,3657.9105604518013,1.0,1.0
2026-03-22T21:10:07.745-306470-490675,956,false,2.573712937827829,1,3657.9105604518013,1.0,1.0
2026-03-22T21:10:07.745-306470-490675,302,false,1.1751499174072861,1,3657.9105604518013,1.0,1.0
2026-03-22T21:10:07.745-306470-490675,188,false,40.21729546529981,1,3657.9105604518013,1.0,1.0
2026-03-22T21:10:07.745-306470-490675,338,false,1.212278865334867,1,3657.9105604518013,1.0,1.0
2026-03-22T21:10:07.745-306470-490675,30,false,0.3334745028176119,1,3657.9105604518013,1.0,1.0
2026-03-22T21:10:07.745-306470-490675,680,false,1.135617982323655,1,3657.9105604518013,1.0,1.0
2026-03-22T21:10:07.745-306470-490675,292,false,1.6924924203953775,1,3657.9105604518013,1.0,1.0
2026-03-22T21:10:07.745-306470-490675,637,false,0.5172110881001936,1,3657.9105604518013,1.0,1.0
2026-03-22T21:10:07.745-306470-490675,769,false,5.3870555942556635,1,3657.9105604518013,1.0,1.0
2026-03-22T21:10:07.745-306470-490675,933,false,2.3880967005988283,1,3657.9105604518013,1.0,1.0
2026-03-22T21:10:07.745-306470-490675,35,true,10.737274935748232,1,3647.173285516053,1.0,0.843
2026-03-22T21:10:07.745-306470-490675,339,false,0.5784733012711613,1,3647.173285516053,1.0,1.0
2026-03-22T21:10:07.745-306470-490675,435,false,2.1032155045660823,1,3647.173285516053,1.0,1.0
2026-03-22T21:10:07.745-306470-490675,820,false,0.09046447223253465,1,3647.173285516053,1.0,1.0
2026-03-22T21:10:07.745-306470-490675,336,false,3.831674449109413,1,3647.173285516053,1.0,1.0
2026-03-22T21:10:07.745-306470-490675,210,false,29.169955904240016,1,3647.173285516053,1.0,1.0
2026-03-22T21:10:07.745-306470-490675,871,false,2.431989121827234,1,3647.173285516053,1.0,1.0
2026-03-22T21:10:07.745-306470-490675,835,false,0.7635874970834806,1,3647.173285516053,1.0,1.0
2026-03-22T21:10:07.745-306470-490675,398,false,1.003428576904679,1,3647.173285516053,1.0,1.0
2026-03-22T21:10:07.745-306470-490675,614,false,7.912480288416573,1,3647.173285516053,1.0,1.0
2026-03-22T21:10:07.745-306470-490675,972,false,3.0572204296131535,1,3647.173285516053,1.0,1.0
2026-03-22T21:10:07.745-306470-490675,298,false,0.05296599084730334,1,3647.173285516053,1.0,1.0
2026-03-22T21:10:07.745-306470-490675,921,false,0.5726227900955622,1,3647.173285516053,1.0,1.0
2026-03-22T21:10:07.745-306470-490675,49,false,33.66189461607885,1,3647.173285516053,1.0,1.0
2026-03-22T21:10:07.745-306470-490675,18,false,2.2919669564981997,1,3647.173285516053,1.0,1.0
2026-03-22T21:10:07.745-306470-490675,538,false,1.9098180710776809,1,3647.173285516053,1.0,1.0
2026-03-22T21:10:07.745-306470-490675,641,false,10.301094623264214,1,3647.173285516053,1.0,1.0
2026-03-22T21:10:07.745-306470-490675,454,false,116.11063762198752,1,3647.173285516053,1.0,1.0
2026-03-22T21:10:07.745-306470-490675,509,false,8.36905532157308,1,3647.173285516053,1.0,1.0
2026-03-22T21:10:07.745-306470-490675,134,false,1.0452943491984807,1,3647.173285516053,1.0,1.0
2026-03-22T21:10:07.745-306470-490675,523,false,0.6126708711117171,1,3647.173285516053,1.0,1.0
2026-03-22T21:10:07.745-306470-490675,457,false,5.081670120581521,1,3647.173285516053,1.0,1.0
2026-03-22T21:10:07.745-306470-490675,699,false,103.90465794300813,1,3647.173285516053,1.0,1.0
2026-03-22T21:10:07.745-306470-490675,804,false,13.455778463557413,1,3647.173285516053,1.0,1.0
2026-03-22T21:10:07.745-306470-490675,343,false,3.2888138402112763,1,3647.173285516053,1.0,1.0
2026-03-22T21:10:07.745-306470-490675,77,false,15.66875931812166,1,3647.173285516053,1.0,1.0
2026-03-22T21:10:07.745-306470-490675,780,false,24.167225288451817,1,3647.173285516053,1.0,1.0
2026-03-22T21:10:07.745-306470-490675,788,false,15.830847720775377,1,3647.173285516053,1.0,1.0
2026-03-22T21:10:07.745-306470-490675,743,false,3.08373755462726,1,3647.173285516053,1.0,1.0
2026-03-22T21:10:07.745-306470-490675,217,false,3.2905275582086038,1,3647.173285516053,1.0,1.0
2026-03-22T21:10:07.745-306470-490675,992,false,22.15047505680968,1,3647.173285516053,1.0,1.0
2026-03-22T21:10:07.745-306470-490675,325,false,0.21457795204963082,1,3647.173285516053,1.0,1.0
2026-03-22T21:10:07.745-306470-490675,857,false,9.532793179379055,1,3647.173285516053,1.0,1.0
2026-03-22T21:10:07.745-306470-490675,550,true,5.491331389662305,1,3641.681954126391,1.0,0.86
2026-03-22T21:10:07.745-306470-490675,633,false,1.6630833348522034,1,3641.681954126391,1.0,1.0
2026-03-22T21:10:07.745-306470-490675,395,false,11.67740482972294,1,3641.681954126391,1.0,1.0
2026-03-22T21:10:07.745-306470-490675,825,false,1.5907161102492082,1,3641.681954126391,1.0,1.0
2026-03-22T21:10:07.745-306470-490675,221,false,10.330938165985089,1,3641.681954126391,1.0,1.0
2026-03-22T21:10:07.745-306470-490675,746,false,530.9294248355461,1,3641.681954126391,1.0,1.0
2026-03-22T21:10:07.745-306470-490675,847,false,0.1285905610397327,1,3641.681954126391,1.0,1.0
2026-03-22T21:10:07.745-306470-490675,663,false,2.6589974846025775,1,3641.681954126391,1.0,1.0
2026-03-22T21:10:07.745-306470-490675,805,false,4.311311615672319,1,3641.681954126391,1.0,1.0
2026-03-22T21:10:07.745-306470-490675,166,false,0.8680981205375208,1,3641.681954126391,1.0,1.0
2026-03-22T21:10:07.745-306470-490675,174,false,0.023885703285328973,1,3641.681954126391,1.0,1.0
2026-03-22T21:10:07.745-306470-490675,966,false,0.4250529227303376,1,3641.681954126391,1.0,1.0
2026-03-22T21:10:07.745-306470-490675,419,false,2.3994749144695358,1,3641.681954126391,1.0,1.0
2026-03-22T21:10:07.745-306470-490675,937,false,3.5423542302853965,1,3641.681954126391,1.0,1.0
2026-03-22T21:10:07.745-306470-490675,945,true,119.85589148698486,1,3521.826062639406,1.0,0.683
2026-03-22T21:10:07.745-306470-490675,70,false,34.748084232236295,1,3521.826062639406,1.0,1.0
2026-03-22T21:10:07.745-306470-490675,107,false,0.8673396220707928,1,3521.826062639406,1.0,1.0
2026-03-22T21:10:07.745-306470-490675,717,false,0.17889547384518759,1,3521.826062639406,1.0,1.0
2026-03-22T21:10:07.745-306470-490675,711,false,13.269979292922441,1,3521.826062639406,1.0,1.0
2026-03-22T21:10:07.745-306470-490675,537,false,72.05439935673081,1,3521.826062639406,1.0,1.0
2026-03-22T21:10:07.745-306470-490675,981,false,0.15209048012309018,1,3521.826062639406,1.0,1.0
2026-03-22T21:10:07.745-306470-490675,299,false,2.0013570718939278,1,3521.826062639406,1.0,1.0
2026-03-22T21:10:07.745-306470-490675,356,true,36.50825415541735,1,3485.3178084839883,1.0,0.0010000000000000009
2026-03-22T21:10:07.745-306470-490675,379,false,0.9393965353710219,1,3485.3178084839883,1.0,1.0
2026-03-22T21:10:07.745-306470-490675,468,false,0.11019180790501877,1,3485.3178084839883,1.0,1.0
2026-03-22T21:10:07.745-306470-490675,888,false,4.8396936794983,1,3485.3178084839883,1.0,1.0
2026-03-22T21:10:07.745-306470-490675,584,false,6.725582750539876,1,3485.3178084839883,1.0,1.0
2026-03-22T21:10:07.745-306470-490675,491,false,13.645795027051577,1,3485.3178084839883,1.0,1.0
2026-03-22T21:10:07.745-306470-490675,263,false,1.7161496267862637,1,3485.3178084839883,1.0,1.0
2026-03-22T21:10:07.745-306470-490675,304,false,1.3460947487518098,1,3485.3178084839883,1.0,1.0
2026-03-22T21:10:07.745-306470-490675,940,false,3.0392399652256987,1,3485.3178084839883,1.0,1.0
2026-03-22T21:10:07.745-306470-490675,962,false,37.11755066368949,1,3485.3178084839883,1.0,1.0
2026-03-22T21:10:07.745-306470-490675,306,false,3.6229227164019027,1,3485.3178084839883,1.0,1.0
2026-03-22T21:10:07.745-306470-490675,369,false,0.5676788391315555,1,3485.3178084839883,1.0,1.0
2026-03-22T21:10:07.745-306470-490675,891,false,5.7127060065298085,1,3485.3178084839883,1.0,1.0
2026-03-22T21:10:07.745-306470-490675,372,false,0.1312123751485949,1,3485.3178084839883,1.0,1.0
2026-03-22T21:10:07.745-306470-490675,91,false,1.2041213166494813,1,3485.3178084839883,1.0,1.0
2026-03-22T21:10:07.745-306470-490675,730,false,18.50302348932452,1,3485.3178084839883,1.0,1.0
2026-03-22T21:10:07.745-306470-490675,53,false,21.59465767613492,1,3485.3178084839883,1.0,1.0
2026-03-22T21:10:07.745-306470-490675,855,false,0.24158846644834864,1,3485.3178084839883,1.0,1.0
2026-03-22T21:10:07.745-306470-490675,773,false,0.5350034003896338,1,3485.3178084839883,1.0,1.0
2026-03-22T21:10:07.745-306470-490675,275,false,0.270303774782326,1,3485.3178084839883,1.0,1.0
2026-03-22T21:10:07.745-306470-490675,272,false,13.41151027113721,1,3485.3178084839883,1.0,1.0
2026-03-22T21:10:07.745-306470-490675,250,false,7.37999416540718,1,3485.3178084839883,1.0,1.0
2026-03-22T21:10:07.745-306470-490675,332,false,15.589253932171,1,3485.3178084839883,1.0,1.0
2026-03-22T21:10:07.745-306470-490675,977,false,9.583846292976249,1,3485.3178084839883,1.0,1.0
2026-03-22T21:10:07.745-306470-490675,487,false,4.3550466873767055,1,3485.3178084839883,1.0,1.0
2026-03-22T21:10:07.745-306470-490675,627,true,9.123117800686904,1,3476.1946906833014,1.0,0.728
2026-03-22T21:10:07.745-306470-490675,558,false,0.24352869896499307,1,3476.1946906833014,1.0,1.0
2026-03-22T21:10:07.745-306470-490675,530,false,7.062896025665983,1,3476.1946906833014,1.0,1.0
2026-03-22T21:10:07.745-306470-490675,284,false,2.171944070009299,1,3476.1946906833014,1.0,1.0
2026-03-22T21:10:07.745-306470-490675,95,false,113.91716033429009,1,3476.1946906833014,1.0,1.0
2026-03-22T21:10:07.745-306470-490675,778,false,2.4307051014661836,1,3476.1946906833014,1.0,1.0
2026-03-22T21:10:07.745-306470-490675,683,false,0.05201694919393775,1,3476.1946906833014,1.0,1.0
2026-03-22T21:10:07.745-306470-490675,187,false,0.4987077499100146,1,3476.1946906833014,1.0,1.0
2026-03-22T21:10:07.745-306470-490675,357,true,56.71188884667507,1,3419.482801836626,1.0,0.0010000000000000009
2026-03-22T21:10:07.745-306470-490675,168,false,4.681586517462168,1,3419.482801836626,1.0,1.0
2026-03-22T21:10:07.745-306470-490675,200,false,0.3491910859939894,1,3419.482801836626,1.0,1.0
2026-03-22T21:10:07.745-306470-490675,443,false,1.6218852412887488,1,3419.482801836626,1.0,1.0
2026-03-22T21:10:07.745-306470-490675,13,false,9.257206967324857,1,3419.482801836626,1.0,1.0
2026-03-22T21:10:07.745-306470-490675,917,false,1.7641246072252241,1,3419.482801836626,1.0,1.0
2026-03-22T21:10:07.745-306470-490675,987,false,0.4808792551915372,1,3419.482801836626,1.0,1.0
2026-03-22T21:10:07.745-306470-490675,391,false,3.848200512672071,1,3419.482801836626,1.0,1.0
2026-03-22T21:10:07.745-306470-490675,242,false,31.955139352201353,1,3419.482801836626,1.0,1.0
2026-03-22T21:10:07.745-306470-490675,334,false,75.55138600401311,1,3419.482801836626,1.0,1.0
2026-03-22T21:10:07.745-306470-490675,696,false,0.4336237415325325,1,3419.482801836626,1.0,1.0
2026-03-22T21:10:07.745-306470-490675,287,false,7.041538259811142,1,3419.482801836626,1.0,1.0
2026-03-22T21:10:07.745-306470-490675,609,false,1.1705091891274433,1,3419.482801836626,1.0,1.0
2026-03-22T21:10:07.745-306470-490675,863,false,40.932990221599674,1,3419.482801836626,1.0,1.0
2026-03-22T21:10:07.745-306470-490675,484,false,0.20896894628420426,1,3419.482801836626,1.0,1.0
2026-03-22T21:10:07.745-306470-490675,560,false,148.32953629531912,1,3419.482801836626,1.0,1.0
2026-03-22T21:10:07.745-306470-490675,33,false,0.10428172412056877,1,3419.482801836626,1.0,1.0
2026-03-22T21:10:07.745-306470-490675,85,false,46.11494050697065,1,3419.482801836626,1.0,1.0
2026-03-22T21:10:07.745-306470-490675,178,false,1.9033208779563489,1,3419.482801836626,1.0,1.0
2026-03-22T21:10:07.745-306470-490675,930,false,0.8983426946540807,1,3419.482801836626,1.0,1.0
2026-03-22T21:10:07.745-306470-490675,162,false,3.8677476656012937,1,3419.482801836626,1.0,1.0
2026-03-22T21:10:07.745-306470-490675,447,false,5.285692118895796,1,3419.482801836626,1.0,1.0
2026-03-22T21:10:07.745-306470-490675,385,false,23.692705917630274,1,3419.482801836626,1.0,1.0
2026-03-22T21:10:07.745-306470-490675,376,false,1.4164497349753509,1,3419.482801836626,1.0,1.0
2026-03-22T21:10:07.745-306470-490675,50,false,68.60405851173981,1,3419.482801836626,1.0,1.0
2026-03-22T21:10:07.745-306470-490675,864,false,4.141869614458755,1,3419.482801836626,1.0,1.0
2026-03-22T21:10:07.745-306470-490675,108,false,1.0973643590152442,1,3419.482801836626,1.0,1.0
2026-03-22T21:10:07.745-306470-490675,189,false,2.5721839173062966,1,3419.482801836626,1.0,1.0
2026-03-22T21:10:07.745-306470-490675,495,false,6.666477065171741,1,3419.482801836626,1.0,1.0
2026-03-22T21:10:07.745-306470-490675,218,false,2.8802176353290587,1,3419.482801836626,1.0,1.0
2026-03-22T21:10:07.745-306470-490675,682,false,1.1785670375668245,1,3419.482801836626,1.0,1.0
2026-03-22T21:10:07.745-306470-490675,446,false,5.091265385248055,1,3419.482801836626,1.0,1.0
2026-03-22T21:10:07.745-306470-490675,994,false,0.24324798024788077,1,3419.482801836626,1.0,1.0
2026-03-22T21:10:07.745-306470-490675,482,false,4.560746185875722,1,3419.482801836626,1.0,1.0
2026-03-22T21:10:07.745-306470-490675,198,false,1.3731432565111783,1,3419.482801836626,1.0,1.0
2026-03-22T21:10:07.745-306470-490675,693,false,4.9469314010089205,1,3419.482801836626,1.0,1.0
2026-03-22T21:10:07.745-306470-490675,779,false,5.220473987851645,1,3419.482801836626,1.0,1.0
2026-03-22T21:10:07.745-306470-490675,785,false,27.88713661309228,1,3419.482801836626,1.0,1.0
2026-03-22T21:10:07.745-306470-490675,51,false,130.55894041465842,1,3419.482801836626,1.0,1.0
2026-03-22T21:10:07.745-306470-490675,11,false,7.753841956520938,1,3419.482801836626,1.0,1.0
2026-03-22T21:10:07.745-306470-490675,490,false,8.792594602435985,1,3419.482801836626,1.0,1.0
2026-03-22T21:10:07.745-306470-490675,928,false,0.3361715159391615,1,3419.482801836626,1.0,1.0
2026-03-22T21:10:07.745-306470-490675,810,false,9.277713842999182,1,3419.482801836626,1.0,1.0
2026-03-22T21:10:07.745-306470-490675,657,false,0.5431202430252028,1,3419.482801836626,1.0,1.0
2026-03-22T21:10:07.745-306470-490675,285,false,0.24978790791406785,1,3419.482801836626,1.0,1.0
2026-03-22T21:10:07.745-306470-490675,486,false,3.75450351200289,1,3419.482801836626,1.0,1.0
2026-03-22T21:10:07.745-306470-490675,791,false,10.59352826055162,1,3419.482801836626,1.0,1.0
2026-03-22T21:10:07.745-306470-490675,915,false,5.112385206622479,1,3419.482801836626,1.0,1.0
2026-03-22T21:10:07.745-306470-490675,224,false,2.843829760780233,1,3419.482801836626,1.0,1.0
2026-03-22T21:10:07.745-306470-490675,895,false,3.7710587538019977,1,3419.482801836626,1.0,1.0
2026-03-22T21:10:07.745-306470-490675,993,false,3.9245406743142945,1,3419.482801836626,1.0,1.0
2026-03-22T21:10:07.745-306470-490675,714,false,9.200017786630454,1,3419.482801836626,1.0,1.0
2026-03-22T21:10:07.745-306470-490675,347,true,2.6252276250858237,1,3416.8575742115404,1.0,0.704
2026-03-22T21:10:07.745-306470-490675,94,false,2.104995643553066,1,3416.8575742115404,1.0,1.0
2026-03-22T21:10:07.745-306470-490675,655,false,10.923162269675968,1,3416.8575742115404,1.0,1.0
2026-03-22T21:10:07.745-306470-490675,753,false,0.11391520726364249,1,3416.8575742115404,1.0,1.0
2026-03-22T21:10:07.745-306470-490675,611,false,5.6516239780180655,1,3416.8575742115404,1.0,1.0
2026-03-22T21:10:07.745-306470-490675,324,false,1.3520246686719197,1,3416.8575742115404,1.0,1.0
2026-03-22T21:10:07.745-306470-490675,766,false,0.14418700430507822,1,3416.8575742115404,1.0,1.0
2026-03-22T21:10:07.745-306470-490675,195,false,1.7074801520621763,1,3416.8575742115404,1.0,1.0
2026-03-22T21:10:07.745-306470-490675,990,false,3.151538515606438,1,3416.8575742115404,1.0,1.0
2026-03-22T21:10:07.745-306470-490675,872,false,1.6228817542088751,1,3416.8575742115404,1.0,1.0
2026-03-22T21:10:07.745-306470-490675,213,false,2.6741927807881103,1,3416.8575742115404,1.0,1.0
2026-03-22T21:10:07.745-306470-490675,276,false,0.6457267679141033,1,3416.8575742115404,1.0,1.0
2026-03-22T21:10:07.745-306470-490675,667,false,1.1728654325555357,1,3416.8575742115404,1.0,1.0
2026-03-22T21:10:07.745-306470-490675,440,false,3.462805592549562,1,3416.8575742115404,1.0,1.0
2026-03-22T21:10:07.745-306470-490675,16,false,8.330504618428591,1,3416.8575742115404,1.0,1.0
2026-03-22T21:10:07.745-306470-490675,147,false,0.3897422256636567,1,3416.8575742115404,1.0,1.0
2026-03-22T21:10:07.745-306470-490675,7,false,2.790811243716747,1,3416.8575742115404,1.0,1.0
2026-03-22T21:10:07.745-306470-490675,646,false,2.1661090203783884,1,3416.8575742115404,1.0,1.0
2026-03-22T21:10:07.745-306470-490675,661,false,11.839191078901209,1,3416.8575742115404,1.0,1.0
2026-03-22T21:10:07.745-306470-490675,771,false,1.256994279246137,1,3416.8575742115404,1.0,1.0
2026-03-22T21:10:07.745-306470-490675,848,false,108.20114534832037,1,3416.8575742115404,1.0,1.0
2026-03-22T21:10:07.745-306470-490675,145,false,0.9354604183039126,1,3416.8575742115404,1.0,1.0
2026-03-22T21:10:07.745-306470-490675,941,false,11.162332863970775,1,3416.8575742115404,1.0,1.0
2026-03-22T21:10:07.745-306470-490675,613,false,9.079648645999903,1,3416.8575742115404,1.0,1.0
2026-03-22T21:10:07.745-306470-490675,713,false,4.026891812107857,1,3416.8575742115404,1.0,1.0
2026-03-22T21:10:07.745-306470-490675,346,true,2.609275173272096,1,3414.248299038268,1.0,0.039000000000000035
2026-03-22T21:10:07.745-306470-490675,512,false,0.8875292698935728,1,3414.248299038268,1.0,1.0
2026-03-22T21:10:07.745-306470-490675,991,false,2.6586106948657435,1,3414.248299038268,1.0,1.0
2026-03-22T21:10:07.745-306470-490675,103,false,1.969947385342843,1,3414.248299038268,1.0,1.0
2026-03-22T21:10:07.745-306470-490675,960,false,1.603152442356628,1,3414.248299038268,1.0,1.0
2026-03-22T21:10:07.745-306470-490675,55,false,8.14738860732044,1,3414.248299038268,1.0,1.0
2026-03-22T21:10:07.745-306470-490675,278,false,5.092311541007456,1,3414.248299038268,1.0,1.0
2026-03-22T21:10:07.745-306470-490675,155,false,4.380706067144637,1,3414.248299038268,1.0,1.0
2026-03-22T21:10:07.745-306470-490675,709,false,30.050982787268495,1,3414.248299038268,1.0,1.0
2026-03-22T21:10:07.745-306470-490675,474,false,0.2623645109102727,1,3414.248299038268,1.0,1.0
2026-03-22T21:10:07.745-306470-490675,136,false,0.9271017906315098,1,3414.248299038268,1.0,1.0
2026-03-22T21:10:07.745-306470-490675,720,false,53.59331736018206,1,3414.248299038268,1.0,1.0
2026-03-22T21:10:07.745-306470-490675,237,false,3.6831651102694862,1,3414.248299038268,1.0,1.0
2026-03-22T21:10:07.745-306470-490675,114,false,49.4525662999022,1,3414.248299038268,1.0,1.0
2026-03-22T21:10:07.745-306470-490675,31,true,9.998911671798492,1,3404.24938736647,1.0,0.04700000000000004
2026-03-22T21:10:07.745-306470-490675,830,false,7.044340489735619,1,3404.24938736647,1.0,1.0
2026-03-22T21:10:07.745-306470-490675,881,false,1.3932595038538633,1,3404.24938736647,1.0,1.0
2026-03-22T21:10:07.745-306470-490675,199,false,1.3283030158310334,1,3404.24938736647,1.0,1.0
2026-03-22T21:10:07.745-306470-490675,251,false,0.7388383066086225,1,3404.24938736647,1.0,1.0
2026-03-22T21:10:07.745-306470-490675,146,false,0.2292818015224422,1,3404.24938736647,1.0,1.0
2026-03-22T21:10:07.745-306470-490675,193,false,9.681419557998568,1,3404.24938736647,1.0,1.0
2026-03-22T21:10:07.745-306470-490675,421,false,0.12008858538897693,1,3404.24938736647,1.0,1.0
2026-03-22T21:10:07.745-306470-490675,52,false,19.609636278335095,1,3404.24938736647,1.0,1.0
2026-03-22T21:10:07.745-306470-490675,698,false,1.0847945747594332,1,3404.24938736647,1.0,1.0
2026-03-22T21:10:07.745-306470-490675,631,false,17.714647695159734,1,3404.24938736647,1.0,1.0
2026-03-22T21:10:07.745-306470-490675,906,false,1.3986470920008298,1,3404.24938736647,1.0,1.0
2026-03-22T21:10:07.745-306470-490675,277,false,22.199124296903467,1,3404.24938736647,1.0,1.0
2026-03-22T21:10:07.745-306470-490675,409,false,1.3471430865061305,1,3404.24938736647,1.0,1.0
2026-03-22T21:10:07.745-306470-490675,368,false,0.5905287580238531,1,3404.24938736647,1.0,1.0
2026-03-22T21:10:07.745-306470-490675,556,false,16.787942858415615,1,3404.24938736647,1.0,1.0
2026-03-22T21:10:07.745-306470-490675,603,false,3.839356778616693,1,3404.24938736647,1.0,1.0
2026-03-22T21:10:07.745-306470-490675,787,false,0.40321294677688974,1,3404.24938736647,1.0,1.0
2026-03-22T21:10:07.745-306470-490675,197,false,6.8164679148047105,1,3404.24938736647,1.0,1.0
2026-03-22T21:10:07.745-306470-490675,259,false,0.36059782910665944,1,3404.24938736647,1.0,1.0
2026-03-22T21:10:07.745-306470-490675,27,false,1.6072882079227624,1,3404.24938736647,1.0,1.0
2026-03-22T21:10:07.745-306470-490675,401,false,0.1732070283031552,1,3404.24938736647,1.0,1.0
2026-03-22T21:10:07.745-306470-490675,106,false,0.06871359881491816,1,3404.24938736647,1.0,1.0
2026-03-22T21:10:07.745-306470-490675,335,false,1.8973384798742259,1,3404.24938736647,1.0,1.0
2026-03-22T21:10:07.745-306470-490675,160,false,0.04206598492700165,1,3404.24938736647,1.0,1.0
2026-03-22T21:10:07.745-306470-490675,496,false,0.033642706619330214,1,3404.24938736647,1.0,1.0
2026-03-22T21:10:07.745-306470-490675,410,false,1.3595676790607456,1,3404.24938736647,1.0,1.0
2026-03-22T21:10:07.745-306470-490675,899,false,9.116765057183217,1,3404.24938736647,1.0,1.0
2026-03-22T21:10:07.745-306470-490675,254,false,2.134640903563689,1,3404.24938736647,1.0,1.0
2026-03-22T21:10:07.745-306470-490675,364,false,2.6383767318417894,1,3404.24938736647,1.0,1.0
2026-03-22T21:10:07.745-306470-490675,758,false,0.6082835280412063,1,3404.24938736647,1.0,1.0
2026-03-22T21:10:07.745-306470-490675,54,false,213.80730142966007,1,3404.24938736647,1.0,1.0
2026-03-22T21:10:07.745-306470-490675,944,true,0.22182395408425254,1,3404.0275634123855,1.0,0.038000000000000034
2026-03-22T21:10:07.745-306470-490675,567,false,1.5564395464793461,1,3404.0275634123855,1.0,1.0
2026-03-22T21:10:07.745-306470-490675,844,false,15.421779695505716,1,3404.0275634123855,1.0,1.0
2026-03-22T21:10:07.745-306470-490675,566,false,1.9341332479350974,1,3404.0275634123855,1.0,1.0
2026-03-22T21:10:07.745-306470-490675,370,false,0.16047511203928425,1,3404.0275634123855,1.0,1.0
2026-03-22T21:10:07.745-306470-490675,775,false,4.548648854185988,1,3404.0275634123855,1.0,1.0
2026-03-22T21:10:07.745-306470-490675,660,false,0.028028045865002887,1,3404.0275634123855,1.0,1.0
2026-03-22T21:10:07.745-306470-490675,257,false,0.12791814586934652,1,3404.0275634123855,1.0,1.0
2026-03-22T21:10:07.745-306470-490675,526,false,0.9232052513367979,1,3404.0275634123855,1.0,1.0
2026-03-22T21:10:07.745-306470-490675,169,false,0.3118177453300579,1,3404.0275634123855,1.0,1.0
2026-03-22T21:10:07.745-306470-490675,678,false,7.3517981556511725,1,3404.0275634123855,1.0,1.0
2026-03-22T21:10:07.745-306470-490675,732,false,9.598392397222025,1,3404.0275634123855,1.0,1.0
2026-03-22T21:10:07.745-306470-490675,690,false,0.6752200664965698,1,3404.0275634123855,1.0,1.0
2026-03-22T21:10:07.745-306470-490675,186,false,0.7664546987166238,1,3404.0275634123855,1.0,1.0
2026-03-22T21:10:07.745-306470-490675,408,false,265.57031748078276,1,3404.0275634123855,1.0,1.0
2026-03-22T21:10:07.745-306470-490675,400,false,0.3359578221761422,1,3404.0275634123855,1.0,1.0
2026-03-22T21:10:07.745-306470-490675,271,false,114.60493327177012,1,3404.0275634123855,1.0,1.0
2026-03-22T21:10:07.745-306470-490675,886,false,9.073175818523632,1,3404.0275634123855,1.0,1.0
2026-03-22T21:10:07.745-306470-490675,817,false,0.3258625928866412,1,3404.0275634123855,1.0,1.0
2026-03-22T21:10:07.745-306470-490675,869,false,0.1686097681217919,1,3404.0275634123855,1.0,1.0
2026-03-22T21:10:07.745-306470-490675,979,false,0.8327603102736938,1,3404.0275634123855,1.0,1.0
2026-03-22T21:10:07.745-306470-490675,777,false,10.401953928554066,1,3404.0275634123855,1.0,1.0
2026-03-22T21:10:07.745-306470-490675,542,true,2.3969930351932764,1,3401.6305703771923,1.0,0.6699999999999999
2026-03-22T21:10:07.745-306470-490675,531,false,8.37192702731917,1,3401.6305703771923,1.0,1.0
2026-03-22T21:10:07.745-306470-490675,748,false,3.4663072372929196,1,3401.6305703771923,1.0,1.0
2026-03-22T21:10:07.745-306470-490675,875,false,7.969210778024255,1,3401.6305703771923,1.0,1.0
2026-03-22T21:10:07.745-306470-490675,883,false,5.230523584213893,1,3401.6305703771923,1.0,1.0
2026-03-22T21:10:07.745-306470-490675,522,false,1.5296632965886023,1,3401.6305703771923,1.0,1.0
2026-03-22T21:10:07.745-306470-490675,288,false,1.2327722493919002,1,3401.6305703771923,1.0,1.0
2026-03-22T21:10:07.745-306470-490675,517,false,1.9677076909493807,1,3401.6305703771923,1.0,1.0
2026-03-22T21:10:07.745-306470-490675,323,false,2.899316630931777,1,3401.6305703771923,1.0,1.0
2026-03-22T21:10:07.745-306470-490675,101,false,2.3154651580537613,1,3401.6305703771923,1.0,1.0
2026-03-22T21:10:07.745-306470-490675,266,false,0.6062314959080751,1,3401.6305703771923,1.0,1.0
2026-03-22T21:10:07.745-306470-490675,815,false,3.5439446100671446,1,3401.6305703771923,1.0,1.0
2026-03-22T21:10:07.745-306470-490675,445,false,0.3604154014702086,1,3401.6305703771923,1.0,1.0
2026-03-22T21:10:07.745-306470-490675,989,false,0.4459566783688995,1,3401.6305703771923,1.0,1.0
2026-03-22T21:10:07.745-306470-490675,952,false,0.3353709452945862,1,3401.6305703771923,1.0,1.0
2026-03-22T21:10:07.745-306470-490675,453,false,57.42644776592359,1,3401.6305703771923,1.0,1.0
2026-03-22T21:10:07.745-306470-490675,473,false,0.11145725493341813,1,3401.6305703771923,1.0,1.0
2026-03-22T21:10:07.745-306470-490675,48,false,19.606666554029722,1,3401.6305703771923,1.0,1.0
2026-03-22T21:10:07.745-306470-490675,231,false,0.04014570693798341,1,3401.6305703771923,1.0,1.0
2026-03-22T21:10:07.745-306470-490675,226,true,4.058608654630161,1,3397.5719617225623,1.0,0.838
2026-03-22T21:10:07.745-306470-490675,860,false,2.8406231693872837,1,3397.5719617225623,1.0,1.0
2026-03-22T21:10:07.745-306470-490675,894,false,3.789005013536959,1,3397.5719617225623,1.0,1.0
2026-03-22T21:10:07.745-306470-490675,850,false,23.68945779329216,1,3397.5719617225623,1.0,1.0
2026-03-22T21:10:07.745-306470-490675,42,false,0.1316142715962861,1,3397.5719617225623,1.0,1.0
2026-03-22T21:10:07.745-306470-490675,196,false,17.07845852510467,1,3397.5719617225623,1.0,1.0
2026-03-22T21:10:07.745-306470-490675,840,false,11.130190122489088,1,3397.5719617225623,1.0,1.0
2026-03-22T21:10:07.745-306470-490675,792,false,0.017197978147695414,1,3397.5719617225623,1.0,1.0
2026-03-22T21:10:07.745-306470-490675,337,false,88.61225441334896,1,3397.5719617225623,1.0,1.0
2026-03-22T21:10:07.745-306470-490675,310,false,0.4456442284698077,1,3397.5719617225623,1.0,1.0
2026-03-22T21:10:07.745-306470-490675,383,false,0.7129867277076896,1,3397.5719617225623,1.0,1.0
2026-03-22T21:10:07.745-306470-490675,158,false,6.627455347232708,1,3397.5719617225623,1.0,1.0
2026-03-22T21:10:07.745-306470-490675,87,false,0.153078302410799,1,3397.5719617225623,1.0,1.0
2026-03-22T21:10:07.745-306470-490675,180,false,4.178094804216122,1,3397.5719617225623,1.0,1.0
2026-03-22T21:10:07.745-306470-490675,283,false,3.10221816456602,1,3397.5719617225623,1.0,1.0
2026-03-22T21:10:07.745-306470-490675,10,false,2.2334730381410326,1,3397.5719617225623,1.0,1.0
2026-03-22T21:10:07.745-306470-490675,786,false,2.9088567789738997,1,3397.5719617225623,1.0,1.0
2026-03-22T21:10:07.745-306470-490675,638,false,28.20147739060569,1,3397.5719617225623,1.0,1.0
2026-03-22T21:10:07.745-306470-490675,404,false,0.01752511476552468,1,3397.5719617225623,1.0,1.0
2026-03-22T21:10:07.745-306470-490675,450,false,0.1475266996395015,1,3397.5719617225623,1.0,1.0
2026-03-22T21:10:07.745-306470-490675,291,false,14.261924266232784,1,3397.5719617225623,1.0,1.0
2026-03-22T21:10:07.745-306470-490675,593,false,4.794211111162179,1,3397.5719617225623,1.0,1.0
2026-03-22T21:10:07.745-306470-490675,501,false,13.133915051297981,1,3397.5719617225623,1.0,1.0
2026-03-22T21:10:07.745-306470-490675,599,false,3.2747921396012165,1,3397.5719617225623,1.0,1.0
2026-03-22T21:10:07.745-306470-490675,388,false,0.07397924054987001,1,3397.5719617225623,1.0,1.0
2026-03-22T21:10:07.745-306470-490675,246,false,0.4298796783026876,1,3397.5719617225623,1.0,1.0
2026-03-22T21:10:07.745-306470-490675,832,false,7.623290859709899,1,3397.5719617225623,1.0,1.0
2026-03-22T21:10:07.745-306470-490675,852,false,39.048244118367776,1,3397.5719617225623,1.0,1.0
2026-03-22T21:10:07.745-306470-490675,998,false,5.8026952326215016,1,3397.5719617225623,1.0,1.0
2026-03-22T21:10:07.745-306470-490675,759,false,0.43465359638295537,1,3397.5719617225623,1.0,1.0
2026-03-22T21:10:07.745-306470-490675,116,false,0.2949390319326179,1,3397.5719617225623,1.0,1.0
2026-03-22T21:10:07.745-306470-490675,341,false,7.8706098375338165,1,3397.5719617225623,1.0,1.0
2026-03-22T21:10:07.745-306470-490675,342,false,6.2557777943878055,1,3397.5719617225623,1.0,1.0
2026-03-22T21:10:07.745-306470-490675,723,false,9.727883463524542,1,3397.5719617225623,1.0,1.0
2026-03-22T21:10:07.745-306470-490675,768,false,151.96419355589026,1,3397.5719617225623,1.0,1.0
2026-03-22T21:10:07.745-306470-490675,75,false,4.1927063290153015,1,3397.5719617225623,1.0,1.0
2026-03-22T21:10:07.745-306470-490675,868,false,10.26987432448396,1,3397.5719617225623,1.0,1.0
2026-03-22T21:10:07.745-306470-490675,893,false,1.8477395156371386,1,3397.5719617225623,1.0,1.0
2026-03-22T21:10:07.745-306470-490675,429,false,2.521242854502324,1,3397.5719617225623,1.0,1.0
2026-03-22T21:10:07.745-306470-490675,426,false,197.3301761081437,1,3397.5719617225623,1.0,1.0
2026-03-22T21:10:07.745-306470-490675,828,false,0.39307623735580344,1,3397.5719617225623,1.0,1.0
2026-03-22T21:10:07.745-306470-490675,553,true,0.46624206340715785,1,3397.105719659155,1.0,0.7090000000000001
2026-03-22T21:10:07.745-306470-490675,4,false,22.36948429031452,1,3397.105719659155,1.0,1.0
2026-03-22T21:10:07.745-306470-490675,781,false,2.2694027976822126,1,3397.105719659155,1.0,1.0
2026-03-22T21:10:07.745-306470-490675,974,false,12.666362673270378,1,3397.105719659155,1.0,1.0
2026-03-22T21:10:07.745-306470-490675,710,false,8.137221673065644,1,3397.105719659155,1.0,1.0
2026-03-22T21:10:07.745-306470-490675,608,false,56.23389347491748,1,3397.105719659155,1.0,1.0
2026-03-22T21:10:07.745-306470-490675,736,false,5.00414432787625,1,3397.105719659155,1.0,1.0
2026-03-22T21:10:07.745-306470-490675,859,false,1.0153092442637313,1,3397.105719659155,1.0,1.0
2026-03-22T21:10:07.745-306470-490675,712,false,3.7687134591802676,1,3397.105719659155,1.0,1.0
2026-03-22T21:10:07.745-306470-490675,439,false,4.305320574203382,1,3397.105719659155,1.0,1.0
2026-03-22T21:10:07.745-306470-490675,539,true,12.109236039343237,1,3384.996483619812,1.0,0.725
2026-03-22T21:10:07.745-306470-490675,83,false,0.5568467847703775,1,3384.996483619812,1.0,1.0
2026-03-22T21:10:07.745-306470-490675,878,false,37.893905705842805,1,3384.996483619812,1.0,1.0
2026-03-22T21:10:07.745-306470-490675,924,false,1.5666598175715682,1,3384.996483619812,1.0,1.0
2026-03-22T21:10:07.745-306470-490675,157,false,0.014879650496411602,1,3384.996483619812,1.0,1.0
2026-03-22T21:10:07.745-306470-490675,280,false,0.12462827129233894,1,3384.996483619812,1.0,1.0
2026-03-22T21:10:07.745-306470-490675,961,false,28.27964431987213,1,3384.996483619812,1.0,1.0
2026-03-22T21:10:07.745-306470-490675,164,false,7.1823132371904395,1,3384.996483619812,1.0,1.0
2026-03-22T21:10:07.745-306470-490675,359,true,15.444256361844992,1,3369.552227257967,1.0,0.019000000000000017
2026-03-22T21:10:07.745-306470-490675,214,false,0.3226165757662237,1,3369.552227257967,1.0,1.0
2026-03-22T21:10:07.745-306470-490675,694,false,3.4054229583854534,1,3369.552227257967,1.0,1.0
2026-03-22T21:10:07.745-306470-490675,821,false,22.4809317296092,1,3369.552227257967,1.0,1.0
2026-03-22T21:10:07.745-306470-490675,373,false,7.639331817631423,1,3369.552227257967,1.0,1.0
2026-03-22T21:10:07.745-306470-490675,799,false,31.10985782103056,1,3369.552227257967,1.0,1.0
2026-03-22T21:10:07.745-306470-490675,452,false,0.8043844525652537,1,3369.552227257967,1.0,1.0
2026-03-22T21:10:07.745-306470-490675,802,false,15.903468560272104,1,3369.552227257967,1.0,1.0
2026-03-22T21:10:07.745-306470-490675,458,false,8.393371942246986,1,3369.552227257967,1.0,1.0
2026-03-22T21:10:07.745-306470-490675,920,false,1.0073274475209362,1,3369.552227257967,1.0,1.0
2026-03-22T21:10:07.745-306470-490675,366,false,31.383854922361994,1,3369.552227257967,1.0,1.0
2026-03-22T21:10:07.745-306470-490675,612,false,4.012344632584229,1,3369.552227257967,1.0,1.0
2026-03-22T21:10:07.745-306470-490675,988,false,0.8557016818454652,1,3369.552227257967,1.0,1.0
2026-03-22T21:10:07.745-306470-490675,740,false,0.2690063508953757,1,3369.552227257967,1.0,1.0
2026-03-22T21:10:07.745-306470-490675,416,false,56.26680506935263,1,3369.552227257967,1.0,1.0
2026-03-22T21:10:07.745-306470-490675,749,false,1.8184092543777732,1,3369.552227257967,1.0,1.0
2026-03-22T21:10:07.745-306470-490675,704,false,9.847588186689055,1,3369.552227257967,1.0,1.0
2026-03-22T21:10:07.745-306470-490675,651,false,0.42976758268191695,1,3369.552227257967,1.0,1.0
2026-03-22T21:10:07.745-306470-490675,307,false,0.027035733056691196,1,3369.552227257967,1.0,1.0
2026-03-22T21:10:07.745-306470-490675,534,false,1.4021567905539698,1,3369.552227257967,1.0,1.0
2026-03-22T21:10:07.745-306470-490675,943,true,3.8549215553721528,1,3365.697305702595,1.0,0.0040000000000000036
2026-03-22T21:10:07.745-306470-490675,892,false,2.401251665979939,1,3365.697305702595,1.0,1.0
2026-03-22T21:10:07.745-306470-490675,318,false,2.9232620207098416,1,3365.697305702595,1.0,1.0
2026-03-22T21:10:07.745-306470-490675,311,false,67.21855120468382,1,3365.697305702595,1.0,1.0
2026-03-22T21:10:07.745-306470-490675,411,false,2.7093607704063323,1,3365.697305702595,1.0,1.0
2026-03-22T21:10:07.745-306470-490675,642,false,0.5298972899506708,1,3365.697305702595,1.0,1.0
2026-03-22T21:10:07.745-306470-490675,140,false,5.33642439711018,1,3365.697305702595,1.0,1.0
2026-03-22T21:10:07.745-306470-490675,797,false,0.49509673978179886,1,3365.697305702595,1.0,1.0
2026-03-22T21:10:07.745-306470-490675,776,false,0.29210407159583096,1,3365.697305702595,1.0,1.0
2026-03-22T21:10:07.745-306470-490675,697,false,1.3360739701188817,1,3365.697305702595,1.0,1.0
2026-03-22T21:10:07.745-306470-490675,499,false,9.072092131826626,1,3365.697305702595,1.0,1.0
2026-03-22T21:10:07.745-306470-490675,286,false,164.17143289785528,1,3365.697305702595,1.0,1.0
2026-03-22T21:10:07.745-306470-490675,260,false,0.07697447625696735,1,3365.697305702595,1.0,1.0
2026-03-22T21:10:07.745-306470-490675,831,false,14.817893433254396,1,3365.697305702595,1.0,1.0
2026-03-22T21:10:07.745-306470-490675,497,false,12.828004752851003,1,3365.697305702595,1.0,1.0
2026-03-22T21:10:07.745-306470-490675,361,false,0.0454446335490605,1,3365.697305702595,1.0,1.0
2026-03-22T21:10:07.745-306470-490675,919,false,1.1224616398929435,1,3365.697305702595,1.0,1.0
2026-03-22T21:10:07.745-306470-490675,548,true,12.08962868939768,1,3353.607677013197,1.0,0.0
2026-03-22T21:10:07.745-306470-490675,819,false,17.378061756591084,1,3353.607677013197,1.0,1.0
2026-03-22T21:10:07.745-306470-490675,142,false,1.1214605224921201,1,3353.607677013197,1.0,1.0
2026-03-22T21:10:07.745-306470-490675,71,false,5.056463554633777,1,3353.607677013197,1.0,1.0
2026-03-22T21:10:07.745-306470-490675,475,false,0.9220196145048055,1,3353.607677013197,1.0,1.0
2026-03-22T21:10:07.745-306470-490675,946,true,3.681442031655626,1,3349.9262349815417,1.0,0.0
2026-03-22T21:10:07.745-306470-490675,433,false,25.562874486511824,1,3349.9262349815417,1.0,1.0
2026-03-22T21:10:07.745-306470-490675,176,false,0.6056786469456098,1,3349.9262349815417,1.0,1.0
2026-03-22T21:10:07.745-306470-490675,532,true,0.2636828702720477,1,3349.6625521112696,1.0,0.92
2026-03-22T21:10:07.745-306470-490675,718,false,5.046991946839368,1,3349.6625521112696,1.0,1.0
2026-03-22T21:10:07.745-306470-490675,856,false,6.967592870334068,1,3349.6625521112696,1.0,1.0
2026-03-22T21:10:07.745-306470-490675,896,false,0.12139684144403523,1,3349.6625521112696,1.0,1.0
2026-03-22T21:10:07.745-306470-490675,58,false,20.295614440507148,1,3349.6625521112696,1.0,1.0
2026-03-22T21:10:07.745-306470-490675,273,false,11.63048058862244,1,3349.6625521112696,1.0,1.0
2026-03-22T21:10:07.745-306470-490675,315,false,1.6115581621716508,1,3349.6625521112696,1.0,1.0
2026-03-22T21:10:07.745-306470-490675,958,false,0.7314309279495391,1,3349.6625521112696,1.0,1.0
2026-03-22T21:10:07.745-306470-490675,9,false,6.029728895389115,1,3349.6625521112696,1.0,1.0
2026-03-22T21:10:07.745-306470-490675,241,false,0.9890214580030023,1,3349.6625521112696,1.0,1.0
2026-03-22T21:10:07.745-306470-490675,45,false,6.039441871695574,1,3349.6625521112696,1.0,1.0
2026-03-22T21:10:07.745-306470-490675,234,true,1.4434501919333789,1,3348.2191019193365,1.0,0.914
2026-03-22T21:10:07.745-306470-490675,978,false,0.05023537806067458,1,3348.2191019193365,1.0,1.0
2026-03-22T21:10:07.745-306470-490675,3,false,1.2941258733395096,1,3348.2191019193365,1.0,1.0
2026-03-22T21:10:07.745-306470-490675,569,false,1.7126653477618026,1,3348.2191019193365,1.0,1.0
2026-03-22T21:10:07.745-306470-490675,950,true,75.52445293280842,1,3272.694648986528,1.0,0.654
2026-03-22T21:10:07.745-306470-490675,755,false,1.9422313518531742,1,3272.694648986528,1.0,1.0
2026-03-22T21:10:07.745-306470-490675,402,false,0.1390562582310181,1,3272.694648986528,1.0,1.0
2026-03-22T21:10:07.745-306470-490675,74,false,13.33227752214652,1,3272.694648986528,1.0,1.0
2026-03-22T21:10:07.745-306470-490675,762,false,1.4346661387312527,1,3272.694648986528,1.0,1.0
2026-03-22T21:10:07.745-306470-490675,40,false,2.953452735519701,1,3272.694648986528,1.0,1.0
2026-03-22T21:10:07.745-306470-490675,245,false,0.8704468590938073,1,3272.694648986528,1.0,1.0
2026-03-22T21:10:07.745-306470-490675,721,false,11.750971846055156,1,3272.694648986528,1.0,1.0
2026-03-22T21:10:07.745-306470-490675,932,false,32.241984198857,1,3272.694648986528,1.0,1.0
2026-03-22T21:10:07.745-306470-490675,268,false,1.764856018821513,1,3272.694648986528,1.0,1.0
2026-03-22T21:10:07.745-306470-490675,397,false,6.052333929767164,1,3272.694648986528,1.0,1.0
2026-03-22T21:10:07.745-306470-490675,156,false,67.30731020238018,1,3272.694648986528,1.0,1.0
2026-03-22T21:10:07.745-306470-490675,625,true,5.391632070335249,1,3267.303016916193,1.0,0.0
2026-03-22T21:10:07.745-306470-490675,80,false,2.209819087762252,1,3267.303016916193,1.0,1.0
2026-03-22T21:10:07.745-306470-490675,384,false,6.236899413638735,1,3267.303016916193,1.0,1.0
2026-03-22T21:10:07.745-306470-490675,97,false,2.0720606459064728,1,3267.303016916193,1.0,1.0
2026-03-22T21:10:07.745-306470-490675,183,false,55.63071448293287,1,3267.303016916193,1.0,1.0
2026-03-22T21:10:07.745-306470-490675,564,false,6.6192730524487615,1,3267.303016916193,1.0,1.0
2026-03-22T21:10:07.745-306470-490675,587,false,51.67046832197618,1,3267.303016916193,1.0,1.0
2026-03-22T21:10:07.745-306470-490675,394,false,2.3005984599798843,1,3267.303016916193,1.0,1.0
2026-03-22T21:10:07.745-306470-490675,98,false,0.4453519758787108,1,3267.303016916193,1.0,1.0
2026-03-22T21:10:07.745-306470-490675,726,false,39.70854219136529,1,3267.303016916193,1.0,1.0
2026-03-22T21:10:07.745-306470-490675,741,false,26.2774884026094,1,3267.303016916193,1.0,1.0
2026-03-22T21:10:07.745-306470-490675,109,false,26.068164709130368,1,3267.303016916193,1.0,1.0
2026-03-22T21:10:07.745-306470-490675,173,true,1.2815282559784043,1,3266.0214886602143,1.0,0.843
2026-03-22T21:10:07.745-306470-490675,235,true,1.9742625665582816,1,3264.0472260936563,1.0,0.852
2026-03-22T21:10:07.745-306470-490675,953,false,0.04121873399192991,1,3264.0472260936563,1.0,1.0
2026-03-22T21:10:07.745-306470-490675,535,true,2.061778957309091,1,3261.9854471363474,1.0,0.718
2026-03-22T21:10:07.745-306470-490675,363,false,2.376141164488923,1,3261.9854471363474,1.0,1.0
2026-03-22T21:10:07.745-306470-490675,32,true,0.820641250999208,1,3261.164805885348,1.0,0.0
2026-03-22T21:10:07.745-306470-490675,622,true,63.62728455550925,1,3197.537521329839,1.0,0.0
2026-03-22T21:10:07.745-306470-490675,673,false,4.562623142212451,1,3197.537521329839,1.0,1.0
2026-03-22T21:10:07.745-306470-490675,44,false,8.854124472756025,1,3197.537521329839,1.0,1.0
2026-03-22T21:10:07.745-306470-490675,590,false,0.863627857079405,1,3197.537521329839,1.0,1.0
2026-03-22T21:10:07.745-306470-490675,84,false,0.2576040109632174,1,3197.537521329839,1.0,1.0
2026-03-22T21:10:07.745-306470-490675,516,false,4.91444134522495,1,3197.537521329839,1.0,1.0
2026-03-22T21:10:07.745-306470-490675,645,false,6.220449949419782,1,3197.537521329839,1.0,1.0
2026-03-22T21:10:07.745-306470-490675,22,false,0.6019341207250474,1,3197.537521329839,1.0,1.0
2026-03-22T21:10:07.745-306470-490675,909,false,3.0329622570126524,1,3197.537521329839,1.0,1.0
2026-03-22T21:10:07.745-306470-490675,243,false,34.855838661331745,1,3197.537521329839,1.0,1.0
2026-03-22T21:10:07.745-306470-490675,586,false,0.26102527099730105,1,3197.537521329839,1.0,1.0
2026-03-22T21:10:07.745-306470-490675,511,false,2.4532691099119663,1,3197.537521329839,1.0,1.0
2026-03-22T21:10:07.745-306470-490675,319,false,1.7877689708490898,1,3197.537521329839,1.0,1.0
2026-03-22T21:10:07.745-306470-490675,8,false,0.06832711663679139,1,3197.537521329839,1.0,1.0
2026-03-22T21:10:07.745-306470-490675,312,false,14.287608619976421,1,3197.537521329839,1.0,1.0
2026-03-22T21:10:07.745-306470-490675,639,true,0.38446739024827337,1,3197.153053939591,1.0,0.999
2026-03-22T21:10:07.745-306470-490675,281,false,0.2556606223992947,1,3197.153053939591,1.0,1.0
2026-03-22T21:10:07.745-306470-490675,676,false,0.4023692051336463,1,3197.153053939591,1.0,1.0
2026-03-22T21:10:07.745-306470-490675,505,false,0.7111878775006484,1,3197.153053939591,1.0,1.0
2026-03-22T21:10:07.745-306470-490675,424,false,1.6530043602630484,1,3197.153053939591,1.0,1.0
2026-03-22T21:10:07.745-306470-490675,344,true,15.856420868136626,1,3181.2966330714544,1.0,0.0020000000000000018
2026-03-22T21:10:07.745-306470-490675,82,false,4.67272288092273,1,3181.2966330714544,1.0,1.0
2026-03-22T21:10:07.745-306470-490675,222,false,0.546814798643393,1,3181.2966330714544,1.0,1.0
2026-03-22T21:10:07.745-306470-490675,585,false,7.176560739474964,1,3181.2966330714544,1.0,1.0
2026-03-22T21:10:07.745-306470-490675,750,false,1.5343672472376548,1,3181.2966330714544,1.0,1.0
2026-03-22T21:10:07.745-306470-490675,63,false,0.41561360852634716,1,3181.2966330714544,1.0,1.0
2026-03-22T21:10:07.745-306470-490675,220,false,1.8676665056081685,1,3181.2966330714544,1.0,1.0
2026-03-22T21:10:07.745-306470-490675,916,false,0.09443174253738859,1,3181.2966330714544,1.0,1.0
2026-03-22T21:10:07.745-306470-490675,296,false,0.7194793597328828,1,3181.2966330714544,1.0,1.0
2026-03-22T21:10:07.745-306470-490675,459,false,1.6465091872067001,1,3181.2966330714544,1.0,1.0
2026-03-22T21:10:07.745-306470-490675,207,false,1.48742087613154,1,3181.2966330714544,1.0,1.0
2026-03-22T21:10:07.745-306470-490675,192,false,1.7358335524731492,1,3181.2966330714544,1.0,1.0
2026-03-22T21:10:07.745-306470-490675,577,false,4.71991893326357,1,3181.2966330714544,1.0,1.0
2026-03-22T21:10:07.745-306470-490675,238,true,2.1454058654511674,1,3179.151227206003,1.0,0.866
2026-03-22T21:10:07.745-306470-490675,572,false,3.422712453707416,1,3179.151227206003,1.0,1.0
2026-03-22T21:10:07.745-306470-490675,903,false,4.657769333748462,1,3179.151227206003,1.0,1.0
2026-03-22T21:10:07.745-306470-490675,814,false,0.02692997122331092,1,3179.151227206003,1.0,1.0
2026-03-22T21:10:07.745-306470-490675,643,true,926.6214876236359,1,2252.5297395823673,1.0,0.687
2026-03-22T21:10:07.745-306470-490675,964,false,10.170583900217002,1,2252.5297395823673,1.0,1.0
2026-03-22T21:10:07.745-306470-490675,86,false,0.16582950324109358,1,2252.5297395823673,1.0,1.0
2026-03-22T21:10:07.745-306470-490675,66,false,1.1616883846461679,1,2252.5297395823673,1.0,1.0
2026-03-22T21:10:07.745-306470-490675,668,false,4.267785776539625,1,2252.5297395823673,1.0,1.0
2026-03-22T21:10:07.745-306470-490675,669,false,6.3860327076677965,1,2252.5297395823673,1.0,1.0
2026-03-22T21:10:07.745-306470-490675,957,false,2.967068374822296,1,2252.5297395823673,1.0,1.0
2026-03-22T21:10:07.745-306470-490675,908,false,1.3722731333223324,1,2252.5297395823673,1.0,1.0
2026-03-22T21:10:07.745-306470-490675,38,true,0.21909916681471908,1,2252.3106404155524,1.0,0.916
2026-03-22T21:10:07.745-306470-490675,949,true,37.19212237984747,1,2215.1185180357047,1.0,0.0
2026-03-22T21:10:07.745-306470-490675,544,true,0.2682005904978204,1,2214.850317445207,1.0,0.0
2026-03-22T21:10:07.745-306470-490675,570,false,5.710743400178645,1,2214.850317445207,1.0,1.0
2026-03-22T21:10:07.745-306470-490675,689,false,0.12853849235622625,1,2214.850317445207,1.0,1.0
2026-03-22T21:10:07.745-306470-490675,634,false,0.0903663969140901,1,2214.850317445207,1.0,1.0
2026-03-22T21:10:07.745-306470-490675,907,false,0.5630993252847595,1,2214.850317445207,1.0,1.0
2026-03-22T21:10:07.745-306470-490675,929,false,5.824285758965627,1,2214.850317445207,1.0,1.0
2026-03-22T21:10:07.745-306470-490675,716,false,11.201954342283845,1,2214.850317445207,1.0,1.0
2026-03-22T21:10:07.745-306470-490675,110,false,1.316870391872028,1,2214.850317445207,1.0,1.0
2026-03-22T21:10:07.745-306470-490675,227,false,0.12279519773609965,1,2214.850317445207,1.0,1.0
2026-03-22T21:10:07.745-306470-490675,692,false,7.9291455057924445,1,2214.850317445207,1.0,1.0
2026-03-22T21:10:07.745-306470-490675,14,false,105.86501744292407,1,2214.850317445207,1.0,1.0
2026-03-22T21:10:07.745-306470-490675,695,false,3.229888746308792,1,2214.850317445207,1.0,1.0
2026-03-22T21:10:07.745-306470-490675,654,false,2.0270873673048593,1,2214.850317445207,1.0,1.0
2026-03-22T21:10:07.745-306470-490675,719,false,1.3659370847930434,1,2214.850317445207,1.0,1.0
2026-03-22T21:10:07.745-306470-490675,628,true,2.294343606052729,1,2212.5559738391544,1.0,0.0
2026-03-22T21:10:07.745-306470-490675,948,true,12.695537873810968,1,2199.860435965343,1.0,0.0
2026-03-22T21:10:07.745-306470-490675,833,false,6.8823472215605,1,2199.860435965343,1.0,1.0
2026-03-22T21:10:07.745-306470-490675,976,false,4.249349057800708,1,2199.860435965343,1.0,1.0
2026-03-22T21:10:07.745-306470-490675,652,false,1.620931866887502,1,2199.860435965343,1.0,1.0
2026-03-22T21:10:07.745-306470-490675,836,false,0.6653502793597419,1,2199.860435965343,1.0,1.0
2026-03-22T21:10:07.745-306470-490675,846,false,4.693403897077417,1,2199.860435965343,1.0,1.0
2026-03-22T21:10:07.745-306470-490675,562,false,0.29294447625463776,1,2199.860435965343,1.0,1.0
2026-03-22T21:10:07.745-306470-490675,728,false,0.3805956823865515,1,2199.860435965343,1.0,1.0
2026-03-22T21:10:07.745-306470-490675,851,false,6.700801243819289,1,2199.860435965343,1.0,1.0
2026-03-22T21:10:07.745-306470-490675,837,false,0.12762013050280652,1,2199.860435965343,1.0,1.0
2026-03-22T21:10:07.745-306470-490675,784,false,0.032276042690617054,1,2199.860435965343,1.0,1.0
2026-03-22T21:10:07.745-306470-490675,838,false,0.29431442521816714,1,2199.860435965343,1.0,1.0
2026-03-22T21:10:07.745-306470-490675,12,false,3.5121230191551143,1,2199.860435965343,1.0,1.0
2026-03-22T21:10:07.745-306470-490675,76,false,7.413929089387639,1,2199.860435965343,1.0,1.0
2026-03-22T21:10:07.745-306470-490675,674,false,0.17737833420804636,1,2199.860435965343,1.0,1.0
2026-03-22T21:10:07.745-306470-490675,996,false,5.77259410834463,1,2199.860435965343,1.0,1.0
2026-03-22T21:10:07.745-306470-490675,41,true,2.763937212431802,1,2197.0964987529114,1.0,0.7010000000000001
2026-03-22T21:10:07.745-306470-490675,240,true,7.903160574939918,1,2189.1933381779713,1.0,0.718
2026-03-22T21:10:07.745-306470-490675,571,false,3.5548221302310767,1,2189.1933381779713,1.0,1.0
2026-03-22T21:10:07.745-306470-490675,331,true,55.4498312744133,1,2133.743506903558,1.0,0.919
2026-03-22T21:10:07.745-306470-490675,826,false,4.200589209709803,1,2133.743506903558,1.0,1.0
2026-03-22T21:10:07.745-306470-490675,425,false,2.120601243192607,1,2133.743506903558,1.0,1.0
2026-03-22T21:10:07.745-306470-490675,601,false,0.6802711850126221,1,2133.743506903558,1.0,1.0
2026-03-22T21:10:07.745-306470-490675,549,true,3.940423103920218,1,2129.803083799638,1.0,0.0
2026-03-22T21:10:07.745-306470-490675,389,false,1.229662745039511,1,2129.803083799638,1.0,1.0
2026-03-22T21:10:07.745-306470-490675,127,false,1.5860276008369352,1,2129.803083799638,1.0,1.0
2026-03-22T21:10:07.745-306470-490675,827,false,52.78026732229975,1,2129.803083799638,1.0,1.0
2026-03-22T21:10:07.745-306470-490675,925,false,3.9501908380770803,1,2129.803083799638,1.0,1.0
2026-03-22T21:10:07.745-306470-490675,774,false,1.1305009893675895,1,2129.803083799638,1.0,1.0
2026-03-22T21:10:07.745-306470-490675,897,false,9.663281265537305,1,2129.803083799638,1.0,1.0
2026-03-22T21:10:07.745-306470-490675,20,false,0.7112385842725403,1,2129.803083799638,1.0,1.0
2026-03-22T21:10:07.745-306470-490675,326,false,2.259253872788954,1,2129.803083799638,1.0,1.0
2026-03-22T21:10:07.745-306470-490675,912,false,3.1860918418629116,1,2129.803083799638,1.0,1.0
2026-03-22T21:10:07.745-306470-490675,602,false,13.191320375045228,1,2129.803083799638,1.0,1.0
2026-03-22T21:10:07.745-306470-490675,879,false,5.961579788346774,1,2129.803083799638,1.0,1.0
2026-03-22T21:10:07.745-306470-490675,685,false,1.1797255678877767,1,2129.803083799638,1.0,1.0
2026-03-22T21:10:07.745-306470-490675,818,false,1.7602889133135582,1,2129.803083799638,1.0,1.0
2026-03-22T21:10:07.745-306470-490675,756,false,11.782319898525492,1,2129.803083799638,1.0,1.0
2026-03-22T21:10:07.745-306470-490675,876,false,2.394401418835015,1,2129.803083799638,1.0,1.0
2026-03-22T21:10:07.745-306470-490675,78,false,1.6111031727451364,1,2129.803083799638,1.0,1.0
2026-03-22T21:10:07.745-306470-490675,887,false,9.903864338796097,1,2129.803083799638,1.0,1.0
2026-03-22T21:10:07.745-306470-490675,19,false,1.2149918851718362,1,2129.803083799638,1.0,1.0
2026-03-22T21:10:07.745-306470-490675,983,false,0.846262875119938,1,2129.803083799638,1.0,1.0
2026-03-22T21:10:07.745-306470-490675,607,false,1.987776630043402,1,2129.803083799638,1.0,1.0
2026-03-22T21:10:07.745-306470-490675,216,false,1.0192218603564054,1,2129.803083799638,1.0,1.0
2026-03-22T21:10:07.745-306470-490675,624,true,18.90274465043649,1,2110.9003391492015,1.0,0.0
2026-03-22T21:10:07.745-306470-490675,770,false,0.15031500021875047,1,2110.9003391492015,1.0,1.0
2026-03-22T21:10:07.745-306470-490675,184,false,3.2343654946525193,1,2110.9003391492015,1.0,1.0
2026-03-22T21:10:07.745-306470-490675,546,true,1.7732640035405995,1,2109.127075145661,1.0,0.0
2026-03-22T21:10:07.745-306470-490675,467,false,5.453257828507434,1,2109.127075145661,1.0,1.0
2026-03-22T21:10:07.745-306470-490675,279,false,0.1766828915579233,1,2109.127075145661,1.0,1.0
2026-03-22T21:10:07.745-306470-490675,632,false,16.839393859523522,1,2109.127075145661,1.0,1.0
2026-03-22T21:10:07.745-306470-490675,406,false,3.345506145810389,1,2109.127075145661,1.0,1.0
2026-03-22T21:10:07.745-306470-490675,845,false,1.0593866108861636,1,2109.127075145661,1.0,1.0
2026-03-22T21:10:07.745-306470-490675,653,false,26.027395402321655,1,2109.127075145661,1.0,1.0
2026-03-22T21:10:07.745-306470-490675,29,true,0.31399940240457863,1,2108.8130757432564,1.0,0.0010000000000000009
2026-03-22T21:10:07.745-306470-490675,436,false,12.16261274452484,1,2108.8130757432564,1.0,1.0
2026-03-22T21:10:07.745-306470-490675,853,false,0.45548754306986455,1,2108.8130757432564,1.0,1.0
2026-03-22T21:10:07.745-306470-490675,890,false,0.837679030208071,1,2108.8130757432564,1.0,1.0
2026-03-22T21:10:07.745-306470-490675,588,false,5.305189736309646,1,2108.8130757432564,1.0,1.0
2026-03-22T21:10:07.745-306470-490675,350,true,2.2066343697837394,1,2106.6064413734725,1.0,0.0
2026-03-22T21:10:07.745-306470-490675,209,false,0.9502543370952764,1,2106.6064413734725,1.0,1.0
2026-03-22T21:10:07.745-306470-490675,485,false,0.5229426769868152,1,2106.6064413734725,1.0,1.0
2026-03-22T21:10:07.745-306470-490675,125,false,12.067762227650917,1,2106.6064413734725,1.0,1.0
2026-03-22T21:10:07.745-306470-490675,543,true,3.9665907952931696,1,2102.6398505781794,1.0,0.0
2026-03-22T21:10:07.745-306470-490675,141,false,0.4671498220195218,1,2102.6398505781794,1.0,1.0
2026-03-22T21:10:07.745-306470-490675,72,false,0.011294211771990834,1,2102.6398505781794,1.0,1.0
2026-03-22T21:10:07.745-306470-490675,724,false,2.543127529446701,1,2102.6398505781794,1.0,1.0
2026-03-22T21:10:07.745-306470-490675,386,false,0.19614331408923752,1,2102.6398505781794,1.0,1.0
2026-03-22T21:10:07.745-306470-490675,143,false,9.835910534532552,1,2102.6398505781794,1.0,1.0
2026-03-22T21:10:07.745-306470-490675,568,false,5.765611110918745,1,2102.6398505781794,1.0,1.0
2026-03-22T21:10:07.745-306470-490675,862,false,94.23198725104551,1,2102.6398505781794,1.0,1.0
2026-03-22T21:10:07.745-306470-490675,513,false,41.63453543426569,1,2102.6398505781794,1.0,1.0
2026-03-22T21:10:07.745-306470-490675,798,false,133.84596658186464,1,2102.6398505781794,1.0,1.0
2026-03-22T21:10:07.745-306470-490675,295,false,12.165653020650272,1,2102.6398505781794,1.0,1.0
2026-03-22T21:10:07.745-306470-490675,849,false,9.272311215561135,1,2102.6398505781794,1.0,1.0
2026-03-22T21:10:07.745-306470-490675,152,false,9.22330204220396,1,2102.6398505781794,1.0,1.0
2026-03-22T21:10:07.745-306470-490675,971,false,31.848309470955943,1,2102.6398505781794,1.0,1.0
2026-03-22T21:10:07.745-306470-490675,151,false,5.189704923773736,1,2102.6398505781794,1.0,1.0
2026-03-22T21:10:07.745-306470-490675,177,false,1.0037303157440554,1,2102.6398505781794,1.0,1.0
2026-03-22T21:10:07.745-306470-490675,939,false,4.332690066116355,1,2102.6398505781794,1.0,1.0
2026-03-22T21:10:07.745-306470-490675,202,false,0.34668798646757937,1,2102.6398505781794,1.0,1.0
2026-03-22T21:10:07.745-306470-490675,374,false,6.303194466646583,1,2102.6398505781794,1.0,1.0
2026-03-22T21:10:07.745-306470-490675,809,false,18.294203073861453,1,2102.6398505781794,1.0,1.0
2026-03-22T21:10:07.745-306470-490675,381,false,4.631914416549218,1,2102.6398505781794,1.0,1.0
2026-03-22T21:10:07.745-306470-490675,438,false,23.08407624490266,1,2102.6398505781794,1.0,1.0
2026-03-22T21:10:07.745-306470-490675,462,false,0.025737997443292387,1,2102.6398505781794,1.0,1.0
2026-03-22T21:10:07.745-306470-490675,764,false,4.005841278366793,1,2102.6398505781794,1.0,1.0
2026-03-22T21:10:07.745-306470-490675,249,false,31.596927166440093,1,2102.6398505781794,1.0,1.0
2026-03-22T21:10:07.745-306470-490675,444,false,102.55255201821403,1,2102.6398505781794,1.0,1.0
2026-03-22T21:10:07.745-306470-490675,464,false,60.77839879094486,1,2102.6398505781794,1.0,1.0
2026-03-22T21:10:07.745-306470-490675,934,false,0.18189028996951465,1,2102.6398505781794,1.0,1.0
2026-03-22T21:10:07.745-306470-490675,659,false,0.1240724247237477,1,2102.6398505781794,1.0,1.0
2026-03-22T21:10:07.745-306470-490675,554,true,2.551086002831978,1,2100.0887645753473,1.0,0.7090000000000001
2026-03-22T21:10:07.745-306470-490675,428,false,263.356938624043,1,2100.0887645753473,1.0,1.0
2026-03-22T21:10:07.745-306470-490675,113,false,87.8797962241374,1,2100.0887645753473,1.0,1.0
2026-03-22T21:10:07.745-306470-490675,314,false,7.014562367110955,1,2100.0887645753473,1.0,1.0
2026-03-22T21:10:07.745-306470-490675,600,false,9.286618942950788,1,2100.0887645753473,1.0,1.0
2026-03-22T21:10:07.745-306470-490675,617,true,0.6724918478369932,1,2099.41627272751,1.0,0.0010000000000000009
2026-03-22T21:10:07.745-306470-490675,880,false,11.247131095153183,1,2099.41627272751,1.0,1.0
2026-03-22T21:10:07.745-306470-490675,686,false,21.783636795189693,1,2099.41627272751,1.0,1.0
2026-03-22T21:10:07.745-306470-490675,677,false,20.08754400058449,1,2099.41627272751,1.0,1.0
2026-03-22T21:10:07.745-306470-490675,455,false,2.857616320434626,1,2099.41627272751,1.0,1.0
2026-03-22T21:10:07.745-306470-490675,354,true,283.578663462563,1,1815.8376092649473,1.0,0.0
2026-03-22T21:10:07.745-306470-490675,69,false,0.47163785861742735,1,1815.8376092649473,1.0,1.0
2026-03-22T21:10:07.745-306470-490675,62,false,0.1864472605664568,1,1815.8376092649473,1.0,1.0
2026-03-22T21:10:07.745-306470-490675,955,false,22.93234491118716,1,1815.8376092649473,1.0,1.0
2026-03-22T21:10:07.745-306470-490675,507,false,0.8369596877403958,1,1815.8376092649473,1.0,1.0
2026-03-22T21:10:07.745-306470-490675,557,true,16.04435066300026,1,1799.7932586019472,1.0,0.69
2026-03-22T21:10:07.745-306470-490675,970,false,0.23665250643158078,1,1799.7932586019472,1.0,1.0
2026-03-22T21:10:07.745-306470-490675,399,false,3.8280050212519385,1,1799.7932586019472,1.0,1.0
2026-03-22T21:10:07.745-306470-490675,803,false,3.0123772754163856,1,1799.7932586019472,1.0,1.0
2026-03-22T21:10:07.745-306470-490675,520,false,50.76660142679231,1,1799.7932586019472,1.0,1.0
2026-03-22T21:10:07.745-306470-490675,129,false,4.23371365421336,1,1799.7932586019472,1.0,1.0
2026-03-22T21:10:07.745-306470-490675,580,false,5.337420974182477,1,1799.7932586019472,1.0,1.0
2026-03-22T21:10:07.745-306470-490675,367,false,7.946043416505447,1,1799.7932586019472,1.0,1.0
2026-03-22T21:10:07.745-306470-490675,449,false,3.065291019820431,1,1799.7932586019472,1.0,1.0
2026-03-22T21:10:07.745-306470-490675,181,false,1.1898288323962585,1,1799.7932586019472,1.0,1.0
2026-03-22T21:10:07.745-306470-490675,465,false,0.4608675125656168,1,1799.7932586019472,1.0,1.0
2026-03-22T21:10:07.745-306470-490675,935,false,0.07483485491814706,1,1799.7932586019472,1.0,1.0
2026-03-22T21:10:07.745-306470-490675,488,false,0.7210434504532675,1,1799.7932586019472,1.0,1.0
2026-03-22T21:10:07.745-306470-490675,248,false,1.0607612482626902,1,1799.7932586019472,1.0,1.0
2026-03-22T21:10:07.745-306470-490675,905,false,0.29574065200592026,1,1799.7932586019472,1.0,1.0
2026-03-22T21:10:07.745-306470-490675,239,true,17.46452097874271,1,1782.3287376232045,1.0,0.0030000000000000027
2026-03-22T21:10:07.745-306470-490675,527,false,0.52849916354147,1,1782.3287376232045,1.0,1.0
2026-03-22T21:10:07.745-306470-490675,483,false,0.3483441502008498,1,1782.3287376232045,1.0,1.0
2026-03-22T21:10:07.745-306470-490675,137,false,0.037451495759419653,1,1782.3287376232045,1.0,1.0
2026-03-22T21:10:07.745-306470-490675,751,false,112.49410135496834,1,1782.3287376232045,1.0,1.0
2026-03-22T21:10:07.745-306470-490675,289,false,7.300617088102966,1,1782.3287376232045,1.0,1.0
2026-03-22T21:10:07.745-306470-490675,738,false,0.18513430661191693,1,1782.3287376232045,1.0,1.0
2026-03-22T21:10:07.745-306470-490675,36,true,7.34237911311142,1,1774.986358510093,1.0,0.0
2026-03-22T21:10:07.745-306470-490675,963,false,5.685757082300936,1,1774.986358510093,1.0,1.0
2026-03-22T21:10:07.745-306470-490675,320,false,10.234455608956917,1,1774.986358510093,1.0,1.0
2026-03-22T21:10:07.745-306470-490675,182,false,5.257447026219733,1,1774.986358510093,1.0,1.0
2026-03-22T21:10:07.745-306470-490675,26,false,0.026831666797777712,1,1774.986358510093,1.0,1.0
2026-03-22T21:10:07.745-306470-490675,843,false,26.19013212215437,1,1774.986358510093,1.0,1.0
2026-03-22T21:10:07.745-306470-490675,456,false,25.269118763298163,1,1774.986358510093,1.0,1.0
2026-03-22T21:10:07.745-306470-490675,582,false,21.177913569072604,1,1774.986358510093,1.0,1.0
2026-03-22T21:10:07.745-306470-490675,407,false,5.949616937385515,1,1774.986358510093,1.0,1.0
2026-03-22T21:10:07.745-306470-490675,133,false,0.3590468212253234,1,1774.986358510093,1.0,1.0
2026-03-22T21:10:07.745-306470-490675,112,false,17.952551441865666,1,1774.986358510093,1.0,1.0
2026-03-22T21:10:07.745-306470-490675,1000,false,21.525046859343657,1,1774.986358510093,1.0,1.0
2026-03-22T21:10:07.745-306470-490675,839,false,4.757966496905932,1,1774.986358510093,1.0,1.0
2026-03-22T21:10:07.745-306470-490675,597,false,2.0197122507243197,1,1774.986358510093,1.0,1.0
2026-03-22T21:10:07.745-306470-490675,340,false,0.5020613841429944,1,1774.986358510093,1.0,1.0
2026-03-22T21:10:07.745-306470-490675,761,false,13.365955300333436,1,1774.986358510093,1.0,1.0
2026-03-22T21:10:07.745-306470-490675,380,false,9.259410788598837,1,1774.986358510093,1.0,1.0
2026-03-22T21:10:07.745-306470-490675,635,false,0.10948637948770513,1,1774.986358510093,1.0,1.0
2026-03-22T21:10:07.745-306470-490675,6,false,11.682791101751134,1,1774.986358510093,1.0,1.0
2026-03-22T21:10:07.745-306470-490675,540,true,3.6909126133523595,1,1771.2954458967406,1.0,0.0
2026-03-22T21:10:07.745-306470-490675,422,false,0.760514262982967,1,1771.2954458967406,1.0,1.0
2026-03-22T21:10:07.745-306470-490675,565,false,2.6386581625048846,1,1771.2954458967406,1.0,1.0
2026-03-22T21:10:07.745-306470-490675,984,false,18.274317799026775,1,1771.2954458967406,1.0,1.0
2026-03-22T21:10:07.745-306470-490675,362,true,77.82326948480298,1,1693.4721764119377,1.0,0.675
2026-03-22T21:10:07.745-306470-490675,194,false,6.76823293395174,1,1693.4721764119377,1.0,1.0
2026-03-22T21:10:07.745-306470-490675,729,false,1.0150976260227125,1,1693.4721764119377,1.0,1.0
2026-03-22T21:10:07.745-306470-490675,330,true,0.7774805105994698,1,1692.6946959013383,1.0,0.6950000000000001
2026-03-22T21:10:07.745-306470-490675,225,true,0.4016843240496364,1,1692.2930115772886,1.0,0.854
2026-03-22T21:10:07.745-306470-490675,405,false,10.511290207292642,1,1692.2930115772886,1.0,1.0
2026-03-22T21:10:07.745-306470-490675,985,false,1.215588655280294,1,1692.2930115772886,1.0,1.0
2026-03-22T21:10:07.745-306470-490675,794,false,4.82273189504983,1,1692.2930115772886,1.0,1.0
2026-03-22T21:10:07.745-306470-490675,132,false,1.8563315653596355,1,1692.2930115772886,1.0,1.0
2026-03-22T21:10:07.745-306470-490675,938,false,3.989804451530277,1,1692.2930115772886,1.0,1.0
2026-03-22T21:10:07.745-306470-490675,348,true,24.94342324598658,1,1667.349588331302,1.0,0.0
2026-03-22T21:10:07.745-306470-490675,150,false,0.32415066306841317,1,1667.349588331302,1.0,1.0
2026-03-22T21:10:07.745-306470-490675,203,false,29.398395179213015,1,1667.349588331302,1.0,1.0
2026-03-22T21:10:07.745-306470-490675,441,false,0.37470476623936966,1,1667.349588331302,1.0,1.0
2026-03-22T21:10:07.745-306470-490675,885,false,0.6516343065686077,1,1667.349588331302,1.0,1.0
2026-03-22T21:10:07.745-306470-490675,722,false,0.6990835742473335,1,1667.349588331302,1.0,1.0
2026-03-22T21:10:07.745-306470-490675,124,false,5.520069765142573,1,1667.349588331302,1.0,1.0
2026-03-22T21:10:07.745-306470-490675,149,false,0.20966727730880833,1,1667.349588331302,1.0,1.0
2026-03-22T21:10:07.745-306470-490675,664,false,0.04050248273495601,1,1667.349588331302,1.0,1.0
2026-03-22T21:10:07.745-306470-490675,621,true,2.785438512676974,1,1664.5641498186249,1.0,0.0
2026-03-22T21:10:07.745-306470-490675,745,false,2.2091065621369523,1,1664.5641498186249,1.0,1.0
2026-03-22T21:10:07.745-306470-490675,322,false,0.8045080263637386,1,1664.5641498186249,1.0,1.0
2026-03-22T21:10:07.745-306470-490675,536,true,9.22690854628826,1,1655.3372412723365,1.0,0.03600000000000003
2026-03-22T21:10:07.745-306470-490675,882,false,0.09851980486002658,1,1655.3372412723365,1.0,1.0
2026-03-22T21:10:07.745-306470-490675,789,false,0.05064122161378792,1,1655.3372412723365,1.0,1.0
2026-03-22T21:10:07.745-306470-490675,201,false,10.152704244633808,1,1655.3372412723365,1.0,1.0
2026-03-22T21:10:07.745-306470-490675,757,false,0.04546179697482064,1,1655.3372412723365,1.0,1.0
2026-03-22T21:10:07.745-306470-490675,708,false,0.05534536878911964,1,1655.3372412723365,1.0,1.0
2026-03-22T21:10:07.745-306470-490675,316,false,1.0835414444482443,1,1655.3372412723365,1.0,1.0
2026-03-22T21:10:07.745-306470-490675,525,false,13.170145849354038,1,1655.3372412723365,1.0,1.0
2026-03-22T21:10:07.745-306470-490675,900,false,1.3771392182236177,1,1655.3372412723365,1.0,1.0
2026-03-22T21:10:07.745-306470-490675,767,false,12.108321789353884,1,1655.3372412723365,1.0,1.0
2026-03-22T21:10:07.745-306470-490675,492,false,0.7257138520671801,1,1655.3372412723365,1.0,1.0
2026-03-22T21:10:07.745-306470-490675,576,false,10.386625490331017,1,1655.3372412723365,1.0,1.0
2026-03-22T21:10:07.745-306470-490675,858,false,0.09512148682417265,1,1655.3372412723365,1.0,1.0
2026-03-22T21:10:07.745-306470-490675,153,false,18.643307029396503,1,1655.3372412723365,1.0,1.0
2026-03-22T21:10:07.745-306470-490675,790,false,11.234591852310679,1,1655.3372412723365,1.0,1.0
2026-03-22T21:10:07.745-306470-490675,90,false,0.23143026678480816,1,1655.3372412723365,1.0,1.0
2026-03-22T21:10:07.745-306470-490675,506,false,1.1999063035219828,1,1655.3372412723365,1.0,1.0
2026-03-22T21:10:07.745-306470-490675,502,false,0.3086493274442268,1,1655.3372412723365,1.0,1.0
2026-03-22T21:10:07.745-306470-490675,630,false,0.13539340587402596,1,1655.3372412723365,1.0,1.0
2026-03-22T21:10:07.745-306470-490675,123,false,0.5155245538950954,1,1655.3372412723365,1.0,1.0
2026-03-22T21:10:07.745-306470-490675,471,false,0.07242167686288571,1,1655.3372412723365,1.0,1.0
2026-03-22T21:10:07.745-306470-490675,541,true,997.4648777948793,1,657.8723634774573,1.0,0.0
2026-03-22T21:10:07.745-306470-490675,290,false,0.8081924537522789,1,657.8723634774573,1.0,1.0
2026-03-22T21:10:07.745-306470-490675,596,false,36.47793386727565,1,657.8723634774573,1.0,1.0
2026-03-22T21:10:07.745-306470-490675,313,false,5.9063662920768545,1,657.8723634774573,1.0,1.0
2026-03-22T21:10:07.745-306470-490675,760,false,27.416805130659355,1,657.8723634774573,1.0,1.0
2026-03-22T21:10:07.745-306470-490675,5,false,5.303654109767851,1,657.8723634774573,1.0,1.0
2026-03-22T21:10:07.745-306470-490675,739,false,0.14238853824410883,1,657.8723634774573,1.0,1.0
2026-03-22T21:10:07.745-306470-490675,253,false,40.24787167196677,1,657.8723634774573,1.0,1.0
2026-03-22T21:10:07.745-306470-490675,258,false,14.854061013060308,1,657.8723634774573,1.0,1.0
2026-03-22T21:10:07.745-306470-490675,922,false,12.961370313864427,1,657.8723634774573,1.0,1.0
2026-03-22T21:10:07.745-306470-490675,211,false,10.938211865199687,1,657.8723634774573,1.0,1.0
2026-03-22T21:10:07.745-306470-490675,793,false,6.76797976007192,1,657.8723634774573,1.0,1.0
2026-03-22T21:10:07.745-306470-490675,328,true,93.13718534472517,1,564.7351781327321,1.0,0.0030000000000000027
2026-03-22T21:10:07.745-306470-490675,358,true,0.22815335559055275,1,564.5070247771416,1.0,0.0
2026-03-22T21:10:07.745-306470-490675,351,true,7.044512822089037,1,557.4625119550526,1.0,0.0
2026-03-22T21:10:07.745-306470-490675,138,false,0.7180692703400321,1,557.4625119550526,1.0,1.0
2026-03-22T21:10:07.745-306470-490675,105,false,0.7399796413956219,1,557.4625119550526,1.0,1.0
2026-03-22T21:10:07.745-306470-490675,161,false,2.48590681174818,1,557.4625119550526,1.0,1.0
2026-03-22T21:10:07.745-306470-490675,559,false,0.20173282154834812,1,557.4625119550526,1.0,1.0
2026-03-22T21:10:07.745-306470-490675,282,false,7.46294583037329,1,557.4625119550526,1.0,1.0
2026-03-22T21:10:07.745-306470-490675,329,true,76.55376945898442,1,480.90874249606816,1.0,0.0
2026-03-22T21:10:07.745-306470-490675,437,false,34.208134869183475,1,480.90874249606816,1.0,1.0
2026-03-22T21:10:07.745-306470-490675,861,false,6.659165150966899,1,480.90874249606816,1.0,1.0
2026-03-22T21:10:07.745-306470-490675,965,true,0.6347508109183375,1,480.27399168514984,1.0,0.832
2026-03-22T21:10:07.745-306470-490675,671,false,5.294312393443923,1,480.27399168514984,1.0,1.0
2026-03-22T21:10:07.745-306470-490675,205,false,367.28280115241216,1,480.27399168514984,1.0,1.0
2026-03-22T21:10:07.745-306470-490675,521,false,11.558538987779908,1,480.27399168514984,1.0,1.0
2026-03-22T21:10:07.745-306470-490675,969,false,958.2520733010073,1,480.27399168514984,1.0,1.0
2026-03-22T21:10:07.745-306470-490675,215,false,0.1387281972921988,1,480.27399168514984,1.0,1.0
2026-03-22T21:10:07.745-306470-490675,267,false,19.610520469650584,1,480.27399168514984,1.0,1.0
2026-03-22T21:10:07.745-306470-490675,144,false,2.1840284826767147,1,480.27399168514984,1.0,1.0
2026-03-22T21:10:07.745-306470-490675,936,false,1.329619910596033,1,480.27399168514984,1.0,1.0
2026-03-22T21:10:07.745-306470-490675,806,false,2.3050889353869635,1,480.27399168514984,1.0,1.0
2026-03-22T21:10:07.745-306470-490675,21,false,99.01596443879777,1,480.27399168514984,1.0,1.0
2026-03-22T21:10:07.745-306470-490675,605,false,1.277429612735912,1,480.27399168514984,1.0,1.0
2026-03-22T21:10:07.745-306470-490675,594,false,2.3526626412718157,1,480.27399168514984,1.0,1.0
2026-03-22T21:10:07.745-306470-490675,393,false,0.07646584713331535,1,480.27399168514984,1.0,1.0
2026-03-22T21:10:07.745-306470-490675,256,false,4.070077181668436,1,480.27399168514984,1.0,1.0
2026-03-22T21:10:07.745-306470-490675,480,false,0.36327515516135184,1,480.27399168514984,1.0,1.0
2026-03-22T21:10:07.745-306470-490675,812,false,17.6514482091894,1,480.27399168514984,1.0,1.0
2026-03-22T21:10:07.745-306470-490675,172,true,1.61324112898815,1,478.6607505561617,1.0,0.706
2026-03-22T21:10:07.745-306470-490675,294,false,0.18483561268491633,1,478.6607505561617,1.0,1.0
2026-03-22T21:10:07.745-306470-490675,119,false,3.8131026124301255,1,478.6607505561617,1.0,1.0
2026-03-22T21:10:07.745-306470-490675,885,false,0.6516343065686077,2,478.6607505561617,1.0,1.0
2026-03-22T21:10:07.745-306470-490675,428,false,263.356938624043,2,478.6607505561617,1.0,1.0
2026-03-22T21:10:07.745-306470-490675,149,false,0.20966727730880833,2,478.6607505561617,1.0,1.0
2026-03-22T21:10:07.745-306470-490675,432,false,0.7196102942680269,2,478.6607505561617,1.0,1.0
2026-03-22T21:10:07.745-306470-490675,774,false,1.1305009893675895,2,478.6607505561617,1.0,1.0
2026-03-22T21:10:07.745-306470-490675,3,false,1.2941258733395096,2,478.6607505561617,1.0,1.0
2026-03-22T21:10:07.745-306470-490675,450,false,0.1475266996395015,2,478.6607505561617,1.0,1.0
2026-03-22T21:10:07.745-306470-490675,714,false,9.200017786630454,2,478.6607505561617,1.0,1.0
2026-03-22T21:10:07.745-306470-490675,382,false,2.356571815478851,2,478.6607505561617,1.0,1.0
2026-03-22T21:10:07.745-306470-490675,174,false,0.023885703285328973,2,478.6607505561617,1.0,1.0
2026-03-22T21:10:07.745-306470-490675,189,false,2.5721839173062966,2,478.6607505561617,1.0,1.0
2026-03-22T21:10:07.745-306470-490675,96,false,0.16533682114147255,2,478.6607505561617,1.0,1.0
2026-03-22T21:10:07.745-306470-490675,316,false,1.0835414444482443,2,478.6607505561617,1.0,1.0
2026-03-22T21:10:07.745-306470-490675,44,true,8.854124472756025,2,469.80662608340566,1.0,0.7090000000000001
2026-03-22T21:10:07.745-306470-490675,610,false,2.0791419465417533,2,469.80662608340566,1.0,1.0
2026-03-22T21:10:07.745-306470-490675,119,false,3.8131026124301255,2,469.80662608340566,1.0,1.0
2026-03-22T21:10:07.745-306470-490675,155,false,4.380706067144637,2,469.80662608340566,1.0,1.0
2026-03-22T21:10:07.745-306470-490675,182,false,5.257447026219733,2,469.80662608340566,1.0,1.0
2026-03-22T21:10:07.745-306470-490675,705,false,13.264646526632497,2,469.80662608340566,1.0,1.0
2026-03-22T21:10:07.745-306470-490675,518,false,6.800830742882721,2,469.80662608340566,1.0,1.0
2026-03-22T21:10:07.745-306470-490675,882,false,0.09851980486002658,2,469.80662608340566,1.0,1.0
2026-03-22T21:10:07.745-306470-490675,471,false,0.07242167686288571,2,469.80662608340566,1.0,1.0
2026-03-22T21:10:07.745-306470-490675,416,false,56.26680506935263,2,469.80662608340566,1.0,1.0
2026-03-22T21:10:07.745-306470-490675,747,false,0.16325577720000348,2,469.80662608340566,1.0,1.0
2026-03-22T21:10:07.745-306470-490675,208,false,1.792909346771138,2,469.80662608340566,1.0,1.0
2026-03-22T21:10:07.745-306470-490675,601,false,0.6802711850126221,2,469.80662608340566,1.0,1.0
2026-03-22T21:10:07.745-306470-490675,598,false,0.6895840117945236,2,469.80662608340566,1.0,1.0
2026-03-22T21:10:07.745-306470-490675,183,false,55.63071448293287,2,469.80662608340566,1.0,1.0
2026-03-22T21:10:07.745-306470-490675,525,false,13.170145849354038,2,469.80662608340566,1.0,1.0
2026-03-22T21:10:07.745-306470-490675,768,false,151.96419355589026,2,469.80662608340566,1.0,1.0
2026-03-22T21:10:07.745-306470-490675,830,false,7.044340489735619,2,469.80662608340566,1.0,1.0
2026-03-22T21:10:07.745-306470-490675,198,false,1.3731432565111783,2,469.80662608340566,1.0,1.0
2026-03-22T21:10:07.745-306470-490675,493,false,15.244693019097742,2,469.80662608340566,1.0,1.0
2026-03-22T21:10:07.745-306470-490675,190,false,3.422576016019273,2,469.80662608340566,1.0,1.0
2026-03-22T21:10:07.745-306470-490675,72,false,0.011294211771990834,2,469.80662608340566,1.0,1.0
2026-03-22T21:10:07.745-306470-490675,60,false,10.357140109420689,2,469.80662608340566,1.0,1.0
2026-03-22T21:10:07.745-306470-490675,85,false,46.11494050697065,2,469.80662608340566,1.0,1.0
2026-03-22T21:10:07.745-306470-490675,746,false,530.9294248355461,2,469.80662608340566,1.0,1.0
2026-03-22T21:10:07.745-306470-490675,933,false,2.3880967005988283,2,469.80662608340566,1.0,1.0
2026-03-22T21:10:07.745-306470-490675,684,false,0.4447616830484702,2,469.80662608340566,1.0,1.0
2026-03-22T21:10:07.745-306470-490675,735,false,1.8118306498799317,2,469.80662608340566,1.0,1.0
2026-03-22T21:10:07.745-306470-490675,664,false,0.04050248273495601,2,469.80662608340566,1.0,1.0
2026-03-22T21:10:07.745-306470-490675,468,false,0.11019180790501877,2,469.80662608340566,1.0,1.0
2026-03-22T21:10:07.745-306470-490675,154,false,41.91514973388657,2,469.80662608340566,1.0,1.0
2026-03-22T21:10:07.745-306470-490675,707,false,15.027442065047188,2,469.80662608340566,1.0,1.0
2026-03-22T21:10:07.745-306470-490675,123,false,0.5155245538950954,2,469.80662608340566,1.0,1.0
2026-03-22T21:10:07.745-306470-490675,698,false,1.0847945747594332,2,469.80662608340566,1.0,1.0
2026-03-22T21:10:07.745-306470-490675,50,false,68.60405851173981,2,469.80662608340566,1.0,1.0
2026-03-22T21:10:07.745-306470-490675,872,false,1.6228817542088751,2,469.80662608340566,1.0,1.0
2026-03-22T21:10:07.745-306470-490675,380,false,9.259410788598837,2,469.80662608340566,1.0,1.0
2026-03-22T21:10:07.745-306470-490675,139,false,17.256676704484274,2,469.80662608340566,1.0,1.0
2026-03-22T21:10:07.745-306470-490675,377,false,7.288170172607094,2,469.80662608340566,1.0,1.0
2026-03-22T21:10:07.745-306470-490675,972,false,3.0572204296131535,2,469.80662608340566,1.0,1.0
2026-03-22T21:10:07.745-306470-490675,122,false,0.17368332810494577,2,469.80662608340566,1.0,1.0
2026-03-22T21:10:07.745-306470-490675,310,false,0.4456442284698077,2,469.80662608340566,1.0,1.0
2026-03-22T21:10:07.745-306470-490675,303,false,0.3373616074628009,2,469.80662608340566,1.0,1.0
2026-03-22T21:10:07.745-306470-490675,95,false,113.91716033429009,2,469.80662608340566,1.0,1.0
2026-03-22T21:10:07.745-306470-490675,444,false,102.55255201821403,2,469.80662608340566,1.0,1.0
2026-03-22T21:10:07.745-306470-490675,387,false,0.044152738554869134,2,469.80662608340566,1.0,1.0
2026-03-22T21:10:07.745-306470-490675,838,false,0.29431442521816714,2,469.80662608340566,1.0,1.0
2026-03-22T21:10:07.745-306470-490675,433,false,25.562874486511824,2,469.80662608340566,1.0,1.0
2026-03-22T21:10:07.745-306470-490675,311,false,67.21855120468382,2,469.80662608340566,1.0,1.0
2026-03-22T21:10:07.745-306470-490675,98,false,0.4453519758787108,2,469.80662608340566,1.0,1.0
2026-03-22T21:10:07.745-306470-490675,608,false,56.23389347491748,2,469.80662608340566,1.0,1.0
2026-03-22T21:10:07.745-306470-490675,978,false,0.05023537806067458,2,469.80662608340566,1.0,1.0
2026-03-22T21:10:07.745-306470-490675,306,false,3.6229227164019027,2,469.80662608340566,1.0,1.0
2026-03-22T21:10:07.745-306470-490675,697,false,1.3360739701188817,2,469.80662608340566,1.0,1.0
2026-03-22T21:10:07.745-306470-490675,317,false,5.290739221110133,2,469.80662608340566,1.0,1.0
2026-03-22T21:10:07.745-306470-490675,910,false,4.533739606076606,2,469.80662608340566,1.0,1.0
2026-03-22T21:10:07.745-306470-490675,237,true,3.6831651102694862,2,466.12346097313616,1.0,0.0
2026-03-22T21:10:07.745-306470-490675,911,false,6.637812936607587,2,466.12346097313616,1.0,1.0
2026-03-22T21:10:07.745-306470-490675,934,false,0.18189028996951465,2,466.12346097313616,1.0,1.0
2026-03-22T21:10:07.745-306470-490675,586,false,0.26102527099730105,2,466.12346097313616,1.0,1.0
2026-03-22T21:10:07.745-306470-490675,976,false,4.249349057800708,2,466.12346097313616,1.0,1.0
2026-03-22T21:10:07.745-306470-490675,980,false,42.097403288491776,2,466.12346097313616,1.0,1.0
2026-03-22T21:10:07.745-306470-490675,299,false,2.0013570718939278,2,466.12346097313616,1.0,1.0
2026-03-22T21:10:07.745-306470-490675,775,false,4.548648854185988,2,466.12346097313616,1.0,1.0
2026-03-22T21:10:07.745-306470-490675,487,false,4.3550466873767055,2,466.12346097313616,1.0,1.0
2026-03-22T21:10:07.745-306470-490675,867,false,0.22015592607064807,2,466.12346097313616,1.0,1.0
2026-03-22T21:10:07.745-306470-490675,168,false,4.681586517462168,2,466.12346097313616,1.0,1.0
2026-03-22T21:10:07.745-306470-490675,594,false,2.3526626412718157,2,466.12346097313616,1.0,1.0
2026-03-22T21:10:07.745-306470-490675,105,false,0.7399796413956219,2,466.12346097313616,1.0,1.0
2026-03-22T21:10:07.745-306470-490675,180,false,4.178094804216122,2,466.12346097313616,1.0,1.0
2026-03-22T21:10:07.745-306470-490675,952,true,0.3353709452945862,2,465.7880900278416,1.0,0.0
2026-03-22T21:10:07.745-306470-490675,55,false,8.14738860732044,2,465.7880900278416,1.0,1.0
2026-03-22T21:10:07.745-306470-490675,592,false,2.3273183654178706,2,465.7880900278416,1.0,1.0
2026-03-22T21:10:07.745-306470-490675,445,false,0.3604154014702086,2,465.7880900278416,1.0,1.0
2026-03-22T21:10:07.745-306470-490675,319,false,1.7877689708490898,2,465.7880900278416,1.0,1.0
2026-03-22T21:10:07.745-306470-490675,600,false,9.286618942950788,2,465.7880900278416,1.0,1.0
2026-03-22T21:10:07.745-306470-490675,685,false,1.1797255678877767,2,465.7880900278416,1.0,1.0
2026-03-22T21:10:07.745-306470-490675,903,false,4.657769333748462,2,465.7880900278416,1.0,1.0
2026-03-22T21:10:07.745-306470-490675,630,false,0.13539340587402596,2,465.7880900278416,1.0,1.0
2026-03-22T21:10:07.745-306470-490675,262,false,0.23324723032993494,2,465.7880900278416,1.0,1.0
2026-03-22T21:10:07.745-306470-490675,448,false,4.6332953878277685,2,465.7880900278416,1.0,1.0
2026-03-22T21:10:07.745-306470-490675,305,false,3.3417503689299273,2,465.7880900278416,1.0,1.0
2026-03-22T21:10:07.745-306470-490675,526,false,0.9232052513367979,2,465.7880900278416,1.0,1.0
2026-03-22T21:10:07.745-306470-490675,290,true,0.8081924537522789,2,464.9798975740893,1.0,0.999
2026-03-22T21:10:07.745-306470-490675,247,false,0.3846769242194851,2,464.9798975740893,1.0,1.0
2026-03-22T21:10:07.745-306470-490675,652,false,1.620931866887502,2,464.9798975740893,1.0,1.0
2026-03-22T21:10:07.745-306470-490675,113,false,87.8797962241374,2,464.9798975740893,1.0,1.0
2026-03-22T21:10:07.745-306470-490675,191,false,4.577386957734968,2,464.9798975740893,1.0,1.0
2026-03-22T21:10:07.745-306470-490675,340,false,0.5020613841429944,2,464.9798975740893,1.0,1.0
2026-03-22T21:10:07.745-306470-490675,837,false,0.12762013050280652,2,464.9798975740893,1.0,1.0
2026-03-22T21:10:07.745-306470-490675,454,false,116.11063762198752,2,464.9798975740893,1.0,1.0
2026-03-22T21:10:07.745-306470-490675,429,false,2.521242854502324,2,464.9798975740893,1.0,1.0
2026-03-22T21:10:07.745-306470-490675,254,false,2.134640903563689,2,464.9798975740893,1.0,1.0
2026-03-22T21:10:07.745-306470-490675,789,false,0.05064122161378792,2,464.9798975740893,1.0,1.0
2026-03-22T21:10:07.745-306470-490675,675,false,14.197713609696955,2,464.9798975740893,1.0,1.0
2026-03-22T21:10:07.745-306470-490675,551,true,0.5623048452335656,2,464.41759272885577,1.0,0.0
2026-03-22T21:10:07.745-306470-490675,171,true,6.698158723421939,2,457.7194340054338,1.0,0.0030000000000000027
2026-03-22T21:10:07.745-306470-490675,939,false,4.332690066116355,2,457.7194340054338,1.0,1.0
2026-03-22T21:10:07.745-306470-490675,477,false,1.8720141602294003,2,457.7194340054338,1.0,1.0
2026-03-22T21:10:07.745-306470-490675,709,false,30.050982787268495,2,457.7194340054338,1.0,1.0
2026-03-22T21:10:07.745-306470-490675,68,false,135.37332318380902,2,457.7194340054338,1.0,1.0
2026-03-22T21:10:07.745-306470-490675,936,false,1.329619910596033,2,457.7194340054338,1.0,1.0
2026-03-22T21:10:07.745-306470-490675,504,false,4.010683042633171,2,457.7194340054338,1.0,1.0
2026-03-22T21:10:07.745-306470-490675,192,false,1.7358335524731492,2,457.7194340054338,1.0,1.0
2026-03-22T21:10:07.745-306470-490675,386,false,0.19614331408923752,2,457.7194340054338,1.0,1.0
2026-03-22T21:10:07.745-306470-490675,338,false,1.212278865334867,2,457.7194340054338,1.0,1.0
2026-03-22T21:10:07.745-306470-490675,162,false,3.8677476656012937,2,457.7194340054338,1.0,1.0
2026-03-22T21:10:07.745-306470-490675,481,false,10.398254971784251,2,457.7194340054338,1.0,1.0
2026-03-22T21:10:07.745-306470-490675,822,false,6.965147211178522,2,457.7194340054338,1.0,1.0
2026-03-22T21:10:07.745-306470-490675,483,false,0.3483441502008498,2,457.7194340054338,1.0,1.0
2026-03-22T21:10:07.745-306470-490675,169,true,0.3118177453300579,2,457.40761626010374,1.0,0.0020000000000000018
2026-03-22T21:10:07.745-306470-490675,430,true,30.886374669280794,2,426.52124159082297,1.0,0.792
2026-03-22T21:10:07.745-306470-490675,677,false,20.08754400058449,2,426.52124159082297,1.0,1.0
2026-03-22T21:10:07.745-306470-490675,178,false,1.9033208779563489,2,426.52124159082297,1.0,1.0
2026-03-22T21:10:07.745-306470-490675,449,false,3.065291019820431,2,426.52124159082297,1.0,1.0
2026-03-22T21:10:07.745-306470-490675,326,true,2.259253872788954,2,424.261987718034,1.0,0.0020000000000000018
2026-03-22T21:10:07.745-306470-490675,366,false,31.383854922361994,2,424.261987718034,1.0,1.0
2026-03-22T21:10:07.745-306470-490675,435,false,2.1032155045660823,2,424.261987718034,1.0,1.0
2026-03-22T21:10:07.745-306470-490675,558,true,0.24352869896499307,2,424.018459019069,1.0,0.706
2026-03-22T21:10:07.745-306470-490675,741,false,26.2774884026094,2,424.018459019069,1.0,1.0
2026-03-22T21:10:07.745-306470-490675,710,false,8.137221673065644,2,424.018459019069,1.0,1.0
2026-03-22T21:10:07.745-306470-490675,258,false,14.854061013060308,2,424.018459019069,1.0,1.0
2026-03-22T21:10:07.745-306470-490675,656,false,0.03195021195350039,2,424.018459019069,1.0,1.0
2026-03-22T21:10:07.745-306470-490675,404,false,0.01752511476552468,2,424.018459019069,1.0,1.0
2026-03-22T21:10:07.745-306470-490675,631,true,17.714647695159734,2,406.30381132390926,1.0,0.696
2026-03-22T21:10:07.745-306470-490675,796,false,5.296841494322285,2,406.30381132390926,1.0,1.0
2026-03-22T21:10:07.745-306470-490675,990,false,3.151538515606438,2,406.30381132390926,1.0,1.0
2026-03-22T21:10:07.745-306470-490675,644,true,0.996059266092826,2,405.30775205781646,1.0,0.43200000000000005
2026-03-22T21:10:07.745-306470-490675,920,false,1.0073274475209362,2,405.30775205781646,1.0,1.0
2026-03-22T21:10:07.745-306470-490675,431,true,9.636878688320458,2,395.670873369496,1.0,0.7090000000000001
2026-03-22T21:10:07.745-306470-490675,791,false,10.59352826055162,2,395.670873369496,1.0,1.0
2026-03-22T21:10:07.745-306470-490675,361,false,0.0454446335490605,2,395.670873369496,1.0,1.0
2026-03-22T21:10:07.745-306470-490675,692,false,7.9291455057924445,2,395.670873369496,1.0,1.0
2026-03-22T21:10:07.745-306470-490675,799,false,31.10985782103056,2,395.670873369496,1.0,1.0
2026-03-22T21:10:07.745-306470-490675,99,false,2.2062933136101495,2,395.670873369496,1.0,1.0
2026-03-22T21:10:07.745-306470-490675,56,false,10.369304915353334,2,395.670873369496,1.0,1.0
2026-03-22T21:10:07.745-306470-490675,629,true,0.9826042962796956,2,394.6882690732163,1.0,0.0
2026-03-22T21:10:07.745-306470-490675,929,false,5.824285758965627,2,394.6882690732163,1.0,1.0
2026-03-22T21:10:07.745-306470-490675,674,false,0.17737833420804636,2,394.6882690732163,1.0,1.0
2026-03-22T21:10:07.745-306470-490675,898,false,0.6061786945836426,2,394.6882690732163,1.0,1.0
2026-03-22T21:10:07.745-306470-490675,443,false,1.6218852412887488,2,394.6882690732163,1.0,1.0
2026-03-22T21:10:07.745-306470-490675,446,false,5.091265385248055,2,394.6882690732163,1.0,1.0
2026-03-22T21:10:07.745-306470-490675,515,false,2.725152655368621,2,394.6882690732163,1.0,1.0
2026-03-22T21:10:07.745-306470-490675,301,false,0.10997988831273817,2,394.6882690732163,1.0,1.0
2026-03-22T21:10:07.745-306470-490675,265,false,0.2914708775861527,2,394.6882690732163,1.0,1.0
2026-03-22T21:10:07.745-306470-490675,728,false,0.3805956823865515,2,394.6882690732163,1.0,1.0
2026-03-22T21:10:07.745-306470-490675,509,false,8.36905532157308,2,394.6882690732163,1.0,1.0
2026-03-22T21:10:07.745-306470-490675,6,false,11.682791101751134,2,394.6882690732163,1.0,1.0
2026-03-22T21:10:07.745-306470-490675,659,false,0.1240724247237477,2,394.6882690732163,1.0,1.0
2026-03-22T21:10:07.745-306470-490675,666,false,0.6638759988897446,2,394.6882690732163,1.0,1.0
2026-03-22T21:10:07.745-306470-490675,887,false,9.903864338796097,2,394.6882690732163,1.0,1.0
2026-03-22T21:10:07.745-306470-490675,138,false,0.7180692703400321,2,394.6882690732163,1.0,1.0
2026-03-22T21:10:07.745-306470-490675,478,false,21.200282227171733,2,394.6882690732163,1.0,1.0
2026-03-22T21:10:07.745-306470-490675,760,false,27.416805130659355,2,394.6882690732163,1.0,1.0
2026-03-22T21:10:07.745-306470-490675,124,false,5.520069765142573,2,394.6882690732163,1.0,1.0
2026-03-22T21:10:07.745-306470-490675,179,false,1.0421093144407143,2,394.6882690732163,1.0,1.0
2026-03-22T21:10:07.745-306470-490675,706,false,3.9740126421726716,2,394.6882690732163,1.0,1.0
2026-03-22T21:10:07.745-306470-490675,729,false,1.0150976260227125,2,394.6882690732163,1.0,1.0
2026-03-22T21:10:07.745-306470-490675,360,true,43.72239693305552,2,350.9658721401608,1.0,0.0
2026-03-22T21:10:07.745-306470-490675,19,false,1.2149918851718362,2,350.9658721401608,1.0,1.0
2026-03-22T21:10:07.745-306470-490675,37,false,0.14364650480864144,2,350.9658721401608,1.0,1.0
2026-03-22T21:10:07.745-306470-490675,89,false,27.771071568774744,2,350.9658721401608,1.0,1.0
2026-03-22T21:10:07.745-306470-490675,115,false,60.039473450443445,2,350.9658721401608,1.0,1.0
2026-03-22T21:10:07.745-306470-490675,427,true,4.559022688985615,2,346.40684945117516,1.0,0.702
2026-03-22T21:10:07.745-306470-490675,581,false,11.569052850267655,2,346.40684945117516,1.0,1.0
2026-03-22T21:10:07.745-306470-490675,253,false,40.24787167196677,2,346.40684945117516,1.0,1.0
2026-03-22T21:10:07.745-306470-490675,107,false,0.8673396220707928,2,346.40684945117516,1.0,1.0
2026-03-22T21:10:07.745-306470-490675,188,false,40.21729546529981,2,346.40684945117516,1.0,1.0
2026-03-22T21:10:07.745-306470-490675,778,false,2.4307051014661836,2,346.40684945117516,1.0,1.0
2026-03-22T21:10:07.745-306470-490675,749,false,1.8184092543777732,2,346.40684945117516,1.0,1.0
2026-03-22T21:10:07.745-306470-490675,30,true,0.3334745028176119,2,346.0733749483575,1.0,0.0
2026-03-22T21:10:07.745-306470-490675,744,false,1.1424477872794117,2,346.0733749483575,1.0,1.0
2026-03-22T21:10:07.745-306470-490675,497,false,12.828004752851003,2,346.0733749483575,1.0,1.0
2026-03-22T21:10:07.745-306470-490675,472,false,2.1501620518842617,2,346.0733749483575,1.0,1.0
2026-03-22T21:10:07.745-306470-490675,220,false,1.8676665056081685,2,346.0733749483575,1.0,1.0
2026-03-22T21:10:07.745-306470-490675,378,false,5.034607478346039,2,346.0733749483575,1.0,1.0
2026-03-22T21:10:07.745-306470-490675,967,true,2.025820662974894,2,344.0475542853826,1.0,0.735
2026-03-22T21:10:07.745-306470-490675,336,false,3.831674449109413,2,344.0475542853826,1.0,1.0
2026-03-22T21:10:07.745-306470-490675,529,true,142.864614082296,2,201.18294020308662,1.0,0.6679999999999999
2026-03-22T21:10:07.745-306470-490675,412,false,0.23987962510358468,2,201.18294020308662,1.0,1.0
2026-03-22T21:10:07.745-306470-490675,125,false,12.067762227650917,2,201.18294020308662,1.0,1.0
2026-03-22T21:10:07.745-306470-490675,291,true,14.261924266232784,2,186.92101593685382,1.0,0.719
2026-03-22T21:10:07.745-306470-490675,373,false,7.639331817631423,2,186.92101593685382,1.0,1.0
2026-03-22T21:10:07.745-306470-490675,213,false,2.6741927807881103,2,186.92101593685382,1.0,1.0
2026-03-22T21:10:07.745-306470-490675,672,false,0.17579732846357368,2,186.92101593685382,1.0,1.0
2026-03-22T21:10:07.745-306470-490675,57,false,134.850121560006,2,186.92101593685382,1.0,1.0
2026-03-22T21:10:07.745-306470-490675,473,false,0.11145725493341813,2,186.92101593685382,1.0,1.0
2026-03-22T21:10:07.745-306470-490675,494,false,22.755797026822446,2,186.92101593685382,1.0,1.0
2026-03-22T21:10:07.745-306470-490675,843,false,26.19013212215437,2,186.92101593685382,1.0,1.0
2026-03-22T21:10:07.745-306470-490675,223,true,8.148812651754643,2,178.77220328509918,1.0,0.0030000000000000027
2026-03-22T21:10:07.745-306470-490675,144,false,2.1840284826767147,2,178.77220328509918,1.0,1.0
2026-03-22T21:10:07.745-306470-490675,194,false,6.76823293395174,2,178.77220328509918,1.0,1.0
2026-03-22T21:10:07.745-306470-490675,528,true,3.986495985669932,2,174.78570729942925,1.0,0.669
2026-03-22T21:10:07.745-306470-490675,148,false,1.9681022372112063,2,174.78570729942925,1.0,1.0
2026-03-22T21:10:07.745-306470-490675,647,true,366.1899320062711,2,-191.40422470684183,1.0,0.617
2026-03-22T21:10:07.745-868789-105514,414,false,1.3395545948755045,1,4686.66706255184,1.0,1.0
2026-03-22T21:10:07.745-868789-105514,214,true,2.3079279496749288,1,4684.359134602165,1.0,0.999
2026-03-22T21:10:07.745-868789-105514,663,true,1.9196341575889744,1,4682.439500444576,1.0,0.999
2026-03-22T21:10:07.745-868789-105514,412,false,11.560266411913794,1,4682.439500444576,1.0,1.0
2026-03-22T21:10:07.745-868789-105514,227,false,1.2061339003712792,1,4682.439500444576,1.0,1.0
2026-03-22T21:10:07.745-868789-105514,173,false,3.0694844825809247,1,4682.439500444576,1.0,1.0
2026-03-22T21:10:07.745-868789-105514,352,false,9.188301827463667,1,4682.439500444576,1.0,1.0
2026-03-22T21:10:07.745-868789-105514,313,false,0.1082184343412299,1,4682.439500444576,1.0,1.0
2026-03-22T21:10:07.745-868789-105514,269,false,22.300226721766716,1,4682.439500444576,1.0,1.0
2026-03-22T21:10:07.745-868789-105514,193,false,0.18233773699601163,1,4682.439500444576,1.0,1.0
2026-03-22T21:10:07.745-868789-105514,157,true,1.9758437740279642,1,4680.463656670548,1.0,0.999
2026-03-22T21:10:07.745-868789-105514,583,false,1.024045548648826,1,4680.463656670548,1.0,1.0
2026-03-22T21:10:07.745-868789-105514,729,false,27.651493511150708,1,4680.463656670548,1.0,1.0
2026-03-22T21:10:07.745-868789-105514,714,false,1.4316784250778614,1,4680.463656670548,1.0,1.0
2026-03-22T21:10:07.745-868789-105514,532,true,372.67852634065855,1,4307.785130329889,1.0,0.999
2026-03-22T21:10:07.745-868789-105514,735,false,16.53742549097189,1,4307.785130329889,1.0,1.0
2026-03-22T21:10:07.745-868789-105514,807,true,2.678131459424864,1,4305.106998870465,1.0,0.999
2026-03-22T21:10:07.745-868789-105514,17,false,1.6271153641982352,1,4305.106998870465,1.0,1.0
2026-03-22T21:10:07.745-868789-105514,117,false,4.327682108211988,1,4305.106998870465,1.0,1.0
2026-03-22T21:10:07.745-868789-105514,116,false,0.16837791059293697,1,4305.106998870465,1.0,1.0
2026-03-22T21:10:07.745-868789-105514,744,true,1.317750629611664,1,4303.789248240853,1.0,0.756
2026-03-22T21:10:07.745-868789-105514,188,false,1.8771153097617161,1,4303.789248240853,1.0,1.0
2026-03-22T21:10:07.745-868789-105514,732,false,0.12518640402282638,1,4303.789248240853,1.0,1.0
2026-03-22T21:10:07.745-868789-105514,353,false,1.546861991390297,1,4303.789248240853,1.0,1.0
2026-03-22T21:10:07.745-868789-105514,259,true,2.5354560911122843,1,4301.2537921497415,1.0,0.999
2026-03-22T21:10:07.745-868789-105514,671,false,39.04449734567156,1,4301.2537921497415,1.0,1.0
2026-03-22T21:10:07.745-868789-105514,171,false,0.28967842559800133,1,4301.2537921497415,1.0,1.0
2026-03-22T21:10:07.745-868789-105514,334,true,15.009297784732338,1,4286.244494365009,1.0,0.999
2026-03-22T21:10:07.745-868789-105514,667,false,4.131089360020147,1,4286.244494365009,1.0,1.0
2026-03-22T21:10:07.745-868789-105514,180,true,166.40341368760562,1,4119.841080677404,1.0,0.999
2026-03-22T21:10:07.745-868789-105514,234,false,16.461212379892228,1,4119.841080677404,1.0,1.0
2026-03-22T21:10:07.745-868789-105514,930,false,10.907542058212483,1,4119.841080677404,1.0,1.0
2026-03-22T21:10:07.745-868789-105514,5,false,0.010876593846474767,1,4119.841080677404,1.0,1.0
2026-03-22T21:10:07.745-868789-105514,126,false,0.7108548973277805,1,4119.841080677404,1.0,1.0
2026-03-22T21:10:07.745-868789-105514,73,false,0.37798836382830764,1,4119.841080677404,1.0,1.0
2026-03-22T21:10:07.745-868789-105514,345,false,0.07534976548315196,1,4119.841080677404,1.0,1.0
2026-03-22T21:10:07.745-868789-105514,648,false,13.652320927692813,1,4119.841080677404,1.0,1.0
2026-03-22T21:10:07.745-868789-105514,473,false,8.654477398820983,1,4119.841080677404,1.0,1.0
2026-03-22T21:10:07.745-868789-105514,799,false,0.2423387828325727,1,4119.841080677404,1.0,1.0
2026-03-22T21:10:07.745-868789-105514,803,false,8.707144777017172,1,4119.841080677404,1.0,1.0
2026-03-22T21:10:07.745-868789-105514,230,false,86.43768749513625,1,4119.841080677404,1.0,1.0
2026-03-22T21:10:07.745-868789-105514,210,false,5.254925382130376,1,4119.841080677404,1.0,1.0
2026-03-22T21:10:07.745-868789-105514,562,false,27.72636253025343,1,4119.841080677404,1.0,1.0
2026-03-22T21:10:07.745-868789-105514,218,false,3.0604112278989994,1,4119.841080677404,1.0,1.0
2026-03-22T21:10:07.745-868789-105514,880,false,4.772792068351811,1,4119.841080677404,1.0,1.0
2026-03-22T21:10:07.745-868789-105514,984,false,0.020992285859716443,1,4119.841080677404,1.0,1.0
2026-03-22T21:10:07.745-868789-105514,951,true,4.728762371118138,1,4115.1123183062855,1.0,0.999
2026-03-22T21:10:07.745-868789-105514,754,true,0.7034882540288661,1,4114.408830052256,1.0,0.999
2026-03-22T21:10:07.745-868789-105514,38,false,33.6286399156862,1,4114.408830052256,1.0,1.0
2026-03-22T21:10:07.745-868789-105514,394,false,1.3998635362626142,1,4114.408830052256,1.0,1.0
2026-03-22T21:10:07.745-868789-105514,261,true,0.9914649367613863,1,4113.417365115495,1.0,0.655
2026-03-22T21:10:07.745-868789-105514,790,false,3.7517259714831512,1,4113.417365115495,1.0,1.0
2026-03-22T21:10:07.745-868789-105514,376,false,28.47794872448214,1,4113.417365115495,1.0,1.0
2026-03-22T21:10:07.745-868789-105514,416,false,0.13419767820211018,1,4113.417365115495,1.0,1.0
2026-03-22T21:10:07.745-868789-105514,177,true,4.6014962402472905,1,4108.815868875248,1.0,0.597
2026-03-22T21:10:07.745-868789-105514,726,false,4.4072756758014355,1,4108.815868875248,1.0,1.0
2026-03-22T21:10:07.745-868789-105514,228,false,1.0678861971308307,1,4108.815868875248,1.0,1.0
2026-03-22T21:10:07.745-868789-105514,346,false,0.2200113255182115,1,4108.815868875248,1.0,1.0
2026-03-22T21:10:07.745-868789-105514,236,false,6.8493035973522325,1,4108.815868875248,1.0,1.0
2026-03-22T21:10:07.745-868789-105514,546,false,2.498926591926451,1,4108.815868875248,1.0,1.0
2026-03-22T21:10:07.745-868789-105514,297,false,0.7199538616274452,1,4108.815868875248,1.0,1.0
2026-03-22T21:10:07.745-868789-105514,362,false,198.1787613547011,1,4108.815868875248,1.0,1.0
2026-03-22T21:10:07.745-868789-105514,331,true,0.9419883486329189,1,4107.873880526616,1.0,0.846
2026-03-22T21:10:07.745-868789-105514,995,false,4.670046626866866,1,4107.873880526616,1.0,1.0
2026-03-22T21:10:07.745-868789-105514,557,false,12.146302903448285,1,4107.873880526616,1.0,1.0
2026-03-22T21:10:07.745-868789-105514,483,false,1.9101205222521704,1,4107.873880526616,1.0,1.0
2026-03-22T21:10:07.745-868789-105514,762,false,11.005080606857149,1,4107.873880526616,1.0,1.0
2026-03-22T21:10:07.745-868789-105514,396,true,0.625986689210854,1,4107.247893837405,1.0,0.998
2026-03-22T21:10:07.745-868789-105514,211,true,2.3306672250701204,1,4104.917226612335,1.0,0.647
2026-03-22T21:10:07.745-868789-105514,492,false,66.32233021554963,1,4104.917226612335,1.0,1.0
2026-03-22T21:10:07.745-868789-105514,382,false,1.4765115362872099,1,4104.917226612335,1.0,1.0
2026-03-22T21:10:07.745-868789-105514,943,false,1.1240795828167172,1,4104.917226612335,1.0,1.0
2026-03-22T21:10:07.745-868789-105514,895,false,5.039056755743804,1,4104.917226612335,1.0,1.0
2026-03-22T21:10:07.745-868789-105514,526,false,0.22441136259190056,1,4104.917226612335,1.0,1.0
2026-03-22T21:10:07.745-868789-105514,129,true,3.167454593815734,1,4101.749772018519,1.0,0.999
2026-03-22T21:10:07.745-868789-105514,406,false,6.602358855561538,1,4101.749772018519,1.0,1.0
2026-03-22T21:10:07.745-868789-105514,295,false,1.5140938217888724,1,4101.749772018519,1.0,1.0
2026-03-22T21:10:07.745-868789-105514,76,true,0.7781017913718584,1,4100.971670227147,1.0,0.999
2026-03-22T21:10:07.745-868789-105514,428,false,0.5601720493495908,1,4100.971670227147,1.0,1.0
2026-03-22T21:10:07.745-868789-105514,298,false,5.786274058570767,1,4100.971670227147,1.0,1.0
2026-03-22T21:10:07.745-868789-105514,884,false,9.102304515842654,1,4100.971670227147,1.0,1.0
2026-03-22T21:10:07.745-868789-105514,630,false,0.28184475248655083,1,4100.971670227147,1.0,1.0
2026-03-22T21:10:07.745-868789-105514,130,true,13.905761447941769,1,4087.0659087792055,1.0,0.6799999999999999
2026-03-22T21:10:07.745-868789-105514,521,false,25.732511413550597,1,4087.0659087792055,1.0,1.0
2026-03-22T21:10:07.745-868789-105514,952,false,0.12660747179992973,1,4087.0659087792055,1.0,1.0
2026-03-22T21:10:07.745-868789-105514,877,false,1.2321472925565593,1,4087.0659087792055,1.0,1.0
2026-03-22T21:10:07.745-868789-105514,597,false,1.6537249492226997,1,4087.0659087792055,1.0,1.0
2026-03-22T21:10:07.745-868789-105514,968,false,1.9818828503161432,1,4087.0659087792055,1.0,1.0
2026-03-22T21:10:07.745-868789-105514,816,false,1.1649961283389587,1,4087.0659087792055,1.0,1.0
2026-03-22T21:10:07.745-868789-105514,533,true,1.2537623083195129,1,4085.812146470886,1.0,0.052000000000000046
2026-03-22T21:10:07.745-868789-105514,992,false,6.800825359183315,1,4085.812146470886,1.0,1.0
2026-03-22T21:10:07.745-868789-105514,243,false,1.9796810607973194,1,4085.812146470886,1.0,1.0
2026-03-22T21:10:07.745-868789-105514,518,false,0.08804145780194761,1,4085.812146470886,1.0,1.0
2026-03-22T21:10:07.745-868789-105514,26,true,2.810525387759476,1,4083.001621083127,1.0,0.781
2026-03-22T21:10:07.745-868789-105514,465,false,37.31703418656499,1,4083.001621083127,1.0,1.0
2026-03-22T21:10:07.745-868789-105514,813,false,2.359982985431173,1,4083.001621083127,1.0,1.0
2026-03-22T21:10:07.745-868789-105514,238,false,0.5626545554631757,1,4083.001621083127,1.0,1.0
2026-03-22T21:10:07.745-868789-105514,47,false,3.512509039808312,1,4083.001621083127,1.0,1.0
2026-03-22T21:10:07.745-868789-105514,420,false,0.1070657942674095,1,4083.001621083127,1.0,1.0
2026-03-22T21:10:07.745-868789-105514,883,false,16.472195964897047,1,4083.001621083127,1.0,1.0
2026-03-22T21:10:07.745-868789-105514,897,false,0.03587231986356877,1,4083.001621083127,1.0,1.0
2026-03-22T21:10:07.745-868789-105514,319,true,0.759647216945494,1,4082.2419738661815,1.0,0.633
2026-03-22T21:10:07.745-868789-105514,748,false,39.91904202665932,1,4082.2419738661815,1.0,1.0
2026-03-22T21:10:07.745-868789-105514,78,true,5.225125167643441,1,4077.016848698538,1.0,0.6659999999999999
2026-03-22T21:10:07.745-868789-105514,479,false,0.7768191487422778,1,4077.016848698538,1.0,1.0
2026-03-22T21:10:07.745-868789-105514,722,false,58.83608631293779,1,4077.016848698538,1.0,1.0
2026-03-22T21:10:07.745-868789-105514,980,false,3.503444863362505,1,4077.016848698538,1.0,1.0
2026-03-22T21:10:07.745-868789-105514,19,false,20.157415359910868,1,4077.016848698538,1.0,1.0
2026-03-22T21:10:07.745-868789-105514,149,true,0.5046700094851762,1,4076.5121786890527,1.0,0.629
2026-03-22T21:10:07.745-868789-105514,482,false,2.13590981985799,1,4076.5121786890527,1.0,1.0
2026-03-22T21:10:07.745-868789-105514,886,false,0.1129754670662148,1,4076.5121786890527,1.0,1.0
2026-03-22T21:10:07.745-868789-105514,231,false,20.21245233039689,1,4076.5121786890527,1.0,1.0
2026-03-22T21:10:07.745-868789-105514,861,false,4.9322145385070755,1,4076.5121786890527,1.0,1.0
2026-03-22T21:10:07.745-868789-105514,625,false,2.8503643938274905,1,4076.5121786890527,1.0,1.0
2026-03-22T21:10:07.745-868789-105514,641,true,0.26455347585213634,1,4076.2476252132005,1.0,0.999
2026-03-22T21:10:07.745-868789-105514,789,false,38.964823570390344,1,4076.2476252132005,1.0,1.0
2026-03-22T21:10:07.745-868789-105514,869,false,0.4592350427673506,1,4076.2476252132005,1.0,1.0
2026-03-22T21:10:07.745-868789-105514,942,false,0.48183876552132276,1,4076.2476252132005,1.0,1.0
2026-03-22T21:10:07.745-868789-105514,719,false,2.6223187207314935,1,4076.2476252132005,1.0,1.0
2026-03-22T21:10:07.745-868789-105514,300,false,4.995886522995104,1,4076.2476252132005,1.0,1.0
2026-03-22T21:10:07.745-868789-105514,474,false,0.11865907845650964,1,4076.2476252132005,1.0,1.0
2026-03-22T21:10:07.745-868789-105514,196,false,0.8972333393438411,1,4076.2476252132005,1.0,1.0
2026-03-22T21:10:07.745-868789-105514,225,false,0.4907253070953587,1,4076.2476252132005,1.0,1.0
2026-03-22T21:10:07.745-868789-105514,1000,true,2.197990173330015,1,4074.0496350398707,1.0,0.999
2026-03-22T21:10:07.745-868789-105514,55,false,0.2530339371199543,1,4074.0496350398707,1.0,1.0
2026-03-22T21:10:07.745-868789-105514,152,true,0.44790039023006406,1,4073.6017346496405,1.0,0.006000000000000005
2026-03-22T21:10:07.745-868789-105514,868,false,13.016924484125445,1,4073.6017346496405,1.0,1.0
2026-03-22T21:10:07.745-868789-105514,46,false,0.29315074701379795,1,4073.6017346496405,1.0,1.0
2026-03-22T21:10:07.745-868789-105514,973,false,2.4861245906856846,1,4073.6017346496405,1.0,1.0
2026-03-22T21:10:07.745-868789-105514,338,false,0.764570928362927,1,4073.6017346496405,1.0,1.0
2026-03-22T21:10:07.745-868789-105514,756,true,1.7845899909329859,1,4071.8171446587075,1.0,0.6579999999999999
2026-03-22T21:10:07.745-868789-105514,288,false,9.333627620134672,1,4071.8171446587075,1.0,1.0
2026-03-22T21:10:07.745-868789-105514,456,true,45.33670624481042,1,4026.480438413897,1.0,0.998
2026-03-22T21:10:07.745-868789-105514,566,false,11.125154847579271,1,4026.480438413897,1.0,1.0
2026-03-22T21:10:07.745-868789-105514,191,false,0.592217024331823,1,4026.480438413897,1.0,1.0
2026-03-22T21:10:07.745-868789-105514,796,false,0.08256454848079128,1,4026.480438413897,1.0,1.0
2026-03-22T21:10:07.745-868789-105514,981,false,0.6035558321683904,1,4026.480438413897,1.0,1.0
2026-03-22T21:10:07.745-868789-105514,647,false,2.174561980074722,1,4026.480438413897,1.0,1.0
2026-03-22T21:10:07.745-868789-105514,969,true,0.9437365278452768,1,4025.5367018860516,1.0,0.999
2026-03-22T21:10:07.745-868789-105514,169,false,14.080163621122402,1,4025.5367018860516,1.0,1.0
2026-03-22T21:10:07.745-868789-105514,66,true,0.5999174230110853,1,4024.9367844630406,1.0,0.5800000000000001
2026-03-22T21:10:07.745-868789-105514,831,false,1.9787934142401127,1,4024.9367844630406,1.0,1.0
2026-03-22T21:10:07.745-868789-105514,809,true,1.550175294221061,1,4023.3866091688196,1.0,0.6579999999999999
2026-03-22T21:10:07.745-868789-105514,254,false,2.3459171154682097,1,4023.3866091688196,1.0,1.0
2026-03-22T21:10:07.745-868789-105514,349,true,25.276286816348886,1,3998.1103223524706,1.0,0.681
2026-03-22T21:10:07.745-868789-105514,435,false,4.8219297235408245,1,3998.1103223524706,1.0,1.0
2026-03-22T21:10:07.745-868789-105514,433,true,124.09265918753213,1,3874.0176631649383,1.0,0.999
2026-03-22T21:10:07.745-868789-105514,550,true,4.1772873604848355,1,3869.8403758044533,1.0,0.754
2026-03-22T21:10:07.745-868789-105514,284,false,1045.0233993498725,1,3869.8403758044533,1.0,1.0
2026-03-22T21:10:07.745-868789-105514,201,false,0.8372574774759985,1,3869.8403758044533,1.0,1.0
2026-03-22T21:10:07.745-868789-105514,487,false,1.087173980890657,1,3869.8403758044533,1.0,1.0
2026-03-22T21:10:07.745-868789-105514,432,true,4.168729798486223,1,3865.671646005967,1.0,0.624
2026-03-22T21:10:07.745-868789-105514,639,true,0.4039297919320151,1,3865.267716214035,1.0,0.639
2026-03-22T21:10:07.745-868789-105514,203,false,6.511523211040761,1,3865.267716214035,1.0,1.0
2026-03-22T21:10:07.745-868789-105514,634,false,0.31687412559074757,1,3865.267716214035,1.0,1.0
2026-03-22T21:10:07.745-868789-105514,730,false,16.22012183487734,1,3865.267716214035,1.0,1.0
2026-03-22T21:10:07.745-868789-105514,109,false,0.8167836066636535,1,3865.267716214035,1.0,1.0
2026-03-22T21:10:07.745-868789-105514,333,true,37.61925173634507,1,3827.6484644776897,1.0,0.006000000000000005
2026-03-22T21:10:07.745-868789-105514,133,true,0.4998143465755017,1,3827.148650131114,1.0,0.635
2026-03-22T21:10:07.745-868789-105514,45,false,1.6414624324203633,1,3827.148650131114,1.0,1.0
2026-03-22T21:10:07.745-868789-105514,299,true,130.6595030222622,1,3696.489147108852,1.0,0.999
2026-03-22T21:10:07.745-868789-105514,351,true,0.8336272514968197,1,3695.6555198573556,1.0,0.629
2026-03-22T21:10:07.745-868789-105514,176,true,3.19122118185985,1,3692.4642986754957,1.0,0.736
2026-03-22T21:10:07.745-868789-105514,151,true,0.3682218941025752,1,3692.096076781393,1.0,0.0
2026-03-22T21:10:07.745-868789-105514,908,false,10.425907452060036,1,3692.096076781393,1.0,1.0
2026-03-22T21:10:07.745-868789-105514,645,false,20.041654025014587,1,3692.096076781393,1.0,1.0
2026-03-22T21:10:07.745-868789-105514,769,true,64.43857135456909,1,3627.657505426824,1.0,0.999
2026-03-22T21:10:07.745-868789-105514,175,true,0.304920786283086,1,3627.352584640541,1.0,0.06299999999999994
2026-03-22T21:10:07.745-868789-105514,41,false,11.07849097969262,1,3627.352584640541,1.0,1.0
2026-03-22T21:10:07.745-868789-105514,794,false,26.46762241311816,1,3627.352584640541,1.0,1.0
2026-03-22T21:10:07.745-868789-105514,455,true,8.393646263304628,1,3618.9589383772363,1.0,0.641
2026-03-22T21:10:07.745-868789-105514,577,false,9.286577289591774,1,3618.9589383772363,1.0,1.0
2026-03-22T21:10:07.745-868789-105514,96,false,0.018490185285286367,1,3618.9589383772363,1.0,1.0
2026-03-22T21:10:07.745-868789-105514,75,true,0.6151271118107093,1,3618.3438112654258,1.0,0.07799999999999996
2026-03-22T21:10:07.745-868789-105514,865,false,1.639036449518693,1,3618.3438112654258,1.0,1.0
2026-03-22T21:10:07.745-868789-105514,704,false,19.737585739819067,1,3618.3438112654258,1.0,1.0
2026-03-22T21:10:07.745-868789-105514,666,true,4.853311201130734,1,3613.4905000642952,1.0,0.758
2026-03-22T21:10:07.745-868789-105514,637,true,23.14824230368426,1,3590.342257760611,1.0,0.656
2026-03-22T21:10:07.745-868789-105514,458,false,0.14946929563272354,1,3590.342257760611,1.0,1.0
2026-03-22T21:10:07.745-868789-105514,207,false,5.037065526582622,1,3590.342257760611,1.0,1.0
2026-03-22T21:10:07.745-868789-105514,929,false,3.7564924673239113,1,3590.342257760611,1.0,1.0
2026-03-22T21:10:07.745-868789-105514,842,true,95.42383598246384,1,3494.918421778147,1.0,0.999
2026-03-22T21:10:07.745-868789-105514,405,false,337.0002893034393,1,3494.918421778147,1.0,1.0
2026-03-22T21:10:07.745-868789-105514,529,true,1.3484347973860042,1,3493.5699869807613,1.0,0.601
2026-03-22T21:10:07.745-868789-105514,616,false,8.1378989032841,1,3493.5699869807613,1.0,1.0
2026-03-22T21:10:07.745-868789-105514,698,false,90.04062997812798,1,3493.5699869807613,1.0,1.0
2026-03-22T21:10:07.745-868789-105514,890,false,0.5157990984852848,1,3493.5699869807613,1.0,1.0
2026-03-22T21:10:07.745-868789-105514,781,false,26.33548944970082,1,3493.5699869807613,1.0,1.0
2026-03-22T21:10:07.745-868789-105514,920,false,1.2882589964270488,1,3493.5699869807613,1.0,1.0
2026-03-22T21:10:07.745-868789-105514,408,false,4.871454990609845,1,3493.5699869807613,1.0,1.0
2026-03-22T21:10:07.745-868789-105514,958,false,36.155887667693264,1,3493.5699869807613,1.0,1.0
2026-03-22T21:10:07.745-868789-105514,941,false,0.15931422080367466,1,3493.5699869807613,1.0,1.0
2026-03-22T21:10:07.745-868789-105514,581,false,0.703529736010683,1,3493.5699869807613,1.0,1.0
2026-03-22T21:10:07.745-868789-105514,863,false,5.9497225230295285,1,3493.5699869807613,1.0,1.0
2026-03-22T21:10:07.745-868789-105514,280,false,0.6430044815951492,1,3493.5699869807613,1.0,1.0
2026-03-22T21:10:07.745-868789-105514,296,true,2.5129659253686922,1,3491.0570210553924,1.0,0.626
2026-03-22T21:10:07.745-868789-105514,758,false,0.043288703535675606,1,3491.0570210553924,1.0,1.0
2026-03-22T21:10:07.745-868789-105514,751,true,7.897483424083188,1,3483.1595376313094,1.0,0.661
2026-03-22T21:10:07.745-868789-105514,817,false,124.12470384021195,1,3483.1595376313094,1.0,1.0
2026-03-22T21:10:07.745-868789-105514,822,true,4.3702894648792405,1,3478.7892481664303,1.0,0.999
2026-03-22T21:10:07.745-868789-105514,316,true,2.156093125024255,1,3476.633155041406,1.0,0.637
2026-03-22T21:10:07.745-868789-105514,949,true,4.554229641107255,1,3472.078925400299,1.0,0.644
2026-03-22T21:10:07.745-868789-105514,56,false,9.044333289212386,1,3472.078925400299,1.0,1.0
2026-03-22T21:10:07.745-868789-105514,97,false,1.7775726572858153,1,3472.078925400299,1.0,1.0
2026-03-22T21:10:07.745-868789-105514,144,false,0.08173779380606172,1,3472.078925400299,1.0,1.0
2026-03-22T21:10:07.745-868789-105514,771,true,3.255259791254969,1,3468.823665609044,1.0,0.648
2026-03-22T21:10:07.745-868789-105514,330,true,2.210068403835468,1,3466.6135972052084,1.0,0.01200000000000001
2026-03-22T21:10:07.745-868789-105514,335,true,4.333673892952778,1,3462.2799233122555,1.0,0.009000000000000008
2026-03-22T21:10:07.745-868789-105514,826,true,31.93830903317724,1,3430.3416142790784,1.0,0.999
2026-03-22T21:10:07.745-868789-105514,187,false,8.369017187589174,1,3430.3416142790784,1.0,1.0
2026-03-22T21:10:07.745-868789-105514,760,false,0.6336610252626967,1,3430.3416142790784,1.0,1.0
2026-03-22T21:10:07.745-868789-105514,761,false,13.302404668964003,1,3430.3416142790784,1.0,1.0
2026-03-22T21:10:07.745-868789-105514,409,false,0.19609759132679985,1,3430.3416142790784,1.0,1.0
2026-03-22T21:10:07.745-868789-105514,773,true,12.437559653910574,1,3417.9040546251676,1.0,0.6579999999999999
2026-03-22T21:10:07.745-868789-105514,25,true,9.797037843568681,1,3408.1070167815988,1.0,0.649
2026-03-22T21:10:07.745-868789-105514,534,true,0.9250502732997553,1,3407.181966508299,1.0,0.0
2026-03-22T21:10:07.745-868789-105514,585,false,23.264235887571388,1,3407.181966508299,1.0,1.0
2026-03-22T21:10:07.745-868789-105514,655,false,2.23044225782295,1,3407.181966508299,1.0,1.0
2026-03-22T21:10:07.745-868789-105514,998,true,3.8000317063264495,1,3403.3819348019724,1.0,0.749
2026-03-22T21:10:07.745-868789-105514,576,false,1.720300700320536,1,3403.3819348019724,1.0,1.0
2026-03-22T21:10:07.745-868789-105514,450,false,4.393500436000321,1,3403.3819348019724,1.0,1.0
2026-03-22T21:10:07.745-868789-105514,197,false,1.798312416303756,1,3403.3819348019724,1.0,1.0
2026-03-22T21:10:07.745-868789-105514,624,false,65.0837040684889,1,3403.3819348019724,1.0,1.0
2026-03-22T21:10:07.745-868789-105514,372,false,24.350622707389796,1,3403.3819348019724,1.0,1.0
2026-03-22T21:10:07.745-868789-105514,369,false,20.54636279196812,1,3403.3819348019724,1.0,1.0
2026-03-22T21:10:07.745-868789-105514,260,true,2.516450552753944,1,3400.8654842492183,1.0,0.010000000000000009
2026-03-22T21:10:07.745-868789-105514,885,true,4.723227430913452,1,3396.1422568183048,1.0,0.999
2026-03-22T21:10:07.745-868789-105514,674,false,31.76951319380629,1,3396.1422568183048,1.0,1.0
2026-03-22T21:10:07.745-868789-105514,340,false,12.076268695503838,1,3396.1422568183048,1.0,1.0
2026-03-22T21:10:07.745-868789-105514,777,false,1.7269490452087835,1,3396.1422568183048,1.0,1.0
2026-03-22T21:10:07.745-868789-105514,604,false,3.330710313016857,1,3396.1422568183048,1.0,1.0
2026-03-22T21:10:07.745-868789-105514,512,false,1.4515495490213668,1,3396.1422568183048,1.0,1.0
2026-03-22T21:10:07.745-868789-105514,913,true,42.56405809089644,1,3353.578198727408,1.0,0.657
2026-03-22T21:10:07.745-868789-105514,633,false,8.85766866755634,1,3353.578198727408,1.0,1.0
2026-03-22T21:10:07.745-868789-105514,935,false,0.40972905348000355,1,3353.578198727408,1.0,1.0
2026-03-22T21:10:07.745-868789-105514,202,false,519.0718733973154,1,3353.578198727408,1.0,1.0
2026-03-22T21:10:07.745-868789-105514,337,true,1.1748080071314426,1,3352.4033907202765,1.0,0.007000000000000006
2026-03-22T21:10:07.745-868789-105514,71,true,0.2830350687851289,1,3352.1203556514915,1.0,0.999
2026-03-22T21:10:07.745-868789-105514,609,false,0.6658831269673783,1,3352.1203556514915,1.0,1.0
2026-03-22T21:10:07.745-868789-105514,27,true,2.656289671516674,1,3349.4640659799747,1.0,0.01200000000000001
2026-03-22T21:10:07.745-868789-105514,696,true,0.26079750721600076,1,3349.2032684727587,1.0,0.999
2026-03-22T21:10:07.745-868789-105514,530,true,3.6663846713063215,1,3345.5368838014524,1.0,0.0
2026-03-22T21:10:07.745-868789-105514,311,false,2.24689636199604,1,3345.5368838014524,1.0,1.0
2026-03-22T21:10:07.745-868789-105514,367,false,0.5811042739147794,1,3345.5368838014524,1.0,1.0
2026-03-22T21:10:07.745-868789-105514,453,true,1.1379828949715618,1,3344.398900906481,1.0,0.08099999999999996
2026-03-22T21:10:07.745-868789-105514,282,false,0.4606360231890899,1,3344.398900906481,1.0,1.0
2026-03-22T21:10:07.745-868789-105514,447,false,0.26826854260614075,1,3344.398900906481,1.0,1.0
2026-03-22T21:10:07.745-868789-105514,538,true,4.0488393213030776,1,3340.3500615851776,1.0,0.6599999999999999
2026-03-22T21:10:07.745-868789-105514,192,false,3.9663882975259424,1,3340.3500615851776,1.0,1.0
2026-03-22T21:10:07.745-868789-105514,978,false,4.716445881724481,1,3340.3500615851776,1.0,1.0
2026-03-22T21:10:07.745-868789-105514,489,false,5.570946733929944,1,3340.3500615851776,1.0,1.0
2026-03-22T21:10:07.745-868789-105514,776,true,32.2750328267684,1,3308.075028758409,1.0,0.618
2026-03-22T21:10:07.745-868789-105514,267,false,39.06779626159838,1,3308.075028758409,1.0,1.0
2026-03-22T21:10:07.745-868789-105514,491,false,0.22823116928984954,1,3308.075028758409,1.0,1.0
2026-03-22T21:10:07.745-868789-105514,170,false,0.26424768623372125,1,3308.075028758409,1.0,1.0
2026-03-22T21:10:07.745-868789-105514,889,false,17.875446217064265,1,3308.075028758409,1.0,1.0
2026-03-22T21:10:07.745-868789-105514,945,false,8.241401509554418,1,3308.075028758409,1.0,1.0
2026-03-22T21:10:07.745-868789-105514,924,false,1.549691332549151,1,3308.075028758409,1.0,1.0
2026-03-22T21:10:07.745-868789-105514,506,false,1.3409740406180988,1,3308.075028758409,1.0,1.0
2026-03-22T21:10:07.745-868789-105514,736,false,0.13014146961760648,1,3308.075028758409,1.0,1.0
2026-03-22T21:10:07.745-868789-105514,341,false,6.9920600179118075,1,3308.075028758409,1.0,1.0
2026-03-22T21:10:07.745-868789-105514,241,false,0.2220205987491421,1,3308.075028758409,1.0,1.0
2026-03-22T21:10:07.745-868789-105514,658,false,5.084123113207749,1,3308.075028758409,1.0,1.0
2026-03-22T21:10:07.745-868789-105514,174,true,18.679982155390714,1,3289.3950466030183,1.0,0.0
2026-03-22T21:10:07.745-868789-105514,160,true,14.981545316628175,1,3274.41350128639,1.0,0.653
2026-03-22T21:10:07.745-868789-105514,244,false,0.0404801189664052,1,3274.41350128639,1.0,1.0
2026-03-22T21:10:07.745-868789-105514,462,false,1.7183228412567924,1,3274.41350128639,1.0,1.0
2026-03-22T21:10:07.745-868789-105514,264,true,3.619396320510187,1,3270.79410496588,1.0,0.785
2026-03-22T21:10:07.745-868789-105514,312,false,5.628010603715868,1,3270.79410496588,1.0,1.0
2026-03-22T21:10:07.745-868789-105514,476,true,179.1685164719812,1,3091.6255884938987,1.0,0.999
2026-03-22T21:10:07.745-868789-105514,208,true,12.377699216285341,1,3079.2478892776135,1.0,0.636
2026-03-22T21:10:07.745-868789-105514,755,true,1.0605285403742397,1,3078.187360737239,1.0,0.01200000000000001
2026-03-22T21:10:07.745-868789-105514,87,false,0.9557178924530058,1,3078.187360737239,1.0,1.0
2026-03-22T21:10:07.745-868789-105514,906,false,15.626396266796847,1,3078.187360737239,1.0,1.0
2026-03-22T21:10:07.745-868789-105514,727,false,1.0794312036048,1,3078.187360737239,1.0,1.0
2026-03-22T21:10:07.745-868789-105514,563,false,1.4902258362037335,1,3078.187360737239,1.0,1.0
2026-03-22T21:10:07.745-868789-105514,753,true,0.8407573147263796,1,3077.3466034225125,1.0,0.0
2026-03-22T21:10:07.745-868789-105514,232,false,1.5710627335238,1,3077.3466034225125,1.0,1.0
2026-03-22T21:10:07.745-868789-105514,711,true,4.7933142250236145,1,3072.553289197489,1.0,0.999
2026-03-22T21:10:07.745-868789-105514,499,true,23.249379606066043,1,3049.303909591423,1.0,0.999
2026-03-22T21:10:07.745-868789-105514,379,false,3.0550523418293745,1,3049.303909591423,1.0,1.0
2026-03-22T21:10:07.745-868789-105514,233,true,1.613265161858475,1,3047.690644429564,1.0,0.999
2026-03-22T21:10:07.745-868789-105514,798,false,0.09676551338973399,1,3047.690644429564,1.0,1.0
2026-03-22T21:10:07.745-868789-105514,961,false,3.487008202997226,1,3047.690644429564,1.0,1.0
2026-03-22T21:10:07.745-868789-105514,77,true,0.6835670925026391,1,3047.0070773370617,1.0,0.0
2026-03-22T21:10:07.745-868789-105514,407,false,6.654445650260761,1,3047.0070773370617,1.0,1.0
2026-03-22T21:10:07.745-868789-105514,125,false,5.910097301857652,1,3047.0070773370617,1.0,1.0
2026-03-22T21:10:07.745-868789-105514,558,true,2.6595110046049344,1,3044.3475663324566,1.0,0.999
2026-03-22T21:10:07.745-868789-105514,105,false,0.35378622359313394,1,3044.3475663324566,1.0,1.0
2026-03-22T21:10:07.745-868789-105514,938,false,1.578615955217456,1,3044.3475663324566,1.0,1.0
2026-03-22T21:10:07.745-868789-105514,392,false,6.487046207430406,1,3044.3475663324566,1.0,1.0
2026-03-22T21:10:07.745-868789-105514,427,false,20.121578899866087,1,3044.3475663324566,1.0,1.0
2026-03-22T21:10:07.745-868789-105514,682,false,3.9321228358265192,1,3044.3475663324566,1.0,1.0
2026-03-22T21:10:07.745-868789-105514,844,true,22.166493285767167,1,3022.1810730466896,1.0,0.751
2026-03-22T21:10:07.745-868789-105514,588,false,1.7208116227127432,1,3022.1810730466896,1.0,1.0
2026-03-22T21:10:07.745-868789-105514,452,true,1.8296280065545805,1,3020.351445040135,1.0,0.07899999999999996
2026-03-22T21:10:07.745-868789-105514,765,false,2.5759826980806766,1,3020.351445040135,1.0,1.0
2026-03-22T21:10:07.745-868789-105514,32,false,10.548669987680475,1,3020.351445040135,1.0,1.0
2026-03-22T21:10:07.745-868789-105514,219,false,2.467861603419046,1,3020.351445040135,1.0,1.0
2026-03-22T21:10:07.745-868789-105514,553,true,20.606419587478083,1,2999.7450254526566,1.0,0.639
2026-03-22T21:10:07.745-868789-105514,342,false,1.2555443614178867,1,2999.7450254526566,1.0,1.0
2026-03-22T21:10:07.745-868789-105514,200,false,0.5628552260569121,1,2999.7450254526566,1.0,1.0
2026-03-22T21:10:07.745-868789-105514,112,false,0.9350346875036295,1,2999.7450254526566,1.0,1.0
2026-03-22T21:10:07.745-868789-105514,441,false,1.738468702738256,1,2999.7450254526566,1.0,1.0
2026-03-22T21:10:07.745-868789-105514,426,true,3.4392115401656347,1,2996.305813912491,1.0,0.999
2026-03-22T21:10:07.745-868789-105514,148,true,1.0897210156828927,1,2995.2160928968083,1.0,0.0050000000000000044
2026-03-22T21:10:07.745-868789-105514,793,false,166.60936103793094,1,2995.2160928968083,1.0,1.0
2026-03-22T21:10:07.745-868789-105514,993,false,10.002962247956674,1,2995.2160928968083,1.0,1.0
2026-03-22T21:10:07.745-868789-105514,143,false,2.132852361018638,1,2995.2160928968083,1.0,1.0
2026-03-22T21:10:07.745-868789-105514,48,false,3.7513744409446272,1,2995.2160928968083,1.0,1.0
2026-03-22T21:10:07.745-868789-105514,919,false,0.17483465792637848,1,2995.2160928968083,1.0,1.0
2026-03-22T21:10:07.745-868789-105514,792,false,0.799789141947074,1,2995.2160928968083,1.0,1.0
2026-03-22T21:10:07.745-868789-105514,198,false,3.7990671352912986,1,2995.2160928968083,1.0,1.0
2026-03-22T21:10:07.745-868789-105514,846,false,0.1912326036776563,1,2995.2160928968083,1.0,1.0
2026-03-22T21:10:07.745-868789-105514,446,false,2.136041476981155,1,2995.2160928968083,1.0,1.0
2026-03-22T21:10:07.745-868789-105514,51,false,4.912301282250512,1,2995.2160928968083,1.0,1.0
2026-03-22T21:10:07.745-868789-105514,332,false,0.0364760449039483,1,2995.2160928968083,1.0,1.0
2026-03-22T21:10:07.745-868789-105514,990,false,67.69237189848072,1,2995.2160928968083,1.0,1.0
2026-03-22T21:10:07.745-868789-105514,222,true,19.804021158179506,1,2975.4120717386286,1.0,0.999
2026-03-22T21:10:07.745-868789-105514,872,false,2.569370397632476,1,2975.4120717386286,1.0,1.0
2026-03-22T21:10:07.745-868789-105514,182,true,23.293889767044675,1,2952.118181971584,1.0,0.595
2026-03-22T21:10:07.745-868789-105514,657,false,7.9951299736236985,1,2952.118181971584,1.0,1.0
2026-03-22T21:10:07.745-868789-105514,135,true,4.362845968595119,1,2947.7553360029888,1.0,0.651
2026-03-22T21:10:07.745-868789-105514,934,false,35.13506587874445,1,2947.7553360029888,1.0,1.0
2026-03-22T21:10:07.745-868789-105514,545,false,11.188437184814239,1,2947.7553360029888,1.0,1.0
2026-03-22T21:10:07.745-868789-105514,894,false,124.94993128626176,1,2947.7553360029888,1.0,1.0
2026-03-22T21:10:07.745-868789-105514,209,true,5.0751823118108295,1,2942.680153691178,1.0,0.007000000000000006
2026-03-22T21:10:07.745-868789-105514,277,true,19.775042053434056,1,2922.905111637744,1.0,0.999
2026-03-22T21:10:07.745-868789-105514,788,true,90.05191299106795,1,2832.853198646676,1.0,0.999
2026-03-22T21:10:07.745-868789-105514,963,true,42.25923696991904,1,2790.593961676757,1.0,0.762
2026-03-22T21:10:07.745-868789-105514,448,false,6.9637810241324605,1,2790.593961676757,1.0,1.0
2026-03-22T21:10:07.745-868789-105514,43,false,3.987933332297797,1,2790.593961676757,1.0,1.0
2026-03-22T21:10:07.745-868789-105514,62,true,3.94428399756354,1,2786.6496776791932,1.0,0.7150000000000001
2026-03-22T21:10:07.745-868789-105514,589,false,70.12932175581392,1,2786.6496776791932,1.0,1.0
2026-03-22T21:10:07.745-868789-105514,556,true,6.224110251755941,1,2780.4255674274373,1.0,0.01200000000000001
2026-03-22T21:10:07.745-868789-105514,853,false,2.583294068146991,1,2780.4255674274373,1.0,1.0
2026-03-22T21:10:07.745-868789-105514,294,true,1.3983650257411337,1,2779.0272024016963,1.0,0.649
2026-03-22T21:10:07.745-868789-105514,361,true,3.7093571433161507,1,2775.31784525838,1.0,0.999
2026-03-22T21:10:07.745-868789-105514,972,true,6.462225474309579,1,2768.8556197840708,1.0,0.65
2026-03-22T21:10:07.745-868789-105514,975,false,0.19808971862249616,1,2768.8556197840708,1.0,1.0
2026-03-22T21:10:07.745-868789-105514,206,true,134.30735062475677,1,2634.548269159314,1.0,0.009000000000000008
2026-03-22T21:10:07.745-868789-105514,649,false,102.4283628279914,1,2634.548269159314,1.0,1.0
2026-03-22T21:10:07.745-868789-105514,308,false,7.046527170818378,1,2634.548269159314,1.0,1.0
2026-03-22T21:10:07.745-868789-105514,285,false,12.11055677159477,1,2634.548269159314,1.0,1.0
2026-03-22T21:10:07.745-868789-105514,256,false,0.09691921260726023,1,2634.548269159314,1.0,1.0
2026-03-22T21:10:07.745-868789-105514,9,false,3.5437648357219222,1,2634.548269159314,1.0,1.0
2026-03-22T21:10:07.745-868789-105514,653,false,4.49301024691723,1,2634.548269159314,1.0,1.0
2026-03-22T21:10:07.745-868789-105514,137,true,22.927737097263705,1,2611.62053206205,1.0,0.655
2026-03-22T21:10:07.745-868789-105514,673,false,8.408785671741649,1,2611.62053206205,1.0,1.0
2026-03-22T21:10:07.745-868789-105514,359,true,0.49676347792538994,1,2611.1237685841247,1.0,0.04700000000000004
2026-03-22T21:10:07.745-868789-105514,720,false,0.051774319564347054,1,2611.1237685841247,1.0,1.0
2026-03-22T21:10:07.745-868789-105514,999,false,0.16094259979751832,1,2611.1237685841247,1.0,1.0
2026-03-22T21:10:07.745-868789-105514,820,true,6.149029240734145,1,2604.9747393433904,1.0,0.624
2026-03-22T21:10:07.745-868789-105514,514,false,0.03370656434357674,1,2604.9747393433904,1.0,1.0
2026-03-22T21:10:07.745-868789-105514,551,true,2.0812461663898163,1,2602.8934931770004,1.0,0.06499999999999995
2026-03-22T21:10:07.745-868789-105514,570,false,1.8695189511947614,1,2602.8934931770004,1.0,1.0
2026-03-22T21:10:07.745-868789-105514,715,false,8.362946488238407,1,2602.8934931770004,1.0,1.0
2026-03-22T21:10:07.745-868789-105514,611,false,155.77176307591245,1,2602.8934931770004,1.0,1.0
2026-03-22T21:10:07.745-868789-105514,878,false,2.975812296361968,1,2602.8934931770004,1.0,1.0
2026-03-22T21:10:07.745-868789-105514,692,false,49.1133518867347,1,2602.8934931770004,1.0,1.0
2026-03-22T21:10:07.745-868789-105514,804,true,1.31019017507558,1,2601.583303001925,1.0,0.65
2026-03-22T21:10:07.745-868789-105514,987,false,109.14781184661186,1,2601.583303001925,1.0,1.0
2026-03-22T21:10:07.745-868789-105514,13,false,0.34645689319448925,1,2601.583303001925,1.0,1.0
2026-03-22T21:10:07.745-868789-105514,468,false,2.193407955097247,1,2601.583303001925,1.0,1.0
2026-03-22T21:10:07.745-868789-105514,106,false,1.9749902806931725,1,2601.583303001925,1.0,1.0
2026-03-22T21:10:07.745-868789-105514,84,false,5.576522199744687,1,2601.583303001925,1.0,1.0
2026-03-22T21:10:07.745-868789-105514,429,true,0.7773990056405364,1,2600.805903996284,1.0,0.016000000000000014
2026-03-22T21:10:07.745-868789-105514,164,false,0.16893390934256894,1,2600.805903996284,1.0,1.0
2026-03-22T21:10:07.745-868789-105514,710,true,0.735866887013654,1,2600.0700371092703,1.0,0.633
2026-03-22T21:10:07.745-868789-105514,490,false,1.208365311924255,1,2600.0700371092703,1.0,1.0
2026-03-22T21:10:07.745-868789-105514,354,true,2.9619215293545977,1,2597.1081155799156,1.0,0.842
2026-03-22T21:10:07.745-868789-105514,139,true,17.827114897426476,1,2579.2810006824893,1.0,0.633
2026-03-22T21:10:07.745-868789-105514,823,true,1547.7275053115006,1,1031.5534953709887,1.0,0.0
2026-03-22T21:10:07.745-868789-105514,242,false,5.417115376354271,1,1031.5534953709887,1.0,1.0
2026-03-22T21:10:07.745-868789-105514,248,false,0.2094849360476543,1,1031.5534953709887,1.0,1.0
2026-03-22T21:10:07.745-868789-105514,364,true,2.4540445078096385,1,1029.099450863179,1.0,0.783
2026-03-22T21:10:07.745-868789-105514,531,true,115.12433045127094,1,913.9751204119082,1.0,0.0
2026-03-22T21:10:07.745-868789-105514,302,true,6.626149863146193,1,907.3489705487619,1.0,0.625
2026-03-22T21:10:07.745-868789-105514,436,true,3.137984201344468,1,904.2109863474175,1.0,0.602
2026-03-22T21:10:07.745-868789-105514,374,false,1.422134297955273,1,904.2109863474175,1.0,1.0
2026-03-22T21:10:07.745-868789-105514,85,false,32.58839872059395,1,904.2109863474175,1.0,1.0
2026-03-22T21:10:07.745-868789-105514,224,true,6.464108311106181,1,897.7468780363113,1.0,0.638
2026-03-22T21:10:07.745-868789-105514,580,false,10.544979968315582,1,897.7468780363113,1.0,1.0
2026-03-22T21:10:07.745-868789-105514,94,false,1.3040869796569399,1,897.7468780363113,1.0,1.0
2026-03-22T21:10:07.745-868789-105514,548,true,5.212410150645968,1,892.5344678856653,1.0,0.010000000000000009
2026-03-22T21:10:07.745-868789-105514,212,true,1.611886875685383,1,890.9225810099799,1.0,0.0
2026-03-22T21:10:07.745-868789-105514,857,false,0.9620124601604272,1,890.9225810099799,1.0,1.0
2026-03-22T21:10:07.745-868789-105514,948,true,1.2201794839489843,1,889.7024015260309,1.0,0.009000000000000008
2026-03-22T21:10:07.745-868789-105514,265,false,0.0989871212304504,1,889.7024015260309,1.0,1.0
2026-03-22T21:10:07.745-868789-105514,731,true,1.6347485288107537,1,888.0676529972202,1.0,0.999
2026-03-22T21:10:07.745-868789-105514,672,false,1.8704307378779046,1,888.0676529972202,1.0,1.0
2026-03-22T21:10:07.745-868789-105514,327,true,3.565220240687998,1,884.5024327565322,1.0,0.771
2026-03-22T21:10:07.745-868789-105514,742,true,11.590976256999323,1,872.911456499533,1.0,0.624
2026-03-22T21:10:07.745-868789-105514,329,true,3.4662627905078103,1,869.4451937090251,1.0,0.0
2026-03-22T21:10:07.745-868789-105514,896,false,1.10005465548397,1,869.4451937090251,1.0,1.0
2026-03-22T21:10:07.745-868789-105514,386,false,2.412097673526985,1,869.4451937090251,1.0,1.0
2026-03-22T21:10:07.745-868789-105514,519,false,2.136731757508734,1,869.4451937090251,1.0,1.0
2026-03-22T21:10:07.745-868789-105514,22,false,0.09543995009301809,1,869.4451937090251,1.0,1.0
2026-03-22T21:10:07.745-868789-105514,480,false,0.1925825647886487,1,869.4451937090251,1.0,1.0
2026-03-22T21:10:07.745-868789-105514,544,false,0.5803423464600885,1,869.4451937090251,1.0,1.0
2026-03-22T21:10:07.745-868789-105514,910,true,0.43330895696922667,1,869.011884752056,1.0,0.618
2026-03-22T21:10:07.745-868789-105514,251,true,9.525447002292234,1,859.4864377497637,1.0,0.999
2026-03-22T21:10:07.745-868789-105514,911,true,0.549967219191613,1,858.9364705305721,1.0,0.0
2026-03-22T21:10:07.745-868789-105514,783,false,10.548635630991013,1,858.9364705305721,1.0,1.0
2026-03-22T21:10:07.745-868789-105514,806,true,157.97566967601182,1,700.9608008545604,1.0,0.0
2026-03-22T21:10:07.745-868789-105514,661,false,0.032820526732024596,1,700.9608008545604,1.0,1.0
2026-03-22T21:10:07.745-868789-105514,621,false,125.88345280767446,1,700.9608008545604,1.0,1.0
2026-03-22T21:10:07.745-868789-105514,527,true,11.043712720949838,1,689.9170881336105,1.0,0.08099999999999996
2026-03-22T21:10:07.745-868789-105514,113,true,3.6018701450780055,1,686.3152179885325,1.0,0.999
2026-03-22T21:10:07.745-868789-105514,644,true,3.7745125603326257,1,682.5407054281999,1.0,0.665
2026-03-22T21:10:07.745-868789-105514,384,false,0.7523641199197776,1,682.5407054281999,1.0,1.0
2026-03-22T21:10:07.745-868789-105514,699,false,0.14353582403561707,1,682.5407054281999,1.0,1.0
2026-03-22T21:10:07.745-868789-105514,957,false,0.6773113822181155,1,682.5407054281999,1.0,1.0
2026-03-22T21:10:07.745-868789-105514,688,false,4.431237320906731,1,682.5407054281999,1.0,1.0
2026-03-22T21:10:07.745-868789-105514,713,false,0.15058383424712443,1,682.5407054281999,1.0,1.0
2026-03-22T21:10:07.745-868789-105514,565,true,0.2730156661979963,1,682.2676897620019,1.0,0.999
2026-03-22T21:10:07.745-868789-105514,739,true,16.376792167824867,1,665.890897594177,1.0,0.06000000000000005
2026-03-22T21:10:07.745-868789-105514,29,true,10.96035177763129,1,654.9305458165456,1.0,0.007000000000000006
2026-03-22T21:10:07.745-868789-105514,67,true,0.8950085947818843,1,654.0355372217638,1.0,0.0020000000000000018
2026-03-22T21:10:07.745-868789-105514,423,true,10.997551915926776,1,643.037985305837,1.0,0.637
2026-03-22T21:10:07.745-868789-105514,493,false,0.8353865167856215,1,643.037985305837,1.0,1.0
2026-03-22T21:10:07.745-868789-105514,185,true,338.7456023562004,1,304.2923829496366,1.0,0.5760000000000001
2026-03-22T21:10:07.745-868789-105514,750,false,0.20417952561001976,1,304.2923829496366,1.0,1.0
2026-03-22T21:10:07.745-868789-105514,290,false,2.8056291915813394,1,304.2923829496366,1.0,1.0
2026-03-22T21:10:07.745-868789-105514,266,false,0.135855258366204,1,304.2923829496366,1.0,1.0
2026-03-22T21:10:07.745-868789-105514,223,true,1.7664836597322473,1,302.5258992899043,1.0,0.01200000000000001
2026-03-22T21:10:07.745-868789-105514,317,true,22.266589975826736,1,280.2593093140776,1.0,0.014000000000000012
2026-03-22T21:10:07.745-868789-105514,390,false,14.039621179247003,1,280.2593093140776,1.0,1.0
2026-03-22T21:10:07.745-868789-105514,93,false,1.646810756960217,1,280.2593093140776,1.0,1.0
2026-03-22T21:10:07.745-868789-105514,815,false,1.507999111378843,1,280.2593093140776,1.0,1.0
2026-03-22T21:10:07.745-868789-105514,752,true,0.36775929300307153,1,279.8915500210745,1.0,0.0
2026-03-22T21:10:07.745-868789-105514,127,true,27.651417700488672,1,252.24013232058584,1.0,0.006000000000000005
2026-03-22T21:10:07.745-868789-105514,159,true,3.899511393510493,1,248.34062092707535,1.0,0.0050000000000000044
2026-03-22T21:10:07.745-868789-105514,646,true,5.926230298145478,1,242.41439062892988,1.0,0.626
2026-03-22T21:10:07.745-868789-105514,14,false,7.076730200499357,1,242.41439062892988,1.0,1.0
2026-03-22T21:10:07.745-868789-105514,697,false,0.20934458323192043,1,242.41439062892988,1.0,1.0
2026-03-22T21:10:07.745-868789-105514,618,false,2.561857409279698,1,242.41439062892988,1.0,1.0
2026-03-22T21:10:07.745-868789-105514,102,false,4.0155425835565906,1,242.41439062892988,1.0,1.0
2026-03-22T21:10:07.745-868789-105514,220,true,0.3011892032608897,1,242.113201425669,1.0,0.009000000000000008
2026-03-22T21:10:07.745-868789-105514,899,false,1.4839800051333776,1,242.113201425669,1.0,1.0
2026-03-22T21:10:07.745-868789-105514,235,true,24.674568167421455,1,217.43863325824753,1.0,0.771
2026-03-22T21:10:07.745-868789-105514,339,true,82.30937929560402,1,135.12925396264353,1.0,0.617
2026-03-22T21:10:07.745-868789-105514,388,false,57.20170280872282,1,135.12925396264353,1.0,1.0
2026-03-22T21:10:07.745-868789-105514,717,false,171.84931643547222,1,135.12925396264353,1.0,1.0
2026-03-22T21:10:07.745-868789-105514,315,true,0.5594068116089964,1,134.56984715103454,1.0,0.010000000000000009
2026-03-22T21:10:07.745-868789-105514,733,true,0.25410232138853434,1,134.315744829646,1.0,0.636
2026-03-22T21:10:07.745-868789-105514,119,false,0.2819599513820745,1,134.315744829646,1.0,1.0
2026-03-22T21:10:07.745-868789-105514,888,true,4.761405303855957,1,129.55433952579006,1.0,0.644
2026-03-22T21:10:07.745-868789-105514,146,true,4.987575745717022,1,124.56676378007303,1.0,0.06499999999999995
2026-03-22T21:10:07.745-868789-105514,622,false,1.465169605686409,1,124.56676378007303,1.0,1.0
2026-03-22T21:10:07.745-868789-105514,124,false,0.025497022637839744,1,124.56676378007303,1.0,1.0
2026-03-22T21:10:07.745-868789-105514,15,false,3.1471773512983106,1,124.56676378007303,1.0,1.0
2026-03-22T21:10:07.745-868789-105514,461,true,3.3700402312340803,1,121.19672354883895,1.0,0.766
2026-03-22T21:10:07.745-868789-105514,847,true,0.38761607140478055,1,120.80910747743417,1.0,0.779
2026-03-22T21:10:07.745-868789-105514,862,true,9.06974654340573,1,111.73936093402844,1.0,0.999
2026-03-22T21:10:07.745-868789-105514,829,true,10.655973986279212,1,101.08338694774923,1.0,0.621
2026-03-22T21:10:07.745-868789-105514,982,false,4.032021823362854,1,101.08338694774923,1.0,1.0
2026-03-22T21:10:07.745-868789-105514,695,true,84.07757689689747,1,17.005810050851764,1.0,0.645
2026-03-22T21:10:07.745-868789-105514,7,true,24.895969544051322,1,-7.890159493199558,1.0,0.999
2026-03-22T21:10:07.745-753714-981466,99,false,0.01691494860526253,1,6430.215928950348,1.0,1.0
2026-03-22T21:10:07.745-753714-981466,170,true,2.316656424566745,1,6427.899272525781,1.0,0.995
2026-03-22T21:10:07.745-753714-981466,520,true,0.637052819007273,1,6427.262219706774,1.0,0.995
2026-03-22T21:10:07.745-753714-981466,938,true,0.8950522764915049,1,6426.367167430282,1.0,0.694
2026-03-22T21:10:07.745-753714-981466,800,true,0.5910162863000938,1,6425.776151143982,1.0,0.992
2026-03-22T21:10:07.745-753714-981466,370,true,0.4265636054998681,1,6425.349587538482,1.0,0.991
2026-03-22T21:10:07.745-753714-981466,223,true,8.394990480347932,1,6416.954597058135,1.0,0.99
2026-03-22T21:10:07.745-753714-981466,970,true,4.659715721690922,1,6412.294881336444,1.0,0.988
2026-03-22T21:10:07.745-753714-981466,864,false,0.16717707429305417,1,6412.294881336444,1.0,1.0
2026-03-22T21:10:07.745-753714-981466,566,true,4.15031877928309,1,6408.1445625571605,1.0,0.99
2026-03-22T21:10:07.745-753714-981466,4,true,42.048749499722874,1,6366.095813057437,1.0,0.991
2026-03-22T21:10:07.745-753714-981466,991,true,1.6111758910128202,1,6364.484637166424,1.0,0.993
2026-03-22T21:10:07.745-753714-981466,837,true,0.32636668017776216,1,6364.158270486247,1.0,0.99
2026-03-22T21:10:07.745-753714-981466,586,true,4.954260145641891,1,6359.204010340605,1.0,0.99
2026-03-22T21:10:07.745-753714-981466,133,true,4.059254854092707,1,6355.144755486513,1.0,0.983
2026-03-22T21:10:07.745-753714-981466,571,true,2.3363892728884785,1,6352.808366213624,1.0,0.994
2026-03-22T21:10:07.745-753714-981466,289,false,0.06126003836445672,1,6352.808366213624,1.0,1.0
2026-03-22T21:10:07.745-753714-981466,65,true,2.9935855714898887,1,6349.814780642134,1.0,0.992
2026-03-22T21:10:07.745-753714-981466,560,true,0.42803025460086036,1,6349.386750387533,1.0,0.987
2026-03-22T21:10:07.745-753714-981466,846,true,5.906457567651061,1,6343.4802928198815,1.0,0.6759999999999999
2026-03-22T21:10:07.745-753714-981466,367,true,3.125143805612896,1,6340.355149014268,1.0,0.6659999999999999
2026-03-22T21:10:07.745-753714-981466,417,true,20.50406104741281,1,6319.851087966856,1.0,0.993
2026-03-22T21:10:07.745-753714-981466,541,true,5.9356155091603835,1,6313.915472457696,1.0,0.991
2026-03-22T21:10:07.745-753714-981466,486,true,5.545144157273725,1,6308.3703283004215,1.0,0.992
2026-03-22T21:10:07.745-753714-981466,162,true,0.4009865619226307,1,6307.969341738499,1.0,0.993
2026-03-22T21:10:07.745-753714-981466,707,true,2.2386071608708846,1,6305.730734577628,1.0,0.992
2026-03-22T21:10:07.745-753714-981466,212,true,0.7132312811788682,1,6305.017503296449,1.0,0.991
2026-03-22T21:10:07.745-753714-981466,792,false,0.12673734397477962,1,6305.017503296449,1.0,1.0
2026-03-22T21:10:07.745-753714-981466,675,true,2.824687173729946,1,6302.192816122719,1.0,0.988
2026-03-22T21:10:07.745-753714-981466,697,true,7.601201357233472,1,6294.591614765485,1.0,0.997
2026-03-22T21:10:07.745-753714-981466,128,false,0.16510310366811162,1,6294.591614765485,1.0,1.0
2026-03-22T21:10:07.745-753714-981466,148,true,5.0130726687529386,1,6289.578542096732,1.0,0.989
2026-03-22T21:10:07.745-753714-981466,971,true,0.5469712032155599,1,6289.031570893517,1.0,0.687
2026-03-22T21:10:07.745-753714-981466,561,true,2.592348146756674,1,6286.43922274676,1.0,0.6839999999999999
2026-03-22T21:10:07.745-753714-981466,851,true,0.23125762143671408,1,6286.207965125323,1.0,0.995
2026-03-22T21:10:07.745-753714-981466,224,true,4.8610034877095725,1,6281.346961637614,1.0,0.6779999999999999
2026-03-22T21:10:07.745-753714-981466,959,true,0.42245398225917663,1,6280.924507655355,1.0,0.988
2026-03-22T21:10:07.745-753714-981466,785,true,0.6150021254343784,1,6280.309505529921,1.0,0.988
2026-03-22T21:10:07.745-753714-981466,956,true,23.280480696317095,1,6257.029024833604,1.0,0.702
2026-03-22T21:10:07.745-753714-981466,443,true,0.2821173752669923,1,6256.746907458337,1.0,0.985
2026-03-22T21:10:07.745-753714-981466,333,false,0.13379312159870668,1,6256.746907458337,1.0,1.0
2026-03-22T21:10:07.745-753714-981466,448,true,62.77935381474931,1,6193.967553643588,1.0,0.991
2026-03-22T21:10:07.745-753714-981466,24,true,19.038364593995848,1,6174.929189049592,1.0,0.989
2026-03-22T21:10:07.745-753714-981466,901,true,0.3965107125084407,1,6174.532678337084,1.0,0.99
2026-03-22T21:10:07.745-753714-981466,303,true,1.4958018478479629,1,6173.0368764892355,1.0,0.992
2026-03-22T21:10:07.745-753714-981466,868,true,0.23514290999386522,1,6172.801733579242,1.0,0.996
2026-03-22T21:10:07.745-753714-981466,825,true,21.758513237737734,1,6151.043220341504,1.0,0.992
2026-03-22T21:10:07.745-753714-981466,84,true,2.6224588033643252,1,6148.420761538139,1.0,0.997
2026-03-22T21:10:07.745-753714-981466,931,false,0.15194754292996948,1,6148.420761538139,1.0,1.0
2026-03-22T21:10:07.745-753714-981466,11,true,2.9858975431292616,1,6145.43486399501,1.0,0.991
2026-03-22T21:10:07.745-753714-981466,492,true,166.3819001343395,1,5979.052963860671,1.0,0.985
2026-03-22T21:10:07.745-753714-981466,910,true,65.5480697969804,1,5913.504894063691,1.0,0.991
2026-03-22T21:10:07.745-753714-981466,197,true,0.4146615025899719,1,5913.0902325611005,1.0,0.99
2026-03-22T21:10:07.745-753714-981466,233,true,33.09910822487355,1,5879.991124336227,1.0,0.992
2026-03-22T21:10:07.745-753714-981466,29,false,0.17162554006432168,1,5879.991124336227,1.0,1.0
2026-03-22T21:10:07.745-753714-981466,519,true,5.36205941883127,1,5874.629064917395,1.0,0.667
2026-03-22T21:10:07.745-753714-981466,582,true,38.81585223798436,1,5835.813212679411,1.0,0.985
2026-03-22T21:10:07.745-753714-981466,594,true,3.0427452562381814,1,5832.770467423173,1.0,0.992
2026-03-22T21:10:07.745-753714-981466,811,true,35.41432713488123,1,5797.3561402882915,1.0,0.768
2026-03-22T21:10:07.745-753714-981466,267,true,2.733260400609337,1,5794.622879887682,1.0,0.995
2026-03-22T21:10:07.745-753714-981466,291,true,5.9588389989995365,1,5788.664040888682,1.0,0.99
2026-03-22T21:10:07.745-753714-981466,271,true,1.2031269275718761,1,5787.46091396111,1.0,0.993
2026-03-22T21:10:07.745-753714-981466,761,false,0.17675613575557658,1,5787.46091396111,1.0,1.0
2026-03-22T21:10:07.745-753714-981466,375,true,0.24541991412018033,1,5787.21549404699,1.0,0.993
2026-03-22T21:10:07.745-753714-981466,927,true,15.886681733636921,1,5771.328812313353,1.0,0.988
2026-03-22T21:10:07.745-753714-981466,59,true,0.8079081861787303,1,5770.520904127175,1.0,0.987
2026-03-22T21:10:07.745-753714-981466,264,false,0.010891021685438764,1,5770.520904127175,1.0,1.0
2026-03-22T21:10:07.745-753714-981466,999,true,23.774839070901965,1,5746.7460650562725,1.0,0.988
2026-03-22T21:10:07.745-753714-981466,171,false,0.20341483198496063,1,5746.7460650562725,1.0,1.0
2026-03-22T21:10:07.745-753714-981466,9,true,3.6531872072660363,1,5743.092877849006,1.0,0.6950000000000001
2026-03-22T21:10:07.745-753714-981466,487,true,1.0416910725058925,1,5742.0511867765,1.0,0.673
2026-03-22T21:10:07.745-753714-981466,191,true,2.30887975552217,1,5739.742307020978,1.0,0.992
2026-03-22T21:10:07.745-753714-981466,886,true,5.169767726792144,1,5734.572539294186,1.0,0.994
2026-03-22T21:10:07.745-753714-981466,652,true,0.23980261315253942,1,5734.332736681034,1.0,0.988
2026-03-22T21:10:07.745-753714-981466,18,true,5.335215681150476,1,5728.997520999883,1.0,0.99
2026-03-22T21:10:07.745-753714-981466,226,true,2.1389531493219276,1,5726.858567850561,1.0,0.485
2026-03-22T21:10:07.745-753714-981466,275,true,3.4184332717646377,1,5723.440134578796,1.0,0.994
2026-03-22T21:10:07.745-753714-981466,535,true,5.398199051375464,1,5718.04193552742,1.0,0.989
2026-03-22T21:10:07.745-753714-981466,182,true,37.52741299924082,1,5680.514522528179,1.0,0.987
2026-03-22T21:10:07.745-753714-981466,818,true,2.096110364723091,1,5678.418412163456,1.0,0.986
2026-03-22T21:10:07.745-753714-981466,68,false,0.08511110651722625,1,5678.418412163456,1.0,1.0
2026-03-22T21:10:07.745-753714-981466,862,true,1.1114346151535621,1,5677.306977548303,1.0,0.991
2026-03-22T21:10:07.745-753714-981466,394,true,0.40100988364459333,1,5676.905967664658,1.0,0.989
2026-03-22T21:10:07.745-753714-981466,620,true,10.535588989769705,1,5666.370378674888,1.0,0.998
2026-03-22T21:10:07.745-753714-981466,960,false,0.0647996313379223,1,5666.370378674888,1.0,1.0
2026-03-22T21:10:07.745-753714-981466,347,true,0.6072250163157139,1,5665.763153658572,1.0,0.993
2026-03-22T21:10:07.745-753714-981466,281,true,8.626309555844996,1,5657.136844102727,1.0,0.991
2026-03-22T21:10:07.745-753714-981466,168,true,0.46709578850624833,1,5656.669748314221,1.0,0.716
2026-03-22T21:10:07.745-753714-981466,147,true,3.2658525593040935,1,5653.403895754916,1.0,0.687
2026-03-22T21:10:07.745-753714-981466,902,true,3.9021402853022034,1,5649.501755469614,1.0,0.685
2026-03-22T21:10:07.745-753714-981466,158,false,0.1290252423193346,1,5649.501755469614,1.0,1.0
2026-03-22T21:10:07.745-753714-981466,723,true,4.408412973220869,1,5645.093342496393,1.0,0.991
2026-03-22T21:10:07.745-753714-981466,925,true,208.91728058182514,1,5436.176061914568,1.0,0.647
2026-03-22T21:10:07.745-753714-981466,763,true,1.3980521903899703,1,5434.778009724178,1.0,0.991
2026-03-22T21:10:07.745-753714-981466,580,true,6.448295892724185,1,5428.329713831455,1.0,0.696
2026-03-22T21:10:07.745-753714-981466,114,true,23.284277326405817,1,5405.045436505049,1.0,0.994
2026-03-22T21:10:07.745-753714-981466,423,false,0.1750609067027628,1,5405.045436505049,1.0,1.0
2026-03-22T21:10:07.745-753714-981466,621,true,12.052818885335494,1,5392.992617619713,1.0,0.687
2026-03-22T21:10:07.745-753714-981466,823,true,0.32573377192737474,1,5392.666883847786,1.0,0.675
2026-03-22T21:10:07.745-753714-981466,188,true,4.394465381084443,1,5388.272418466702,1.0,0.692
2026-03-22T21:10:07.745-753714-981466,60,true,1.930627456578992,1,5386.341791010123,1.0,0.788
2026-03-22T21:10:07.745-753714-981466,725,false,0.16143578182559082,1,5386.341791010123,1.0,1.0
2026-03-22T21:10:07.745-753714-981466,201,true,1.4178168705125431,1,5384.92397413961,1.0,0.991
2026-03-22T21:10:07.745-753714-981466,116,true,2.3589496368307663,1,5382.56502450278,1.0,0.6890000000000001
2026-03-22T21:10:07.745-753714-981466,923,true,1.9694177844437213,1,5380.595606718336,1.0,0.687
2026-03-22T21:10:07.745-753714-981466,400,true,4.421819622122872,1,5376.173787096213,1.0,0.988
2026-03-22T21:10:07.745-753714-981466,51,false,0.03660140488645681,1,5376.173787096213,1.0,1.0
2026-03-22T21:10:07.745-753714-981466,89,true,4.165504828925044,1,5372.008282267288,1.0,0.6799999999999999
2026-03-22T21:10:07.745-753714-981466,37,true,17.841578685483597,1,5354.1667035818045,1.0,0.989
2026-03-22T21:10:07.745-753714-981466,34,true,102.50809545499183,1,5251.658608126812,1.0,0.598
2026-03-22T21:10:07.745-753714-981466,15,true,5.465417038936296,1,5246.193191087876,1.0,0.6970000000000001
2026-03-22T21:10:07.745-753714-981466,254,true,7.233662906454908,1,5238.959528181421,1.0,0.99
2026-03-22T21:10:07.745-753714-981466,897,true,0.38784947158680616,1,5238.5716787098345,1.0,0.995
2026-03-22T21:10:07.745-753714-981466,243,true,13.294236985904098,1,5225.277441723931,1.0,0.688
2026-03-22T21:10:07.745-753714-981466,529,true,59.17905422277276,1,5166.098387501158,1.0,0.991
2026-03-22T21:10:07.745-753714-981466,248,true,12.16440239131887,1,5153.933985109839,1.0,0.99
2026-03-22T21:10:07.745-753714-981466,682,true,71.6413960245358,1,5082.292589085304,1.0,0.99
2026-03-22T21:10:07.745-753714-981466,328,false,0.1063324392305872,1,5082.292589085304,1.0,1.0
2026-03-22T21:10:07.745-753714-981466,258,true,14.194803550773925,1,5068.09778553453,1.0,0.989
2026-03-22T21:10:07.745-753714-981466,517,true,0.3624058300306716,1,5067.735379704499,1.0,0.352
2026-03-22T21:10:07.745-753714-981466,764,false,0.03275027860751244,1,5067.735379704499,1.0,1.0
2026-03-22T21:10:07.745-753714-981466,160,true,1.482054128181209,1,5066.253325576317,1.0,0.694
2026-03-22T21:10:07.745-753714-981466,766,true,19.570459805351916,1,5046.682865770966,1.0,0.679
2026-03-22T21:10:07.745-753714-981466,705,true,1.6953368076774034,1,5044.987528963288,1.0,0.6779999999999999
2026-03-22T21:10:07.745-753714-981466,245,false,0.1080658077236519,1,5044.987528963288,1.0,1.0
2026-03-22T21:10:07.745-753714-981466,865,true,49.37548453433111,1,4995.612044428957,1.0,0.33899999999999997
2026-03-22T21:10:07.745-753714-981466,459,true,8.981907847447122,1,4986.63013658151,1.0,0.739
2026-03-22T21:10:07.745-753714-981466,588,true,10.850882532984224,1,4975.779254048525,1.0,0.7010000000000001
2026-03-22T21:10:07.745-753714-981466,304,true,8.47887446789934,1,4967.300379580626,1.0,0.687
2026-03-22T21:10:07.745-753714-981466,625,true,5.568510455401553,1,4961.731869125225,1.0,0.986
2026-03-22T21:10:07.745-753714-981466,66,true,0.690230549902256,1,4961.041638575322,1.0,0.657
2026-03-22T21:10:07.745-753714-981466,783,true,20.15540709681722,1,4940.886231478506,1.0,0.6990000000000001
2026-03-22T21:10:07.745-753714-981466,447,true,2.350279628017203,1,4938.535951850488,1.0,0.6639999999999999
2026-03-22T21:10:07.745-753714-981466,391,true,31.020900092022938,1,4907.515051758465,1.0,0.721
2026-03-22T21:10:07.745-753714-981466,365,true,3.2029436134968794,1,4904.312108144968,1.0,0.6839999999999999
2026-03-22T21:10:07.745-753714-981466,844,true,0.30474302542876985,1,4904.007365119539,1.0,0.46799999999999997
2026-03-22T21:10:07.745-753714-981466,98,true,0.29703732005009975,1,4903.710327799488,1.0,0.99
2026-03-22T21:10:07.745-753714-981466,5,true,1.3133545737324803,1,4902.396973225756,1.0,0.6619999999999999
2026-03-22T21:10:07.745-753714-981466,313,true,2.701363809273993,1,4899.695609416482,1.0,0.995
2026-03-22T21:10:07.745-753714-981466,419,true,5.2926026622744935,1,4894.403006754207,1.0,0.69
2026-03-22T21:10:07.745-753714-981466,27,true,21.77354995218114,1,4872.629456802026,1.0,0.6759999999999999
2026-03-22T21:10:07.745-753714-981466,1000,false,0.04926059374242401,1,4872.629456802026,1.0,1.0
2026-03-22T21:10:07.745-753714-981466,72,true,0.32328428403697546,1,4872.306172517989,1.0,0.982
2026-03-22T21:10:07.745-753714-981466,356,true,0.9216191260002105,1,4871.384553391988,1.0,0.985
2026-03-22T21:10:07.745-753714-981466,636,true,3.37417005428184,1,4868.010383337707,1.0,0.99
2026-03-22T21:10:07.745-753714-981466,563,true,6.809086459626385,1,4861.201296878081,1.0,0.0
2026-03-22T21:10:07.745-753714-981466,39,false,0.09378892363172352,1,4861.201296878081,1.0,1.0
2026-03-22T21:10:07.745-753714-981466,713,true,1.20778011304012,1,4859.993516765041,1.0,0.994
2026-03-22T21:10:07.745-753714-981466,461,true,1.4121874602479796,1,4858.581329304793,1.0,0.721
2026-03-22T21:10:07.745-753714-981466,115,true,3.396692358400714,1,4855.184636946393,1.0,0.371
2026-03-22T21:10:07.745-753714-981466,503,false,0.0027469878968195117,1,4855.184636946393,1.0,1.0
2026-03-22T21:10:07.745-753714-981466,986,true,0.6414826904819932,1,4854.543154255911,1.0,0.993
2026-03-22T21:10:07.745-753714-981466,125,true,32.26894540154204,1,4822.274208854369,1.0,0.99
2026-03-22T21:10:07.745-753714-981466,841,true,3.1716427053167258,1,4819.102566149052,1.0,0.6759999999999999
2026-03-22T21:10:07.745-753714-981466,397,true,0.9639435757008666,1,4818.138622573351,1.0,0.367
2026-03-22T21:10:07.745-753714-981466,314,true,0.5077764356809099,1,4817.63084613767,1.0,0.6659999999999999
2026-03-22T21:10:07.745-753714-981466,790,true,0.8707990521508797,1,4816.76004708552,1.0,0.992
2026-03-22T21:10:07.745-753714-981466,976,false,0.1250482028956454,1,4816.76004708552,1.0,1.0
2026-03-22T21:10:07.745-753714-981466,557,true,142.1573241254401,1,4674.6027229600795,1.0,0.401
2026-03-22T21:10:07.745-753714-981466,880,true,0.2580603309702098,1,4674.34466262911,1.0,0.994
2026-03-22T21:10:07.745-753714-981466,104,true,5.390919524572431,1,4668.953743104537,1.0,0.99
2026-03-22T21:10:07.745-753714-981466,105,true,171.658229886194,1,4497.295513218343,1.0,0.706
2026-03-22T21:10:07.745-753714-981466,849,false,0.09864818706148668,1,4497.295513218343,1.0,1.0
2026-03-22T21:10:07.745-753714-981466,958,true,3.9441035041664203,1,4493.351409714177,1.0,0.369
2026-03-22T21:10:07.745-753714-981466,704,false,0.08504187479787662,1,4493.351409714177,1.0,1.0
2026-03-22T21:10:07.745-753714-981466,641,false,0.1042946176470077,1,4493.351409714177,1.0,1.0
2026-03-22T21:10:07.745-753714-981466,181,true,0.5125037873540527,1,4492.838905926823,1.0,0.685
2026-03-22T21:10:07.745-753714-981466,93,true,1.5055563031710837,1,4491.333349623652,1.0,0.99
2026-03-22T21:10:07.745-753714-981466,664,true,12.985836618335153,1,4478.347513005317,1.0,0.99
2026-03-22T21:10:07.745-753714-981466,618,true,4.788656025523485,1,4473.558856979793,1.0,0.387
2026-03-22T21:10:07.745-753714-981466,853,true,4.183718717619469,1,4469.375138262173,1.0,0.667
2026-03-22T21:10:07.745-753714-981466,190,true,9.462957364526972,1,4459.912180897646,1.0,0.493
2026-03-22T21:10:07.745-753714-981466,967,true,0.8147309863748304,1,4459.097449911271,1.0,0.64
2026-03-22T21:10:07.745-753714-981466,672,true,3.3704049931223485,1,4455.727044918149,1.0,0.6950000000000001
2026-03-22T21:10:07.745-753714-981466,401,true,3.3212926006927277,1,4452.405752317456,1.0,0.675
2026-03-22T21:10:07.745-753714-981466,386,true,1.210777706276333,1,4451.1949746111795,1.0,0.997
2026-03-22T21:10:07.745-753714-981466,277,true,8.15867293107695,1,4443.036301680103,1.0,0.49
2026-03-22T21:10:07.745-753714-981466,470,true,9.144788555161927,1,4433.891513124941,1.0,0.987
2026-03-22T21:10:07.745-753714-981466,471,true,5.076842508264015,1,4428.814670616677,1.0,0.6779999999999999
2026-03-22T21:10:07.745-753714-981466,427,true,5.5161595035057465,1,4423.298511113171,1.0,0.989
2026-03-22T21:10:07.745-753714-981466,276,true,1.2538924863573657,1,4422.044618626814,1.0,0.357
2026-03-22T21:10:07.745-753714-981466,502,true,37.31994117724591,1,4384.724677449568,1.0,0.998
2026-03-22T21:10:07.745-753714-981466,322,true,1.9726554561038796,1,4382.752021993464,1.0,0.987
2026-03-22T21:10:07.745-753714-981466,884,true,32.70610821248552,1,4350.0459137809785,1.0,0.663
2026-03-22T21:10:07.745-753714-981466,21,true,3.75650384226815,1,4346.28940993871,1.0,0.32899999999999996
2026-03-22T21:10:07.745-753714-981466,286,true,8.329695011841672,1,4337.959714926868,1.0,0.989
2026-03-22T21:10:07.745-753714-981466,451,true,0.660213953727843,1,4337.29950097314,1.0,0.6839999999999999
2026-03-22T21:10:07.745-753714-981466,456,true,1.9872685270191088,1,4335.312232446121,1.0,0.6859999999999999
2026-03-22T21:10:07.745-753714-981466,53,true,140.04292596131347,1,4195.269306484807,1.0,0.985
2026-03-22T21:10:07.745-753714-981466,900,true,0.7638099673903348,1,4194.505496517417,1.0,0.0030000000000000027
2026-03-22T21:10:07.745-753714-981466,332,true,0.8133526273793547,1,4193.692143890037,1.0,0.653
2026-03-22T21:10:07.745-753714-981466,40,true,0.6381787104372165,1,4193.0539651796,1.0,0.655
2026-03-22T21:10:07.745-753714-981466,371,true,4.605310784757475,1,4188.448654394842,1.0,0.6679999999999999
2026-03-22T21:10:07.745-753714-981466,366,true,0.8485415203288897,1,4187.600112874514,1.0,0.351
2026-03-22T21:10:07.745-753714-981466,184,true,0.2360634076697337,1,4187.364049466844,1.0,0.372
2026-03-22T21:10:07.745-753714-981466,654,true,34.187528594411575,1,4153.176520872433,1.0,0.638
2026-03-22T21:10:07.745-753714-981466,997,true,8.854342731777045,1,4144.3221781406555,1.0,0.639
2026-03-22T21:10:07.745-753714-981466,142,false,0.06815004986215899,1,4144.3221781406555,1.0,1.0
2026-03-22T21:10:07.745-753714-981466,55,true,2.2265038738782597,1,4142.095674266778,1.0,0.656
2026-03-22T21:10:07.745-753714-981466,86,false,0.06515975567247802,1,4142.095674266778,1.0,1.0
2026-03-22T21:10:07.745-753714-981466,698,true,4.507117331052956,1,4137.588556935725,1.0,0.489
2026-03-22T21:10:07.745-753714-981466,92,true,18.7800596146482,1,4118.808497321077,1.0,0.34199999999999997
2026-03-22T21:10:07.745-753714-981466,717,true,0.952368360260794,1,4117.856128960816,1.0,0.986
2026-03-22T21:10:07.745-753714-981466,788,true,2.462693718978967,1,4115.393435241837,1.0,0.386
2026-03-22T21:10:07.745-753714-981466,934,true,5.333033480040597,1,4110.060401761797,1.0,0.55
2026-03-22T21:10:07.745-753714-981466,8,true,6.242015740020202,1,4103.818386021777,1.0,0.052000000000000046
2026-03-22T21:10:07.745-753714-981466,436,true,1.34314601385364,1,4102.475240007923,1.0,0.991
2026-03-22T21:10:07.745-753714-981466,752,true,7.763742692587214,1,4094.711497315336,1.0,0.988
2026-03-22T21:10:07.745-753714-981466,879,true,1.6472265861463542,1,4093.06427072919,1.0,0.6739999999999999
2026-03-22T21:10:07.745-753714-981466,123,false,0.02047803155533033,1,4093.06427072919,1.0,1.0
2026-03-22T21:10:07.745-753714-981466,688,true,1.6358406441536564,1,4091.4284300850363,1.0,0.6799999999999999
2026-03-22T21:10:07.745-753714-981466,145,true,20.293866786259315,1,4071.134563298777,1.0,0.365
2026-03-22T21:10:07.745-753714-981466,339,true,47.38245972218806,1,4023.7521035765885,1.0,0.988
2026-03-22T21:10:07.745-753714-981466,876,true,92.92127351075996,1,3930.8308300658286,1.0,0.722
2026-03-22T21:10:07.745-753714-981466,726,true,10.155430582529087,1,3920.6753994832998,1.0,0.737
2026-03-22T21:10:07.745-753714-981466,881,true,0.8702277156015008,1,3919.805171767698,1.0,0.07199999999999995
2026-03-22T21:10:07.745-753714-981466,422,true,11.583127987631354,1,3908.2220437800665,1.0,0.6970000000000001
2026-03-22T21:10:07.745-753714-981466,257,true,3.104847039768779,1,3905.117196740298,1.0,0.389
2026-03-22T21:10:07.745-753714-981466,79,true,1.2858082350587734,1,3903.831388505239,1.0,0.994
2026-03-22T21:10:07.745-753714-981466,765,true,22.968538214545514,1,3880.8628502906936,1.0,0.374
2026-03-22T21:10:07.745-753714-981466,608,true,1.577889165800814,1,3879.2849611248926,1.0,0.99
2026-03-22T21:10:07.745-753714-981466,838,true,4.058139252529096,1,3875.2268218723634,1.0,0.372
2026-03-22T21:10:07.745-753714-981466,722,true,429.5403717549002,1,3445.686450117463,1.0,0.7030000000000001
2026-03-22T21:10:07.745-753714-981466,357,true,11.11607810551712,1,3434.570372011946,1.0,0.6599999999999999
2026-03-22T21:10:07.745-753714-981466,690,true,4.382267823174254,1,3430.188104188772,1.0,0.363
2026-03-22T21:10:07.745-753714-981466,928,true,2.570996418114921,1,3427.6171077706567,1.0,0.352
2026-03-22T21:10:07.745-753714-981466,261,true,5.519682631085082,1,3422.0974251395714,1.0,0.6679999999999999
2026-03-22T21:10:07.745-753714-981466,700,true,21.38087801637602,1,3400.7165471231956,1.0,0.373
2026-03-22T21:10:07.745-753714-981466,656,true,14.400902282178704,1,3386.315644841017,1.0,0.71
2026-03-22T21:10:07.745-753714-981466,485,true,5.864295565994077,1,3380.451349275023,1.0,0.258
2026-03-22T21:10:07.745-753714-981466,653,true,45.077551116653325,1,3335.3737981583695,1.0,0.07099999999999995
2026-03-22T21:10:07.745-753714-981466,994,true,3.673935105170066,1,3331.6998630531994,1.0,0.363
2026-03-22T21:10:07.745-753714-981466,602,true,36.38582160346411,1,3295.314041449735,1.0,0.986
2026-03-22T21:10:07.745-753714-981466,77,true,0.7044773049286024,1,3294.6095641448064,1.0,0.6739999999999999
2026-03-22T21:10:07.745-753714-981466,898,true,1.225264709468792,1,3293.3842994353377,1.0,0.0030000000000000027
2026-03-22T21:10:07.745-753714-981466,434,true,63.93855371570351,1,3229.445745719634,1.0,0.6950000000000001
2026-03-22T21:10:07.745-753714-981466,649,true,4.548776538470173,1,3224.896969181164,1.0,0.6619999999999999
2026-03-22T21:10:07.745-753714-981466,57,true,1.2391849240565127,1,3223.6577842571073,1.0,0.0030000000000000027
2026-03-22T21:10:07.745-753714-981466,746,true,1.4559912776601045,1,3222.2017929794474,1.0,0.996
2026-03-22T21:10:07.745-753714-981466,592,true,7.178064732313185,1,3215.0237282471344,1.0,0.663
2026-03-22T21:10:07.745-753714-981466,678,true,1.9045162620690512,1,3213.1192119850652,1.0,0.677
2026-03-22T21:10:07.745-753714-981466,260,true,6.998039840142719,1,3206.1211721449226,1.0,0.0020000000000000018
2026-03-22T21:10:07.745-753714-981466,878,true,0.9517981926069566,1,3205.1693739523157,1.0,0.0
2026-03-22T21:10:07.745-753714-981466,634,true,0.5557998693777522,1,3204.613574082938,1.0,0.7170000000000001
2026-03-22T21:10:07.745-753714-981466,48,true,0.3729070251133143,1,3204.240667057825,1.0,0.989
2026-03-22T21:10:07.745-753714-981466,122,true,0.24384334673747585,1,3203.9968237110875,1.0,0.719
2026-03-22T21:10:07.745-753714-981466,655,true,0.9968642569804956,1,3202.999959454107,1.0,0.0
2026-03-22T21:10:07.745-753714-981466,229,true,4.263732735198943,1,3198.736226718908,1.0,0.6759999999999999
2026-03-22T21:10:07.745-753714-981466,703,true,6.212466937114299,1,3192.5237597817936,1.0,0.357
2026-03-22T21:10:07.745-753714-981466,583,true,0.790470890290954,1,3191.7332888915025,1.0,0.0
2026-03-22T21:10:07.745-753714-981466,225,true,1.3945171456078178,1,3190.3387717458945,1.0,0.062000000000000055
2026-03-22T21:10:07.745-753714-981466,383,true,1.158230802558562,1,3189.180540943336,1.0,0.7130000000000001
2026-03-22T21:10:07.745-753714-981466,207,true,2.4903164149787638,1,3186.6902245283572,1.0,0.99
2026-03-22T21:10:07.745-753714-981466,103,true,8.96959247471186,1,3177.720632053645,1.0,0.46799999999999997
2026-03-22T21:10:07.745-753714-981466,907,false,0.11972666676321374,1,3177.720632053645,1.0,1.0
2026-03-22T21:10:07.745-753714-981466,624,true,3.183842680841237,1,3174.536789372804,1.0,0.378
2026-03-22T21:10:07.745-753714-981466,996,true,1.4447522041966887,1,3173.092037168607,1.0,0.20599999999999996
2026-03-22T21:10:07.745-753714-981466,665,true,0.6231286421293464,1,3172.4689085264777,1.0,0.659
2026-03-22T21:10:07.745-753714-981466,498,true,0.26072730025775104,1,3172.20818122622,1.0,0.991
2026-03-22T21:10:07.745-753714-981466,686,true,1.1852190204463313,1,3171.0229622057736,1.0,0.6599999999999999
2026-03-22T21:10:07.745-753714-981466,310,true,0.9674036401317972,1,3170.055558565642,1.0,0.718
2026-03-22T21:10:07.745-753714-981466,203,true,11.72012842145343,1,3158.3354301441886,1.0,0.677
2026-03-22T21:10:07.745-753714-981466,192,true,0.49426059817354967,1,3157.841169546015,1.0,0.359
2026-03-22T21:10:07.745-753714-981466,398,true,1.0156444462798553,1,3156.825525099735,1.0,0.0030000000000000027
2026-03-22T21:10:07.745-753714-981466,929,false,0.02677443157092489,1,3156.825525099735,1.0,1.0
2026-03-22T21:10:07.745-753714-981466,379,true,2.0133546759368413,1,3154.8121704237983,1.0,0.992
2026-03-22T21:10:07.745-753714-981466,734,true,3.576901455030294,1,3151.235268968768,1.0,0.992
2026-03-22T21:10:07.745-753714-981466,253,true,17.632772358505505,1,3133.6024966102627,1.0,0.71
2026-03-22T21:10:07.745-753714-981466,176,true,0.22444296965460003,1,3133.378053640608,1.0,0.991
2026-03-22T21:10:07.745-753714-981466,180,true,55.964552742561224,1,3077.4135008980465,1.0,0.33899999999999997
2026-03-22T21:10:07.745-753714-981466,727,true,2.210347821359878,1,3075.2031530766867,1.0,0.671
2026-03-22T21:10:07.745-753714-981466,523,true,9.096662054837905,1,3066.106491021849,1.0,0.6890000000000001
2026-03-22T21:10:07.745-753714-981466,119,true,71.60276246231757,1,2994.5037285595313,1.0,0.367
2026-03-22T21:10:07.745-753714-981466,240,true,137.35566547611577,1,2857.1480630834153,1.0,0.362
2026-03-22T21:10:07.745-753714-981466,232,true,563.5749927632934,1,2293.573070320122,1.0,0.30500000000000005
2026-03-22T21:10:07.745-753714-981466,794,true,11.693599112566039,1,2281.879471207556,1.0,0.985
2026-03-22T21:10:07.745-753714-981466,96,true,2.4206392974704674,1,2279.4588319100853,1.0,0.472
2026-03-22T21:10:07.745-753714-981466,719,true,1.9475294889323784,1,2277.511302421153,1.0,0.31599999999999995
2026-03-22T21:10:07.745-753714-981466,120,false,0.17025519487709767,1,2277.511302421153,1.0,1.0
2026-03-22T21:10:07.745-753714-981466,91,true,7.347834062621997,1,2270.1634683585307,1.0,0.0030000000000000027
2026-03-22T21:10:07.745-753714-981466,330,false,0.14020951081990024,1,2270.1634683585307,1.0,1.0
2026-03-22T21:10:07.745-753714-981466,491,true,15.799078870047776,1,2254.364389488483,1.0,0.7050000000000001
2026-03-22T21:10:07.745-753714-981466,316,true,0.32871798387194273,1,2254.035671504611,1.0,0.363
2026-03-22T21:10:07.745-753714-981466,821,true,3.388010286117639,1,2250.6476612184933,1.0,0.05800000000000005
2026-03-22T21:10:07.745-753714-981466,813,true,402.8490370570633,1,1847.79862416143,1.0,0.673
2026-03-22T21:10:07.745-753714-981466,453,true,1.5909994390175288,1,1846.2076247224127,1.0,0.5
2026-03-22T21:10:07.745-753714-981466,933,false,0.02328798270862602,1,1846.2076247224127,1.0,1.0
2026-03-22T21:10:07.745-753714-981466,299,true,2.494217849981807,1,1843.7134068724308,1.0,0.989
2026-03-22T21:10:07.745-753714-981466,937,true,0.4379150579731368,1,1843.2754918144576,1.0,0.006000000000000005
2026-03-22T21:10:07.745-753714-981466,969,false,0.06468749335426278,1,1843.2754918144576,1.0,1.0
2026-03-22T21:10:07.745-753714-981466,922,true,6.089868797898984,1,1837.1856230165586,1.0,0.344
2026-03-22T21:10:07.745-753714-981466,776,true,2.5587402444947385,1,1834.626882772064,1.0,0.986
2026-03-22T21:10:07.745-753714-981466,595,true,2.24680440424439,1,1832.3800783678196,1.0,0.374
2026-03-22T21:10:07.745-753714-981466,41,true,3.984278347640936,1,1828.3958000201787,1.0,0.683
2026-03-22T21:10:07.745-753714-981466,385,true,0.2108454090723533,1,1828.1849546111064,1.0,0.371
2026-03-22T21:10:07.745-753714-981466,648,true,2.8274430860841626,1,1825.3575115250221,1.0,0.6819999999999999
2026-03-22T21:10:07.745-753714-981466,63,false,0.029721688610542633,1,1825.3575115250221,1.0,1.0
2026-03-22T21:10:07.745-753714-981466,810,true,4.627465881139077,1,1820.730045643883,1.0,0.17500000000000004
2026-03-22T21:10:07.745-753714-981466,152,true,1.4424482759670687,1,1819.2875973679159,1.0,0.99
2026-03-22T21:10:07.745-753714-981466,307,true,3.7505404990492344,1,1815.5370568688666,1.0,0.08499999999999996
2026-03-22T21:10:07.745-753714-981466,721,false,0.1691213887967324,1,1815.5370568688666,1.0,1.0
2026-03-22T21:10:07.745-753714-981466,186,true,22.20554905650207,1,1793.3315078123644,1.0,0.359
2026-03-22T21:10:07.745-753714-981466,737,true,0.5125169171671157,1,1792.8189908951972,1.0,0.675
2026-03-22T21:10:07.745-753714-981466,961,true,0.3455363784308703,1,1792.4734545167664,1.0,0.37
2026-03-22T21:10:07.745-753714-981466,189,true,11.862857611274807,1,1780.6105969054915,1.0,0.0
2026-03-22T21:10:07.745-753714-981466,368,true,0.6989702584873615,1,1779.9116266470041,1.0,0.0
2026-03-22T21:10:07.745-753714-981466,516,true,48.295445956169765,1,1731.6161806908344,1.0,0.521
2026-03-22T21:10:07.745-753714-981466,469,true,9.39278348246988,1,1722.2233972083645,1.0,0.345
2026-03-22T21:10:07.745-753714-981466,623,true,241.5499768526707,1,1480.673420355694,1.0,0.0
2026-03-22T21:10:07.745-753714-981466,150,true,0.2781158308808696,1,1480.3953045248131,1.0,0.0030000000000000027
2026-03-22T21:10:07.745-753714-981466,757,true,0.4928114791185818,1,1479.9024930456947,1.0,0.983
2026-03-22T21:10:07.745-753714-981466,955,true,18.47246440366359,1,1461.4300286420312,1.0,0.346
2026-03-22T21:10:07.745-753714-981466,173,true,16.777117108686895,1,1444.6529115333442,1.0,0.07399999999999995
2026-03-22T21:10:07.745-753714-981466,284,true,2.1447017098694867,1,1442.5082098234748,1.0,0.384
2026-03-22T21:10:07.745-753714-981466,847,true,2.6796203550917355,1,1439.8285894683831,1.0,0.062000000000000055
2026-03-22T21:10:07.745-753714-981466,43,true,2.476550047025707,1,1437.3520394213574,1.0,0.471
2026-03-22T21:10:07.745-753714-981466,390,true,9.508168797731619,1,1427.843870623626,1.0,0.692
2026-03-22T21:10:07.745-753714-981466,773,true,3.752097250044683,1,1424.0917733735812,1.0,0.6599999999999999
2026-03-22T21:10:07.745-753714-981466,743,true,1.1695920172205536,1,1422.9221813563606,1.0,0.683
2026-03-22T21:10:07.745-753714-981466,979,true,3.994434031876783,1,1418.9277473244838,1.0,0.99
2026-03-22T21:10:07.745-753714-981466,732,true,2.7658874573070964,1,1416.1618598671766,1.0,0.694
2026-03-22T21:10:07.745-753714-981466,511,true,4.883047722279338,1,1411.2788121448973,1.0,0.992
2026-03-22T21:10:07.745-753714-981466,56,true,18.339258759701433,1,1392.939553385196,1.0,0.0
2026-03-22T21:10:07.745-753714-981466,814,true,0.8800444009906839,1,1392.0595089842052,1.0,0.32799999999999996
2026-03-22T21:10:07.745-753714-981466,945,true,3.7496081139240296,1,1388.3099008702811,1.0,0.994
2026-03-22T21:10:07.745-753714-981466,279,true,4.562873287201803,1,1383.7470275830792,1.0,0.21899999999999997
2026-03-22T21:10:07.745-753714-981466,138,true,34.819171375154866,1,1348.9278562079244,1.0,0.993
2026-03-22T21:10:07.745-753714-981466,432,true,40.85924904958573,1,1308.0686071583386,1.0,0.6699999999999999
2026-03-22T21:10:07.745-753714-981466,893,true,39.84890405770581,1,1268.2197031006328,1.0,0.99
2026-03-22T21:10:07.745-753714-981466,767,true,0.9519029758432123,1,1267.2678001247896,1.0,0.33099999999999996
2026-03-22T21:10:07.745-753714-981466,164,true,0.8209538329515068,1,1266.446846291838,1.0,0.6739999999999999
2026-03-22T21:10:07.745-753714-981466,807,true,0.46413402969388873,1,1265.982712262144,1.0,0.563
2026-03-22T21:10:07.745-753714-981466,129,true,6.876130963654541,1,1259.1065812984896,1.0,0.991
2026-03-22T21:10:07.745-753714-981466,33,false,0.18038153501321091,1,1259.1065812984896,1.0,1.0
2026-03-22T21:10:07.745-753714-981466,373,true,95.6689471370253,1,1163.4376341614643,1.0,0.0050000000000000044
2026-03-22T21:10:07.745-753714-981466,454,false,0.2084657346231733,1,1163.4376341614643,1.0,1.0
2026-03-22T21:10:07.745-753714-981466,795,true,22.993770963881556,1,1140.4438631975827,1.0,0.6890000000000001
2026-03-22T21:10:07.745-753714-981466,987,false,0.01711964792992206,1,1140.4438631975827,1.0,1.0
2026-03-22T21:10:07.745-753714-981466,342,true,0.3447501193078269,1,1140.099113078275,1.0,0.721
2026-03-22T21:10:07.745-753714-981466,113,false,0.12815191949225682,1,1140.099113078275,1.0,1.0
2026-03-22T21:10:07.745-753714-981466,852,true,32.679719997830645,1,1107.4193930804443,1.0,0.46399999999999997
2026-03-22T21:10:07.745-753714-981466,187,true,0.32905047812372895,1,1107.0903426023206,1.0,0.0
2026-03-22T21:10:07.745-753714-981466,972,true,1.9227754210049555,1,1105.1675671813157,1.0,0.353
2026-03-22T21:10:07.745-753714-981466,604,true,0.29487118750225133,1,1104.8726959938135,1.0,0.6739999999999999
2026-03-22T21:10:07.745-753714-981466,249,true,1.0886229228891573,1,1103.7840730709245,1.0,0.655
2026-03-22T21:10:07.745-753714-981466,305,true,0.26784019445007895,1,1103.5162328764743,1.0,0.06399999999999995
2026-03-22T21:10:07.745-753714-981466,337,true,2.4382214611229123,1,1101.0780114153513,1.0,0.696
2026-03-22T21:10:07.745-753714-981466,651,true,1.1256424211422487,1,1099.952368994209,1.0,0.0
2026-03-22T21:10:07.745-753714-981466,130,true,2.5783387281868944,1,1097.3740302660221,1.0,0.375
2026-03-22T21:10:07.745-753714-981466,315,true,0.24957616840239968,1,1097.1244540976197,1.0,0.0020000000000000018
2026-03-22T21:10:07.745-753714-981466,336,true,4.058410181744286,1,1093.0660439158755,1.0,0.06799999999999995
2026-03-22T21:10:07.745-753714-981466,135,true,0.4023905136056468,1,1092.6636534022698,1.0,0.364
2026-03-22T21:10:07.745-753714-981466,359,true,17.33387873968539,1,1075.3297746625844,1.0,0.07799999999999996
2026-03-22T21:10:07.745-753714-981466,528,true,48.858027414499595,1,1026.4717472480847,1.0,0.6859999999999999
2026-03-22T21:10:07.745-753714-981466,282,true,26.269418985784124,1,1000.2023282623006,1.0,0.0
2026-03-22T21:10:07.745-753714-981466,896,true,3.023617584568817,1,997.1787106777318,1.0,0.0020000000000000018
2026-03-22T21:10:07.745-753714-981466,981,true,1.3141654264907214,1,995.8645452512411,1.0,0.708
2026-03-22T21:10:07.745-753714-981466,695,true,10.998057126426232,1,984.8664881248149,1.0,0.34099999999999997
2026-03-22T21:10:07.745-753714-981466,352,true,33.54357965314629,1,951.3229084716686,1.0,0.728
2026-03-22T21:10:07.745-753714-981466,327,true,198.3447581530548,1,752.9781503186138,1.0,0.478
2026-03-22T21:10:07.745-753714-981466,369,false,0.1774689811793262,1,752.9781503186138,1.0,1.0
2026-03-22T21:10:07.745-753714-981466,932,true,1.6052509895397673,1,751.372899329074,1.0,0.6890000000000001
2026-03-22T21:10:07.745-753714-981466,458,true,278.34594264078737,1,473.02695668828665,1.0,0.0030000000000000027
2026-03-22T21:10:07.745-753714-981466,753,true,3.2274567910677967,1,469.7994998972188,1.0,0.669
2026-03-22T21:10:07.745-753714-981466,482,true,38.66093038214349,1,431.13856951507535,1.0,0.7030000000000001
2026-03-22T21:10:07.745-753714-981466,410,true,1.002411844362622,1,430.13615767071275,1.0,0.65
2026-03-22T21:10:07.745-753714-981466,140,true,24.613494171516447,1,405.5226634991963,1.0,0.712
2026-03-22T21:10:07.745-753714-981466,867,true,9.405948403986093,1,396.1167150952102,1.0,0.061000000000000054
2026-03-22T21:10:07.745-753714-981466,556,true,2.5389525606785988,1,393.57776253453164,1.0,0.361
2026-03-22T21:10:07.745-753714-981466,904,true,5.820392827656233,1,387.7573697068754,1.0,0.359
2026-03-22T21:10:07.745-753714-981466,926,true,7.282327376333628,1,380.4750423305418,1.0,0.0050000000000000044
2026-03-22T21:10:07.745-753714-981466,241,true,1.8615559179596484,1,378.6134864125821,1.0,0.0010000000000000009
2026-03-22T21:10:07.745-753714-981466,16,true,14.23319643134907,1,364.38028998123303,1.0,0.347
2026-03-22T21:10:07.745-753714-981466,22,false,0.08834038855874128,1,364.38028998123303,1.0,1.0
2026-03-22T21:10:07.745-753714-981466,353,true,16.680534894799056,1,347.699755086434,1.0,0.505
2026-03-22T21:10:07.745-753714-981466,442,true,0.5098451874386222,1,347.1899098989954,1.0,0.692
2026-03-22T21:10:07.745-753714-981466,963,true,6.508323919508168,1,340.68158597948724,1.0,0.46399999999999997
2026-03-22T21:10:07.745-753714-981466,616,true,0.5974770318990195,1,340.0841089475882,1.0,0.7150000000000001
2026-03-22T21:10:07.745-753714-981466,524,true,101.03292019332348,1,239.05118875426473,1.0,0.5
2026-03-22T21:10:07.745-753714-981466,525,true,12.703035235020216,1,226.3481535192445,1.0,0.0
2026-03-22T21:10:07.745-753714-981466,802,true,6.6293001407528225,1,219.71885337849167,1.0,0.657
2026-03-22T21:10:07.745-753714-981466,153,false,0.1194279735890752,1,219.71885337849167,1.0,1.0
2026-03-22T21:10:07.745-753714-981466,667,true,1.2042569692194318,1,218.51459640927223,1.0,0.366
2026-03-22T21:10:07.745-753714-981466,546,false,0.1255760661486362,1,218.51459640927223,1.0,1.0
2026-03-22T21:10:07.745-753714-981466,480,true,65.90137545476246,1,152.61322095450976,1.0,0.681
2026-03-22T21:10:07.745-753714-981466,871,true,15.438308593920427,1,137.17491236058933,1.0,0.6699999999999999
2026-03-22T21:10:07.745-753714-981466,493,true,28.311506318499294,1,108.86340604209003,1.0,0.347
2026-03-22T21:10:07.745-753714-981466,532,true,1.7220692624140261,1,107.14133677967601,1.0,0.544
2026-03-22T21:10:07.745-753714-981466,214,true,0.44368206102743424,1,106.69765471864858,1.0,0.6839999999999999
2026-03-22T21:10:07.745-753714-981466,544,true,0.9000786694687092,1,105.79757604917987,1.0,0.671
2026-03-22T21:10:07.745-753714-981466,287,true,6.3742971773900585,1,99.4232788717898,1.0,0.375
2026-03-22T21:10:07.745-753714-981466,220,true,5.347766722033942,1,94.07551214975587,1.0,0.681
2026-03-22T21:10:07.745-753714-981466,815,true,20.601050196484024,1,73.47446195327184,1.0,0.0
2026-03-22T21:10:07.745-753714-981466,295,true,0.7367745950745075,1,72.73768735819733,1.0,0.992
2026-03-22T21:10:07.745-753714-981466,775,true,3.554584542823861,1,69.18310281537347,1.0,0.356
2026-03-22T21:10:07.745-753714-981466,950,true,9.81997822112094,1,59.36312459425253,1.0,0.987
2026-03-22T21:10:07.745-753714-981466,531,true,9.893470152615182,1,49.46965444163735,1.0,0.006000000000000005
2026-03-22T21:10:07.745-753714-981466,36,true,25.96890553142585,1,23.500748910211502,1.0,0.33999999999999997
2026-03-22T21:10:07.745-753714-981466,559,true,1.6225125197831305,1,21.878236390428373,1.0,0.0
2026-03-22T21:10:07.745-753714-981466,349,true,0.7176581957973667,1,21.160578194631007,1.0,0.07799999999999996
2026-03-22T21:10:07.745-753714-981466,919,true,0.32711817015364825,1,20.833460024477358,1.0,0.7170000000000001
2026-03-22T21:10:07.745-753714-981466,527,true,3.005837094922531,1,17.827622929554828,1.0,0.0
2026-03-22T21:10:07.745-753714-981466,134,true,3.1444770383409746,1,14.683145891213853,1.0,0.48
2026-03-22T21:10:07.745-753714-981466,646,false,0.19242502842917264,1,14.683145891213853,1.0,1.0
2026-03-22T21:10:07.745-753714-981466,234,false,0.15126444488629168,1,14.683145891213853,1.0,1.0
2026-03-22T21:10:07.745-753714-981466,533,true,86.2490876941106,1,-71.56594180289675,1.0,0.06499999999999995
2026-03-22T21:10:07.745-705391-176694,216,false,2.993467406180006,1,3750.9420329043674,1.0,1.0
2026-03-22T21:10:07.745-705391-176694,637,false,0.2824849253041125,1,3750.9420329043674,1.0,1.0
2026-03-22T21:10:07.745-705391-176694,644,false,3.5750863792980745,1,3750.9420329043674,1.0,1.0
2026-03-22T21:10:07.745-705391-176694,423,false,0.4775685860575959,1,3750.9420329043674,1.0,1.0
2026-03-22T21:10:07.745-705391-176694,417,false,1.9030534865633018,1,3750.9420329043674,1.0,1.0
2026-03-22T21:10:07.745-705391-176694,26,false,0.18216613873850845,1,3750.9420329043674,1.0,1.0
2026-03-22T21:10:07.745-705391-176694,879,false,4.927048796577631,1,3750.9420329043674,1.0,1.0
2026-03-22T21:10:07.745-705391-176694,2,false,4.929503358732801,1,3750.9420329043674,1.0,1.0
2026-03-22T21:10:07.745-705391-176694,636,false,37.89181026693182,1,3750.9420329043674,1.0,1.0
2026-03-22T21:10:07.745-705391-176694,446,false,9.67957980576936,1,3750.9420329043674,1.0,1.0
2026-03-22T21:10:07.745-705391-176694,603,false,11.331870469411653,1,3750.9420329043674,1.0,1.0
2026-03-22T21:10:07.745-705391-176694,196,false,21.865492173916795,1,3750.9420329043674,1.0,1.0
2026-03-22T21:10:07.745-705391-176694,625,false,7.753171669860294,1,3750.9420329043674,1.0,1.0
2026-03-22T21:10:07.745-705391-176694,899,false,4.427313364800087,1,3750.9420329043674,1.0,1.0
2026-03-22T21:10:07.745-705391-176694,322,false,10.202953136642682,1,3750.9420329043674,1.0,1.0
2026-03-22T21:10:07.745-705391-176694,542,false,0.7049888368341347,1,3750.9420329043674,1.0,1.0
2026-03-22T21:10:07.745-705391-176694,463,false,6.741404147007978,1,3750.9420329043674,1.0,1.0
2026-03-22T21:10:07.745-705391-176694,350,false,1.5829671133067929,1,3750.9420329043674,1.0,1.0
2026-03-22T21:10:07.745-705391-176694,572,false,2.9323128231377353,1,3750.9420329043674,1.0,1.0
2026-03-22T21:10:07.745-705391-176694,387,false,5.789493444050574,1,3750.9420329043674,1.0,1.0
2026-03-22T21:10:07.745-705391-176694,742,false,7.124182095685166,1,3750.9420329043674,1.0,1.0
2026-03-22T21:10:07.745-705391-176694,176,false,7.549436655045313,1,3750.9420329043674,1.0,1.0
2026-03-22T21:10:07.745-705391-176694,327,false,0.08106527786127464,1,3750.9420329043674,1.0,1.0
2026-03-22T21:10:07.745-705391-176694,388,false,0.09532254601935593,1,3750.9420329043674,1.0,1.0
2026-03-22T21:10:07.745-705391-176694,702,false,56.73102836941645,1,3750.9420329043674,1.0,1.0
2026-03-22T21:10:07.745-705391-176694,442,false,1.7332848364845632,1,3750.9420329043674,1.0,1.0
2026-03-22T21:10:07.745-705391-176694,989,false,0.1260853915943898,1,3750.9420329043674,1.0,1.0
2026-03-22T21:10:07.745-705391-176694,225,false,0.11018060862122957,1,3750.9420329043674,1.0,1.0
2026-03-22T21:10:07.745-705391-176694,723,false,2.0036442658466385,1,3750.9420329043674,1.0,1.0
2026-03-22T21:10:07.745-705391-176694,470,false,33.61745932106752,1,3750.9420329043674,1.0,1.0
2026-03-22T21:10:07.745-705391-176694,944,false,0.8618426128300188,1,3750.9420329043674,1.0,1.0
2026-03-22T21:10:07.745-705391-176694,799,false,17.79894320560212,1,3750.9420329043674,1.0,1.0
2026-03-22T21:10:07.745-705391-176694,448,false,14.581373135492257,1,3750.9420329043674,1.0,1.0
2026-03-22T21:10:07.745-705391-176694,973,false,36.935968713396555,1,3750.9420329043674,1.0,1.0
2026-03-22T21:10:07.745-705391-176694,183,false,1.6447601512828236,1,3750.9420329043674,1.0,1.0
2026-03-22T21:10:07.745-705391-176694,10,true,3.523976082622552,1,3747.418056821745,1.0,0.637
2026-03-22T21:10:07.745-705391-176694,929,false,0.34410127419331776,1,3747.418056821745,1.0,1.0
2026-03-22T21:10:07.745-705391-176694,682,false,0.7427444237778825,1,3747.418056821745,1.0,1.0
2026-03-22T21:10:07.745-705391-176694,210,false,168.90444094150618,1,3747.418056821745,1.0,1.0
2026-03-22T21:10:07.745-705391-176694,49,false,0.5133140915345198,1,3747.418056821745,1.0,1.0
2026-03-22T21:10:07.745-705391-176694,106,false,15.531758371419942,1,3747.418056821745,1.0,1.0
2026-03-22T21:10:07.745-705391-176694,977,false,13.479539782662437,1,3747.418056821745,1.0,1.0
2026-03-22T21:10:07.745-705391-176694,320,false,1.8826162063092942,1,3747.418056821745,1.0,1.0
2026-03-22T21:10:07.745-705391-176694,767,false,0.3397498787549837,1,3747.418056821745,1.0,1.0
2026-03-22T21:10:07.745-705391-176694,295,false,0.2531116784691171,1,3747.418056821745,1.0,1.0
2026-03-22T21:10:07.745-705391-176694,483,false,0.8073945817463656,1,3747.418056821745,1.0,1.0
2026-03-22T21:10:07.745-705391-176694,455,false,0.9686545147841239,1,3747.418056821745,1.0,1.0
2026-03-22T21:10:07.745-705391-176694,919,false,26.498538745627027,1,3747.418056821745,1.0,1.0
2026-03-22T21:10:07.745-705391-176694,972,false,2.278280159214959,1,3747.418056821745,1.0,1.0
2026-03-22T21:10:07.745-705391-176694,815,false,1.2344718878176635,1,3747.418056821745,1.0,1.0
2026-03-22T21:10:07.745-705391-176694,546,false,2.4991772282140348,1,3747.418056821745,1.0,1.0
2026-03-22T21:10:07.745-705391-176694,412,false,20.852155149437117,1,3747.418056821745,1.0,1.0
2026-03-22T21:10:07.745-705391-176694,120,false,12.167791977623137,1,3747.418056821745,1.0,1.0
2026-03-22T21:10:07.745-705391-176694,573,false,0.7674247868641857,1,3747.418056821745,1.0,1.0
2026-03-22T21:10:07.745-705391-176694,596,false,6.31556695099873,1,3747.418056821745,1.0,1.0
2026-03-22T21:10:07.745-705391-176694,164,false,0.5171648777964695,1,3747.418056821745,1.0,1.0
2026-03-22T21:10:07.745-705391-176694,382,false,299.00840064612714,1,3747.418056821745,1.0,1.0
2026-03-22T21:10:07.745-705391-176694,456,false,4.637946039326263,1,3747.418056821745,1.0,1.0
2026-03-22T21:10:07.745-705391-176694,29,false,0.35202063291612845,1,3747.418056821745,1.0,1.0
2026-03-22T21:10:07.745-705391-176694,910,false,2.655034315410995,1,3747.418056821745,1.0,1.0
2026-03-22T21:10:07.745-705391-176694,68,false,0.03606662116538796,1,3747.418056821745,1.0,1.0
2026-03-22T21:10:07.745-705391-176694,377,true,4.58457273719442,1,3742.8334840845505,1.0,0.519
2026-03-22T21:10:07.745-705391-176694,814,false,1.9055849978599186,1,3742.8334840845505,1.0,1.0
2026-03-22T21:10:07.745-705391-176694,751,false,5.312202500432841,1,3742.8334840845505,1.0,1.0
2026-03-22T21:10:07.745-705391-176694,100,false,1.1822412781999974,1,3742.8334840845505,1.0,1.0
2026-03-22T21:10:07.745-705391-176694,824,false,2.814339121053035,1,3742.8334840845505,1.0,1.0
2026-03-22T21:10:07.745-705391-176694,887,false,3.5501642588508604,1,3742.8334840845505,1.0,1.0
2026-03-22T21:10:07.745-705391-176694,545,false,50.88935330654989,1,3742.8334840845505,1.0,1.0
2026-03-22T21:10:07.745-705391-176694,559,false,1.3203501525575263,1,3742.8334840845505,1.0,1.0
2026-03-22T21:10:07.745-705391-176694,67,false,10.875458038248189,1,3742.8334840845505,1.0,1.0
2026-03-22T21:10:07.745-705391-176694,686,false,6.624405867685696,1,3742.8334840845505,1.0,1.0
2026-03-22T21:10:07.745-705391-176694,175,false,6.485573739790171,1,3742.8334840845505,1.0,1.0
2026-03-22T21:10:07.745-705391-176694,619,false,3.466401472818745,1,3742.8334840845505,1.0,1.0
2026-03-22T21:10:07.745-705391-176694,975,false,0.22843466922010006,1,3742.8334840845505,1.0,1.0
2026-03-22T21:10:07.745-705391-176694,547,false,12.206271045826911,1,3742.8334840845505,1.0,1.0
2026-03-22T21:10:07.745-705391-176694,331,false,0.20708443366499946,1,3742.8334840845505,1.0,1.0
2026-03-22T21:10:07.745-705391-176694,611,false,0.17135721083170466,1,3742.8334840845505,1.0,1.0
2026-03-22T21:10:07.745-705391-176694,278,false,3.3058669967683323,1,3742.8334840845505,1.0,1.0
2026-03-22T21:10:07.745-705391-176694,93,false,8.481740244205344,1,3742.8334840845505,1.0,1.0
2026-03-22T21:10:07.745-705391-176694,563,false,5.224106639865615,1,3742.8334840845505,1.0,1.0
2026-03-22T21:10:07.745-705391-176694,514,false,0.1315036921861316,1,3742.8334840845505,1.0,1.0
2026-03-22T21:10:07.745-705391-176694,570,false,10.249156956946193,1,3742.8334840845505,1.0,1.0
2026-03-22T21:10:07.745-705391-176694,558,false,3.6285838386195386,1,3742.8334840845505,1.0,1.0
2026-03-22T21:10:07.745-705391-176694,605,false,0.07902748435278523,1,3742.8334840845505,1.0,1.0
2026-03-22T21:10:07.745-705391-176694,418,false,0.5309409741501743,1,3742.8334840845505,1.0,1.0
2026-03-22T21:10:07.745-705391-176694,178,false,0.9336481761435554,1,3742.8334840845505,1.0,1.0
2026-03-22T21:10:07.745-705391-176694,48,false,34.87029790447723,1,3742.8334840845505,1.0,1.0
2026-03-22T21:10:07.745-705391-176694,208,false,8.181052223617279,1,3742.8334840845505,1.0,1.0
2026-03-22T21:10:07.745-705391-176694,803,false,2.0893216216558934,1,3742.8334840845505,1.0,1.0
2026-03-22T21:10:07.745-705391-176694,54,false,0.7703630639468677,1,3742.8334840845505,1.0,1.0
2026-03-22T21:10:07.745-705391-176694,953,false,1.1001109764859096,1,3742.8334840845505,1.0,1.0
2026-03-22T21:10:07.745-705391-176694,753,false,0.25270525260846893,1,3742.8334840845505,1.0,1.0
2026-03-22T21:10:07.745-705391-176694,745,false,11.837848664663941,1,3742.8334840845505,1.0,1.0
2026-03-22T21:10:07.745-705391-176694,249,false,0.07938138277058072,1,3742.8334840845505,1.0,1.0
2026-03-22T21:10:07.745-705391-176694,871,false,0.17741117728688577,1,3742.8334840845505,1.0,1.0
2026-03-22T21:10:07.745-705391-176694,924,false,19.729885475883602,1,3742.8334840845505,1.0,1.0
2026-03-22T21:10:07.745-705391-176694,180,false,3.1978115324219485,1,3742.8334840845505,1.0,1.0
2026-03-22T21:10:07.745-705391-176694,172,false,1.7501529010328933,1,3742.8334840845505,1.0,1.0
2026-03-22T21:10:07.745-705391-176694,497,false,3.6989991332902505,1,3742.8334840845505,1.0,1.0
2026-03-22T21:10:07.745-705391-176694,419,false,26.787555185252195,1,3742.8334840845505,1.0,1.0
2026-03-22T21:10:07.745-705391-176694,481,false,0.3594958920403815,1,3742.8334840845505,1.0,1.0
2026-03-22T21:10:07.745-705391-176694,298,false,56.44318263337562,1,3742.8334840845505,1.0,1.0
2026-03-22T21:10:07.745-705391-176694,581,false,23.240430275562268,1,3742.8334840845505,1.0,1.0
2026-03-22T21:10:07.745-705391-176694,215,false,0.23049624596400156,1,3742.8334840845505,1.0,1.0
2026-03-22T21:10:07.745-705391-176694,908,false,0.48631586315328623,1,3742.8334840845505,1.0,1.0
2026-03-22T21:10:07.745-705391-176694,267,false,3.639532011257398,1,3742.8334840845505,1.0,1.0
2026-03-22T21:10:07.745-705391-176694,434,false,4.507604693979131,1,3742.8334840845505,1.0,1.0
2026-03-22T21:10:07.745-705391-176694,800,false,17.488888810694647,1,3742.8334840845505,1.0,1.0
2026-03-22T21:10:07.745-705391-176694,691,false,0.6009050796701064,1,3742.8334840845505,1.0,1.0
2026-03-22T21:10:07.745-705391-176694,163,false,4.60258855405028,1,3742.8334840845505,1.0,1.0
2026-03-22T21:10:07.745-705391-176694,788,false,3.9560297856669484,1,3742.8334840845505,1.0,1.0
2026-03-22T21:10:07.745-705391-176694,303,false,6.36172500848262,1,3742.8334840845505,1.0,1.0
2026-03-22T21:10:07.745-705391-176694,450,false,6.472906428916398,1,3742.8334840845505,1.0,1.0
2026-03-22T21:10:07.745-705391-176694,273,false,19.588930414889916,1,3742.8334840845505,1.0,1.0
2026-03-22T21:10:07.745-705391-176694,207,false,35.15727797700483,1,3742.8334840845505,1.0,1.0
2026-03-22T21:10:07.745-705391-176694,764,false,2.370592721823537,1,3742.8334840845505,1.0,1.0
2026-03-22T21:10:07.745-705391-176694,760,false,90.80677145987259,1,3742.8334840845505,1.0,1.0
2026-03-22T21:10:07.745-705391-176694,340,false,34.14583584571487,1,3742.8334840845505,1.0,1.0
2026-03-22T21:10:07.745-705391-176694,84,false,12.67755175768424,1,3742.8334840845505,1.0,1.0
2026-03-22T21:10:07.745-705391-176694,549,false,77.96851820113586,1,3742.8334840845505,1.0,1.0
2026-03-22T21:10:07.745-705391-176694,154,true,0.5847080120060795,1,3742.2487760725444,1.0,0.8049999999999999
2026-03-22T21:10:07.745-705391-176694,638,false,2.6303305761076365,1,3742.2487760725444,1.0,1.0
2026-03-22T21:10:07.745-705391-176694,672,false,1.361992601860068,1,3742.2487760725444,1.0,1.0
2026-03-22T21:10:07.745-705391-176694,40,false,3.7797845997214834,1,3742.2487760725444,1.0,1.0
2026-03-22T21:10:07.745-705391-176694,487,false,1.1271377271048948,1,3742.2487760725444,1.0,1.0
2026-03-22T21:10:07.745-705391-176694,222,false,0.25280126427017563,1,3742.2487760725444,1.0,1.0
2026-03-22T21:10:07.745-705391-176694,198,false,18.171937821700876,1,3742.2487760725444,1.0,1.0
2026-03-22T21:10:07.745-705391-176694,407,false,2.925776136414453,1,3742.2487760725444,1.0,1.0
2026-03-22T21:10:07.745-705391-176694,508,false,3.318574239046523,1,3742.2487760725444,1.0,1.0
2026-03-22T21:10:07.745-705391-176694,741,false,4.742941873981703,1,3742.2487760725444,1.0,1.0
2026-03-22T21:10:07.745-705391-176694,8,true,14.541265641952771,1,3727.707510430592,1.0,0.008000000000000007
2026-03-22T21:10:07.745-705391-176694,157,true,6.945173575160431,1,3720.7623368554314,1.0,0.0
2026-03-22T21:10:07.745-705391-176694,641,false,32.38376917191951,1,3720.7623368554314,1.0,1.0
2026-03-22T21:10:07.745-705391-176694,33,false,6.326697165219337,1,3720.7623368554314,1.0,1.0
2026-03-22T21:10:07.745-705391-176694,484,false,2.258358936191398,1,3720.7623368554314,1.0,1.0
2026-03-22T21:10:07.745-705391-176694,63,false,28.111636395315994,1,3720.7623368554314,1.0,1.0
2026-03-22T21:10:07.745-705391-176694,530,false,11.763503156333543,1,3720.7623368554314,1.0,1.0
2026-03-22T21:10:07.745-705391-176694,752,false,0.49981598590001036,1,3720.7623368554314,1.0,1.0
2026-03-22T21:10:07.745-705391-176694,937,false,4.675348247321787,1,3720.7623368554314,1.0,1.0
2026-03-22T21:10:07.745-705391-176694,891,false,6.636122360533035,1,3720.7623368554314,1.0,1.0
2026-03-22T21:10:07.745-705391-176694,274,false,28.34782510249173,1,3720.7623368554314,1.0,1.0
2026-03-22T21:10:07.745-705391-176694,823,false,0.5538270127985354,1,3720.7623368554314,1.0,1.0
2026-03-22T21:10:07.745-705391-176694,325,false,0.2927720760118918,1,3720.7623368554314,1.0,1.0
2026-03-22T21:10:07.745-705391-176694,256,false,3.2125988798050074,1,3720.7623368554314,1.0,1.0
2026-03-22T21:10:07.745-705391-176694,50,false,12.071410018735776,1,3720.7623368554314,1.0,1.0
2026-03-22T21:10:07.745-705391-176694,265,false,0.03096058810649929,1,3720.7623368554314,1.0,1.0
2026-03-22T21:10:07.745-705391-176694,126,false,2.761907801871941,1,3720.7623368554314,1.0,1.0
2026-03-22T21:10:07.745-705391-176694,509,false,1.8787134716078095,1,3720.7623368554314,1.0,1.0
2026-03-22T21:10:07.745-705391-176694,692,false,0.9318645408584387,1,3720.7623368554314,1.0,1.0
2026-03-22T21:10:07.745-705391-176694,544,false,36.88948477380908,1,3720.7623368554314,1.0,1.0
2026-03-22T21:10:07.745-705391-176694,123,false,16.43973439122964,1,3720.7623368554314,1.0,1.0
2026-03-22T21:10:07.745-705391-176694,486,false,10.515150925694332,1,3720.7623368554314,1.0,1.0
2026-03-22T21:10:07.745-705391-176694,796,false,0.14425121093447607,1,3720.7623368554314,1.0,1.0
2026-03-22T21:10:07.745-705391-176694,586,false,0.16514595776901908,1,3720.7623368554314,1.0,1.0
2026-03-22T21:10:07.745-705391-176694,318,false,0.37357003150108836,1,3720.7623368554314,1.0,1.0
2026-03-22T21:10:07.745-705391-176694,960,false,33.35551661313415,1,3720.7623368554314,1.0,1.0
2026-03-22T21:10:07.745-705391-176694,424,false,0.25739216766247125,1,3720.7623368554314,1.0,1.0
2026-03-22T21:10:07.745-705391-176694,80,false,371.55167488519413,1,3720.7623368554314,1.0,1.0
2026-03-22T21:10:07.745-705391-176694,300,false,0.06273962160624028,1,3720.7623368554314,1.0,1.0
2026-03-22T21:10:07.745-705391-176694,646,false,2.6130983485347286,1,3720.7623368554314,1.0,1.0
2026-03-22T21:10:07.745-705391-176694,202,false,2.5614687797113977,1,3720.7623368554314,1.0,1.0
2026-03-22T21:10:07.745-705391-176694,165,false,3.7281365410284146,1,3720.7623368554314,1.0,1.0
2026-03-22T21:10:07.745-705391-176694,821,false,0.4440725807334803,1,3720.7623368554314,1.0,1.0
2026-03-22T21:10:07.745-705391-176694,317,false,1.275749966264462,1,3720.7623368554314,1.0,1.0
2026-03-22T21:10:07.745-705391-176694,940,false,6.167339407809117,1,3720.7623368554314,1.0,1.0
2026-03-22T21:10:07.745-705391-176694,828,false,0.26403062674986444,1,3720.7623368554314,1.0,1.0
2026-03-22T21:10:07.745-705391-176694,356,false,31.17459336007428,1,3720.7623368554314,1.0,1.0
2026-03-22T21:10:07.745-705391-176694,462,false,4.5768851432343745,1,3720.7623368554314,1.0,1.0
2026-03-22T21:10:07.745-705391-176694,432,false,25.030749656928084,1,3720.7623368554314,1.0,1.0
2026-03-22T21:10:07.745-705391-176694,245,false,6.325632199108378,1,3720.7623368554314,1.0,1.0
2026-03-22T21:10:07.745-705391-176694,604,false,0.07375511802427435,1,3720.7623368554314,1.0,1.0
2026-03-22T21:10:07.745-705391-176694,662,false,68.29993060218092,1,3720.7623368554314,1.0,1.0
2026-03-22T21:10:07.745-705391-176694,439,false,2.346866506888885,1,3720.7623368554314,1.0,1.0
2026-03-22T21:10:07.745-705391-176694,379,true,5.30999137777233,1,3715.452345477659,1.0,0.62
2026-03-22T21:10:07.745-705391-176694,179,false,1.3887444873454018,1,3715.452345477659,1.0,1.0
2026-03-22T21:10:07.745-705391-176694,161,false,1.6987202713943255,1,3715.452345477659,1.0,1.0
2026-03-22T21:10:07.745-705391-176694,308,false,8.871333663753033,1,3715.452345477659,1.0,1.0
2026-03-22T21:10:07.745-705391-176694,268,false,0.3303828188327724,1,3715.452345477659,1.0,1.0
2026-03-22T21:10:07.745-705391-176694,471,false,1.3691570674559248,1,3715.452345477659,1.0,1.0
2026-03-22T21:10:07.745-705391-176694,45,false,38.47361568059578,1,3715.452345477659,1.0,1.0
2026-03-22T21:10:07.745-705391-176694,353,false,7.283520197008556,1,3715.452345477659,1.0,1.0
2026-03-22T21:10:07.745-705391-176694,792,false,7.445796750017285,1,3715.452345477659,1.0,1.0
2026-03-22T21:10:07.745-705391-176694,108,false,5.906853219771336,1,3715.452345477659,1.0,1.0
2026-03-22T21:10:07.745-705391-176694,362,false,32.015273755784186,1,3715.452345477659,1.0,1.0
2026-03-22T21:10:07.745-705391-176694,574,false,0.6367354613916949,1,3715.452345477659,1.0,1.0
2026-03-22T21:10:07.745-705391-176694,720,false,0.8613957798906664,1,3715.452345477659,1.0,1.0
2026-03-22T21:10:07.745-705391-176694,415,false,2.1323820111586382,1,3715.452345477659,1.0,1.0
2026-03-22T21:10:07.745-705391-176694,712,false,1.4862083197948748,1,3715.452345477659,1.0,1.0
2026-03-22T21:10:07.745-705391-176694,247,false,2.434005694498513,1,3715.452345477659,1.0,1.0
2026-03-22T21:10:07.745-705391-176694,640,false,16.008411367355237,1,3715.452345477659,1.0,1.0
2026-03-22T21:10:07.745-705391-176694,912,false,1.1319372857392265,1,3715.452345477659,1.0,1.0
2026-03-22T21:10:07.745-705391-176694,769,false,0.41693729046719424,1,3715.452345477659,1.0,1.0
2026-03-22T21:10:07.745-705391-176694,70,false,4.787017607196713,1,3715.452345477659,1.0,1.0
2026-03-22T21:10:07.745-705391-176694,288,false,1.3464874940621556,1,3715.452345477659,1.0,1.0
2026-03-22T21:10:07.745-705391-176694,729,false,17.247394982161627,1,3715.452345477659,1.0,1.0
2026-03-22T21:10:07.745-705391-176694,200,false,6.148558671940507,1,3715.452345477659,1.0,1.0
2026-03-22T21:10:07.745-705391-176694,950,false,0.2906942194386634,1,3715.452345477659,1.0,1.0
2026-03-22T21:10:07.745-705391-176694,958,false,1.5089648299279248,1,3715.452345477659,1.0,1.0
2026-03-22T21:10:07.745-705391-176694,900,false,33.766046301811194,1,3715.452345477659,1.0,1.0
2026-03-22T21:10:07.745-705391-176694,409,false,4.576995547516114,1,3715.452345477659,1.0,1.0
2026-03-22T21:10:07.745-705391-176694,262,false,19.309723574636372,1,3715.452345477659,1.0,1.0
2026-03-22T21:10:07.745-705391-176694,658,false,0.19562004430843122,1,3715.452345477659,1.0,1.0
2026-03-22T21:10:07.745-705391-176694,102,false,3.517447393317081,1,3715.452345477659,1.0,1.0
2026-03-22T21:10:07.745-705391-176694,987,false,0.21549488731606306,1,3715.452345477659,1.0,1.0
2026-03-22T21:10:07.745-705391-176694,718,false,0.7736593341552855,1,3715.452345477659,1.0,1.0
2026-03-22T21:10:07.745-705391-176694,281,false,0.043280243392969354,1,3715.452345477659,1.0,1.0
2026-03-22T21:10:07.745-705391-176694,591,false,0.13102763334498127,1,3715.452345477659,1.0,1.0
2026-03-22T21:10:07.745-705391-176694,763,false,0.06391821601937044,1,3715.452345477659,1.0,1.0
2026-03-22T21:10:07.745-705391-176694,700,false,54.60795151752243,1,3715.452345477659,1.0,1.0
2026-03-22T21:10:07.745-705391-176694,252,false,2.739977875090556,1,3715.452345477659,1.0,1.0
2026-03-22T21:10:07.745-705391-176694,717,false,7.205660765163737,1,3715.452345477659,1.0,1.0
2026-03-22T21:10:07.745-705391-176694,311,false,43.16794886124944,1,3715.452345477659,1.0,1.0
2026-03-22T21:10:07.745-705391-176694,776,false,5.3252095319409465,1,3715.452345477659,1.0,1.0
2026-03-22T21:10:07.745-705391-176694,284,false,0.7188960177886009,1,3715.452345477659,1.0,1.0
2026-03-22T21:10:07.745-705391-176694,721,false,0.10925871857676396,1,3715.452345477659,1.0,1.0
2026-03-22T21:10:07.745-705391-176694,711,false,67.16232331005891,1,3715.452345477659,1.0,1.0
2026-03-22T21:10:07.745-705391-176694,690,false,2.0954354044309507,1,3715.452345477659,1.0,1.0
2026-03-22T21:10:07.745-705391-176694,237,false,0.8128755751266646,1,3715.452345477659,1.0,1.0
2026-03-22T21:10:07.745-705391-176694,114,false,0.16918503421691006,1,3715.452345477659,1.0,1.0
2026-03-22T21:10:07.745-705391-176694,86,false,0.9778212248248047,1,3715.452345477659,1.0,1.0
2026-03-22T21:10:07.745-705391-176694,983,false,0.25346212988914496,1,3715.452345477659,1.0,1.0
2026-03-22T21:10:07.745-705391-176694,328,false,1.350581687489538,1,3715.452345477659,1.0,1.0
2026-03-22T21:10:07.745-705391-176694,275,false,41.548547003477374,1,3715.452345477659,1.0,1.0
2026-03-22T21:10:07.745-705391-176694,872,false,0.31865268533278124,1,3715.452345477659,1.0,1.0
2026-03-22T21:10:07.745-705391-176694,358,false,10.237154560045376,1,3715.452345477659,1.0,1.0
2026-03-22T21:10:07.745-705391-176694,378,true,3.9873656031603377,1,3711.4649798744986,1.0,0.0
2026-03-22T21:10:07.745-705391-176694,390,false,60.33843311195316,1,3711.4649798744986,1.0,1.0
2026-03-22T21:10:07.745-705391-176694,913,false,0.01086809615669902,1,3711.4649798744986,1.0,1.0
2026-03-22T21:10:07.745-705391-176694,996,false,12.755798902525141,1,3711.4649798744986,1.0,1.0
2026-03-22T21:10:07.745-705391-176694,286,false,20.776602574214632,1,3711.4649798744986,1.0,1.0
2026-03-22T21:10:07.745-705391-176694,347,false,3.2537470454654716,1,3711.4649798744986,1.0,1.0
2026-03-22T21:10:07.745-705391-176694,681,false,2.715494588732909,1,3711.4649798744986,1.0,1.0
2026-03-22T21:10:07.745-705391-176694,195,false,105.57849673604775,1,3711.4649798744986,1.0,1.0
2026-03-22T21:10:07.745-705391-176694,531,false,3.901589204458293,1,3711.4649798744986,1.0,1.0
2026-03-22T21:10:07.745-705391-176694,12,true,1.6385076729832933,1,3709.826472201515,1.0,0.619
2026-03-22T21:10:07.745-705391-176694,724,false,15.401544342687993,1,3709.826472201515,1.0,1.0
2026-03-22T21:10:07.745-705391-176694,679,false,16.11957361686336,1,3709.826472201515,1.0,1.0
2026-03-22T21:10:07.745-705391-176694,668,false,3.3210121096341036,1,3709.826472201515,1.0,1.0
2026-03-22T21:10:07.745-705391-176694,197,false,40.35640064059738,1,3709.826472201515,1.0,1.0
2026-03-22T21:10:07.745-705391-176694,95,false,1.1592071685792267,1,3709.826472201515,1.0,1.0
2026-03-22T21:10:07.745-705391-176694,569,false,0.3163819823969464,1,3709.826472201515,1.0,1.0
2026-03-22T21:10:07.745-705391-176694,147,false,3.4066247741670526,1,3709.826472201515,1.0,1.0
2026-03-22T21:10:07.745-705391-176694,676,false,0.38019979706281737,1,3709.826472201515,1.0,1.0
2026-03-22T21:10:07.745-705391-176694,75,false,17.99772817391174,1,3709.826472201515,1.0,1.0
2026-03-22T21:10:07.745-705391-176694,779,false,24.033646154706563,1,3709.826472201515,1.0,1.0
2026-03-22T21:10:07.745-705391-176694,58,false,2.4121201769168326,1,3709.826472201515,1.0,1.0
2026-03-22T21:10:07.745-705391-176694,716,false,12.478249788031414,1,3709.826472201515,1.0,1.0
2026-03-22T21:10:07.745-705391-176694,565,false,0.4492322018391292,1,3709.826472201515,1.0,1.0
2026-03-22T21:10:07.745-705391-176694,628,true,145.83362233944314,1,3563.992849862072,1.0,0.575
2026-03-22T21:10:07.745-705391-176694,141,false,0.2971233605834004,1,3563.992849862072,1.0,1.0
2026-03-22T21:10:07.745-705391-176694,831,false,2.719242561463027,1,3563.992849862072,1.0,1.0
2026-03-22T21:10:07.745-705391-176694,139,false,1.0601558056271434,1,3563.992849862072,1.0,1.0
2026-03-22T21:10:07.745-705391-176694,866,false,0.24755038484687206,1,3563.992849862072,1.0,1.0
2026-03-22T21:10:07.745-705391-176694,804,false,71.49841527799906,1,3563.992849862072,1.0,1.0
2026-03-22T21:10:07.745-705391-176694,306,false,0.5762835157218456,1,3563.992849862072,1.0,1.0
2026-03-22T21:10:07.745-705391-176694,551,false,0.3445428731772904,1,3563.992849862072,1.0,1.0
2026-03-22T21:10:07.745-705391-176694,813,false,0.6526505319886574,1,3563.992849862072,1.0,1.0
2026-03-22T21:10:07.745-705391-176694,808,false,6.275885636469353,1,3563.992849862072,1.0,1.0
2026-03-22T21:10:07.745-705391-176694,504,false,15.413793955626224,1,3563.992849862072,1.0,1.0
2026-03-22T21:10:07.745-705391-176694,695,false,0.345276736900684,1,3563.992849862072,1.0,1.0
2026-03-22T21:10:07.745-705391-176694,391,false,0.08811934226962224,1,3563.992849862072,1.0,1.0
2026-03-22T21:10:07.745-705391-176694,148,false,1.3582026209237192,1,3563.992849862072,1.0,1.0
2026-03-22T21:10:07.745-705391-176694,785,false,11.260039734350967,1,3563.992849862072,1.0,1.0
2026-03-22T21:10:07.745-705391-176694,220,false,573.2330433442321,1,3563.992849862072,1.0,1.0
2026-03-22T21:10:07.745-705391-176694,96,false,0.012362080400195444,1,3563.992849862072,1.0,1.0
2026-03-22T21:10:07.745-705391-176694,469,false,0.1383380775879653,1,3563.992849862072,1.0,1.0
2026-03-22T21:10:07.745-705391-176694,896,false,2.8595553171017096,1,3563.992849862072,1.0,1.0
2026-03-22T21:10:07.745-705391-176694,993,false,0.1545224647278,1,3563.992849862072,1.0,1.0
2026-03-22T21:10:07.745-705391-176694,375,true,0.24164805596109082,1,3563.751201806111,1.0,0.0
2026-03-22T21:10:07.745-705391-176694,680,false,0.6537951573227191,1,3563.751201806111,1.0,1.0
2026-03-22T21:10:07.745-705391-176694,466,false,0.47587110470665916,1,3563.751201806111,1.0,1.0
2026-03-22T21:10:07.745-705391-176694,241,false,17.791497931246862,1,3563.751201806111,1.0,1.0
2026-03-22T21:10:07.745-705391-176694,294,false,112.99418851125843,1,3563.751201806111,1.0,1.0
2026-03-22T21:10:07.745-705391-176694,684,false,17.894671196165806,1,3563.751201806111,1.0,1.0
2026-03-22T21:10:07.745-705391-176694,315,false,2.8424137126354725,1,3563.751201806111,1.0,1.0
2026-03-22T21:10:07.745-705391-176694,994,false,9.420214557680847,1,3563.751201806111,1.0,1.0
2026-03-22T21:10:07.745-705391-176694,476,false,8.26392958353601,1,3563.751201806111,1.0,1.0
2026-03-22T21:10:07.745-705391-176694,907,false,0.5855526464476795,1,3563.751201806111,1.0,1.0
2026-03-22T21:10:07.745-705391-176694,537,false,31.106940061892384,1,3563.751201806111,1.0,1.0
2026-03-22T21:10:07.745-705391-176694,81,false,1.0218223919722658,1,3563.751201806111,1.0,1.0
2026-03-22T21:10:07.745-705391-176694,97,false,10.115479984971762,1,3563.751201806111,1.0,1.0
2026-03-22T21:10:07.745-705391-176694,853,false,15.36798738820812,1,3563.751201806111,1.0,1.0
2026-03-22T21:10:07.745-705391-176694,386,false,0.5041869497397752,1,3563.751201806111,1.0,1.0
2026-03-22T21:10:07.745-705391-176694,149,false,8.677569394295245,1,3563.751201806111,1.0,1.0
2026-03-22T21:10:07.745-705391-176694,660,false,4.6716143367655265,1,3563.751201806111,1.0,1.0
2026-03-22T21:10:07.745-705391-176694,51,false,58.14021612879475,1,3563.751201806111,1.0,1.0
2026-03-22T21:10:07.745-705391-176694,990,false,0.2496569551154959,1,3563.751201806111,1.0,1.0
2026-03-22T21:10:07.745-705391-176694,566,false,1.7576674906533232,1,3563.751201806111,1.0,1.0
2026-03-22T21:10:07.745-705391-176694,66,false,2.1128981836384,1,3563.751201806111,1.0,1.0
2026-03-22T21:10:07.745-705391-176694,99,false,13.984741621128249,1,3563.751201806111,1.0,1.0
2026-03-22T21:10:07.745-705391-176694,706,false,0.13542930680693874,1,3563.751201806111,1.0,1.0
2026-03-22T21:10:07.745-705391-176694,475,false,0.655778866301393,1,3563.751201806111,1.0,1.0
2026-03-22T21:10:07.745-705391-176694,842,false,1.3701346151803964,1,3563.751201806111,1.0,1.0
2026-03-22T21:10:07.745-705391-176694,968,false,16.207358957804168,1,3563.751201806111,1.0,1.0
2026-03-22T21:10:07.745-705391-176694,833,false,1.266692978834421,1,3563.751201806111,1.0,1.0
2026-03-22T21:10:07.745-705391-176694,943,false,224.5394395769499,1,3563.751201806111,1.0,1.0
2026-03-22T21:10:07.745-705391-176694,935,false,31.243659086032327,1,3563.751201806111,1.0,1.0
2026-03-22T21:10:07.745-705391-176694,258,false,1.3466383749155446,1,3563.751201806111,1.0,1.0
2026-03-22T21:10:07.745-705391-176694,850,false,0.25874147035601086,1,3563.751201806111,1.0,1.0
2026-03-22T21:10:07.745-705391-176694,954,false,0.20458943283136397,1,3563.751201806111,1.0,1.0
2026-03-22T21:10:07.745-705391-176694,992,false,4.851856439950143,1,3563.751201806111,1.0,1.0
2026-03-22T21:10:07.745-705391-176694,536,false,44.752454862465235,1,3563.751201806111,1.0,1.0
2026-03-22T21:10:07.745-705391-176694,279,false,0.18526072235217642,1,3563.751201806111,1.0,1.0
2026-03-22T21:10:07.745-705391-176694,642,false,4.048909388561331,1,3563.751201806111,1.0,1.0
2026-03-22T21:10:07.745-705391-176694,506,false,2.016889607666353,1,3563.751201806111,1.0,1.0
2026-03-22T21:10:07.745-705391-176694,942,false,11.599189345820976,1,3563.751201806111,1.0,1.0
2026-03-22T21:10:07.745-705391-176694,307,false,18.273577958544482,1,3563.751201806111,1.0,1.0
2026-03-22T21:10:07.745-705391-176694,438,false,16.156112085660883,1,3563.751201806111,1.0,1.0
2026-03-22T21:10:07.745-705391-176694,367,false,3.1798947218385227,1,3563.751201806111,1.0,1.0
2026-03-22T21:10:07.745-705391-176694,365,false,6.936500779413696,1,3563.751201806111,1.0,1.0
2026-03-22T21:10:07.745-705391-176694,474,false,5.321922131777158,1,3563.751201806111,1.0,1.0
2026-03-22T21:10:07.745-705391-176694,83,false,3.5200961696859205,1,3563.751201806111,1.0,1.0
2026-03-22T21:10:07.745-705391-176694,452,false,1.2318222398012013,1,3563.751201806111,1.0,1.0
2026-03-22T21:10:07.745-705391-176694,540,false,3.4064464317540155,1,3563.751201806111,1.0,1.0
2026-03-22T21:10:07.745-705391-176694,713,false,0.9447568803076356,1,3563.751201806111,1.0,1.0
2026-03-22T21:10:07.745-705391-176694,437,false,8.087329655718854,1,3563.751201806111,1.0,1.0
2026-03-22T21:10:07.745-705391-176694,543,false,3.868876328166667,1,3563.751201806111,1.0,1.0
2026-03-22T21:10:07.745-705391-176694,597,false,0.19756168503696483,1,3563.751201806111,1.0,1.0
2026-03-22T21:10:07.745-705391-176694,669,false,14.217331758107363,1,3563.751201806111,1.0,1.0
2026-03-22T21:10:07.745-705391-176694,76,false,1.7601237816454862,1,3563.751201806111,1.0,1.0
2026-03-22T21:10:07.745-705391-176694,240,false,0.527329924670112,1,3563.751201806111,1.0,1.0
2026-03-22T21:10:07.745-705391-176694,956,false,132.95042693984726,1,3563.751201806111,1.0,1.0
2026-03-22T21:10:07.745-705391-176694,980,false,0.7682380558448235,1,3563.751201806111,1.0,1.0
2026-03-22T21:10:07.745-705391-176694,223,false,14.794652988947151,1,3563.751201806111,1.0,1.0
2026-03-22T21:10:07.745-705391-176694,489,false,0.011265530765529627,1,3563.751201806111,1.0,1.0
2026-03-22T21:10:07.745-705391-176694,859,false,1.73283551357954,1,3563.751201806111,1.0,1.0
2026-03-22T21:10:07.745-705391-176694,451,false,20.83470105028958,1,3563.751201806111,1.0,1.0
2026-03-22T21:10:07.745-705391-176694,383,false,3.742404683416628,1,3563.751201806111,1.0,1.0
2026-03-22T21:10:07.745-705391-176694,115,false,2.1167816187586097,1,3563.751201806111,1.0,1.0
2026-03-22T21:10:07.745-705391-176694,817,false,0.2891691968241543,1,3563.751201806111,1.0,1.0
2026-03-22T21:10:07.745-705391-176694,91,false,4.687304173793552,1,3563.751201806111,1.0,1.0
2026-03-22T21:10:07.745-705391-176694,694,false,0.851505780918221,1,3563.751201806111,1.0,1.0
2026-03-22T21:10:07.745-705391-176694,771,false,3.3252845588224904,1,3563.751201806111,1.0,1.0
2026-03-22T21:10:07.745-705391-176694,722,false,0.4276085057855987,1,3563.751201806111,1.0,1.0
2026-03-22T21:10:07.745-705391-176694,24,false,16.16448221845528,1,3563.751201806111,1.0,1.0
2026-03-22T21:10:07.745-705391-176694,498,false,0.013079484412033436,1,3563.751201806111,1.0,1.0
2026-03-22T21:10:07.745-705391-176694,688,false,0.12059079638521643,1,3563.751201806111,1.0,1.0
2026-03-22T21:10:07.745-705391-176694,749,false,2.470333156901956,1,3563.751201806111,1.0,1.0
2026-03-22T21:10:07.745-705391-176694,781,false,46.592005853464,1,3563.751201806111,1.0,1.0
2026-03-22T21:10:07.745-705391-176694,460,false,2.4553073831541,1,3563.751201806111,1.0,1.0
2026-03-22T21:10:07.745-705391-176694,897,false,16.15133284645288,1,3563.751201806111,1.0,1.0
2026-03-22T21:10:07.745-705391-176694,938,false,14.036688990655662,1,3563.751201806111,1.0,1.0
2026-03-22T21:10:07.745-705391-176694,143,false,4.067525296804368,1,3563.751201806111,1.0,1.0
2026-03-22T21:10:07.745-705391-176694,244,false,5.4649753577808395,1,3563.751201806111,1.0,1.0
2026-03-22T21:10:07.745-705391-176694,875,false,0.9698057568565885,1,3563.751201806111,1.0,1.0
2026-03-22T21:10:07.745-705391-176694,874,false,25.35762673448201,1,3563.751201806111,1.0,1.0
2026-03-22T21:10:07.745-705391-176694,780,false,4.163160107718866,1,3563.751201806111,1.0,1.0
2026-03-22T21:10:07.745-705391-176694,264,false,13.608960053806062,1,3563.751201806111,1.0,1.0
2026-03-22T21:10:07.745-705391-176694,701,false,0.31714176337291083,1,3563.751201806111,1.0,1.0
2026-03-22T21:10:07.745-705391-176694,790,false,0.40068496684155347,1,3563.751201806111,1.0,1.0
2026-03-22T21:10:07.745-705391-176694,313,false,0.8272541179831536,1,3563.751201806111,1.0,1.0
2026-03-22T21:10:07.745-705391-176694,522,false,13.858078665621129,1,3563.751201806111,1.0,1.0
2026-03-22T21:10:07.745-705391-176694,153,true,0.8649166394318472,1,3562.886285166679,1.0,0.0010000000000000009
2026-03-22T21:10:07.745-705391-176694,30,false,11.727948654106642,1,3562.886285166679,1.0,1.0
2026-03-22T21:10:07.745-705391-176694,101,false,3.8288607698282817,1,3562.886285166679,1.0,1.0
2026-03-22T21:10:07.745-705391-176694,678,false,4.83414074530609,1,3562.886285166679,1.0,1.0
2026-03-22T21:10:07.745-705391-176694,854,false,7.13747273227921,1,3562.886285166679,1.0,1.0
2026-03-22T21:10:07.745-705391-176694,965,false,805.7415040923354,1,3562.886285166679,1.0,1.0
2026-03-22T21:10:07.745-705391-176694,844,false,5.040749897462861,1,3562.886285166679,1.0,1.0
2026-03-22T21:10:07.745-705391-176694,41,false,8.5102974805684,1,3562.886285166679,1.0,1.0
2026-03-22T21:10:07.745-705391-176694,661,false,1.0684820007500435,1,3562.886285166679,1.0,1.0
2026-03-22T21:10:07.745-705391-176694,754,false,0.32083011912747234,1,3562.886285166679,1.0,1.0
2026-03-22T21:10:07.745-705391-176694,219,false,2.472488401879144,1,3562.886285166679,1.0,1.0
2026-03-22T21:10:07.745-705391-176694,233,false,20.837252138084033,1,3562.886285166679,1.0,1.0
2026-03-22T21:10:07.745-705391-176694,260,false,2.0650448281447504,1,3562.886285166679,1.0,1.0
2026-03-22T21:10:07.745-705391-176694,736,false,0.3469395782350323,1,3562.886285166679,1.0,1.0
2026-03-22T21:10:07.745-705391-176694,221,false,588.728943788081,1,3562.886285166679,1.0,1.0
2026-03-22T21:10:07.745-705391-176694,410,false,5.900503931165975,1,3562.886285166679,1.0,1.0
2026-03-22T21:10:07.745-705391-176694,371,true,0.3212291890628636,1,3562.5650559776163,1.0,0.5
2026-03-22T21:10:07.745-705391-176694,496,false,0.07807480841302372,1,3562.5650559776163,1.0,1.0
2026-03-22T21:10:07.745-705391-176694,864,false,0.32418553911402415,1,3562.5650559776163,1.0,1.0
2026-03-22T21:10:07.745-705391-176694,21,false,13.869764927513152,1,3562.5650559776163,1.0,1.0
2026-03-22T21:10:07.745-705391-176694,246,false,1.286228495518437,1,3562.5650559776163,1.0,1.0
2026-03-22T21:10:07.745-705391-176694,703,false,0.03496224719172578,1,3562.5650559776163,1.0,1.0
2026-03-22T21:10:07.745-705391-176694,870,false,5.653952157935257,1,3562.5650559776163,1.0,1.0
2026-03-22T21:10:07.745-705391-176694,903,false,3.1867495351261153,1,3562.5650559776163,1.0,1.0
2026-03-22T21:10:07.745-705391-176694,812,false,38.66080430465538,1,3562.5650559776163,1.0,1.0
2026-03-22T21:10:07.745-705391-176694,405,false,1.8321728963631208,1,3562.5650559776163,1.0,1.0
2026-03-22T21:10:07.745-705391-176694,38,false,8.659185907720394,1,3562.5650559776163,1.0,1.0
2026-03-22T21:10:07.745-705391-176694,979,false,6.422436581110646,1,3562.5650559776163,1.0,1.0
2026-03-22T21:10:07.745-705391-176694,750,false,11.409985379340867,1,3562.5650559776163,1.0,1.0
2026-03-22T21:10:07.745-705391-176694,839,false,11.421199157243617,1,3562.5650559776163,1.0,1.0
2026-03-22T21:10:07.745-705391-176694,319,false,3.6636899049077454,1,3562.5650559776163,1.0,1.0
2026-03-22T21:10:07.745-705391-176694,512,false,1.9130726206441986,1,3562.5650559776163,1.0,1.0
2026-03-22T21:10:07.745-705391-176694,621,false,11.803010523912848,1,3562.5650559776163,1.0,1.0
2026-03-22T21:10:07.745-705391-176694,555,false,45.618106671409656,1,3562.5650559776163,1.0,1.0
2026-03-22T21:10:07.745-705391-176694,283,false,66.18792913634974,1,3562.5650559776163,1.0,1.0
2026-03-22T21:10:07.745-705391-176694,837,false,0.12885729389295025,1,3562.5650559776163,1.0,1.0
2026-03-22T21:10:07.745-705391-176694,743,false,36.797439086601685,1,3562.5650559776163,1.0,1.0
2026-03-22T21:10:07.745-705391-176694,396,false,102.60196841149454,1,3562.5650559776163,1.0,1.0
2026-03-22T21:10:07.745-705391-176694,561,false,2.4362303688056777,1,3562.5650559776163,1.0,1.0
2026-03-22T21:10:07.745-705391-176694,201,false,0.7850300058182592,1,3562.5650559776163,1.0,1.0
2026-03-22T21:10:07.745-705391-176694,806,false,4.802534303235588,1,3562.5650559776163,1.0,1.0
2026-03-22T21:10:07.745-705391-176694,550,false,16.35189291808195,1,3562.5650559776163,1.0,1.0
2026-03-22T21:10:07.745-705391-176694,840,false,0.019682003790160375,1,3562.5650559776163,1.0,1.0
2026-03-22T21:10:07.745-705391-176694,404,false,1.0466572750208147,1,3562.5650559776163,1.0,1.0
2026-03-22T21:10:07.745-705391-176694,773,false,0.37150451081786506,1,3562.5650559776163,1.0,1.0
2026-03-22T21:10:07.745-705391-176694,4,true,3.435811222352665,1,3559.1292447552637,1.0,0.598
2026-03-22T21:10:07.745-705391-176694,177,false,1.2994050640278312,1,3559.1292447552637,1.0,1.0
2026-03-22T21:10:07.745-705391-176694,1000,false,3.887490649058654,1,3559.1292447552637,1.0,1.0
2026-03-22T21:10:07.745-705391-176694,985,false,6.35631041739686,1,3559.1292447552637,1.0,1.0
2026-03-22T21:10:07.745-705391-176694,357,false,85.28049973367109,1,3559.1292447552637,1.0,1.0
2026-03-22T21:10:07.745-705391-176694,169,false,0.12228997530358464,1,3559.1292447552637,1.0,1.0
2026-03-22T21:10:07.745-705391-176694,212,false,0.5312440467708707,1,3559.1292447552637,1.0,1.0
2026-03-22T21:10:07.745-705391-176694,192,false,0.4960229058295362,1,3559.1292447552637,1.0,1.0
2026-03-22T21:10:07.745-705391-176694,112,false,280.6692601348524,1,3559.1292447552637,1.0,1.0
2026-03-22T21:10:07.745-705391-176694,468,false,19.615594855560193,1,3559.1292447552637,1.0,1.0
2026-03-22T21:10:07.745-705391-176694,59,false,0.019041666462398243,1,3559.1292447552637,1.0,1.0
2026-03-22T21:10:07.745-705391-176694,851,false,18.437147832707378,1,3559.1292447552637,1.0,1.0
2026-03-22T21:10:07.745-705391-176694,421,false,12.260835239162752,1,3559.1292447552637,1.0,1.0
2026-03-22T21:10:07.745-705391-176694,342,false,0.6202467495073115,1,3559.1292447552637,1.0,1.0
2026-03-22T21:10:07.745-705391-176694,107,false,9.547297215688893,1,3559.1292447552637,1.0,1.0
2026-03-22T21:10:07.745-705391-176694,892,false,50.624670525885286,1,3559.1292447552637,1.0,1.0
2026-03-22T21:10:07.745-705391-176694,77,false,3.6814451554921326,1,3559.1292447552637,1.0,1.0
2026-03-22T21:10:07.745-705391-176694,85,false,0.708638679337331,1,3559.1292447552637,1.0,1.0
2026-03-22T21:10:07.745-705391-176694,862,false,2.8262992524076833,1,3559.1292447552637,1.0,1.0
2026-03-22T21:10:07.745-705391-176694,630,true,19.19266400727405,1,3539.93658074799,1.0,0.0050000000000000044
2026-03-22T21:10:07.745-705391-176694,610,false,9.92958990052836,1,3539.93658074799,1.0,1.0
2026-03-22T21:10:07.745-705391-176694,366,false,0.07149525703389206,1,3539.93658074799,1.0,1.0
2026-03-22T21:10:07.745-705391-176694,521,false,29.352322732565508,1,3539.93658074799,1.0,1.0
2026-03-22T21:10:07.745-705391-176694,598,false,0.2997719442195736,1,3539.93658074799,1.0,1.0
2026-03-22T21:10:07.745-705391-176694,933,false,11.460617729981312,1,3539.93658074799,1.0,1.0
2026-03-22T21:10:07.745-705391-176694,880,false,5.114928076067367,1,3539.93658074799,1.0,1.0
2026-03-22T21:10:07.745-705391-176694,211,false,0.621961997381977,1,3539.93658074799,1.0,1.0
2026-03-22T21:10:07.745-705391-176694,554,false,109.63956010049343,1,3539.93658074799,1.0,1.0
2026-03-22T21:10:07.745-705391-176694,206,false,0.8772221888712277,1,3539.93658074799,1.0,1.0
2026-03-22T21:10:07.745-705391-176694,733,false,1.436253628161437,1,3539.93658074799,1.0,1.0
2026-03-22T21:10:07.745-705391-176694,895,false,2.747431459578426,1,3539.93658074799,1.0,1.0
2026-03-22T21:10:07.745-705391-176694,970,false,0.8995120846238864,1,3539.93658074799,1.0,1.0
2026-03-22T21:10:07.745-705391-176694,608,false,9.807670969325022,1,3539.93658074799,1.0,1.0
2026-03-22T21:10:07.745-705391-176694,1,true,1.3978993299621665,1,3538.538681418028,1.0,0.627
2026-03-22T21:10:07.745-705391-176694,111,false,16.127333724619625,1,3538.538681418028,1.0,1.0
2026-03-22T21:10:07.745-705391-176694,430,false,13.286296179875958,1,3538.538681418028,1.0,1.0
2026-03-22T21:10:07.745-705391-176694,98,false,8.497175677181447,1,3538.538681418028,1.0,1.0
2026-03-22T21:10:07.745-705391-176694,230,false,6.766813575508707,1,3538.538681418028,1.0,1.0
2026-03-22T21:10:07.745-705391-176694,653,false,0.5993285559341995,1,3538.538681418028,1.0,1.0
2026-03-22T21:10:07.745-705391-176694,984,false,0.571329801408348,1,3538.538681418028,1.0,1.0
2026-03-22T21:10:07.745-705391-176694,795,false,5.498839840810027,1,3538.538681418028,1.0,1.0
2026-03-22T21:10:07.745-705391-176694,6,true,16.34352531768148,1,3522.1951561003466,1.0,0.0
2026-03-22T21:10:07.745-705391-176694,624,false,3.795219686845285,1,3522.1951561003466,1.0,1.0
2026-03-22T21:10:07.745-705391-176694,911,false,5.7626864485151215,1,3522.1951561003466,1.0,1.0
2026-03-22T21:10:07.745-705391-176694,52,false,6.007900734023112,1,3522.1951561003466,1.0,1.0
2026-03-22T21:10:07.745-705391-176694,909,false,2.3498617800041024,1,3522.1951561003466,1.0,1.0
2026-03-22T21:10:07.745-705391-176694,946,false,0.48181432992205775,1,3522.1951561003466,1.0,1.0
2026-03-22T21:10:07.745-705391-176694,515,false,20.607971758101662,1,3522.1951561003466,1.0,1.0
2026-03-22T21:10:07.745-705391-176694,259,false,0.2379764359793248,1,3522.1951561003466,1.0,1.0
2026-03-22T21:10:07.745-705391-176694,734,false,0.09293795512803324,1,3522.1951561003466,1.0,1.0
2026-03-22T21:10:07.745-705391-176694,845,false,0.09734696530420216,1,3522.1951561003466,1.0,1.0
2026-03-22T21:10:07.745-705391-176694,137,false,1.2580643244544942,1,3522.1951561003466,1.0,1.0
2026-03-22T21:10:07.745-705391-176694,235,false,179.86855773034424,1,3522.1951561003466,1.0,1.0
2026-03-22T21:10:07.745-705391-176694,55,false,26.775448458960664,1,3522.1951561003466,1.0,1.0
2026-03-22T21:10:07.745-705391-176694,142,false,7.534283353306548,1,3522.1951561003466,1.0,1.0
2026-03-22T21:10:07.745-705391-176694,775,false,0.22150495359748448,1,3522.1951561003466,1.0,1.0
2026-03-22T21:10:07.745-705391-176694,348,false,0.49992855004003295,1,3522.1951561003466,1.0,1.0
2026-03-22T21:10:07.745-705391-176694,261,false,203.8397960736547,1,3522.1951561003466,1.0,1.0
2026-03-22T21:10:07.745-705391-176694,826,false,9.030593792158262,1,3522.1951561003466,1.0,1.0
2026-03-22T21:10:07.745-705391-176694,917,false,2.486656848439989,1,3522.1951561003466,1.0,1.0
2026-03-22T21:10:07.745-705391-176694,832,false,21.01603879678058,1,3522.1951561003466,1.0,1.0
2026-03-22T21:10:07.745-705391-176694,491,false,1.0627405419721645,1,3522.1951561003466,1.0,1.0
2026-03-22T21:10:07.745-705391-176694,651,false,140.3452938812975,1,3522.1951561003466,1.0,1.0
2026-03-22T21:10:07.745-705391-176694,400,false,6.919912875638601,1,3522.1951561003466,1.0,1.0
2026-03-22T21:10:07.745-705391-176694,282,false,1.352033513030362,1,3522.1951561003466,1.0,1.0
2026-03-22T21:10:07.745-705391-176694,829,false,8.844427921433748,1,3522.1951561003466,1.0,1.0
2026-03-22T21:10:07.745-705391-176694,271,false,5.837615714426172,1,3522.1951561003466,1.0,1.0
2026-03-22T21:10:07.745-705391-176694,272,false,0.3689128905940395,1,3522.1951561003466,1.0,1.0
2026-03-22T21:10:07.745-705391-176694,324,false,0.35547431052501655,1,3522.1951561003466,1.0,1.0
2026-03-22T21:10:07.745-705391-176694,632,true,0.29698368226545074,1,3521.8981724180812,1.0,0.0
2026-03-22T21:10:07.745-705391-176694,768,false,0.05121282886818905,1,3521.8981724180812,1.0,1.0
2026-03-22T21:10:07.745-705391-176694,877,false,0.49896147329740853,1,3521.8981724180812,1.0,1.0
2026-03-22T21:10:07.745-705391-176694,72,false,0.09012510691296881,1,3521.8981724180812,1.0,1.0
2026-03-22T21:10:07.745-705391-176694,171,false,0.4560419406911837,1,3521.8981724180812,1.0,1.0
2026-03-22T21:10:07.745-705391-176694,666,false,10.328607763052192,1,3521.8981724180812,1.0,1.0
2026-03-22T21:10:07.745-705391-176694,577,false,11.22177570363263,1,3521.8981724180812,1.0,1.0
2026-03-22T21:10:07.745-705391-176694,689,false,17.682292349923937,1,3521.8981724180812,1.0,1.0
2026-03-22T21:10:07.745-705391-176694,78,false,0.028797418133028326,1,3521.8981724180812,1.0,1.0
2026-03-22T21:10:07.745-705391-176694,519,false,0.025995074236575558,1,3521.8981724180812,1.0,1.0
2026-03-22T21:10:07.745-705391-176694,838,false,10.811852478263996,1,3521.8981724180812,1.0,1.0
2026-03-22T21:10:07.745-705391-176694,228,false,2.6955399987022393,1,3521.8981724180812,1.0,1.0
2026-03-22T21:10:07.745-705391-176694,696,false,0.034466613698235726,1,3521.8981724180812,1.0,1.0
2026-03-22T21:10:07.745-705391-176694,936,false,0.3029364839926084,1,3521.8981724180812,1.0,1.0
2026-03-22T21:10:07.745-705391-176694,606,false,10.642055664298422,1,3521.8981724180812,1.0,1.0
2026-03-22T21:10:07.745-705391-176694,757,false,0.007799451822109971,1,3521.8981724180812,1.0,1.0
2026-03-22T21:10:07.745-705391-176694,74,false,4.75899504403669,1,3521.8981724180812,1.0,1.0
2026-03-22T21:10:07.745-705391-176694,312,false,11.861556838198577,1,3521.8981724180812,1.0,1.0
2026-03-22T21:10:07.745-705391-176694,453,false,0.1737340820165882,1,3521.8981724180812,1.0,1.0
2026-03-22T21:10:07.745-705391-176694,934,false,0.007096822000976472,1,3521.8981724180812,1.0,1.0
2026-03-22T21:10:07.745-705391-176694,593,false,6.686030522616271,1,3521.8981724180812,1.0,1.0
2026-03-22T21:10:07.745-705391-176694,528,false,0.4400379699851233,1,3521.8981724180812,1.0,1.0
2026-03-22T21:10:07.745-705391-176694,46,false,1.7086531168434298,1,3521.8981724180812,1.0,1.0
2026-03-22T21:10:07.745-705391-176694,276,false,0.781325525687858,1,3521.8981724180812,1.0,1.0
2026-03-22T21:10:07.745-705391-176694,575,false,1.1033160979637278,1,3521.8981724180812,1.0,1.0
2026-03-22T21:10:07.745-705391-176694,500,false,0.747688293320291,1,3521.8981724180812,1.0,1.0
2026-03-22T21:10:07.745-705391-176694,535,false,3.73421247676535,1,3521.8981724180812,1.0,1.0
2026-03-22T21:10:07.745-705391-176694,285,false,0.4820844545838496,1,3521.8981724180812,1.0,1.0
2026-03-22T21:10:07.745-705391-176694,478,false,1.303900991699101,1,3521.8981724180812,1.0,1.0
2026-03-22T21:10:07.745-705391-176694,464,false,0.8703948868409183,1,3521.8981724180812,1.0,1.0
2026-03-22T21:10:07.745-705391-176694,60,false,2.005769316020363,1,3521.8981724180812,1.0,1.0
2026-03-22T21:10:07.745-705391-176694,301,false,133.11852225263718,1,3521.8981724180812,1.0,1.0
2026-03-22T21:10:07.745-705391-176694,705,false,29.140929599954855,1,3521.8981724180812,1.0,1.0
2026-03-22T21:10:07.745-705391-176694,116,false,411.5006961473316,1,3521.8981724180812,1.0,1.0
2026-03-22T21:10:07.745-705391-176694,600,false,1.16965876734914,1,3521.8981724180812,1.0,1.0
2026-03-22T21:10:07.745-705391-176694,209,false,2.9444584686299535,1,3521.8981724180812,1.0,1.0
2026-03-22T21:10:07.745-705391-176694,345,false,1.1298671558485713,1,3521.8981724180812,1.0,1.0
2026-03-22T21:10:07.745-705391-176694,656,false,15.514858285278539,1,3521.8981724180812,1.0,1.0
2026-03-22T21:10:07.745-705391-176694,130,false,0.48509957502778833,1,3521.8981724180812,1.0,1.0
2026-03-22T21:10:07.745-705391-176694,266,false,1.7549288082012011,1,3521.8981724180812,1.0,1.0
2026-03-22T21:10:07.745-705391-176694,730,false,4.166114528767926,1,3521.8981724180812,1.0,1.0
2026-03-22T21:10:07.745-705391-176694,125,false,0.1790615442628847,1,3521.8981724180812,1.0,1.0
2026-03-22T21:10:07.745-705391-176694,976,false,1.1178176571307912,1,3521.8981724180812,1.0,1.0
2026-03-22T21:10:07.745-705391-176694,113,false,0.9338496369385243,1,3521.8981724180812,1.0,1.0
2026-03-22T21:10:07.745-705391-176694,737,false,0.6908514210652733,1,3521.8981724180812,1.0,1.0
2026-03-22T21:10:07.745-705391-176694,361,false,7.328913931662084,1,3521.8981724180812,1.0,1.0
2026-03-22T21:10:07.745-705391-176694,738,false,1.7777955035734885,1,3521.8981724180812,1.0,1.0
2026-03-22T21:10:07.745-705391-176694,144,false,4.555208240196926,1,3521.8981724180812,1.0,1.0
2026-03-22T21:10:07.745-705391-176694,645,false,1.3058545160305608,1,3521.8981724180812,1.0,1.0
2026-03-22T21:10:07.745-705391-176694,731,false,1.1137209806628716,1,3521.8981724180812,1.0,1.0
2026-03-22T21:10:07.745-705391-176694,296,false,4.855178922813361,1,3521.8981724180812,1.0,1.0
2026-03-22T21:10:07.745-705391-176694,914,false,0.889142696598138,1,3521.8981724180812,1.0,1.0
2026-03-22T21:10:07.745-705391-176694,160,true,0.5135469057890681,1,3521.384625512292,1.0,0.604
2026-03-22T21:10:07.745-705391-176694,902,false,0.8550235382023549,1,3521.384625512292,1.0,1.0
2026-03-22T21:10:07.745-705391-176694,732,false,0.12960871720093828,1,3521.384625512292,1.0,1.0
2026-03-22T21:10:07.745-705391-176694,34,false,5.194278231268618,1,3521.384625512292,1.0,1.0
2026-03-22T21:10:07.745-705391-176694,810,false,0.01714237613336699,1,3521.384625512292,1.0,1.0
2026-03-22T21:10:07.745-705391-176694,205,false,0.35908318543511586,1,3521.384625512292,1.0,1.0
2026-03-22T21:10:07.745-705391-176694,699,false,0.7408272000753642,1,3521.384625512292,1.0,1.0
2026-03-22T21:10:07.745-705391-176694,728,false,0.7943245770572168,1,3521.384625512292,1.0,1.0
2026-03-22T21:10:07.745-705391-176694,878,false,0.38618886459508694,1,3521.384625512292,1.0,1.0
2026-03-22T21:10:07.745-705391-176694,971,false,1.0963477848874958,1,3521.384625512292,1.0,1.0
2026-03-22T21:10:07.745-705391-176694,485,false,1.2783922303249202,1,3521.384625512292,1.0,1.0
2026-03-22T21:10:07.745-705391-176694,765,false,0.5987487283683178,1,3521.384625512292,1.0,1.0
2026-03-22T21:10:07.745-705391-176694,843,false,16.00450476530031,1,3521.384625512292,1.0,1.0
2026-03-22T21:10:07.745-705391-176694,583,false,1.2958025505615192,1,3521.384625512292,1.0,1.0
2026-03-22T21:10:07.745-705391-176694,218,false,60.351321800979136,1,3521.384625512292,1.0,1.0
2026-03-22T21:10:07.745-705391-176694,778,false,284.7273320323958,1,3521.384625512292,1.0,1.0
2026-03-22T21:10:07.745-705391-176694,986,false,0.15052926517728732,1,3521.384625512292,1.0,1.0
2026-03-22T21:10:07.745-705391-176694,440,false,68.87811123463263,1,3521.384625512292,1.0,1.0
2026-03-22T21:10:07.745-705391-176694,354,false,0.0870060957948659,1,3521.384625512292,1.0,1.0
2026-03-22T21:10:07.745-705391-176694,44,false,21.266444410910804,1,3521.384625512292,1.0,1.0
2026-03-22T21:10:07.745-705391-176694,73,false,15.967538140425273,1,3521.384625512292,1.0,1.0
2026-03-22T21:10:07.745-705391-176694,229,false,7.402856856739421,1,3521.384625512292,1.0,1.0
2026-03-22T21:10:07.745-705391-176694,499,false,0.7650697545554068,1,3521.384625512292,1.0,1.0
2026-03-22T21:10:07.745-705391-176694,71,false,13.999990942590236,1,3521.384625512292,1.0,1.0
2026-03-22T21:10:07.745-705391-176694,127,false,2.6941332384765104,1,3521.384625512292,1.0,1.0
2026-03-22T21:10:07.745-705391-176694,355,false,1.2002373347498796,1,3521.384625512292,1.0,1.0
2026-03-22T21:10:07.745-705391-176694,213,false,0.8326578858009823,1,3521.384625512292,1.0,1.0
2026-03-22T21:10:07.745-705391-176694,708,false,1.4262145443993355,1,3521.384625512292,1.0,1.0
2026-03-22T21:10:07.745-705391-176694,948,false,3.393961741592155,1,3521.384625512292,1.0,1.0
2026-03-22T21:10:07.745-705391-176694,961,false,4.044524521613997,1,3521.384625512292,1.0,1.0
2026-03-22T21:10:07.745-705391-176694,856,false,0.07479375386432871,1,3521.384625512292,1.0,1.0
2026-03-22T21:10:07.745-705391-176694,57,false,2.045538524482918,1,3521.384625512292,1.0,1.0
2026-03-22T21:10:07.745-705391-176694,406,false,0.10923884099556513,1,3521.384625512292,1.0,1.0
2026-03-22T21:10:07.745-705391-176694,280,false,1.5990784061136802,1,3521.384625512292,1.0,1.0
2026-03-22T21:10:07.745-705391-176694,152,true,6.300714868000377,1,3515.083910644292,1.0,0.0
2026-03-22T21:10:07.745-705391-176694,341,false,3.0145183660915493,1,3515.083910644292,1.0,1.0
2026-03-22T21:10:07.745-705391-176694,445,false,0.10025807810066724,1,3515.083910644292,1.0,1.0
2026-03-22T21:10:07.745-705391-176694,945,false,0.8020789100721744,1,3515.083910644292,1.0,1.0
2026-03-22T21:10:07.745-705391-176694,31,false,59.81146328105262,1,3515.083910644292,1.0,1.0
2026-03-22T21:10:07.745-705391-176694,860,false,0.3946802986031587,1,3515.083910644292,1.0,1.0
2026-03-22T21:10:07.745-705391-176694,304,false,3.1232152693947035,1,3515.083910644292,1.0,1.0
2026-03-22T21:10:07.745-705391-176694,647,false,9.137708891490915,1,3515.083910644292,1.0,1.0
2026-03-22T21:10:07.745-705391-176694,818,false,6.375993496080675,1,3515.083910644292,1.0,1.0
2026-03-22T21:10:07.745-705391-176694,185,false,19.355647167142884,1,3515.083910644292,1.0,1.0
2026-03-22T21:10:07.745-705391-176694,883,false,8.324218902752726,1,3515.083910644292,1.0,1.0
2026-03-22T21:10:07.745-705391-176694,236,false,16.267666610030982,1,3515.083910644292,1.0,1.0
2026-03-22T21:10:07.745-705391-176694,248,false,22.624988306780395,1,3515.083910644292,1.0,1.0
2026-03-22T21:10:07.745-705391-176694,664,false,0.3503910594696029,1,3515.083910644292,1.0,1.0
2026-03-22T21:10:07.745-705391-176694,92,false,12.03429475257343,1,3515.083910644292,1.0,1.0
2026-03-22T21:10:07.745-705391-176694,787,false,10.812181957717865,1,3515.083910644292,1.0,1.0
2026-03-22T21:10:07.745-705391-176694,473,false,0.33808719550151756,1,3515.083910644292,1.0,1.0
2026-03-22T21:10:07.745-705391-176694,69,false,0.2435435076011594,1,3515.083910644292,1.0,1.0
2026-03-22T21:10:07.745-705391-176694,402,false,16.716736102225795,1,3515.083910644292,1.0,1.0
2026-03-22T21:10:07.745-705391-176694,595,false,2.123610933794825,1,3515.083910644292,1.0,1.0
2026-03-22T21:10:07.745-705391-176694,578,false,17.829567919586474,1,3515.083910644292,1.0,1.0
2026-03-22T21:10:07.745-705391-176694,479,false,3.420013623612523,1,3515.083910644292,1.0,1.0
2026-03-22T21:10:07.745-705391-176694,242,false,0.43299125113337894,1,3515.083910644292,1.0,1.0
2026-03-22T21:10:07.745-705391-176694,999,true,3.7775031152107714,1,3511.306407529081,1.0,0.617
2026-03-22T21:10:07.745-705391-176694,698,false,8.07499668187817,1,3511.306407529081,1.0,1.0
2026-03-22T21:10:07.745-705391-176694,915,false,31.791887634963707,1,3511.306407529081,1.0,1.0
2026-03-22T21:10:07.745-705391-176694,579,false,10.291975563740372,1,3511.306407529081,1.0,1.0
2026-03-22T21:10:07.745-705391-176694,79,false,2.087761799341929,1,3511.306407529081,1.0,1.0
2026-03-22T21:10:07.745-705391-176694,507,false,5.6085798476189535,1,3511.306407529081,1.0,1.0
2026-03-22T21:10:07.745-705391-176694,188,false,132.810363768449,1,3511.306407529081,1.0,1.0
2026-03-22T21:10:07.745-705391-176694,882,false,39.82509748033517,1,3511.306407529081,1.0,1.0
2026-03-22T21:10:07.745-705391-176694,789,false,1.0876706399673974,1,3511.306407529081,1.0,1.0
2026-03-22T21:10:07.745-705391-176694,744,false,2.392634713600437,1,3511.306407529081,1.0,1.0
2026-03-22T21:10:07.745-705391-176694,88,false,5.448731167044563,1,3511.306407529081,1.0,1.0
2026-03-22T21:10:07.745-705391-176694,135,false,0.32390122685375367,1,3511.306407529081,1.0,1.0
2026-03-22T21:10:07.745-705391-176694,650,false,0.548496026253707,1,3511.306407529081,1.0,1.0
2026-03-22T21:10:07.745-705391-176694,231,false,0.12192278369656803,1,3511.306407529081,1.0,1.0
2026-03-22T21:10:07.745-705391-176694,336,false,0.808845693281614,1,3511.306407529081,1.0,1.0
2026-03-22T21:10:07.745-705391-176694,627,true,271.39250505235685,1,3239.913902476724,1.0,0.0
2026-03-22T21:10:07.745-705391-176694,458,false,8.003880760172933,1,3239.913902476724,1.0,1.0
2026-03-22T21:10:07.745-705391-176694,964,false,0.44123899728534366,1,3239.913902476724,1.0,1.0
2026-03-22T21:10:07.745-705391-176694,727,false,1.0065254087643425,1,3239.913902476724,1.0,1.0
2026-03-22T21:10:07.745-705391-176694,654,false,11.11827057770224,1,3239.913902476724,1.0,1.0
2026-03-22T21:10:07.745-705391-176694,623,false,0.14157489487235572,1,3239.913902476724,1.0,1.0
2026-03-22T21:10:07.745-705391-176694,170,false,2.4731718428692253,1,3239.913902476724,1.0,1.0
2026-03-22T21:10:07.745-705391-176694,61,false,0.3032919231341881,1,3239.913902476724,1.0,1.0
2026-03-22T21:10:07.745-705391-176694,226,false,0.2898548045410527,1,3239.913902476724,1.0,1.0
2026-03-22T21:10:07.745-705391-176694,166,false,1.069076404543371,1,3239.913902476724,1.0,1.0
2026-03-22T21:10:07.745-705391-176694,576,false,9.851167633549395,1,3239.913902476724,1.0,1.0
2026-03-22T21:10:07.745-705391-176694,338,false,49.02540082535722,1,3239.913902476724,1.0,1.0
2026-03-22T21:10:07.745-705391-176694,250,false,87.24143379812726,1,3239.913902476724,1.0,1.0
2026-03-22T21:10:07.745-705391-176694,94,false,0.8551931004928124,1,3239.913902476724,1.0,1.0
2026-03-22T21:10:07.745-705391-176694,513,false,0.2819754383086005,1,3239.913902476724,1.0,1.0
2026-03-22T21:10:07.745-705391-176694,118,false,471.9017799293622,1,3239.913902476724,1.0,1.0
2026-03-22T21:10:07.745-705391-176694,368,false,0.006424366577212016,1,3239.913902476724,1.0,1.0
2026-03-22T21:10:07.745-705391-176694,918,false,1.4122089845231178,1,3239.913902476724,1.0,1.0
2026-03-22T21:10:07.745-705391-176694,158,true,1.6641404192238445,1,3238.2497620575004,1.0,0.0
2026-03-22T21:10:07.745-705391-176694,477,false,0.1128708548335929,1,3238.2497620575004,1.0,1.0
2026-03-22T21:10:07.745-705391-176694,136,false,0.2821953743279373,1,3238.2497620575004,1.0,1.0
2026-03-22T21:10:07.745-705391-176694,292,false,0.2227505863154569,1,3238.2497620575004,1.0,1.0
2026-03-22T21:10:07.745-705391-176694,538,false,0.43282234878772324,1,3238.2497620575004,1.0,1.0
2026-03-22T21:10:07.745-705391-176694,39,false,5.994537417930549,1,3238.2497620575004,1.0,1.0
2026-03-22T21:10:07.745-705391-176694,959,false,2.924618204325779,1,3238.2497620575004,1.0,1.0
2026-03-22T21:10:07.745-705391-176694,426,false,0.8535671304764344,1,3238.2497620575004,1.0,1.0
2026-03-22T21:10:07.745-705391-176694,982,false,4.999418874915445,1,3238.2497620575004,1.0,1.0
2026-03-22T21:10:07.745-705391-176694,330,false,2.761432585646215,1,3238.2497620575004,1.0,1.0
2026-03-22T21:10:07.745-705391-176694,411,false,41.20129910375564,1,3238.2497620575004,1.0,1.0
2026-03-22T21:10:07.745-705391-176694,819,false,4.452157267909671,1,3238.2497620575004,1.0,1.0
2026-03-22T21:10:07.745-705391-176694,774,false,1.2387029229061972,1,3238.2497620575004,1.0,1.0
2026-03-22T21:10:07.745-705391-176694,923,false,4.096779329685129,1,3238.2497620575004,1.0,1.0
2026-03-22T21:10:07.745-705391-176694,480,false,3.9075117518921014,1,3238.2497620575004,1.0,1.0
2026-03-22T21:10:07.745-705391-176694,263,false,9.217302847751737,1,3238.2497620575004,1.0,1.0
2026-03-22T21:10:07.745-705391-176694,199,false,0.41385350904536333,1,3238.2497620575004,1.0,1.0
2026-03-22T21:10:07.745-705391-176694,725,false,84.8706771520772,1,3238.2497620575004,1.0,1.0
2026-03-22T21:10:07.745-705391-176694,588,false,4.251245430339052,1,3238.2497620575004,1.0,1.0
2026-03-22T21:10:07.745-705391-176694,855,false,8.255640940477324,1,3238.2497620575004,1.0,1.0
2026-03-22T21:10:07.745-705391-176694,403,false,18.881035761588272,1,3238.2497620575004,1.0,1.0
2026-03-22T21:10:07.745-705391-176694,657,false,0.08765577252369557,1,3238.2497620575004,1.0,1.0
2026-03-22T21:10:07.745-705391-176694,351,false,5.676057321852458,1,3238.2497620575004,1.0,1.0
2026-03-22T21:10:07.745-705391-176694,675,false,2.12834830078783,1,3238.2497620575004,1.0,1.0
2026-03-22T21:10:07.745-705391-176694,337,false,1.4662923792693878,1,3238.2497620575004,1.0,1.0
2026-03-22T21:10:07.745-705391-176694,671,false,10.013272910881788,1,3238.2497620575004,1.0,1.0
2026-03-22T21:10:07.745-705391-176694,505,false,0.3428680340133247,1,3238.2497620575004,1.0,1.0
2026-03-22T21:10:07.745-705391-176694,922,false,4.242163837066739,1,3238.2497620575004,1.0,1.0
2026-03-22T21:10:07.745-705391-176694,454,false,31.0586844735249,1,3238.2497620575004,1.0,1.0
2026-03-22T21:10:07.745-705391-176694,9,true,0.7961230910836135,1,3237.4536389664167,1.0,0.0
2026-03-22T21:10:07.745-705391-176694,35,false,13.95902538344086,1,3237.4536389664167,1.0,1.0
2026-03-22T21:10:07.745-705391-176694,772,false,15.751052339899164,1,3237.4536389664167,1.0,1.0
2026-03-22T21:10:07.745-705391-176694,194,false,0.17286877967085737,1,3237.4536389664167,1.0,1.0
2026-03-22T21:10:07.745-705391-176694,925,false,150.40323209992258,1,3237.4536389664167,1.0,1.0
2026-03-22T21:10:07.745-705391-176694,117,false,1.3706110720322968,1,3237.4536389664167,1.0,1.0
2026-03-22T21:10:07.745-705391-176694,181,false,567.7160090852877,1,3237.4536389664167,1.0,1.0
2026-03-22T21:10:07.745-705391-176694,191,false,10.485205469266427,1,3237.4536389664167,1.0,1.0
2026-03-22T21:10:07.745-705391-176694,28,false,0.06684698676473981,1,3237.4536389664167,1.0,1.0
2026-03-22T21:10:07.745-705391-176694,697,false,2.709862345215616,1,3237.4536389664167,1.0,1.0
2026-03-22T21:10:07.745-705391-176694,617,false,4.119711105454922,1,3237.4536389664167,1.0,1.0
2026-03-22T21:10:07.745-705391-176694,255,false,6.91960907583798,1,3237.4536389664167,1.0,1.0
2026-03-22T21:10:07.745-705391-176694,493,false,16.32710163038801,1,3237.4536389664167,1.0,1.0
2026-03-22T21:10:07.745-705391-176694,893,false,0.24291974517929102,1,3237.4536389664167,1.0,1.0
2026-03-22T21:10:07.745-705391-176694,564,false,81.54046986885098,1,3237.4536389664167,1.0,1.0
2026-03-22T21:10:07.745-705391-176694,121,false,10.227359505887879,1,3237.4536389664167,1.0,1.0
2026-03-22T21:10:07.745-705391-176694,659,false,3.276584504753522,1,3237.4536389664167,1.0,1.0
2026-03-22T21:10:07.745-705391-176694,494,true,1020.8571526357057,1,2216.596486330711,1.0,0.999
2026-03-22T21:10:07.745-705391-176694,770,false,15.474928313306654,1,2216.596486330711,1.0,1.0
2026-03-22T21:10:07.745-705391-176694,620,false,21.167221537717264,1,2216.596486330711,1.0,1.0
2026-03-22T21:10:07.745-705391-176694,740,false,0.5344293216757185,1,2216.596486330711,1.0,1.0
2026-03-22T21:10:07.745-705391-176694,969,false,1.6115539537944874,1,2216.596486330711,1.0,1.0
2026-03-22T21:10:07.745-705391-176694,533,false,1.1752416574976359,1,2216.596486330711,1.0,1.0
2026-03-22T21:10:07.745-705391-176694,667,false,30.79337091059363,1,2216.596486330711,1.0,1.0
2026-03-22T21:10:07.745-705391-176694,27,false,0.3155600544546705,1,2216.596486330711,1.0,1.0
2026-03-22T21:10:07.745-705391-176694,62,false,0.18176040880439492,1,2216.596486330711,1.0,1.0
2026-03-22T21:10:07.745-705391-176694,5,true,13.249334300001705,1,2203.347152030709,1.0,0.0
2026-03-22T21:10:07.745-705391-176694,203,false,4.3751428470425,1,2203.347152030709,1.0,1.0
2026-03-22T21:10:07.745-705391-176694,372,true,80.31203427833132,1,2123.0351177523776,1.0,0.0
2026-03-22T21:10:07.745-705391-176694,926,true,2.0375098126047217,1,2120.997607939773,1.0,0.907
2026-03-22T21:10:07.745-705391-176694,369,true,1.1518401759583907,1,2119.8457677638144,1.0,0.0010000000000000009
2026-03-22T21:10:07.745-705391-176694,782,false,0.9584582589382894,1,2119.8457677638144,1.0,1.0
2026-03-22T21:10:07.745-705391-176694,532,true,45.366876572871206,1,2074.478891190943,1.0,0.999
2026-03-22T21:10:07.745-705391-176694,110,false,0.330806743424727,1,2074.478891190943,1.0,1.0
2026-03-22T21:10:07.745-705391-176694,381,true,6.550136177952692,1,2067.9287550129907,1.0,0.0010000000000000009
2026-03-22T21:10:07.745-705391-176694,428,false,0.2359587975881567,1,2067.9287550129907,1.0,1.0
2026-03-22T21:10:07.745-705391-176694,257,false,3.1100828820579465,1,2067.9287550129907,1.0,1.0
2026-03-22T21:10:07.745-705391-176694,746,false,3.2035676406156144,1,2067.9287550129907,1.0,1.0
2026-03-22T21:10:07.745-705391-176694,376,false,0.058011716858659974,1,2067.9287550129907,1.0,1.0
2026-03-22T21:10:07.745-705391-176694,37,false,3.7710278259098526,1,2067.9287550129907,1.0,1.0
2026-03-22T21:10:07.745-705391-176694,305,false,2.9258512149568032,1,2067.9287550129907,1.0,1.0
2026-03-22T21:10:07.745-705391-176694,510,false,4.449930537085176,1,2067.9287550129907,1.0,1.0
2026-03-22T21:10:07.745-705391-176694,582,false,0.6689568352778574,1,2067.9287550129907,1.0,1.0
2026-03-22T21:10:07.745-705391-176694,568,false,3.2525161513144094,1,2067.9287550129907,1.0,1.0
2026-03-22T21:10:07.745-705391-176694,995,false,4.295192967396788,1,2067.9287550129907,1.0,1.0
2026-03-22T21:10:07.745-705391-176694,836,false,18.908690411212127,1,2067.9287550129907,1.0,1.0
2026-03-22T21:10:07.745-705391-176694,523,false,1.8624626272046443,1,2067.9287550129907,1.0,1.0
2026-03-22T21:10:07.745-705391-176694,939,false,0.5382403764566931,1,2067.9287550129907,1.0,1.0
2026-03-22T21:10:07.745-705391-176694,425,false,3.1770473798994097,1,2067.9287550129907,1.0,1.0
2026-03-22T21:10:07.745-705391-176694,251,false,4.165366586421712,1,2067.9287550129907,1.0,1.0
2026-03-22T21:10:07.745-705391-176694,885,false,4.318783523715369,1,2067.9287550129907,1.0,1.0
2026-03-22T21:10:07.745-705391-176694,214,false,3.8876948796416233,1,2067.9287550129907,1.0,1.0
2026-03-22T21:10:07.745-705391-176694,89,false,96.28128504029111,1,2067.9287550129907,1.0,1.0
2026-03-22T21:10:07.745-705391-176694,816,false,2.9543873203367945,1,2067.9287550129907,1.0,1.0
2026-03-22T21:10:07.745-705391-176694,710,false,6.52095710935753,1,2067.9287550129907,1.0,1.0
2026-03-22T21:10:07.745-705391-176694,449,false,8.919324324298799,1,2067.9287550129907,1.0,1.0
2026-03-22T21:10:07.745-705391-176694,64,false,0.4555066634464707,1,2067.9287550129907,1.0,1.0
2026-03-22T21:10:07.745-705391-176694,869,false,21.47724613620119,1,2067.9287550129907,1.0,1.0
2026-03-22T21:10:07.745-705391-176694,384,true,5.08467317085039,1,2062.8440818421404,1.0,0.633
2026-03-22T21:10:07.745-705391-176694,427,false,1.5853325498267585,1,2062.8440818421404,1.0,1.0
2026-03-22T21:10:07.745-705391-176694,146,false,0.4895034829540222,1,2062.8440818421404,1.0,1.0
2026-03-22T21:10:07.745-705391-176694,726,false,208.46632184310974,1,2062.8440818421404,1.0,1.0
2026-03-22T21:10:07.745-705391-176694,585,false,0.4008496655351925,1,2062.8440818421404,1.0,1.0
2026-03-22T21:10:07.745-705391-176694,673,false,8.175926028335528,1,2062.8440818421404,1.0,1.0
2026-03-22T21:10:07.745-705391-176694,394,false,81.08337441466125,1,2062.8440818421404,1.0,1.0
2026-03-22T21:10:07.745-705391-176694,793,false,4.043067272197129,1,2062.8440818421404,1.0,1.0
2026-03-22T21:10:07.745-705391-176694,633,true,6.003765458193208,1,2056.840316383947,1.0,0.0
2026-03-22T21:10:07.745-705391-176694,15,true,0.46176358377886917,1,2056.378552800168,1.0,0.608
2026-03-22T21:10:07.745-705391-176694,501,false,0.8243423399994155,1,2056.378552800168,1.0,1.0
2026-03-22T21:10:07.745-705391-176694,584,false,3.839632660076494,1,2056.378552800168,1.0,1.0
2026-03-22T21:10:07.745-705391-176694,270,false,0.2898114030003131,1,2056.378552800168,1.0,1.0
2026-03-22T21:10:07.745-705391-176694,830,false,0.07993994733999629,1,2056.378552800168,1.0,1.0
2026-03-22T21:10:07.745-705391-176694,848,false,2.3634477488505445,1,2056.378552800168,1.0,1.0
2026-03-22T21:10:07.745-705391-176694,227,false,0.03211366590158662,1,2056.378552800168,1.0,1.0
2026-03-22T21:10:07.745-705391-176694,299,false,1.4398413381748005,1,2056.378552800168,1.0,1.0
2026-03-22T21:10:07.745-705391-176694,613,false,0.4187054237347065,1,2056.378552800168,1.0,1.0
2026-03-22T21:10:07.745-705391-176694,693,false,1.6077857168207828,1,2056.378552800168,1.0,1.0
2026-03-22T21:10:07.745-705391-176694,786,false,27.257283841482085,1,2056.378552800168,1.0,1.0
2026-03-22T21:10:07.745-705391-176694,433,false,1.026381735590014,1,2056.378552800168,1.0,1.0
2026-03-22T21:10:07.745-705391-176694,615,false,12.50226284795505,1,2056.378552800168,1.0,1.0
2026-03-22T21:10:07.745-705391-176694,503,false,2.7019245021584344,1,2056.378552800168,1.0,1.0
2026-03-22T21:10:07.745-705391-176694,797,false,0.46206685204525955,1,2056.378552800168,1.0,1.0
2026-03-22T21:10:07.745-705391-176694,393,false,19.738236603675894,1,2056.378552800168,1.0,1.0
2026-03-22T21:10:07.745-705391-176694,520,false,10.322774045923959,1,2056.378552800168,1.0,1.0
2026-03-22T21:10:07.745-705391-176694,541,false,0.12068483055945409,1,2056.378552800168,1.0,1.0
2026-03-22T21:10:07.745-705391-176694,289,false,1.3555940792619006,1,2056.378552800168,1.0,1.0
2026-03-22T21:10:07.745-705391-176694,629,true,4.6189916118201415,1,2051.759561188348,1.0,0.0
2026-03-22T21:10:07.745-705391-176694,665,false,3.1933618843393714,1,2051.759561188348,1.0,1.0
2026-03-22T21:10:07.745-705391-176694,683,false,2.0619587589393937,1,2051.759561188348,1.0,1.0
2026-03-22T21:10:07.745-705391-176694,3,true,6.930616170909713,1,2044.8289450174384,1.0,0.0
2026-03-22T21:10:07.745-705391-176694,420,false,0.15083740733717882,1,2044.8289450174384,1.0,1.0
2026-03-22T21:10:07.745-705391-176694,857,false,6.983359527647262,1,2044.8289450174384,1.0,1.0
2026-03-22T21:10:07.745-705391-176694,648,false,89.55305032658376,1,2044.8289450174384,1.0,1.0
2026-03-22T21:10:07.745-705391-176694,921,false,1.4146971894389968,1,2044.8289450174384,1.0,1.0
2026-03-22T21:10:07.745-705391-176694,516,false,6.730911073452621,1,2044.8289450174384,1.0,1.0
2026-03-22T21:10:07.745-705391-176694,846,false,9.114187904343478,1,2044.8289450174384,1.0,1.0
2026-03-22T21:10:07.745-705391-176694,291,false,29.49733093406343,1,2044.8289450174384,1.0,1.0
2026-03-22T21:10:07.745-705391-176694,562,false,1.028040907256136,1,2044.8289450174384,1.0,1.0
2026-03-22T21:10:07.745-705391-176694,310,false,0.24180882969340634,1,2044.8289450174384,1.0,1.0
2026-03-22T21:10:07.745-705391-176694,534,true,15.218436933678845,1,2029.6105080837597,1.0,0.596
2026-03-22T21:10:07.745-705391-176694,239,false,0.5944433695756158,1,2029.6105080837597,1.0,1.0
2026-03-22T21:10:07.745-705391-176694,802,false,1.7804062089994082,1,2029.6105080837597,1.0,1.0
2026-03-22T21:10:07.745-705391-176694,783,false,6.653529616136644,1,2029.6105080837597,1.0,1.0
2026-03-22T21:10:07.745-705391-176694,618,false,4.8223786749418265,1,2029.6105080837597,1.0,1.0
2026-03-22T21:10:07.745-705391-176694,269,false,0.6478072850043864,1,2029.6105080837597,1.0,1.0
2026-03-22T21:10:07.745-705391-176694,614,false,79.84871193720429,1,2029.6105080837597,1.0,1.0
2026-03-22T21:10:07.745-705391-176694,756,false,10.00134994246106,1,2029.6105080837597,1.0,1.0
2026-03-22T21:10:07.745-705391-176694,927,true,9.921809597094336,1,2019.6886984866653,1.0,0.625
2026-03-22T21:10:07.745-705391-176694,302,false,1.5680561333695509,1,2019.6886984866653,1.0,1.0
2026-03-22T21:10:07.745-705391-176694,87,false,1.0719090400109568,1,2019.6886984866653,1.0,1.0
2026-03-22T21:10:07.745-705391-176694,888,false,4.026756247799651,1,2019.6886984866653,1.0,1.0
2026-03-22T21:10:07.745-705391-176694,360,false,1.6975555470038177,1,2019.6886984866653,1.0,1.0
2026-03-22T21:10:07.745-705391-176694,47,false,75.48135102307697,1,2019.6886984866653,1.0,1.0
2026-03-22T21:10:07.745-705391-176694,849,false,0.17004464050548815,1,2019.6886984866653,1.0,1.0
2026-03-22T21:10:07.745-705391-176694,715,false,3.837002337154213,1,2019.6886984866653,1.0,1.0
2026-03-22T21:10:07.745-705391-176694,436,false,3.655807324511779,1,2019.6886984866653,1.0,1.0
2026-03-22T21:10:07.745-705391-176694,847,false,0.5891477485878618,1,2019.6886984866653,1.0,1.0
2026-03-22T21:10:07.745-705391-176694,416,false,0.5424647101330629,1,2019.6886984866653,1.0,1.0
2026-03-22T21:10:07.745-705391-176694,495,true,17.13168272988117,1,2002.557015756784,1.0,0.635
2026-03-22T21:10:07.745-705391-176694,607,false,1.0404020893954191,1,2002.557015756784,1.0,1.0
2026-03-22T21:10:07.745-705391-176694,128,false,0.1321470395971316,1,2002.557015756784,1.0,1.0
2026-03-22T21:10:07.745-705391-176694,343,false,3.262891709520272,1,2002.557015756784,1.0,1.0
2026-03-22T21:10:07.745-705391-176694,529,true,143.69206817981973,1,1858.8649475769644,1.0,0.5589999999999999
2026-03-22T21:10:07.745-705391-176694,687,false,0.7647632641941472,1,1858.8649475769644,1.0,1.0
2026-03-22T21:10:07.745-705391-176694,649,false,23.48602079670801,1,1858.8649475769644,1.0,1.0
2026-03-22T21:10:07.745-705391-176694,441,false,0.7790468018432034,1,1858.8649475769644,1.0,1.0
2026-03-22T21:10:07.745-705391-176694,852,false,281.4877486803875,1,1858.8649475769644,1.0,1.0
2026-03-22T21:10:07.745-705391-176694,309,false,9.29444427947593,1,1858.8649475769644,1.0,1.0
2026-03-22T21:10:07.745-705391-176694,140,false,59.73844615288378,1,1858.8649475769644,1.0,1.0
2026-03-22T21:10:07.745-705391-176694,966,false,3.173597302362691,1,1858.8649475769644,1.0,1.0
2026-03-22T21:10:07.745-705391-176694,517,false,0.35701966115335365,1,1858.8649475769644,1.0,1.0
2026-03-22T21:10:07.745-705391-176694,571,false,65.82362662507163,1,1858.8649475769644,1.0,1.0
2026-03-22T21:10:07.745-705391-176694,490,false,2.6861999315070095,1,1858.8649475769644,1.0,1.0
2026-03-22T21:10:07.745-705391-176694,748,false,1.315039580521356,1,1858.8649475769644,1.0,1.0
2026-03-22T21:10:07.745-705391-176694,204,false,0.2684757607740775,1,1858.8649475769644,1.0,1.0
2026-03-22T21:10:07.745-705391-176694,962,false,1.8061852794176574,1,1858.8649475769644,1.0,1.0
2026-03-22T21:10:07.745-705391-176694,906,false,2.5605554101314416,1,1858.8649475769644,1.0,1.0
2026-03-22T21:10:07.745-705391-176694,663,false,15.641613326251084,1,1858.8649475769644,1.0,1.0
2026-03-22T21:10:07.745-705391-176694,182,false,12.925241725382168,1,1858.8649475769644,1.0,1.0
2026-03-22T21:10:07.745-705391-176694,590,false,1.578212187704368,1,1858.8649475769644,1.0,1.0
2026-03-22T21:10:07.745-705391-176694,863,false,3.710098651405153,1,1858.8649475769644,1.0,1.0
2026-03-22T21:10:07.745-705391-176694,794,false,121.10201714462838,1,1858.8649475769644,1.0,1.0
2026-03-22T21:10:07.745-705391-176694,13,true,692.2084317802942,1,1166.6565157966702,1.0,0.0
2026-03-22T21:10:07.745-705391-176694,670,false,2.1221174449037266,1,1166.6565157966702,1.0,1.0
2026-03-22T21:10:07.745-705391-176694,173,false,0.7181792522544402,1,1166.6565157966702,1.0,1.0
2026-03-22T21:10:07.745-705391-176694,346,false,0.5001444615036272,1,1166.6565157966702,1.0,1.0
2026-03-22T21:10:07.745-705391-176694,889,false,3.243501456929971,1,1166.6565157966702,1.0,1.0
2026-03-22T21:10:07.745-705391-176694,488,false,0.014801557030331295,1,1166.6565157966702,1.0,1.0
2026-03-22T21:10:07.745-705391-176694,556,false,2.9834533595038124,1,1166.6565157966702,1.0,1.0
2026-03-22T21:10:07.745-705391-176694,735,false,0.393313878790096,1,1166.6565157966702,1.0,1.0
2026-03-22T21:10:07.745-705391-176694,349,true,1.8875848167168152,1,1164.7689309799534,1.0,0.8220000000000001
2026-03-22T21:10:07.745-705391-176694,82,false,0.298340145381416,1,1164.7689309799534,1.0,1.0
2026-03-22T21:10:07.745-705391-176694,997,true,0.8314983865048666,1,1163.9374325934486,1.0,0.628
2026-03-22T21:10:07.745-705391-176694,32,false,1.188083941278349,1,1163.9374325934486,1.0,1.0
2026-03-22T21:10:07.745-705391-176694,447,false,2.284494438978894,1,1163.9374325934486,1.0,1.0
2026-03-22T21:10:07.745-705391-176694,20,false,0.9470045661838447,1,1163.9374325934486,1.0,1.0
2026-03-22T21:10:07.745-705391-176694,134,false,145.4875896884481,1,1163.9374325934486,1.0,1.0
2026-03-22T21:10:07.745-705391-176694,949,false,0.07600120789018865,1,1163.9374325934486,1.0,1.0
2026-03-22T21:10:07.745-705391-176694,189,false,0.3851920614042378,1,1163.9374325934486,1.0,1.0
2026-03-22T21:10:07.745-705391-176694,323,false,8.149342521047902,1,1163.9374325934486,1.0,1.0
2026-03-22T21:10:07.745-705391-176694,224,false,256.4639769962439,1,1163.9374325934486,1.0,1.0
2026-03-22T21:10:07.745-705391-176694,109,false,22.38614626683396,1,1163.9374325934486,1.0,1.0
2026-03-22T21:10:07.745-705391-176694,890,false,0.33303708334343596,1,1163.9374325934486,1.0,1.0
2026-03-22T21:10:07.745-705391-176694,766,false,0.2004092468442416,1,1163.9374325934486,1.0,1.0
2026-03-22T21:10:07.745-705391-176694,527,true,326.2430424671285,1,837.6943901263202,1.0,0.671
2026-03-22T21:10:07.745-705391-176694,364,false,0.8858721986548278,1,837.6943901263202,1.0,1.0
2026-03-22T21:10:07.745-705391-176694,465,false,5.490380204276872,1,837.6943901263202,1.0,1.0
2026-03-22T21:10:07.745-705391-176694,492,true,9.886807213912705,1,827.8075829124075,1.0,0.0
2026-03-22T21:10:07.745-705391-176694,399,false,3.457405009172285,1,827.8075829124075,1.0,1.0
2026-03-22T21:10:07.745-705391-176694,42,false,1.9136185464477584,1,827.8075829124075,1.0,1.0
2026-03-22T21:10:07.745-705391-176694,801,false,10.927915139391262,1,827.8075829124075,1.0,1.0
2026-03-22T21:10:07.745-705391-176694,104,false,1.4282404731212308,1,827.8075829124075,1.0,1.0
2026-03-22T21:10:07.745-705391-176694,981,false,4.865219618456861,1,827.8075829124075,1.0,1.0
2026-03-22T21:10:07.745-705391-176694,344,false,0.6494037991583756,1,827.8075829124075,1.0,1.0
2026-03-22T21:10:07.745-705391-176694,150,true,2.8192058184040603,1,824.9883770940035,1.0,0.0010000000000000009
2026-03-22T21:10:07.745-705391-176694,739,false,48.634728033038165,1,824.9883770940035,1.0,1.0
2026-03-22T21:10:07.745-705391-176694,820,false,47.98305736982665,1,824.9883770940035,1.0,1.0
2026-03-22T21:10:07.745-705391-176694,290,false,0.3447827267562331,1,824.9883770940035,1.0,1.0
2026-03-22T21:10:07.745-705391-176694,557,false,1.6303469181756798,1,824.9883770940035,1.0,1.0
2026-03-22T21:10:07.745-705391-176694,335,false,1.2865422292277733,1,824.9883770940035,1.0,1.0
2026-03-22T21:10:07.745-705391-176694,601,false,37.10926947410101,1,824.9883770940035,1.0,1.0
2026-03-22T21:10:07.745-705391-176694,974,false,2.3838322435756942,1,824.9883770940035,1.0,1.0
2026-03-22T21:10:07.745-705391-176694,957,false,0.6142416188022196,1,824.9883770940035,1.0,1.0
2026-03-22T21:10:07.745-705391-176694,459,false,0.9312536379544417,1,824.9883770940035,1.0,1.0
2026-03-22T21:10:07.745-705391-176694,25,false,0.5194475023321625,1,824.9883770940035,1.0,1.0
2026-03-22T21:10:07.745-705391-176694,385,true,3.2027893987886653,1,821.7855876952148,1.0,0.638
2026-03-22T21:10:07.745-705391-176694,858,false,16.67220529443344,1,821.7855876952148,1.0,1.0
2026-03-22T21:10:07.745-705391-176694,124,false,0.419785617601962,1,821.7855876952148,1.0,1.0
2026-03-22T21:10:07.745-705391-176694,184,false,0.9026664202446166,1,821.7855876952148,1.0,1.0
2026-03-22T21:10:07.745-705391-176694,19,false,16.145256334111185,1,821.7855876952148,1.0,1.0
2026-03-22T21:10:07.745-705391-176694,168,false,33.125623354878826,1,821.7855876952148,1.0,1.0
2026-03-22T21:10:07.745-705391-176694,755,false,143.17145650812623,1,821.7855876952148,1.0,1.0
2026-03-22T21:10:07.745-705391-176694,609,false,0.2311181658507372,1,821.7855876952148,1.0,1.0
2026-03-22T21:10:07.745-705391-176694,941,false,6.785153311060745,1,821.7855876952148,1.0,1.0
2026-03-22T21:10:07.745-705391-176694,16,true,32.48146661342596,1,789.3041210817888,1.0,0.0
2026-03-22T21:10:07.745-705391-176694,674,false,16.44124337621498,1,789.3041210817888,1.0,1.0
2026-03-22T21:10:07.745-705391-176694,612,false,2.2819867956964317,1,789.3041210817888,1.0,1.0
2026-03-22T21:10:07.745-705391-176694,187,true,16.233162113923754,1,773.0709589678651,1.0,0.896
2026-03-22T21:10:07.745-705391-176694,868,false,4.976676017796,1,773.0709589678651,1.0,1.0
2026-03-22T21:10:07.745-705391-176694,502,false,0.21910752417337406,1,773.0709589678651,1.0,1.0
2026-03-22T21:10:07.745-705391-176694,297,false,2.2917102201743367,1,773.0709589678651,1.0,1.0
2026-03-22T21:10:07.745-705391-176694,777,false,2.5498711884722227,1,773.0709589678651,1.0,1.0
2026-03-22T21:10:07.745-705391-176694,414,false,0.6494158637702558,1,773.0709589678651,1.0,1.0
2026-03-22T21:10:07.745-705391-176694,759,false,0.23673811609581247,1,773.0709589678651,1.0,1.0
2026-03-22T21:10:07.745-705391-176694,567,false,0.5577316860823651,1,773.0709589678651,1.0,1.0
2026-03-22T21:10:07.745-705391-176694,709,false,4.621082716193305,1,773.0709589678651,1.0,1.0
2026-03-22T21:10:07.745-705391-176694,334,false,0.10910484515440032,1,773.0709589678651,1.0,1.0
2026-03-22T21:10:07.745-705391-176694,65,false,6.081843299893097,1,773.0709589678651,1.0,1.0
2026-03-22T21:10:07.745-705391-176694,395,false,1.2766731331742613,1,773.0709589678651,1.0,1.0
2026-03-22T21:10:07.745-705391-176694,22,false,6.226169522227589,1,773.0709589678651,1.0,1.0
2026-03-22T21:10:07.745-705391-176694,928,true,5.856659157946014,1,767.214299809919,1.0,0.0
2026-03-22T21:10:07.745-705391-176694,677,false,34.13270641472483,1,767.214299809919,1.0,1.0
2026-03-22T21:10:07.745-705391-176694,822,false,115.2032067966923,1,767.214299809919,1.0,1.0
2026-03-22T21:10:07.745-705391-176694,552,false,0.8259498496000761,1,767.214299809919,1.0,1.0
2026-03-22T21:10:07.745-705391-176694,156,true,0.2595098045520182,1,766.9547900053669,1.0,0.0
2026-03-22T21:10:07.745-705391-176694,594,false,0.07896096825631362,1,766.9547900053669,1.0,1.0
2026-03-22T21:10:07.745-705391-176694,293,false,0.42200143606189183,1,766.9547900053669,1.0,1.0
2026-03-22T21:10:07.745-705391-176694,867,false,0.6958012497066478,1,766.9547900053669,1.0,1.0
2026-03-22T21:10:07.745-705391-176694,332,false,0.14498570942337158,1,766.9547900053669,1.0,1.0
2026-03-22T21:10:07.745-705391-176694,151,true,7.246156725731645,1,759.7086332796353,1.0,0.0
2026-03-22T21:10:07.745-705391-176694,553,false,363.9031022723775,1,759.7086332796353,1.0,1.0
2026-03-22T21:10:07.745-705391-176694,988,false,2.5429979150945794,1,759.7086332796353,1.0,1.0
2026-03-22T21:10:07.745-705391-176694,931,true,16.447679081648406,1,743.2609541979868,1.0,0.61
2026-03-22T21:10:07.745-705391-176694,798,false,3.62356904311635,1,743.2609541979868,1.0,1.0
2026-03-22T21:10:07.745-705391-176694,321,false,77.82891836054681,1,743.2609541979868,1.0,1.0
2026-03-22T21:10:07.745-705391-176694,886,false,70.74056312038397,1,743.2609541979868,1.0,1.0
2026-03-22T21:10:07.745-705391-176694,894,false,0.7882880832752737,1,743.2609541979868,1.0,1.0
2026-03-22T21:10:07.745-705391-176694,905,false,0.7649355100544734,1,743.2609541979868,1.0,1.0
2026-03-22T21:10:07.745-705391-176694,714,false,1.4594065456632375,1,743.2609541979868,1.0,1.0
2026-03-22T21:10:07.745-705391-176694,652,false,42.872804421347695,1,743.2609541979868,1.0,1.0
2026-03-22T21:10:07.745-705391-176694,548,false,0.08005758990988299,1,743.2609541979868,1.0,1.0
2026-03-22T21:10:07.745-705391-176694,472,false,17.668058757993617,1,743.2609541979868,1.0,1.0
2026-03-22T21:10:07.745-705391-176694,955,false,18.72641784371998,1,743.2609541979868,1.0,1.0
2026-03-22T21:10:07.745-705391-176694,90,true,184.1377391840587,1,559.1232150139282,1.0,0.77
2026-03-22T21:10:07.745-705391-176694,401,false,0.0440146272458555,1,559.1232150139282,1.0,1.0
2026-03-22T21:10:07.745-705391-176694,467,false,4.141502142475956,1,559.1232150139282,1.0,1.0
2026-03-22T21:10:07.745-705391-176694,526,true,3.523654674334309,1,555.5995603395938,1.0,0.0
2026-03-22T21:10:07.745-705391-176694,511,false,1.462366328173537,1,555.5995603395938,1.0,1.0
2026-03-22T21:10:07.745-705391-176694,991,false,99.17049944095847,1,555.5995603395938,1.0,1.0
2026-03-22T21:10:07.745-705391-176694,238,false,4.482288119619136,1,555.5995603395938,1.0,1.0
2026-03-22T21:10:07.745-705391-176694,639,false,1.2066080919693882,1,555.5995603395938,1.0,1.0
2026-03-22T21:10:07.745-705391-176694,397,false,0.1298169336604557,1,555.5995603395938,1.0,1.0
2026-03-22T21:10:07.745-705391-176694,884,false,0.6971444917764155,1,555.5995603395938,1.0,1.0
2026-03-22T21:10:07.745-705391-176694,904,false,1.0226174415233098,1,555.5995603395938,1.0,1.0
2026-03-22T21:10:07.745-705391-176694,592,false,11.494725561222218,1,555.5995603395938,1.0,1.0
2026-03-22T21:10:07.745-705391-176694,162,true,1.7833729264413738,1,553.8161874131524,1.0,0.64
2026-03-22T21:10:07.745-705391-176694,159,true,2.6210350632590202,1,551.1951523498934,1.0,0.0
2026-03-22T21:10:07.745-705391-176694,865,false,0.5447497573560545,1,551.1951523498934,1.0,1.0
2026-03-22T21:10:07.745-705391-176694,370,true,0.455275066291987,1,550.7398772836015,1.0,0.0
2026-03-22T21:10:07.745-705391-176694,898,false,0.8101217192482091,1,550.7398772836015,1.0,1.0
2026-03-22T21:10:07.745-705391-176694,392,true,1.0899005894200722,1,549.6499766941814,1.0,0.719
2026-03-22T21:10:07.745-705391-176694,254,false,0.3050315348855947,1,549.6499766941814,1.0,1.0
2026-03-22T21:10:07.745-705391-176694,747,false,3.9362072176366754,1,549.6499766941814,1.0,1.0
2026-03-22T21:10:07.745-705391-176694,217,false,0.3110879525521728,1,549.6499766941814,1.0,1.0
2026-03-22T21:10:07.745-705391-176694,380,true,4.041409389940851,1,545.6085673042405,1.0,0.0
2026-03-22T21:10:07.745-705391-176694,443,false,1.7801782771867347,1,545.6085673042405,1.0,1.0
2026-03-22T21:10:07.745-705391-176694,145,false,123.72511456893265,1,545.6085673042405,1.0,1.0
2026-03-22T21:10:07.745-705391-176694,560,false,28.62305910246693,1,545.6085673042405,1.0,1.0
2026-03-22T21:10:07.745-705391-176694,429,false,20.634529342364594,1,545.6085673042405,1.0,1.0
2026-03-22T21:10:07.745-705391-176694,408,false,0.8874417940964936,1,545.6085673042405,1.0,1.0
2026-03-22T21:10:07.745-705391-176694,53,false,79.75035099660434,1,545.6085673042405,1.0,1.0
2026-03-22T21:10:07.745-705391-176694,947,false,0.36001572880737104,1,545.6085673042405,1.0,1.0
2026-03-22T21:10:07.745-705391-176694,827,false,3.2922046727537744,1,545.6085673042405,1.0,1.0
2026-03-22T21:10:07.745-705391-176694,932,true,3.6186471190991196,1,541.9899201851414,1.0,0.616
2026-03-22T21:10:07.745-705391-176694,587,false,2.7397392714279922,1,541.9899201851414,1.0,1.0
2026-03-22T21:10:07.745-705391-176694,963,false,4.354877783909594,1,541.9899201851414,1.0,1.0
2026-03-22T21:10:07.745-705391-176694,359,false,0.44272848459536723,1,541.9899201851414,1.0,1.0
2026-03-22T21:10:07.745-705391-176694,119,false,2.2933242457883707,1,541.9899201851414,1.0,1.0
2026-03-22T21:10:07.745-705391-176694,635,true,0.431077909853368,1,541.558842275288,1.0,0.0
2026-03-22T21:10:07.745-705391-176694,951,false,1.0455125018524847,1,541.558842275288,1.0,1.0
2026-03-22T21:10:07.745-705391-176694,190,true,45.442263233716695,1,496.11657904157136,1.0,0.785
2026-03-22T21:10:07.745-705391-176694,413,false,92.2408025707112,1,496.11657904157136,1.0,1.0
2026-03-22T21:10:07.745-705391-176694,876,false,0.9706855480646489,1,496.11657904157136,1.0,1.0
2026-03-22T21:10:07.745-705391-176694,329,false,0.09276595937434375,1,496.11657904157136,1.0,1.0
2026-03-22T21:10:07.745-705391-176694,234,false,47.154121862049614,1,496.11657904157136,1.0,1.0
2026-03-22T21:10:07.745-705391-176694,352,true,1.6796278648784049,1,494.43695117669296,1.0,0.8140000000000001
2026-03-22T21:10:07.745-705391-176694,431,false,2.8026692052520756,1,494.43695117669296,1.0,1.0
2026-03-22T21:10:07.745-705391-176694,389,true,127.23314061585369,1,367.20381056083926,1.0,0.591
2026-03-22T21:10:07.745-705391-176694,444,false,0.1571131779473026,1,367.20381056083926,1.0,1.0
2026-03-22T21:10:07.745-705391-176694,599,false,0.36536687842237886,1,367.20381056083926,1.0,1.0
2026-03-22T21:10:07.745-705391-176694,316,false,32.413475954176434,1,367.20381056083926,1.0,1.0
2026-03-22T21:10:07.745-705391-176694,805,false,0.4263283779697809,1,367.20381056083926,1.0,1.0
2026-03-22T21:10:07.745-705391-176694,56,false,2.062581388770672,1,367.20381056083926,1.0,1.0
2026-03-22T21:10:07.745-705391-176694,758,false,3.9236224760062313,1,367.20381056083926,1.0,1.0
2026-03-22T21:10:07.745-705391-176694,616,false,12.138612477148799,1,367.20381056083926,1.0,1.0
2026-03-22T21:10:07.745-705391-176694,518,false,0.2023974927565166,1,367.20381056083926,1.0,1.0
2026-03-22T21:10:07.745-705391-176694,23,true,1.674780287921748,1,365.5290302729175,1.0,0.783
2026-03-22T21:10:07.745-705391-176694,807,false,1.5595806387531481,1,365.5290302729175,1.0,1.0
2026-03-22T21:10:07.745-705391-176694,326,false,2.573895636071308,1,365.5290302729175,1.0,1.0
2026-03-22T21:10:07.745-705391-176694,105,false,24.02858970637838,1,365.5290302729175,1.0,1.0
2026-03-22T21:10:07.745-705391-176694,17,true,2.1526570724308782,1,363.3763732004866,1.0,0.0
2026-03-22T21:10:07.745-705391-176694,835,false,111.75796141058056,1,363.3763732004866,1.0,1.0
2026-03-22T21:10:07.745-705391-176694,132,false,201.8799245536153,1,363.3763732004866,1.0,1.0
2026-03-22T21:10:07.745-705391-176694,707,false,0.08808486427235963,1,363.3763732004866,1.0,1.0
2026-03-22T21:10:07.745-705391-176694,643,false,0.667471645643324,1,363.3763732004866,1.0,1.0
2026-03-22T21:10:07.745-705391-176694,422,false,34.02637833378249,1,363.3763732004866,1.0,1.0
2026-03-22T21:10:07.745-705391-176694,539,false,10.32152490600892,1,363.3763732004866,1.0,1.0
2026-03-22T21:10:07.745-705391-176694,253,false,2.4707874685426034,1,363.3763732004866,1.0,1.0
2026-03-22T21:10:07.745-705391-176694,791,false,6.144871100041226,1,363.3763732004866,1.0,1.0
2026-03-22T21:10:07.745-705391-176694,339,false,3.6580465686644494,1,363.3763732004866,1.0,1.0
2026-03-22T21:10:07.745-705391-176694,333,false,1.6399584727512722,1,363.3763732004866,1.0,1.0
2026-03-22T21:10:07.745-705391-176694,602,false,9.330866957876333,1,363.3763732004866,1.0,1.0
2026-03-22T21:10:07.745-705391-176694,809,false,0.6501838074642188,1,363.3763732004866,1.0,1.0
2026-03-22T21:10:07.745-705391-176694,131,false,0.20565985736106016,1,363.3763732004866,1.0,1.0
2026-03-22T21:10:07.745-705391-176694,129,false,1.8674382067106896,1,363.3763732004866,1.0,1.0
2026-03-22T21:10:07.745-705391-176694,14,true,1.8715083349030166,1,361.5048648655836,1.0,0.0
2026-03-22T21:10:07.745-705391-176694,952,false,4.312026994102476,1,361.5048648655836,1.0,1.0
2026-03-22T21:10:07.745-705391-176694,232,false,5.959537967209211,1,361.5048648655836,1.0,1.0
2026-03-22T21:10:07.745-705391-176694,435,false,1.0417808327621183,1,361.5048648655836,1.0,1.0
2026-03-22T21:10:07.745-705391-176694,762,false,22.65084432815142,1,361.5048648655836,1.0,1.0
2026-03-22T21:10:07.745-705391-176694,825,false,113.49500299220496,1,361.5048648655836,1.0,1.0
2026-03-22T21:10:07.745-705391-176694,978,false,7.875118404709419,1,361.5048648655836,1.0,1.0
2026-03-22T21:10:07.745-705391-176694,138,false,3.236664082593318,1,361.5048648655836,1.0,1.0
2026-03-22T21:10:07.745-705391-176694,314,false,16.640510062044957,1,361.5048648655836,1.0,1.0
2026-03-22T21:10:07.745-705391-176694,43,false,0.8698448689844943,1,361.5048648655836,1.0,1.0
2026-03-22T21:10:07.745-705391-176694,811,false,12.929996956154271,1,361.5048648655836,1.0,1.0
2026-03-22T21:10:07.745-705391-176694,461,false,1.08534678977286,1,361.5048648655836,1.0,1.0
2026-03-22T21:10:07.745-705391-176694,580,false,0.6216487695721509,1,361.5048648655836,1.0,1.0
2026-03-22T21:10:07.745-705391-176694,524,true,0.876143357517225,1,360.6287215080664,1.0,0.0050000000000000044
2026-03-22T21:10:07.745-705391-176694,861,false,7.850110638342334,1,360.6287215080664,1.0,1.0
2026-03-22T21:10:07.745-705391-176694,634,true,2.0603372291878745,1,358.5683842788785,1.0,0.0
2026-03-22T21:10:07.745-705391-176694,626,true,26.493913200383716,1,332.0744710784948,1.0,0.0
2026-03-22T21:10:07.745-705391-176694,167,false,0.24342499043637503,1,332.0744710784948,1.0,1.0
2026-03-22T21:10:07.745-705391-176694,525,true,0.4170670102963931,1,331.6574040681984,1.0,0.0
2026-03-22T21:10:07.745-705391-176694,398,false,10.427487989377282,1,331.6574040681984,1.0,1.0
2026-03-22T21:10:07.745-705391-176694,920,false,0.09209507866432091,1,331.6574040681984,1.0,1.0
2026-03-22T21:10:07.745-705391-176694,36,false,16.620892956686433,1,331.6574040681984,1.0,1.0
2026-03-22T21:10:07.745-705391-176694,186,true,4.000762735333742,1,327.65664133286464,1.0,0.614
2026-03-22T21:10:07.745-705391-176694,967,false,8.935583025747338,1,327.65664133286464,1.0,1.0
2026-03-22T21:10:07.745-705391-176694,243,false,11.54780287532133,1,327.65664133286464,1.0,1.0
2026-03-22T21:10:07.745-705391-176694,930,true,1.045767779584904,1,326.61087355327976,1.0,0.0
2026-03-22T21:10:07.745-705391-176694,11,true,2.126166649408002,1,324.48470690387177,1.0,0.0
2026-03-22T21:10:07.745-705391-176694,193,true,4.339040221827739,1,320.145666682044,1.0,0.5840000000000001
2026-03-22T21:10:07.745-705391-176694,873,false,1.6366905165633518,1,320.145666682044,1.0,1.0
2026-03-22T21:10:07.745-705391-176694,622,false,0.1575760767817084,1,320.145666682044,1.0,1.0
2026-03-22T21:10:07.745-705391-176694,103,false,6.981699054519706,1,320.145666682044,1.0,1.0
2026-03-22T21:10:07.745-705391-176694,122,false,11.44897463181801,1,320.145666682044,1.0,1.0
2026-03-22T21:10:07.745-705391-176694,18,true,0.24829536855209114,1,319.89737131349193,1.0,0.0
2026-03-22T21:10:07.745-705391-176694,457,false,5.136082121154161,1,319.89737131349193,1.0,1.0
2026-03-22T21:10:07.745-705391-176694,834,false,95.63917128174496,1,319.89737131349193,1.0,1.0
2026-03-22T21:10:07.745-705391-176694,704,false,21.505672763172274,1,319.89737131349193,1.0,1.0
2026-03-22T21:10:07.745-705391-176694,784,true,8.892495807546766,1,311.00487550594517,1.0,0.891
2026-03-22T21:10:07.745-705391-176694,363,false,6.787843129745291,1,311.00487550594517,1.0,1.0
2026-03-22T21:10:07.745-705391-176694,373,true,1.2045955194605857,1,309.80027998648455,1.0,0.0
2026-03-22T21:10:07.745-705391-176694,287,false,20.145018424045006,1,309.80027998648455,1.0,1.0
2026-03-22T21:10:07.745-705391-176694,133,false,47.73140704842661,1,309.80027998648455,1.0,1.0
2026-03-22T21:10:07.745-705391-176694,841,false,0.9622911050202765,1,309.80027998648455,1.0,1.0
2026-03-22T21:10:07.745-705391-176694,685,false,5.6780470117530495,1,309.80027998648455,1.0,1.0
2026-03-22T21:10:07.745-705391-176694,916,false,4.897607324552943,1,309.80027998648455,1.0,1.0
2026-03-22T21:10:07.745-705391-176694,998,true,16.081252370793496,1,293.71902761569106,1.0,0.0
2026-03-22T21:10:07.745-705391-176694,761,false,0.4819891944502774,1,293.71902761569106,1.0,1.0
2026-03-22T21:10:07.745-705391-176694,901,false,2.3400046795927945,1,293.71902761569106,1.0,1.0
2026-03-22T21:10:07.745-705391-176694,589,false,0.17421458643498902,1,293.71902761569106,1.0,1.0
2026-03-22T21:10:07.745-705391-176694,719,false,2.79545727329066,1,293.71902761569106,1.0,1.0
2026-03-22T21:10:07.745-705391-176694,881,true,7.665909033424325,1,286.05311858226673,1.0,0.825
2026-03-22T21:10:07.745-705391-176694,482,false,25.11472811434918,1,286.05311858226673,1.0,1.0
2026-03-22T21:10:07.745-705391-176694,655,false,68.3038607033267,1,286.05311858226673,1.0,1.0
2026-03-22T21:10:07.745-705391-176694,277,false,20.731679079252995,1,286.05311858226673,1.0,1.0
2026-03-22T21:10:07.745-705391-176694,174,false,2.37635146402505,1,286.05311858226673,1.0,1.0
2026-03-22T21:10:07.745-705391-176694,346,true,0.5001444615036272,2,285.5529741207631,1.0,0.787
2026-03-22T21:10:07.745-705391-176694,235,false,179.86855773034424,2,285.5529741207631,1.0,1.0
2026-03-22T21:10:07.745-705391-176694,247,false,2.434005694498513,2,285.5529741207631,1.0,1.0
2026-03-22T21:10:07.745-705391-176694,991,false,99.17049944095847,2,285.5529741207631,1.0,1.0
2026-03-22T21:10:07.745-705391-176694,993,false,0.1545224647278,2,285.5529741207631,1.0,1.0
2026-03-22T21:10:07.745-705391-176694,417,false,1.9030534865633018,2,285.5529741207631,1.0,1.0
2026-03-22T21:10:07.745-705391-176694,609,false,0.2311181658507372,2,285.5529741207631,1.0,1.0
2026-03-22T21:10:07.745-705391-176694,110,false,0.330806743424727,2,285.5529741207631,1.0,1.0
2026-03-22T21:10:07.745-705391-176694,443,false,1.7801782771867347,2,285.5529741207631,1.0,1.0
2026-03-22T21:10:07.745-705391-176694,39,false,5.994537417930549,2,285.5529741207631,1.0,1.0
2026-03-22T21:10:07.745-705391-176694,730,false,4.166114528767926,2,285.5529741207631,1.0,1.0
2026-03-22T21:10:07.745-705391-176694,239,false,0.5944433695756158,2,285.5529741207631,1.0,1.0
2026-03-22T21:10:07.745-705391-176694,278,false,3.3058669967683323,2,285.5529741207631,1.0,1.0
2026-03-22T21:10:07.745-705391-176694,390,true,60.33843311195316,2,225.21454100880996,1.0,0.0
2026-03-22T21:10:07.745-705391-176694,105,false,24.02858970637838,2,225.21454100880996,1.0,1.0
2026-03-22T21:10:07.745-705391-176694,341,false,3.0145183660915493,2,225.21454100880996,1.0,1.0
2026-03-22T21:10:07.745-705391-176694,715,false,3.837002337154213,2,225.21454100880996,1.0,1.0
2026-03-22T21:10:07.745-705391-176694,551,false,0.3445428731772904,2,225.21454100880996,1.0,1.0
2026-03-22T21:10:07.745-705391-176694,502,false,0.21910752417337406,2,225.21454100880996,1.0,1.0
2026-03-22T21:10:07.745-705391-176694,963,false,4.354877783909594,2,225.21454100880996,1.0,1.0
2026-03-22T21:10:07.745-705391-176694,523,true,1.8624626272046443,2,223.3520783816053,1.0,0.0
2026-03-22T21:10:07.745-705391-176694,266,false,1.7549288082012011,2,223.3520783816053,1.0,1.0
2026-03-22T21:10:07.745-705391-176694,903,false,3.1867495351261153,2,223.3520783816053,1.0,1.0
2026-03-22T21:10:07.745-705391-176694,974,false,2.3838322435756942,2,223.3520783816053,1.0,1.0
2026-03-22T21:10:07.745-705391-176694,829,false,8.844427921433748,2,223.3520783816053,1.0,1.0
2026-03-22T21:10:07.745-705391-176694,328,false,1.350581687489538,2,223.3520783816053,1.0,1.0
2026-03-22T21:10:07.745-705391-176694,577,false,11.22177570363263,2,223.3520783816053,1.0,1.0
2026-03-22T21:10:07.745-705391-176694,867,false,0.6958012497066478,2,223.3520783816053,1.0,1.0
2026-03-22T21:10:07.745-705391-176694,723,false,2.0036442658466385,2,223.3520783816053,1.0,1.0
2026-03-22T21:10:07.745-705391-176694,675,false,2.12834830078783,2,223.3520783816053,1.0,1.0
2026-03-22T21:10:07.745-705391-176694,833,false,1.266692978834421,2,223.3520783816053,1.0,1.0
2026-03-22T21:10:07.745-705391-176694,613,false,0.4187054237347065,2,223.3520783816053,1.0,1.0
2026-03-22T21:10:07.745-705391-176694,709,false,4.621082716193305,2,223.3520783816053,1.0,1.0
2026-03-22T21:10:07.745-705391-176694,737,false,0.6908514210652733,2,223.3520783816053,1.0,1.0
2026-03-22T21:10:07.745-705391-176694,212,false,0.5312440467708707,2,223.3520783816053,1.0,1.0
2026-03-22T21:10:07.745-705391-176694,353,true,7.283520197008556,2,216.06855818459675,1.0,0.8160000000000001
2026-03-22T21:10:07.745-705391-176694,484,false,2.258358936191398,2,216.06855818459675,1.0,1.0
2026-03-22T21:10:07.745-705391-176694,508,false,3.318574239046523,2,216.06855818459675,1.0,1.0
2026-03-22T21:10:07.745-705391-176694,387,true,5.789493444050574,2,210.27906474054618,1.0,0.0
2026-03-22T21:10:07.745-705391-176694,935,true,31.243659086032327,2,179.03540565451385,1.0,0.613
2026-03-22T21:10:07.745-705391-176694,191,true,10.485205469266427,2,168.55020018524743,1.0,0.0
2026-03-22T21:10:07.745-705391-176694,643,true,0.667471645643324,2,167.8827285396041,1.0,0.908
2026-03-22T21:10:07.745-705391-176694,80,false,371.55167488519413,2,167.8827285396041,1.0,1.0
2026-03-22T21:10:07.745-705391-176694,666,false,10.328607763052192,2,167.8827285396041,1.0,1.0
2026-03-22T21:10:07.745-705391-176694,705,false,29.140929599954855,2,167.8827285396041,1.0,1.0
2026-03-22T21:10:07.745-705391-176694,942,false,11.599189345820976,2,167.8827285396041,1.0,1.0
2026-03-22T21:10:07.745-705391-176694,493,true,16.32710163038801,2,151.5556269092161,1.0,0.0
2026-03-22T21:10:07.745-705391-176694,41,false,8.5102974805684,2,151.5556269092161,1.0,1.0
2026-03-22T21:10:07.745-705391-176694,622,false,0.1575760767817084,2,151.5556269092161,1.0,1.0
2026-03-22T21:10:07.745-705391-176694,29,false,0.35202063291612845,2,151.5556269092161,1.0,1.0
2026-03-22T21:10:07.745-705391-176694,232,false,5.959537967209211,2,151.5556269092161,1.0,1.0
2026-03-22T21:10:07.745-705391-176694,77,false,3.6814451554921326,2,151.5556269092161,1.0,1.0
2026-03-22T21:10:07.745-705391-176694,785,true,11.260039734350967,2,140.29558717486515,1.0,0.641
2026-03-22T21:10:07.745-705391-176694,904,false,1.0226174415233098,2,140.29558717486515,1.0,1.0
2026-03-22T21:10:07.745-705391-176694,254,false,0.3050315348855947,2,140.29558717486515,1.0,1.0
2026-03-22T21:10:07.745-705391-176694,78,false,0.028797418133028326,2,140.29558717486515,1.0,1.0
2026-03-22T21:10:07.745-705391-176694,457,false,5.136082121154161,2,140.29558717486515,1.0,1.0
2026-03-22T21:10:07.745-705391-176694,938,true,14.036688990655662,2,126.25889818420949,1.0,0.789
2026-03-22T21:10:07.745-705391-176694,415,false,2.1323820111586382,2,126.25889818420949,1.0,1.0
2026-03-22T21:10:07.745-705391-176694,878,true,0.38618886459508694,2,125.8727093196144,1.0,0.636
2026-03-22T21:10:07.745-705391-176694,403,false,18.881035761588272,2,125.8727093196144,1.0,1.0
2026-03-22T21:10:07.745-705391-176694,428,false,0.2359587975881567,2,125.8727093196144,1.0,1.0
2026-03-22T21:10:07.745-705391-176694,748,false,1.315039580521356,2,125.8727093196144,1.0,1.0
2026-03-22T21:10:07.745-705391-176694,592,false,11.494725561222218,2,125.8727093196144,1.0,1.0
2026-03-22T21:10:07.745-705391-176694,888,false,4.026756247799651,2,125.8727093196144,1.0,1.0
2026-03-22T21:10:07.745-705391-176694,53,false,79.75035099660434,2,125.8727093196144,1.0,1.0
2026-03-22T21:10:07.745-705391-176694,208,false,8.181052223617279,2,125.8727093196144,1.0,1.0
2026-03-22T21:10:07.745-705391-176694,366,false,0.07149525703389206,2,125.8727093196144,1.0,1.0
2026-03-22T21:10:07.745-705391-176694,758,false,3.9236224760062313,2,125.8727093196144,1.0,1.0
2026-03-22T21:10:07.745-705391-176694,708,false,1.4262145443993355,2,125.8727093196144,1.0,1.0
2026-03-22T21:10:07.745-705391-176694,822,false,115.2032067966923,2,125.8727093196144,1.0,1.0
2026-03-22T21:10:07.745-705391-176694,836,false,18.908690411212127,2,125.8727093196144,1.0,1.0
2026-03-22T21:10:07.745-705391-176694,775,false,0.22150495359748448,2,125.8727093196144,1.0,1.0
2026-03-22T21:10:07.745-705391-176694,662,false,68.29993060218092,2,125.8727093196144,1.0,1.0
2026-03-22T21:10:07.745-705391-176694,69,false,0.2435435076011594,2,125.8727093196144,1.0,1.0
2026-03-22T21:10:07.745-705391-176694,134,true,145.4875896884481,2,-19.61488036883371,1.0,0.999
2026-03-22T21:10:07.745-455326-438094,864,true,7.387158462813844,1,4572.601404682853,1.0,0.994
2026-03-22T21:10:07.745-455326-438094,771,true,2.0140274915567864,1,4570.587377191297,1.0,0.99
2026-03-22T21:10:07.745-455326-438094,796,false,0.15720680502466267,1,4570.587377191297,1.0,1.0
2026-03-22T21:10:07.745-455326-438094,292,true,0.2160146281146797,1,4570.371362563182,1.0,0.989
2026-03-22T21:10:07.745-455326-438094,659,true,15.526871092232838,1,4554.844491470949,1.0,0.989
2026-03-22T21:10:07.745-455326-438094,173,true,2.0991400425664115,1,4552.7453514283825,1.0,0.995
2026-03-22T21:10:07.745-455326-438094,89,true,4.8772516457707225,1,4547.868099782611,1.0,0.988
2026-03-22T21:10:07.745-455326-438094,468,true,2.125425756370595,1,4545.742674026241,1.0,0.991
2026-03-22T21:10:07.745-455326-438094,35,true,2.6388343804923196,1,4543.103839645749,1.0,0.991
2026-03-22T21:10:07.745-455326-438094,250,true,23.692557670266556,1,4519.411281975482,1.0,0.988
2026-03-22T21:10:07.745-455326-438094,381,true,1.1569313434655302,1,4518.254350632016,1.0,0.995
2026-03-22T21:10:07.745-455326-438094,110,true,9.290633504242853,1,4508.963717127774,1.0,0.993
2026-03-22T21:10:07.745-455326-438094,389,true,29.28503888852906,1,4479.678678239245,1.0,0.993
2026-03-22T21:10:07.745-455326-438094,223,false,0.055806207623726053,1,4479.678678239245,1.0,1.0
2026-03-22T21:10:07.745-455326-438094,763,true,0.8107319242639104,1,4478.867946314981,1.0,0.993
2026-03-22T21:10:07.745-455326-438094,669,true,11.35056165458624,1,4467.517384660395,1.0,0.988
2026-03-22T21:10:07.745-455326-438094,71,true,13.091177155914282,1,4454.426207504481,1.0,0.987
2026-03-22T21:10:07.745-455326-438094,326,true,3.7835608903031144,1,4450.6426466141775,1.0,0.997
2026-03-22T21:10:07.745-455326-438094,714,true,1.6309117539844828,1,4449.011734860193,1.0,0.994
2026-03-22T21:10:07.745-455326-438094,951,true,0.30884821062640266,1,4448.702886649567,1.0,0.988
2026-03-22T21:10:07.745-455326-438094,44,true,2.3740762741899597,1,4446.328810375377,1.0,0.988
2026-03-22T21:10:07.745-455326-438094,944,true,26.418045724085527,1,4419.910764651291,1.0,0.995
2026-03-22T21:10:07.745-455326-438094,28,true,2.9082693698494912,1,4417.002495281442,1.0,0.995
2026-03-22T21:10:07.745-455326-438094,930,true,0.7201637939200677,1,4416.282331487522,1.0,0.833
2026-03-22T21:10:07.745-455326-438094,481,true,2.1832134453507397,1,4414.0991180421715,1.0,0.989
2026-03-22T21:10:07.745-455326-438094,376,true,0.4464961219500012,1,4413.6526219202215,1.0,0.989
2026-03-22T21:10:07.745-455326-438094,213,true,12.585301378721867,1,4401.0673205415,1.0,0.983
2026-03-22T21:10:07.745-455326-438094,773,true,29.84994051115307,1,4371.217380030346,1.0,0.748
2026-03-22T21:10:07.745-455326-438094,83,true,1.8339970831974661,1,4369.383382947149,1.0,0.99
2026-03-22T21:10:07.745-455326-438094,823,false,0.08365754270002236,1,4369.383382947149,1.0,1.0
2026-03-22T21:10:07.745-455326-438094,679,true,1.2284652001449192,1,4368.154917747003,1.0,0.991
2026-03-22T21:10:07.745-455326-438094,845,true,5.170582232847982,1,4362.984335514156,1.0,0.991
2026-03-22T21:10:07.745-455326-438094,293,true,12.429673561709787,1,4350.554661952446,1.0,0.764
2026-03-22T21:10:07.745-455326-438094,435,true,78.97956003965153,1,4271.575101912794,1.0,0.992
2026-03-22T21:10:07.745-455326-438094,456,true,78.78727620695513,1,4192.787825705838,1.0,0.765
2026-03-22T21:10:07.745-455326-438094,52,true,53.851359497411735,1,4138.936466208426,1.0,0.991
2026-03-22T21:10:07.745-455326-438094,129,true,21.989766475432152,1,4116.946699732994,1.0,0.994
2026-03-22T21:10:07.745-455326-438094,839,true,8.552580904619079,1,4108.394118828374,1.0,0.987
2026-03-22T21:10:07.745-455326-438094,702,true,0.6405401476348469,1,4107.753578680739,1.0,0.796
2026-03-22T21:10:07.745-455326-438094,865,true,1.222237841927674,1,4106.531340838812,1.0,0.745
2026-03-22T21:10:07.745-455326-438094,923,true,0.5917092705890927,1,4105.9396315682225,1.0,0.994
2026-03-22T21:10:07.745-455326-438094,72,true,14.928712991458912,1,4091.0109185767637,1.0,0.763
2026-03-22T21:10:07.745-455326-438094,875,true,2.5180780937254,1,4088.4928404830384,1.0,0.989
2026-03-22T21:10:07.745-455326-438094,255,true,4.535483418521226,1,4083.957357064517,1.0,0.991
2026-03-22T21:10:07.745-455326-438094,545,true,0.875152102973606,1,4083.0822049615435,1.0,0.994
2026-03-22T21:10:07.745-455326-438094,122,true,1.915818985529776,1,4081.1663859760138,1.0,0.996
2026-03-22T21:10:07.745-455326-438094,695,true,4.80113271037888,1,4076.3652532656347,1.0,0.993
2026-03-22T21:10:07.745-455326-438094,19,true,0.32213337468929965,1,4076.0431198909455,1.0,0.993
2026-03-22T21:10:07.745-455326-438094,547,false,0.19722764299540393,1,4076.0431198909455,1.0,1.0
2026-03-22T21:10:07.745-455326-438094,5,true,7.511079616923295,1,4068.532040274022,1.0,0.986
2026-03-22T21:10:07.745-455326-438094,816,true,1.8253440976098827,1,4066.706696176412,1.0,0.988
2026-03-22T21:10:07.745-455326-438094,167,true,2.221192093897581,1,4064.4855040825146,1.0,0.987
2026-03-22T21:10:07.745-455326-438094,466,true,37.39715860624678,1,4027.088345476268,1.0,0.751
2026-03-22T21:10:07.745-455326-438094,367,true,34.1067884792043,1,3992.9815569970638,1.0,0.987
2026-03-22T21:10:07.745-455326-438094,377,true,4.3960815047530195,1,3988.5854754923107,1.0,0.747
2026-03-22T21:10:07.745-455326-438094,685,true,65.40521018643959,1,3923.180265305871,1.0,0.991
2026-03-22T21:10:07.745-455326-438094,3,true,0.2279950555279545,1,3922.952270250343,1.0,0.742
2026-03-22T21:10:07.745-455326-438094,133,true,16.05266658265549,1,3906.8996036676876,1.0,0.989
2026-03-22T21:10:07.745-455326-438094,449,true,56.85333585993034,1,3850.0462678077574,1.0,0.987
2026-03-22T21:10:07.745-455326-438094,553,true,1.9215147564237758,1,3848.1247530513338,1.0,0.992
2026-03-22T21:10:07.745-455326-438094,960,true,1.7654019963901073,1,3846.3593510549435,1.0,0.993
2026-03-22T21:10:07.745-455326-438094,48,true,1.2265138061712193,1,3845.1328372487724,1.0,0.995
2026-03-22T21:10:07.745-455326-438094,902,false,0.03703953316727894,1,3845.1328372487724,1.0,1.0
2026-03-22T21:10:07.745-455326-438094,166,false,0.09915230708788457,1,3845.1328372487724,1.0,1.0
2026-03-22T21:10:07.745-455326-438094,320,true,0.7263077010598769,1,3844.4065295477126,1.0,0.992
2026-03-22T21:10:07.745-455326-438094,105,true,0.587666078487881,1,3843.8188634692247,1.0,0.991
2026-03-22T21:10:07.745-455326-438094,488,true,6.153019598683835,1,3837.665843870541,1.0,0.989
2026-03-22T21:10:07.745-455326-438094,693,true,3.846679891812352,1,3833.8191639787283,1.0,0.74
2026-03-22T21:10:07.745-455326-438094,517,true,3.6989758082230044,1,3830.120188170505,1.0,0.991
2026-03-22T21:10:07.745-455326-438094,629,true,0.5868964184472087,1,3829.5332917520577,1.0,0.985
2026-03-22T21:10:07.745-455326-438094,22,true,0.35191425110448643,1,3829.181377500953,1.0,0.749
2026-03-22T21:10:07.745-455326-438094,177,true,0.34969010574276527,1,3828.8316873952103,1.0,0.99
2026-03-22T21:10:07.745-455326-438094,720,true,17.87940593122181,1,3810.9522814639886,1.0,0.991
2026-03-22T21:10:07.745-455326-438094,73,false,0.0433141849174957,1,3810.9522814639886,1.0,1.0
2026-03-22T21:10:07.745-455326-438094,949,true,13.337622869571346,1,3797.614658594417,1.0,0.727
2026-03-22T21:10:07.745-455326-438094,742,true,7.736764123696195,1,3789.877894470721,1.0,0.992
2026-03-22T21:10:07.745-455326-438094,245,true,1.2382210556223385,1,3788.6396734150985,1.0,0.99
2026-03-22T21:10:07.745-455326-438094,982,true,3.610901260409467,1,3785.0287721546892,1.0,0.989
2026-03-22T21:10:07.745-455326-438094,345,true,3.399753741306507,1,3781.6290184133827,1.0,0.992
2026-03-22T21:10:07.745-455326-438094,544,true,4.092065349561353,1,3777.5369530638213,1.0,0.743
2026-03-22T21:10:07.745-455326-438094,800,true,0.23912945476753034,1,3777.297823609054,1.0,0.987
2026-03-22T21:10:07.745-455326-438094,79,true,1.485773299003158,1,3775.812050310051,1.0,0.991
2026-03-22T21:10:07.745-455326-438094,317,true,0.5898016457535031,1,3775.2222486642972,1.0,0.725
2026-03-22T21:10:07.745-455326-438094,989,true,1.1234403474172647,1,3774.09880831688,1.0,0.987
2026-03-22T21:10:07.745-455326-438094,963,false,0.11036162011838087,1,3774.09880831688,1.0,1.0
2026-03-22T21:10:07.745-455326-438094,9,true,0.21492036238263257,1,3773.8838879544974,1.0,0.989
2026-03-22T21:10:07.745-455326-438094,308,true,7.57747090371913,1,3766.3064170507782,1.0,0.993
2026-03-22T21:10:07.745-455326-438094,362,true,0.2829916759700175,1,3766.023425374808,1.0,0.993
2026-03-22T21:10:07.745-455326-438094,207,true,4.070444731724512,1,3761.9529806430837,1.0,0.8
2026-03-22T21:10:07.745-455326-438094,393,true,204.6780950262794,1,3557.274885616804,1.0,0.986
2026-03-22T21:10:07.745-455326-438094,577,true,6.528463117223086,1,3550.746422499581,1.0,0.994
2026-03-22T21:10:07.745-455326-438094,688,true,51.64307022927543,1,3499.1033522703055,1.0,0.735
2026-03-22T21:10:07.745-455326-438094,1,true,1.9903829318683093,1,3497.1129693384373,1.0,0.746
2026-03-22T21:10:07.745-455326-438094,779,true,0.2189653754861641,1,3496.894003962951,1.0,0.986
2026-03-22T21:10:07.745-455326-438094,618,false,0.11259881691820965,1,3496.894003962951,1.0,1.0
2026-03-22T21:10:07.745-455326-438094,741,true,7.51393248741796,1,3489.380071475533,1.0,0.743
2026-03-22T21:10:07.745-455326-438094,602,true,113.66263819287516,1,3375.717433282658,1.0,0.994
2026-03-22T21:10:07.745-455326-438094,754,true,162.18504888548242,1,3213.5323843971755,1.0,0.993
2026-03-22T21:10:07.745-455326-438094,884,true,15.046976971404087,1,3198.4854074257714,1.0,0.988
2026-03-22T21:10:07.745-455326-438094,227,true,6.156409180318183,1,3192.328998245453,1.0,0.99
2026-03-22T21:10:07.745-455326-438094,840,true,2.7701475439617935,1,3189.5588507014913,1.0,0.831
2026-03-22T21:10:07.745-455326-438094,94,true,0.24465002967693386,1,3189.3142006718144,1.0,0.993
2026-03-22T21:10:07.745-455326-438094,893,true,3.021306503214421,1,3186.2928941686,1.0,0.992
2026-03-22T21:10:07.745-455326-438094,371,true,8.903431849165951,1,3177.389462319434,1.0,0.991
2026-03-22T21:10:07.745-455326-438094,678,true,14.3317196921654,1,3163.057742627269,1.0,0.768
2026-03-22T21:10:07.745-455326-438094,68,true,31.22386496222326,1,3131.8338776650457,1.0,0.815
2026-03-22T21:10:07.745-455326-438094,919,true,3.8930931986909427,1,3127.9407844663547,1.0,0.99
2026-03-22T21:10:07.745-455326-438094,325,true,4.798231191491332,1,3123.1425532748635,1.0,0.742
2026-03-22T21:10:07.745-455326-438094,483,true,15.54122975209289,1,3107.6013235227706,1.0,0.745
2026-03-22T21:10:07.745-455326-438094,522,true,4.739125300838345,1,3102.8621982219324,1.0,0.991
2026-03-22T21:10:07.745-455326-438094,778,true,5.721580684480314,1,3097.1406175374523,1.0,0.739
2026-03-22T21:10:07.745-455326-438094,974,true,3.816145221623426,1,3093.3244723158286,1.0,0.991
2026-03-22T21:10:07.745-455326-438094,101,false,0.12484826374652785,1,3093.3244723158286,1.0,1.0
2026-03-22T21:10:07.745-455326-438094,519,true,44.09011623804141,1,3049.234356077787,1.0,0.05500000000000005
2026-03-22T21:10:07.745-455326-438094,814,true,4.171405464088288,1,3045.062950613699,1.0,0.733
2026-03-22T21:10:07.745-455326-438094,624,true,8.623666484119838,1,3036.439284129579,1.0,0.998
2026-03-22T21:10:07.745-455326-438094,621,true,0.572836765918261,1,3035.866447363661,1.0,0.733
2026-03-22T21:10:07.745-455326-438094,985,true,173.33599522799253,1,2862.5304521356684,1.0,0.749
2026-03-22T21:10:07.745-455326-438094,563,true,5.486587135003264,1,2857.043865000665,1.0,0.99
2026-03-22T21:10:07.745-455326-438094,633,true,0.3506901762483065,1,2856.6931748244165,1.0,0.989
2026-03-22T21:10:07.745-455326-438094,524,true,32.7040754861529,1,2823.9890993382637,1.0,0.81
2026-03-22T21:10:07.745-455326-438094,607,true,15.434237470522381,1,2808.5548618677412,1.0,0.739
2026-03-22T21:10:07.745-455326-438094,343,true,0.22796396458111207,1,2808.32689790316,1.0,0.753
2026-03-22T21:10:07.745-455326-438094,232,true,0.2621605606368678,1,2808.064737342523,1.0,0.991
2026-03-22T21:10:07.745-455326-438094,243,true,6.607704347295723,1,2801.4570329952276,1.0,0.76
2026-03-22T21:10:07.745-455326-438094,604,true,35.48647748350107,1,2765.9705555117266,1.0,0.04800000000000004
2026-03-22T21:10:07.745-455326-438094,972,true,0.47031803969650343,1,2765.50023747203,1.0,0.769
2026-03-22T21:10:07.745-455326-438094,137,true,0.7912609952199029,1,2764.70897647681,1.0,0.994
2026-03-22T21:10:07.745-455326-438094,668,true,0.6399192487476174,1,2764.069057228063,1.0,0.829
2026-03-22T21:10:07.745-455326-438094,805,true,0.3979866974104556,1,2763.6710705306523,1.0,0.992
2026-03-22T21:10:07.745-455326-438094,493,true,6.928671547353912,1,2756.7423989832982,1.0,0.988
2026-03-22T21:10:07.745-455326-438094,508,true,5.138204255151573,1,2751.6041947281465,1.0,0.993
2026-03-22T21:10:07.745-455326-438094,991,true,5.847180911643443,1,2745.757013816503,1.0,0.724
2026-03-22T21:10:07.745-455326-438094,85,true,5.52306556462812,1,2740.2339482518746,1.0,0.743
2026-03-22T21:10:07.745-455326-438094,635,false,0.03224555279995718,1,2740.2339482518746,1.0,1.0
2026-03-22T21:10:07.745-455326-438094,112,true,0.3277324903510568,1,2739.9062157615235,1.0,0.75
2026-03-22T21:10:07.745-455326-438094,230,true,0.6877603412035233,1,2739.21845542032,1.0,0.06299999999999994
2026-03-22T21:10:07.745-455326-438094,252,true,2.009974718001869,1,2737.208480702318,1.0,0.05900000000000005
2026-03-22T21:10:07.745-455326-438094,11,false,0.20787584183081892,1,2737.208480702318,1.0,1.0
2026-03-22T21:10:07.745-455326-438094,418,true,1.176034758276864,1,2736.0324459440412,1.0,0.99
2026-03-22T21:10:07.745-455326-438094,665,true,64.21912478070885,1,2671.813321163332,1.0,0.781
2026-03-22T21:10:07.745-455326-438094,630,true,4.558822017683408,1,2667.254499145649,1.0,0.20999999999999996
2026-03-22T21:10:07.745-455326-438094,209,true,4.538290587477183,1,2662.7162085581717,1.0,0.766
2026-03-22T21:10:07.745-455326-438094,412,true,4.211262532597728,1,2658.504946025574,1.0,0.989
2026-03-22T21:10:07.745-455326-438094,257,true,1.5586027331780945,1,2656.946343292396,1.0,0.76
2026-03-22T21:10:07.745-455326-438094,798,true,6.514350844004753,1,2650.431992448391,1.0,0.727
2026-03-22T21:10:07.745-455326-438094,46,true,11.160900315756304,1,2639.2710921326347,1.0,0.009000000000000008
2026-03-22T21:10:07.745-455326-438094,744,true,1.6376127987151434,1,2637.6334793339197,1.0,0.21399999999999997
2026-03-22T21:10:07.745-455326-438094,413,true,3.1741016042351498,1,2634.4593777296845,1.0,0.747
2026-03-22T21:10:07.745-455326-438094,716,true,11.539619916808547,1,2622.919757812876,1.0,0.763
2026-03-22T21:10:07.745-455326-438094,189,true,1.254318953276962,1,2621.665438859599,1.0,0.991
2026-03-22T21:10:07.745-455326-438094,118,true,1.188652744437817,1,2620.4767861151613,1.0,0.991
2026-03-22T21:10:07.745-455326-438094,732,true,0.4034304980735556,1,2620.0733556170876,1.0,0.989
2026-03-22T21:10:07.745-455326-438094,647,true,3.254417210275873,1,2616.818938406812,1.0,0.993
2026-03-22T21:10:07.745-455326-438094,185,true,157.63612541385157,1,2459.1828129929604,1.0,0.73
2026-03-22T21:10:07.745-455326-438094,282,true,21.941169924305957,1,2437.2416430686544,1.0,0.991
2026-03-22T21:10:07.745-455326-438094,632,true,1.5199939518363432,1,2435.721649116818,1.0,0.0
2026-03-22T21:10:07.745-455326-438094,30,true,0.7368603819220282,1,2434.984788734896,1.0,0.753
2026-03-22T21:10:07.745-455326-438094,726,true,0.6739451399262958,1,2434.31084359497,1.0,0.988
2026-03-22T21:10:07.745-455326-438094,379,false,0.10044082532678707,1,2434.31084359497,1.0,1.0
2026-03-22T21:10:07.745-455326-438094,749,false,0.1979509058871827,1,2434.31084359497,1.0,1.0
2026-03-22T21:10:07.745-455326-438094,291,true,46.52238010520217,1,2387.7884634897678,1.0,0.07199999999999995
2026-03-22T21:10:07.745-455326-438094,559,true,2.694523095600204,1,2385.0939403941675,1.0,0.992
2026-03-22T21:10:07.745-455326-438094,897,true,2.0143105223688007,1,2383.0796298717987,1.0,0.989
2026-03-22T21:10:07.745-455326-438094,295,true,128.8936398948578,1,2254.185989976941,1.0,0.050000000000000044
2026-03-22T21:10:07.745-455326-438094,144,true,1.3393588248476234,1,2252.8466311520933,1.0,0.995
2026-03-22T21:10:07.745-455326-438094,496,true,1.169408682371011,1,2251.6772224697224,1.0,0.20799999999999996
2026-03-22T21:10:07.745-455326-438094,276,true,1.3447007716730361,1,2250.3325216980493,1.0,0.989
2026-03-22T21:10:07.745-455326-438094,772,false,0.10867287009178715,1,2250.3325216980493,1.0,1.0
2026-03-22T21:10:07.745-455326-438094,977,true,0.9224357537466117,1,2249.410085944303,1.0,0.742
2026-03-22T21:10:07.745-455326-438094,237,true,2.7000757538350477,1,2246.710010190468,1.0,0.99
2026-03-22T21:10:07.745-455326-438094,14,false,0.14384089511747628,1,2246.710010190468,1.0,1.0
2026-03-22T21:10:07.745-455326-438094,498,true,14.043054490604408,1,2232.6669556998636,1.0,0.76
2026-03-22T21:10:07.745-455326-438094,815,true,0.5944464204505944,1,2232.072509279413,1.0,0.07799999999999996
2026-03-22T21:10:07.745-455326-438094,849,true,1.1935390204454395,1,2230.878970258968,1.0,0.754
2026-03-22T21:10:07.745-455326-438094,29,true,0.5822740373011256,1,2230.296696221667,1.0,0.05600000000000005
2026-03-22T21:10:07.745-455326-438094,764,true,0.9771473286959076,1,2229.319548892971,1.0,0.757
2026-03-22T21:10:07.745-455326-438094,571,true,1.509315214198463,1,2227.8102336787724,1.0,0.989
2026-03-22T21:10:07.745-455326-438094,950,true,9.85308045783836,1,2217.957153220934,1.0,0.07599999999999996
2026-03-22T21:10:07.745-455326-438094,549,true,11.490523123200612,1,2206.4666300977333,1.0,0.992
2026-03-22T21:10:07.745-455326-438094,360,true,3.8342572509809463,1,2202.6323728467523,1.0,0.8160000000000001
2026-03-22T21:10:07.745-455326-438094,61,true,3.9729552130321286,1,2198.6594176337203,1.0,0.992
2026-03-22T21:10:07.745-455326-438094,415,true,0.39800480148819184,1,2198.261412832232,1.0,0.0
2026-03-22T21:10:07.745-455326-438094,152,true,4.576790533669847,1,2193.6846222985623,1.0,0.991
2026-03-22T21:10:07.745-455326-438094,536,true,59.21495624815219,1,2134.46966605041,1.0,0.993
2026-03-22T21:10:07.745-455326-438094,404,true,3.9378837887061913,1,2130.531782261704,1.0,0.994
2026-03-22T21:10:07.745-455326-438094,97,true,0.5871383435846513,1,2129.9446439181193,1.0,0.844
2026-03-22T21:10:07.745-455326-438094,464,true,0.5778022695522845,1,2129.366841648567,1.0,0.756
2026-03-22T21:10:07.745-455326-438094,13,true,0.879844865298094,1,2128.4869967832688,1.0,0.989
2026-03-22T21:10:07.745-455326-438094,81,true,1.594986708466325,1,2126.8920100748023,1.0,0.23199999999999998
2026-03-22T21:10:07.745-455326-438094,836,true,6.557895675307114,1,2120.3341143994953,1.0,0.73
2026-03-22T21:10:07.745-455326-438094,181,true,4.926690008219772,1,2115.4074243912755,1.0,0.754
2026-03-22T21:10:07.745-455326-438094,697,true,0.8239699577011251,1,2114.5834544335744,1.0,0.762
2026-03-22T21:10:07.745-455326-438094,462,true,0.5687999785688376,1,2114.0146544550057,1.0,0.833
2026-03-22T21:10:07.745-455326-438094,656,true,2.1880094902395255,1,2111.8266449647663,1.0,0.794
2026-03-22T21:10:07.745-455326-438094,465,true,5.103438333437558,1,2106.7232066313286,1.0,0.0
2026-03-22T21:10:07.745-455326-438094,77,true,7.610179787532706,1,2099.113026843796,1.0,0.757
2026-03-22T21:10:07.745-455326-438094,33,true,106.44545769921338,1,1992.6675691445826,1.0,0.0
2026-03-22T21:10:07.745-455326-438094,892,true,7.033688851260357,1,1985.6338802933221,1.0,0.75
2026-03-22T21:10:07.745-455326-438094,469,true,2.5199988716829496,1,1983.1138814216392,1.0,0.07499999999999996
2026-03-22T21:10:07.745-455326-438094,59,true,8.576963603161676,1,1974.5369178184776,1.0,0.243
2026-03-22T21:10:07.745-455326-438094,555,true,9.23875882970058,1,1965.298158988777,1.0,0.775
2026-03-22T21:10:07.745-455326-438094,959,true,1.698863417791989,1,1963.599295570985,1.0,0.737
2026-03-22T21:10:07.745-455326-438094,382,true,0.8032682287333286,1,1962.7960273422518,1.0,0.752
2026-03-22T21:10:07.745-455326-438094,906,true,5.185596529358062,1,1957.6104308128938,1.0,0.992
2026-03-22T21:10:07.745-455326-438094,425,true,2.829346112287305,1,1954.7810847006065,1.0,0.988
2026-03-22T21:10:07.745-455326-438094,470,true,4.208340571249038,1,1950.5727441293575,1.0,0.07299999999999995
2026-03-22T21:10:07.745-455326-438094,946,true,7.213026687802827,1,1943.3597174415547,1.0,0.06799999999999995
2026-03-22T21:10:07.745-455326-438094,601,true,0.24829863351025347,1,1943.1114188080444,1.0,0.05400000000000005
2026-03-22T21:10:07.745-455326-438094,287,true,0.5382075398628413,1,1942.5732112681815,1.0,0.724
2026-03-22T21:10:07.745-455326-438094,473,true,1.6708541992539827,1,1940.9023570689276,1.0,0.763
2026-03-22T21:10:07.745-455326-438094,962,true,26.616914731639703,1,1914.2854423372878,1.0,0.237
2026-03-22T21:10:07.745-455326-438094,283,true,1.7153046630454598,1,1912.5701376742422,1.0,0.06499999999999995
2026-03-22T21:10:07.745-455326-438094,802,true,1.2830585030254713,1,1911.2870791712169,1.0,0.06999999999999995
2026-03-22T21:10:07.745-455326-438094,838,true,1.008841985020741,1,1910.278237186196,1.0,0.0
2026-03-22T21:10:07.745-455326-438094,353,true,4.865953321958407,1,1905.4122838642377,1.0,0.992
2026-03-22T21:10:07.745-455326-438094,208,true,24.99892138028632,1,1880.4133624839515,1.0,0.06599999999999995
2026-03-22T21:10:07.745-455326-438094,658,true,3.3754423403397995,1,1877.0379201436117,1.0,0.062000000000000055
2026-03-22T21:10:07.745-455326-438094,837,true,3.835450556045319,1,1873.2024695875664,1.0,0.0
2026-03-22T21:10:07.745-455326-438094,567,true,0.5306317131287961,1,1872.6718378744376,1.0,0.989
2026-03-22T21:10:07.745-455326-438094,64,true,1.4057913316178559,1,1871.2660465428198,1.0,0.727
2026-03-22T21:10:07.745-455326-438094,826,true,34.1467967992838,1,1837.119249743536,1.0,0.99
2026-03-22T21:10:07.745-455326-438094,47,true,1.5258721922756666,1,1835.5933775512603,1.0,0.0
2026-03-22T21:10:07.745-455326-438094,312,true,43.82894035227151,1,1791.7644371989888,1.0,0.991
2026-03-22T21:10:07.745-455326-438094,664,true,42.83406875598367,1,1748.9303684430051,1.0,0.84
2026-03-22T21:10:07.745-455326-438094,172,true,4.0049409011430885,1,1744.925427541862,1.0,0.745
2026-03-22T21:10:07.745-455326-438094,363,true,4.786377198338492,1,1740.1390503435236,1.0,0.07399999999999995
2026-03-22T21:10:07.745-455326-438094,416,true,8.470461158396065,1,1731.6685891851275,1.0,0.0
2026-03-22T21:10:07.745-455326-438094,242,true,0.25874037329079563,1,1731.4098488118368,1.0,0.06899999999999995
2026-03-22T21:10:07.745-455326-438094,755,true,18.442410271594618,1,1712.9674385402423,1.0,0.742
2026-03-22T21:10:07.745-455326-438094,643,true,0.7400457119077419,1,1712.2273928283346,1.0,0.847
2026-03-22T21:10:07.745-455326-438094,281,true,0.73822094020253,1,1711.489171888132,1.0,0.05600000000000005
2026-03-22T21:10:07.745-455326-438094,562,false,0.07508935778150023,1,1711.489171888132,1.0,1.0
2026-03-22T21:10:07.745-455326-438094,160,true,0.9889029185934671,1,1710.5002689695384,1.0,0.993
2026-03-22T21:10:07.745-455326-438094,706,true,1.5396868918338082,1,1708.9605820777047,1.0,0.988
2026-03-22T21:10:07.745-455326-438094,446,true,2.5266347148583908,1,1706.4339473628463,1.0,0.736
2026-03-22T21:10:07.745-455326-438094,526,true,18.223858234332287,1,1688.210089128514,1.0,0.769
2026-03-22T21:10:07.745-455326-438094,934,true,34.047494556384535,1,1654.1625945721296,1.0,0.996
2026-03-22T21:10:07.745-455326-438094,792,true,0.6514621007584964,1,1653.5111324713712,1.0,0.987
2026-03-22T21:10:07.745-455326-438094,70,true,13.27737582786043,1,1640.2337566435108,1.0,0.0
2026-03-22T21:10:07.745-455326-438094,876,true,1.6587548224561441,1,1638.5750018210547,1.0,0.815
2026-03-22T21:10:07.745-455326-438094,429,true,0.503769573585858,1,1638.0712322474687,1.0,0.99
2026-03-22T21:10:07.745-455326-438094,151,false,0.03393888602312364,1,1638.0712322474687,1.0,1.0
2026-03-22T21:10:07.745-455326-438094,788,true,4.44598247003922,1,1633.6252497774294,1.0,0.99
2026-03-22T21:10:07.745-455326-438094,331,true,70.07302107752224,1,1563.5522286999071,1.0,0.993
2026-03-22T21:10:07.745-455326-438094,965,true,6.5503560930873554,1,1557.0018726068197,1.0,0.8049999999999999
2026-03-22T21:10:07.745-455326-438094,531,true,5.986918557222999,1,1551.0149540495968,1.0,0.993
2026-03-22T21:10:07.745-455326-438094,311,true,15.62171103897522,1,1535.3932430106215,1.0,0.05500000000000005
2026-03-22T21:10:07.745-455326-438094,671,true,4.215464942588956,1,1531.1777780680325,1.0,0.0
2026-03-22T21:10:07.745-455326-438094,595,true,57.53514677013538,1,1473.6426312978972,1.0,0.989
2026-03-22T21:10:07.745-455326-438094,956,true,23.189147235604544,1,1450.4534840622925,1.0,0.744
2026-03-22T21:10:07.745-455326-438094,611,false,0.07924846493304159,1,1450.4534840622925,1.0,1.0
2026-03-22T21:10:07.745-455326-438094,739,true,5.662369568060047,1,1444.7911144942325,1.0,0.22399999999999998
2026-03-22T21:10:07.745-455326-438094,403,true,0.2421001082440035,1,1444.5490143859886,1.0,0.747
2026-03-22T21:10:07.745-455326-438094,573,true,7.060991901590458,1,1437.488022484398,1.0,0.738
2026-03-22T21:10:07.745-455326-438094,651,true,1.8775971690710036,1,1435.6104253153271,1.0,0.992
2026-03-22T21:10:07.745-455326-438094,220,true,12.341297348365448,1,1423.2691279669616,1.0,0.989
2026-03-22T21:10:07.745-455326-438094,270,true,5.309428828256816,1,1417.9596991387048,1.0,0.991
2026-03-22T21:10:07.745-455326-438094,321,true,1.132730995620484,1,1416.8269681430843,1.0,0.757
2026-03-22T21:10:07.745-455326-438094,401,true,2.3132312478208092,1,1414.5137368952635,1.0,0.06599999999999995
2026-03-22T21:10:07.745-455326-438094,260,false,0.15346196187135397,1,1414.5137368952635,1.0,1.0
2026-03-22T21:10:07.745-455326-438094,240,true,35.71621305395996,1,1378.7975238413035,1.0,0.0
2026-03-22T21:10:07.745-455326-438094,476,true,2.8283836223303536,1,1375.969140218973,1.0,0.746
2026-03-22T21:10:07.745-455326-438094,54,true,0.859929712012443,1,1375.1092105069606,1.0,0.743
2026-03-22T21:10:07.745-455326-438094,971,true,8.346460201785787,1,1366.762750305175,1.0,0.06899999999999995
2026-03-22T21:10:07.745-455326-438094,970,true,166.74727152604027,1,1200.0154787791346,1.0,0.052000000000000046
2026-03-22T21:10:07.745-455326-438094,100,true,0.33047398132639827,1,1199.6850047978082,1.0,0.764
2026-03-22T21:10:07.745-455326-438094,878,true,0.9513581769857024,1,1198.7336466208226,1.0,0.07999999999999996
2026-03-22T21:10:07.745-455326-438094,874,true,34.248164839093334,1,1164.4854817817293,1.0,0.06399999999999995
2026-03-22T21:10:07.745-455326-438094,27,true,0.2289893007238882,1,1164.2564924810054,1.0,0.0
2026-03-22T21:10:07.745-455326-438094,398,true,0.27623453010796933,1,1163.9802579508973,1.0,0.757
2026-03-22T21:10:07.745-455326-438094,996,true,42.365994389441,1,1121.6142635614563,1.0,0.352
2026-03-22T21:10:07.745-455326-438094,793,true,2.3257469499570127,1,1119.2885166114993,1.0,0.765
2026-03-22T21:10:07.745-455326-438094,766,true,6.112186441536777,1,1113.1763301699625,1.0,0.07099999999999995
2026-03-22T21:10:07.745-455326-438094,437,true,28.971457716600803,1,1084.2048724533618,1.0,0.8
2026-03-22T21:10:07.745-455326-438094,642,true,9.070489228711317,1,1075.1343832246505,1.0,0.729
2026-03-22T21:10:07.745-455326-438094,521,true,1.0707249251247515,1,1074.0636582995257,1.0,0.0
2026-03-22T21:10:07.745-455326-438094,833,true,1.827384621195261,1,1072.2362736783305,1.0,0.762
2026-03-22T21:10:07.745-455326-438094,414,true,0.6109952982708236,1,1071.6252783800596,1.0,0.0
2026-03-22T21:10:07.745-455326-438094,98,true,0.646798444675131,1,1070.9784799353845,1.0,0.06899999999999995
2026-03-22T21:10:07.745-455326-438094,564,true,7.10957534105275,1,1063.8689045943318,1.0,0.01200000000000001
2026-03-22T21:10:07.745-455326-438094,548,true,19.889883875226296,1,1043.9790207191054,1.0,0.06599999999999995
2026-03-22T21:10:07.745-455326-438094,572,true,0.3558375076448037,1,1043.6231832114606,1.0,0.06699999999999995
2026-03-22T21:10:07.745-455326-438094,12,true,2.9882256217670387,1,1040.6349575896936,1.0,0.06299999999999994
2026-03-22T21:10:07.745-455326-438094,529,true,0.7052370616468466,1,1039.9297205280468,1.0,0.05900000000000005
2026-03-22T21:10:07.745-455326-438094,990,true,5.877743121103344,1,1034.0519774069435,1.0,0.07199999999999995
2026-03-22T21:10:07.745-455326-438094,948,true,4.528544540816557,1,1029.523432866127,1.0,0.0
2026-03-22T21:10:07.745-455326-438094,445,true,0.38615311772610866,1,1029.137279748401,1.0,0.748
2026-03-22T21:10:07.745-455326-438094,383,true,1.180114311875459,1,1027.9571654365254,1.0,0.20299999999999996
2026-03-22T21:10:07.745-455326-438094,953,true,51.714345629539885,1,976.2428198069855,1.0,0.0
2026-03-22T21:10:07.745-455326-438094,703,true,9.256191816616417,1,966.9866279903691,1.0,0.06699999999999995
2026-03-22T21:10:07.745-455326-438094,590,false,0.06483967067095942,1,966.9866279903691,1.0,1.0
2026-03-22T21:10:07.745-455326-438094,760,false,0.12436642439449994,1,966.9866279903691,1.0,1.0
2026-03-22T21:10:07.745-455326-438094,119,true,4.63457882165011,1,962.352049168719,1.0,0.06699999999999995
2026-03-22T21:10:07.745-455326-438094,560,false,0.14013975982661933,1,962.352049168719,1.0,1.0
2026-03-22T21:10:07.745-455326-438094,319,true,0.4383168783135371,1,961.9137322904054,1.0,0.0
2026-03-22T21:10:07.745-455326-438094,480,true,5.134552416069734,1,956.7791798743357,1.0,0.07699999999999996
2026-03-22T21:10:07.745-455326-438094,827,true,7.522285188771767,1,949.2568946855639,1.0,0.749
2026-03-22T21:10:07.745-455326-438094,882,true,5.057623631672235,1,944.1992710538917,1.0,0.722
2026-03-22T21:10:07.745-455326-438094,322,false,0.1751215205564163,1,944.1992710538917,1.0,1.0
2026-03-22T21:10:07.745-455326-438094,570,false,0.04567068917214705,1,944.1992710538917,1.0,1.0
2026-03-22T21:10:07.745-455326-438094,365,true,11.617493368030802,1,932.581777685861,1.0,0.0
2026-03-22T21:10:07.745-455326-438094,808,true,22.983470170441993,1,909.5983075154189,1.0,0.07799999999999996
2026-03-22T21:10:07.745-455326-438094,575,false,0.14322074777815347,1,909.5983075154189,1.0,1.0
2026-03-22T21:10:07.745-455326-438094,879,true,1.7979757129907141,1,907.8003318024282,1.0,0.0
2026-03-22T21:10:07.745-455326-438094,686,true,74.15183640086723,1,833.648495401561,1.0,0.04300000000000004
2026-03-22T21:10:07.745-455326-438094,441,true,1.892449053796208,1,831.7560463477648,1.0,0.993
2026-03-22T21:10:07.745-455326-438094,622,true,3.2061512216576857,1,828.5498951261071,1.0,0.05900000000000005
2026-03-22T21:10:07.745-455326-438094,758,true,7.548179543620968,1,821.0017155824861,1.0,0.75
2026-03-22T21:10:07.745-455326-438094,251,true,3.5661577758420626,1,817.435557806644,1.0,0.06399999999999995
2026-03-22T21:10:07.745-455326-438094,472,true,0.32673789248783686,1,817.1088199141562,1.0,0.0
2026-03-22T21:10:07.745-455326-438094,459,false,0.02558048565463092,1,817.1088199141562,1.0,1.0
2026-03-22T21:10:07.745-455326-438094,275,true,3.180941264025023,1,813.9278786501312,1.0,0.739
2026-03-22T21:10:07.745-455326-438094,783,true,14.166751575284227,1,799.761127074847,1.0,0.994
2026-03-22T21:10:07.745-455326-438094,913,true,4.8999155047823075,1,794.8612115700647,1.0,0.995
2026-03-22T21:10:07.745-455326-438094,271,true,0.24906956132160762,1,794.6121420087431,1.0,0.831
2026-03-22T21:10:07.745-455326-438094,113,true,1.253608124219994,1,793.3585338845231,1.0,0.06699999999999995
2026-03-22T21:10:07.745-455326-438094,99,true,0.9235175616931139,1,792.43501632283,1.0,0.0
2026-03-22T21:10:07.745-455326-438094,801,true,147.36307911019676,1,645.0719372126333,1.0,0.0
2026-03-22T21:10:07.745-455326-438094,24,true,6.623657813446859,1,638.4482793991865,1.0,0.07999999999999996
2026-03-22T21:10:07.745-455326-438094,523,true,7.106089334092827,1,631.3421900650936,1.0,0.0
2026-03-22T21:10:07.745-455326-438094,939,true,1.6991744752668092,1,629.6430155898269,1.0,0.993
2026-03-22T21:10:07.745-455326-438094,775,true,18.00549552438283,1,611.637520065444,1.0,0.06599999999999995
2026-03-22T21:10:07.745-455326-438094,294,true,14.391539709611633,1,597.2459803558324,1.0,0.0
2026-03-22T21:10:07.745-455326-438094,680,true,16.050679206072118,1,581.1953011497603,1.0,0.061000000000000054
2026-03-22T21:10:07.745-455326-438094,450,false,0.005259703456642781,1,581.1953011497603,1.0,1.0
2026-03-22T21:10:07.745-455326-438094,568,true,0.33124653108726837,1,580.8640546186731,1.0,0.06799999999999995
2026-03-22T21:10:07.745-455326-438094,566,true,47.00358201870675,1,533.8604725999663,1.0,0.0
2026-03-22T21:10:07.745-455326-438094,463,true,10.858676525986489,1,523.0017960739798,1.0,0.0
2026-03-22T21:10:07.745-455326-438094,323,true,1.9055648413890065,1,521.0962312325908,1.0,0.0
2026-03-22T21:10:07.745-455326-438094,168,true,0.3399329210643384,1,520.7562983115264,1.0,0.815
2026-03-22T21:10:07.745-455326-438094,660,true,1.0475496280663896,1,519.70874868346,1.0,0.05600000000000005
2026-03-22T21:10:07.745-455326-438094,582,true,8.268254311173294,1,511.44049437228676,1.0,0.813
2026-03-22T21:10:07.745-455326-438094,96,true,2.619294290973398,1,508.82120008131335,1.0,0.0
2026-03-22T21:10:07.745-455326-438094,305,true,0.9510648856220506,1,507.8701351956913,1.0,0.8049999999999999
2026-03-22T21:10:07.745-455326-438094,31,true,36.946888109501145,1,470.92324708619014,1.0,0.0
2026-03-22T21:10:07.745-455326-438094,436,true,0.2841192909491245,1,470.639127795241,1.0,0.05400000000000005
2026-03-22T21:10:07.745-455326-438094,178,true,2.6645727011872555,1,467.97455509405376,1.0,0.05500000000000005
2026-03-22T21:10:07.745-455326-438094,143,true,1.0773673631118026,1,466.89718773094194,1.0,0.756
2026-03-22T21:10:07.745-455326-438094,163,true,2.3667407140666663,1,464.53044701687526,1.0,0.808
2026-03-22T21:10:07.745-455326-438094,581,true,0.3132883172856218,1,464.2171586995896,1.0,0.253
2026-03-22T21:10:07.745-455326-438094,16,true,4.061580567410566,1,460.1555781321791,1.0,0.06599999999999995
2026-03-22T21:10:07.745-455326-438094,370,true,109.38372914966713,1,350.7718489825119,1.0,0.049000000000000044
2026-03-22T21:10:07.745-455326-438094,510,true,0.47208343774493455,1,350.299765544767,1.0,0.8089999999999999
2026-03-22T21:10:07.745-455326-438094,170,true,37.4480515778581,1,312.8517139669089,1.0,0.0
2026-03-22T21:10:07.745-455326-438094,565,false,0.11448339334772674,1,312.8517139669089,1.0,1.0
2026-03-22T21:10:07.745-455326-438094,328,true,1.3026675468211133,1,311.5490464200878,1.0,0.0
2026-03-22T21:10:07.745-455326-438094,534,true,0.6889686572178482,1,310.86007776286993,1.0,0.05700000000000005
2026-03-22T21:10:07.745-455326-438094,719,true,25.400432831509175,1,285.45964493136074,1.0,0.07699999999999996
2026-03-22T21:10:07.745-455326-438094,431,true,19.17008950677689,1,266.28955542458385,1.0,0.727
2026-03-22T21:10:07.745-455326-438094,623,false,0.009389438367754072,1,266.28955542458385,1.0,1.0
2026-03-22T21:10:07.745-455326-438094,364,true,28.90901389476218,1,237.38054152982167,1.0,0.0
2026-03-22T21:10:07.745-455326-438094,843,true,33.38150146523891,1,203.99904006458274,1.0,0.05700000000000005
2026-03-22T21:10:07.745-455326-438094,329,true,3.7932502271783886,1,200.20578983740435,1.0,0.0
2026-03-22T21:10:07.745-455326-438094,164,true,0.36742679698373226,1,199.83836304042063,1.0,0.08499999999999996
2026-03-22T21:10:07.745-455326-438094,701,true,9.126602191436207,1,190.71176084898443,1.0,0.06399999999999995
2026-03-22T21:10:07.745-455326-438094,263,true,0.4848664444173839,1,190.22689440456705,1.0,0.99
2026-03-22T21:10:07.745-455326-438094,272,true,2.2478045720768187,1,187.97908983249022,1.0,0.0
2026-03-22T21:10:07.745-455326-438094,712,true,0.26881241784672305,1,187.71027741464349,1.0,0.779
2026-03-22T21:10:07.745-455326-438094,867,true,2.146302521434596,1,185.5639748932089,1.0,0.23099999999999998
2026-03-22T21:10:07.745-455326-438094,881,true,43.635191942078016,1,141.92878295113087,1.0,0.0
2026-03-22T21:10:07.745-455326-438094,303,true,0.8640238686177638,1,141.06475908251312,1.0,0.744
2026-03-22T21:10:07.745-455326-438094,961,true,8.685811893729046,1,132.37894718878408,1.0,0.0
2026-03-22T21:10:07.745-455326-438094,300,true,0.3042314447071089,1,132.07471574407697,1.0,0.76
2026-03-22T21:10:07.745-455326-438094,585,true,1.2938249071942935,1,130.78089083688266,1.0,0.812
2026-03-22T21:10:07.745-455326-438094,616,true,11.100086631004817,1,119.68080420587785,1.0,0.8029999999999999
2026-03-22T21:10:07.745-455326-438094,691,false,0.14158606161306966,1,119.68080420587785,1.0,1.0
2026-03-22T21:10:07.745-455326-438094,824,true,6.097313593745829,1,113.58349061213202,1.0,0.06000000000000005
2026-03-22T21:10:07.745-455326-438094,704,true,0.29939390512480696,1,113.28409670700722,1.0,0.0
2026-03-22T21:10:07.745-455326-438094,768,true,2.3845728724801587,1,110.89952383452706,1.0,0.062000000000000055
2026-03-22T21:10:07.745-455326-438094,551,true,0.3118214408912048,1,110.58770239363585,1.0,0.0
2026-03-22T21:10:07.745-455326-438094,795,false,0.11648761909541604,1,110.58770239363585,1.0,1.0
2026-03-22T21:10:07.745-455326-438094,789,true,52.26058021561338,1,58.32712217802247,1.0,0.06299999999999994
2026-03-22T21:10:07.745-455326-438094,80,true,1.7226015752090962,1,56.60452060281337,1.0,0.0
2026-03-22T21:10:07.745-455326-438094,648,true,3.743404556799789,1,52.861116046013585,1.0,0.07299999999999995
2026-03-22T21:10:07.745-455326-438094,738,true,2.4381807555407935,1,50.42293529047279,1.0,0.052000000000000046
2026-03-22T21:10:07.745-455326-438094,997,true,2.588134947654536,1,47.834800342818255,1.0,0.76
2026-03-22T21:10:07.745-455326-438094,895,true,61.397477790983686,1,-13.56267744816543,1.0,0.0
