2026-03-22T21:10:07.745-455326-311204,957,true,1.8423502196486572,1,4569.501522010345,1.0,0.991
2026-03-22T21:10:07.745-455326-311204,698,false,0.00917422082531717,1,4569.501522010345,1.0,1.0
2026-03-22T21:10:07.745-455326-311204,969,true,21.171314218925115,1,4548.3302077914195,1.0,0.984
2026-03-22T21:10:07.745-455326-311204,674,true,4.483163382466193,1,4543.8470444089535,1.0,0.995
2026-03-22T21:10:07.745-455326-311204,803,true,0.5563167804760643,1,4543.290727628478,1.0,0.989
2026-03-22T21:10:07.745-455326-311204,358,true,0.6032450004951336,1,4542.687482627983,1.0,0.761
2026-03-22T21:10:07.745-455326-311204,186,true,55.23226531929677,1,4487.455217308686,1.0,0.986
2026-03-22T21:10:07.745-455326-311204,708,false,0.14870951578038072,1,4487.455217308686,1.0,1.0
2026-03-22T21:10:07.745-455326-311204,171,true,35.34236550482566,1,4452.11285180386,1.0,0.993
2026-03-22T21:10:07.745-455326-311204,119,true,4.63457882165011,1,4447.47827298221,1.0,0.992
2026-03-22T21:10:07.745-455326-311204,355,true,1.9862813079330564,1,4445.4919916742765,1.0,0.22299999999999998
2026-03-22T21:10:07.745-455326-311204,631,true,0.5753896032549974,1,4444.916602071022,1.0,0.99
2026-03-22T21:10:07.745-455326-311204,6,true,0.6500314681318977,1,4444.26657060289,1.0,0.994
2026-03-22T21:10:07.745-455326-311204,157,true,3.147173287123171,1,4441.119397315767,1.0,0.994
2026-03-22T21:10:07.745-455326-311204,177,true,0.34969010574276527,1,4440.7697072100245,1.0,0.994
2026-03-22T21:10:07.745-455326-311204,54,true,0.859929712012443,1,4439.909777498012,1.0,0.99
2026-03-22T21:10:07.745-455326-311204,87,true,1.4569555256639368,1,4438.452821972348,1.0,0.988
2026-03-22T21:10:07.745-455326-311204,557,true,28.671811327812833,1,4409.781010644535,1.0,0.752
2026-03-22T21:10:07.745-455326-311204,977,true,0.9224357537466117,1,4408.858574890788,1.0,0.998
2026-03-22T21:10:07.745-455326-311204,269,false,0.12718576922510907,1,4408.858574890788,1.0,1.0
2026-03-22T21:10:07.745-455326-311204,658,true,3.3754423403397995,1,4405.483132550448,1.0,0.997
2026-03-22T21:10:07.745-455326-311204,775,true,18.00549552438283,1,4387.477637026065,1.0,0.99
2026-03-22T21:10:07.745-455326-311204,283,true,1.7153046630454598,1,4385.76233236302,1.0,0.987
2026-03-22T21:10:07.745-455326-311204,645,true,3.054800627471079,1,4382.707531735548,1.0,0.989
2026-03-22T21:10:07.745-455326-311204,465,true,5.103438333437558,1,4377.604093402111,1.0,0.995
2026-03-22T21:10:07.745-455326-311204,721,true,15.237567689552389,1,4362.3665257125585,1.0,0.99
2026-03-22T21:10:07.745-455326-311204,635,false,0.03224555279995718,1,4362.3665257125585,1.0,1.0
2026-03-22T21:10:07.745-455326-311204,336,false,0.03970386087166084,1,4362.3665257125585,1.0,1.0
2026-03-22T21:10:07.745-455326-311204,955,true,0.7253417974747196,1,4361.641183915084,1.0,0.786
2026-03-22T21:10:07.745-455326-311204,20,true,1.1547921134644268,1,4360.48639180162,1.0,0.99
2026-03-22T21:10:07.745-455326-311204,514,true,15.194993961734946,1,4345.291397839885,1.0,0.992
2026-03-22T21:10:07.745-455326-311204,67,true,1.853435923970643,1,4343.4379619159145,1.0,0.986
2026-03-22T21:10:07.745-455326-311204,14,false,0.14384089511747628,1,4343.4379619159145,1.0,1.0
2026-03-22T21:10:07.745-455326-311204,318,true,0.22595468475430783,1,4343.21200723116,1.0,0.988
2026-03-22T21:10:07.745-455326-311204,380,true,4.453756288049168,1,4338.75825094311,1.0,0.99
2026-03-22T21:10:07.745-455326-311204,242,true,0.25874037329079563,1,4338.49951056982,1.0,0.989
2026-03-22T21:10:07.745-455326-311204,847,true,0.5675644838002194,1,4337.93194608602,1.0,0.991
2026-03-22T21:10:07.745-455326-311204,742,true,7.736764123696195,1,4330.195181962324,1.0,0.995
2026-03-22T21:10:07.745-455326-311204,436,true,0.2841192909491245,1,4329.911062671375,1.0,0.996
2026-03-22T21:10:07.745-455326-311204,146,true,13.063437162076996,1,4316.847625509297,1.0,0.804
2026-03-22T21:10:07.745-455326-311204,237,true,2.7000757538350477,1,4314.147549755462,1.0,0.991
2026-03-22T21:10:07.745-455326-311204,279,true,1.3249130898741226,1,4312.822636665588,1.0,0.841
2026-03-22T21:10:07.745-455326-311204,556,true,3.5529261132236005,1,4309.269710552365,1.0,0.766
2026-03-22T21:10:07.745-455326-311204,212,true,5.078676832685078,1,4304.19103371968,1.0,0.987
2026-03-22T21:10:07.745-455326-311204,638,true,0.9346483369253814,1,4303.256385382754,1.0,0.993
2026-03-22T21:10:07.745-455326-311204,502,true,0.9448739413834751,1,4302.31151144137,1.0,0.991
2026-03-22T21:10:07.745-455326-311204,334,true,6.763697790533093,1,4295.547813650837,1.0,0.994
2026-03-22T21:10:07.745-455326-311204,321,true,1.132730995620484,1,4294.415082655217,1.0,0.746
2026-03-22T21:10:07.745-455326-311204,243,true,6.607704347295723,1,4287.807378307921,1.0,0.756
2026-03-22T21:10:07.745-455326-311204,222,true,30.410559339532593,1,4257.396818968388,1.0,0.993
2026-03-22T21:10:07.745-455326-311204,1000,true,3.073941433078023,1,4254.32287753531,1.0,0.99
2026-03-22T21:10:07.745-455326-311204,764,true,0.9771473286959076,1,4253.3457302066145,1.0,0.991
2026-03-22T21:10:07.745-455326-311204,291,true,46.52238010520217,1,4206.823350101412,1.0,0.994
2026-03-22T21:10:07.745-455326-311204,3,true,0.2279950555279545,1,4206.595355045884,1.0,0.07899999999999996
2026-03-22T21:10:07.745-455326-311204,985,true,173.33599522799253,1,4033.259359817892,1.0,0.986
2026-03-22T21:10:07.745-455326-311204,866,true,1.3070101072653268,1,4031.9523497106265,1.0,0.986
2026-03-22T21:10:07.745-455326-311204,456,true,78.78727620695513,1,3953.1650735036715,1.0,0.992
2026-03-22T21:10:07.745-455326-311204,603,true,3.2815773455431656,1,3949.8834961581283,1.0,0.99
2026-03-22T21:10:07.745-455326-311204,141,true,8.541868988226819,1,3941.3416271699016,1.0,0.988
2026-03-22T21:10:07.745-455326-311204,960,true,1.7654019963901073,1,3939.5762251735114,1.0,0.771
2026-03-22T21:10:07.745-455326-311204,248,true,4.055301564559888,1,3935.5209236089513,1.0,0.991
2026-03-22T21:10:07.745-455326-311204,516,true,122.2875898850854,1,3813.233333723866,1.0,0.851
2026-03-22T21:10:07.745-455326-311204,626,true,2.6743178917374473,1,3810.559015832129,1.0,0.987
2026-03-22T21:10:07.745-455326-311204,155,true,1.86190724197484,1,3808.697108590154,1.0,0.813
2026-03-22T21:10:07.745-455326-311204,111,true,1.808621226739954,1,3806.8884873634142,1.0,0.99
2026-03-22T21:10:07.745-455326-311204,679,true,1.2284652001449192,1,3805.6600221632693,1.0,0.991
2026-03-22T21:10:07.745-455326-311204,772,false,0.10867287009178715,1,3805.6600221632693,1.0,1.0
2026-03-22T21:10:07.745-455326-311204,490,true,2.63767645796057,1,3803.022345705309,1.0,0.989
2026-03-22T21:10:07.745-455326-311204,785,true,0.3603800930230652,1,3802.6619656122857,1.0,0.987
2026-03-22T21:10:07.745-455326-311204,143,true,1.0773673631118026,1,3801.5845982491737,1.0,0.08199999999999996
2026-03-22T21:10:07.745-455326-311204,883,true,19.79057186605095,1,3781.794026383123,1.0,0.996
2026-03-22T21:10:07.745-455326-311204,926,true,49.771779777889876,1,3732.022246605233,1.0,0.988
2026-03-22T21:10:07.745-455326-311204,110,true,9.290633504242853,1,3722.7316131009898,1.0,0.759
2026-03-22T21:10:07.745-455326-311204,343,true,0.22796396458111207,1,3722.5036491364085,1.0,0.991
2026-03-22T21:10:07.745-455326-311204,980,true,0.7229825057527808,1,3721.7806666306556,1.0,0.761
2026-03-22T21:10:07.745-455326-311204,864,true,7.387158462813844,1,3714.393508167842,1.0,0.815
2026-03-22T21:10:07.745-455326-311204,477,true,3.2489037221175,1,3711.1446044457243,1.0,0.987
2026-03-22T21:10:07.745-455326-311204,492,true,4.540307075965734,1,3706.6042973697586,1.0,0.757
2026-03-22T21:10:07.745-455326-311204,889,true,5.7739989606801085,1,3700.8302984090783,1.0,0.992
2026-03-22T21:10:07.745-455326-311204,398,true,0.27623453010796933,1,3700.5540638789703,1.0,0.991
2026-03-22T21:10:07.745-455326-311204,933,true,44.90253697893118,1,3655.6515269000392,1.0,0.994
2026-03-22T21:10:07.745-455326-311204,101,false,0.12484826374652785,1,3655.6515269000392,1.0,1.0
2026-03-22T21:10:07.745-455326-311204,690,true,24.582773076865767,1,3631.0687538231737,1.0,0.994
2026-03-22T21:10:07.745-455326-311204,810,true,5.3626159718694115,1,3625.7061378513044,1.0,0.996
2026-03-22T21:10:07.745-455326-311204,33,true,106.44545769921338,1,3519.260680152091,1.0,0.992
2026-03-22T21:10:07.745-455326-311204,476,true,2.8283836223303536,1,3516.4322965297606,1.0,0.76
2026-03-22T21:10:07.745-455326-311204,523,true,7.106089334092827,1,3509.326207195668,1.0,0.992
2026-03-22T21:10:07.745-455326-311204,984,true,9.437025281757991,1,3499.88918191391,1.0,0.745
2026-03-22T21:10:07.745-455326-311204,551,true,0.3118214408912048,1,3499.577360473019,1.0,0.99
2026-03-22T21:10:07.745-455326-311204,79,true,1.485773299003158,1,3498.091587174016,1.0,0.989
2026-03-22T21:10:07.745-455326-311204,717,true,15.053562680932961,1,3483.038024493083,1.0,0.997
2026-03-22T21:10:07.745-455326-311204,979,false,0.09374511058267725,1,3483.038024493083,1.0,1.0
2026-03-22T21:10:07.745-455326-311204,121,true,21.19174452659143,1,3461.8462799664917,1.0,0.772
2026-03-22T21:10:07.745-455326-311204,401,true,2.3132312478208092,1,3459.5330487186707,1.0,0.755
2026-03-22T21:10:07.745-455326-311204,567,true,0.5306317131287961,1,3459.0024170055417,1.0,0.988
2026-03-22T21:10:07.745-455326-311204,439,true,0.47100514697621343,1,3458.5314118585657,1.0,0.758
2026-03-22T21:10:07.745-455326-311204,990,true,5.877743121103344,1,3452.6536687374623,1.0,0.997
2026-03-22T21:10:07.745-455326-311204,349,true,3.181256925422434,1,3449.47241181204,1.0,0.989
2026-03-22T21:10:07.745-455326-311204,524,true,32.7040754861529,1,3416.768336325887,1.0,0.8069999999999999
2026-03-22T21:10:07.745-455326-311204,307,true,0.8566224684765632,1,3415.9117138574106,1.0,0.996
2026-03-22T21:10:07.745-455326-311204,540,false,0.10480908656444195,1,3415.9117138574106,1.0,1.0
2026-03-22T21:10:07.745-455326-311204,487,true,0.38573476244676613,1,3415.525979094964,1.0,0.735
2026-03-22T21:10:07.745-455326-311204,805,true,0.3979866974104556,1,3415.1279923975535,1.0,0.865
2026-03-22T21:10:07.745-455326-311204,888,true,0.6971308570219475,1,3414.4308615405316,1.0,0.745
2026-03-22T21:10:07.745-455326-311204,813,false,0.052560244077798426,1,3414.4308615405316,1.0,1.0
2026-03-22T21:10:07.745-455326-311204,188,true,2.2142183414658305,1,3412.216643199066,1.0,0.721
2026-03-22T21:10:07.745-455326-311204,811,true,11.811296706142809,1,3400.405346492923,1.0,0.819
2026-03-22T21:10:07.745-455326-311204,383,true,1.180114311875459,1,3399.2252321810474,1.0,0.839
2026-03-22T21:10:07.745-455326-311204,394,true,6.58056773544203,1,3392.6446644456055,1.0,0.988
2026-03-22T21:10:07.745-455326-311204,814,true,4.171405464088288,1,3388.473258981517,1.0,0.762
2026-03-22T21:10:07.745-455326-311204,938,true,6.524255593846844,1,3381.9490033876705,1.0,0.992
2026-03-22T21:10:07.745-455326-311204,339,true,9.190420626594381,1,3372.758582761076,1.0,0.989
2026-03-22T21:10:07.745-455326-311204,649,true,7.880402413778116,1,3364.878180347298,1.0,0.982
2026-03-22T21:10:07.745-455326-311204,10,true,1.1994405567784878,1,3363.6787397905196,1.0,0.991
2026-03-22T21:10:07.745-455326-311204,304,true,11.939556331092668,1,3351.739183459427,1.0,0.737
2026-03-22T21:10:07.745-455326-311204,961,true,8.685811893729046,1,3343.053371565698,1.0,0.731
2026-03-22T21:10:07.745-455326-311204,606,true,33.88615885174985,1,3309.167212713948,1.0,0.06799999999999995
2026-03-22T21:10:07.745-455326-311204,132,true,1.277952199544194,1,3307.8892605144038,1.0,0.992
2026-03-22T21:10:07.745-455326-311204,430,false,0.17302879858283976,1,3307.8892605144038,1.0,1.0
2026-03-22T21:10:07.745-455326-311204,235,true,3.6523265324046,1,3304.2369339819993,1.0,0.8260000000000001
2026-03-22T21:10:07.745-455326-311204,483,true,15.54122975209289,1,3288.6957042299064,1.0,0.99
2026-03-22T21:10:07.745-455326-311204,572,true,0.3558375076448037,1,3288.3398667222614,1.0,0.992
2026-03-22T21:10:07.745-455326-311204,144,true,1.3393588248476234,1,3287.0005078974136,1.0,0.0
2026-03-22T21:10:07.745-455326-311204,794,true,7.245824432355786,1,3279.754683465058,1.0,0.994
2026-03-22T21:10:07.745-455326-311204,252,true,2.009974718001869,1,3277.744708747056,1.0,0.992
2026-03-22T21:10:07.745-455326-311204,491,true,4.819333652696481,1,3272.9253750943594,1.0,0.0010000000000000009
2026-03-22T21:10:07.745-455326-311204,908,true,5.932609416535073,1,3266.9927656778245,1.0,0.993
2026-03-22T21:10:07.745-455326-311204,945,true,8.141885626093758,1,3258.8508800517307,1.0,0.991
2026-03-22T21:10:07.745-455326-311204,178,true,2.6645727011872555,1,3256.1863073505433,1.0,0.755
2026-03-22T21:10:07.745-455326-311204,713,false,0.1353268681951309,1,3256.1863073505433,1.0,1.0
2026-03-22T21:10:07.745-455326-311204,917,true,0.381476255953427,1,3255.80483109459,1.0,0.999
2026-03-22T21:10:07.745-455326-311204,919,true,3.8930931986909427,1,3251.911737895899,1.0,0.8069999999999999
2026-03-22T21:10:07.745-455326-311204,838,true,1.008841985020741,1,3250.902895910878,1.0,0.992
2026-03-22T21:10:07.745-455326-311204,597,true,0.4257462072893399,1,3250.477149703589,1.0,0.986
2026-03-22T21:10:07.745-455326-311204,639,true,10.92450688934389,1,3239.5526428142452,1.0,0.736
2026-03-22T21:10:07.745-455326-311204,696,true,0.2269335867074122,1,3239.325709227538,1.0,0.987
2026-03-22T21:10:07.745-455326-311204,967,true,3.004998346712918,1,3236.320710880825,1.0,0.755
2026-03-22T21:10:07.745-455326-311204,799,true,18.139870992110282,1,3218.1808398887147,1.0,0.806
2026-03-22T21:10:07.745-455326-311204,317,true,0.5898016457535031,1,3217.591038242961,1.0,0.743
2026-03-22T21:10:07.745-455326-311204,221,true,0.5114002617560894,1,3217.079637981205,1.0,0.762
2026-03-22T21:10:07.745-455326-311204,474,true,58.65889451068365,1,3158.4207434705213,1.0,0.07599999999999996
2026-03-22T21:10:07.745-455326-311204,286,true,0.7609509049479575,1,3157.6597925655733,1.0,0.819
2026-03-22T21:10:07.745-455326-311204,732,true,0.4034304980735556,1,3157.2563620674996,1.0,0.996
2026-03-22T21:10:07.745-455326-311204,564,true,7.10957534105275,1,3150.146786726447,1.0,0.854
2026-03-22T21:10:07.745-455326-311204,482,true,0.32137803826044253,1,3149.8254086881866,1.0,0.815
2026-03-22T21:10:07.745-455326-311204,287,true,0.5382075398628413,1,3149.2872011483237,1.0,0.752
2026-03-22T21:10:07.745-455326-311204,497,true,5335.624748753879,1,-2186.3375476055558,0.0,0.0
2026-03-22T21:10:07.745-868789-724892,571,true,17.868303514076892,1,3166.425504621657,1.0,0.997
2026-03-22T21:10:07.745-868789-724892,333,true,37.61925173634507,1,3128.806252885312,1.0,0.29800000000000004
2026-03-22T21:10:07.745-868789-724892,697,false,0.20934458323192043,1,3128.806252885312,1.0,1.0
2026-03-22T21:10:07.745-868789-724892,229,false,1.8083127100244367,1,3128.806252885312,1.0,1.0
2026-03-22T21:10:07.745-868789-724892,767,true,0.32829335539287574,1,3128.477959529919,1.0,0.999
2026-03-22T21:10:07.745-868789-724892,105,true,0.35378622359313394,1,3128.124173306326,1.0,0.998
2026-03-22T21:10:07.745-868789-724892,23,true,3.313131104695273,1,3124.8110422016307,1.0,0.020000000000000018
2026-03-22T21:10:07.745-868789-724892,824,true,0.34347873541396834,1,3124.4675634662167,1.0,0.999
2026-03-22T21:10:07.745-868789-724892,760,true,0.6336610252626967,1,3123.833902440954,1.0,0.493
2026-03-22T21:10:07.745-868789-724892,882,true,0.5562889715614332,1,3123.2776134693922,1.0,0.999
2026-03-22T21:10:07.745-868789-724892,369,true,20.54636279196812,1,3102.731250677424,1.0,0.999
2026-03-22T21:10:07.745-868789-724892,939,true,0.704229922833285,1,3102.027020754591,1.0,0.996
2026-03-22T21:10:07.745-868789-724892,895,true,5.039056755743804,1,3096.987963998847,1.0,0.998
2026-03-22T21:10:07.745-868789-724892,466,false,1.4430291699567146,1,3096.987963998847,1.0,1.0
2026-03-22T21:10:07.745-868789-724892,775,false,0.2287312748512533,1,3096.987963998847,1.0,1.0
2026-03-22T21:10:07.745-868789-724892,635,true,0.6705469423005592,1,3096.3174170565467,1.0,0.998
2026-03-22T21:10:07.745-868789-724892,979,true,23.610890300430356,1,3072.7065267561165,1.0,0.998
2026-03-22T21:10:07.745-868789-724892,874,true,56.92107313723302,1,3015.7854536188834,1.0,0.998
2026-03-22T21:10:07.745-868789-724892,791,false,0.016343949900785484,1,3015.7854536188834,1.0,1.0
2026-03-22T21:10:07.745-868789-724892,822,true,4.3702894648792405,1,3011.4151641540043,1.0,0.30500000000000005
2026-03-22T21:10:07.745-868789-724892,804,true,1.31019017507558,1,3010.1049739789287,1.0,0.32399999999999995
2026-03-22T21:10:07.745-868789-724892,904,true,0.42903180829573817,1,3009.675942170633,1.0,0.999
2026-03-22T21:10:07.745-868789-724892,110,true,1.9682426310574697,1,3007.7076995395755,1.0,0.999
2026-03-22T21:10:07.745-868789-724892,66,true,0.5999174230110853,1,3007.1077821165645,1.0,0.997
2026-03-22T21:10:07.745-868789-724892,972,false,6.462225474309579,1,3007.1077821165645,1.0,1.0
2026-03-22T21:10:07.745-868789-724892,865,true,1.639036449518693,1,3005.468745667046,1.0,0.999
2026-03-22T21:10:07.745-868789-724892,370,true,4.596098475033993,1,3000.8726471920118,1.0,0.31299999999999994
2026-03-22T21:10:07.745-868789-724892,679,true,1.7345744469601132,1,2999.1380727450514,1.0,0.999
2026-03-22T21:10:07.745-868789-724892,210,true,5.254925382130376,1,2993.883147362921,1.0,0.998
2026-03-22T21:10:07.745-868789-724892,603,true,9.065125867590648,1,2984.8180214953304,1.0,0.997
2026-03-22T21:10:07.745-868789-724892,830,true,90.77367264952017,1,2894.0443488458104,1.0,0.999
2026-03-22T21:10:07.745-868789-724892,813,true,2.359982985431173,1,2891.6843658603793,1.0,0.997
2026-03-22T21:10:07.745-868789-724892,260,true,2.516450552753944,1,2889.167915307625,1.0,0.999
2026-03-22T21:10:07.745-868789-724892,347,false,1.5773226724920375,1,2889.167915307625,1.0,1.0
2026-03-22T21:10:07.745-868789-724892,665,true,0.5696711733720626,1,2888.598244134253,1.0,0.999
2026-03-22T21:10:07.745-868789-724892,478,true,1.2854493122968578,1,2887.3127948219562,1.0,0.998
2026-03-22T21:10:07.745-868789-724892,552,true,2.8308683863414705,1,2884.4819264356147,1.0,0.494
2026-03-22T21:10:07.745-868789-724892,556,true,6.224110251755941,1,2878.2578161838587,1.0,0.29900000000000004
2026-03-22T21:10:07.745-868789-724892,894,true,124.94993128626176,1,2753.307884897597,1.0,0.275
2026-03-22T21:10:07.745-868789-724892,363,true,1.7719629965192745,1,2751.535921901078,1.0,0.999
2026-03-22T21:10:07.745-868789-724892,477,true,0.6401739840531553,1,2750.895747917025,1.0,0.31799999999999995
2026-03-22T21:10:07.745-868789-724892,180,true,166.40341368760562,1,2584.492334229419,1.0,0.998
2026-03-22T21:10:07.745-868789-724892,62,true,3.94428399756354,1,2580.5480502318555,1.0,0.998
2026-03-22T21:10:07.745-868789-724892,967,true,15.747897444136619,1,2564.800152787719,1.0,0.998
2026-03-22T21:10:07.745-868789-724892,819,true,1.424864248171977,1,2563.375288539547,1.0,0.29400000000000004
2026-03-22T21:10:07.745-868789-724892,443,true,3.869600707716045,1,2559.505687831831,1.0,0.998
2026-03-22T21:10:07.745-868789-724892,394,true,1.3998635362626142,1,2558.1058242955683,1.0,0.996
2026-03-22T21:10:07.745-868789-724892,501,false,2.833408200025209,1,2558.1058242955683,1.0,1.0
2026-03-22T21:10:07.745-868789-724892,596,true,20.977238394094517,1,2537.128585901474,1.0,0.998
2026-03-22T21:10:07.745-868789-724892,632,false,0.09394643992092896,1,2537.128585901474,1.0,1.0
2026-03-22T21:10:07.745-868789-724892,505,true,47.06240084585789,1,2490.0661850556157,1.0,0.996
2026-03-22T21:10:07.745-868789-724892,124,false,0.025497022637839744,1,2490.0661850556157,1.0,1.0
2026-03-22T21:10:07.745-868789-724892,996,true,114.32690896705311,1,2375.7392760885627,1.0,0.997
2026-03-22T21:10:07.745-868789-724892,310,true,1.465376047168736,1,2374.273900041394,1.0,0.999
2026-03-22T21:10:07.745-868789-724892,942,true,0.48183876552132276,1,2373.7920612758726,1.0,0.31499999999999995
2026-03-22T21:10:07.745-868789-724892,493,true,0.8353865167856215,1,2372.956674759087,1.0,0.997
2026-03-22T21:10:07.745-868789-724892,53,true,1.5135692145527262,1,2371.4431055445343,1.0,0.997
2026-03-22T21:10:07.745-868789-724892,971,true,21.84110922298357,1,2349.601996321551,1.0,0.999
2026-03-22T21:10:07.745-868789-724892,497,true,8.761196917894992,1,2340.8407994036556,1.0,0.997
2026-03-22T21:10:07.745-868789-724892,275,true,2.227665981972988,1,2338.6131334216825,1.0,0.999
2026-03-22T21:10:07.745-868789-724892,102,true,4.0155425835565906,1,2334.597590838126,1.0,0.29500000000000004
2026-03-22T21:10:07.745-868789-724892,453,true,1.1379828949715618,1,2333.4596079431544,1.0,0.999
2026-03-22T21:10:07.745-868789-724892,708,true,67.490400178325,1,2265.969207764829,1.0,0.999
2026-03-22T21:10:07.745-868789-724892,503,true,2.19219597482205,1,2263.7770117900072,1.0,0.277
2026-03-22T21:10:07.745-868789-724892,498,true,0.46066344371261353,1,2263.3163483462945,1.0,0.31499999999999995
2026-03-22T21:10:07.745-868789-724892,526,true,0.22441136259190056,1,2263.0919369837025,1.0,0.998
2026-03-22T21:10:07.745-868789-724892,827,true,2.7595096570486253,1,2260.332427326654,1.0,0.0
2026-03-22T21:10:07.745-868789-724892,222,true,19.804021158179506,1,2240.5284061684742,1.0,0.999
2026-03-22T21:10:07.745-868789-724892,420,false,0.1070657942674095,1,2240.5284061684742,1.0,1.0
2026-03-22T21:10:07.745-868789-724892,917,true,12.255975252144788,1,2228.2724309163295,1.0,0.998
2026-03-22T21:10:07.745-868789-724892,504,true,17.684013427177394,1,2210.588417489152,1.0,0.0
2026-03-22T21:10:07.745-868789-724892,368,true,3.2292111866489686,1,2207.359206302503,1.0,0.0010000000000000009
2026-03-22T21:10:07.745-868789-724892,395,true,56.695818904228574,1,2150.6633873982746,1.0,0.29800000000000004
2026-03-22T21:10:07.745-868789-724892,714,true,1.4316784250778614,1,2149.231708973197,1.0,0.999
2026-03-22T21:10:07.745-868789-724892,146,true,4.987575745717022,1,2144.24413322748,1.0,0.997
2026-03-22T21:10:07.745-868789-724892,944,false,0.05847591848641604,1,2144.24413322748,1.0,1.0
2026-03-22T21:10:07.745-868789-724892,215,true,37.27008876128682,1,2106.974044466193,1.0,0.999
2026-03-22T21:10:07.745-868789-724892,321,true,0.5407502643150848,1,2106.4332942018777,1.0,0.998
2026-03-22T21:10:07.745-868789-724892,265,false,0.0989871212304504,1,2106.4332942018777,1.0,1.0
2026-03-22T21:10:07.745-868789-724892,581,true,0.703529736010683,1,2105.729764465867,1.0,0.998
2026-03-22T21:10:07.745-868789-724892,306,true,112.78973912313265,1,1992.9400253427343,1.0,0.996
2026-03-22T21:10:07.745-868789-724892,26,true,2.810525387759476,1,1990.1294999549748,1.0,0.502
2026-03-22T21:10:07.745-868789-724892,634,true,0.31687412559074757,1,1989.812625829384,1.0,0.478
2026-03-22T21:10:07.745-868789-724892,393,true,39.18768346636411,1,1950.6249423630197,1.0,0.0
2026-03-22T21:10:07.745-868789-724892,192,true,3.9663882975259424,1,1946.6585540654937,1.0,0.999
2026-03-22T21:10:07.745-868789-724892,392,true,6.487046207430406,1,1940.1715078580633,1.0,0.0
2026-03-22T21:10:07.745-868789-724892,494,true,5.803388989748478,1,1934.3681188683147,1.0,0.0
2026-03-22T21:10:07.745-868789-724892,274,true,0.38035070927100384,1,1933.9877681590438,1.0,0.29300000000000004
2026-03-22T21:10:07.745-868789-724892,72,false,0.04934694431792662,1,1933.9877681590438,1.0,1.0
2026-03-22T21:10:07.745-868789-724892,927,true,5.701874608953837,1,1928.28589355009,1.0,0.998
2026-03-22T21:10:07.745-868789-724892,263,true,8.813469440110628,1,1919.4724241099793,1.0,0.0
2026-03-22T21:10:07.745-868789-724892,207,true,5.037065526582622,1,1914.4353585833967,1.0,0.5
2026-03-22T21:10:07.745-868789-724892,729,true,27.651493511150708,1,1886.783865072246,1.0,0.30300000000000005
2026-03-22T21:10:07.745-868789-724892,535,true,6.190518777851139,1,1880.593346294395,1.0,0.999
2026-03-22T21:10:07.745-868789-724892,765,true,2.5759826980806766,1,1878.0173635963142,1.0,0.0
2026-03-22T21:10:07.745-868789-724892,872,true,2.569370397632476,1,1875.4479931986818,1.0,0.28500000000000003
2026-03-22T21:10:07.745-868789-724892,808,true,0.5213704965908094,1,1874.926622702091,1.0,0.29900000000000004
2026-03-22T21:10:07.745-868789-724892,753,true,0.8407573147263796,1,1874.0858653873645,1.0,0.999
2026-03-22T21:10:07.745-868789-724892,605,true,239.33815288833537,1,1634.7477124990291,1.0,0.249
2026-03-22T21:10:07.745-868789-724892,213,true,0.23355374219153233,1,1634.5141587568376,1.0,0.0
2026-03-22T21:10:07.745-868789-724892,479,true,0.7768191487422778,1,1633.7373396080952,1.0,0.0010000000000000009
2026-03-22T21:10:07.745-868789-724892,188,true,1.8771153097617161,1,1631.8602242983336,1.0,0.997
2026-03-22T21:10:07.745-868789-724892,332,false,0.0364760449039483,1,1631.8602242983336,1.0,1.0
2026-03-22T21:10:07.745-868789-724892,491,true,0.22823116928984954,1,1631.6319931290438,1.0,0.0
2026-03-22T21:10:07.745-868789-724892,436,true,3.137984201344468,1,1628.4940089276993,1.0,0.31799999999999995
2026-03-22T21:10:07.745-868789-724892,46,true,0.29315074701379795,1,1628.2008581806854,1.0,0.997
2026-03-22T21:10:07.745-868789-724892,983,false,0.1810231770088266,1,1628.2008581806854,1.0,1.0
2026-03-22T21:10:07.745-868789-724892,646,true,5.926230298145478,1,1622.2746278825398,1.0,0.998
2026-03-22T21:10:07.745-868789-724892,772,true,26.99178498099418,1,1595.2828429015456,1.0,0.46799999999999997
2026-03-22T21:10:07.745-868789-724892,253,true,8.577508210621172,1,1586.7053346909245,1.0,0.999
2026-03-22T21:10:07.745-868789-724892,677,true,4.820129768823654,1,1581.885204922101,1.0,0.494
2026-03-22T21:10:07.745-868789-724892,418,true,37.934257803195734,1,1543.950947118905,1.0,0.998
2026-03-22T21:10:07.745-868789-724892,786,false,324.2433975533716,1,1543.950947118905,1.0,1.0
2026-03-22T21:10:07.745-868789-724892,293,true,0.5475295157627386,1,1543.4034176031423,1.0,0.999
2026-03-22T21:10:07.745-868789-724892,211,true,2.3306672250701204,1,1541.0727503780722,1.0,0.0
2026-03-22T21:10:07.745-868789-724892,637,true,23.14824230368426,1,1517.9245080743879,1.0,0.0
2026-03-22T21:10:07.745-868789-724892,683,false,0.04672682296204168,1,1517.9245080743879,1.0,1.0
2026-03-22T21:10:07.745-868789-724892,490,true,1.208365311924255,1,1516.7161427624635,1.0,0.0
2026-03-22T21:10:07.745-868789-724892,8,true,5.114860721136675,1,1511.6012820413268,1.0,0.999
2026-03-22T21:10:07.745-868789-724892,554,false,0.07443393669209465,1,1511.6012820413268,1.0,1.0
2026-03-22T21:10:07.745-868789-724892,313,false,0.1082184343412299,1,1511.6012820413268,1.0,1.0
2026-03-22T21:10:07.745-868789-724892,539,false,0.01355023825288725,1,1511.6012820413268,1.0,1.0
2026-03-22T21:10:07.745-868789-724892,908,true,10.425907452060036,1,1501.1753745892668,1.0,0.999
2026-03-22T21:10:07.745-868789-724892,696,true,0.26079750721600076,1,1500.9145770820508,1.0,0.994
2026-03-22T21:10:07.745-868789-724892,891,true,1.7494552034011785,1,1499.1651218786496,1.0,0.277
2026-03-22T21:10:07.745-868789-724892,670,true,20.488666050390652,1,1478.676455828259,1.0,0.998
2026-03-22T21:10:07.745-868789-724892,292,true,1.8811329195459243,1,1476.795322908713,1.0,0.614
2026-03-22T21:10:07.745-868789-724892,558,true,2.6595110046049344,1,1474.135811904108,1.0,0.30500000000000005
2026-03-22T21:10:07.745-868789-724892,189,true,1.4983139374038887,1,1472.6374979667041,1.0,0.0
2026-03-22T21:10:07.745-868789-724892,642,true,4.787623806106771,1,1467.8498741605974,1.0,0.996
2026-03-22T21:10:07.745-868789-724892,7,true,24.895969544051322,1,1442.9539046165462,1.0,0.29600000000000004
2026-03-22T21:10:07.745-868789-724892,794,true,26.46762241311816,1,1416.4862822034281,1.0,0.999
2026-03-22T21:10:07.745-868789-724892,92,false,1.3675639177620997,1,1416.4862822034281,1.0,1.0
2026-03-22T21:10:07.745-868789-724892,875,true,4.41445248107534,1,1412.0718297223527,1.0,0.0
2026-03-22T21:10:07.745-868789-724892,138,false,0.03911602909893895,1,1412.0718297223527,1.0,1.0
2026-03-22T21:10:07.745-868789-724892,280,true,0.6430044815951492,1,1411.4288252407575,1.0,0.998
2026-03-22T21:10:07.745-868789-724892,640,false,0.041990504097721516,1,1411.4288252407575,1.0,1.0
2026-03-22T21:10:07.745-868789-724892,673,true,8.408785671741649,1,1403.0200395690158,1.0,0.0010000000000000009
2026-03-22T21:10:07.745-868789-724892,254,true,2.3459171154682097,1,1400.6741224535476,1.0,0.29800000000000004
2026-03-22T21:10:07.745-868789-724892,364,true,2.4540445078096385,1,1398.220077945738,1.0,0.0010000000000000009
2026-03-22T21:10:07.745-868789-724892,700,false,0.021502843303113205,1,1398.220077945738,1.0,1.0
2026-03-22T21:10:07.745-868789-724892,111,true,88.29322988230696,1,1309.926848063431,1.0,0.276
2026-03-22T21:10:07.745-868789-724892,682,true,3.9321228358265192,1,1305.9947252276045,1.0,0.607
2026-03-22T21:10:07.745-868789-724892,847,false,0.38761607140478055,1,1305.9947252276045,1.0,1.0
2026-03-22T21:10:07.745-868789-724892,941,false,0.15931422080367466,1,1305.9947252276045,1.0,1.0
2026-03-22T21:10:07.745-868789-724892,547,false,1.3984103105627692,1,1305.9947252276045,1.0,1.0
2026-03-22T21:10:07.745-868789-724892,249,true,0.8706361710001724,1,1305.1240890566044,1.0,0.999
2026-03-22T21:10:07.745-868789-724892,889,true,17.875446217064265,1,1287.24864283954,1.0,0.596
2026-03-22T21:10:07.745-868789-724892,100,true,0.6808992247424854,1,1286.5677436147976,1.0,0.28600000000000003
2026-03-22T21:10:07.745-868789-724892,409,false,0.19609759132679985,1,1286.5677436147976,1.0,1.0
2026-03-22T21:10:07.745-868789-724892,543,true,17.01906742115474,1,1269.548676193643,1.0,0.998
2026-03-22T21:10:07.745-868789-724892,720,false,0.051774319564347054,1,1269.548676193643,1.0,1.0
2026-03-22T21:10:07.745-868789-724892,276,true,0.4642344147952193,1,1269.0844417788476,1.0,0.0
2026-03-22T21:10:07.745-868789-724892,230,true,86.43768749513625,1,1182.6467542837113,1.0,0.997
2026-03-22T21:10:07.745-868789-724892,943,true,1.1240795828167172,1,1181.5226747008946,1.0,0.31399999999999995
2026-03-22T21:10:07.745-868789-724892,803,true,8.707144777017172,1,1172.8155299238774,1.0,0.32999999999999996
2026-03-22T21:10:07.745-868789-724892,956,true,3.8911246053531636,1,1168.9244053185244,1.0,0.997
2026-03-22T21:10:07.745-868789-724892,297,true,0.7199538616274452,1,1168.204451456897,1.0,0.998
2026-03-22T21:10:07.745-868789-724892,879,true,189.76597403877153,1,978.4384774181254,1.0,0.256
2026-03-22T21:10:07.745-868789-724892,907,true,1.7357605257007782,1,976.7027168924246,1.0,0.0
2026-03-22T21:10:07.745-868789-724892,224,true,6.464108311106181,1,970.2386085813184,1.0,0.273
2026-03-22T21:10:07.745-868789-724892,446,true,2.136041476981155,1,968.1025671043373,1.0,0.32599999999999996
2026-03-22T21:10:07.745-868789-724892,239,true,1.6256956652432655,1,966.476871439094,1.0,0.999
2026-03-22T21:10:07.745-868789-724892,538,true,4.0488393213030776,1,962.428032117791,1.0,0.28800000000000003
2026-03-22T21:10:07.745-868789-724892,732,false,0.12518640402282638,1,962.428032117791,1.0,1.0
2026-03-22T21:10:07.745-868789-724892,162,true,5.159525282209755,1,957.2685068355812,1.0,0.994
2026-03-22T21:10:07.745-868789-724892,746,true,5.764063241914156,1,951.504443593667,1.0,0.998
2026-03-22T21:10:07.745-868789-724892,725,true,1.1684812143999603,1,950.335962379267,1.0,0.29200000000000004
2026-03-22T21:10:07.745-868789-724892,328,true,0.6253212638197001,1,949.7106411154473,1.0,0.998
2026-03-22T21:10:07.745-868789-724892,607,true,17.619539886532205,1,932.0911012289151,1.0,0.239
2026-03-22T21:10:07.745-868789-724892,435,true,4.8219297235408245,1,927.2691715053743,1.0,0.0
2026-03-22T21:10:07.745-868789-724892,887,true,20.066410893709183,1,907.2027606116651,1.0,0.502
2026-03-22T21:10:07.745-868789-724892,496,true,80.27764634765404,1,826.9251142640111,1.0,0.0
2026-03-22T21:10:07.745-868789-724892,419,false,0.15777623062541116,1,826.9251142640111,1.0,1.0
2026-03-22T21:10:07.745-868789-724892,247,true,52.15164136522265,1,774.7734728987884,1.0,0.268
2026-03-22T21:10:07.745-868789-724892,537,true,0.37764680006634255,1,774.3958260987221,1.0,0.0
2026-03-22T21:10:07.745-868789-724892,821,true,94.72593315992766,1,679.6698929387944,1.0,0.0
2026-03-22T21:10:07.745-868789-724892,674,true,31.76951319380629,1,647.9003797449882,1.0,0.0
2026-03-22T21:10:07.745-868789-724892,563,false,1.4902258362037335,1,647.9003797449882,1.0,1.0
2026-03-22T21:10:07.745-868789-724892,119,true,0.2819599513820745,1,647.6184197936061,1.0,0.999
2026-03-22T21:10:07.745-868789-724892,898,true,15.847215554244555,1,631.7712042393615,1.0,0.276
2026-03-22T21:10:07.745-868789-724892,346,true,0.2200113255182115,1,631.5511929138434,1.0,0.998
2026-03-22T21:10:07.745-868789-724892,155,false,1.4975272192511215,1,631.5511929138434,1.0,1.0
2026-03-22T21:10:07.745-868789-724892,888,true,4.761405303855957,1,626.7897876099873,1.0,0.0
2026-03-22T21:10:07.745-868789-724892,926,true,10.778714304346291,1,616.011073305641,1.0,0.5860000000000001
2026-03-22T21:10:07.745-868789-724892,511,true,0.31381232305028006,1,615.6972609825908,1.0,0.997
2026-03-22T21:10:07.745-868789-724892,622,true,1.465169605686409,1,614.2320913769045,1.0,0.997
2026-03-22T21:10:07.745-868789-724892,2,true,84.23203298753936,1,530.0000583893651,1.0,0.996
2026-03-22T21:10:07.745-868789-724892,123,true,2.9424785992801663,1,527.0575797900849,1.0,0.999
2026-03-22T21:10:07.745-868789-724892,4,true,1.8356805236485751,1,525.2218992664364,1.0,0.0
2026-03-22T21:10:07.745-868789-724892,716,true,4.485858936152885,1,520.7360403302835,1.0,0.30800000000000005
2026-03-22T21:10:07.745-868789-724892,578,false,0.12774819008853333,1,520.7360403302835,1.0,1.0
2026-03-22T21:10:07.745-868789-724892,531,true,115.12433045127094,1,405.61170987901255,1.0,0.998
2026-03-22T21:10:07.745-868789-724892,339,true,82.30937929560402,1,323.30233058340855,1.0,0.30000000000000004
2026-03-22T21:10:07.745-868789-724892,166,false,0.07748605610725097,1,323.30233058340855,1.0,1.0
2026-03-22T21:10:07.745-868789-724892,862,true,9.06974654340573,1,314.2325840400028,1.0,0.32599999999999996
2026-03-22T21:10:07.745-868789-724892,60,true,47.00859196406027,1,267.22399207594253,1.0,0.607
2026-03-22T21:10:07.745-868789-724892,117,true,4.327682108211988,1,262.89630996773053,1.0,0.29200000000000004
2026-03-22T21:10:07.745-868789-724892,582,true,18.128008551472124,1,244.7683014162584,1.0,0.476
2026-03-22T21:10:07.745-868789-724892,236,true,6.8493035973522325,1,237.91899781890618,1.0,0.32699999999999996
2026-03-22T21:10:07.745-868789-724892,604,true,3.330710313016857,1,234.58828750588933,1.0,0.0
2026-03-22T21:10:07.745-868789-724892,916,true,0.4860025129582401,1,234.1022849929311,1.0,0.30600000000000005
2026-03-22T21:10:07.745-868789-724892,722,true,58.83608631293779,1,175.2661986799933,1.0,0.29900000000000004
2026-03-22T21:10:07.745-868789-724892,671,true,39.04449734567156,1,136.22170133432172,1.0,0.0
2026-03-22T21:10:07.745-868789-724892,835,false,0.06776713274225031,1,136.22170133432172,1.0,1.0
2026-03-22T21:10:07.745-868789-724892,873,true,4.24511782847443,1,131.9765835058473,1.0,0.0
2026-03-22T21:10:07.745-868789-724892,323,true,1.7023223064081712,1,130.2742611994391,1.0,0.31699999999999995
2026-03-22T21:10:07.745-868789-724892,164,false,0.16893390934256894,1,130.2742611994391,1.0,1.0
2026-03-22T21:10:07.745-868789-724892,737,true,4.135779751541927,1,126.13848144789718,1.0,0.31799999999999995
2026-03-22T21:10:07.745-868789-724892,977,true,2.6103575976405957,1,123.52812385025658,1.0,0.28200000000000003
2026-03-22T21:10:07.745-868789-724892,851,false,0.03378143069333887,1,123.52812385025658,1.0,1.0
2026-03-22T21:10:07.745-868789-724892,955,true,3.5987908294908193,1,119.92933302076575,1.0,0.28700000000000003
2026-03-22T21:10:07.745-868789-724892,745,true,4.168877597130147,1,115.7604554236356,1.0,0.32599999999999996
2026-03-22T21:10:07.745-868789-724892,970,false,0.05155917711925669,1,115.7604554236356,1.0,1.0
2026-03-22T21:10:07.745-868789-724892,322,true,5.9489082592725815,1,109.81154716436302,1.0,0.0
2026-03-22T21:10:07.745-868789-724892,594,true,18.464304425936323,1,91.3472427384267,1.0,0.48
2026-03-22T21:10:07.745-868789-724892,975,false,0.19808971862249616,1,91.3472427384267,1.0,1.0
2026-03-22T21:10:07.745-868789-724892,923,false,0.08020150849682417,1,91.3472427384267,1.0,1.0
2026-03-22T21:10:07.745-868789-724892,197,true,1.798312416303756,1,89.54893032212294,1.0,0.999
2026-03-22T21:10:07.745-868789-724892,518,false,0.08804145780194761,1,89.54893032212294,1.0,1.0
2026-03-22T21:10:07.745-868789-724892,661,false,0.032820526732024596,1,89.54893032212294,1.0,1.0
2026-03-22T21:10:07.745-868789-724892,966,true,1.9891975046729007,1,87.55973281745004,1.0,0.31299999999999994
2026-03-22T21:10:07.745-868789-724892,507,true,1.0081516075729544,1,86.55158120987709,1.0,0.0
2026-03-22T21:10:07.745-868789-724892,517,false,0.0450209773449248,1,86.55158120987709,1.0,1.0
2026-03-22T21:10:07.745-868789-724892,367,true,0.5811042739147794,1,85.97047693596231,1.0,0.0
2026-03-22T21:10:07.745-868789-724892,715,true,8.362946488238407,1,77.6075304477239,1.0,0.0
2026-03-22T21:10:07.745-868789-724892,99,true,0.2626459158876699,1,77.34488453183623,1.0,0.0
2026-03-22T21:10:07.745-868789-724892,31,true,5.098245539814109,1,72.24663899202211,1.0,0.46199999999999997
2026-03-22T21:10:07.745-868789-724892,832,true,0.7200934058311014,1,71.526545586191,1.0,0.30900000000000005
2026-03-22T21:10:07.745-868789-724892,198,true,3.7990671352912986,1,67.72747845089971,1.0,0.31499999999999995
2026-03-22T21:10:07.745-868789-724892,929,true,3.7564924673239113,1,63.9709859835758,1.0,0.0
2026-03-22T21:10:07.745-868789-724892,29,true,10.96035177763129,1,53.01063420594451,1.0,0.0
2026-03-22T21:10:07.745-868789-724892,509,true,27.691181623979624,1,25.31945258196489,1.0,0.0
2026-03-22T21:10:07.745-868789-724892,264,true,3.619396320510187,1,21.7000562614547,1.0,0.0
2026-03-22T21:10:07.745-868789-724892,250,true,6.1969282427742485,1,15.503128018680453,1.0,0.0
2026-03-22T21:10:07.745-868789-724892,738,true,32.93301596437199,1,-17.429887945691537,1.0,0.0
2026-03-22T21:10:07.745-753714-223752,621,true,12.052818885335494,1,6254.136123816751,1.0,0.987
2026-03-22T21:10:07.745-753714-223752,970,true,4.659715721690922,1,6249.47640809506,1.0,0.996
2026-03-22T21:10:07.745-753714-223752,433,true,1.947815869899125,1,6247.5285922251605,1.0,0.988
2026-03-22T21:10:07.745-753714-223752,698,true,4.507117331052956,1,6243.021474894108,1.0,0.989
2026-03-22T21:10:07.745-753714-223752,838,true,4.058139252529096,1,6238.963335641579,1.0,0.991
2026-03-22T21:10:07.745-753714-223752,735,true,4.885905965815487,1,6234.077429675764,1.0,0.988
2026-03-22T21:10:07.745-753714-223752,171,false,0.20341483198496063,1,6234.077429675764,1.0,1.0
2026-03-22T21:10:07.745-753714-223752,890,true,8.84888231489271,1,6225.228547360871,1.0,0.992
2026-03-22T21:10:07.745-753714-223752,45,false,0.1574814012121954,1,6225.228547360871,1.0,1.0
2026-03-22T21:10:07.745-753714-223752,671,true,1.6761489958997826,1,6223.552398364971,1.0,0.989
2026-03-22T21:10:07.745-753714-223752,193,false,0.1579527697751223,1,6223.552398364971,1.0,1.0
2026-03-22T21:10:07.745-753714-223752,490,true,3.7460377301907335,1,6219.8063606347805,1.0,0.996
2026-03-22T21:10:07.745-753714-223752,457,true,2.559558329670519,1,6217.24680230511,1.0,0.994
2026-03-22T21:10:07.745-753714-223752,783,true,20.15540709681722,1,6197.091395208293,1.0,0.99
2026-03-22T21:10:07.745-753714-223752,737,true,0.5125169171671157,1,6196.578878291126,1.0,0.6619999999999999
2026-03-22T21:10:07.745-753714-223752,287,true,6.3742971773900585,1,6190.204581113736,1.0,0.991
2026-03-22T21:10:07.745-753714-223752,856,true,5.379379200020944,1,6184.825201913715,1.0,0.991
2026-03-22T21:10:07.745-753714-223752,87,true,2.0086332413865318,1,6182.816568672329,1.0,0.986
2026-03-22T21:10:07.745-753714-223752,542,true,0.2526887980915555,1,6182.5638798742375,1.0,0.988
2026-03-22T21:10:07.745-753714-223752,766,true,19.570459805351916,1,6162.993420068886,1.0,0.991
2026-03-22T21:10:07.745-753714-223752,261,true,5.519682631085082,1,6157.473737437801,1.0,0.652
2026-03-22T21:10:07.745-753714-223752,499,true,0.7427360451007078,1,6156.7310013927,1.0,0.992
2026-03-22T21:10:07.745-753714-223752,465,true,0.6206482323308838,1,6156.110353160369,1.0,0.992
2026-03-22T21:10:07.745-753714-223752,356,true,0.9216191260002105,1,6155.188734034369,1.0,0.984
2026-03-22T21:10:07.745-753714-223752,552,false,0.1896887333546263,1,6155.188734034369,1.0,1.0
2026-03-22T21:10:07.745-753714-223752,505,false,0.07458930139112385,1,6155.188734034369,1.0,1.0
2026-03-22T21:10:07.745-753714-223752,784,true,53.39900600377287,1,6101.789728030596,1.0,0.746
2026-03-22T21:10:07.745-753714-223752,640,true,5.947594259646966,1,6095.842133770949,1.0,0.994
2026-03-22T21:10:07.745-753714-223752,399,true,5.422964319973427,1,6090.4191694509755,1.0,0.989
2026-03-22T21:10:07.745-753714-223752,376,true,0.661311530008611,1,6089.757857920967,1.0,0.993
2026-03-22T21:10:07.745-753714-223752,608,true,1.577889165800814,1,6088.179968755166,1.0,0.984
2026-03-22T21:10:07.745-753714-223752,218,true,178.00816867737723,1,5910.171800077788,1.0,0.991
2026-03-22T21:10:07.745-753714-223752,879,true,1.6472265861463542,1,5908.524573491642,1.0,0.7
2026-03-22T21:10:07.745-753714-223752,88,true,3.2961105573427703,1,5905.2284629342985,1.0,0.7150000000000001
2026-03-22T21:10:07.745-753714-223752,405,true,6.028116274732639,1,5899.200346659566,1.0,0.992
2026-03-22T21:10:07.745-753714-223752,953,true,1.5840087756201298,1,5897.616337883946,1.0,0.994
2026-03-22T21:10:07.745-753714-223752,655,true,0.9968642569804956,1,5896.619473626965,1.0,0.6779999999999999
2026-03-22T21:10:07.745-753714-223752,56,true,18.339258759701433,1,5878.280214867264,1.0,0.992
2026-03-22T21:10:07.745-753714-223752,823,true,0.32573377192737474,1,5877.954481095337,1.0,0.988
2026-03-22T21:10:07.745-753714-223752,498,true,0.26072730025775104,1,5877.693753795079,1.0,0.6659999999999999
2026-03-22T21:10:07.745-753714-223752,518,true,5.382843434949959,1,5872.310910360129,1.0,0.986
2026-03-22T21:10:07.745-753714-223752,560,true,0.42803025460086036,1,5871.882880105528,1.0,0.99
2026-03-22T21:10:07.745-753714-223752,211,true,5623.878514254896,1,248.00436585063198,1.0,0.965
2026-03-22T21:10:07.745-753714-223752,296,true,0.2566826638213084,1,247.7476831868107,1.0,0.985
2026-03-22T21:10:07.745-753714-223752,387,true,1.5676724590699804,1,246.18001072774072,1.0,0.992
2026-03-22T21:10:07.745-753714-223752,93,true,1.5055563031710837,1,244.67445442456963,1.0,0.99
2026-03-22T21:10:07.745-753714-223752,816,true,101.74715030295324,1,142.92730412161637,1.0,0.989
2026-03-22T21:10:07.745-753714-223752,567,true,3.0131917338827767,1,139.9141123877336,1.0,0.985
2026-03-22T21:10:07.745-753714-223752,836,true,9.6512877113404,1,130.26282467639322,1.0,0.652
2026-03-22T21:10:07.745-753714-223752,769,false,0.060378934082946215,1,130.26282467639322,1.0,1.0
2026-03-22T21:10:07.745-753714-223752,17,false,0.1672796925896241,1,130.26282467639322,1.0,1.0
2026-03-22T21:10:07.745-753714-223752,732,true,2.7658874573070964,1,127.49693721908612,1.0,0.655
2026-03-22T21:10:07.745-753714-223752,69,true,0.3445147027825221,1,127.1524225163036,1.0,0.989
2026-03-22T21:10:07.745-753714-223752,598,true,5.9168891231796925,1,121.23553339312392,1.0,0.989
2026-03-22T21:10:07.745-753714-223752,855,true,0.27714945154087434,1,120.95838394158304,1.0,0.7
2026-03-22T21:10:07.745-753714-223752,454,false,0.2084657346231733,1,120.95838394158304,1.0,1.0
2026-03-22T21:10:07.745-753714-223752,409,true,6.463796834008042,1,114.494587107575,1.0,0.989
2026-03-22T21:10:07.745-753714-223752,337,true,2.4382214611229123,1,112.0563656464521,1.0,0.6839999999999999
2026-03-22T21:10:07.745-753714-223752,319,true,51.06874578877913,1,60.98761985767296,1.0,0.993
2026-03-22T21:10:07.745-753714-223752,844,true,0.30474302542876985,1,60.68287683224419,1.0,0.996
2026-03-22T21:10:07.745-753714-223752,18,true,5.335215681150476,1,55.34766115109372,1.0,0.995
2026-03-22T21:10:07.745-753714-223752,151,true,1.1813275074536258,1,54.166333643640094,1.0,0.985
2026-03-22T21:10:07.745-753714-223752,81,true,0.38061435838632485,1,53.78571928525377,1.0,0.987
2026-03-22T21:10:07.745-753714-223752,440,true,1.4409410822204523,1,52.344778203033314,1.0,0.987
2026-03-22T21:10:07.745-753714-223752,119,true,71.60276246231757,1,-19.257984259284257,1.0,0.6950000000000001
2026-03-22T21:10:07.745-705391-184723,644,false,3.5750863792980745,1,4055.4134056683265,1.0,1.0
2026-03-22T21:10:07.745-705391-184723,637,false,0.2824849253041125,1,4055.4134056683265,1.0,1.0
2026-03-22T21:10:07.745-705391-184723,548,false,0.08005758990988299,1,4055.4134056683265,1.0,1.0
2026-03-22T21:10:07.745-705391-184723,386,false,0.5041869497397752,1,4055.4134056683265,1.0,1.0
2026-03-22T21:10:07.745-705391-184723,740,false,0.5344293216757185,1,4055.4134056683265,1.0,1.0
2026-03-22T21:10:07.745-705391-184723,418,false,0.5309409741501743,1,4055.4134056683265,1.0,1.0
2026-03-22T21:10:07.745-705391-184723,561,false,2.4362303688056777,1,4055.4134056683265,1.0,1.0
2026-03-22T21:10:07.745-705391-184723,88,false,5.448731167044563,1,4055.4134056683265,1.0,1.0
2026-03-22T21:10:07.745-705391-184723,278,false,3.3058669967683323,1,4055.4134056683265,1.0,1.0
2026-03-22T21:10:07.745-705391-184723,8,false,14.541265641952771,1,4055.4134056683265,1.0,1.0
2026-03-22T21:10:07.745-705391-184723,341,false,3.0145183660915493,1,4055.4134056683265,1.0,1.0
2026-03-22T21:10:07.745-705391-184723,783,false,6.653529616136644,1,4055.4134056683265,1.0,1.0
2026-03-22T21:10:07.745-705391-184723,291,false,29.49733093406343,1,4055.4134056683265,1.0,1.0
2026-03-22T21:10:07.745-705391-184723,223,false,14.794652988947151,1,4055.4134056683265,1.0,1.0
2026-03-22T21:10:07.745-705391-184723,200,false,6.148558671940507,1,4055.4134056683265,1.0,1.0
2026-03-22T21:10:07.745-705391-184723,204,false,0.2684757607740775,1,4055.4134056683265,1.0,1.0
2026-03-22T21:10:07.745-705391-184723,231,false,0.12192278369656803,1,4055.4134056683265,1.0,1.0
2026-03-22T21:10:07.745-705391-184723,529,false,143.69206817981973,1,4055.4134056683265,1.0,1.0
2026-03-22T21:10:07.745-705391-184723,368,false,0.006424366577212016,1,4055.4134056683265,1.0,1.0
2026-03-22T21:10:07.745-705391-184723,110,false,0.330806743424727,1,4055.4134056683265,1.0,1.0
2026-03-22T21:10:07.745-705391-184723,375,false,0.24164805596109082,1,4055.4134056683265,1.0,1.0
2026-03-22T21:10:07.745-705391-184723,634,false,2.0603372291878745,1,4055.4134056683265,1.0,1.0
2026-03-22T21:10:07.745-705391-184723,575,false,1.1033160979637278,1,4055.4134056683265,1.0,1.0
2026-03-22T21:10:07.745-705391-184723,919,false,26.498538745627027,1,4055.4134056683265,1.0,1.0
2026-03-22T21:10:07.745-705391-184723,489,false,0.011265530765529627,1,4055.4134056683265,1.0,1.0
2026-03-22T21:10:07.745-705391-184723,91,false,4.687304173793552,1,4055.4134056683265,1.0,1.0
2026-03-22T21:10:07.745-705391-184723,722,true,0.4276085057855987,1,4054.985797162541,1.0,0.722
2026-03-22T21:10:07.745-705391-184723,559,false,1.3203501525575263,1,4054.985797162541,1.0,1.0
2026-03-22T21:10:07.745-705391-184723,861,false,7.850110638342334,1,4054.985797162541,1.0,1.0
2026-03-22T21:10:07.745-705391-184723,355,false,1.2002373347498796,1,4054.985797162541,1.0,1.0
2026-03-22T21:10:07.745-705391-184723,930,true,1.045767779584904,1,4053.9400293829563,1.0,0.864
2026-03-22T21:10:07.745-705391-184723,835,false,111.75796141058056,1,4053.9400293829563,1.0,1.0
2026-03-22T21:10:07.745-705391-184723,955,false,18.72641784371998,1,4053.9400293829563,1.0,1.0
2026-03-22T21:10:07.745-705391-184723,891,false,6.636122360533035,1,4053.9400293829563,1.0,1.0
2026-03-22T21:10:07.745-705391-184723,689,false,17.682292349923937,1,4053.9400293829563,1.0,1.0
2026-03-22T21:10:07.745-705391-184723,574,false,0.6367354613916949,1,4053.9400293829563,1.0,1.0
2026-03-22T21:10:07.745-705391-184723,797,false,0.46206685204525955,1,4053.9400293829563,1.0,1.0
2026-03-22T21:10:07.745-705391-184723,43,false,0.8698448689844943,1,4053.9400293829563,1.0,1.0
2026-03-22T21:10:07.745-705391-184723,293,false,0.42200143606189183,1,4053.9400293829563,1.0,1.0
2026-03-22T21:10:07.745-705391-184723,864,false,0.32418553911402415,1,4053.9400293829563,1.0,1.0
2026-03-22T21:10:07.745-705391-184723,571,false,65.82362662507163,1,4053.9400293829563,1.0,1.0
2026-03-22T21:10:07.745-705391-184723,257,false,3.1100828820579465,1,4053.9400293829563,1.0,1.0
2026-03-22T21:10:07.745-705391-184723,825,false,113.49500299220496,1,4053.9400293829563,1.0,1.0
2026-03-22T21:10:07.745-705391-184723,765,false,0.5987487283683178,1,4053.9400293829563,1.0,1.0
2026-03-22T21:10:07.745-705391-184723,13,false,692.2084317802942,1,4053.9400293829563,1.0,1.0
2026-03-22T21:10:07.745-705391-184723,785,false,11.260039734350967,1,4053.9400293829563,1.0,1.0
2026-03-22T21:10:07.745-705391-184723,390,false,60.33843311195316,1,4053.9400293829563,1.0,1.0
2026-03-22T21:10:07.745-705391-184723,324,true,0.35547431052501655,1,4053.584555072431,1.0,0.72
2026-03-22T21:10:07.745-705391-184723,36,false,16.620892956686433,1,4053.584555072431,1.0,1.0
2026-03-22T21:10:07.745-705391-184723,203,false,4.3751428470425,1,4053.584555072431,1.0,1.0
2026-03-22T21:10:07.745-705391-184723,1,false,1.3978993299621665,1,4053.584555072431,1.0,1.0
2026-03-22T21:10:07.745-705391-184723,557,false,1.6303469181756798,1,4053.584555072431,1.0,1.0
2026-03-22T21:10:07.745-705391-184723,866,false,0.24755038484687206,1,4053.584555072431,1.0,1.0
2026-03-22T21:10:07.745-705391-184723,781,false,46.592005853464,1,4053.584555072431,1.0,1.0
2026-03-22T21:10:07.745-705391-184723,34,false,5.194278231268618,1,4053.584555072431,1.0,1.0
2026-03-22T21:10:07.745-705391-184723,776,false,5.3252095319409465,1,4053.584555072431,1.0,1.0
2026-03-22T21:10:07.745-705391-184723,567,false,0.5577316860823651,1,4053.584555072431,1.0,1.0
2026-03-22T21:10:07.745-705391-184723,227,false,0.03211366590158662,1,4053.584555072431,1.0,1.0
2026-03-22T21:10:07.745-705391-184723,582,false,0.6689568352778574,1,4053.584555072431,1.0,1.0
2026-03-22T21:10:07.745-705391-184723,270,false,0.2898114030003131,1,4053.584555072431,1.0,1.0
2026-03-22T21:10:07.745-705391-184723,631,false,28.135006672496257,1,4053.584555072431,1.0,1.0
2026-03-22T21:10:07.745-705391-184723,647,false,9.137708891490915,1,4053.584555072431,1.0,1.0
2026-03-22T21:10:07.745-705391-184723,887,false,3.5501642588508604,1,4053.584555072431,1.0,1.0
2026-03-22T21:10:07.745-705391-184723,467,false,4.141502142475956,1,4053.584555072431,1.0,1.0
2026-03-22T21:10:07.745-705391-184723,262,false,19.309723574636372,1,4053.584555072431,1.0,1.0
2026-03-22T21:10:07.745-705391-184723,824,false,2.814339121053035,1,4053.584555072431,1.0,1.0
2026-03-22T21:10:07.745-705391-184723,2,false,4.929503358732801,1,4053.584555072431,1.0,1.0
2026-03-22T21:10:07.745-705391-184723,665,false,3.1933618843393714,1,4053.584555072431,1.0,1.0
2026-03-22T21:10:07.745-705391-184723,17,false,2.1526570724308782,1,4053.584555072431,1.0,1.0
2026-03-22T21:10:07.745-705391-184723,897,false,16.15133284645288,1,4053.584555072431,1.0,1.0
2026-03-22T21:10:07.745-705391-184723,82,false,0.298340145381416,1,4053.584555072431,1.0,1.0
2026-03-22T21:10:07.745-705391-184723,85,false,0.708638679337331,1,4053.584555072431,1.0,1.0
2026-03-22T21:10:07.745-705391-184723,138,false,3.236664082593318,1,4053.584555072431,1.0,1.0
2026-03-22T21:10:07.745-705391-184723,809,false,0.6501838074642188,1,4053.584555072431,1.0,1.0
2026-03-22T21:10:07.745-705391-184723,163,false,4.60258855405028,1,4053.584555072431,1.0,1.0
2026-03-22T21:10:07.745-705391-184723,279,false,0.18526072235217642,1,4053.584555072431,1.0,1.0
2026-03-22T21:10:07.745-705391-184723,638,false,2.6303305761076365,1,4053.584555072431,1.0,1.0
2026-03-22T21:10:07.745-705391-184723,804,false,71.49841527799906,1,4053.584555072431,1.0,1.0
2026-03-22T21:10:07.745-705391-184723,516,false,6.730911073452621,1,4053.584555072431,1.0,1.0
2026-03-22T21:10:07.745-705391-184723,953,false,1.1001109764859096,1,4053.584555072431,1.0,1.0
2026-03-22T21:10:07.745-705391-184723,892,false,50.624670525885286,1,4053.584555072431,1.0,1.0
2026-03-22T21:10:07.745-705391-184723,108,false,5.906853219771336,1,4053.584555072431,1.0,1.0
2026-03-22T21:10:07.745-705391-184723,652,false,42.872804421347695,1,4053.584555072431,1.0,1.0
2026-03-22T21:10:07.745-705391-184723,125,false,0.1790615442628847,1,4053.584555072431,1.0,1.0
2026-03-22T21:10:07.745-705391-184723,45,false,38.47361568059578,1,4053.584555072431,1.0,1.0
2026-03-22T21:10:07.745-705391-184723,669,false,14.217331758107363,1,4053.584555072431,1.0,1.0
2026-03-22T21:10:07.745-705391-184723,902,false,0.8550235382023549,1,4053.584555072431,1.0,1.0
2026-03-22T21:10:07.745-705391-184723,384,false,5.08467317085039,1,4053.584555072431,1.0,1.0
2026-03-22T21:10:07.745-705391-184723,674,false,16.44124337621498,1,4053.584555072431,1.0,1.0
2026-03-22T21:10:07.745-705391-184723,75,false,17.99772817391174,1,4053.584555072431,1.0,1.0
2026-03-22T21:10:07.745-705391-184723,778,false,284.7273320323958,1,4053.584555072431,1.0,1.0
2026-03-22T21:10:07.745-705391-184723,808,false,6.275885636469353,1,4053.584555072431,1.0,1.0
2026-03-22T21:10:07.745-705391-184723,212,false,0.5312440467708707,1,4053.584555072431,1.0,1.0
2026-03-22T21:10:07.745-705391-184723,606,false,10.642055664298422,1,4053.584555072431,1.0,1.0
2026-03-22T21:10:07.745-705391-184723,867,false,0.6958012497066478,1,4053.584555072431,1.0,1.0
2026-03-22T21:10:07.745-705391-184723,431,false,2.8026692052520756,1,4053.584555072431,1.0,1.0
2026-03-22T21:10:07.745-705391-184723,566,false,1.7576674906533232,1,4053.584555072431,1.0,1.0
2026-03-22T21:10:07.745-705391-184723,944,false,0.8618426128300188,1,4053.584555072431,1.0,1.0
2026-03-22T21:10:07.745-705391-184723,758,false,3.9236224760062313,1,4053.584555072431,1.0,1.0
2026-03-22T21:10:07.745-705391-184723,706,false,0.13542930680693874,1,4053.584555072431,1.0,1.0
2026-03-22T21:10:07.745-705391-184723,890,false,0.33303708334343596,1,4053.584555072431,1.0,1.0
2026-03-22T21:10:07.745-705391-184723,54,false,0.7703630639468677,1,4053.584555072431,1.0,1.0
2026-03-22T21:10:07.745-705391-184723,267,false,3.639532011257398,1,4053.584555072431,1.0,1.0
2026-03-22T21:10:07.745-705391-184723,806,false,4.802534303235588,1,4053.584555072431,1.0,1.0
2026-03-22T21:10:07.745-705391-184723,322,true,10.202953136642682,1,4043.3816019357887,1.0,0.73
2026-03-22T21:10:07.745-705391-184723,878,false,0.38618886459508694,1,4043.3816019357887,1.0,1.0
2026-03-22T21:10:07.745-705391-184723,542,false,0.7049888368341347,1,4043.3816019357887,1.0,1.0
2026-03-22T21:10:07.745-705391-184723,414,false,0.6494158637702558,1,4043.3816019357887,1.0,1.0
2026-03-22T21:10:07.745-705391-184723,801,false,10.927915139391262,1,4043.3816019357887,1.0,1.0
2026-03-22T21:10:07.745-705391-184723,915,false,31.791887634963707,1,4043.3816019357887,1.0,1.0
2026-03-22T21:10:07.745-705391-184723,141,false,0.2971233605834004,1,4043.3816019357887,1.0,1.0
2026-03-22T21:10:07.745-705391-184723,275,false,41.548547003477374,1,4043.3816019357887,1.0,1.0
2026-03-22T21:10:07.745-705391-184723,405,false,1.8321728963631208,1,4043.3816019357887,1.0,1.0
2026-03-22T21:10:07.745-705391-184723,916,false,4.897607324552943,1,4043.3816019357887,1.0,1.0
2026-03-22T21:10:07.745-705391-184723,600,true,1.16965876734914,1,4042.2119431684396,1.0,0.724
2026-03-22T21:10:07.745-705391-184723,113,false,0.9338496369385243,1,4042.2119431684396,1.0,1.0
2026-03-22T21:10:07.745-705391-184723,779,false,24.033646154706563,1,4042.2119431684396,1.0,1.0
2026-03-22T21:10:07.745-705391-184723,651,false,140.3452938812975,1,4042.2119431684396,1.0,1.0
2026-03-22T21:10:07.745-705391-184723,362,true,32.015273755784186,1,4010.1966694126554,1.0,0.714
2026-03-22T21:10:07.745-705391-184723,523,false,1.8624626272046443,1,4010.1966694126554,1.0,1.0
2026-03-22T21:10:07.745-705391-184723,135,false,0.32390122685375367,1,4010.1966694126554,1.0,1.0
2026-03-22T21:10:07.745-705391-184723,683,false,2.0619587589393937,1,4010.1966694126554,1.0,1.0
2026-03-22T21:10:07.745-705391-184723,177,false,1.2994050640278312,1,4010.1966694126554,1.0,1.0
2026-03-22T21:10:07.745-705391-184723,772,false,15.751052339899164,1,4010.1966694126554,1.0,1.0
2026-03-22T21:10:07.745-705391-184723,628,false,145.83362233944314,1,4010.1966694126554,1.0,1.0
2026-03-22T21:10:07.745-705391-184723,812,false,38.66080430465538,1,4010.1966694126554,1.0,1.0
2026-03-22T21:10:07.745-705391-184723,748,false,1.315039580521356,1,4010.1966694126554,1.0,1.0
2026-03-22T21:10:07.745-705391-184723,280,false,1.5990784061136802,1,4010.1966694126554,1.0,1.0
2026-03-22T21:10:07.745-705391-184723,554,false,109.63956010049343,1,4010.1966694126554,1.0,1.0
2026-03-22T21:10:07.745-705391-184723,389,false,127.23314061585369,1,4010.1966694126554,1.0,1.0
2026-03-22T21:10:07.745-705391-184723,354,false,0.0870060957948659,1,4010.1966694126554,1.0,1.0
2026-03-22T21:10:07.745-705391-184723,875,false,0.9698057568565885,1,4010.1966694126554,1.0,1.0
2026-03-22T21:10:07.745-705391-184723,338,false,49.02540082535722,1,4010.1966694126554,1.0,1.0
2026-03-22T21:10:07.745-705391-184723,295,false,0.2531116784691171,1,4010.1966694126554,1.0,1.0
2026-03-22T21:10:07.745-705391-184723,176,false,7.549436655045313,1,4010.1966694126554,1.0,1.0
2026-03-22T21:10:07.745-705391-184723,282,false,1.352033513030362,1,4010.1966694126554,1.0,1.0
2026-03-22T21:10:07.745-705391-184723,545,false,50.88935330654989,1,4010.1966694126554,1.0,1.0
2026-03-22T21:10:07.745-705391-184723,344,false,0.6494037991583756,1,4010.1966694126554,1.0,1.0
2026-03-22T21:10:07.745-705391-184723,552,false,0.8259498496000761,1,4010.1966694126554,1.0,1.0
2026-03-22T21:10:07.745-705391-184723,44,false,21.266444410910804,1,4010.1966694126554,1.0,1.0
2026-03-22T21:10:07.745-705391-184723,399,false,3.457405009172285,1,4010.1966694126554,1.0,1.0
2026-03-22T21:10:07.745-705391-184723,129,false,1.8674382067106896,1,4010.1966694126554,1.0,1.0
2026-03-22T21:10:07.745-705391-184723,105,false,24.02858970637838,1,4010.1966694126554,1.0,1.0
2026-03-22T21:10:07.745-705391-184723,530,false,11.763503156333543,1,4010.1966694126554,1.0,1.0
2026-03-22T21:10:07.745-705391-184723,604,false,0.07375511802427435,1,4010.1966694126554,1.0,1.0
2026-03-22T21:10:07.745-705391-184723,30,false,11.727948654106642,1,4010.1966694126554,1.0,1.0
2026-03-22T21:10:07.745-705391-184723,306,false,0.5762835157218456,1,4010.1966694126554,1.0,1.0
2026-03-22T21:10:07.745-705391-184723,519,false,0.025995074236575558,1,4010.1966694126554,1.0,1.0
2026-03-22T21:10:07.745-705391-184723,613,false,0.4187054237347065,1,4010.1966694126554,1.0,1.0
2026-03-22T21:10:07.745-705391-184723,119,false,2.2933242457883707,1,4010.1966694126554,1.0,1.0
2026-03-22T21:10:07.745-705391-184723,549,false,77.96851820113586,1,4010.1966694126554,1.0,1.0
2026-03-22T21:10:07.745-705391-184723,171,false,0.4560419406911837,1,4010.1966694126554,1.0,1.0
2026-03-22T21:10:07.745-705391-184723,505,false,0.3428680340133247,1,4010.1966694126554,1.0,1.0
2026-03-22T21:10:07.745-705391-184723,361,true,7.328913931662084,1,4002.8677554809933,1.0,0.02300000000000002
2026-03-22T21:10:07.745-705391-184723,478,true,1.303900991699101,1,4001.563854489294,1.0,0.702
2026-03-22T21:10:07.745-705391-184723,87,false,1.0719090400109568,1,4001.563854489294,1.0,1.0
2026-03-22T21:10:07.745-705391-184723,27,false,0.3155600544546705,1,4001.563854489294,1.0,1.0
2026-03-22T21:10:07.745-705391-184723,127,false,2.6941332384765104,1,4001.563854489294,1.0,1.0
2026-03-22T21:10:07.745-705391-184723,977,false,13.479539782662437,1,4001.563854489294,1.0,1.0
2026-03-22T21:10:07.745-705391-184723,162,false,1.7833729264413738,1,4001.563854489294,1.0,1.0
2026-03-22T21:10:07.745-705391-184723,150,false,2.8192058184040603,1,4001.563854489294,1.0,1.0
2026-03-22T21:10:07.745-705391-184723,288,false,1.3464874940621556,1,4001.563854489294,1.0,1.0
2026-03-22T21:10:07.745-705391-184723,430,false,13.286296179875958,1,4001.563854489294,1.0,1.0
2026-03-22T21:10:07.745-705391-184723,331,false,0.20708443366499946,1,4001.563854489294,1.0,1.0
2026-03-22T21:10:07.745-705391-184723,855,false,8.255640940477324,1,4001.563854489294,1.0,1.0
2026-03-22T21:10:07.745-705391-184723,47,false,75.48135102307697,1,4001.563854489294,1.0,1.0
2026-03-22T21:10:07.745-705391-184723,458,false,8.003880760172933,1,4001.563854489294,1.0,1.0
2026-03-22T21:10:07.745-705391-184723,416,false,0.5424647101330629,1,4001.563854489294,1.0,1.0
2026-03-22T21:10:07.745-705391-184723,396,false,102.60196841149454,1,4001.563854489294,1.0,1.0
2026-03-22T21:10:07.745-705391-184723,321,true,77.82891836054681,1,3923.7349361287474,1.0,0.0
2026-03-22T21:10:07.745-705391-184723,535,false,3.73421247676535,1,3923.7349361287474,1.0,1.0
2026-03-22T21:10:07.745-705391-184723,445,false,0.10025807810066724,1,3923.7349361287474,1.0,1.0
2026-03-22T21:10:07.745-705391-184723,336,false,0.808845693281614,1,3923.7349361287474,1.0,1.0
2026-03-22T21:10:07.745-705391-184723,460,false,2.4553073831541,1,3923.7349361287474,1.0,1.0
2026-03-22T21:10:07.745-705391-184723,648,false,89.55305032658376,1,3923.7349361287474,1.0,1.0
2026-03-22T21:10:07.745-705391-184723,334,false,0.10910484515440032,1,3923.7349361287474,1.0,1.0
2026-03-22T21:10:07.745-705391-184723,172,false,1.7501529010328933,1,3923.7349361287474,1.0,1.0
2026-03-22T21:10:07.745-705391-184723,823,false,0.5538270127985354,1,3923.7349361287474,1.0,1.0
2026-03-22T21:10:07.745-705391-184723,562,false,1.028040907256136,1,3923.7349361287474,1.0,1.0
2026-03-22T21:10:07.745-705391-184723,792,false,7.445796750017285,1,3923.7349361287474,1.0,1.0
2026-03-22T21:10:07.745-705391-184723,903,false,3.1867495351261153,1,3923.7349361287474,1.0,1.0
2026-03-22T21:10:07.745-705391-184723,629,false,4.6189916118201415,1,3923.7349361287474,1.0,1.0
2026-03-22T21:10:07.745-705391-184723,115,false,2.1167816187586097,1,3923.7349361287474,1.0,1.0
2026-03-22T21:10:07.745-705391-184723,488,false,0.014801557030331295,1,3923.7349361287474,1.0,1.0
2026-03-22T21:10:07.745-705391-184723,921,false,1.4146971894389968,1,3923.7349361287474,1.0,1.0
2026-03-22T21:10:07.745-705391-184723,623,false,0.14157489487235572,1,3923.7349361287474,1.0,1.0
2026-03-22T21:10:07.745-705391-184723,408,false,0.8874417940964936,1,3923.7349361287474,1.0,1.0
2026-03-22T21:10:07.745-705391-184723,198,false,18.171937821700876,1,3923.7349361287474,1.0,1.0
2026-03-22T21:10:07.745-705391-184723,455,false,0.9686545147841239,1,3923.7349361287474,1.0,1.0
2026-03-22T21:10:07.745-705391-184723,612,false,2.2819867956964317,1,3923.7349361287474,1.0,1.0
2026-03-22T21:10:07.745-705391-184723,616,false,12.138612477148799,1,3923.7349361287474,1.0,1.0
2026-03-22T21:10:07.745-705391-184723,342,false,0.6202467495073115,1,3923.7349361287474,1.0,1.0
2026-03-22T21:10:07.745-705391-184723,28,false,0.06684698676473981,1,3923.7349361287474,1.0,1.0
2026-03-22T21:10:07.745-705391-184723,957,false,0.6142416188022196,1,3923.7349361287474,1.0,1.0
2026-03-22T21:10:07.745-705391-184723,546,false,2.4991772282140348,1,3923.7349361287474,1.0,1.0
2026-03-22T21:10:07.745-705391-184723,410,false,5.900503931165975,1,3923.7349361287474,1.0,1.0
2026-03-22T21:10:07.745-705391-184723,240,false,0.527329924670112,1,3923.7349361287474,1.0,1.0
2026-03-22T21:10:07.745-705391-184723,377,false,4.58457273719442,1,3923.7349361287474,1.0,1.0
2026-03-22T21:10:07.745-705391-184723,264,false,13.608960053806062,1,3923.7349361287474,1.0,1.0
2026-03-22T21:10:07.745-705391-184723,411,false,41.20129910375564,1,3923.7349361287474,1.0,1.0
2026-03-22T21:10:07.745-705391-184723,48,false,34.87029790447723,1,3923.7349361287474,1.0,1.0
2026-03-22T21:10:07.745-705391-184723,852,false,281.4877486803875,1,3923.7349361287474,1.0,1.0
2026-03-22T21:10:07.745-705391-184723,936,false,0.3029364839926084,1,3923.7349361287474,1.0,1.0
2026-03-22T21:10:07.745-705391-184723,697,false,2.709862345215616,1,3923.7349361287474,1.0,1.0
2026-03-22T21:10:07.745-705391-184723,84,false,12.67755175768424,1,3923.7349361287474,1.0,1.0
2026-03-22T21:10:07.745-705391-184723,974,false,2.3838322435756942,1,3923.7349361287474,1.0,1.0
2026-03-22T21:10:07.745-705391-184723,273,false,19.588930414889916,1,3923.7349361287474,1.0,1.0
2026-03-22T21:10:07.745-705391-184723,943,false,224.5394395769499,1,3923.7349361287474,1.0,1.0
2026-03-22T21:10:07.745-705391-184723,934,false,0.007096822000976472,1,3923.7349361287474,1.0,1.0
2026-03-22T21:10:07.745-705391-184723,742,false,7.124182095685166,1,3923.7349361287474,1.0,1.0
2026-03-22T21:10:07.745-705391-184723,427,false,1.5853325498267585,1,3923.7349361287474,1.0,1.0
2026-03-22T21:10:07.745-705391-184723,531,false,3.901589204458293,1,3923.7349361287474,1.0,1.0
2026-03-22T21:10:07.745-705391-184723,594,false,0.07896096825631362,1,3923.7349361287474,1.0,1.0
2026-03-22T21:10:07.745-705391-184723,178,false,0.9336481761435554,1,3923.7349361287474,1.0,1.0
2026-03-22T21:10:07.745-705391-184723,884,false,0.6971444917764155,1,3923.7349361287474,1.0,1.0
2026-03-22T21:10:07.745-705391-184723,5,false,13.249334300001705,1,3923.7349361287474,1.0,1.0
2026-03-22T21:10:07.745-705391-184723,485,false,1.2783922303249202,1,3923.7349361287474,1.0,1.0
2026-03-22T21:10:07.745-705391-184723,688,false,0.12059079638521643,1,3923.7349361287474,1.0,1.0
2026-03-22T21:10:07.745-705391-184723,843,false,16.00450476530031,1,3923.7349361287474,1.0,1.0
2026-03-22T21:10:07.745-705391-184723,525,false,0.4170670102963931,1,3923.7349361287474,1.0,1.0
2026-03-22T21:10:07.745-705391-184723,156,false,0.2595098045520182,1,3923.7349361287474,1.0,1.0
2026-03-22T21:10:07.745-705391-184723,146,true,0.4895034829540222,1,3923.2454326457932,1.0,0.888
2026-03-22T21:10:07.745-705391-184723,798,false,3.62356904311635,1,3923.2454326457932,1.0,1.0
2026-03-22T21:10:07.745-705391-184723,436,false,3.655807324511779,1,3923.2454326457932,1.0,1.0
2026-03-22T21:10:07.745-705391-184723,493,false,16.32710163038801,1,3923.2454326457932,1.0,1.0
2026-03-22T21:10:07.745-705391-184723,959,false,2.924618204325779,1,3923.2454326457932,1.0,1.0
2026-03-22T21:10:07.745-705391-184723,209,false,2.9444584686299535,1,3923.2454326457932,1.0,1.0
2026-03-22T21:10:07.745-705391-184723,701,false,0.31714176337291083,1,3923.2454326457932,1.0,1.0
2026-03-22T21:10:07.745-705391-184723,435,false,1.0417808327621183,1,3923.2454326457932,1.0,1.0
2026-03-22T21:10:07.745-705391-184723,700,false,54.60795151752243,1,3923.2454326457932,1.0,1.0
2026-03-22T21:10:07.745-705391-184723,226,false,0.2898548045410527,1,3923.2454326457932,1.0,1.0
2026-03-22T21:10:07.745-705391-184723,830,false,0.07993994733999629,1,3923.2454326457932,1.0,1.0
2026-03-22T21:10:07.745-705391-184723,32,false,1.188083941278349,1,3923.2454326457932,1.0,1.0
2026-03-22T21:10:07.745-705391-184723,481,true,0.3594958920403815,1,3922.885936753753,1.0,0.0
2026-03-22T21:10:07.745-705391-184723,731,false,1.1137209806628716,1,3922.885936753753,1.0,1.0
2026-03-22T21:10:07.745-705391-184723,500,false,0.747688293320291,1,3922.885936753753,1.0,1.0
2026-03-22T21:10:07.745-705391-184723,946,false,0.48181432992205775,1,3922.885936753753,1.0,1.0
2026-03-22T21:10:07.745-705391-184723,255,false,6.91960907583798,1,3922.885936753753,1.0,1.0
2026-03-22T21:10:07.745-705391-184723,649,false,23.48602079670801,1,3922.885936753753,1.0,1.0
2026-03-22T21:10:07.745-705391-184723,912,false,1.1319372857392265,1,3922.885936753753,1.0,1.0
2026-03-22T21:10:07.745-705391-184723,793,false,4.043067272197129,1,3922.885936753753,1.0,1.0
2026-03-22T21:10:07.745-705391-184723,565,false,0.4492322018391292,1,3922.885936753753,1.0,1.0
2026-03-22T21:10:07.745-705391-184723,580,false,0.6216487695721509,1,3922.885936753753,1.0,1.0
2026-03-22T21:10:07.745-705391-184723,469,false,0.1383380775879653,1,3922.885936753753,1.0,1.0
2026-03-22T21:10:07.745-705391-184723,939,false,0.5382403764566931,1,3922.885936753753,1.0,1.0
2026-03-22T21:10:07.745-705391-184723,142,false,7.534283353306548,1,3922.885936753753,1.0,1.0
2026-03-22T21:10:07.745-705391-184723,994,false,9.420214557680847,1,3922.885936753753,1.0,1.0
2026-03-22T21:10:07.745-705391-184723,832,false,21.01603879678058,1,3922.885936753753,1.0,1.0
2026-03-22T21:10:07.745-705391-184723,106,false,15.531758371419942,1,3922.885936753753,1.0,1.0
2026-03-22T21:10:07.745-705391-184723,107,false,9.547297215688893,1,3922.885936753753,1.0,1.0
2026-03-22T21:10:07.745-705391-184723,708,false,1.4262145443993355,1,3922.885936753753,1.0,1.0
2026-03-22T21:10:07.745-705391-184723,572,false,2.9323128231377353,1,3922.885936753753,1.0,1.0
2026-03-22T21:10:07.745-705391-184723,829,false,8.844427921433748,1,3922.885936753753,1.0,1.0
2026-03-22T21:10:07.745-705391-184723,513,false,0.2819754383086005,1,3922.885936753753,1.0,1.0
2026-03-22T21:10:07.745-705391-184723,228,false,2.6955399987022393,1,3922.885936753753,1.0,1.0
2026-03-22T21:10:07.745-705391-184723,983,false,0.25346212988914496,1,3922.885936753753,1.0,1.0
2026-03-22T21:10:07.745-705391-184723,539,false,10.32152490600892,1,3922.885936753753,1.0,1.0
2026-03-22T21:10:07.745-705391-184723,872,false,0.31865268533278124,1,3922.885936753753,1.0,1.0
2026-03-22T21:10:07.745-705391-184723,553,false,363.9031022723775,1,3922.885936753753,1.0,1.0
2026-03-22T21:10:07.745-705391-184723,668,false,3.3210121096341036,1,3922.885936753753,1.0,1.0
2026-03-22T21:10:07.745-705391-184723,379,false,5.30999137777233,1,3922.885936753753,1.0,1.0
2026-03-22T21:10:07.745-705391-184723,510,false,4.449930537085176,1,3922.885936753753,1.0,1.0
2026-03-22T21:10:07.745-705391-184723,728,false,0.7943245770572168,1,3922.885936753753,1.0,1.0
2026-03-22T21:10:07.745-705391-184723,681,false,2.715494588732909,1,3922.885936753753,1.0,1.0
2026-03-22T21:10:07.745-705391-184723,786,false,27.257283841482085,1,3922.885936753753,1.0,1.0
2026-03-22T21:10:07.745-705391-184723,958,false,1.5089648299279248,1,3922.885936753753,1.0,1.0
2026-03-22T21:10:07.745-705391-184723,769,false,0.41693729046719424,1,3922.885936753753,1.0,1.0
2026-03-22T21:10:07.745-705391-184723,622,false,0.1575760767817084,1,3922.885936753753,1.0,1.0
2026-03-22T21:10:07.745-705391-184723,533,false,1.1752416574976359,1,3922.885936753753,1.0,1.0
2026-03-22T21:10:07.745-705391-184723,614,false,79.84871193720429,1,3922.885936753753,1.0,1.0
2026-03-22T21:10:07.745-705391-184723,924,true,19.729885475883602,1,3903.156051277869,1.0,0.849
2026-03-22T21:10:07.745-705391-184723,116,false,411.5006961473316,1,3903.156051277869,1.0,1.0
2026-03-22T21:10:07.745-705391-184723,239,false,0.5944433695756158,1,3903.156051277869,1.0,1.0
2026-03-22T21:10:07.745-705391-184723,853,false,15.36798738820812,1,3903.156051277869,1.0,1.0
2026-03-22T21:10:07.745-705391-184723,70,true,4.787017607196713,1,3898.3690336706727,1.0,0.889
2026-03-22T21:10:07.745-705391-184723,456,false,4.637946039326263,1,3898.3690336706727,1.0,1.0
2026-03-22T21:10:07.745-705391-184723,274,false,28.34782510249173,1,3898.3690336706727,1.0,1.0
2026-03-22T21:10:07.745-705391-184723,454,false,31.0586844735249,1,3898.3690336706727,1.0,1.0
2026-03-22T21:10:07.745-705391-184723,592,false,11.494725561222218,1,3898.3690336706727,1.0,1.0
2026-03-22T21:10:07.745-705391-184723,66,false,2.1128981836384,1,3898.3690336706727,1.0,1.0
2026-03-22T21:10:07.745-705391-184723,971,false,1.0963477848874958,1,3898.3690336706727,1.0,1.0
2026-03-22T21:10:07.745-705391-184723,18,false,0.24829536855209114,1,3898.3690336706727,1.0,1.0
2026-03-22T21:10:07.745-705391-184723,404,false,1.0466572750208147,1,3898.3690336706727,1.0,1.0
2026-03-22T21:10:07.745-705391-184723,184,false,0.9026664202446166,1,3898.3690336706727,1.0,1.0
2026-03-22T21:10:07.745-705391-184723,210,false,168.90444094150618,1,3898.3690336706727,1.0,1.0
2026-03-22T21:10:07.745-705391-184723,118,false,471.9017799293622,1,3898.3690336706727,1.0,1.0
2026-03-22T21:10:07.745-705391-184723,23,false,1.674780287921748,1,3898.3690336706727,1.0,1.0
2026-03-22T21:10:07.745-705391-184723,290,false,0.3447827267562331,1,3898.3690336706727,1.0,1.0
2026-03-22T21:10:07.745-705391-184723,733,false,1.436253628161437,1,3898.3690336706727,1.0,1.0
2026-03-22T21:10:07.745-705391-184723,920,false,0.09209507866432091,1,3898.3690336706727,1.0,1.0
2026-03-22T21:10:07.745-705391-184723,10,false,3.523976082622552,1,3898.3690336706727,1.0,1.0
2026-03-22T21:10:07.745-705391-184723,929,true,0.34410127419331776,1,3898.0249323964795,1.0,0.0
2026-03-22T21:10:07.745-705391-184723,894,false,0.7882880832752737,1,3898.0249323964795,1.0,1.0
2026-03-22T21:10:07.745-705391-184723,760,false,90.80677145987259,1,3898.0249323964795,1.0,1.0
2026-03-22T21:10:07.745-705391-184723,989,false,0.1260853915943898,1,3898.0249323964795,1.0,1.0
2026-03-22T21:10:07.745-705391-184723,272,false,0.3689128905940395,1,3898.0249323964795,1.0,1.0
2026-03-22T21:10:07.745-705391-184723,828,false,0.26403062674986444,1,3898.0249323964795,1.0,1.0
2026-03-22T21:10:07.745-705391-184723,328,true,1.350581687489538,1,3896.67435070899,1.0,0.706
2026-03-22T21:10:07.745-705391-184723,166,false,1.069076404543371,1,3896.67435070899,1.0,1.0
2026-03-22T21:10:07.745-705391-184723,952,false,4.312026994102476,1,3896.67435070899,1.0,1.0
2026-03-22T21:10:07.745-705391-184723,479,true,3.420013623612523,1,3893.2543370853773,1.0,0.0
2026-03-22T21:10:07.745-705391-184723,126,false,2.761907801871941,1,3893.2543370853773,1.0,1.0
2026-03-22T21:10:07.745-705391-184723,58,false,2.4121201769168326,1,3893.2543370853773,1.0,1.0
2026-03-22T21:10:07.745-705391-184723,462,false,4.5768851432343745,1,3893.2543370853773,1.0,1.0
2026-03-22T21:10:07.745-705391-184723,261,false,203.8397960736547,1,3893.2543370853773,1.0,1.0
2026-03-22T21:10:07.745-705391-184723,537,false,31.106940061892384,1,3893.2543370853773,1.0,1.0
2026-03-22T21:10:07.745-705391-184723,247,false,2.434005694498513,1,3893.2543370853773,1.0,1.0
2026-03-22T21:10:07.745-705391-184723,996,false,12.755798902525141,1,3893.2543370853773,1.0,1.0
2026-03-22T21:10:07.745-705391-184723,630,false,19.19266400727405,1,3893.2543370853773,1.0,1.0
2026-03-22T21:10:07.745-705391-184723,154,false,0.5847080120060795,1,3893.2543370853773,1.0,1.0
2026-03-22T21:10:07.745-705391-184723,734,false,0.09293795512803324,1,3893.2543370853773,1.0,1.0
2026-03-22T21:10:07.745-705391-184723,842,false,1.3701346151803964,1,3893.2543370853773,1.0,1.0
2026-03-22T21:10:07.745-705391-184723,948,false,3.393961741592155,1,3893.2543370853773,1.0,1.0
2026-03-22T21:10:07.745-705391-184723,319,true,3.6636899049077454,1,3889.5906471804697,1.0,0.0010000000000000009
2026-03-22T21:10:07.745-705391-184723,159,false,2.6210350632590202,1,3889.5906471804697,1.0,1.0
2026-03-22T21:10:07.745-705391-184723,693,false,1.6077857168207828,1,3889.5906471804697,1.0,1.0
2026-03-22T21:10:07.745-705391-184723,11,false,2.126166649408002,1,3889.5906471804697,1.0,1.0
2026-03-22T21:10:07.745-705391-184723,882,false,39.82509748033517,1,3889.5906471804697,1.0,1.0
2026-03-22T21:10:07.745-705391-184723,869,false,21.47724613620119,1,3889.5906471804697,1.0,1.0
2026-03-22T21:10:07.745-705391-184723,407,false,2.925776136414453,1,3889.5906471804697,1.0,1.0
2026-03-22T21:10:07.745-705391-184723,620,false,21.167221537717264,1,3889.5906471804697,1.0,1.0
2026-03-22T21:10:07.745-705391-184723,420,false,0.15083740733717882,1,3889.5906471804697,1.0,1.0
2026-03-22T21:10:07.745-705391-184723,975,false,0.22843466922010006,1,3889.5906471804697,1.0,1.0
2026-03-22T21:10:07.745-705391-184723,441,false,0.7790468018432034,1,3889.5906471804697,1.0,1.0
2026-03-22T21:10:07.745-705391-184723,641,false,32.38376917191951,1,3889.5906471804697,1.0,1.0
2026-03-22T21:10:07.745-705391-184723,584,false,3.839632660076494,1,3889.5906471804697,1.0,1.0
2026-03-22T21:10:07.745-705391-184723,979,false,6.422436581110646,1,3889.5906471804697,1.0,1.0
2026-03-22T21:10:07.745-705391-184723,856,false,0.07479375386432871,1,3889.5906471804697,1.0,1.0
2026-03-22T21:10:07.745-705391-184723,53,false,79.75035099660434,1,3889.5906471804697,1.0,1.0
2026-03-22T21:10:07.745-705391-184723,522,false,13.858078665621129,1,3889.5906471804697,1.0,1.0
2026-03-22T21:10:07.745-705391-184723,41,false,8.5102974805684,1,3889.5906471804697,1.0,1.0
2026-03-22T21:10:07.745-705391-184723,121,false,10.227359505887879,1,3889.5906471804697,1.0,1.0
2026-03-22T21:10:07.745-705391-184723,164,false,0.5171648777964695,1,3889.5906471804697,1.0,1.0
2026-03-22T21:10:07.745-705391-184723,4,false,3.435811222352665,1,3889.5906471804697,1.0,1.0
2026-03-22T21:10:07.745-705391-184723,659,false,3.276584504753522,1,3889.5906471804697,1.0,1.0
2026-03-22T21:10:07.745-705391-184723,211,false,0.621961997381977,1,3889.5906471804697,1.0,1.0
2026-03-22T21:10:07.745-705391-184723,57,false,2.045538524482918,1,3889.5906471804697,1.0,1.0
2026-03-22T21:10:07.745-705391-184723,556,false,2.9834533595038124,1,3889.5906471804697,1.0,1.0
2026-03-22T21:10:07.745-705391-184723,632,false,0.29698368226545074,1,3889.5906471804697,1.0,1.0
2026-03-22T21:10:07.745-705391-184723,803,false,2.0893216216558934,1,3889.5906471804697,1.0,1.0
2026-03-22T21:10:07.745-705391-184723,607,false,1.0404020893954191,1,3889.5906471804697,1.0,1.0
2026-03-22T21:10:07.745-705391-184723,933,true,11.460617729981312,1,3878.1300294504886,1.0,0.721
2026-03-22T21:10:07.745-705391-184723,657,false,0.08765577252369557,1,3878.1300294504886,1.0,1.0
2026-03-22T21:10:07.745-705391-184723,385,false,3.2027893987886653,1,3878.1300294504886,1.0,1.0
2026-03-22T21:10:07.745-705391-184723,363,true,6.787843129745291,1,3871.342186320743,1.0,0.0
2026-03-22T21:10:07.745-705391-184723,90,false,184.1377391840587,1,3871.342186320743,1.0,1.0
2026-03-22T21:10:07.745-705391-184723,111,false,16.127333724619625,1,3871.342186320743,1.0,1.0
2026-03-22T21:10:07.745-705391-184723,357,false,85.28049973367109,1,3871.342186320743,1.0,1.0
2026-03-22T21:10:07.745-705391-184723,276,false,0.781325525687858,1,3871.342186320743,1.0,1.0
2026-03-22T21:10:07.745-705391-184723,452,false,1.2318222398012013,1,3871.342186320743,1.0,1.0
2026-03-22T21:10:07.745-705391-184723,308,false,8.871333663753033,1,3871.342186320743,1.0,1.0
2026-03-22T21:10:07.745-705391-184723,298,false,56.44318263337562,1,3871.342186320743,1.0,1.0
2026-03-22T21:10:07.745-705391-184723,626,false,26.493913200383716,1,3871.342186320743,1.0,1.0
2026-03-22T21:10:07.745-705391-184723,205,false,0.35908318543511586,1,3871.342186320743,1.0,1.0
2026-03-22T21:10:07.745-705391-184723,378,false,3.9873656031603377,1,3871.342186320743,1.0,1.0
2026-03-22T21:10:07.745-705391-184723,768,false,0.05121282886818905,1,3871.342186320743,1.0,1.0
2026-03-22T21:10:07.745-705391-184723,581,false,23.240430275562268,1,3871.342186320743,1.0,1.0
2026-03-22T21:10:07.745-705391-184723,102,false,3.517447393317081,1,3871.342186320743,1.0,1.0
2026-03-22T21:10:07.745-705391-184723,153,false,0.8649166394318472,1,3871.342186320743,1.0,1.0
2026-03-22T21:10:07.745-705391-184723,287,false,20.145018424045006,1,3871.342186320743,1.0,1.0
2026-03-22T21:10:07.745-705391-184723,446,false,9.67957980576936,1,3871.342186320743,1.0,1.0
2026-03-22T21:10:07.745-705391-184723,253,false,2.4707874685426034,1,3871.342186320743,1.0,1.0
2026-03-22T21:10:07.745-705391-184723,230,false,6.766813575508707,1,3871.342186320743,1.0,1.0
2026-03-22T21:10:07.745-705391-184723,642,false,4.048909388561331,1,3871.342186320743,1.0,1.0
2026-03-22T21:10:07.745-705391-184723,741,false,4.742941873981703,1,3871.342186320743,1.0,1.0
2026-03-22T21:10:07.745-705391-184723,93,false,8.481740244205344,1,3871.342186320743,1.0,1.0
2026-03-22T21:10:07.745-705391-184723,33,false,6.326697165219337,1,3871.342186320743,1.0,1.0
2026-03-22T21:10:07.745-705391-184723,627,false,271.39250505235685,1,3871.342186320743,1.0,1.0
2026-03-22T21:10:07.745-705391-184723,249,false,0.07938138277058072,1,3871.342186320743,1.0,1.0
2026-03-22T21:10:07.745-705391-184723,439,false,2.346866506888885,1,3871.342186320743,1.0,1.0
2026-03-22T21:10:07.745-705391-184723,429,false,20.634529342364594,1,3871.342186320743,1.0,1.0
2026-03-22T21:10:07.745-705391-184723,415,false,2.1323820111586382,1,3871.342186320743,1.0,1.0
2026-03-22T21:10:07.745-705391-184723,685,false,5.6780470117530495,1,3871.342186320743,1.0,1.0
2026-03-22T21:10:07.745-705391-184723,603,true,11.331870469411653,1,3860.0103158513316,1.0,0.71
2026-03-22T21:10:07.745-705391-184723,602,true,9.330866957876333,1,3850.679448893455,1.0,0.0
2026-03-22T21:10:07.745-705391-184723,335,false,1.2865422292277733,1,3850.679448893455,1.0,1.0
2026-03-22T21:10:07.745-705391-184723,560,false,28.62305910246693,1,3850.679448893455,1.0,1.0
2026-03-22T21:10:07.745-705391-184723,241,false,17.791497931246862,1,3850.679448893455,1.0,1.0
2026-03-22T21:10:07.745-705391-184723,72,false,0.09012510691296881,1,3850.679448893455,1.0,1.0
2026-03-22T21:10:07.745-705391-184723,796,false,0.14425121093447607,1,3850.679448893455,1.0,1.0
2026-03-22T21:10:07.745-705391-184723,896,false,2.8595553171017096,1,3850.679448893455,1.0,1.0
2026-03-22T21:10:07.745-705391-184723,590,false,1.578212187704368,1,3850.679448893455,1.0,1.0
2026-03-22T21:10:07.745-705391-184723,185,false,19.355647167142884,1,3850.679448893455,1.0,1.0
2026-03-22T21:10:07.745-705391-184723,498,false,0.013079484412033436,1,3850.679448893455,1.0,1.0
2026-03-22T21:10:07.745-705391-184723,707,false,0.08808486427235963,1,3850.679448893455,1.0,1.0
2026-03-22T21:10:07.745-705391-184723,752,false,0.49981598590001036,1,3850.679448893455,1.0,1.0
2026-03-22T21:10:07.745-705391-184723,643,false,0.667471645643324,1,3850.679448893455,1.0,1.0
2026-03-22T21:10:07.745-705391-184723,967,false,8.935583025747338,1,3850.679448893455,1.0,1.0
2026-03-22T21:10:07.745-705391-184723,412,false,20.852155149437117,1,3850.679448893455,1.0,1.0
2026-03-22T21:10:07.745-705391-184723,877,false,0.49896147329740853,1,3850.679448893455,1.0,1.0
2026-03-22T21:10:07.745-705391-184723,591,false,0.13102763334498127,1,3850.679448893455,1.0,1.0
2026-03-22T21:10:07.745-705391-184723,310,false,0.24180882969340634,1,3850.679448893455,1.0,1.0
2026-03-22T21:10:07.745-705391-184723,406,false,0.10923884099556513,1,3850.679448893455,1.0,1.0
2026-03-22T21:10:07.745-705391-184723,39,false,5.994537417930549,1,3850.679448893455,1.0,1.0
2026-03-22T21:10:07.745-705391-184723,258,false,1.3466383749155446,1,3850.679448893455,1.0,1.0
2026-03-22T21:10:07.745-705391-184723,42,false,1.9136185464477584,1,3850.679448893455,1.0,1.0
2026-03-22T21:10:07.745-705391-184723,114,false,0.16918503421691006,1,3850.679448893455,1.0,1.0
2026-03-22T21:10:07.745-705391-184723,453,false,0.1737340820165882,1,3850.679448893455,1.0,1.0
2026-03-22T21:10:07.745-705391-184723,978,false,7.875118404709419,1,3850.679448893455,1.0,1.0
2026-03-22T21:10:07.745-705391-184723,507,false,5.6085798476189535,1,3850.679448893455,1.0,1.0
2026-03-22T21:10:07.745-705391-184723,120,false,12.167791977623137,1,3850.679448893455,1.0,1.0
2026-03-22T21:10:07.745-705391-184723,250,false,87.24143379812726,1,3850.679448893455,1.0,1.0
2026-03-22T21:10:07.745-705391-184723,165,false,3.7281365410284146,1,3850.679448893455,1.0,1.0
2026-03-22T21:10:07.745-705391-184723,738,false,1.7777955035734885,1,3850.679448893455,1.0,1.0
2026-03-22T21:10:07.745-705391-184723,775,false,0.22150495359748448,1,3850.679448893455,1.0,1.0
2026-03-22T21:10:07.745-705391-184723,366,false,0.07149525703389206,1,3850.679448893455,1.0,1.0
2026-03-22T21:10:07.745-705391-184723,717,false,7.205660765163737,1,3850.679448893455,1.0,1.0
2026-03-22T21:10:07.745-705391-184723,425,false,3.1770473798994097,1,3850.679448893455,1.0,1.0
2026-03-22T21:10:07.745-705391-184723,550,false,16.35189291808195,1,3850.679448893455,1.0,1.0
2026-03-22T21:10:07.745-705391-184723,158,false,1.6641404192238445,1,3850.679448893455,1.0,1.0
2026-03-22T21:10:07.745-705391-184723,225,false,0.11018060862122957,1,3850.679448893455,1.0,1.0
2026-03-22T21:10:07.745-705391-184723,610,false,9.92958990052836,1,3850.679448893455,1.0,1.0
2026-03-22T21:10:07.745-705391-184723,751,false,5.312202500432841,1,3850.679448893455,1.0,1.0
2026-03-22T21:10:07.745-705391-184723,746,false,3.2035676406156144,1,3850.679448893455,1.0,1.0
2026-03-22T21:10:07.745-705391-184723,237,false,0.8128755751266646,1,3850.679448893455,1.0,1.0
2026-03-22T21:10:07.745-705391-184723,536,false,44.752454862465235,1,3850.679448893455,1.0,1.0
2026-03-22T21:10:07.745-705391-184723,889,false,3.243501456929971,1,3850.679448893455,1.0,1.0
2026-03-22T21:10:07.745-705391-184723,850,false,0.25874147035601086,1,3850.679448893455,1.0,1.0
2026-03-22T21:10:07.745-705391-184723,101,false,3.8288607698282817,1,3850.679448893455,1.0,1.0
2026-03-22T21:10:07.745-705391-184723,117,false,1.3706110720322968,1,3850.679448893455,1.0,1.0
2026-03-22T21:10:07.745-705391-184723,821,false,0.4440725807334803,1,3850.679448893455,1.0,1.0
2026-03-22T21:10:07.745-705391-184723,810,false,0.01714237613336699,1,3850.679448893455,1.0,1.0
2026-03-22T21:10:07.745-705391-184723,95,false,1.1592071685792267,1,3850.679448893455,1.0,1.0
2026-03-22T21:10:07.745-705391-184723,617,false,4.119711105454922,1,3850.679448893455,1.0,1.0
2026-03-22T21:10:07.745-705391-184723,9,false,0.7961230910836135,1,3850.679448893455,1.0,1.0
2026-03-22T21:10:07.745-705391-184723,134,false,145.4875896884481,1,3850.679448893455,1.0,1.0
2026-03-22T21:10:07.745-705391-184723,816,false,2.9543873203367945,1,3850.679448893455,1.0,1.0
2026-03-22T21:10:07.745-705391-184723,457,false,5.136082121154161,1,3850.679448893455,1.0,1.0
2026-03-22T21:10:07.745-705391-184723,646,false,2.6130983485347286,1,3850.679448893455,1.0,1.0
2026-03-22T21:10:07.745-705391-184723,246,false,1.286228495518437,1,3850.679448893455,1.0,1.0
2026-03-22T21:10:07.745-705391-184723,337,false,1.4662923792693878,1,3850.679448893455,1.0,1.0
2026-03-22T21:10:07.745-705391-184723,438,false,16.156112085660883,1,3850.679448893455,1.0,1.0
2026-03-22T21:10:07.745-705391-184723,686,false,6.624405867685696,1,3850.679448893455,1.0,1.0
2026-03-22T21:10:07.745-705391-184723,757,false,0.007799451822109971,1,3850.679448893455,1.0,1.0
2026-03-22T21:10:07.745-705391-184723,876,false,0.9706855480646489,1,3850.679448893455,1.0,1.0
2026-03-22T21:10:07.745-705391-184723,800,false,17.488888810694647,1,3850.679448893455,1.0,1.0
2026-03-22T21:10:07.745-705391-184723,183,false,1.6447601512828236,1,3850.679448893455,1.0,1.0
2026-03-22T21:10:07.745-705391-184723,817,false,0.2891691968241543,1,3850.679448893455,1.0,1.0
2026-03-22T21:10:07.745-705391-184723,618,false,4.8223786749418265,1,3850.679448893455,1.0,1.0
2026-03-22T21:10:07.745-705391-184723,664,false,0.3503910594696029,1,3850.679448893455,1.0,1.0
2026-03-22T21:10:07.745-705391-184723,360,true,1.6975555470038177,1,3848.981893346451,1.0,0.0
2026-03-22T21:10:07.745-705391-184723,73,true,15.967538140425273,1,3833.014355206026,1.0,0.866
2026-03-22T21:10:07.745-705391-184723,133,false,47.73140704842661,1,3833.014355206026,1.0,1.0
2026-03-22T21:10:07.745-705391-184723,136,false,0.2821953743279373,1,3833.014355206026,1.0,1.0
2026-03-22T21:10:07.745-705391-184723,401,false,0.0440146272458555,1,3833.014355206026,1.0,1.0
2026-03-22T21:10:07.745-705391-184723,532,false,45.366876572871206,1,3833.014355206026,1.0,1.0
2026-03-22T21:10:07.745-705391-184723,359,true,0.44272848459536723,1,3832.57162672143,1.0,0.0
2026-03-22T21:10:07.745-705391-184723,187,false,16.233162113923754,1,3832.57162672143,1.0,1.0
2026-03-22T21:10:07.745-705391-184723,960,false,33.35551661313415,1,3832.57162672143,1.0,1.0
2026-03-22T21:10:07.745-705391-184723,271,false,5.837615714426172,1,3832.57162672143,1.0,1.0
2026-03-22T21:10:07.745-705391-184723,173,false,0.7181792522544402,1,3832.57162672143,1.0,1.0
2026-03-22T21:10:07.745-705391-184723,417,false,1.9030534865633018,1,3832.57162672143,1.0,1.0
2026-03-22T21:10:07.745-705391-184723,381,false,6.550136177952692,1,3832.57162672143,1.0,1.0
2026-03-22T21:10:07.745-705391-184723,433,false,1.026381735590014,1,3832.57162672143,1.0,1.0
2026-03-22T21:10:07.745-705391-184723,514,false,0.1315036921861316,1,3832.57162672143,1.0,1.0
2026-03-22T21:10:07.745-705391-184723,440,false,68.87811123463263,1,3832.57162672143,1.0,1.0
2026-03-22T21:10:07.745-705391-184723,656,false,15.514858285278539,1,3832.57162672143,1.0,1.0
2026-03-22T21:10:07.745-705391-184723,252,false,2.739977875090556,1,3832.57162672143,1.0,1.0
2026-03-22T21:10:07.745-705391-184723,307,false,18.273577958544482,1,3832.57162672143,1.0,1.0
2026-03-22T21:10:07.745-705391-184723,109,false,22.38614626683396,1,3832.57162672143,1.0,1.0
2026-03-22T21:10:07.745-705391-184723,245,false,6.325632199108378,1,3832.57162672143,1.0,1.0
2026-03-22T21:10:07.745-705391-184723,56,false,2.062581388770672,1,3832.57162672143,1.0,1.0
2026-03-22T21:10:07.745-705391-184723,951,false,1.0455125018524847,1,3832.57162672143,1.0,1.0
2026-03-22T21:10:07.745-705391-184723,26,false,0.18216613873850845,1,3832.57162672143,1.0,1.0
2026-03-22T21:10:07.745-705391-184723,611,false,0.17135721083170466,1,3832.57162672143,1.0,1.0
2026-03-22T21:10:07.745-705391-184723,886,false,70.74056312038397,1,3832.57162672143,1.0,1.0
2026-03-22T21:10:07.745-705391-184723,143,true,4.067525296804368,1,3828.504101424626,1.0,0.732
2026-03-22T21:10:07.745-705391-184723,477,false,0.1128708548335929,1,3828.504101424626,1.0,1.0
2026-03-22T21:10:07.745-705391-184723,880,false,5.114928076067367,1,3828.504101424626,1.0,1.0
2026-03-22T21:10:07.745-705391-184723,609,false,0.2311181658507372,1,3828.504101424626,1.0,1.0
2026-03-22T21:10:07.745-705391-184723,160,false,0.5135469057890681,1,3828.504101424626,1.0,1.0
2026-03-22T21:10:07.745-705391-184723,777,false,2.5498711884722227,1,3828.504101424626,1.0,1.0
2026-03-22T21:10:07.745-705391-184723,318,true,0.37357003150108836,1,3828.130531393125,1.0,0.0
2026-03-22T21:10:07.745-705391-184723,347,false,3.2537470454654716,1,3828.130531393125,1.0,1.0
2026-03-22T21:10:07.745-705391-184723,633,false,6.003765458193208,1,3828.130531393125,1.0,1.0
2026-03-22T21:10:07.745-705391-184723,676,false,0.38019979706281737,1,3828.130531393125,1.0,1.0
2026-03-22T21:10:07.745-705391-184723,265,false,0.03096058810649929,1,3828.130531393125,1.0,1.0
2026-03-22T21:10:07.745-705391-184723,182,false,12.925241725382168,1,3828.130531393125,1.0,1.0
2026-03-22T21:10:07.745-705391-184723,704,false,21.505672763172274,1,3828.130531393125,1.0,1.0
2026-03-22T21:10:07.745-705391-184723,540,false,3.4064464317540155,1,3828.130531393125,1.0,1.0
2026-03-22T21:10:07.745-705391-184723,259,false,0.2379764359793248,1,3828.130531393125,1.0,1.0
2026-03-22T21:10:07.745-705391-184723,329,false,0.09276595937434375,1,3828.130531393125,1.0,1.0
2026-03-22T21:10:07.745-705391-184723,749,false,2.470333156901956,1,3828.130531393125,1.0,1.0
2026-03-22T21:10:07.745-705391-184723,699,false,0.7408272000753642,1,3828.130531393125,1.0,1.0
2026-03-22T21:10:07.745-705391-184723,317,true,1.275749966264462,1,3826.8547814268604,1.0,0.0
2026-03-22T21:10:07.745-705391-184723,169,false,0.12228997530358464,1,3826.8547814268604,1.0,1.0
2026-03-22T21:10:07.745-705391-184723,157,false,6.945173575160431,1,3826.8547814268604,1.0,1.0
2026-03-22T21:10:07.745-705391-184723,838,false,10.811852478263996,1,3826.8547814268604,1.0,1.0
2026-03-22T21:10:07.745-705391-184723,898,false,0.8101217192482091,1,3826.8547814268604,1.0,1.0
2026-03-22T21:10:07.745-705391-184723,352,false,1.6796278648784049,1,3826.8547814268604,1.0,1.0
2026-03-22T21:10:07.745-705391-184723,503,false,2.7019245021584344,1,3826.8547814268604,1.0,1.0
2026-03-22T21:10:07.745-705391-184723,224,false,256.4639769962439,1,3826.8547814268604,1.0,1.0
2026-03-22T21:10:07.745-705391-184723,883,false,8.324218902752726,1,3826.8547814268604,1.0,1.0
2026-03-22T21:10:07.745-705391-184723,999,false,3.7775031152107714,1,3826.8547814268604,1.0,1.0
2026-03-22T21:10:07.745-705391-184723,297,false,2.2917102201743367,1,3826.8547814268604,1.0,1.0
2026-03-22T21:10:07.745-705391-184723,773,false,0.37150451081786506,1,3826.8547814268604,1.0,1.0
2026-03-22T21:10:07.745-705391-184723,906,false,2.5605554101314416,1,3826.8547814268604,1.0,1.0
2026-03-22T21:10:07.745-705391-184723,636,false,37.89181026693182,1,3826.8547814268604,1.0,1.0
2026-03-22T21:10:07.745-705391-184723,194,false,0.17286877967085737,1,3826.8547814268604,1.0,1.0
2026-03-22T21:10:07.745-705391-184723,601,true,37.10926947410101,1,3789.7455119527594,1.0,0.0
2026-03-22T21:10:07.745-705391-184723,711,false,67.16232331005891,1,3789.7455119527594,1.0,1.0
2026-03-22T21:10:07.745-705391-184723,687,false,0.7647632641941472,1,3789.7455119527594,1.0,1.0
2026-03-22T21:10:07.745-705391-184723,97,false,10.115479984971762,1,3789.7455119527594,1.0,1.0
2026-03-22T21:10:07.745-705391-184723,421,false,12.260835239162752,1,3789.7455119527594,1.0,1.0
2026-03-22T21:10:07.745-705391-184723,666,false,10.328607763052192,1,3789.7455119527594,1.0,1.0
2026-03-22T21:10:07.745-705391-184723,790,false,0.40068496684155347,1,3789.7455119527594,1.0,1.0
2026-03-22T21:10:07.745-705391-184723,767,false,0.3397498787549837,1,3789.7455119527594,1.0,1.0
2026-03-22T21:10:07.745-705391-184723,46,false,1.7086531168434298,1,3789.7455119527594,1.0,1.0
2026-03-22T21:10:07.745-705391-184723,248,false,22.624988306780395,1,3789.7455119527594,1.0,1.0
2026-03-22T21:10:07.745-705391-184723,502,false,0.21910752417337406,1,3789.7455119527594,1.0,1.0
2026-03-22T21:10:07.745-705391-184723,353,false,7.283520197008556,1,3789.7455119527594,1.0,1.0
2026-03-22T21:10:07.745-705391-184723,789,false,1.0876706399673974,1,3789.7455119527594,1.0,1.0
2026-03-22T21:10:07.745-705391-184723,672,false,1.361992601860068,1,3789.7455119527594,1.0,1.0
2026-03-22T21:10:07.745-705391-184723,285,false,0.4820844545838496,1,3789.7455119527594,1.0,1.0
2026-03-22T21:10:07.745-705391-184723,372,false,80.31203427833132,1,3789.7455119527594,1.0,1.0
2026-03-22T21:10:07.745-705391-184723,780,true,4.163160107718866,1,3785.5823518450406,1.0,0.873
2026-03-22T21:10:07.745-705391-184723,181,false,567.7160090852877,1,3785.5823518450406,1.0,1.0
2026-03-22T21:10:07.745-705391-184723,281,false,0.043280243392969354,1,3785.5823518450406,1.0,1.0
2026-03-22T21:10:07.745-705391-184723,904,false,1.0226174415233098,1,3785.5823518450406,1.0,1.0
2026-03-22T21:10:07.745-705391-184723,144,true,4.555208240196926,1,3781.027143604844,1.0,0.0020000000000000018
2026-03-22T21:10:07.745-705391-184723,576,false,9.851167633549395,1,3781.027143604844,1.0,1.0
2026-03-22T21:10:07.745-705391-184723,52,false,6.007900734023112,1,3781.027143604844,1.0,1.0
2026-03-22T21:10:07.745-705391-184723,89,false,96.28128504029111,1,3781.027143604844,1.0,1.0
2026-03-22T21:10:07.745-705391-184723,506,false,2.016889607666353,1,3781.027143604844,1.0,1.0
2026-03-22T21:10:07.745-705391-184723,744,false,2.392634713600437,1,3781.027143604844,1.0,1.0
2026-03-22T21:10:07.745-705391-184723,472,false,17.668058757993617,1,3781.027143604844,1.0,1.0
2026-03-22T21:10:07.745-705391-184723,720,true,0.8613957798906664,1,3780.165747824953,1.0,0.0010000000000000009
2026-03-22T21:10:07.745-705391-184723,836,false,18.908690411212127,1,3780.165747824953,1.0,1.0
2026-03-22T21:10:07.745-705391-184723,635,false,0.431077909853368,1,3780.165747824953,1.0,1.0
2026-03-22T21:10:07.745-705391-184723,132,false,201.8799245536153,1,3780.165747824953,1.0,1.0
2026-03-22T21:10:07.745-705391-184723,847,false,0.5891477485878618,1,3780.165747824953,1.0,1.0
2026-03-22T21:10:07.745-705391-184723,426,false,0.8535671304764344,1,3780.165747824953,1.0,1.0
2026-03-22T21:10:07.745-705391-184723,515,false,20.607971758101662,1,3780.165747824953,1.0,1.0
2026-03-22T21:10:07.745-705391-184723,186,false,4.000762735333742,1,3780.165747824953,1.0,1.0
2026-03-22T21:10:07.745-705391-184723,694,false,0.851505780918221,1,3780.165747824953,1.0,1.0
2026-03-22T21:10:07.745-705391-184723,756,false,10.00134994246106,1,3780.165747824953,1.0,1.0
2026-03-22T21:10:07.745-705391-184723,534,false,15.218436933678845,1,3780.165747824953,1.0,1.0
2026-03-22T21:10:07.745-705391-184723,316,true,32.413475954176434,1,3747.7522718707764,1.0,0.0
2026-03-22T21:10:07.745-705391-184723,137,false,1.2580643244544942,1,3747.7522718707764,1.0,1.0
2026-03-22T21:10:07.745-705391-184723,675,false,2.12834830078783,1,3747.7522718707764,1.0,1.0
2026-03-22T21:10:07.745-705391-184723,190,false,45.442263233716695,1,3747.7522718707764,1.0,1.0
2026-03-22T21:10:07.745-705391-184723,69,true,0.2435435076011594,1,3747.508728363175,1.0,0.875
2026-03-22T21:10:07.745-705391-184723,992,false,4.851856439950143,1,3747.508728363175,1.0,1.0
2026-03-22T21:10:07.745-705391-184723,568,false,3.2525161513144094,1,3747.508728363175,1.0,1.0
2026-03-22T21:10:07.745-705391-184723,242,false,0.43299125113337894,1,3747.508728363175,1.0,1.0
2026-03-22T21:10:07.745-705391-184723,840,false,0.019682003790160375,1,3747.508728363175,1.0,1.0
2026-03-22T21:10:07.745-705391-184723,492,false,9.886807213912705,1,3747.508728363175,1.0,1.0
2026-03-22T21:10:07.745-705391-184723,712,false,1.4862083197948748,1,3747.508728363175,1.0,1.0
2026-03-22T21:10:07.745-705391-184723,820,false,47.98305736982665,1,3747.508728363175,1.0,1.0
2026-03-22T21:10:07.745-705391-184723,94,false,0.8551931004928124,1,3747.508728363175,1.0,1.0
2026-03-22T21:10:07.745-705391-184723,650,false,0.548496026253707,1,3747.508728363175,1.0,1.0
2026-03-22T21:10:07.745-705391-184723,112,false,280.6692601348524,1,3747.508728363175,1.0,1.0
2026-03-22T21:10:07.745-705391-184723,19,false,16.145256334111185,1,3747.508728363175,1.0,1.0
2026-03-22T21:10:07.745-705391-184723,495,false,17.13168272988117,1,3747.508728363175,1.0,1.0
2026-03-22T21:10:07.745-705391-184723,762,false,22.65084432815142,1,3747.508728363175,1.0,1.0
2026-03-22T21:10:07.745-705391-184723,301,false,133.11852225263718,1,3747.508728363175,1.0,1.0
2026-03-22T21:10:07.745-705391-184723,984,false,0.571329801408348,1,3747.508728363175,1.0,1.0
2026-03-22T21:10:07.745-705391-184723,771,false,3.3252845588224904,1,3747.508728363175,1.0,1.0
2026-03-22T21:10:07.745-705391-184723,901,false,2.3400046795927945,1,3747.508728363175,1.0,1.0
2026-03-22T21:10:07.745-705391-184723,161,false,1.6987202713943255,1,3747.508728363175,1.0,1.0
2026-03-22T21:10:07.745-705391-184723,215,false,0.23049624596400156,1,3747.508728363175,1.0,1.0
2026-03-22T21:10:07.745-705391-184723,244,true,5.4649753577808395,1,3742.043753005394,1.0,0.974
2026-03-22T21:10:07.745-705391-184723,911,false,5.7626864485151215,1,3742.043753005394,1.0,1.0
2026-03-22T21:10:07.745-705391-184723,986,false,0.15052926517728732,1,3742.043753005394,1.0,1.0
2026-03-22T21:10:07.745-705391-184723,923,true,4.096779329685129,1,3737.946973675709,1.0,0.706
2026-03-22T21:10:07.745-705391-184723,35,false,13.95902538344086,1,3737.946973675709,1.0,1.0
2026-03-22T21:10:07.745-705391-184723,964,false,0.44123899728534366,1,3737.946973675709,1.0,1.0
2026-03-22T21:10:07.745-705391-184723,238,false,4.482288119619136,1,3737.946973675709,1.0,1.0
2026-03-22T21:10:07.745-705391-184723,937,false,4.675348247321787,1,3737.946973675709,1.0,1.0
2026-03-22T21:10:07.745-705391-184723,266,false,1.7549288082012011,1,3737.946973675709,1.0,1.0
2026-03-22T21:10:07.745-705391-184723,747,false,3.9362072176366754,1,3737.946973675709,1.0,1.0
2026-03-22T21:10:07.745-705391-184723,444,false,0.1571131779473026,1,3737.946973675709,1.0,1.0
2026-03-22T21:10:07.745-705391-184723,14,false,1.8715083349030166,1,3737.946973675709,1.0,1.0
2026-03-22T21:10:07.745-705391-184723,857,false,6.983359527647262,1,3737.946973675709,1.0,1.0
2026-03-22T21:10:07.745-705391-184723,625,false,7.753171669860294,1,3737.946973675709,1.0,1.0
2026-03-22T21:10:07.745-705391-184723,709,false,4.621082716193305,1,3737.946973675709,1.0,1.0
2026-03-22T21:10:07.745-705391-184723,710,false,6.52095710935753,1,3737.946973675709,1.0,1.0
2026-03-22T21:10:07.745-705391-184723,78,false,0.028797418133028326,1,3737.946973675709,1.0,1.0
2026-03-22T21:10:07.745-705391-184723,595,false,2.123610933794825,1,3737.946973675709,1.0,1.0
2026-03-22T21:10:07.745-705391-184723,745,false,11.837848664663941,1,3737.946973675709,1.0,1.0
2026-03-22T21:10:07.745-705391-184723,926,true,2.0375098126047217,1,3735.9094638631045,1.0,0.0
2026-03-22T21:10:07.745-705391-184723,660,false,4.6716143367655265,1,3735.9094638631045,1.0,1.0
2026-03-22T21:10:07.745-705391-184723,799,false,17.79894320560212,1,3735.9094638631045,1.0,1.0
2026-03-22T21:10:07.745-705391-184723,619,false,3.466401472818745,1,3735.9094638631045,1.0,1.0
2026-03-22T21:10:07.745-705391-184723,899,false,4.427313364800087,1,3735.9094638631045,1.0,1.0
2026-03-22T21:10:07.745-705391-184723,714,false,1.4594065456632375,1,3735.9094638631045,1.0,1.0
2026-03-22T21:10:07.745-705391-184723,339,false,3.6580465686644494,1,3735.9094638631045,1.0,1.0
2026-03-22T21:10:07.745-705391-184723,730,false,4.166114528767926,1,3735.9094638631045,1.0,1.0
2026-03-22T21:10:07.745-705391-184723,579,false,10.291975563740372,1,3735.9094638631045,1.0,1.0
2026-03-22T21:10:07.745-705391-184723,327,false,0.08106527786127464,1,3735.9094638631045,1.0,1.0
2026-03-22T21:10:07.745-705391-184723,180,false,3.1978115324219485,1,3735.9094638631045,1.0,1.0
2026-03-22T21:10:07.745-705391-184723,663,false,15.641613326251084,1,3735.9094638631045,1.0,1.0
2026-03-22T21:10:07.745-705391-184723,374,false,264.9111207472448,1,3735.9094638631045,1.0,1.0
2026-03-22T21:10:07.745-705391-184723,538,false,0.43282234878772324,1,3735.9094638631045,1.0,1.0
2026-03-22T21:10:07.745-705391-184723,448,false,14.581373135492257,1,3735.9094638631045,1.0,1.0
2026-03-22T21:10:07.745-705391-184723,76,true,1.7601237816454862,1,3734.149340081459,1.0,0.683
2026-03-22T21:10:07.745-705391-184723,589,false,0.17421458643498902,1,3734.149340081459,1.0,1.0
2026-03-22T21:10:07.745-705391-184723,175,false,6.485573739790171,1,3734.149340081459,1.0,1.0
2026-03-22T21:10:07.745-705391-184723,871,false,0.17741117728688577,1,3734.149340081459,1.0,1.0
2026-03-22T21:10:07.745-705391-184723,392,false,1.0899005894200722,1,3734.149340081459,1.0,1.0
2026-03-22T21:10:07.745-705391-184723,499,false,0.7650697545554068,1,3734.149340081459,1.0,1.0
2026-03-22T21:10:07.745-705391-184723,928,true,5.856659157946014,1,3728.2926809235128,1.0,0.0
2026-03-22T21:10:07.745-705391-184723,413,false,92.2408025707112,1,3728.2926809235128,1.0,1.0
2026-03-22T21:10:07.745-705391-184723,528,false,0.4400379699851233,1,3728.2926809235128,1.0,1.0
2026-03-22T21:10:07.745-705391-184723,988,false,2.5429979150945794,1,3728.2926809235128,1.0,1.0
2026-03-22T21:10:07.745-705391-184723,673,false,8.175926028335528,1,3728.2926809235128,1.0,1.0
2026-03-22T21:10:07.745-705391-184723,356,true,31.17459336007428,1,3697.1180875634386,1.0,0.7070000000000001
2026-03-22T21:10:07.745-705391-184723,151,false,7.246156725731645,1,3697.1180875634386,1.0,1.0
2026-03-22T21:10:07.745-705391-184723,997,false,0.8314983865048666,1,3697.1180875634386,1.0,1.0
2026-03-22T21:10:07.745-705391-184723,985,false,6.35631041739686,1,3697.1180875634386,1.0,1.0
2026-03-22T21:10:07.745-705391-184723,839,false,11.421199157243617,1,3697.1180875634386,1.0,1.0
2026-03-22T21:10:07.745-705391-184723,216,false,2.993467406180006,1,3697.1180875634386,1.0,1.0
2026-03-22T21:10:07.745-705391-184723,193,false,4.339040221827739,1,3697.1180875634386,1.0,1.0
2026-03-22T21:10:07.745-705391-184723,991,false,99.17049944095847,1,3697.1180875634386,1.0,1.0
2026-03-22T21:10:07.745-705391-184723,62,false,0.18176040880439492,1,3697.1180875634386,1.0,1.0
2026-03-22T21:10:07.745-705391-184723,268,false,0.3303828188327724,1,3697.1180875634386,1.0,1.0
2026-03-22T21:10:07.745-705391-184723,945,false,0.8020789100721744,1,3697.1180875634386,1.0,1.0
2026-03-22T21:10:07.745-705391-184723,826,false,9.030593792158262,1,3697.1180875634386,1.0,1.0
2026-03-22T21:10:07.745-705391-184723,419,false,26.787555185252195,1,3697.1180875634386,1.0,1.0
2026-03-22T21:10:07.745-705391-184723,691,false,0.6009050796701064,1,3697.1180875634386,1.0,1.0
2026-03-22T21:10:07.745-705391-184723,294,false,112.99418851125843,1,3697.1180875634386,1.0,1.0
2026-03-22T21:10:07.745-705391-184723,750,false,11.409985379340867,1,3697.1180875634386,1.0,1.0
2026-03-22T21:10:07.745-705391-184723,345,false,1.1298671558485713,1,3697.1180875634386,1.0,1.0
2026-03-22T21:10:07.745-705391-184723,815,false,1.2344718878176635,1,3697.1180875634386,1.0,1.0
2026-03-22T21:10:07.745-705391-184723,874,false,25.35762673448201,1,3697.1180875634386,1.0,1.0
2026-03-22T21:10:07.745-705391-184723,910,false,2.655034315410995,1,3697.1180875634386,1.0,1.0
2026-03-22T21:10:07.745-705391-184723,358,true,10.237154560045376,1,3686.8809330033932,1.0,0.0
2026-03-22T21:10:07.745-705391-184723,895,false,2.747431459578426,1,3686.8809330033932,1.0,1.0
2026-03-22T21:10:07.745-705391-184723,312,false,11.861556838198577,1,3686.8809330033932,1.0,1.0
2026-03-22T21:10:07.745-705391-184723,221,false,588.728943788081,1,3686.8809330033932,1.0,1.0
2026-03-22T21:10:07.745-705391-184723,573,false,0.7674247868641857,1,3686.8809330033932,1.0,1.0
2026-03-22T21:10:07.745-705391-184723,818,false,6.375993496080675,1,3686.8809330033932,1.0,1.0
2026-03-22T21:10:07.745-705391-184723,805,false,0.4263283779697809,1,3686.8809330033932,1.0,1.0
2026-03-22T21:10:07.745-705391-184723,22,false,6.226169522227589,1,3686.8809330033932,1.0,1.0
2026-03-22T21:10:07.745-705391-184723,807,false,1.5595806387531481,1,3686.8809330033932,1.0,1.0
2026-03-22T21:10:07.745-705391-184723,197,false,40.35640064059738,1,3686.8809330033932,1.0,1.0
2026-03-22T21:10:07.745-705391-184723,925,true,150.40323209992258,1,3536.4777009034706,1.0,0.0
2026-03-22T21:10:07.745-705391-184723,753,false,0.25270525260846893,1,3536.4777009034706,1.0,1.0
2026-03-22T21:10:07.745-705391-184723,976,false,1.1178176571307912,1,3536.4777009034706,1.0,1.0
2026-03-22T21:10:07.745-705391-184723,858,false,16.67220529443344,1,3536.4777009034706,1.0,1.0
2026-03-22T21:10:07.745-705391-184723,140,true,59.73844615288378,1,3476.739254750587,1.0,0.858
2026-03-22T21:10:07.745-705391-184723,905,false,0.7649355100544734,1,3476.739254750587,1.0,1.0
2026-03-22T21:10:07.745-705391-184723,570,false,10.249156956946193,1,3476.739254750587,1.0,1.0
2026-03-22T21:10:07.745-705391-184723,29,false,0.35202063291612845,1,3476.739254750587,1.0,1.0
2026-03-22T21:10:07.745-705391-184723,844,false,5.040749897462861,1,3476.739254750587,1.0,1.0
2026-03-22T21:10:07.745-705391-184723,551,false,0.3445428731772904,1,3476.739254750587,1.0,1.0
2026-03-22T21:10:07.745-705391-184723,400,false,6.919912875638601,1,3476.739254750587,1.0,1.0
2026-03-22T21:10:07.745-705391-184723,482,true,25.11472811434918,1,3451.624526636238,1.0,0.0
2026-03-22T21:10:07.745-705391-184723,235,false,179.86855773034424,1,3451.624526636238,1.0,1.0
2026-03-22T21:10:07.745-705391-184723,395,false,1.2766731331742613,1,3451.624526636238,1.0,1.0
2026-03-22T21:10:07.745-705391-184723,449,false,8.919324324298799,1,3451.624526636238,1.0,1.0
2026-03-22T21:10:07.745-705391-184723,947,false,0.36001572880737104,1,3451.624526636238,1.0,1.0
2026-03-22T21:10:07.745-705391-184723,37,false,3.7710278259098526,1,3451.624526636238,1.0,1.0
2026-03-22T21:10:07.745-705391-184723,67,true,10.875458038248189,1,3440.7490685979897,1.0,0.0
2026-03-22T21:10:07.745-705391-184723,987,false,0.21549488731606306,1,3440.7490685979897,1.0,1.0
2026-03-22T21:10:07.745-705391-184723,31,false,59.81146328105262,1,3440.7490685979897,1.0,1.0
2026-03-22T21:10:07.745-705391-184723,949,false,0.07600120789018865,1,3440.7490685979897,1.0,1.0
2026-03-22T21:10:07.745-705391-184723,968,false,16.207358957804168,1,3440.7490685979897,1.0,1.0
2026-03-22T21:10:07.745-705391-184723,64,true,0.4555066634464707,1,3440.293561934543,1.0,0.724
2026-03-22T21:10:07.745-705391-184723,932,true,3.6186471190991196,1,3436.674914815444,1.0,0.0
2026-03-22T21:10:07.745-705391-184723,719,true,2.79545727329066,1,3433.8794575421534,1.0,0.0
2026-03-22T21:10:07.745-705391-184723,12,false,1.6385076729832933,1,3433.8794575421534,1.0,1.0
2026-03-22T21:10:07.745-705391-184723,787,false,10.812181957717865,1,3433.8794575421534,1.0,1.0
2026-03-22T21:10:07.745-705391-184723,218,false,60.351321800979136,1,3433.8794575421534,1.0,1.0
2026-03-22T21:10:07.745-705391-184723,450,false,6.472906428916398,1,3433.8794575421534,1.0,1.0
2026-03-22T21:10:07.745-705391-184723,524,false,0.876143357517225,1,3433.8794575421534,1.0,1.0
2026-03-22T21:10:07.745-705391-184723,277,false,20.731679079252995,1,3433.8794575421534,1.0,1.0
2026-03-22T21:10:07.745-705391-184723,152,false,6.300714868000377,1,3433.8794575421534,1.0,1.0
2026-03-22T21:10:07.745-705391-184723,104,false,1.4282404731212308,1,3433.8794575421534,1.0,1.0
2026-03-22T21:10:07.745-705391-184723,80,false,371.55167488519413,1,3433.8794575421534,1.0,1.0
2026-03-22T21:10:07.745-705391-184723,451,false,20.83470105028958,1,3433.8794575421534,1.0,1.0
2026-03-22T21:10:07.745-705391-184723,563,false,5.224106639865615,1,3433.8794575421534,1.0,1.0
2026-03-22T21:10:07.745-705391-184723,743,false,36.797439086601685,1,3433.8794575421534,1.0,1.0
2026-03-22T21:10:07.745-705391-184723,77,true,3.6814451554921326,1,3430.1980123866615,1.0,0.725
2026-03-22T21:10:07.745-705391-184723,40,false,3.7797845997214834,1,3430.1980123866615,1.0,1.0
2026-03-22T21:10:07.745-705391-184723,846,false,9.114187904343478,1,3430.1980123866615,1.0,1.0
2026-03-22T21:10:07.745-705391-184723,774,false,1.2387029229061972,1,3430.1980123866615,1.0,1.0
2026-03-22T21:10:07.745-705391-184723,383,false,3.742404683416628,1,3430.1980123866615,1.0,1.0
2026-03-22T21:10:07.745-705391-184723,397,false,0.1298169336604557,1,3430.1980123866615,1.0,1.0
2026-03-22T21:10:07.745-705391-184723,314,true,16.640510062044957,1,3413.5575023246165,1.0,0.0010000000000000009
2026-03-22T21:10:07.745-705391-184723,993,false,0.1545224647278,1,3413.5575023246165,1.0,1.0
2026-03-22T21:10:07.745-705391-184723,956,false,132.95042693984726,1,3413.5575023246165,1.0,1.0
2026-03-22T21:10:07.745-705391-184723,615,false,12.50226284795505,1,3413.5575023246165,1.0,1.0
2026-03-22T21:10:07.745-705391-184723,729,false,17.247394982161627,1,3413.5575023246165,1.0,1.0
2026-03-22T21:10:07.745-705391-184723,447,false,2.284494438978894,1,3413.5575023246165,1.0,1.0
2026-03-22T21:10:07.745-705391-184723,658,false,0.19562004430843122,1,3413.5575023246165,1.0,1.0
2026-03-22T21:10:07.745-705391-184723,382,false,299.00840064612714,1,3413.5575023246165,1.0,1.0
2026-03-22T21:10:07.745-705391-184723,684,false,17.894671196165806,1,3413.5575023246165,1.0,1.0
2026-03-22T21:10:07.745-705391-184723,703,false,0.03496224719172578,1,3413.5575023246165,1.0,1.0
2026-03-22T21:10:07.745-705391-184723,972,false,2.278280159214959,1,3413.5575023246165,1.0,1.0
2026-03-22T21:10:07.745-705391-184723,376,false,0.058011716858659974,1,3413.5575023246165,1.0,1.0
2026-03-22T21:10:07.745-705391-184723,723,true,2.0036442658466385,1,3411.55385805877,1.0,0.0
2026-03-22T21:10:07.745-705391-184723,100,false,1.1822412781999974,1,3411.55385805877,1.0,1.0
2026-03-22T21:10:07.745-705391-184723,677,false,34.13270641472483,1,3411.55385805877,1.0,1.0
2026-03-22T21:10:07.745-705391-184723,25,false,0.5194475023321625,1,3411.55385805877,1.0,1.0
2026-03-22T21:10:07.745-705391-184723,466,false,0.47587110470665916,1,3411.55385805877,1.0,1.0
2026-03-22T21:10:07.745-705391-184723,437,false,8.087329655718854,1,3411.55385805877,1.0,1.0
2026-03-22T21:10:07.745-705391-184723,527,false,326.2430424671285,1,3411.55385805877,1.0,1.0
2026-03-22T21:10:07.745-705391-184723,833,false,1.266692978834421,1,3411.55385805877,1.0,1.0
2026-03-22T21:10:07.745-705391-184723,973,false,36.935968713396555,1,3411.55385805877,1.0,1.0
2026-03-22T21:10:07.745-705391-184723,496,false,0.07807480841302372,1,3411.55385805877,1.0,1.0
2026-03-22T21:10:07.745-705391-184723,791,false,6.144871100041226,1,3411.55385805877,1.0,1.0
2026-03-22T21:10:07.745-705391-184723,81,false,1.0218223919722658,1,3411.55385805877,1.0,1.0
2026-03-22T21:10:07.745-705391-184723,340,false,34.14583584571487,1,3411.55385805877,1.0,1.0
2026-03-22T21:10:07.745-705391-184723,980,false,0.7682380558448235,1,3411.55385805877,1.0,1.0
2026-03-22T21:10:07.745-705391-184723,139,true,1.0601558056271434,1,3410.4937022531426,1.0,0.7
2026-03-22T21:10:07.745-705391-184723,398,false,10.427487989377282,1,3410.4937022531426,1.0,1.0
2026-03-22T21:10:07.745-705391-184723,269,false,0.6478072850043864,1,3410.4937022531426,1.0,1.0
2026-03-22T21:10:07.745-705391-184723,473,false,0.33808719550151756,1,3410.4937022531426,1.0,1.0
2026-03-22T21:10:07.745-705391-184723,935,true,31.243659086032327,1,3379.25004316711,1.0,0.0010000000000000009
2026-03-22T21:10:07.745-705391-184723,486,false,10.515150925694332,1,3379.25004316711,1.0,1.0
2026-03-22T21:10:07.745-705391-184723,621,false,11.803010523912848,1,3379.25004316711,1.0,1.0
2026-03-22T21:10:07.745-705391-184723,715,false,3.837002337154213,1,3379.25004316711,1.0,1.0
2026-03-22T21:10:07.745-705391-184723,256,false,3.2125988798050074,1,3379.25004316711,1.0,1.0
2026-03-22T21:10:07.745-705391-184723,15,false,0.46176358377886917,1,3379.25004316711,1.0,1.0
2026-03-22T21:10:07.745-705391-184723,655,false,68.3038607033267,1,3379.25004316711,1.0,1.0
2026-03-22T21:10:07.745-705391-184723,188,false,132.810363768449,1,3379.25004316711,1.0,1.0
2026-03-22T21:10:07.745-705391-184723,350,false,1.5829671133067929,1,3379.25004316711,1.0,1.0
2026-03-22T21:10:07.745-705391-184723,845,false,0.09734696530420216,1,3379.25004316711,1.0,1.0
2026-03-22T21:10:07.745-705391-184723,851,false,18.437147832707378,1,3379.25004316711,1.0,1.0
2026-03-22T21:10:07.745-705391-184723,819,false,4.452157267909671,1,3379.25004316711,1.0,1.0
2026-03-22T21:10:07.745-705391-184723,849,false,0.17004464050548815,1,3379.25004316711,1.0,1.0
2026-03-22T21:10:07.745-705391-184723,940,false,6.167339407809117,1,3379.25004316711,1.0,1.0
2026-03-22T21:10:07.745-705391-184723,320,true,1.8826162063092942,1,3377.367426960801,1.0,0.0
2026-03-22T21:10:07.745-705391-184723,761,false,0.4819891944502774,1,3377.367426960801,1.0,1.0
2026-03-22T21:10:07.745-705391-184723,302,false,1.5680561333695509,1,3377.367426960801,1.0,1.0
2026-03-22T21:10:07.745-705391-184723,716,true,12.478249788031414,1,3364.8891771727695,1.0,0.7110000000000001
2026-03-22T21:10:07.745-705391-184723,16,false,32.48146661342596,1,3364.8891771727695,1.0,1.0
2026-03-22T21:10:07.745-705391-184723,92,false,12.03429475257343,1,3364.8891771727695,1.0,1.0
2026-03-22T21:10:07.745-705391-184723,219,false,2.472488401879144,1,3364.8891771727695,1.0,1.0
2026-03-22T21:10:07.745-705391-184723,393,false,19.738236603675894,1,3364.8891771727695,1.0,1.0
2026-03-22T21:10:07.745-705391-184723,950,false,0.2906942194386634,1,3364.8891771727695,1.0,1.0
2026-03-22T21:10:07.745-705391-184723,484,true,2.258358936191398,1,3362.630818236578,1.0,0.0
2026-03-22T21:10:07.745-705391-184723,434,false,4.507604693979131,1,3362.630818236578,1.0,1.0
2026-03-22T21:10:07.745-705391-184723,432,false,25.030749656928084,1,3362.630818236578,1.0,1.0
2026-03-22T21:10:07.745-705391-184723,670,false,2.1221174449037266,1,3362.630818236578,1.0,1.0
2026-03-22T21:10:07.745-705391-184723,254,false,0.3050315348855947,1,3362.630818236578,1.0,1.0
2026-03-22T21:10:07.745-705391-184723,908,false,0.48631586315328623,1,3362.630818236578,1.0,1.0
2026-03-22T21:10:07.745-705391-184723,49,false,0.5133140915345198,1,3362.630818236578,1.0,1.0
2026-03-22T21:10:07.745-705391-184723,145,true,123.72511456893265,1,3238.9057036676454,1.0,0.0
2026-03-22T21:10:07.745-705391-184723,99,false,13.984741621128249,1,3238.9057036676454,1.0,1.0
2026-03-22T21:10:07.745-705391-184723,909,false,2.3498617800041024,1,3238.9057036676454,1.0,1.0
2026-03-22T21:10:07.745-705391-184723,236,false,16.267666610030982,1,3238.9057036676454,1.0,1.0
2026-03-22T21:10:07.745-705391-184723,998,false,16.081252370793496,1,3238.9057036676454,1.0,1.0
2026-03-22T21:10:07.745-705391-184723,822,false,115.2032067966923,1,3238.9057036676454,1.0,1.0
2026-03-22T21:10:07.745-705391-184723,907,false,0.5855526464476795,1,3238.9057036676454,1.0,1.0
2026-03-22T21:10:07.745-705391-184723,351,false,5.676057321852458,1,3238.9057036676454,1.0,1.0
2026-03-22T21:10:07.745-705391-184723,705,false,29.140929599954855,1,3238.9057036676454,1.0,1.0
2026-03-22T21:10:07.745-705391-184723,443,false,1.7801782771867347,1,3238.9057036676454,1.0,1.0
2026-03-22T21:10:07.745-705391-184723,848,false,2.3634477488505445,1,3238.9057036676454,1.0,1.0
2026-03-22T21:10:07.745-705391-184723,371,false,0.3212291890628636,1,3238.9057036676454,1.0,1.0
2026-03-22T21:10:07.745-705391-184723,727,false,1.0065254087643425,1,3238.9057036676454,1.0,1.0
2026-03-22T21:10:07.745-705391-184723,596,true,6.31556695099873,1,3232.5901367166466,1.0,0.71
2026-03-22T21:10:07.745-705391-184723,588,false,4.251245430339052,1,3232.5901367166466,1.0,1.0
2026-03-22T21:10:07.745-705391-184723,343,false,3.262891709520272,1,3232.5901367166466,1.0,1.0
2026-03-22T21:10:07.745-705391-184723,755,false,143.17145650812623,1,3232.5901367166466,1.0,1.0
2026-03-22T21:10:07.745-705391-184723,764,false,2.370592721823537,1,3232.5901367166466,1.0,1.0
2026-03-22T21:10:07.745-705391-184723,724,true,15.401544342687993,1,3217.1885923739587,1.0,0.0
2026-03-22T21:10:07.745-705391-184723,174,false,2.37635146402505,1,3217.1885923739587,1.0,1.0
2026-03-22T21:10:07.745-705391-184723,325,true,0.2927720760118918,1,3216.895820297947,1.0,0.0
2026-03-22T21:10:07.745-705391-184723,938,true,14.036688990655662,1,3202.859131307291,1.0,0.873
2026-03-22T21:10:07.745-705391-184723,370,false,0.455275066291987,1,3202.859131307291,1.0,1.0
2026-03-22T21:10:07.745-705391-184723,369,false,1.1518401759583907,1,3202.859131307291,1.0,1.0
2026-03-22T21:10:07.745-705391-184723,918,false,1.4122089845231178,1,3202.859131307291,1.0,1.0
2026-03-22T21:10:07.745-705391-184723,6,false,16.34352531768148,1,3202.859131307291,1.0,1.0
2026-03-22T21:10:07.745-705391-184723,678,false,4.83414074530609,1,3202.859131307291,1.0,1.0
2026-03-22T21:10:07.745-705391-184723,103,false,6.981699054519706,1,3202.859131307291,1.0,1.0
2026-03-22T21:10:07.745-705391-184723,517,false,0.35701966115335365,1,3202.859131307291,1.0,1.0
2026-03-22T21:10:07.745-705391-184723,122,false,11.44897463181801,1,3202.859131307291,1.0,1.0
2026-03-22T21:10:07.745-705391-184723,402,false,16.716736102225795,1,3202.859131307291,1.0,1.0
2026-03-22T21:10:07.745-705391-184723,766,false,0.2004092468442416,1,3202.859131307291,1.0,1.0
2026-03-22T21:10:07.745-705391-184723,995,false,4.295192967396788,1,3202.859131307291,1.0,1.0
2026-03-22T21:10:07.745-705391-184723,202,false,2.5614687797113977,1,3202.859131307291,1.0,1.0
2026-03-22T21:10:07.745-705391-184723,311,true,43.16794886124944,1,3159.6911824460417,1.0,0.727
2026-03-22T21:10:07.745-705391-184723,63,true,28.111636395315994,1,3131.5795460507256,1.0,0.696
2026-03-22T21:10:07.745-705391-184723,170,false,2.4731718428692253,1,3131.5795460507256,1.0,1.0
2026-03-22T21:10:07.745-705391-184723,214,false,3.8876948796416233,1,3131.5795460507256,1.0,1.0
2026-03-22T21:10:07.745-705391-184723,192,false,0.4960229058295362,1,3131.5795460507256,1.0,1.0
2026-03-22T21:10:07.745-705391-184723,692,false,0.9318645408584387,1,3131.5795460507256,1.0,1.0
2026-03-22T21:10:07.745-705391-184723,388,false,0.09532254601935593,1,3131.5795460507256,1.0,1.0
2026-03-22T21:10:07.745-705391-184723,217,false,0.3110879525521728,1,3131.5795460507256,1.0,1.0
2026-03-22T21:10:07.745-705391-184723,387,false,5.789493444050574,1,3131.5795460507256,1.0,1.0
2026-03-22T21:10:07.745-705391-184723,718,true,0.7736593341552855,1,3130.8058867165705,1.0,0.0
2026-03-22T21:10:07.745-705391-184723,394,false,81.08337441466125,1,3130.8058867165705,1.0,1.0
2026-03-22T21:10:07.745-705391-184723,802,false,1.7804062089994082,1,3130.8058867165705,1.0,1.0
2026-03-22T21:10:07.745-705391-184723,309,true,9.29444427947593,1,3121.5114424370945,1.0,0.835
2026-03-22T21:10:07.745-705391-184723,702,false,56.73102836941645,1,3121.5114424370945,1.0,1.0
2026-03-22T21:10:07.745-705391-184723,464,false,0.8703948868409183,1,3121.5114424370945,1.0,1.0
2026-03-22T21:10:07.745-705391-184723,461,false,1.08534678977286,1,3121.5114424370945,1.0,1.0
2026-03-22T21:10:07.745-705391-184723,879,false,4.927048796577631,1,3121.5114424370945,1.0,1.0
2026-03-22T21:10:07.745-705391-184723,695,false,0.345276736900684,1,3121.5114424370945,1.0,1.0
2026-03-22T21:10:07.745-705391-184723,759,false,0.23673811609581247,1,3121.5114424370945,1.0,1.0
2026-03-22T21:10:07.745-705391-184723,593,true,6.686030522616271,1,3114.825411914478,1.0,0.696
2026-03-22T21:10:07.745-705391-184723,970,false,0.8995120846238864,1,3114.825411914478,1.0,1.0
2026-03-22T21:10:07.745-705391-184723,888,false,4.026756247799651,1,3114.825411914478,1.0,1.0
2026-03-22T21:10:07.745-705391-184723,349,false,1.8875848167168152,1,3114.825411914478,1.0,1.0
2026-03-22T21:10:07.745-705391-184723,201,false,0.7850300058182592,1,3114.825411914478,1.0,1.0
2026-03-22T21:10:07.745-705391-184723,682,false,0.7427444237778825,1,3114.825411914478,1.0,1.0
2026-03-22T21:10:07.745-705391-184723,564,false,81.54046986885098,1,3114.825411914478,1.0,1.0
2026-03-22T21:10:07.745-705391-184723,98,false,8.497175677181447,1,3114.825411914478,1.0,1.0
2026-03-22T21:10:07.745-705391-184723,373,false,1.2045955194605857,1,3114.825411914478,1.0,1.0
2026-03-22T21:10:07.745-705391-184723,834,false,95.63917128174496,1,3114.825411914478,1.0,1.0
2026-03-22T21:10:07.745-705391-184723,914,false,0.889142696598138,1,3114.825411914478,1.0,1.0
2026-03-22T21:10:07.745-705391-184723,38,false,8.659185907720394,1,3114.825411914478,1.0,1.0
2026-03-22T21:10:07.745-705391-184723,463,false,6.741404147007978,1,3114.825411914478,1.0,1.0
2026-03-22T21:10:07.745-705391-184723,243,true,11.54780287532133,1,3103.2776090391567,1.0,0.6970000000000001
2026-03-22T21:10:07.745-705391-184723,428,false,0.2359587975881567,1,3103.2776090391567,1.0,1.0
2026-03-22T21:10:07.745-705391-184723,289,false,1.3555940792619006,1,3103.2776090391567,1.0,1.0
2026-03-22T21:10:07.745-705391-184723,680,false,0.6537951573227191,1,3103.2776090391567,1.0,1.0
2026-03-22T21:10:07.745-705391-184723,124,false,0.419785617601962,1,3103.2776090391567,1.0,1.0
2026-03-22T21:10:07.745-705391-184723,263,false,9.217302847751737,1,3103.2776090391567,1.0,1.0
2026-03-22T21:10:07.745-705391-184723,726,true,208.46632184310974,1,2894.811287196047,1.0,0.017000000000000015
2026-03-22T21:10:07.745-705391-184723,862,false,2.8262992524076833,1,2894.811287196047,1.0,1.0
2026-03-22T21:10:07.745-705391-184723,24,false,16.16448221845528,1,2894.811287196047,1.0,1.0
2026-03-22T21:10:07.745-705391-184723,885,false,4.318783523715369,1,2894.811287196047,1.0,1.0
2026-03-22T21:10:07.745-705391-184723,51,false,58.14021612879475,1,2894.811287196047,1.0,1.0
2026-03-22T21:10:07.745-705391-184723,583,true,1.2958025505615192,1,2893.5154846454857,1.0,0.842
2026-03-22T21:10:07.745-705391-184723,332,false,0.14498570942337158,1,2893.5154846454857,1.0,1.0
2026-03-22T21:10:07.745-705391-184723,391,false,0.08811934226962224,1,2893.5154846454857,1.0,1.0
2026-03-22T21:10:07.745-705391-184723,690,false,2.0954354044309507,1,2893.5154846454857,1.0,1.0
2026-03-22T21:10:07.745-705391-184723,784,false,8.892495807546766,1,2893.5154846454857,1.0,1.0
2026-03-22T21:10:07.745-705391-184723,954,false,0.20458943283136397,1,2893.5154846454857,1.0,1.0
2026-03-22T21:10:07.745-705391-184723,423,false,0.4775685860575959,1,2893.5154846454857,1.0,1.0
2026-03-22T21:10:07.745-705391-184723,147,true,3.4066247741670526,1,2890.1088598713186,1.0,0.0
2026-03-22T21:10:07.745-705391-184723,149,true,8.677569394295245,1,2881.431290477023,1.0,0.0
2026-03-22T21:10:07.745-705391-184723,323,true,8.149342521047902,1,2873.2819479559753,1.0,0.0
2026-03-22T21:10:07.745-705391-184723,868,false,4.976676017796,1,2873.2819479559753,1.0,1.0
2026-03-22T21:10:07.745-705391-184723,639,false,1.2066080919693882,1,2873.2819479559753,1.0,1.0
2026-03-22T21:10:07.745-705391-184723,195,false,105.57849673604775,1,2873.2819479559753,1.0,1.0
2026-03-22T21:10:07.745-705391-184723,468,false,19.615594855560193,1,2873.2819479559753,1.0,1.0
2026-03-22T21:10:07.745-705391-184723,754,false,0.32083011912747234,1,2873.2819479559753,1.0,1.0
2026-03-22T21:10:07.745-705391-184723,931,true,16.447679081648406,1,2856.834268874327,1.0,0.0
2026-03-22T21:10:07.745-705391-184723,555,false,45.618106671409656,1,2856.834268874327,1.0,1.0
2026-03-22T21:10:07.745-705391-184723,679,false,16.11957361686336,1,2856.834268874327,1.0,1.0
2026-03-22T21:10:07.745-705391-184723,696,false,0.034466613698235726,1,2856.834268874327,1.0,1.0
2026-03-22T21:10:07.745-705391-184723,220,false,573.2330433442321,1,2856.834268874327,1.0,1.0
2026-03-22T21:10:07.745-705391-184723,459,false,0.9312536379544417,1,2856.834268874327,1.0,1.0
2026-03-22T21:10:07.745-705391-184723,71,true,13.999990942590236,1,2842.834277931737,1.0,0.0
2026-03-22T21:10:07.745-705391-184723,330,true,2.761432585646215,1,2840.0728453460906,1.0,0.718
2026-03-22T21:10:07.745-705391-184723,739,false,48.634728033038165,1,2840.0728453460906,1.0,1.0
2026-03-22T21:10:07.745-705391-184723,284,false,0.7188960177886009,1,2840.0728453460906,1.0,1.0
2026-03-22T21:10:07.745-705391-184723,917,false,2.486656848439989,1,2840.0728453460906,1.0,1.0
2026-03-22T21:10:07.745-705391-184723,494,false,1020.8571526357057,1,2840.0728453460906,1.0,1.0
2026-03-22T21:10:07.745-705391-184723,544,false,36.88948477380908,1,2840.0728453460906,1.0,1.0
2026-03-22T21:10:07.745-705391-184723,380,false,4.041409389940851,1,2840.0728453460906,1.0,1.0
2026-03-22T21:10:07.745-705391-184723,168,false,33.125623354878826,1,2840.0728453460906,1.0,1.0
2026-03-22T21:10:07.745-705391-184723,491,false,1.0627405419721645,1,2840.0728453460906,1.0,1.0
2026-03-22T21:10:07.745-705391-184723,811,false,12.929996956154271,1,2840.0728453460906,1.0,1.0
2026-03-22T21:10:07.745-705391-184723,229,false,7.402856856739421,1,2840.0728453460906,1.0,1.0
2026-03-22T21:10:07.745-705391-184723,251,false,4.165366586421712,1,2840.0728453460906,1.0,1.0
2026-03-22T21:10:07.745-705391-184723,299,false,1.4398413381748005,1,2840.0728453460906,1.0,1.0
2026-03-22T21:10:07.745-705391-184723,7,false,2.3807179149716826,1,2840.0728453460906,1.0,1.0
2026-03-22T21:10:07.745-705391-184723,483,true,0.8073945817463656,1,2839.265450764344,1.0,0.0
2026-03-22T21:10:07.745-705391-184723,191,false,10.485205469266427,1,2839.265450764344,1.0,1.0
2026-03-22T21:10:07.745-705391-184723,736,false,0.3469395782350323,1,2839.265450764344,1.0,1.0
2026-03-22T21:10:07.745-705391-184723,547,false,12.206271045826911,1,2839.265450764344,1.0,1.0
2026-03-22T21:10:07.745-705391-184723,96,false,0.012362080400195444,1,2839.265450764344,1.0,1.0
2026-03-22T21:10:07.745-705391-184723,422,false,34.02637833378249,1,2839.265450764344,1.0,1.0
2026-03-22T21:10:07.745-705391-184723,770,false,15.474928313306654,1,2839.265450764344,1.0,1.0
2026-03-22T21:10:07.745-705391-184723,653,false,0.5993285559341995,1,2839.265450764344,1.0,1.0
2026-03-22T21:10:07.745-705391-184723,518,false,0.2023974927565166,1,2839.265450764344,1.0,1.0
2026-03-22T21:10:07.745-705391-184723,698,false,8.07499668187817,1,2839.265450764344,1.0,1.0
2026-03-22T21:10:07.745-705391-184723,597,false,0.19756168503696483,1,2839.265450764344,1.0,1.0
2026-03-22T21:10:07.745-705391-184723,870,false,5.653952157935257,1,2839.265450764344,1.0,1.0
2026-03-22T21:10:07.745-705391-184723,365,true,6.936500779413696,1,2832.3289499849307,1.0,0.0
2026-03-22T21:10:07.745-705391-184723,283,false,66.18792913634974,1,2832.3289499849307,1.0,1.0
2026-03-22T21:10:07.745-705391-184723,893,false,0.24291974517929102,1,2832.3289499849307,1.0,1.0
2026-03-22T21:10:07.745-705391-184723,471,false,1.3691570674559248,1,2832.3289499849307,1.0,1.0
2026-03-22T21:10:07.745-705391-184723,661,false,1.0684820007500435,1,2832.3289499849307,1.0,1.0
2026-03-22T21:10:07.745-705391-184723,827,false,3.2922046727537744,1,2832.3289499849307,1.0,1.0
2026-03-22T21:10:07.745-705391-184723,814,false,1.9055849978599186,1,2832.3289499849307,1.0,1.0
2026-03-22T21:10:07.745-705391-184723,922,true,4.242163837066739,1,2828.086786147864,1.0,0.0
2026-03-22T21:10:07.745-705391-184723,20,false,0.9470045661838447,1,2828.086786147864,1.0,1.0
2026-03-22T21:10:07.745-705391-184723,206,false,0.8772221888712277,1,2828.086786147864,1.0,1.0
2026-03-22T21:10:07.745-705391-184723,403,false,18.881035761588272,1,2828.086786147864,1.0,1.0
2026-03-22T21:10:07.745-705391-184723,233,false,20.837252138084033,1,2828.086786147864,1.0,1.0
2026-03-22T21:10:07.745-705391-184723,470,false,33.61745932106752,1,2828.086786147864,1.0,1.0
2026-03-22T21:10:07.745-705391-184723,1000,false,3.887490649058654,1,2828.086786147864,1.0,1.0
2026-03-22T21:10:07.745-705391-184723,725,true,84.8706771520772,1,2743.2161089957867,1.0,0.0
2026-03-22T21:10:07.745-705391-184723,68,false,0.03606662116538796,1,2743.2161089957867,1.0,1.0
2026-03-22T21:10:07.745-705391-184723,130,false,0.48509957502778833,1,2743.2161089957867,1.0,1.0
2026-03-22T21:10:07.745-705391-184723,732,false,0.12960871720093828,1,2743.2161089957867,1.0,1.0
2026-03-22T21:10:07.745-705391-184723,83,false,3.5200961696859205,1,2743.2161089957867,1.0,1.0
2026-03-22T21:10:07.745-705391-184723,504,false,15.413793955626224,1,2743.2161089957867,1.0,1.0
2026-03-22T21:10:07.745-705391-184723,208,false,8.181052223617279,1,2743.2161089957867,1.0,1.0
2026-03-22T21:10:07.745-705391-184723,179,false,1.3887444873454018,1,2743.2161089957867,1.0,1.0
2026-03-22T21:10:07.745-705391-184723,587,false,2.7397392714279922,1,2743.2161089957867,1.0,1.0
2026-03-22T21:10:07.745-705391-184723,155,false,26.80824220995783,1,2743.2161089957867,1.0,1.0
2026-03-22T21:10:07.745-705391-184723,640,false,16.008411367355237,1,2743.2161089957867,1.0,1.0
2026-03-22T21:10:07.745-705391-184723,541,false,0.12068483055945409,1,2743.2161089957867,1.0,1.0
2026-03-22T21:10:07.745-705391-184723,59,false,0.019041666462398243,1,2743.2161089957867,1.0,1.0
2026-03-22T21:10:07.745-705391-184723,300,false,0.06273962160624028,1,2743.2161089957867,1.0,1.0
2026-03-22T21:10:07.745-705391-184723,196,false,21.865492173916795,1,2743.2161089957867,1.0,1.0
2026-03-22T21:10:07.745-705391-184723,509,false,1.8787134716078095,1,2743.2161089957867,1.0,1.0
2026-03-22T21:10:07.745-705391-184723,3,false,6.930616170909713,1,2743.2161089957867,1.0,1.0
2026-03-22T21:10:07.745-705391-184723,788,false,3.9560297856669484,1,2743.2161089957867,1.0,1.0
2026-03-22T21:10:07.745-705391-184723,304,false,3.1232152693947035,1,2743.2161089957867,1.0,1.0
2026-03-22T21:10:07.745-705391-184723,763,false,0.06391821601937044,1,2743.2161089957867,1.0,1.0
2026-03-22T21:10:07.745-705391-184723,60,true,2.005769316020363,1,2741.2103396797665,1.0,0.94
2026-03-22T21:10:07.745-705391-184723,841,false,0.9622911050202765,1,2741.2103396797665,1.0,1.0
2026-03-22T21:10:07.745-705391-184723,296,false,4.855178922813361,1,2741.2103396797665,1.0,1.0
2026-03-22T21:10:07.745-705391-184723,962,false,1.8061852794176574,1,2741.2103396797665,1.0,1.0
2026-03-22T21:10:07.745-705391-184723,969,false,1.6115539537944874,1,2741.2103396797665,1.0,1.0
2026-03-22T21:10:07.745-705391-184723,123,false,16.43973439122964,1,2741.2103396797665,1.0,1.0
2026-03-22T21:10:07.745-705391-184723,367,true,3.1798947218385227,1,2738.030444957928,1.0,0.0
2026-03-22T21:10:07.745-705391-184723,782,true,0.9584582589382894,1,2737.07198669899,1.0,0.727
2026-03-22T21:10:07.745-705391-184723,315,true,2.8424137126354725,1,2734.2295729863545,1.0,0.0
2026-03-22T21:10:07.745-705391-184723,965,false,805.7415040923354,1,2734.2295729863545,1.0,1.0
2026-03-22T21:10:07.745-705391-184723,303,false,6.36172500848262,1,2734.2295729863545,1.0,1.0
2026-03-22T21:10:07.745-705391-184723,409,false,4.576995547516114,1,2734.2295729863545,1.0,1.0
2026-03-22T21:10:07.745-705391-184723,65,true,6.081843299893097,1,2728.1477296864614,1.0,0.0
2026-03-22T21:10:07.745-705391-184723,961,false,4.044524521613997,1,2728.1477296864614,1.0,1.0
2026-03-22T21:10:07.745-705391-184723,863,false,3.710098651405153,1,2728.1477296864614,1.0,1.0
2026-03-22T21:10:07.745-705391-184723,346,false,0.5001444615036272,1,2728.1477296864614,1.0,1.0
2026-03-22T21:10:07.745-705391-184723,942,false,11.599189345820976,1,2728.1477296864614,1.0,1.0
2026-03-22T21:10:07.745-705391-184723,963,false,4.354877783909594,1,2728.1477296864614,1.0,1.0
2026-03-22T21:10:07.745-705391-184723,511,false,1.462366328173537,1,2728.1477296864614,1.0,1.0
2026-03-22T21:10:07.745-705391-184723,86,false,0.9778212248248047,1,2728.1477296864614,1.0,1.0
2026-03-22T21:10:07.745-705391-184723,900,false,33.766046301811194,1,2728.1477296864614,1.0,1.0
2026-03-22T21:10:07.745-705391-184723,50,false,12.071410018735776,1,2728.1477296864614,1.0,1.0
2026-03-22T21:10:07.745-705391-184723,859,false,1.73283551357954,1,2728.1477296864614,1.0,1.0
2026-03-22T21:10:07.745-705391-184723,585,true,0.4008496655351925,1,2727.7468800209263,1.0,0.015000000000000013
2026-03-22T21:10:07.745-705391-184723,813,false,0.6526505319886574,1,2727.7468800209263,1.0,1.0
2026-03-22T21:10:07.745-705391-184723,662,false,68.29993060218092,1,2727.7468800209263,1.0,1.0
2026-03-22T21:10:07.745-705391-184723,234,true,47.154121862049614,1,2680.5927581588767,1.0,0.937
2026-03-22T21:10:07.745-705391-184723,475,true,0.655778866301393,1,2679.9369792925754,1.0,0.7130000000000001
2026-03-22T21:10:07.745-705391-184723,854,false,7.13747273227921,1,2679.9369792925754,1.0,1.0
2026-03-22T21:10:07.745-705391-184723,286,false,20.776602574214632,1,2679.9369792925754,1.0,1.0
2026-03-22T21:10:07.745-705391-184723,487,true,1.1271377271048948,1,2678.8098415654704,1.0,0.733
2026-03-22T21:10:07.745-705391-184723,981,false,4.865219618456861,1,2678.8098415654704,1.0,1.0
2026-03-22T21:10:07.745-705391-184723,305,false,2.9258512149568032,1,2678.8098415654704,1.0,1.0
2026-03-22T21:10:07.745-705391-184723,794,false,121.10201714462838,1,2678.8098415654704,1.0,1.0
2026-03-22T21:10:07.745-705391-184723,333,true,1.6399584727512722,1,2677.169883092719,1.0,0.725
2026-03-22T21:10:07.745-705391-184723,990,false,0.2496569551154959,1,2677.169883092719,1.0,1.0
2026-03-22T21:10:07.745-705391-184723,424,false,0.25739216766247125,1,2677.169883092719,1.0,1.0
2026-03-22T21:10:07.745-705391-184723,474,true,5.321922131777158,1,2671.8479609609417,1.0,0.7170000000000001
2026-03-22T21:10:07.745-705391-184723,476,true,8.26392958353601,1,2663.5840313774056,1.0,0.0
2026-03-22T21:10:07.745-705391-184723,577,false,11.22177570363263,1,2663.5840313774056,1.0,1.0
2026-03-22T21:10:07.745-705391-184723,558,false,3.6285838386195386,1,2663.5840313774056,1.0,1.0
2026-03-22T21:10:07.745-705391-184723,213,false,0.8326578858009823,1,2663.5840313774056,1.0,1.0
2026-03-22T21:10:07.745-705391-184723,713,true,0.9447568803076356,1,2662.639274497098,1.0,0.743
2026-03-22T21:10:07.745-705391-184723,865,false,0.5447497573560545,1,2662.639274497098,1.0,1.0
2026-03-22T21:10:07.745-705391-184723,128,false,0.1321470395971316,1,2662.639274497098,1.0,1.0
2026-03-22T21:10:07.745-705391-184723,167,false,0.24342499043637503,1,2662.639274497098,1.0,1.0
2026-03-22T21:10:07.745-705391-184723,654,false,11.11827057770224,1,2662.639274497098,1.0,1.0
2026-03-22T21:10:07.745-705391-184723,148,true,1.3582026209237192,1,2661.2810718761743,1.0,0.0
2026-03-22T21:10:07.745-705391-184723,61,true,0.3032919231341881,1,2660.97777995304,1.0,0.0
2026-03-22T21:10:07.745-705391-184723,860,false,0.3946802986031587,1,2660.97777995304,1.0,1.0
2026-03-22T21:10:07.745-705391-184723,512,false,1.9130726206441986,1,2660.97777995304,1.0,1.0
2026-03-22T21:10:07.745-705391-184723,586,false,0.16514595776901908,1,2660.97777995304,1.0,1.0
2026-03-22T21:10:07.745-705391-184723,260,false,2.0650448281447504,1,2660.97777995304,1.0,1.0
2026-03-22T21:10:07.745-705391-184723,490,true,2.6861999315070095,1,2658.2915800215333,1.0,0.865
2026-03-22T21:10:07.745-705391-184723,501,false,0.8243423399994155,1,2658.2915800215333,1.0,1.0
2026-03-22T21:10:07.745-705391-184723,189,false,0.3851920614042378,1,2658.2915800215333,1.0,1.0
2026-03-22T21:10:07.745-705391-184723,74,true,4.75899504403669,1,2653.5325849774968,1.0,0.0
2026-03-22T21:10:07.745-705391-184723,313,true,0.8272541179831536,1,2652.7053308595137,1.0,0.0
2026-03-22T21:10:07.745-705391-184723,795,false,5.498839840810027,1,2652.7053308595137,1.0,1.0
2026-03-22T21:10:07.745-705391-184723,671,false,10.013272910881788,1,2652.7053308595137,1.0,1.0
2026-03-22T21:10:07.745-705391-184723,831,false,2.719242561463027,1,2652.7053308595137,1.0,1.0
2026-03-22T21:10:07.745-705391-184723,222,false,0.25280126427017563,1,2652.7053308595137,1.0,1.0
2026-03-22T21:10:07.745-705391-184723,520,false,10.322774045923959,1,2652.7053308595137,1.0,1.0
2026-03-22T21:10:07.745-705391-184723,982,false,4.999418874915445,1,2652.7053308595137,1.0,1.0
2026-03-22T21:10:07.745-705391-184723,526,false,3.523654674334309,1,2652.7053308595137,1.0,1.0
2026-03-22T21:10:07.745-705391-184723,598,true,0.2997719442195736,1,2652.405558915294,1.0,0.0
2026-03-22T21:10:07.745-705391-184723,543,false,3.868876328166667,1,2652.405558915294,1.0,1.0
2026-03-22T21:10:07.745-705391-184723,941,true,6.785153311060745,1,2645.6204056042334,1.0,0.732
2026-03-22T21:10:07.745-705391-184723,21,false,13.869764927513152,1,2645.6204056042334,1.0,1.0
2026-03-22T21:10:07.745-705391-184723,79,true,2.087761799341929,1,2643.5326438048914,1.0,0.0020000000000000018
2026-03-22T21:10:07.745-705391-184723,873,false,1.6366905165633518,1,2643.5326438048914,1.0,1.0
2026-03-22T21:10:07.745-705391-184723,608,false,9.807670969325022,1,2643.5326438048914,1.0,1.0
2026-03-22T21:10:07.745-705391-184723,348,false,0.49992855004003295,1,2643.5326438048914,1.0,1.0
2026-03-22T21:10:07.745-705391-184723,737,false,0.6908514210652733,1,2643.5326438048914,1.0,1.0
2026-03-22T21:10:07.745-705391-184723,645,false,1.3058545160305608,1,2643.5326438048914,1.0,1.0
2026-03-22T21:10:07.745-705391-184723,521,false,29.352322732565508,1,2643.5326438048914,1.0,1.0
2026-03-22T21:10:07.745-705391-184723,667,false,30.79337091059363,1,2643.5326438048914,1.0,1.0
2026-03-22T21:10:07.745-705391-184723,624,false,3.795219686845285,1,2643.5326438048914,1.0,1.0
2026-03-22T21:10:07.745-705391-184723,497,false,3.6989991332902505,1,2643.5326438048914,1.0,1.0
2026-03-22T21:10:07.745-705391-184723,966,false,3.173597302362691,1,2643.5326438048914,1.0,1.0
2026-03-22T21:10:07.745-705391-184723,605,false,0.07902748435278523,1,2643.5326438048914,1.0,1.0
2026-03-22T21:10:07.745-705391-184723,837,false,0.12885729389295025,1,2643.5326438048914,1.0,1.0
2026-03-22T21:10:07.745-705391-184723,131,false,0.20565985736106016,1,2643.5326438048914,1.0,1.0
2026-03-22T21:10:07.745-705391-184723,55,false,26.775448458960664,1,2643.5326438048914,1.0,1.0
2026-03-22T21:10:07.745-705391-184723,207,false,35.15727797700483,1,2643.5326438048914,1.0,1.0
2026-03-22T21:10:07.745-705391-184723,199,false,0.41385350904536333,1,2643.5326438048914,1.0,1.0
2026-03-22T21:10:07.745-705391-184723,735,false,0.393313878790096,1,2643.5326438048914,1.0,1.0
2026-03-22T21:10:07.745-705391-184723,442,false,1.7332848364845632,1,2643.5326438048914,1.0,1.0
2026-03-22T21:10:07.745-705391-184723,232,true,5.959537967209211,1,2637.5731058376823,1.0,0.698
2026-03-22T21:10:07.745-705391-184723,292,true,0.2227505863154569,1,2637.3503552513666,1.0,0.946
2026-03-22T21:10:07.745-705391-184723,881,false,7.665909033424325,1,2637.3503552513666,1.0,1.0
2026-03-22T21:10:07.745-705391-184723,569,false,0.3163819823969464,1,2637.3503552513666,1.0,1.0
2026-03-22T21:10:07.745-705391-184723,508,false,3.318574239046523,1,2637.3503552513666,1.0,1.0
2026-03-22T21:10:07.745-705391-184723,578,false,17.829567919586474,1,2637.3503552513666,1.0,1.0
2026-03-22T21:10:07.745-705391-184723,913,false,0.01086809615669902,1,2637.3503552513666,1.0,1.0
2026-03-22T21:10:07.745-705391-184723,465,false,5.490380204276872,1,2637.3503552513666,1.0,1.0
2026-03-22T21:10:07.745-705391-184723,183,false,1.6447601512828236,2,2637.3503552513666,1.0,1.0
2026-03-22T21:10:07.745-705391-184723,694,false,0.851505780918221,2,2637.3503552513666,1.0,1.0
2026-03-22T21:10:07.745-705391-184723,138,true,3.236664082593318,2,2634.113691168773,1.0,0.0010000000000000009
2026-03-22T21:10:07.745-705391-184723,971,false,1.0963477848874958,2,2634.113691168773,1.0,1.0
2026-03-22T21:10:07.745-705391-184723,451,false,20.83470105028958,2,2634.113691168773,1.0,1.0
2026-03-22T21:10:07.745-705391-184723,738,false,1.7777955035734885,2,2634.113691168773,1.0,1.0
2026-03-22T21:10:07.745-705391-184723,102,false,3.517447393317081,2,2634.113691168773,1.0,1.0
2026-03-22T21:10:07.745-705391-184723,117,false,1.3706110720322968,2,2634.113691168773,1.0,1.0
2026-03-22T21:10:07.745-705391-184723,658,false,0.19562004430843122,2,2634.113691168773,1.0,1.0
2026-03-22T21:10:07.745-705391-184723,377,false,4.58457273719442,2,2634.113691168773,1.0,1.0
2026-03-22T21:10:07.745-705391-184723,995,false,4.295192967396788,2,2634.113691168773,1.0,1.0
2026-03-22T21:10:07.745-705391-184723,667,false,30.79337091059363,2,2634.113691168773,1.0,1.0
2026-03-22T21:10:07.745-705391-184723,108,false,5.906853219771336,2,2634.113691168773,1.0,1.0
2026-03-22T21:10:07.745-705391-184723,740,false,0.5344293216757185,2,2634.113691168773,1.0,1.0
2026-03-22T21:10:07.745-705391-184723,563,false,5.224106639865615,2,2634.113691168773,1.0,1.0
2026-03-22T21:10:07.745-705391-184723,492,true,9.886807213912705,2,2624.2268839548606,1.0,0.6930000000000001
2026-03-22T21:10:07.745-705391-184723,370,true,0.455275066291987,2,2623.7716088885686,1.0,0.704
2026-03-22T21:10:07.745-705391-184723,675,false,2.12834830078783,2,2623.7716088885686,1.0,1.0
2026-03-22T21:10:07.745-705391-184723,91,false,4.687304173793552,2,2623.7716088885686,1.0,1.0
2026-03-22T21:10:07.745-705391-184723,803,false,2.0893216216558934,2,2623.7716088885686,1.0,1.0
2026-03-22T21:10:07.745-705391-184723,657,false,0.08765577252369557,2,2623.7716088885686,1.0,1.0
2026-03-22T21:10:07.745-705391-184723,502,false,0.21910752417337406,2,2623.7716088885686,1.0,1.0
2026-03-22T21:10:07.745-705391-184723,154,true,0.5847080120060795,2,2623.1869008765625,1.0,0.862
2026-03-22T21:10:07.745-705391-184723,920,false,0.09209507866432091,2,2623.1869008765625,1.0,1.0
2026-03-22T21:10:07.745-705391-184723,834,false,95.63917128174496,2,2623.1869008765625,1.0,1.0
2026-03-22T21:10:07.745-705391-184723,47,false,75.48135102307697,2,2623.1869008765625,1.0,1.0
2026-03-22T21:10:07.745-705391-184723,57,true,2.045538524482918,2,2621.14136235208,1.0,0.74
2026-03-22T21:10:07.745-705391-184723,882,false,39.82509748033517,2,2621.14136235208,1.0,1.0
2026-03-22T21:10:07.745-705391-184723,888,false,4.026756247799651,2,2621.14136235208,1.0,1.0
2026-03-22T21:10:07.745-705391-184723,216,false,2.993467406180006,2,2621.14136235208,1.0,1.0
2026-03-22T21:10:07.745-705391-184723,31,false,59.81146328105262,2,2621.14136235208,1.0,1.0
2026-03-22T21:10:07.745-705391-184723,353,true,7.283520197008556,2,2613.857842155071,1.0,0.866
2026-03-22T21:10:07.745-705391-184723,32,false,1.188083941278349,2,2613.857842155071,1.0,1.0
2026-03-22T21:10:07.745-705391-184723,800,false,17.488888810694647,2,2613.857842155071,1.0,1.0
2026-03-22T21:10:07.745-705391-184723,539,false,10.32152490600892,2,2613.857842155071,1.0,1.0
2026-03-22T21:10:07.745-705391-184723,235,true,179.86855773034424,2,2433.989284424727,1.0,0.009000000000000008
2026-03-22T21:10:07.745-705391-184723,519,false,0.025995074236575558,2,2433.989284424727,1.0,1.0
2026-03-22T21:10:07.745-705391-184723,613,false,0.4187054237347065,2,2433.989284424727,1.0,1.0
2026-03-22T21:10:07.745-705391-184723,762,false,22.65084432815142,2,2433.989284424727,1.0,1.0
2026-03-22T21:10:07.745-705391-184723,974,false,2.3838322435756942,2,2433.989284424727,1.0,1.0
2026-03-22T21:10:07.745-705391-184723,27,false,0.3155600544546705,2,2433.989284424727,1.0,1.0
2026-03-22T21:10:07.745-705391-184723,765,false,0.5987487283683178,2,2433.989284424727,1.0,1.0
2026-03-22T21:10:07.745-705391-184723,842,false,1.3701346151803964,2,2433.989284424727,1.0,1.0
2026-03-22T21:10:07.745-705391-184723,799,false,17.79894320560212,2,2433.989284424727,1.0,1.0
2026-03-22T21:10:07.745-705391-184723,440,false,68.87811123463263,2,2433.989284424727,1.0,1.0
2026-03-22T21:10:07.745-705391-184723,904,false,1.0226174415233098,2,2433.989284424727,1.0,1.0
2026-03-22T21:10:07.745-705391-184723,548,false,0.08005758990988299,2,2433.989284424727,1.0,1.0
2026-03-22T21:10:07.745-705391-184723,30,false,11.727948654106642,2,2433.989284424727,1.0,1.0
2026-03-22T21:10:07.745-705391-184723,198,false,18.171937821700876,2,2433.989284424727,1.0,1.0
2026-03-22T21:10:07.745-705391-184723,636,false,37.89181026693182,2,2433.989284424727,1.0,1.0
2026-03-22T21:10:07.745-705391-184723,15,false,0.46176358377886917,2,2433.989284424727,1.0,1.0
2026-03-22T21:10:07.745-705391-184723,615,false,12.50226284795505,2,2433.989284424727,1.0,1.0
2026-03-22T21:10:07.745-705391-184723,633,false,6.003765458193208,2,2433.989284424727,1.0,1.0
2026-03-22T21:10:07.745-705391-184723,887,false,3.5501642588508604,2,2433.989284424727,1.0,1.0
2026-03-22T21:10:07.745-705391-184723,889,false,3.243501456929971,2,2433.989284424727,1.0,1.0
2026-03-22T21:10:07.745-705391-184723,445,false,0.10025807810066724,2,2433.989284424727,1.0,1.0
2026-03-22T21:10:07.745-705391-184723,707,false,0.08808486427235963,2,2433.989284424727,1.0,1.0
2026-03-22T21:10:07.745-705391-184723,714,true,1.4594065456632375,2,2432.529877879064,1.0,0.0
2026-03-22T21:10:07.745-705391-184723,283,false,66.18792913634974,2,2432.529877879064,1.0,1.0
2026-03-22T21:10:07.745-705391-184723,40,false,3.7797845997214834,2,2432.529877879064,1.0,1.0
2026-03-22T21:10:07.745-705391-184723,172,false,1.7501529010328933,2,2432.529877879064,1.0,1.0
2026-03-22T21:10:07.745-705391-184723,779,true,24.033646154706563,2,2408.496231724357,1.0,0.0
2026-03-22T21:10:07.745-705391-184723,504,false,15.413793955626224,2,2408.496231724357,1.0,1.0
2026-03-22T21:10:07.745-705391-184723,101,false,3.8288607698282817,2,2408.496231724357,1.0,1.0
2026-03-22T21:10:07.745-705391-184723,407,false,2.925776136414453,2,2408.496231724357,1.0,1.0
2026-03-22T21:10:07.745-705391-184723,612,false,2.2819867956964317,2,2408.496231724357,1.0,1.0
2026-03-22T21:10:07.745-705391-184723,962,false,1.8061852794176574,2,2408.496231724357,1.0,1.0
2026-03-22T21:10:07.745-705391-184723,423,false,0.4775685860575959,2,2408.496231724357,1.0,1.0
2026-03-22T21:10:07.745-705391-184723,511,false,1.462366328173537,2,2408.496231724357,1.0,1.0
2026-03-22T21:10:07.745-705391-184723,383,false,3.742404683416628,2,2408.496231724357,1.0,1.0
2026-03-22T21:10:07.745-705391-184723,568,false,3.2525161513144094,2,2408.496231724357,1.0,1.0
2026-03-22T21:10:07.745-705391-184723,19,false,16.145256334111185,2,2408.496231724357,1.0,1.0
2026-03-22T21:10:07.745-705391-184723,402,false,16.716736102225795,2,2408.496231724357,1.0,1.0
2026-03-22T21:10:07.745-705391-184723,329,false,0.09276595937434375,2,2408.496231724357,1.0,1.0
2026-03-22T21:10:07.745-705391-184723,506,true,2.016889607666353,2,2406.479342116691,1.0,0.94
2026-03-22T21:10:07.745-705391-184723,430,false,13.286296179875958,2,2406.479342116691,1.0,1.0
2026-03-22T21:10:07.745-705391-184723,936,true,0.3029364839926084,2,2406.1764056326983,1.0,0.0
2026-03-22T21:10:07.745-705391-184723,237,true,0.8128755751266646,2,2405.3635300575716,1.0,0.019000000000000017
2026-03-22T21:10:07.745-705391-184723,372,true,80.31203427833132,2,2325.05149577924,1.0,0.7030000000000001
2026-03-22T21:10:07.745-705391-184723,223,false,14.794652988947151,2,2325.05149577924,1.0,1.0
2026-03-22T21:10:07.745-705391-184723,597,false,0.19756168503696483,2,2325.05149577924,1.0,1.0
2026-03-22T21:10:07.745-705391-184723,627,false,271.39250505235685,2,2325.05149577924,1.0,1.0
2026-03-22T21:10:07.745-705391-184723,988,false,2.5429979150945794,2,2325.05149577924,1.0,1.0
2026-03-22T21:10:07.745-705391-184723,918,false,1.4122089845231178,2,2325.05149577924,1.0,1.0
2026-03-22T21:10:07.745-705391-184723,468,false,19.615594855560193,2,2325.05149577924,1.0,1.0
2026-03-22T21:10:07.745-705391-184723,449,false,8.919324324298799,2,2325.05149577924,1.0,1.0
2026-03-22T21:10:07.745-705391-184723,958,false,1.5089648299279248,2,2325.05149577924,1.0,1.0
2026-03-22T21:10:07.745-705391-184723,866,false,0.24755038484687206,2,2325.05149577924,1.0,1.0
2026-03-22T21:10:07.745-705391-184723,745,false,11.837848664663941,2,2325.05149577924,1.0,1.0
2026-03-22T21:10:07.745-705391-184723,699,false,0.7408272000753642,2,2325.05149577924,1.0,1.0
2026-03-22T21:10:07.745-705391-184723,788,false,3.9560297856669484,2,2325.05149577924,1.0,1.0
2026-03-22T21:10:07.745-705391-184723,878,false,0.38618886459508694,2,2325.05149577924,1.0,1.0
2026-03-22T21:10:07.745-705391-184723,669,false,14.217331758107363,2,2325.05149577924,1.0,1.0
2026-03-22T21:10:07.745-705391-184723,961,false,4.044524521613997,2,2325.05149577924,1.0,1.0
2026-03-22T21:10:07.745-705391-184723,159,false,2.6210350632590202,2,2325.05149577924,1.0,1.0
2026-03-22T21:10:07.745-705391-184723,58,true,2.4121201769168326,2,2322.6393756023235,1.0,0.0
2026-03-22T21:10:07.745-705391-184723,686,false,6.624405867685696,2,2322.6393756023235,1.0,1.0
2026-03-22T21:10:07.745-705391-184723,509,true,1.8787134716078095,2,2320.760662130716,1.0,0.745
2026-03-22T21:10:07.745-705391-184723,801,false,10.927915139391262,2,2320.760662130716,1.0,1.0
2026-03-22T21:10:07.745-705391-184723,542,false,0.7049888368341347,2,2320.760662130716,1.0,1.0
2026-03-22T21:10:07.745-705391-184723,217,false,0.3110879525521728,2,2320.760662130716,1.0,1.0
2026-03-22T21:10:07.745-705391-184723,609,false,0.2311181658507372,2,2320.760662130716,1.0,1.0
2026-03-22T21:10:07.745-705391-184723,763,false,0.06391821601937044,2,2320.760662130716,1.0,1.0
2026-03-22T21:10:07.745-705391-184723,296,false,4.855178922813361,2,2320.760662130716,1.0,1.0
2026-03-22T21:10:07.745-705391-184723,274,false,28.34782510249173,2,2320.760662130716,1.0,1.0
2026-03-22T21:10:07.745-705391-184723,899,false,4.427313364800087,2,2320.760662130716,1.0,1.0
2026-03-22T21:10:07.745-705391-184723,847,false,0.5891477485878618,2,2320.760662130716,1.0,1.0
2026-03-22T21:10:07.745-705391-184723,885,false,4.318783523715369,2,2320.760662130716,1.0,1.0
2026-03-22T21:10:07.745-705391-184723,921,true,1.4146971894389968,2,2319.345964941277,1.0,0.0
2026-03-22T21:10:07.745-705391-184723,375,true,0.24164805596109082,2,2319.104316885316,1.0,0.86
2026-03-22T21:10:07.745-705391-184723,710,true,6.52095710935753,2,2312.583359775959,1.0,0.718
2026-03-22T21:10:07.745-705391-184723,344,false,0.6494037991583756,2,2312.583359775959,1.0,1.0
2026-03-22T21:10:07.745-705391-184723,199,false,0.41385350904536333,2,2312.583359775959,1.0,1.0
2026-03-22T21:10:07.745-705391-184723,659,false,3.276584504753522,2,2312.583359775959,1.0,1.0
2026-03-22T21:10:07.745-705391-184723,835,false,111.75796141058056,2,2312.583359775959,1.0,1.0
2026-03-22T21:10:07.745-705391-184723,619,false,3.466401472818745,2,2312.583359775959,1.0,1.0
2026-03-22T21:10:07.745-705391-184723,260,false,2.0650448281447504,2,2312.583359775959,1.0,1.0
2026-03-22T21:10:07.745-705391-184723,332,false,0.14498570942337158,2,2312.583359775959,1.0,1.0
2026-03-22T21:10:07.745-705391-184723,674,false,16.44124337621498,2,2312.583359775959,1.0,1.0
2026-03-22T21:10:07.745-705391-184723,681,false,2.715494588732909,2,2312.583359775959,1.0,1.0
2026-03-22T21:10:07.745-705391-184723,841,false,0.9622911050202765,2,2312.583359775959,1.0,1.0
2026-03-22T21:10:07.745-705391-184723,421,false,12.260835239162752,2,2312.583359775959,1.0,1.0
2026-03-22T21:10:07.745-705391-184723,33,false,6.326697165219337,2,2312.583359775959,1.0,1.0
2026-03-22T21:10:07.745-705391-184723,21,false,13.869764927513152,2,2312.583359775959,1.0,1.0
2026-03-22T21:10:07.745-705391-184723,127,false,2.6941332384765104,2,2312.583359775959,1.0,1.0
2026-03-22T21:10:07.745-705391-184723,943,true,224.5394395769499,2,2088.043920199009,1.0,0.6579999999999999
2026-03-22T21:10:07.745-705391-184723,151,true,7.246156725731645,2,2080.7977634732774,1.0,0.0
2026-03-22T21:10:07.745-705391-184723,213,false,0.8326578858009823,2,2080.7977634732774,1.0,1.0
2026-03-22T21:10:07.745-705391-184723,911,false,5.7626864485151215,2,2080.7977634732774,1.0,1.0
2026-03-22T21:10:07.745-705391-184723,120,false,12.167791977623137,2,2080.7977634732774,1.0,1.0
2026-03-22T21:10:07.745-705391-184723,230,true,6.766813575508707,2,2074.0309498977686,1.0,0.727
2026-03-22T21:10:07.745-705391-184723,729,true,17.247394982161627,2,2056.783554915607,1.0,0.654
2026-03-22T21:10:07.745-705391-184723,917,false,2.486656848439989,2,2056.783554915607,1.0,1.0
2026-03-22T21:10:07.745-705391-184723,84,false,12.67755175768424,2,2056.783554915607,1.0,1.0
2026-03-22T21:10:07.745-705391-184723,231,false,0.12192278369656803,2,2056.783554915607,1.0,1.0
2026-03-22T21:10:07.745-705391-184723,565,false,0.4492322018391292,2,2056.783554915607,1.0,1.0
2026-03-22T21:10:07.745-705391-184723,443,false,1.7801782771867347,2,2056.783554915607,1.0,1.0
2026-03-22T21:10:07.745-705391-184723,755,false,143.17145650812623,2,2056.783554915607,1.0,1.0
2026-03-22T21:10:07.745-705391-184723,493,true,16.32710163038801,2,2040.4564532852191,1.0,0.0010000000000000009
2026-03-22T21:10:07.745-705391-184723,993,false,0.1545224647278,2,2040.4564532852191,1.0,1.0
2026-03-22T21:10:07.745-705391-184723,664,false,0.3503910594696029,2,2040.4564532852191,1.0,1.0
2026-03-22T21:10:07.745-705391-184723,112,false,280.6692601348524,2,2040.4564532852191,1.0,1.0
2026-03-22T21:10:07.745-705391-184723,739,false,48.634728033038165,2,2040.4564532852191,1.0,1.0
2026-03-22T21:10:07.745-705391-184723,945,true,0.8020789100721744,2,2039.654374375147,1.0,0.6679999999999999
2026-03-22T21:10:07.745-705391-184723,424,false,0.25739216766247125,2,2039.654374375147,1.0,1.0
2026-03-22T21:10:07.745-705391-184723,39,false,5.994537417930549,2,2039.654374375147,1.0,1.0
2026-03-22T21:10:07.745-705391-184723,208,false,8.181052223617279,2,2039.654374375147,1.0,1.0
2026-03-22T21:10:07.745-705391-184723,676,false,0.38019979706281737,2,2039.654374375147,1.0,1.0
2026-03-22T21:10:07.745-705391-184723,203,false,4.3751428470425,2,2039.654374375147,1.0,1.0
2026-03-22T21:10:07.745-705391-184723,798,false,3.62356904311635,2,2039.654374375147,1.0,1.0
2026-03-22T21:10:07.745-705391-184723,709,true,4.621082716193305,2,2035.0332916589537,1.0,0.7
2026-03-22T21:10:07.745-705391-184723,538,false,0.43282234878772324,2,2035.0332916589537,1.0,1.0
2026-03-22T21:10:07.745-705391-184723,98,false,8.497175677181447,2,2035.0332916589537,1.0,1.0
2026-03-22T21:10:07.745-705391-184723,53,false,79.75035099660434,2,2035.0332916589537,1.0,1.0
2026-03-22T21:10:07.745-705391-184723,222,false,0.25280126427017563,2,2035.0332916589537,1.0,1.0
2026-03-22T21:10:07.745-705391-184723,872,false,0.31865268533278124,2,2035.0332916589537,1.0,1.0
2026-03-22T21:10:07.745-705391-184723,507,true,5.6085798476189535,2,2029.4247118113346,1.0,0.0020000000000000018
2026-03-22T21:10:07.745-705391-184723,457,false,5.136082121154161,2,2029.4247118113346,1.0,1.0
2026-03-22T21:10:07.745-705391-184723,126,false,2.761907801871941,2,2029.4247118113346,1.0,1.0
2026-03-22T21:10:07.745-705391-184723,495,true,17.13168272988117,2,2012.2930290814534,1.0,0.10499999999999998
2026-03-22T21:10:07.745-705391-184723,136,true,0.2821953743279373,2,2012.0108337071254,1.0,0.0030000000000000027
2026-03-22T21:10:07.745-705391-184723,746,false,3.2035676406156144,2,2012.0108337071254,1.0,1.0
2026-03-22T21:10:07.745-705391-184723,641,false,32.38376917191951,2,2012.0108337071254,1.0,1.0
2026-03-22T21:10:07.745-705391-184723,672,false,1.361992601860068,2,2012.0108337071254,1.0,1.0
2026-03-22T21:10:07.745-705391-184723,861,false,7.850110638342334,2,2012.0108337071254,1.0,1.0
2026-03-22T21:10:07.745-705391-184723,856,false,0.07479375386432871,2,2012.0108337071254,1.0,1.0
2026-03-22T21:10:07.745-705391-184723,385,false,3.2027893987886653,2,2012.0108337071254,1.0,1.0
2026-03-22T21:10:07.745-705391-184723,844,false,5.040749897462861,2,2012.0108337071254,1.0,1.0
2026-03-22T21:10:07.745-705391-184723,690,false,2.0954354044309507,2,2012.0108337071254,1.0,1.0
2026-03-22T21:10:07.745-705391-184723,83,false,3.5200961696859205,2,2012.0108337071254,1.0,1.0
2026-03-22T21:10:07.745-705391-184723,994,false,9.420214557680847,2,2012.0108337071254,1.0,1.0
2026-03-22T21:10:07.745-705391-184723,736,false,0.3469395782350323,2,2012.0108337071254,1.0,1.0
2026-03-22T21:10:07.745-705391-184723,668,true,3.3210121096341036,2,2008.6898215974913,1.0,0.881
2026-03-22T21:10:07.745-705391-184723,783,true,6.653529616136644,2,2002.0362919813547,1.0,0.0020000000000000018
2026-03-22T21:10:07.745-705391-184723,118,false,471.9017799293622,2,2002.0362919813547,1.0,1.0
2026-03-22T21:10:07.745-705391-184723,43,false,0.8698448689844943,2,2002.0362919813547,1.0,1.0
2026-03-22T21:10:07.745-705391-184723,302,false,1.5680561333695509,2,2002.0362919813547,1.0,1.0
2026-03-22T21:10:07.745-705391-184723,544,false,36.88948477380908,2,2002.0362919813547,1.0,1.0
2026-03-22T21:10:07.745-705391-184723,379,false,5.30999137777233,2,2002.0362919813547,1.0,1.0
2026-03-22T21:10:07.745-705391-184723,981,false,4.865219618456861,2,2002.0362919813547,1.0,1.0
2026-03-22T21:10:07.745-705391-184723,623,false,0.14157489487235572,2,2002.0362919813547,1.0,1.0
2026-03-22T21:10:07.745-705391-184723,339,false,3.6580465686644494,2,2002.0362919813547,1.0,1.0
2026-03-22T21:10:07.745-705391-184723,577,false,11.22177570363263,2,2002.0362919813547,1.0,1.0
2026-03-22T21:10:07.745-705391-184723,221,false,588.728943788081,2,2002.0362919813547,1.0,1.0
2026-03-22T21:10:07.745-705391-184723,247,true,2.434005694498513,2,1999.6022862868563,1.0,0.726
2026-03-22T21:10:07.745-705391-184723,275,false,41.548547003477374,2,1999.6022862868563,1.0,1.0
2026-03-22T21:10:07.745-705391-184723,853,false,15.36798738820812,2,1999.6022862868563,1.0,1.0
2026-03-22T21:10:07.745-705391-184723,219,false,2.472488401879144,2,1999.6022862868563,1.0,1.0
2026-03-22T21:10:07.745-705391-184723,751,false,5.312202500432841,2,1999.6022862868563,1.0,1.0
2026-03-22T21:10:07.745-705391-184723,197,false,40.35640064059738,2,1999.6022862868563,1.0,1.0
2026-03-22T21:10:07.745-705391-184723,796,false,0.14425121093447607,2,1999.6022862868563,1.0,1.0
2026-03-22T21:10:07.745-705391-184723,174,false,2.37635146402505,2,1999.6022862868563,1.0,1.0
2026-03-22T21:10:07.745-705391-184723,386,false,0.5041869497397752,2,1999.6022862868563,1.0,1.0
2026-03-22T21:10:07.745-705391-184723,775,false,0.22150495359748448,2,1999.6022862868563,1.0,1.0
2026-03-22T21:10:07.745-705391-184723,530,false,11.763503156333543,2,1999.6022862868563,1.0,1.0
2026-03-22T21:10:07.745-705391-184723,267,false,3.639532011257398,2,1999.6022862868563,1.0,1.0
2026-03-22T21:10:07.745-705391-184723,518,false,0.2023974927565166,2,1999.6022862868563,1.0,1.0
2026-03-22T21:10:07.745-705391-184723,680,false,0.6537951573227191,2,1999.6022862868563,1.0,1.0
2026-03-22T21:10:07.745-705391-184723,808,false,6.275885636469353,2,1999.6022862868563,1.0,1.0
2026-03-22T21:10:07.745-705391-184723,24,false,16.16448221845528,2,1999.6022862868563,1.0,1.0
2026-03-22T21:10:07.745-705391-184723,655,false,68.3038607033267,2,1999.6022862868563,1.0,1.0
2026-03-22T21:10:07.745-705391-184723,692,false,0.9318645408584387,2,1999.6022862868563,1.0,1.0
2026-03-22T21:10:07.745-705391-184723,813,false,0.6526505319886574,2,1999.6022862868563,1.0,1.0
2026-03-22T21:10:07.745-705391-184723,225,false,0.11018060862122957,2,1999.6022862868563,1.0,1.0
2026-03-22T21:10:07.745-705391-184723,134,true,145.4875896884481,2,1854.114696598408,1.0,0.84
2026-03-22T21:10:07.745-705391-184723,439,false,2.346866506888885,2,1854.114696598408,1.0,1.0
2026-03-22T21:10:07.745-705391-184723,241,true,17.791497931246862,2,1836.3231986671613,1.0,0.0
2026-03-22T21:10:07.745-705391-184723,791,false,6.144871100041226,2,1836.3231986671613,1.0,1.0
2026-03-22T21:10:07.745-705391-184723,594,false,0.07896096825631362,2,1836.3231986671613,1.0,1.0
2026-03-22T21:10:07.745-705391-184723,868,false,4.976676017796,2,1836.3231986671613,1.0,1.0
2026-03-22T21:10:07.745-705391-184723,579,false,10.291975563740372,2,1836.3231986671613,1.0,1.0
2026-03-22T21:10:07.745-705391-184723,894,false,0.7882880832752737,2,1836.3231986671613,1.0,1.0
2026-03-22T21:10:07.745-705391-184723,520,false,10.322774045923959,2,1836.3231986671613,1.0,1.0
2026-03-22T21:10:07.745-705391-184723,733,false,1.436253628161437,2,1836.3231986671613,1.0,1.0
2026-03-22T21:10:07.745-705391-184723,312,true,11.861556838198577,2,1824.4616418289627,1.0,0.0
2026-03-22T21:10:07.745-705391-184723,236,true,16.267666610030982,2,1808.1939752189317,1.0,0.0
2026-03-22T21:10:07.745-705391-184723,496,false,0.07807480841302372,2,1808.1939752189317,1.0,1.0
2026-03-22T21:10:07.745-705391-184723,384,false,5.08467317085039,2,1808.1939752189317,1.0,1.0
2026-03-22T21:10:07.745-705391-184723,795,false,5.498839840810027,2,1808.1939752189317,1.0,1.0
2026-03-22T21:10:07.745-705391-184723,916,false,4.897607324552943,2,1808.1939752189317,1.0,1.0
2026-03-22T21:10:07.745-705391-184723,964,false,0.44123899728534366,2,1808.1939752189317,1.0,1.0
2026-03-22T21:10:07.745-705391-184723,291,true,29.49733093406343,2,1778.6966442848682,1.0,0.704
2026-03-22T21:10:07.745-705391-184723,549,false,77.96851820113586,2,1778.6966442848682,1.0,1.0
2026-03-22T21:10:07.745-705391-184723,781,true,46.592005853464,2,1732.104638431404,1.0,0.0
2026-03-22T21:10:07.745-705391-184723,113,false,0.9338496369385243,2,1732.104638431404,1.0,1.0
2026-03-22T21:10:07.745-705391-184723,453,false,0.1737340820165882,2,1732.104638431404,1.0,1.0
2026-03-22T21:10:07.745-705391-184723,700,false,54.60795151752243,2,1732.104638431404,1.0,1.0
2026-03-22T21:10:07.745-705391-184723,646,false,2.6130983485347286,2,1732.104638431404,1.0,1.0
2026-03-22T21:10:07.745-705391-184723,414,false,0.6494158637702558,2,1732.104638431404,1.0,1.0
2026-03-22T21:10:07.745-705391-184723,537,false,31.106940061892384,2,1732.104638431404,1.0,1.0
2026-03-22T21:10:07.745-705391-184723,467,false,4.141502142475956,2,1732.104638431404,1.0,1.0
2026-03-22T21:10:07.745-705391-184723,551,false,0.3445428731772904,2,1732.104638431404,1.0,1.0
2026-03-22T21:10:07.745-705391-184723,263,false,9.217302847751737,2,1732.104638431404,1.0,1.0
2026-03-22T21:10:07.745-705391-184723,196,true,21.865492173916795,2,1710.2391462574872,1.0,0.86
2026-03-22T21:10:07.745-705391-184723,805,false,0.4263283779697809,2,1710.2391462574872,1.0,1.0
2026-03-22T21:10:07.745-705391-184723,540,false,3.4064464317540155,2,1710.2391462574872,1.0,1.0
2026-03-22T21:10:07.745-705391-184723,417,false,1.9030534865633018,2,1710.2391462574872,1.0,1.0
2026-03-22T21:10:07.745-705391-184723,220,false,573.2330433442321,2,1710.2391462574872,1.0,1.0
2026-03-22T21:10:07.745-705391-184723,346,false,0.5001444615036272,2,1710.2391462574872,1.0,1.0
2026-03-22T21:10:07.745-705391-184723,406,false,0.10923884099556513,2,1710.2391462574872,1.0,1.0
2026-03-22T21:10:07.745-705391-184723,250,true,87.24143379812726,2,1622.99771245936,1.0,0.933
2026-03-22T21:10:07.745-705391-184723,169,false,0.12228997530358464,2,1622.99771245936,1.0,1.0
2026-03-22T21:10:07.745-705391-184723,212,false,0.5312440467708707,2,1622.99771245936,1.0,1.0
2026-03-22T21:10:07.745-705391-184723,913,false,0.01086809615669902,2,1622.99771245936,1.0,1.0
2026-03-22T21:10:07.745-705391-184723,521,false,29.352322732565508,2,1622.99771245936,1.0,1.0
2026-03-22T21:10:07.745-705391-184723,859,false,1.73283551357954,2,1622.99771245936,1.0,1.0
2026-03-22T21:10:07.745-705391-184723,987,false,0.21549488731606306,2,1622.99771245936,1.0,1.0
2026-03-22T21:10:07.745-705391-184723,278,true,3.3058669967683323,2,1619.6918454625916,1.0,0.999
2026-03-22T21:10:07.745-705391-184723,828,false,0.26403062674986444,2,1619.6918454625916,1.0,1.0
2026-03-22T21:10:07.745-705391-184723,514,false,0.1315036921861316,2,1619.6918454625916,1.0,1.0
2026-03-22T21:10:07.745-705391-184723,980,false,0.7682380558448235,2,1619.6918454625916,1.0,1.0
2026-03-22T21:10:07.745-705391-184723,200,false,6.148558671940507,2,1619.6918454625916,1.0,1.0
2026-03-22T21:10:07.745-705391-184723,343,false,3.262891709520272,2,1619.6918454625916,1.0,1.0
2026-03-22T21:10:07.745-705391-184723,186,false,4.000762735333742,2,1619.6918454625916,1.0,1.0
2026-03-22T21:10:07.745-705391-184723,884,false,0.6971444917764155,2,1619.6918454625916,1.0,1.0
2026-03-22T21:10:07.745-705391-184723,342,false,0.6202467495073115,2,1619.6918454625916,1.0,1.0
2026-03-22T21:10:07.745-705391-184723,465,false,5.490380204276872,2,1619.6918454625916,1.0,1.0
2026-03-22T21:10:07.745-705391-184723,109,false,22.38614626683396,2,1619.6918454625916,1.0,1.0
2026-03-22T21:10:07.745-705391-184723,631,false,28.135006672496257,2,1619.6918454625916,1.0,1.0
2026-03-22T21:10:07.745-705391-184723,760,false,90.80677145987259,2,1619.6918454625916,1.0,1.0
2026-03-22T21:10:07.745-705391-184723,242,true,0.43299125113337894,2,1619.2588542114581,1.0,0.0
2026-03-22T21:10:07.745-705391-184723,653,false,0.5993285559341995,2,1619.2588542114581,1.0,1.0
2026-03-22T21:10:07.745-705391-184723,205,false,0.35908318543511586,2,1619.2588542114581,1.0,1.0
2026-03-22T21:10:07.745-705391-184723,642,false,4.048909388561331,2,1619.2588542114581,1.0,1.0
2026-03-22T21:10:07.745-705391-184723,188,false,132.810363768449,2,1619.2588542114581,1.0,1.0
2026-03-22T21:10:07.745-705391-184723,908,false,0.48631586315328623,2,1619.2588542114581,1.0,1.0
2026-03-22T21:10:07.745-705391-184723,792,false,7.445796750017285,2,1619.2588542114581,1.0,1.0
2026-03-22T21:10:07.745-705391-184723,161,false,1.6987202713943255,2,1619.2588542114581,1.0,1.0
2026-03-22T21:10:07.745-705391-184723,1000,false,3.887490649058654,2,1619.2588542114581,1.0,1.0
2026-03-22T21:10:07.745-705391-184723,629,false,4.6189916118201415,2,1619.2588542114581,1.0,1.0
2026-03-22T21:10:07.745-705391-184723,229,true,7.402856856739421,2,1611.8559973547187,1.0,0.0010000000000000009
2026-03-22T21:10:07.745-705391-184723,753,false,0.25270525260846893,2,1611.8559973547187,1.0,1.0
2026-03-22T21:10:07.745-705391-184723,696,false,0.034466613698235726,2,1611.8559973547187,1.0,1.0
2026-03-22T21:10:07.745-705391-184723,259,false,0.2379764359793248,2,1611.8559973547187,1.0,1.0
2026-03-22T21:10:07.745-705391-184723,638,false,2.6303305761076365,2,1611.8559973547187,1.0,1.0
2026-03-22T21:10:07.745-705391-184723,836,false,18.908690411212127,2,1611.8559973547187,1.0,1.0
2026-03-22T21:10:07.745-705391-184723,508,true,3.318574239046523,2,1608.5374231156723,1.0,0.0
2026-03-22T21:10:07.745-705391-184723,626,false,26.493913200383716,2,1608.5374231156723,1.0,1.0
2026-03-22T21:10:07.745-705391-184723,902,false,0.8550235382023549,2,1608.5374231156723,1.0,1.0
2026-03-22T21:10:07.745-705391-184723,270,false,0.2898114030003131,2,1608.5374231156723,1.0,1.0
2026-03-22T21:10:07.745-705391-184723,616,false,12.138612477148799,2,1608.5374231156723,1.0,1.0
2026-03-22T21:10:07.745-705391-184723,452,false,1.2318222398012013,2,1608.5374231156723,1.0,1.0
2026-03-22T21:10:07.745-705391-184723,427,false,1.5853325498267585,2,1608.5374231156723,1.0,1.0
2026-03-22T21:10:07.745-705391-184723,306,true,0.5762835157218456,2,1607.9611395999505,1.0,0.712
2026-03-22T21:10:07.745-705391-184723,401,false,0.0440146272458555,2,1607.9611395999505,1.0,1.0
2026-03-22T21:10:07.745-705391-184723,396,false,102.60196841149454,2,1607.9611395999505,1.0,1.0
2026-03-22T21:10:07.745-705391-184723,341,false,3.0145183660915493,2,1607.9611395999505,1.0,1.0
2026-03-22T21:10:07.745-705391-184723,621,false,11.803010523912848,2,1607.9611395999505,1.0,1.0
2026-03-22T21:10:07.745-705391-184723,207,false,35.15727797700483,2,1607.9611395999505,1.0,1.0
2026-03-22T21:10:07.745-705391-184723,36,false,16.620892956686433,2,1607.9611395999505,1.0,1.0
2026-03-22T21:10:07.745-705391-184723,580,true,0.6216487695721509,2,1607.3394908303783,1.0,0.7130000000000001
2026-03-22T21:10:07.745-705391-184723,429,false,20.634529342364594,2,1607.3394908303783,1.0,1.0
2026-03-22T21:10:07.745-705391-184723,400,false,6.919912875638601,2,1607.3394908303783,1.0,1.0
2026-03-22T21:10:07.745-705391-184723,178,false,0.9336481761435554,2,1607.3394908303783,1.0,1.0
2026-03-22T21:10:07.745-705391-184723,13,false,692.2084317802942,2,1607.3394908303783,1.0,1.0
2026-03-22T21:10:07.745-705391-184723,608,false,9.807670969325022,2,1607.3394908303783,1.0,1.0
2026-03-22T21:10:07.745-705391-184723,589,false,0.17421458643498902,2,1607.3394908303783,1.0,1.0
2026-03-22T21:10:07.745-705391-184723,380,false,4.041409389940851,2,1607.3394908303783,1.0,1.0
2026-03-22T21:10:07.745-705391-184723,307,true,18.273577958544482,2,1589.0659128718337,1.0,0.0
2026-03-22T21:10:07.745-705391-184723,256,false,3.2125988798050074,2,1589.0659128718337,1.0,1.0
2026-03-22T21:10:07.745-705391-184723,610,false,9.92958990052836,2,1589.0659128718337,1.0,1.0
2026-03-22T21:10:07.745-705391-184723,879,false,4.927048796577631,2,1589.0659128718337,1.0,1.0
2026-03-22T21:10:07.745-705391-184723,210,false,168.90444094150618,2,1589.0659128718337,1.0,1.0
2026-03-22T21:10:07.745-705391-184723,643,true,0.667471645643324,2,1588.3984412261905,1.0,0.10599999999999998
2026-03-22T21:10:07.745-705391-184723,907,false,0.5855526464476795,2,1588.3984412261905,1.0,1.0
2026-03-22T21:10:07.745-705391-184723,832,false,21.01603879678058,2,1588.3984412261905,1.0,1.0
2026-03-22T21:10:07.745-705391-184723,789,false,1.0876706399673974,2,1588.3984412261905,1.0,1.0
2026-03-22T21:10:07.745-705391-184723,303,true,6.36172500848262,2,1582.0367162177079,1.0,0.6950000000000001
2026-03-22T21:10:07.745-705391-184723,909,false,2.3498617800041024,2,1582.0367162177079,1.0,1.0
2026-03-22T21:10:07.745-705391-184723,9,false,0.7961230910836135,2,1582.0367162177079,1.0,1.0
2026-03-22T21:10:07.745-705391-184723,771,false,3.3252845588224904,2,1582.0367162177079,1.0,1.0
2026-03-22T21:10:07.745-705391-184723,185,false,19.355647167142884,2,1582.0367162177079,1.0,1.0
2026-03-22T21:10:07.745-705391-184723,649,false,23.48602079670801,2,1582.0367162177079,1.0,1.0
2026-03-22T21:10:07.745-705391-184723,373,true,1.2045955194605857,2,1580.8321206982473,1.0,0.0
2026-03-22T21:10:07.745-705391-184723,392,false,1.0899005894200722,2,1580.8321206982473,1.0,1.0
2026-03-22T21:10:07.745-705391-184723,54,true,0.7703630639468677,2,1580.0617576343004,1.0,0.6970000000000001
2026-03-22T21:10:07.745-705391-184723,950,false,0.2906942194386634,2,1580.0617576343004,1.0,1.0
2026-03-22T21:10:07.745-705391-184723,702,true,56.73102836941645,2,1523.330729264884,1.0,0.859
2026-03-22T21:10:07.745-705391-184723,251,true,4.165366586421712,2,1519.1653626784623,1.0,0.679
2026-03-22T21:10:07.745-705391-184723,166,false,1.069076404543371,2,1519.1653626784623,1.0,1.0
2026-03-22T21:10:07.745-705391-184723,830,false,0.07993994733999629,2,1519.1653626784623,1.0,1.0
2026-03-22T21:10:07.745-705391-184723,86,false,0.9778212248248047,2,1519.1653626784623,1.0,1.0
2026-03-22T21:10:07.745-705391-184723,187,true,16.233162113923754,2,1502.9322005645386,1.0,0.9319999999999999
2026-03-22T21:10:07.745-705391-184723,262,false,19.309723574636372,2,1502.9322005645386,1.0,1.0
2026-03-22T21:10:07.745-705391-184723,546,false,2.4991772282140348,2,1502.9322005645386,1.0,1.0
2026-03-22T21:10:07.745-705391-184723,898,false,0.8101217192482091,2,1502.9322005645386,1.0,1.0
2026-03-22T21:10:07.745-705391-184723,285,false,0.4820844545838496,2,1502.9322005645386,1.0,1.0
2026-03-22T21:10:07.745-705391-184723,441,false,0.7790468018432034,2,1502.9322005645386,1.0,1.0
2026-03-22T21:10:07.745-705391-184723,458,false,8.003880760172933,2,1502.9322005645386,1.0,1.0
2026-03-22T21:10:07.745-705391-184723,647,false,9.137708891490915,2,1502.9322005645386,1.0,1.0
2026-03-22T21:10:07.745-705391-184723,195,true,105.57849673604775,2,1397.3537038284908,1.0,0.6659999999999999
2026-03-22T21:10:07.745-705391-184723,305,true,2.9258512149568032,2,1394.427852613534,1.0,0.0
2026-03-22T21:10:07.745-705391-184723,870,false,5.653952157935257,2,1394.427852613534,1.0,1.0
2026-03-22T21:10:07.745-705391-184723,630,false,19.19266400727405,2,1394.427852613534,1.0,1.0
2026-03-22T21:10:07.745-705391-184723,105,false,24.02858970637838,2,1394.427852613534,1.0,1.0
2026-03-22T21:10:07.745-705391-184723,688,false,0.12059079638521643,2,1394.427852613534,1.0,1.0
2026-03-22T21:10:07.745-705391-184723,410,false,5.900503931165975,2,1394.427852613534,1.0,1.0
2026-03-22T21:10:07.745-705391-184723,857,false,6.983359527647262,2,1394.427852613534,1.0,1.0
2026-03-22T21:10:07.745-705391-184723,477,false,0.1128708548335929,2,1394.427852613534,1.0,1.0
2026-03-22T21:10:07.745-705391-184723,209,false,2.9444584686299535,2,1394.427852613534,1.0,1.0
2026-03-22T21:10:07.745-705391-184723,82,true,0.298340145381416,2,1394.1295124681526,1.0,0.726
2026-03-22T21:10:07.745-705391-184723,446,false,9.67957980576936,2,1394.1295124681526,1.0,1.0
2026-03-22T21:10:07.745-705391-184723,759,false,0.23673811609581247,2,1394.1295124681526,1.0,1.0
2026-03-22T21:10:07.745-705391-184723,903,false,3.1867495351261153,2,1394.1295124681526,1.0,1.0
2026-03-22T21:10:07.745-705391-184723,352,true,1.6796278648784049,2,1392.449884603274,1.0,0.872
2026-03-22T21:10:07.745-705391-184723,860,false,0.3946802986031587,2,1392.449884603274,1.0,1.0
2026-03-22T21:10:07.745-705391-184723,345,false,1.1298671558485713,2,1392.449884603274,1.0,1.0
2026-03-22T21:10:07.745-705391-184723,51,true,58.14021612879475,2,1334.3096684744794,1.0,0.7030000000000001
2026-03-22T21:10:07.745-705391-184723,52,true,6.007900734023112,2,1328.3017677404562,1.0,0.0
2026-03-22T21:10:07.745-705391-184723,257,false,3.1100828820579465,2,1328.3017677404562,1.0,1.0
2026-03-22T21:10:07.745-705391-184723,531,false,3.901589204458293,2,1328.3017677404562,1.0,1.0
2026-03-22T21:10:07.745-705391-184723,955,false,18.72641784371998,2,1328.3017677404562,1.0,1.0
2026-03-22T21:10:07.745-705391-184723,132,true,201.8799245536153,2,1126.4218431868408,1.0,0.609
2026-03-22T21:10:07.745-705391-184723,177,false,1.2994050640278312,2,1126.4218431868408,1.0,1.0
2026-03-22T21:10:07.745-705391-184723,848,false,2.3634477488505445,2,1126.4218431868408,1.0,1.0
2026-03-22T21:10:07.745-705391-184723,252,true,2.739977875090556,2,1123.6818653117502,1.0,0.0010000000000000009
2026-03-22T21:10:07.745-705391-184723,986,false,0.15052926517728732,2,1123.6818653117502,1.0,1.0
2026-03-22T21:10:07.745-705391-184723,997,false,0.8314983865048666,2,1123.6818653117502,1.0,1.0
2026-03-22T21:10:07.745-705391-184723,404,false,1.0466572750208147,2,1123.6818653117502,1.0,1.0
2026-03-22T21:10:07.745-705391-184723,331,false,0.20708443366499946,2,1123.6818653117502,1.0,1.0
2026-03-22T21:10:07.745-705391-184723,677,false,34.13270641472483,2,1123.6818653117502,1.0,1.0
2026-03-22T21:10:07.745-705391-184723,693,false,1.6077857168207828,2,1123.6818653117502,1.0,1.0
2026-03-22T21:10:07.745-705391-184723,915,false,31.791887634963707,2,1123.6818653117502,1.0,1.0
2026-03-22T21:10:07.745-705391-184723,604,false,0.07375511802427435,2,1123.6818653117502,1.0,1.0
2026-03-22T21:10:07.745-705391-184723,464,false,0.8703948868409183,2,1123.6818653117502,1.0,1.0
2026-03-22T21:10:07.745-705391-184723,811,false,12.929996956154271,2,1123.6818653117502,1.0,1.0
2026-03-22T21:10:07.745-705391-184723,26,false,0.18216613873850845,2,1123.6818653117502,1.0,1.0
2026-03-22T21:10:07.745-705391-184723,827,false,3.2922046727537744,2,1123.6818653117502,1.0,1.0
2026-03-22T21:10:07.745-705391-184723,606,true,10.642055664298422,2,1113.0398096474519,1.0,0.7090000000000001
2026-03-22T21:10:07.745-705391-184723,239,true,0.5944433695756158,2,1112.4453662778762,1.0,0.0
2026-03-22T21:10:07.745-705391-184723,18,false,0.24829536855209114,2,1112.4453662778762,1.0,1.0
2026-03-22T21:10:07.745-705391-184723,96,false,0.012362080400195444,2,1112.4453662778762,1.0,1.0
2026-03-22T21:10:07.745-705391-184723,106,false,15.531758371419942,2,1112.4453662778762,1.0,1.0
2026-03-22T21:10:07.745-705391-184723,824,false,2.814339121053035,2,1112.4453662778762,1.0,1.0
2026-03-22T21:10:07.745-705391-184723,192,true,0.4960229058295362,2,1111.9493433720468,1.0,0.685
2026-03-22T21:10:07.745-705391-184723,81,true,1.0218223919722658,2,1110.9275209800744,1.0,0.015000000000000013
2026-03-22T21:10:07.745-705391-184723,403,false,18.881035761588272,2,1110.9275209800744,1.0,1.0
2026-03-22T21:10:07.745-705391-184723,254,true,0.3050315348855947,2,1110.6224894451889,1.0,0.0030000000000000027
2026-03-22T21:10:07.745-705391-184723,837,false,0.12885729389295025,2,1110.6224894451889,1.0,1.0
2026-03-22T21:10:07.745-705391-184723,246,true,1.286228495518437,2,1109.3362609496705,1.0,0.0
2026-03-22T21:10:07.745-705391-184723,8,false,14.541265641952771,2,1109.3362609496705,1.0,1.0
2026-03-22T21:10:07.745-705391-184723,584,true,3.839632660076494,2,1105.4966282895941,1.0,0.0020000000000000018
2026-03-22T21:10:07.745-705391-184723,415,false,2.1323820111586382,2,1105.4966282895941,1.0,1.0
2026-03-22T21:10:07.745-705391-184723,290,true,0.3447827267562331,2,1105.151845562838,1.0,0.0
2026-03-22T21:10:07.745-705391-184723,194,false,0.17286877967085737,2,1105.151845562838,1.0,1.0
2026-03-22T21:10:07.745-705391-184723,516,false,6.730911073452621,2,1105.151845562838,1.0,1.0
2026-03-22T21:10:07.745-705391-184723,156,true,0.2595098045520182,2,1104.892335758286,1.0,0.7110000000000001
2026-03-22T21:10:07.745-705391-184723,426,false,0.8535671304764344,2,1104.892335758286,1.0,1.0
2026-03-22T21:10:07.745-705391-184723,566,false,1.7576674906533232,2,1104.892335758286,1.0,1.0
2026-03-22T21:10:07.745-705391-184723,959,false,2.924618204325779,2,1104.892335758286,1.0,1.0
2026-03-22T21:10:07.745-705391-184723,350,true,1.5829671133067929,2,1103.3093686449793,1.0,0.0030000000000000027
2026-03-22T21:10:07.745-705391-184723,588,true,4.251245430339052,2,1099.0581232146403,1.0,0.882
2026-03-22T21:10:07.745-705391-184723,289,true,1.3555940792619006,2,1097.7025291353784,1.0,0.0
2026-03-22T21:10:07.745-705391-184723,761,false,0.4819891944502774,2,1097.7025291353784,1.0,1.0
2026-03-22T21:10:07.745-705391-184723,833,false,1.266692978834421,2,1097.7025291353784,1.0,1.0
2026-03-22T21:10:07.745-705391-184723,951,false,1.0455125018524847,2,1097.7025291353784,1.0,1.0
2026-03-22T21:10:07.745-705391-184723,550,false,16.35189291808195,2,1097.7025291353784,1.0,1.0
2026-03-22T21:10:07.745-705391-184723,28,false,0.06684698676473981,2,1097.7025291353784,1.0,1.0
2026-03-22T21:10:07.745-705391-184723,957,false,0.6142416188022196,2,1097.7025291353784,1.0,1.0
2026-03-22T21:10:07.745-705391-184723,85,true,0.708638679337331,2,1096.993890456041,1.0,0.7130000000000001
2026-03-22T21:10:07.745-705391-184723,758,false,3.9236224760062313,2,1096.993890456041,1.0,1.0
2026-03-22T21:10:07.745-705391-184723,168,false,33.125623354878826,2,1096.993890456041,1.0,1.0
2026-03-22T21:10:07.745-705391-184723,977,false,13.479539782662437,2,1096.993890456041,1.0,1.0
2026-03-22T21:10:07.745-705391-184723,510,true,4.449930537085176,2,1092.5439599189558,1.0,0.0
2026-03-22T21:10:07.745-705391-184723,820,false,47.98305736982665,2,1092.5439599189558,1.0,1.0
2026-03-22T21:10:07.745-705391-184723,812,false,38.66080430465538,2,1092.5439599189558,1.0,1.0
2026-03-22T21:10:07.745-705391-184723,515,false,20.607971758101662,2,1092.5439599189558,1.0,1.0
2026-03-22T21:10:07.745-705391-184723,663,false,15.641613326251084,2,1092.5439599189558,1.0,1.0
2026-03-22T21:10:07.745-705391-184723,366,false,0.07149525703389206,2,1092.5439599189558,1.0,1.0
2026-03-22T21:10:07.745-705391-184723,497,true,3.6989991332902505,2,1088.8449607856655,1.0,0.725
2026-03-22T21:10:07.745-705391-184723,103,false,6.981699054519706,2,1088.8449607856655,1.0,1.0
2026-03-22T21:10:07.745-705391-184723,95,false,1.1592071685792267,2,1088.8449607856655,1.0,1.0
2026-03-22T21:10:07.745-705391-184723,142,true,7.534283353306548,2,1081.310677432359,1.0,0.0
2026-03-22T21:10:07.745-705391-184723,914,false,0.889142696598138,2,1081.310677432359,1.0,1.0
2026-03-22T21:10:07.745-705391-184723,654,false,11.11827057770224,2,1081.310677432359,1.0,1.0
2026-03-22T21:10:07.745-705391-184723,155,true,26.80824220995783,2,1054.5024352224011,1.0,0.020000000000000018
2026-03-22T21:10:07.745-705391-184723,590,true,1.578212187704368,2,1052.9242230346968,1.0,0.0010000000000000009
2026-03-22T21:10:07.745-705391-184723,562,false,1.028040907256136,2,1052.9242230346968,1.0,1.0
2026-03-22T21:10:07.745-705391-184723,968,false,16.207358957804168,2,1052.9242230346968,1.0,1.0
2026-03-22T21:10:07.745-705391-184723,704,true,21.505672763172274,2,1031.4185502715245,1.0,0.688
2026-03-22T21:10:07.745-705391-184723,772,true,15.751052339899164,2,1015.6674979316253,1.0,0.879
2026-03-22T21:10:07.745-705391-184723,756,false,10.00134994246106,2,1015.6674979316253,1.0,1.0
2026-03-22T21:10:07.745-705391-184723,727,true,1.0065254087643425,2,1014.660972522861,1.0,0.0
2026-03-22T21:10:07.745-705391-184723,556,false,2.9834533595038124,2,1014.660972522861,1.0,1.0
2026-03-22T21:10:07.745-705391-184723,462,false,4.5768851432343745,2,1014.660972522861,1.0,1.0
2026-03-22T21:10:07.745-705391-184723,500,true,0.747688293320291,2,1013.9132842295407,1.0,0.7090000000000001
2026-03-22T21:10:07.745-705391-184723,555,false,45.618106671409656,2,1013.9132842295407,1.0,1.0
2026-03-22T21:10:07.745-705391-184723,355,true,1.2002373347498796,2,1012.7130468947909,1.0,0.0
2026-03-22T21:10:07.745-705391-184723,240,true,0.527329924670112,2,1012.1857169701208,1.0,0.0
2026-03-22T21:10:07.745-705391-184723,815,false,1.2344718878176635,2,1012.1857169701208,1.0,1.0
2026-03-22T21:10:07.745-705391-184723,890,false,0.33303708334343596,2,1012.1857169701208,1.0,1.0
2026-03-22T21:10:07.745-705391-184723,883,false,8.324218902752726,2,1012.1857169701208,1.0,1.0
2026-03-22T21:10:07.745-705391-184723,754,false,0.32083011912747234,2,1012.1857169701208,1.0,1.0
2026-03-22T21:10:07.745-705391-184723,545,false,50.88935330654989,2,1012.1857169701208,1.0,1.0
2026-03-22T21:10:07.745-705391-184723,737,false,0.6908514210652733,2,1012.1857169701208,1.0,1.0
2026-03-22T21:10:07.745-705391-184723,855,false,8.255640940477324,2,1012.1857169701208,1.0,1.0
2026-03-22T21:10:07.745-705391-184723,717,true,7.205660765163737,2,1004.980056204957,1.0,0.0
2026-03-22T21:10:07.745-705391-184723,895,false,2.747431459578426,2,1004.980056204957,1.0,1.0
2026-03-22T21:10:07.745-705391-184723,286,true,20.776602574214632,2,984.2034536307424,1.0,0.863
2026-03-22T21:10:07.745-705391-184723,287,true,20.145018424045006,2,964.0584352066974,1.0,0.0
2026-03-22T21:10:07.745-705391-184723,150,true,2.8192058184040603,2,961.2392293882933,1.0,0.0
2026-03-22T21:10:07.745-705391-184723,757,false,0.007799451822109971,2,961.2392293882933,1.0,1.0
2026-03-22T21:10:07.745-705391-184723,557,false,1.6303469181756798,2,961.2392293882933,1.0,1.0
2026-03-22T21:10:07.745-705391-184723,436,false,3.655807324511779,2,961.2392293882933,1.0,1.0
2026-03-22T21:10:07.745-705391-184723,55,true,26.775448458960664,2,934.4637809293326,1.0,0.0
2026-03-22T21:10:07.745-705391-184723,416,false,0.5424647101330629,2,934.4637809293326,1.0,1.0
2026-03-22T21:10:07.745-705391-184723,399,false,3.457405009172285,2,934.4637809293326,1.0,1.0
2026-03-22T21:10:07.745-705391-184723,201,false,0.7850300058182592,2,934.4637809293326,1.0,1.0
2026-03-22T21:10:07.745-705391-184723,1,false,1.3978993299621665,2,934.4637809293326,1.0,1.0
2026-03-22T21:10:07.745-705391-184723,503,true,2.7019245021584344,2,931.7618564271742,1.0,0.0030000000000000027
2026-03-22T21:10:07.745-705391-184723,591,false,0.13102763334498127,2,931.7618564271742,1.0,1.0
2026-03-22T21:10:07.745-705391-184723,528,false,0.4400379699851233,2,931.7618564271742,1.0,1.0
2026-03-22T21:10:07.745-705391-184723,956,false,132.95042693984726,2,931.7618564271742,1.0,1.0
2026-03-22T21:10:07.745-705391-184723,804,false,71.49841527799906,2,931.7618564271742,1.0,1.0
2026-03-22T21:10:07.745-705391-184723,6,false,16.34352531768148,2,931.7618564271742,1.0,1.0
2026-03-22T21:10:07.745-705391-184723,46,false,1.7086531168434298,2,931.7618564271742,1.0,1.0
2026-03-22T21:10:07.745-705391-184723,984,false,0.571329801408348,2,931.7618564271742,1.0,1.0
2026-03-22T21:10:07.745-705391-184723,121,false,10.227359505887879,2,931.7618564271742,1.0,1.0
2026-03-22T21:10:07.745-705391-184723,682,false,0.7427444237778825,2,931.7618564271742,1.0,1.0
2026-03-22T21:10:07.745-705391-184723,258,false,1.3466383749155446,2,931.7618564271742,1.0,1.0
2026-03-22T21:10:07.745-705391-184723,394,false,81.08337441466125,2,931.7618564271742,1.0,1.0
2026-03-22T21:10:07.745-705391-184723,809,false,0.6501838074642188,2,931.7618564271742,1.0,1.0
2026-03-22T21:10:07.745-705391-184723,190,true,45.442263233716695,2,886.3195931934574,1.0,0.0
2026-03-22T21:10:07.745-705391-184723,122,false,11.44897463181801,2,886.3195931934574,1.0,1.0
2026-03-22T21:10:07.745-705391-184723,268,false,0.3303828188327724,2,886.3195931934574,1.0,1.0
2026-03-22T21:10:07.745-705391-184723,68,false,0.03606662116538796,2,886.3195931934574,1.0,1.0
2026-03-22T21:10:07.745-705391-184723,160,false,0.5135469057890681,2,886.3195931934574,1.0,1.0
2026-03-22T21:10:07.745-705391-184723,437,false,8.087329655718854,2,886.3195931934574,1.0,1.0
2026-03-22T21:10:07.745-705391-184723,335,true,1.2865422292277733,2,885.0330509642297,1.0,0.724
2026-03-22T21:10:07.745-705391-184723,873,false,1.6366905165633518,2,885.0330509642297,1.0,1.0
2026-03-22T21:10:07.745-705391-184723,529,false,143.69206817981973,2,885.0330509642297,1.0,1.0
2026-03-22T21:10:07.745-705391-184723,158,true,1.6641404192238445,2,883.3689105450059,1.0,0.0
2026-03-22T21:10:07.745-705391-184723,184,true,0.9026664202446166,2,882.4662441247613,1.0,0.7010000000000001
2026-03-22T21:10:07.745-705391-184723,137,true,1.2580643244544942,2,881.2081798003068,1.0,0.0
2026-03-22T21:10:07.745-705391-184723,498,false,0.013079484412033436,2,881.2081798003068,1.0,1.0
2026-03-22T21:10:07.745-705391-184723,881,false,7.665909033424325,2,881.2081798003068,1.0,1.0
2026-03-22T21:10:07.745-705391-184723,960,false,33.35551661313415,2,881.2081798003068,1.0,1.0
2026-03-22T21:10:07.745-705391-184723,661,false,1.0684820007500435,2,881.2081798003068,1.0,1.0
2026-03-22T21:10:07.745-705391-184723,875,false,0.9698057568565885,2,881.2081798003068,1.0,1.0
2026-03-22T21:10:07.745-705391-184723,595,true,2.123610933794825,2,879.084568866512,1.0,0.0
2026-03-22T21:10:07.745-705391-184723,749,false,2.470333156901956,2,879.084568866512,1.0,1.0
2026-03-22T21:10:07.745-705391-184723,864,false,0.32418553911402415,2,879.084568866512,1.0,1.0
2026-03-22T21:10:07.745-705391-184723,44,false,21.266444410910804,2,879.084568866512,1.0,1.0
2026-03-22T21:10:07.745-705391-184723,617,false,4.119711105454922,2,879.084568866512,1.0,1.0
2026-03-22T21:10:07.745-705391-184723,310,true,0.24180882969340634,2,878.8427600368186,1.0,0.0
2026-03-22T21:10:07.745-705391-184723,684,false,17.894671196165806,2,878.8427600368186,1.0,1.0
2026-03-22T21:10:07.745-705391-184723,748,false,1.315039580521356,2,878.8427600368186,1.0,1.0
2026-03-22T21:10:07.745-705391-184723,473,true,0.33808719550151756,2,878.5046728413171,1.0,0.0
2026-03-22T21:10:07.745-705391-184723,513,true,0.2819754383086005,2,878.2226974030085,1.0,0.7130000000000001
2026-03-22T21:10:07.745-705391-184723,130,true,0.48509957502778833,2,877.7375978279807,1.0,0.657
2026-03-22T21:10:07.745-705391-184723,708,true,1.4262145443993355,2,876.3113832835813,1.0,0.0010000000000000009
2026-03-22T21:10:07.745-705391-184723,89,true,96.28128504029111,2,780.0300982432902,1.0,0.857
2026-03-22T21:10:07.745-705391-184723,340,false,34.14583584571487,2,780.0300982432902,1.0,1.0
2026-03-22T21:10:07.745-705391-184723,277,true,20.731679079252995,2,759.2984191640372,1.0,0.856
2026-03-22T21:10:07.745-705391-184723,806,false,4.802534303235588,2,759.2984191640372,1.0,1.0
2026-03-22T21:10:07.745-705391-184723,374,true,264.9111207472448,2,494.3872984167924,1.0,0.0
2026-03-22T21:10:07.745-705391-184723,304,true,3.1232152693947035,2,491.26408314739774,1.0,0.0
2026-03-22T21:10:07.745-705391-184723,66,true,2.1128981836384,2,489.15118496375936,1.0,0.0
2026-03-22T21:10:07.745-705391-184723,349,true,1.8875848167168152,2,487.26360014704255,1.0,0.02400000000000002
2026-03-22T21:10:07.745-705391-184723,880,false,5.114928076067367,2,487.26360014704255,1.0,1.0
2026-03-22T21:10:07.745-705391-184723,124,false,0.419785617601962,2,487.26360014704255,1.0,1.0
2026-03-22T21:10:07.745-705391-184723,390,false,60.33843311195316,2,487.26360014704255,1.0,1.0
2026-03-22T21:10:07.745-705391-184723,505,true,0.3428680340133247,2,486.9207321130292,1.0,0.0
2026-03-22T21:10:07.745-705391-184723,115,false,2.1167816187586097,2,486.9207321130292,1.0,1.0
2026-03-22T21:10:07.745-705391-184723,308,true,8.871333663753033,2,478.04939844927617,1.0,0.0
2026-03-22T21:10:07.745-705391-184723,944,true,0.8618426128300188,2,477.18755583644617,1.0,0.0
2026-03-22T21:10:07.745-705391-184723,877,false,0.49896147329740853,2,477.18755583644617,1.0,1.0
2026-03-22T21:10:07.745-705391-184723,645,true,1.3058545160305608,2,475.88170132041563,1.0,0.747
2026-03-22T21:10:07.745-705391-184723,448,false,14.581373135492257,2,475.88170132041563,1.0,1.0
2026-03-22T21:10:07.745-705391-184723,125,false,0.1790615442628847,2,475.88170132041563,1.0,1.0
2026-03-22T21:10:07.745-705391-184723,766,false,0.2004092468442416,2,475.88170132041563,1.0,1.0
2026-03-22T21:10:07.745-705391-184723,975,false,0.22843466922010006,2,475.88170132041563,1.0,1.0
2026-03-22T21:10:07.745-705391-184723,571,false,65.82362662507163,2,475.88170132041563,1.0,1.0
2026-03-22T21:10:07.745-705391-184723,193,true,4.339040221827739,2,471.54266109858787,1.0,0.0
2026-03-22T21:10:07.745-705391-184723,471,true,1.3691570674559248,2,470.1735040311319,1.0,0.0010000000000000009
2026-03-22T21:10:07.745-705391-184723,354,false,0.0870060957948659,2,470.1735040311319,1.0,1.0
2026-03-22T21:10:07.745-705391-184723,409,false,4.576995547516114,2,470.1735040311319,1.0,1.0
2026-03-22T21:10:07.745-705391-184723,298,false,56.44318263337562,2,470.1735040311319,1.0,1.0
2026-03-22T21:10:07.745-705391-184723,666,true,10.328607763052192,2,459.8448962680797,1.0,0.855
2026-03-22T21:10:07.745-705391-184723,776,true,5.3252095319409465,2,454.51968673613874,1.0,0.692
2026-03-22T21:10:07.745-705391-184723,233,true,20.837252138084033,2,433.6824345980547,1.0,0.0
2026-03-22T21:10:07.745-705391-184723,157,true,6.945173575160431,2,426.7372610228943,1.0,0.0
2026-03-22T21:10:07.745-705391-184723,114,false,0.16918503421691006,2,426.7372610228943,1.0,1.0
2026-03-22T21:10:07.745-705391-184723,777,true,2.5498711884722227,2,424.1873898344221,1.0,0.0
2026-03-22T21:10:07.745-705391-184723,281,false,0.043280243392969354,2,424.1873898344221,1.0,1.0
2026-03-22T21:10:07.745-705391-184723,712,true,1.4862083197948748,2,422.70118151462725,1.0,0.0
2026-03-22T21:10:07.745-705391-184723,814,false,1.9055849978599186,2,422.70118151462725,1.0,1.0
2026-03-22T21:10:07.745-705391-184723,778,true,284.7273320323958,2,137.97384948223146,1.0,0.0
2026-03-22T21:10:07.745-705391-184723,397,false,0.1298169336604557,2,137.97384948223146,1.0,1.0
2026-03-22T21:10:07.745-705391-184723,189,true,0.3851920614042378,2,137.58865742082722,1.0,0.0
2026-03-22T21:10:07.745-705391-184723,553,false,363.9031022723775,2,137.58865742082722,1.0,1.0
2026-03-22T21:10:07.745-705391-184723,954,false,0.20458943283136397,2,137.58865742082722,1.0,1.0
2026-03-22T21:10:07.745-705391-184723,34,false,5.194278231268618,2,137.58865742082722,1.0,1.0
2026-03-22T21:10:07.745-705391-184723,80,true,371.55167488519413,2,-233.9630174643669,1.0,0.0
2026-03-22T21:10:07.745-306470-565518,136,true,0.9271017906315098,1,3701.222817979009,1.0,0.657
2026-03-22T21:10:07.745-306470-565518,418,false,0.0808033348347085,1,3701.222817979009,1.0,1.0
2026-03-22T21:10:07.745-306470-565518,763,false,113.8241939449071,1,3701.222817979009,1.0,1.0
2026-03-22T21:10:07.745-306470-565518,173,false,1.2815282559784043,1,3701.222817979009,1.0,1.0
2026-03-22T21:10:07.745-306470-565518,191,false,4.577386957734968,1,3701.222817979009,1.0,1.0
2026-03-22T21:10:07.745-306470-565518,461,false,30.774600582124464,1,3701.222817979009,1.0,1.0
2026-03-22T21:10:07.745-306470-565518,631,false,17.714647695159734,1,3701.222817979009,1.0,1.0
2026-03-22T21:10:07.745-306470-565518,145,false,0.9354604183039126,1,3701.222817979009,1.0,1.0
2026-03-22T21:10:07.745-306470-565518,771,false,1.256994279246137,1,3701.222817979009,1.0,1.0
2026-03-22T21:10:07.745-306470-565518,951,false,0.15429205470033946,1,3701.222817979009,1.0,1.0
2026-03-22T21:10:07.745-306470-565518,543,false,3.9665907952931696,1,3701.222817979009,1.0,1.0
2026-03-22T21:10:07.745-306470-565518,852,false,39.048244118367776,1,3701.222817979009,1.0,1.0
2026-03-22T21:10:07.745-306470-565518,746,false,530.9294248355461,1,3701.222817979009,1.0,1.0
2026-03-22T21:10:07.745-306470-565518,199,false,1.3283030158310334,1,3701.222817979009,1.0,1.0
2026-03-22T21:10:07.745-306470-565518,826,false,4.200589209709803,1,3701.222817979009,1.0,1.0
2026-03-22T21:10:07.745-306470-565518,6,false,11.682791101751134,1,3701.222817979009,1.0,1.0
2026-03-22T21:10:07.745-306470-565518,762,false,1.4346661387312527,1,3701.222817979009,1.0,1.0
2026-03-22T21:10:07.745-306470-565518,357,false,56.71188884667507,1,3701.222817979009,1.0,1.0
2026-03-22T21:10:07.745-306470-565518,921,false,0.5726227900955622,1,3701.222817979009,1.0,1.0
2026-03-22T21:10:07.745-306470-565518,618,false,14.281261895443118,1,3701.222817979009,1.0,1.0
2026-03-22T21:10:07.745-306470-565518,272,false,13.41151027113721,1,3701.222817979009,1.0,1.0
2026-03-22T21:10:07.745-306470-565518,75,false,4.1927063290153015,1,3701.222817979009,1.0,1.0
2026-03-22T21:10:07.745-306470-565518,254,false,2.134640903563689,1,3701.222817979009,1.0,1.0
2026-03-22T21:10:07.745-306470-565518,641,false,10.301094623264214,1,3701.222817979009,1.0,1.0
2026-03-22T21:10:07.745-306470-565518,895,false,3.7710587538019977,1,3701.222817979009,1.0,1.0
2026-03-22T21:10:07.745-306470-565518,245,false,0.8704468590938073,1,3701.222817979009,1.0,1.0
2026-03-22T21:10:07.745-306470-565518,659,false,0.1240724247237477,1,3701.222817979009,1.0,1.0
2026-03-22T21:10:07.745-306470-565518,14,false,105.86501744292407,1,3701.222817979009,1.0,1.0
2026-03-22T21:10:07.745-306470-565518,417,false,69.99531840381661,1,3701.222817979009,1.0,1.0
2026-03-22T21:10:07.745-306470-565518,169,false,0.3118177453300579,1,3701.222817979009,1.0,1.0
2026-03-22T21:10:07.745-306470-565518,379,false,0.9393965353710219,1,3701.222817979009,1.0,1.0
2026-03-22T21:10:07.745-306470-565518,141,false,0.4671498220195218,1,3701.222817979009,1.0,1.0
2026-03-22T21:10:07.745-306470-565518,17,false,0.5495094748343455,1,3701.222817979009,1.0,1.0
2026-03-22T21:10:07.745-306470-565518,462,false,0.025737997443292387,1,3701.222817979009,1.0,1.0
2026-03-22T21:10:07.745-306470-565518,674,false,0.17737833420804636,1,3701.222817979009,1.0,1.0
2026-03-22T21:10:07.745-306470-565518,793,false,6.76797976007192,1,3701.222817979009,1.0,1.0
2026-03-22T21:10:07.745-306470-565518,927,true,4.545312483805656,1,3696.6775054952036,1.0,0.688
2026-03-22T21:10:07.745-306470-565518,594,false,2.3526626412718157,1,3696.6775054952036,1.0,1.0
2026-03-22T21:10:07.745-306470-565518,617,false,0.6724918478369932,1,3696.6775054952036,1.0,1.0
2026-03-22T21:10:07.745-306470-565518,9,false,6.029728895389115,1,3696.6775054952036,1.0,1.0
2026-03-22T21:10:07.745-306470-565518,41,false,2.763937212431802,1,3696.6775054952036,1.0,1.0
2026-03-22T21:10:07.745-306470-565518,730,false,18.50302348932452,1,3696.6775054952036,1.0,1.0
2026-03-22T21:10:07.745-306470-565518,728,false,0.3805956823865515,1,3696.6775054952036,1.0,1.0
2026-03-22T21:10:07.745-306470-565518,677,false,20.08754400058449,1,3696.6775054952036,1.0,1.0
2026-03-22T21:10:07.745-306470-565518,947,false,9.823106078030703,1,3696.6775054952036,1.0,1.0
2026-03-22T21:10:07.745-306470-565518,4,false,22.36948429031452,1,3696.6775054952036,1.0,1.0
2026-03-22T21:10:07.745-306470-565518,814,false,0.02692997122331092,1,3696.6775054952036,1.0,1.0
2026-03-22T21:10:07.745-306470-565518,943,false,3.8549215553721528,1,3696.6775054952036,1.0,1.0
2026-03-22T21:10:07.745-306470-565518,448,false,4.6332953878277685,1,3696.6775054952036,1.0,1.0
2026-03-22T21:10:07.745-306470-565518,584,false,6.725582750539876,1,3696.6775054952036,1.0,1.0
2026-03-22T21:10:07.745-306470-565518,302,false,1.1751499174072861,1,3696.6775054952036,1.0,1.0
2026-03-22T21:10:07.745-306470-565518,269,false,0.9723370566230961,1,3696.6775054952036,1.0,1.0
2026-03-22T21:10:07.745-306470-565518,351,false,7.044512822089037,1,3696.6775054952036,1.0,1.0
2026-03-22T21:10:07.745-306470-565518,740,false,0.2690063508953757,1,3696.6775054952036,1.0,1.0
2026-03-22T21:10:07.745-306470-565518,210,false,29.169955904240016,1,3696.6775054952036,1.0,1.0
2026-03-22T21:10:07.745-306470-565518,845,false,1.0593866108861636,1,3696.6775054952036,1.0,1.0
2026-03-22T21:10:07.745-306470-565518,396,false,194.26471149346614,1,3696.6775054952036,1.0,1.0
2026-03-22T21:10:07.745-306470-565518,589,false,4.035788350392673,1,3696.6775054952036,1.0,1.0
2026-03-22T21:10:07.745-306470-565518,228,false,2.699790914211555,1,3696.6775054952036,1.0,1.0
2026-03-22T21:10:07.745-306470-565518,103,false,1.969947385342843,1,3696.6775054952036,1.0,1.0
2026-03-22T21:10:07.745-306470-565518,236,false,0.467543936738564,1,3696.6775054952036,1.0,1.0
2026-03-22T21:10:07.745-306470-565518,172,false,1.61324112898815,1,3696.6775054952036,1.0,1.0
2026-03-22T21:10:07.745-306470-565518,154,false,41.91514973388657,1,3696.6775054952036,1.0,1.0
2026-03-22T21:10:07.745-306470-565518,466,false,17.388688675232753,1,3696.6775054952036,1.0,1.0
2026-03-22T21:10:07.745-306470-565518,597,false,2.0197122507243197,1,3696.6775054952036,1.0,1.0
2026-03-22T21:10:07.745-306470-565518,537,false,72.05439935673081,1,3696.6775054952036,1.0,1.0
2026-03-22T21:10:07.745-306470-565518,273,false,11.63048058862244,1,3696.6775054952036,1.0,1.0
2026-03-22T21:10:07.745-306470-565518,723,false,9.727883463524542,1,3696.6775054952036,1.0,1.0
2026-03-22T21:10:07.745-306470-565518,344,false,15.856420868136626,1,3696.6775054952036,1.0,1.0
2026-03-22T21:10:07.745-306470-565518,692,false,7.9291455057924445,1,3696.6775054952036,1.0,1.0
2026-03-22T21:10:07.745-306470-565518,837,false,0.12762013050280652,1,3696.6775054952036,1.0,1.0
2026-03-22T21:10:07.745-306470-565518,101,true,2.3154651580537613,1,3694.3620403371497,1.0,0.652
2026-03-22T21:10:07.745-306470-565518,880,false,11.247131095153183,1,3694.3620403371497,1.0,1.0
2026-03-22T21:10:07.745-306470-565518,371,false,1.592932722278015,1,3694.3620403371497,1.0,1.0
2026-03-22T21:10:07.745-306470-565518,402,false,0.1390562582310181,1,3694.3620403371497,1.0,1.0
2026-03-22T21:10:07.745-306470-565518,190,false,3.422576016019273,1,3694.3620403371497,1.0,1.0
2026-03-22T21:10:07.745-306470-565518,787,false,0.40321294677688974,1,3694.3620403371497,1.0,1.0
2026-03-22T21:10:07.745-306470-565518,300,false,37.505580757926985,1,3694.3620403371497,1.0,1.0
2026-03-22T21:10:07.745-306470-565518,510,true,8.704248806404658,1,3685.657791530745,1.0,0.842
2026-03-22T21:10:07.745-306470-565518,715,false,0.5805359586762262,1,3685.657791530745,1.0,1.0
2026-03-22T21:10:07.745-306470-565518,872,false,1.6228817542088751,1,3685.657791530745,1.0,1.0
2026-03-22T21:10:07.745-306470-565518,243,false,34.855838661331745,1,3685.657791530745,1.0,1.0
2026-03-22T21:10:07.745-306470-565518,711,false,13.269979292922441,1,3685.657791530745,1.0,1.0
2026-03-22T21:10:07.745-306470-565518,195,false,1.7074801520621763,1,3685.657791530745,1.0,1.0
2026-03-22T21:10:07.745-306470-565518,209,false,0.9502543370952764,1,3685.657791530745,1.0,1.0
2026-03-22T21:10:07.745-306470-565518,752,false,12.498404420709374,1,3685.657791530745,1.0,1.0
2026-03-22T21:10:07.745-306470-565518,407,false,5.949616937385515,1,3685.657791530745,1.0,1.0
2026-03-22T21:10:07.745-306470-565518,392,false,12.865099065056526,1,3685.657791530745,1.0,1.0
2026-03-22T21:10:07.745-306470-565518,373,false,7.639331817631423,1,3685.657791530745,1.0,1.0
2026-03-22T21:10:07.745-306470-565518,977,false,9.583846292976249,1,3685.657791530745,1.0,1.0
2026-03-22T21:10:07.745-306470-565518,828,false,0.39307623735580344,1,3685.657791530745,1.0,1.0
2026-03-22T21:10:07.745-306470-565518,134,true,1.0452943491984807,1,3684.612497181546,1.0,0.03300000000000003
2026-03-22T21:10:07.745-306470-565518,137,false,0.037451495759419653,1,3684.612497181546,1.0,1.0
2026-03-22T21:10:07.745-306470-565518,219,false,0.43789551561015605,1,3684.612497181546,1.0,1.0
2026-03-22T21:10:07.745-306470-565518,685,false,1.1797255678877767,1,3684.612497181546,1.0,1.0
2026-03-22T21:10:07.745-306470-565518,640,false,77.87983532800666,1,3684.612497181546,1.0,1.0
2026-03-22T21:10:07.745-306470-565518,960,false,1.603152442356628,1,3684.612497181546,1.0,1.0
2026-03-22T21:10:07.745-306470-565518,953,false,0.04121873399192991,1,3684.612497181546,1.0,1.0
2026-03-22T21:10:07.745-306470-565518,821,false,22.4809317296092,1,3684.612497181546,1.0,1.0
2026-03-22T21:10:07.745-306470-565518,866,false,81.58036258906012,1,3684.612497181546,1.0,1.0
2026-03-22T21:10:07.745-306470-565518,570,false,5.710743400178645,1,3684.612497181546,1.0,1.0
2026-03-22T21:10:07.745-306470-565518,232,false,2.984225027709407,1,3684.612497181546,1.0,1.0
2026-03-22T21:10:07.745-306470-565518,571,false,3.5548221302310767,1,3684.612497181546,1.0,1.0
2026-03-22T21:10:07.745-306470-565518,187,false,0.4987077499100146,1,3684.612497181546,1.0,1.0
2026-03-22T21:10:07.745-306470-565518,85,false,46.11494050697065,1,3684.612497181546,1.0,1.0
2026-03-22T21:10:07.745-306470-565518,739,false,0.14238853824410883,1,3684.612497181546,1.0,1.0
2026-03-22T21:10:07.745-306470-565518,77,false,15.66875931812166,1,3684.612497181546,1.0,1.0
2026-03-22T21:10:07.745-306470-565518,314,false,7.014562367110955,1,3684.612497181546,1.0,1.0
2026-03-22T21:10:07.745-306470-565518,959,false,0.643815378374547,1,3684.612497181546,1.0,1.0
2026-03-22T21:10:07.745-306470-565518,942,false,0.9699990236057043,1,3684.612497181546,1.0,1.0
2026-03-22T21:10:07.745-306470-565518,969,true,958.2520733010073,1,2726.3604238805387,1.0,0.33799999999999997
2026-03-22T21:10:07.745-306470-565518,591,false,5.1711690693675445,1,2726.3604238805387,1.0,1.0
2026-03-22T21:10:07.745-306470-565518,913,false,10.167485021492041,1,2726.3604238805387,1.0,1.0
2026-03-22T21:10:07.745-306470-565518,11,false,7.753841956520938,1,2726.3604238805387,1.0,1.0
2026-03-22T21:10:07.745-306470-565518,919,false,1.1224616398929435,1,2726.3604238805387,1.0,1.0
2026-03-22T21:10:07.745-306470-565518,287,false,7.041538259811142,1,2726.3604238805387,1.0,1.0
2026-03-22T21:10:07.745-306470-565518,887,false,9.903864338796097,1,2726.3604238805387,1.0,1.0
2026-03-22T21:10:07.745-306470-565518,415,false,11.016944525600023,1,2726.3604238805387,1.0,1.0
2026-03-22T21:10:07.745-306470-565518,875,false,7.969210778024255,1,2726.3604238805387,1.0,1.0
2026-03-22T21:10:07.745-306470-565518,174,false,0.023885703285328973,1,2726.3604238805387,1.0,1.0
2026-03-22T21:10:07.745-306470-565518,983,false,0.846262875119938,1,2726.3604238805387,1.0,1.0
2026-03-22T21:10:07.745-306470-565518,503,false,2.4883993676744356,1,2726.3604238805387,1.0,1.0
2026-03-22T21:10:07.745-306470-565518,25,false,1.6603879273351254,1,2726.3604238805387,1.0,1.0
2026-03-22T21:10:07.745-306470-565518,688,false,0.20622507655104916,1,2726.3604238805387,1.0,1.0
2026-03-22T21:10:07.745-306470-565518,743,false,3.08373755462726,1,2726.3604238805387,1.0,1.0
2026-03-22T21:10:07.745-306470-565518,803,false,3.0123772754163856,1,2726.3604238805387,1.0,1.0
2026-03-22T21:10:07.745-306470-565518,322,false,0.8045080263637386,1,2726.3604238805387,1.0,1.0
2026-03-22T21:10:07.745-306470-565518,822,false,6.965147211178522,1,2726.3604238805387,1.0,1.0
2026-03-22T21:10:07.745-306470-565518,377,false,7.288170172607094,1,2726.3604238805387,1.0,1.0
2026-03-22T21:10:07.745-306470-565518,981,false,0.15209048012309018,1,2726.3604238805387,1.0,1.0
2026-03-22T21:10:07.745-306470-565518,444,false,102.55255201821403,1,2726.3604238805387,1.0,1.0
2026-03-22T21:10:07.745-306470-565518,667,false,1.1728654325555357,1,2726.3604238805387,1.0,1.0
2026-03-22T21:10:07.745-306470-565518,395,false,11.67740482972294,1,2726.3604238805387,1.0,1.0
2026-03-22T21:10:07.745-306470-565518,102,false,0.06230335906278018,1,2726.3604238805387,1.0,1.0
2026-03-22T21:10:07.745-306470-565518,708,false,0.05534536878911964,1,2726.3604238805387,1.0,1.0
2026-03-22T21:10:07.745-306470-565518,690,false,0.6752200664965698,1,2726.3604238805387,1.0,1.0
2026-03-22T21:10:07.745-306470-565518,237,false,3.6831651102694862,1,2726.3604238805387,1.0,1.0
2026-03-22T21:10:07.745-306470-565518,223,false,8.148812651754643,1,2726.3604238805387,1.0,1.0
2026-03-22T21:10:07.745-306470-565518,714,false,9.200017786630454,1,2726.3604238805387,1.0,1.0
2026-03-22T21:10:07.745-306470-565518,208,false,1.792909346771138,1,2726.3604238805387,1.0,1.0
2026-03-22T21:10:07.745-306470-565518,442,false,0.9109675938963316,1,2726.3604238805387,1.0,1.0
2026-03-22T21:10:07.745-306470-565518,490,false,8.792594602435985,1,2726.3604238805387,1.0,1.0
2026-03-22T21:10:07.745-306470-565518,338,false,1.212278865334867,1,2726.3604238805387,1.0,1.0
2026-03-22T21:10:07.745-306470-565518,954,false,0.5807726229686939,1,2726.3604238805387,1.0,1.0
2026-03-22T21:10:07.745-306470-565518,251,false,0.7388383066086225,1,2726.3604238805387,1.0,1.0
2026-03-22T21:10:07.745-306470-565518,568,false,5.765611110918745,1,2726.3604238805387,1.0,1.0
2026-03-22T21:10:07.745-306470-565518,480,false,0.36327515516135184,1,2726.3604238805387,1.0,1.0
2026-03-22T21:10:07.745-306470-565518,940,false,3.0392399652256987,1,2726.3604238805387,1.0,1.0
2026-03-22T21:10:07.745-306470-565518,112,false,17.952551441865666,1,2726.3604238805387,1.0,1.0
2026-03-22T21:10:07.745-306470-565518,645,false,6.220449949419782,1,2726.3604238805387,1.0,1.0
2026-03-22T21:10:07.745-306470-565518,20,false,0.7112385842725403,1,2726.3604238805387,1.0,1.0
2026-03-22T21:10:07.745-306470-565518,250,false,7.37999416540718,1,2726.3604238805387,1.0,1.0
2026-03-22T21:10:07.745-306470-565518,773,false,0.5350034003896338,1,2726.3604238805387,1.0,1.0
2026-03-22T21:10:07.745-306470-565518,980,false,42.097403288491776,1,2726.3604238805387,1.0,1.0
2026-03-22T21:10:07.745-306470-565518,87,false,0.153078302410799,1,2726.3604238805387,1.0,1.0
2026-03-22T21:10:07.745-306470-565518,420,false,1.8903647144968851,1,2726.3604238805387,1.0,1.0
2026-03-22T21:10:07.745-306470-565518,189,false,2.5721839173062966,1,2726.3604238805387,1.0,1.0
2026-03-22T21:10:07.745-306470-565518,680,false,1.135617982323655,1,2726.3604238805387,1.0,1.0
2026-03-22T21:10:07.745-306470-565518,176,false,0.6056786469456098,1,2726.3604238805387,1.0,1.0
2026-03-22T21:10:07.745-306470-565518,289,false,7.300617088102966,1,2726.3604238805387,1.0,1.0
2026-03-22T21:10:07.745-306470-565518,331,true,55.4498312744133,1,2670.9105926061256,1.0,0.884
2026-03-22T21:10:07.745-306470-565518,657,false,0.5431202430252028,1,2670.9105926061256,1.0,1.0
2026-03-22T21:10:07.745-306470-565518,468,false,0.11019180790501877,1,2670.9105926061256,1.0,1.0
2026-03-22T21:10:07.745-306470-565518,970,true,0.23665250643158078,1,2670.673940099694,1.0,0.0
2026-03-22T21:10:07.745-306470-565518,978,false,0.05023537806067458,1,2670.673940099694,1.0,1.0
2026-03-22T21:10:07.745-306470-565518,791,false,10.59352826055162,1,2670.673940099694,1.0,1.0
2026-03-22T21:10:07.745-306470-565518,128,false,194.05793048972942,1,2670.673940099694,1.0,1.0
2026-03-22T21:10:07.745-306470-565518,513,true,41.63453543426569,1,2629.0394046654283,1.0,0.0
2026-03-22T21:10:07.745-306470-565518,928,true,0.3361715159391615,1,2628.7032331494893,1.0,0.0020000000000000018
2026-03-22T21:10:07.745-306470-565518,588,false,5.305189736309646,1,2628.7032331494893,1.0,1.0
2026-03-22T21:10:07.745-306470-565518,1000,false,21.525046859343657,1,2628.7032331494893,1.0,1.0
2026-03-22T21:10:07.745-306470-565518,364,false,2.6383767318417894,1,2628.7032331494893,1.0,1.0
2026-03-22T21:10:07.745-306470-565518,955,false,22.93234491118716,1,2628.7032331494893,1.0,1.0
2026-03-22T21:10:07.745-306470-565518,798,false,133.84596658186464,1,2628.7032331494893,1.0,1.0
2026-03-22T21:10:07.745-306470-565518,731,false,3.001995721241173,1,2628.7032331494893,1.0,1.0
2026-03-22T21:10:07.745-306470-565518,868,false,10.26987432448396,1,2628.7032331494893,1.0,1.0
2026-03-22T21:10:07.745-306470-565518,701,false,2.7656655586551953,1,2628.7032331494893,1.0,1.0
2026-03-22T21:10:07.745-306470-565518,549,false,3.940423103920218,1,2628.7032331494893,1.0,1.0
2026-03-22T21:10:07.745-306470-565518,212,false,17.9988619426128,1,2628.7032331494893,1.0,1.0
2026-03-22T21:10:07.745-306470-565518,469,true,2.463492009869665,1,2626.2397411396196,1.0,0.6739999999999999
2026-03-22T21:10:07.745-306470-565518,317,false,5.290739221110133,1,2626.2397411396196,1.0,1.0
2026-03-22T21:10:07.745-306470-565518,343,false,3.2888138402112763,1,2626.2397411396196,1.0,1.0
2026-03-22T21:10:07.745-306470-565518,348,false,24.94342324598658,1,2626.2397411396196,1.0,1.0
2026-03-22T21:10:07.745-306470-565518,526,false,0.9232052513367979,1,2626.2397411396196,1.0,1.0
2026-03-22T21:10:07.745-306470-565518,864,false,4.141869614458755,1,2626.2397411396196,1.0,1.0
2026-03-22T21:10:07.745-306470-565518,217,false,3.2905275582086038,1,2626.2397411396196,1.0,1.0
2026-03-22T21:10:07.745-306470-565518,362,false,77.82326948480298,1,2626.2397411396196,1.0,1.0
2026-03-22T21:10:07.745-306470-565518,899,false,9.116765057183217,1,2626.2397411396196,1.0,1.0
2026-03-22T21:10:07.745-306470-565518,819,false,17.378061756591084,1,2626.2397411396196,1.0,1.0
2026-03-22T21:10:07.745-306470-565518,478,false,21.200282227171733,1,2626.2397411396196,1.0,1.0
2026-03-22T21:10:07.745-306470-565518,601,false,0.6802711850126221,1,2626.2397411396196,1.0,1.0
2026-03-22T21:10:07.745-306470-565518,563,false,0.5342095157997273,1,2626.2397411396196,1.0,1.0
2026-03-22T21:10:07.745-306470-565518,116,false,0.2949390319326179,1,2626.2397411396196,1.0,1.0
2026-03-22T21:10:07.745-306470-565518,100,true,5.76893769850646,1,2620.4708034411133,1.0,0.0030000000000000027
2026-03-22T21:10:07.745-306470-565518,123,false,0.5155245538950954,1,2620.4708034411133,1.0,1.0
2026-03-22T21:10:07.745-306470-565518,851,false,6.700801243819289,1,2620.4708034411133,1.0,1.0
2026-03-22T21:10:07.745-306470-565518,325,false,0.21457795204963082,1,2620.4708034411133,1.0,1.0
2026-03-22T21:10:07.745-306470-565518,909,false,3.0329622570126524,1,2620.4708034411133,1.0,1.0
2026-03-22T21:10:07.745-306470-565518,399,false,3.8280050212519385,1,2620.4708034411133,1.0,1.0
2026-03-22T21:10:07.745-306470-565518,647,false,366.1899320062711,1,2620.4708034411133,1.0,1.0
2026-03-22T21:10:07.745-306470-565518,789,false,0.05064122161378792,1,2620.4708034411133,1.0,1.0
2026-03-22T21:10:07.745-306470-565518,24,false,0.9511169574197609,1,2620.4708034411133,1.0,1.0
2026-03-22T21:10:07.745-306470-565518,130,false,64.14696482415461,1,2620.4708034411133,1.0,1.0
2026-03-22T21:10:07.745-306470-565518,900,false,1.3771392182236177,1,2620.4708034411133,1.0,1.0
2026-03-22T21:10:07.745-306470-565518,450,false,0.1475266996395015,1,2620.4708034411133,1.0,1.0
2026-03-22T21:10:07.745-306470-565518,412,false,0.23987962510358468,1,2620.4708034411133,1.0,1.0
2026-03-22T21:10:07.745-306470-565518,528,false,3.986495985669932,1,2620.4708034411133,1.0,1.0
2026-03-22T21:10:07.745-306470-565518,748,false,3.4663072372929196,1,2620.4708034411133,1.0,1.0
2026-03-22T21:10:07.745-306470-565518,782,false,0.5544847308875093,1,2620.4708034411133,1.0,1.0
2026-03-22T21:10:07.745-306470-565518,580,false,5.337420974182477,1,2620.4708034411133,1.0,1.0
2026-03-22T21:10:07.745-306470-565518,823,false,5.69883308060338,1,2620.4708034411133,1.0,1.0
2026-03-22T21:10:07.745-306470-565518,427,false,4.559022688985615,1,2620.4708034411133,1.0,1.0
2026-03-22T21:10:07.745-306470-565518,475,false,0.9220196145048055,1,2620.4708034411133,1.0,1.0
2026-03-22T21:10:07.745-306470-565518,653,false,26.027395402321655,1,2620.4708034411133,1.0,1.0
2026-03-22T21:10:07.745-306470-565518,666,false,0.6638759988897446,1,2620.4708034411133,1.0,1.0
2026-03-22T21:10:07.745-306470-565518,264,true,3.856674416516124,1,2616.6141290245973,1.0,0.03400000000000003
2026-03-22T21:10:07.745-306470-565518,12,false,3.5121230191551143,1,2616.6141290245973,1.0,1.0
2026-03-22T21:10:07.745-306470-565518,713,false,4.026891812107857,1,2616.6141290245973,1.0,1.0
2026-03-22T21:10:07.745-306470-565518,539,false,12.109236039343237,1,2616.6141290245973,1.0,1.0
2026-03-22T21:10:07.745-306470-565518,366,false,31.383854922361994,1,2616.6141290245973,1.0,1.0
2026-03-22T21:10:07.745-306470-565518,390,false,12.881360498658927,1,2616.6141290245973,1.0,1.0
2026-03-22T21:10:07.745-306470-565518,599,false,3.2747921396012165,1,2616.6141290245973,1.0,1.0
2026-03-22T21:10:07.745-306470-565518,780,true,24.167225288451817,1,2592.4469037361455,1.0,0.8180000000000001
2026-03-22T21:10:07.745-306470-565518,165,false,1.510451896666136,1,2592.4469037361455,1.0,1.0
2026-03-22T21:10:07.745-306470-565518,499,false,9.072092131826626,1,2592.4469037361455,1.0,1.0
2026-03-22T21:10:07.745-306470-565518,304,false,1.3460947487518098,1,2592.4469037361455,1.0,1.0
2026-03-22T21:10:07.745-306470-565518,326,false,2.259253872788954,1,2592.4469037361455,1.0,1.0
2026-03-22T21:10:07.745-306470-565518,894,false,3.789005013536959,1,2592.4469037361455,1.0,1.0
2026-03-22T21:10:07.745-306470-565518,267,true,19.610520469650584,1,2572.836383266495,1.0,0.784
2026-03-22T21:10:07.745-306470-565518,488,false,0.7210434504532675,1,2572.836383266495,1.0,1.0
2026-03-22T21:10:07.745-306470-565518,140,false,5.33642439711018,1,2572.836383266495,1.0,1.0
2026-03-22T21:10:07.745-306470-565518,437,false,34.208134869183475,1,2572.836383266495,1.0,1.0
2026-03-22T21:10:07.745-306470-565518,93,false,0.3241540922357982,1,2572.836383266495,1.0,1.0
2026-03-22T21:10:07.745-306470-565518,538,false,1.9098180710776809,1,2572.836383266495,1.0,1.0
2026-03-22T21:10:07.745-306470-565518,705,false,13.264646526632497,1,2572.836383266495,1.0,1.0
2026-03-22T21:10:07.745-306470-565518,961,false,28.27964431987213,1,2572.836383266495,1.0,1.0
2026-03-22T21:10:07.745-306470-565518,764,false,4.005841278366793,1,2572.836383266495,1.0,1.0
2026-03-22T21:10:07.745-306470-565518,192,false,1.7358335524731492,1,2572.836383266495,1.0,1.0
2026-03-22T21:10:07.745-306470-565518,840,false,11.130190122489088,1,2572.836383266495,1.0,1.0
2026-03-22T21:10:07.745-306470-565518,404,false,0.01752511476552468,1,2572.836383266495,1.0,1.0
2026-03-22T21:10:07.745-306470-565518,21,false,99.01596443879777,1,2572.836383266495,1.0,1.0
2026-03-22T21:10:07.745-306470-565518,683,false,0.05201694919393775,1,2572.836383266495,1.0,1.0
2026-03-22T21:10:07.745-306470-565518,792,false,0.017197978147695414,1,2572.836383266495,1.0,1.0
2026-03-22T21:10:07.745-306470-565518,339,false,0.5784733012711613,1,2572.836383266495,1.0,1.0
2026-03-22T21:10:07.745-306470-565518,298,false,0.05296599084730334,1,2572.836383266495,1.0,1.0
2026-03-22T21:10:07.745-306470-565518,817,false,0.3258625928866412,1,2572.836383266495,1.0,1.0
2026-03-22T21:10:07.745-306470-565518,654,false,2.0270873673048593,1,2572.836383266495,1.0,1.0
2026-03-22T21:10:07.745-306470-565518,530,false,7.062896025665983,1,2572.836383266495,1.0,1.0
2026-03-22T21:10:07.745-306470-565518,990,false,3.151538515606438,1,2572.836383266495,1.0,1.0
2026-03-22T21:10:07.745-306470-565518,284,false,2.171944070009299,1,2572.836383266495,1.0,1.0
2026-03-22T21:10:07.745-306470-565518,870,false,13.92643655504969,1,2572.836383266495,1.0,1.0
2026-03-22T21:10:07.745-306470-565518,675,false,14.197713609696955,1,2572.836383266495,1.0,1.0
2026-03-22T21:10:07.745-306470-565518,19,false,1.2149918851718362,1,2572.836383266495,1.0,1.0
2026-03-22T21:10:07.745-306470-565518,294,false,0.18483561268491633,1,2572.836383266495,1.0,1.0
2026-03-22T21:10:07.745-306470-565518,971,true,31.848309470955943,1,2540.988073795539,1.0,0.0
2026-03-22T21:10:07.745-306470-565518,305,false,3.3417503689299273,1,2540.988073795539,1.0,1.0
2026-03-22T21:10:07.745-306470-565518,575,false,10.176147192667488,1,2540.988073795539,1.0,1.0
2026-03-22T21:10:07.745-306470-565518,778,true,2.4307051014661836,1,2538.557368694073,1.0,0.6699999999999999
2026-03-22T21:10:07.745-306470-565518,712,false,3.7687134591802676,1,2538.557368694073,1.0,1.0
2026-03-22T21:10:07.745-306470-565518,824,false,0.3435134803859159,1,2538.557368694073,1.0,1.0
2026-03-22T21:10:07.745-306470-565518,13,false,9.257206967324857,1,2538.557368694073,1.0,1.0
2026-03-22T21:10:07.745-306470-565518,600,false,9.286618942950788,1,2538.557368694073,1.0,1.0
2026-03-22T21:10:07.745-306470-565518,689,false,0.12853849235622625,1,2538.557368694073,1.0,1.0
2026-03-22T21:10:07.745-306470-565518,286,false,164.17143289785528,1,2538.557368694073,1.0,1.0
2026-03-22T21:10:07.745-306470-565518,432,false,0.7196102942680269,1,2538.557368694073,1.0,1.0
2026-03-22T21:10:07.745-306470-565518,877,false,11.543668360175932,1,2538.557368694073,1.0,1.0
2026-03-22T21:10:07.745-306470-565518,33,false,0.10428172412056877,1,2538.557368694073,1.0,1.0
2026-03-22T21:10:07.745-306470-565518,542,false,2.3969930351932764,1,2538.557368694073,1.0,1.0
2026-03-22T21:10:07.745-306470-565518,83,false,0.5568467847703775,1,2538.557368694073,1.0,1.0
2026-03-22T21:10:07.745-306470-565518,672,false,0.17579732846357368,1,2538.557368694073,1.0,1.0
2026-03-22T21:10:07.745-306470-565518,241,false,0.9890214580030023,1,2538.557368694073,1.0,1.0
2026-03-22T21:10:07.745-306470-565518,936,true,1.329619910596033,1,2537.2277487834767,1.0,0.999
2026-03-22T21:10:07.745-306470-565518,352,false,0.15009157396379322,1,2537.2277487834767,1.0,1.0
2026-03-22T21:10:07.745-306470-565518,489,false,4.751605922822709,1,2537.2277487834767,1.0,1.0
2026-03-22T21:10:07.745-306470-565518,146,false,0.2292818015224422,1,2537.2277487834767,1.0,1.0
2026-03-22T21:10:07.745-306470-565518,409,false,1.3471430865061305,1,2537.2277487834767,1.0,1.0
2026-03-22T21:10:07.745-306470-565518,886,false,9.073175818523632,1,2537.2277487834767,1.0,1.0
2026-03-22T21:10:07.745-306470-565518,505,false,0.7111878775006484,1,2537.2277487834767,1.0,1.0
2026-03-22T21:10:07.745-306470-565518,892,false,2.401251665979939,1,2537.2277487834767,1.0,1.0
2026-03-22T21:10:07.745-306470-565518,560,false,148.32953629531912,1,2537.2277487834767,1.0,1.0
2026-03-22T21:10:07.745-306470-565518,577,false,4.71991893326357,1,2537.2277487834767,1.0,1.0
2026-03-22T21:10:07.745-306470-565518,929,true,5.824285758965627,1,2531.403463024511,1.0,0.0
2026-03-22T21:10:07.745-306470-565518,309,false,32.822872226179186,1,2531.403463024511,1.0,1.0
2026-03-22T21:10:07.745-306470-565518,147,false,0.3897422256636567,1,2531.403463024511,1.0,1.0
2026-03-22T21:10:07.745-306470-565518,957,false,2.967068374822296,1,2531.403463024511,1.0,1.0
2026-03-22T21:10:07.745-306470-565518,473,false,0.11145725493341813,1,2531.403463024511,1.0,1.0
2026-03-22T21:10:07.745-306470-565518,235,false,1.9742625665582816,1,2531.403463024511,1.0,1.0
2026-03-22T21:10:07.745-306470-565518,916,false,0.09443174253738859,1,2531.403463024511,1.0,1.0
2026-03-22T21:10:07.745-306470-565518,446,false,5.091265385248055,1,2531.403463024511,1.0,1.0
2026-03-22T21:10:07.745-306470-565518,596,false,36.47793386727565,1,2531.403463024511,1.0,1.0
2026-03-22T21:10:07.745-306470-565518,735,false,1.8118306498799317,1,2531.403463024511,1.0,1.0
2026-03-22T21:10:07.745-306470-565518,389,false,1.229662745039511,1,2531.403463024511,1.0,1.0
2026-03-22T21:10:07.745-306470-565518,665,false,29.264896235904246,1,2531.403463024511,1.0,1.0
2026-03-22T21:10:07.745-306470-565518,118,false,27.778138912022158,1,2531.403463024511,1.0,1.0
2026-03-22T21:10:07.745-306470-565518,776,true,0.29210407159583096,1,2531.111358952915,1.0,0.6679999999999999
2026-03-22T21:10:07.745-306470-565518,616,false,0.8534796085752742,1,2531.111358952915,1.0,1.0
2026-03-22T21:10:07.745-306470-565518,361,false,0.0454446335490605,1,2531.111358952915,1.0,1.0
2026-03-22T21:10:07.745-306470-565518,95,false,113.91716033429009,1,2531.111358952915,1.0,1.0
2026-03-22T21:10:07.745-306470-565518,691,false,6.938635260816487,1,2531.111358952915,1.0,1.0
2026-03-22T21:10:07.745-306470-565518,553,false,0.46624206340715785,1,2531.111358952915,1.0,1.0
2026-03-22T21:10:07.745-306470-565518,766,false,0.14418700430507822,1,2531.111358952915,1.0,1.0
2026-03-22T21:10:07.745-306470-565518,34,false,0.3327569586722379,1,2531.111358952915,1.0,1.0
2026-03-22T21:10:07.745-306470-565518,295,false,12.165653020650272,1,2531.111358952915,1.0,1.0
2026-03-22T21:10:07.745-306470-565518,608,false,56.23389347491748,1,2531.111358952915,1.0,1.0
2026-03-22T21:10:07.745-306470-565518,56,false,10.369304915353334,1,2531.111358952915,1.0,1.0
2026-03-22T21:10:07.745-306470-565518,827,false,52.78026732229975,1,2531.111358952915,1.0,1.0
2026-03-22T21:10:07.745-306470-565518,898,false,0.6061786945836426,1,2531.111358952915,1.0,1.0
2026-03-22T21:10:07.745-306470-565518,988,false,0.8557016818454652,1,2531.111358952915,1.0,1.0
2026-03-22T21:10:07.745-306470-565518,856,false,6.967592870334068,1,2531.111358952915,1.0,1.0
2026-03-22T21:10:07.745-306470-565518,706,false,3.9740126421726716,1,2531.111358952915,1.0,1.0
2026-03-22T21:10:07.745-306470-565518,704,false,9.847588186689055,1,2531.111358952915,1.0,1.0
2026-03-22T21:10:07.745-306470-565518,808,false,0.7488619818931175,1,2531.111358952915,1.0,1.0
2026-03-22T21:10:07.745-306470-565518,144,false,2.1840284826767147,1,2531.111358952915,1.0,1.0
2026-03-22T21:10:07.745-306470-565518,660,false,0.028028045865002887,1,2531.111358952915,1.0,1.0
2026-03-22T21:10:07.745-306470-565518,424,false,1.6530043602630484,1,2531.111358952915,1.0,1.0
2026-03-22T21:10:07.745-306470-565518,843,false,26.19013212215437,1,2531.111358952915,1.0,1.0
2026-03-22T21:10:07.745-306470-565518,434,false,29.324527484708423,1,2531.111358952915,1.0,1.0
2026-03-22T21:10:07.745-306470-565518,484,false,0.20896894628420426,1,2531.111358952915,1.0,1.0
2026-03-22T21:10:07.745-306470-565518,966,true,0.4250529227303376,1,2530.686306030185,1.0,0.35
2026-03-22T21:10:07.745-306470-565518,384,false,6.236899413638735,1,2530.686306030185,1.0,1.0
2026-03-22T21:10:07.745-306470-565518,710,false,8.137221673065644,1,2530.686306030185,1.0,1.0
2026-03-22T21:10:07.745-306470-565518,203,false,29.398395179213015,1,2530.686306030185,1.0,1.0
2026-03-22T21:10:07.745-306470-565518,151,false,5.189704923773736,1,2530.686306030185,1.0,1.0
2026-03-22T21:10:07.745-306470-565518,838,false,0.29431442521816714,1,2530.686306030185,1.0,1.0
2026-03-22T21:10:07.745-306470-565518,465,false,0.4608675125656168,1,2530.686306030185,1.0,1.0
2026-03-22T21:10:07.745-306470-565518,271,false,114.60493327177012,1,2530.686306030185,1.0,1.0
2026-03-22T21:10:07.745-306470-565518,345,false,2.671105252761055,1,2530.686306030185,1.0,1.0
2026-03-22T21:10:07.745-306470-565518,215,false,0.1387281972921988,1,2530.686306030185,1.0,1.0
2026-03-22T21:10:07.745-306470-565518,663,false,2.6589974846025775,1,2530.686306030185,1.0,1.0
2026-03-22T21:10:07.745-306470-565518,455,false,2.857616320434626,1,2530.686306030185,1.0,1.0
2026-03-22T21:10:07.745-306470-565518,820,false,0.09046447223253465,1,2530.686306030185,1.0,1.0
2026-03-22T21:10:07.745-306470-565518,132,true,1.8563315653596355,1,2528.829974464825,1.0,0.0020000000000000018
2026-03-22T21:10:07.745-306470-565518,385,false,23.692705917630274,1,2528.829974464825,1.0,1.0
2026-03-22T21:10:07.745-306470-565518,397,false,6.052333929767164,1,2528.829974464825,1.0,1.0
2026-03-22T21:10:07.745-306470-565518,405,false,10.511290207292642,1,2528.829974464825,1.0,1.0
2026-03-22T21:10:07.745-306470-565518,122,false,0.17368332810494577,1,2528.829974464825,1.0,1.0
2026-03-22T21:10:07.745-306470-565518,355,false,26.275651988256634,1,2528.829974464825,1.0,1.0
2026-03-22T21:10:07.745-306470-565518,816,false,11.959006375859996,1,2528.829974464825,1.0,1.0
2026-03-22T21:10:07.745-306470-565518,337,false,88.61225441334896,1,2528.829974464825,1.0,1.0
2026-03-22T21:10:07.745-306470-565518,804,false,13.455778463557413,1,2528.829974464825,1.0,1.0
2026-03-22T21:10:07.745-306470-565518,590,false,0.863627857079405,1,2528.829974464825,1.0,1.0
2026-03-22T21:10:07.745-306470-565518,566,false,1.9341332479350974,1,2528.829974464825,1.0,1.0
2026-03-22T21:10:07.745-306470-565518,110,false,1.316870391872028,1,2528.829974464825,1.0,1.0
2026-03-22T21:10:07.745-306470-565518,796,false,5.296841494322285,1,2528.829974464825,1.0,1.0
