2026-03-22T21:10:07.745-455326-593077,678,true,14.3317196921654,1,4360.132358318149,1.0,0.73
2026-03-22T21:10:07.745-455326-593077,200,true,79.38805177116244,1,4280.744306546987,1.0,0.739
2026-03-22T21:10:07.745-455326-593077,676,true,51.37461948425552,1,4229.369687062732,1.0,0.17800000000000005
2026-03-22T21:10:07.745-455326-593077,962,true,26.616914731639703,1,4202.752772331092,1.0,0.995
2026-03-22T21:10:07.745-455326-593077,946,true,7.213026687802827,1,4195.539745643289,1.0,0.99
2026-03-22T21:10:07.745-455326-593077,534,true,0.6889686572178482,1,4194.850776986072,1.0,0.988
2026-03-22T21:10:07.745-455326-593077,877,true,164.07127366680552,1,4030.779503319266,1.0,0.993
2026-03-22T21:10:07.745-455326-593077,90,true,9.902345017686612,1,4020.8771583015796,1.0,0.995
2026-03-22T21:10:07.745-455326-593077,352,true,2.188747520960462,1,4018.688410780619,1.0,0.993
2026-03-22T21:10:07.745-455326-593077,498,true,14.043054490604408,1,4004.6453562900147,1.0,0.991
2026-03-22T21:10:07.745-455326-593077,754,true,162.18504888548242,1,3842.460307404532,1.0,0.995
2026-03-22T21:10:07.745-455326-593077,271,true,0.24906956132160762,1,3842.2112378432107,1.0,0.989
2026-03-22T21:10:07.745-455326-593077,265,true,2.8258151873792796,1,3839.3854226558315,1.0,0.989
2026-03-22T21:10:07.745-455326-593077,810,true,5.3626159718694115,1,3834.0228066839622,1.0,0.993
2026-03-22T21:10:07.745-455326-593077,617,true,1.1183055140629816,1,3832.904501169899,1.0,0.993
2026-03-22T21:10:07.745-455326-593077,808,true,22.983470170441993,1,3809.921030999457,1.0,0.708
2026-03-22T21:10:07.745-455326-593077,613,true,1.1797586830867803,1,3808.74127231637,1.0,0.99
2026-03-22T21:10:07.745-455326-593077,220,true,12.341297348365448,1,3796.3999749680047,1.0,0.992
2026-03-22T21:10:07.745-455326-593077,954,false,0.04240222027199725,1,3796.3999749680047,1.0,1.0
2026-03-22T21:10:07.745-455326-593077,69,true,11.258059726586927,1,3785.141915241418,1.0,0.987
2026-03-22T21:10:07.745-455326-593077,258,true,1.7007352757155796,1,3783.4411799657023,1.0,0.994
2026-03-22T21:10:07.745-455326-593077,824,true,6.097313593745829,1,3777.3438663719567,1.0,0.987
2026-03-22T21:10:07.745-455326-593077,54,true,0.859929712012443,1,3776.4839366599444,1.0,0.99
2026-03-22T21:10:07.745-455326-593077,906,true,5.185596529358062,1,3771.2983401305864,1.0,0.987
2026-03-22T21:10:07.745-455326-593077,133,true,16.05266658265549,1,3755.245673547931,1.0,0.993
2026-03-22T21:10:07.745-455326-593077,930,true,0.7201637939200677,1,3754.5255097540107,1.0,0.996
2026-03-22T21:10:07.745-455326-593077,380,true,4.453756288049168,1,3750.0717534659616,1.0,0.994
2026-03-22T21:10:07.745-455326-593077,971,true,8.346460201785787,1,3741.725293264176,1.0,0.99
2026-03-22T21:10:07.745-455326-593077,603,true,3.2815773455431656,1,3738.4437159186327,1.0,0.991
2026-03-22T21:10:07.745-455326-593077,407,true,0.8246894106135699,1,3737.619026508019,1.0,0.987
2026-03-22T21:10:07.745-455326-593077,167,true,2.221192093897581,1,3735.3978344141215,1.0,0.99
2026-03-22T21:10:07.745-455326-593077,573,true,7.060991901590458,1,3728.336842512531,1.0,0.995
2026-03-22T21:10:07.745-455326-593077,502,true,0.9448739413834751,1,3727.3919685711476,1.0,0.998
2026-03-22T21:10:07.745-455326-593077,370,true,109.38372914966713,1,3618.0082394214805,1.0,0.989
2026-03-22T21:10:07.745-455326-593077,98,true,0.646798444675131,1,3617.3614409768056,1.0,0.995
2026-03-22T21:10:07.745-455326-593077,287,true,0.5382075398628413,1,3616.8232334369427,1.0,0.993
2026-03-22T21:10:07.745-455326-593077,488,true,6.153019598683835,1,3610.670213838259,1.0,0.986
2026-03-22T21:10:07.745-455326-593077,667,true,2.7846502461693303,1,3607.8855635920895,1.0,0.992
2026-03-22T21:10:07.745-455326-593077,169,false,0.16960922996086028,1,3607.8855635920895,1.0,1.0
2026-03-22T21:10:07.745-455326-593077,88,true,0.7872076821818751,1,3607.0983559099077,1.0,0.808
2026-03-22T21:10:07.745-455326-593077,916,true,0.23296126179278756,1,3606.865394648115,1.0,0.7130000000000001
2026-03-22T21:10:07.745-455326-593077,713,false,0.1353268681951309,1,3606.865394648115,1.0,1.0
2026-03-22T21:10:07.745-455326-593077,615,true,9.96817516356725,1,3596.897219484548,1.0,0.040000000000000036
2026-03-22T21:10:07.745-455326-593077,594,true,18.189213085663457,1,3578.708006398884,1.0,0.992
2026-03-22T21:10:07.745-455326-593077,637,true,0.7814309923638297,1,3577.9265754065204,1.0,0.986
2026-03-22T21:10:07.745-455326-593077,129,true,21.989766475432152,1,3555.9368089310883,1.0,0.99
2026-03-22T21:10:07.745-455326-593077,164,true,0.36742679698373226,1,3555.5693821341047,1.0,0.72
2026-03-22T21:10:07.745-455326-593077,607,true,15.434237470522381,1,3540.135144663582,1.0,0.989
2026-03-22T21:10:07.745-455326-593077,812,true,8.222425919396018,1,3531.9127187441863,1.0,0.796
2026-03-22T21:10:07.745-455326-593077,28,true,2.9082693698494912,1,3529.0044493743367,1.0,0.981
2026-03-22T21:10:07.745-455326-593077,537,true,1.5637911106932916,1,3527.4406582636434,1.0,0.714
2026-03-22T21:10:07.745-455326-593077,811,true,11.811296706142809,1,3515.6293615575005,1.0,0.0
2026-03-22T21:10:07.745-455326-593077,459,false,0.02558048565463092,1,3515.6293615575005,1.0,1.0
2026-03-22T21:10:07.745-455326-593077,337,true,206.16392480639533,1,3309.4654367511052,1.0,0.993
2026-03-22T21:10:07.745-455326-593077,493,true,6.928671547353912,1,3302.536765203751,1.0,0.988
2026-03-22T21:10:07.745-455326-593077,47,true,1.5258721922756666,1,3301.0108930114757,1.0,0.708
2026-03-22T21:10:07.745-455326-593077,847,true,0.5675644838002194,1,3300.4433285276755,1.0,0.99
2026-03-22T21:10:07.745-455326-593077,961,true,8.685811893729046,1,3291.7575166339466,1.0,0.7110000000000001
2026-03-22T21:10:07.745-455326-593077,146,true,13.063437162076996,1,3278.6940794718694,1.0,0.989
2026-03-22T21:10:07.745-455326-593077,349,true,3.181256925422434,1,3275.512822546447,1.0,0.808
2026-03-22T21:10:07.745-455326-593077,606,true,33.88615885174985,1,3241.626663694697,1.0,0.04600000000000004
2026-03-22T21:10:07.745-455326-593077,206,true,3.400450478633585,1,3238.2262132160636,1.0,0.99
2026-03-22T21:10:07.745-455326-593077,507,false,0.16788612180311158,1,3238.2262132160636,1.0,1.0
2026-03-22T21:10:07.745-455326-593077,331,true,70.07302107752224,1,3168.1531921385413,1.0,0.994
2026-03-22T21:10:07.745-455326-593077,491,true,4.819333652696481,1,3163.3338584858448,1.0,0.0
2026-03-22T21:10:07.745-455326-593077,989,true,1.1234403474172647,1,3162.2104181384275,1.0,0.982
2026-03-22T21:10:07.745-455326-593077,952,true,34.11858786348336,1,3128.091830274944,1.0,0.988
2026-03-22T21:10:07.745-455326-593077,682,true,0.21774863495574145,1,3127.8740816399886,1.0,0.842
2026-03-22T21:10:07.745-455326-593077,516,true,122.2875898850854,1,3005.5864917549034,1.0,0.986
2026-03-22T21:10:07.745-455326-593077,687,true,0.7045710468158487,1,3004.8819207080874,1.0,0.8069999999999999
2026-03-22T21:10:07.745-455326-593077,708,false,0.14870951578038072,1,3004.8819207080874,1.0,1.0
2026-03-22T21:10:07.745-455326-593077,802,true,1.2830585030254713,1,3003.598862205062,1.0,0.992
2026-03-22T21:10:07.745-455326-593077,389,true,29.28503888852906,1,2974.3138233165328,1.0,0.991
2026-03-22T21:10:07.745-455326-593077,96,true,2.619294290973398,1,2971.6945290255594,1.0,0.8109999999999999
2026-03-22T21:10:07.745-455326-593077,32,true,7.733783693377147,1,2963.9607453321823,1.0,0.995
2026-03-22T21:10:07.745-455326-593077,980,true,0.7229825057527808,1,2963.2377628264294,1.0,0.991
2026-03-22T21:10:07.745-455326-593077,107,true,0.996631946772747,1,2962.241130879657,1.0,0.996
2026-03-22T21:10:07.745-455326-593077,506,false,0.06715502942996471,1,2962.241130879657,1.0,1.0
2026-03-22T21:10:07.745-455326-593077,93,true,0.738131389541839,1,2961.502999490115,1.0,0.04300000000000004
2026-03-22T21:10:07.745-455326-593077,656,true,2.1880094902395255,1,2959.3149899998757,1.0,0.993
2026-03-22T21:10:07.745-455326-593077,438,true,5.972266283857777,1,2953.342723716018,1.0,0.991
2026-03-22T21:10:07.745-455326-593077,760,false,0.12436642439449994,1,2953.342723716018,1.0,1.0
2026-03-22T21:10:07.745-455326-593077,908,true,5.932609416535073,1,2947.410114299483,1.0,0.745
2026-03-22T21:10:07.745-455326-593077,414,true,0.6109952982708236,1,2946.7991190012126,1.0,0.993
2026-03-22T21:10:07.745-455326-593077,286,true,0.7609509049479575,1,2946.0381680962646,1.0,0.787
2026-03-22T21:10:07.745-455326-593077,447,true,4.7799128705727565,1,2941.2582552256918,1.0,0.994
2026-03-22T21:10:07.745-455326-593077,368,true,9.204519793250155,1,2932.0537354324415,1.0,0.768
2026-03-22T21:10:07.745-455326-593077,477,true,3.2489037221175,1,2928.804831710324,1.0,0.992
2026-03-22T21:10:07.745-455326-593077,624,true,8.623666484119838,1,2920.181165226204,1.0,0.992
2026-03-22T21:10:07.745-455326-593077,566,true,47.00358201870675,1,2873.1775832074973,1.0,0.988
2026-03-22T21:10:07.745-455326-593077,804,true,4.601523495921032,1,2868.5760597115764,1.0,0.745
2026-03-22T21:10:07.745-455326-593077,57,false,0.0557166415136122,1,2868.5760597115764,1.0,1.0
2026-03-22T21:10:07.745-455326-593077,631,true,0.5753896032549974,1,2868.000670108321,1.0,0.742
2026-03-22T21:10:07.745-455326-593077,895,true,61.397477790983686,1,2806.6031923173373,1.0,0.989
2026-03-22T21:10:07.745-455326-593077,982,true,3.610901260409467,1,2802.992291056928,1.0,0.71
2026-03-22T21:10:07.745-455326-593077,512,true,0.5113103351921638,1,2802.4809807217357,1.0,0.991
2026-03-22T21:10:07.745-455326-593077,385,true,4.057516777925254,1,2798.4234639438105,1.0,0.994
2026-03-22T21:10:07.745-455326-593077,652,false,0.12043055923685657,1,2798.4234639438105,1.0,1.0
2026-03-22T21:10:07.745-455326-593077,933,true,44.90253697893118,1,2753.5209269648794,1.0,0.7090000000000001
2026-03-22T21:10:07.745-455326-593077,406,true,136.29356448471216,1,2617.2273624801674,1.0,0.857
2026-03-22T21:10:07.745-455326-593077,665,true,64.21912478070885,1,2553.0082376994587,1.0,0.718
2026-03-22T21:10:07.745-455326-593077,939,true,1.6991744752668092,1,2551.309063224192,1.0,0.802
2026-03-22T21:10:07.745-455326-593077,318,true,0.22595468475430783,1,2551.0831085394375,1.0,0.989
2026-03-22T21:10:07.745-455326-593077,522,true,4.739125300838345,1,2546.3439832385993,1.0,0.773
2026-03-22T21:10:07.745-455326-593077,545,true,0.875152102973606,1,2545.468831135626,1.0,0.993
2026-03-22T21:10:07.745-455326-593077,864,true,7.387158462813844,1,2538.081672672812,1.0,0.993
2026-03-22T21:10:07.745-455326-593077,501,true,2.2809409711161597,1,2535.800731701696,1.0,0.040000000000000036
2026-03-22T21:10:07.745-455326-593077,367,true,34.1067884792043,1,2501.6939432224917,1.0,0.027000000000000024
2026-03-22T21:10:07.745-455326-593077,966,true,749.1372464621942,1,1752.5566967602977,1.0,0.99
2026-03-22T21:10:07.745-455326-593077,503,true,0.44490901998591387,1,1752.1117877403117,1.0,0.041000000000000036
2026-03-22T21:10:07.745-455326-593077,843,true,33.38150146523891,1,1718.7302862750728,1.0,0.993
2026-03-22T21:10:07.745-455326-593077,171,true,35.34236550482566,1,1683.387920770247,1.0,0.992
2026-03-22T21:10:07.745-455326-593077,782,true,1.9478208881559698,1,1681.440099882091,1.0,0.992
2026-03-22T21:10:07.745-455326-593077,881,true,43.635191942078016,1,1637.804907940013,1.0,0.793
2026-03-22T21:10:07.745-455326-593077,207,true,4.070444731724512,1,1633.7344632082884,1.0,0.787
2026-03-22T21:10:07.745-455326-593077,471,true,37.45845704269077,1,1596.2760061655977,1.0,0.995
2026-03-22T21:10:07.745-455326-593077,139,true,35.56527817600051,1,1560.7107279895972,1.0,0.989
2026-03-22T21:10:07.745-455326-593077,400,true,23.0036372939175,1,1537.7070906956797,1.0,0.994
2026-03-22T21:10:07.745-455326-593077,560,false,0.14013975982661933,1,1537.7070906956797,1.0,1.0
2026-03-22T21:10:07.745-455326-593077,62,true,27.0653318093069,1,1510.6417588863728,1.0,0.992
2026-03-22T21:10:07.745-455326-593077,467,true,2.6714714261203323,1,1507.9702874602524,1.0,0.992
2026-03-22T21:10:07.745-455326-593077,285,true,0.21492267267523352,1,1507.7553647875773,1.0,0.04800000000000004
2026-03-22T21:10:07.745-455326-593077,97,true,0.5871383435846513,1,1507.1682264439926,1.0,0.17000000000000004
2026-03-22T21:10:07.745-455326-593077,456,true,78.78727620695513,1,1428.3809502370375,1.0,0.996
2026-03-22T21:10:07.745-455326-593077,269,false,0.12718576922510907,1,1428.3809502370375,1.0,1.0
2026-03-22T21:10:07.745-455326-593077,401,true,2.3132312478208092,1,1426.0677189892167,1.0,0.756
2026-03-22T21:10:07.745-455326-593077,866,true,1.3070101072653268,1,1424.7607088819514,1.0,0.71
2026-03-22T21:10:07.745-455326-593077,639,true,10.92450688934389,1,1413.8362019926074,1.0,0.735
2026-03-22T21:10:07.745-455326-593077,570,false,0.04567068917214705,1,1413.8362019926074,1.0,1.0
2026-03-22T21:10:07.745-455326-593077,526,true,18.223858234332287,1,1395.612343758275,1.0,0.723
2026-03-22T21:10:07.745-455326-593077,453,true,1.279172865622355,1,1394.3331708926528,1.0,0.17300000000000004
2026-03-22T21:10:07.745-455326-593077,159,true,27.19795646173115,1,1367.1352144309217,1.0,0.99
2026-03-22T21:10:07.745-455326-593077,638,true,0.9346483369253814,1,1366.2005660939963,1.0,0.050000000000000044
2026-03-22T21:10:07.745-455326-593077,736,true,0.8756442668983659,1,1365.3249218270978,1.0,0.996
2026-03-22T21:10:07.745-455326-593077,429,true,0.503769573585858,1,1364.8211522535119,1.0,0.714
2026-03-22T21:10:07.745-455326-593077,669,true,11.35056165458624,1,1353.4705905989256,1.0,0.719
2026-03-22T21:10:07.745-455326-593077,84,true,1.6277425084335373,1,1351.842848090492,1.0,0.996
2026-03-22T21:10:07.745-455326-593077,157,true,3.147173287123171,1,1348.6956748033688,1.0,0.7170000000000001
2026-03-22T21:10:07.745-455326-593077,552,true,16.742836860190213,1,1331.9528379431786,1.0,0.989
2026-03-22T21:10:07.745-455326-593077,187,true,1.7816772836010744,1,1330.1711606595775,1.0,0.993
2026-03-22T21:10:07.745-455326-593077,530,true,0.42225105257732365,1,1329.748909607,1.0,0.99
2026-03-22T21:10:07.745-455326-593077,473,true,1.6708541992539827,1,1328.0780554077462,1.0,0.722
2026-03-22T21:10:07.745-455326-593077,466,true,37.39715860624678,1,1290.6808968014993,1.0,0.732
2026-03-22T21:10:07.745-455326-593077,308,true,7.57747090371913,1,1283.1034258977802,1.0,0.8
2026-03-22T21:10:07.745-455326-593077,872,true,2.8115080112971786,1,1280.291917886483,1.0,0.989
2026-03-22T21:10:07.745-455326-593077,547,false,0.19722764299540393,1,1280.291917886483,1.0,1.0
2026-03-22T21:10:07.745-455326-593077,26,true,1658.2992462049901,1,-378.00732831850723,1.0,0.5920000000000001
2026-03-22T21:10:07.745-306470-818981,713,false,4.026891812107857,1,3798.811229896068,1.0,1.0
2026-03-22T21:10:07.745-306470-818981,487,false,4.3550466873767055,1,3798.811229896068,1.0,1.0
2026-03-22T21:10:07.745-306470-818981,6,false,11.682791101751134,1,3798.811229896068,1.0,1.0
2026-03-22T21:10:07.745-306470-818981,176,false,0.6056786469456098,1,3798.811229896068,1.0,1.0
2026-03-22T21:10:07.745-306470-818981,30,false,0.3334745028176119,1,3798.811229896068,1.0,1.0
2026-03-22T21:10:07.745-306470-818981,718,false,5.046991946839368,1,3798.811229896068,1.0,1.0
2026-03-22T21:10:07.745-306470-818981,365,false,1.116581196818153,1,3798.811229896068,1.0,1.0
2026-03-22T21:10:07.745-306470-818981,795,true,0.5436518153201697,1,3798.267578080748,1.0,0.999
2026-03-22T21:10:07.745-306470-818981,978,false,0.05023537806067458,1,3798.267578080748,1.0,1.0
2026-03-22T21:10:07.745-306470-818981,922,false,12.961370313864427,1,3798.267578080748,1.0,1.0
2026-03-22T21:10:07.745-306470-818981,136,false,0.9271017906315098,1,3798.267578080748,1.0,1.0
2026-03-22T21:10:07.745-306470-818981,535,false,2.061778957309091,1,3798.267578080748,1.0,1.0
2026-03-22T21:10:07.745-306470-818981,31,false,9.998911671798492,1,3798.267578080748,1.0,1.0
2026-03-22T21:10:07.745-306470-818981,956,false,2.573712937827829,1,3798.267578080748,1.0,1.0
2026-03-22T21:10:07.745-306470-818981,709,false,30.050982787268495,1,3798.267578080748,1.0,1.0
2026-03-22T21:10:07.745-306470-818981,9,false,6.029728895389115,1,3798.267578080748,1.0,1.0
2026-03-22T21:10:07.745-306470-818981,597,false,2.0197122507243197,1,3798.267578080748,1.0,1.0
2026-03-22T21:10:07.745-306470-818981,943,false,3.8549215553721528,1,3798.267578080748,1.0,1.0
2026-03-22T21:10:07.745-306470-818981,36,false,7.34237911311142,1,3798.267578080748,1.0,1.0
2026-03-22T21:10:07.745-306470-818981,303,false,0.3373616074628009,1,3798.267578080748,1.0,1.0
2026-03-22T21:10:07.745-306470-818981,5,false,5.303654109767851,1,3798.267578080748,1.0,1.0
2026-03-22T21:10:07.745-306470-818981,740,false,0.2690063508953757,1,3798.267578080748,1.0,1.0
2026-03-22T21:10:07.745-306470-818981,167,false,31.831059063072242,1,3798.267578080748,1.0,1.0
2026-03-22T21:10:07.745-306470-818981,253,false,40.24787167196677,1,3798.267578080748,1.0,1.0
2026-03-22T21:10:07.745-306470-818981,63,false,0.41561360852634716,1,3798.267578080748,1.0,1.0
2026-03-22T21:10:07.745-306470-818981,596,false,36.47793386727565,1,3798.267578080748,1.0,1.0
2026-03-22T21:10:07.745-306470-818981,138,false,0.7180692703400321,1,3798.267578080748,1.0,1.0
2026-03-22T21:10:07.745-306470-818981,953,false,0.04121873399192991,1,3798.267578080748,1.0,1.0
2026-03-22T21:10:07.745-306470-818981,29,false,0.31399940240457863,1,3798.267578080748,1.0,1.0
2026-03-22T21:10:07.745-306470-818981,74,false,13.33227752214652,1,3798.267578080748,1.0,1.0
2026-03-22T21:10:07.745-306470-818981,761,false,13.365955300333436,1,3798.267578080748,1.0,1.0
2026-03-22T21:10:07.745-306470-818981,730,false,18.50302348932452,1,3798.267578080748,1.0,1.0
2026-03-22T21:10:07.745-306470-818981,676,false,0.4023692051336463,1,3798.267578080748,1.0,1.0
2026-03-22T21:10:07.745-306470-818981,860,false,2.8406231693872837,1,3798.267578080748,1.0,1.0
2026-03-22T21:10:07.745-306470-818981,711,false,13.269979292922441,1,3798.267578080748,1.0,1.0
2026-03-22T21:10:07.745-306470-818981,456,false,25.269118763298163,1,3798.267578080748,1.0,1.0
2026-03-22T21:10:07.745-306470-818981,612,true,4.012344632584229,1,3794.255233448164,1.0,0.999
2026-03-22T21:10:07.745-306470-818981,255,false,8.680903616536261,1,3794.255233448164,1.0,1.0
2026-03-22T21:10:07.745-306470-818981,656,false,0.03195021195350039,1,3794.255233448164,1.0,1.0
2026-03-22T21:10:07.745-306470-818981,220,false,1.8676665056081685,1,3794.255233448164,1.0,1.0
2026-03-22T21:10:07.745-306470-818981,669,false,6.3860327076677965,1,3794.255233448164,1.0,1.0
2026-03-22T21:10:07.745-306470-818981,751,false,112.49410135496834,1,3794.255233448164,1.0,1.0
2026-03-22T21:10:07.745-306470-818981,717,false,0.17889547384518759,1,3794.255233448164,1.0,1.0
2026-03-22T21:10:07.745-306470-818981,283,false,3.10221816456602,1,3794.255233448164,1.0,1.0
2026-03-22T21:10:07.745-306470-818981,364,false,2.6383767318417894,1,3794.255233448164,1.0,1.0
2026-03-22T21:10:07.745-306470-818981,574,false,0.5109347299637149,1,3794.255233448164,1.0,1.0
2026-03-22T21:10:07.745-306470-818981,630,false,0.13539340587402596,1,3794.255233448164,1.0,1.0
2026-03-22T21:10:07.745-306470-818981,453,false,57.42644776592359,1,3794.255233448164,1.0,1.0
2026-03-22T21:10:07.745-306470-818981,312,false,14.287608619976421,1,3794.255233448164,1.0,1.0
2026-03-22T21:10:07.745-306470-818981,933,false,2.3880967005988283,1,3794.255233448164,1.0,1.0
2026-03-22T21:10:07.745-306470-818981,121,false,3.469653042365534,1,3794.255233448164,1.0,1.0
2026-03-22T21:10:07.745-306470-818981,906,false,1.3986470920008298,1,3794.255233448164,1.0,1.0
2026-03-22T21:10:07.745-306470-818981,221,false,10.330938165985089,1,3794.255233448164,1.0,1.0
2026-03-22T21:10:07.745-306470-818981,890,false,0.837679030208071,1,3794.255233448164,1.0,1.0
2026-03-22T21:10:07.745-306470-818981,488,false,0.7210434504532675,1,3794.255233448164,1.0,1.0
2026-03-22T21:10:07.745-306470-818981,979,false,0.8327603102736938,1,3794.255233448164,1.0,1.0
2026-03-22T21:10:07.745-306470-818981,957,false,2.967068374822296,1,3794.255233448164,1.0,1.0
2026-03-22T21:10:07.745-306470-818981,7,false,2.790811243716747,1,3794.255233448164,1.0,1.0
2026-03-22T21:10:07.745-306470-818981,685,false,1.1797255678877767,1,3794.255233448164,1.0,1.0
2026-03-22T21:10:07.745-306470-818981,97,false,2.0720606459064728,1,3794.255233448164,1.0,1.0
2026-03-22T21:10:07.745-306470-818981,869,false,0.1686097681217919,1,3794.255233448164,1.0,1.0
2026-03-22T21:10:07.745-306470-818981,143,true,9.835910534532552,1,3784.4193229136313,1.0,0.708
2026-03-22T21:10:07.745-306470-818981,618,false,14.281261895443118,1,3784.4193229136313,1.0,1.0
2026-03-22T21:10:07.745-306470-818981,79,false,12.451972867349944,1,3784.4193229136313,1.0,1.0
2026-03-22T21:10:07.745-306470-818981,501,false,13.133915051297981,1,3784.4193229136313,1.0,1.0
2026-03-22T21:10:07.745-306470-818981,436,false,12.16261274452484,1,3784.4193229136313,1.0,1.0
2026-03-22T21:10:07.745-306470-818981,942,false,0.9699990236057043,1,3784.4193229136313,1.0,1.0
2026-03-22T21:10:07.745-306470-818981,990,false,3.151538515606438,1,3784.4193229136313,1.0,1.0
2026-03-22T21:10:07.745-306470-818981,736,false,5.00414432787625,1,3784.4193229136313,1.0,1.0
2026-03-22T21:10:07.745-306470-818981,672,false,0.17579732846357368,1,3784.4193229136313,1.0,1.0
2026-03-22T21:10:07.745-306470-818981,983,false,0.846262875119938,1,3784.4193229136313,1.0,1.0
2026-03-22T21:10:07.745-306470-818981,681,false,119.81483285254616,1,3784.4193229136313,1.0,1.0
2026-03-22T21:10:07.745-306470-818981,950,false,75.52445293280842,1,3784.4193229136313,1.0,1.0
2026-03-22T21:10:07.745-306470-818981,248,false,1.0607612482626902,1,3784.4193229136313,1.0,1.0
2026-03-22T21:10:07.745-306470-818981,651,false,0.42976758268191695,1,3784.4193229136313,1.0,1.0
2026-03-22T21:10:07.745-306470-818981,53,false,21.59465767613492,1,3784.4193229136313,1.0,1.0
2026-03-22T21:10:07.745-306470-818981,540,false,3.6909126133523595,1,3784.4193229136313,1.0,1.0
2026-03-22T21:10:07.745-306470-818981,83,false,0.5568467847703775,1,3784.4193229136313,1.0,1.0
2026-03-22T21:10:07.745-306470-818981,675,false,14.197713609696955,1,3784.4193229136313,1.0,1.0
2026-03-22T21:10:07.745-306470-818981,47,false,11.43265242967136,1,3784.4193229136313,1.0,1.0
2026-03-22T21:10:07.745-306470-818981,786,false,2.9088567789738997,1,3784.4193229136313,1.0,1.0
2026-03-22T21:10:07.745-306470-818981,200,false,0.3491910859939894,1,3784.4193229136313,1.0,1.0
2026-03-22T21:10:07.745-306470-818981,639,false,0.38446739024827337,1,3784.4193229136313,1.0,1.0
2026-03-22T21:10:07.745-306470-818981,706,false,3.9740126421726716,1,3784.4193229136313,1.0,1.0
2026-03-22T21:10:07.745-306470-818981,396,false,194.26471149346614,1,3784.4193229136313,1.0,1.0
2026-03-22T21:10:07.745-306470-818981,782,false,0.5544847308875093,1,3784.4193229136313,1.0,1.0
2026-03-22T21:10:07.745-306470-818981,78,false,1.6111031727451364,1,3784.4193229136313,1.0,1.0
2026-03-22T21:10:07.745-306470-818981,522,false,1.5296632965886023,1,3784.4193229136313,1.0,1.0
2026-03-22T21:10:07.745-306470-818981,398,false,1.003428576904679,1,3784.4193229136313,1.0,1.0
2026-03-22T21:10:07.745-306470-818981,324,false,1.3520246686719197,1,3784.4193229136313,1.0,1.0
2026-03-22T21:10:07.745-306470-818981,760,false,27.416805130659355,1,3784.4193229136313,1.0,1.0
2026-03-22T21:10:07.745-306470-818981,88,false,0.9538390977761277,1,3784.4193229136313,1.0,1.0
2026-03-22T21:10:07.745-306470-818981,108,false,1.0973643590152442,1,3784.4193229136313,1.0,1.0
2026-03-22T21:10:07.745-306470-818981,489,false,4.751605922822709,1,3784.4193229136313,1.0,1.0
2026-03-22T21:10:07.745-306470-818981,310,false,0.4456442284698077,1,3784.4193229136313,1.0,1.0
2026-03-22T21:10:07.745-306470-818981,468,false,0.11019180790501877,1,3784.4193229136313,1.0,1.0
2026-03-22T21:10:07.745-306470-818981,326,false,2.259253872788954,1,3784.4193229136313,1.0,1.0
2026-03-22T21:10:07.745-306470-818981,781,false,2.2694027976822126,1,3784.4193229136313,1.0,1.0
2026-03-22T21:10:07.745-306470-818981,168,false,4.681586517462168,1,3784.4193229136313,1.0,1.0
2026-03-22T21:10:07.745-306470-818981,703,false,0.012616209526724067,1,3784.4193229136313,1.0,1.0
2026-03-22T21:10:07.745-306470-818981,989,false,0.4459566783688995,1,3784.4193229136313,1.0,1.0
2026-03-22T21:10:07.745-306470-818981,297,false,31.645868289098672,1,3784.4193229136313,1.0,1.0
2026-03-22T21:10:07.745-306470-818981,203,false,29.398395179213015,1,3784.4193229136313,1.0,1.0
2026-03-22T21:10:07.745-306470-818981,856,false,6.967592870334068,1,3784.4193229136313,1.0,1.0
2026-03-22T21:10:07.745-306470-818981,889,false,10.745879665704397,1,3784.4193229136313,1.0,1.0
2026-03-22T21:10:07.745-306470-818981,652,false,1.620931866887502,1,3784.4193229136313,1.0,1.0
2026-03-22T21:10:07.745-306470-818981,163,false,0.6799890255066504,1,3784.4193229136313,1.0,1.0
2026-03-22T21:10:07.745-306470-818981,141,true,0.4671498220195218,1,3783.9521730916117,1.0,0.6950000000000001
2026-03-22T21:10:07.745-306470-818981,944,false,0.22182395408425254,1,3783.9521730916117,1.0,1.0
2026-03-22T21:10:07.745-306470-818981,86,false,0.16582950324109358,1,3783.9521730916117,1.0,1.0
2026-03-22T21:10:07.745-306470-818981,879,false,5.961579788346774,1,3783.9521730916117,1.0,1.0
2026-03-22T21:10:07.745-306470-818981,300,false,37.505580757926985,1,3783.9521730916117,1.0,1.0
2026-03-22T21:10:07.745-306470-818981,769,false,5.3870555942556635,1,3783.9521730916117,1.0,1.0
2026-03-22T21:10:07.745-306470-818981,766,false,0.14418700430507822,1,3783.9521730916117,1.0,1.0
2026-03-22T21:10:07.745-306470-818981,961,false,28.27964431987213,1,3783.9521730916117,1.0,1.0
2026-03-22T21:10:07.745-306470-818981,789,false,0.05064122161378792,1,3783.9521730916117,1.0,1.0
2026-03-22T21:10:07.745-306470-818981,921,false,0.5726227900955622,1,3783.9521730916117,1.0,1.0
2026-03-22T21:10:07.745-306470-818981,926,false,19.948291597759432,1,3783.9521730916117,1.0,1.0
2026-03-22T21:10:07.745-306470-818981,134,false,1.0452943491984807,1,3783.9521730916117,1.0,1.0
2026-03-22T21:10:07.745-306470-818981,529,false,142.864614082296,1,3783.9521730916117,1.0,1.0
2026-03-22T21:10:07.745-306470-818981,816,false,11.959006375859996,1,3783.9521730916117,1.0,1.0
2026-03-22T21:10:07.745-306470-818981,393,false,0.07646584713331535,1,3783.9521730916117,1.0,1.0
2026-03-22T21:10:07.745-306470-818981,271,false,114.60493327177012,1,3783.9521730916117,1.0,1.0
2026-03-22T21:10:07.745-306470-818981,559,false,0.20173282154834812,1,3783.9521730916117,1.0,1.0
2026-03-22T21:10:07.745-306470-818981,966,false,0.4250529227303376,1,3783.9521730916117,1.0,1.0
2026-03-22T21:10:07.745-306470-818981,976,false,4.249349057800708,1,3783.9521730916117,1.0,1.0
2026-03-22T21:10:07.745-306470-818981,382,false,2.356571815478851,1,3783.9521730916117,1.0,1.0
2026-03-22T21:10:07.745-306470-818981,467,false,5.453257828507434,1,3783.9521730916117,1.0,1.0
2026-03-22T21:10:07.745-306470-818981,124,false,5.520069765142573,1,3783.9521730916117,1.0,1.0
2026-03-22T21:10:07.745-306470-818981,566,false,1.9341332479350974,1,3783.9521730916117,1.0,1.0
2026-03-22T21:10:07.745-306470-818981,817,false,0.3258625928866412,1,3783.9521730916117,1.0,1.0
2026-03-22T21:10:07.745-306470-818981,666,false,0.6638759988897446,1,3783.9521730916117,1.0,1.0
2026-03-22T21:10:07.745-306470-818981,949,false,37.19212237984747,1,3783.9521730916117,1.0,1.0
2026-03-22T21:10:07.745-306470-818981,307,false,0.027035733056691196,1,3783.9521730916117,1.0,1.0
2026-03-22T21:10:07.745-306470-818981,919,false,1.1224616398929435,1,3783.9521730916117,1.0,1.0
2026-03-22T21:10:07.745-306470-818981,497,false,12.828004752851003,1,3783.9521730916117,1.0,1.0
2026-03-22T21:10:07.745-306470-818981,847,false,0.1285905610397327,1,3783.9521730916117,1.0,1.0
2026-03-22T21:10:07.745-306470-818981,10,false,2.2334730381410326,1,3783.9521730916117,1.0,1.0
2026-03-22T21:10:07.745-306470-818981,301,false,0.10997988831273817,1,3783.9521730916117,1.0,1.0
2026-03-22T21:10:07.745-306470-818981,132,false,1.8563315653596355,1,3783.9521730916117,1.0,1.0
2026-03-22T21:10:07.745-306470-818981,719,false,1.3659370847930434,1,3783.9521730916117,1.0,1.0
2026-03-22T21:10:07.745-306470-818981,622,false,63.62728455550925,1,3783.9521730916117,1.0,1.0
2026-03-22T21:10:07.745-306470-818981,490,false,8.792594602435985,1,3783.9521730916117,1.0,1.0
2026-03-22T21:10:07.745-306470-818981,42,false,0.1316142715962861,1,3783.9521730916117,1.0,1.0
2026-03-22T21:10:07.745-306470-818981,863,false,40.932990221599674,1,3783.9521730916117,1.0,1.0
2026-03-22T21:10:07.745-306470-818981,868,false,10.26987432448396,1,3783.9521730916117,1.0,1.0
2026-03-22T21:10:07.745-306470-818981,506,false,1.1999063035219828,1,3783.9521730916117,1.0,1.0
2026-03-22T21:10:07.745-306470-818981,106,false,0.06871359881491816,1,3783.9521730916117,1.0,1.0
2026-03-22T21:10:07.745-306470-818981,84,false,0.2576040109632174,1,3783.9521730916117,1.0,1.0
2026-03-22T21:10:07.745-306470-818981,434,false,29.324527484708423,1,3783.9521730916117,1.0,1.0
2026-03-22T21:10:07.745-306470-818981,425,false,2.120601243192607,1,3783.9521730916117,1.0,1.0
2026-03-22T21:10:07.745-306470-818981,18,false,2.2919669564981997,1,3783.9521730916117,1.0,1.0
2026-03-22T21:10:07.745-306470-818981,72,false,0.011294211771990834,1,3783.9521730916117,1.0,1.0
2026-03-22T21:10:07.745-306470-818981,753,false,0.11391520726364249,1,3783.9521730916117,1.0,1.0
2026-03-22T21:10:07.745-306470-818981,448,false,4.6332953878277685,1,3783.9521730916117,1.0,1.0
2026-03-22T21:10:07.745-306470-818981,698,false,1.0847945747594332,1,3783.9521730916117,1.0,1.0
2026-03-22T21:10:07.745-306470-818981,936,false,1.329619910596033,1,3783.9521730916117,1.0,1.0
2026-03-22T21:10:07.745-306470-818981,466,false,17.388688675232753,1,3783.9521730916117,1.0,1.0
2026-03-22T21:10:07.745-306470-818981,621,false,2.785438512676974,1,3783.9521730916117,1.0,1.0
2026-03-22T21:10:07.745-306470-818981,331,false,55.4498312744133,1,3783.9521730916117,1.0,1.0
2026-03-22T21:10:07.745-306470-818981,895,false,3.7710587538019977,1,3783.9521730916117,1.0,1.0
2026-03-22T21:10:07.745-306470-818981,545,false,12.720940892557447,1,3783.9521730916117,1.0,1.0
2026-03-22T21:10:07.745-306470-818981,590,false,0.863627857079405,1,3783.9521730916117,1.0,1.0
2026-03-22T21:10:07.745-306470-818981,341,false,7.8706098375338165,1,3783.9521730916117,1.0,1.0
2026-03-22T21:10:07.745-306470-818981,548,false,12.08962868939768,1,3783.9521730916117,1.0,1.0
2026-03-22T21:10:07.745-306470-818981,999,false,3.425707161192764,1,3783.9521730916117,1.0,1.0
2026-03-22T21:10:07.745-306470-818981,918,false,0.7484230400420523,1,3783.9521730916117,1.0,1.0
2026-03-22T21:10:07.745-306470-818981,428,false,263.356938624043,1,3783.9521730916117,1.0,1.0
2026-03-22T21:10:07.745-306470-818981,927,false,4.545312483805656,1,3783.9521730916117,1.0,1.0
2026-03-22T21:10:07.745-306470-818981,598,false,0.6895840117945236,1,3783.9521730916117,1.0,1.0
2026-03-22T21:10:07.745-306470-818981,39,false,60.65962720247165,1,3783.9521730916117,1.0,1.0
2026-03-22T21:10:07.745-306470-818981,555,false,0.9864431382896695,1,3783.9521730916117,1.0,1.0
2026-03-22T21:10:07.745-306470-818981,502,false,0.3086493274442268,1,3783.9521730916117,1.0,1.0
2026-03-22T21:10:07.745-306470-818981,896,false,0.12139684144403523,1,3783.9521730916117,1.0,1.0
2026-03-22T21:10:07.745-306470-818981,33,false,0.10428172412056877,1,3783.9521730916117,1.0,1.0
2026-03-22T21:10:07.745-306470-818981,777,false,10.401953928554066,1,3783.9521730916117,1.0,1.0
2026-03-22T21:10:07.745-306470-818981,589,false,4.035788350392673,1,3783.9521730916117,1.0,1.0
2026-03-22T21:10:07.745-306470-818981,415,false,11.016944525600023,1,3783.9521730916117,1.0,1.0
2026-03-22T21:10:07.745-306470-818981,870,false,13.92643655504969,1,3783.9521730916117,1.0,1.0
2026-03-22T21:10:07.745-306470-818981,284,false,2.171944070009299,1,3783.9521730916117,1.0,1.0
2026-03-22T21:10:07.745-306470-818981,702,false,6.953843122723019,1,3783.9521730916117,1.0,1.0
2026-03-22T21:10:07.745-306470-818981,631,false,17.714647695159734,1,3783.9521730916117,1.0,1.0
2026-03-22T21:10:07.745-306470-818981,503,false,2.4883993676744356,1,3783.9521730916117,1.0,1.0
2026-03-22T21:10:07.745-306470-818981,678,false,7.3517981556511725,1,3783.9521730916117,1.0,1.0
2026-03-22T21:10:07.745-306470-818981,275,false,0.270303774782326,1,3783.9521730916117,1.0,1.0
2026-03-22T21:10:07.745-306470-818981,249,false,31.596927166440093,1,3783.9521730916117,1.0,1.0
2026-03-22T21:10:07.745-306470-818981,52,false,19.609636278335095,1,3783.9521730916117,1.0,1.0
2026-03-22T21:10:07.745-306470-818981,370,false,0.16047511203928425,1,3783.9521730916117,1.0,1.0
2026-03-22T21:10:07.745-306470-818981,482,false,4.560746185875722,1,3783.9521730916117,1.0,1.0
2026-03-22T21:10:07.745-306470-818981,118,false,27.778138912022158,1,3783.9521730916117,1.0,1.0
2026-03-22T21:10:07.745-306470-818981,293,false,0.029574496940839013,1,3783.9521730916117,1.0,1.0
2026-03-22T21:10:07.745-306470-818981,845,false,1.0593866108861636,1,3783.9521730916117,1.0,1.0
2026-03-22T21:10:07.745-306470-818981,344,false,15.856420868136626,1,3783.9521730916117,1.0,1.0
2026-03-22T21:10:07.745-306470-818981,592,false,2.3273183654178706,1,3783.9521730916117,1.0,1.0
2026-03-22T21:10:07.745-306470-818981,461,false,30.774600582124464,1,3783.9521730916117,1.0,1.0
2026-03-22T21:10:07.745-306470-818981,526,false,0.9232052513367979,1,3783.9521730916117,1.0,1.0
2026-03-22T21:10:07.745-306470-818981,414,false,4.237111267138292,1,3783.9521730916117,1.0,1.0
2026-03-22T21:10:07.745-306470-818981,558,false,0.24352869896499307,1,3783.9521730916117,1.0,1.0
2026-03-22T21:10:07.745-306470-818981,104,false,3.172921096196889,1,3783.9521730916117,1.0,1.0
2026-03-22T21:10:07.745-306470-818981,446,false,5.091265385248055,1,3783.9521730916117,1.0,1.0
2026-03-22T21:10:07.745-306470-818981,723,false,9.727883463524542,1,3783.9521730916117,1.0,1.0
2026-03-22T21:10:07.745-306470-818981,742,false,90.07470430648573,1,3783.9521730916117,1.0,1.0
2026-03-22T21:10:07.745-306470-818981,431,false,9.636878688320458,1,3783.9521730916117,1.0,1.0
2026-03-22T21:10:07.745-306470-818981,332,false,15.589253932171,1,3783.9521730916117,1.0,1.0
2026-03-22T21:10:07.745-306470-818981,897,false,9.663281265537305,1,3783.9521730916117,1.0,1.0
2026-03-22T21:10:07.745-306470-818981,21,false,99.01596443879777,1,3783.9521730916117,1.0,1.0
2026-03-22T21:10:07.745-306470-818981,276,true,0.6457267679141033,1,3783.3064463236974,1.0,0.999
2026-03-22T21:10:07.745-306470-818981,628,false,2.294343606052729,1,3783.3064463236974,1.0,1.0
2026-03-22T21:10:07.745-306470-818981,549,false,3.940423103920218,1,3783.3064463236974,1.0,1.0
2026-03-22T21:10:07.745-306470-818981,533,false,0.31064950490456106,1,3783.3064463236974,1.0,1.0
2026-03-22T21:10:07.745-306470-818981,537,false,72.05439935673081,1,3783.3064463236974,1.0,1.0
2026-03-22T21:10:07.745-306470-818981,930,false,0.8983426946540807,1,3783.3064463236974,1.0,1.0
2026-03-22T21:10:07.745-306470-818981,183,false,55.63071448293287,1,3783.3064463236974,1.0,1.0
2026-03-22T21:10:07.745-306470-818981,177,false,1.0037303157440554,1,3783.3064463236974,1.0,1.0
2026-03-22T21:10:07.745-306470-818981,59,false,0.3093909613051489,1,3783.3064463236974,1.0,1.0
2026-03-22T21:10:07.745-306470-818981,946,false,3.681442031655626,1,3783.3064463236974,1.0,1.0
2026-03-22T21:10:07.745-306470-818981,908,false,1.3722731333223324,1,3783.3064463236974,1.0,1.0
2026-03-22T21:10:07.745-306470-818981,339,false,0.5784733012711613,1,3783.3064463236974,1.0,1.0
2026-03-22T21:10:07.745-306470-818981,569,false,1.7126653477618026,1,3783.3064463236974,1.0,1.0
2026-03-22T21:10:07.745-306470-818981,441,false,0.37470476623936966,1,3783.3064463236974,1.0,1.0
2026-03-22T21:10:07.745-306470-818981,325,false,0.21457795204963082,1,3783.3064463236974,1.0,1.0
2026-03-22T21:10:07.745-306470-818981,963,false,5.685757082300936,1,3783.3064463236974,1.0,1.0
2026-03-22T21:10:07.745-306470-818981,451,false,4.529763192042366,1,3783.3064463236974,1.0,1.0
2026-03-22T21:10:07.745-306470-818981,778,false,2.4307051014661836,1,3783.3064463236974,1.0,1.0
2026-03-22T21:10:07.745-306470-818981,776,false,0.29210407159583096,1,3783.3064463236974,1.0,1.0
2026-03-22T21:10:07.745-306470-818981,894,false,3.789005013536959,1,3783.3064463236974,1.0,1.0
2026-03-22T21:10:07.745-306470-818981,360,false,43.72239693305552,1,3783.3064463236974,1.0,1.0
2026-03-22T21:10:07.745-306470-818981,265,false,0.2914708775861527,1,3783.3064463236974,1.0,1.0
2026-03-22T21:10:07.745-306470-818981,483,false,0.3483441502008498,1,3783.3064463236974,1.0,1.0
2026-03-22T21:10:07.745-306470-818981,633,false,1.6630833348522034,1,3783.3064463236974,1.0,1.0
2026-03-22T21:10:07.745-306470-818981,405,false,10.511290207292642,1,3783.3064463236974,1.0,1.0
2026-03-22T21:10:07.745-306470-818981,126,true,73.67876201600684,1,3709.6276843076907,1.0,0.999
2026-03-22T21:10:07.745-306470-818981,292,false,1.6924924203953775,1,3709.6276843076907,1.0,1.0
2026-03-22T21:10:07.745-306470-818981,663,false,2.6589974846025775,1,3709.6276843076907,1.0,1.0
2026-03-22T21:10:07.745-306470-818981,959,false,0.643815378374547,1,3709.6276843076907,1.0,1.0
2026-03-22T21:10:07.745-306470-818981,350,true,2.2066343697837394,1,3707.421049937907,1.0,0.738
2026-03-22T21:10:07.745-306470-818981,154,false,41.91514973388657,1,3707.421049937907,1.0,1.0
2026-03-22T21:10:07.745-306470-818981,385,true,23.692705917630274,1,3683.728344020277,1.0,0.999
2026-03-22T21:10:07.745-306470-818981,395,false,11.67740482972294,1,3683.728344020277,1.0,1.0
2026-03-22T21:10:07.745-306470-818981,695,false,3.229888746308792,1,3683.728344020277,1.0,1.0
2026-03-22T21:10:07.745-306470-818981,664,false,0.04050248273495601,1,3683.728344020277,1.0,1.0
2026-03-22T21:10:07.745-306470-818981,264,false,3.856674416516124,1,3683.728344020277,1.0,1.0
2026-03-22T21:10:07.745-306470-818981,682,false,1.1785670375668245,1,3683.728344020277,1.0,1.0
2026-03-22T21:10:07.745-306470-818981,323,false,2.899316630931777,1,3683.728344020277,1.0,1.0
2026-03-22T21:10:07.745-306470-818981,125,true,12.067762227650917,1,3671.660581792626,1.0,0.6819999999999999
2026-03-22T21:10:07.745-306470-818981,969,false,958.2520733010073,1,3671.660581792626,1.0,1.0
2026-03-22T21:10:07.745-306470-818981,645,false,6.220449949419782,1,3671.660581792626,1.0,1.0
2026-03-22T21:10:07.745-306470-818981,281,false,0.2556606223992947,1,3671.660581792626,1.0,1.0
2026-03-22T21:10:07.745-306470-818981,665,false,29.264896235904246,1,3671.660581792626,1.0,1.0
2026-03-22T21:10:07.745-306470-818981,224,false,2.843829760780233,1,3671.660581792626,1.0,1.0
2026-03-22T21:10:07.745-306470-818981,799,false,31.10985782103056,1,3671.660581792626,1.0,1.0
2026-03-22T21:10:07.745-306470-818981,304,false,1.3460947487518098,1,3671.660581792626,1.0,1.0
2026-03-22T21:10:07.745-306470-818981,408,false,265.57031748078276,1,3671.660581792626,1.0,1.0
2026-03-22T21:10:07.745-306470-818981,524,false,0.49723989499261106,1,3671.660581792626,1.0,1.0
2026-03-22T21:10:07.745-306470-818981,804,false,13.455778463557413,1,3671.660581792626,1.0,1.0
2026-03-22T21:10:07.745-306470-818981,794,true,4.82273189504983,1,3666.8378498975762,1.0,0.6890000000000001
2026-03-22T21:10:07.745-306470-818981,268,false,1.764856018821513,1,3666.8378498975762,1.0,1.0
2026-03-22T21:10:07.745-306470-818981,69,false,0.47163785861742735,1,3666.8378498975762,1.0,1.0
2026-03-22T21:10:07.745-306470-818981,743,false,3.08373755462726,1,3666.8378498975762,1.0,1.0
2026-03-22T21:10:07.745-306470-818981,80,false,2.209819087762252,1,3666.8378498975762,1.0,1.0
2026-03-22T21:10:07.745-306470-818981,225,false,0.4016843240496364,1,3666.8378498975762,1.0,1.0
2026-03-22T21:10:07.745-306470-818981,93,false,0.3241540922357982,1,3666.8378498975762,1.0,1.0
2026-03-22T21:10:07.745-306470-818981,277,true,22.199124296903467,1,3644.638725600673,1.0,0.857
2026-03-22T21:10:07.745-306470-818981,226,false,4.058608654630161,1,3644.638725600673,1.0,1.0
2026-03-22T21:10:07.745-306470-818981,171,false,6.698158723421939,1,3644.638725600673,1.0,1.0
2026-03-22T21:10:07.745-306470-818981,931,false,1.2164141362026724,1,3644.638725600673,1.0,1.0
2026-03-22T21:10:07.745-306470-818981,498,false,0.39897788561502173,1,3644.638725600673,1.0,1.0
2026-03-22T21:10:07.745-306470-818981,390,false,12.881360498658927,1,3644.638725600673,1.0,1.0
2026-03-22T21:10:07.745-306470-818981,625,false,5.391632070335249,1,3644.638725600673,1.0,1.0
2026-03-22T21:10:07.745-306470-818981,571,false,3.5548221302310767,1,3644.638725600673,1.0,1.0
2026-03-22T21:10:07.745-306470-818981,716,false,11.201954342283845,1,3644.638725600673,1.0,1.0
2026-03-22T21:10:07.745-306470-818981,19,false,1.2149918851718362,1,3644.638725600673,1.0,1.0
2026-03-22T21:10:07.745-306470-818981,986,false,0.36403196262857884,1,3644.638725600673,1.0,1.0
2026-03-22T21:10:07.745-306470-818981,980,false,42.097403288491776,1,3644.638725600673,1.0,1.0
2026-03-22T21:10:07.745-306470-818981,481,false,10.398254971784251,1,3644.638725600673,1.0,1.0
2026-03-22T21:10:07.745-306470-818981,499,false,9.072092131826626,1,3644.638725600673,1.0,1.0
2026-03-22T21:10:07.745-306470-818981,802,false,15.903468560272104,1,3644.638725600673,1.0,1.0
2026-03-22T21:10:07.745-306470-818981,955,false,22.93234491118716,1,3644.638725600673,1.0,1.0
2026-03-22T21:10:07.745-306470-818981,190,false,3.422576016019273,1,3644.638725600673,1.0,1.0
2026-03-22T21:10:07.745-306470-818981,96,false,0.16533682114147255,1,3644.638725600673,1.0,1.0
2026-03-22T21:10:07.745-306470-818981,910,false,4.533739606076606,1,3644.638725600673,1.0,1.0
2026-03-22T21:10:07.745-306470-818981,222,false,0.546814798643393,1,3644.638725600673,1.0,1.0
2026-03-22T21:10:07.745-306470-818981,102,false,0.06230335906278018,1,3644.638725600673,1.0,1.0
2026-03-22T21:10:07.745-306470-818981,391,false,3.848200512672071,1,3644.638725600673,1.0,1.0
2026-03-22T21:10:07.745-306470-818981,932,false,32.241984198857,1,3644.638725600673,1.0,1.0
2026-03-22T21:10:07.745-306470-818981,542,false,2.3969930351932764,1,3644.638725600673,1.0,1.0
2026-03-22T21:10:07.745-306470-818981,650,false,0.722948475765998,1,3644.638725600673,1.0,1.0
2026-03-22T21:10:07.745-306470-818981,443,false,1.6218852412887488,1,3644.638725600673,1.0,1.0
2026-03-22T21:10:07.745-306470-818981,246,false,0.4298796783026876,1,3644.638725600673,1.0,1.0
2026-03-22T21:10:07.745-306470-818981,712,false,3.7687134591802676,1,3644.638725600673,1.0,1.0
2026-03-22T21:10:07.745-306470-818981,20,false,0.7112385842725403,1,3644.638725600673,1.0,1.0
2026-03-22T21:10:07.745-306470-818981,699,false,103.90465794300813,1,3644.638725600673,1.0,1.0
2026-03-22T21:10:07.745-306470-818981,619,false,4.36996564196784,1,3644.638725600673,1.0,1.0
2026-03-22T21:10:07.745-306470-818981,68,false,135.37332318380902,1,3644.638725600673,1.0,1.0
2026-03-22T21:10:07.745-306470-818981,272,false,13.41151027113721,1,3644.638725600673,1.0,1.0
2026-03-22T21:10:07.745-306470-818981,985,false,1.215588655280294,1,3644.638725600673,1.0,1.0
2026-03-22T21:10:07.745-306470-818981,435,false,2.1032155045660823,1,3644.638725600673,1.0,1.0
2026-03-22T21:10:07.745-306470-818981,780,false,24.167225288451817,1,3644.638725600673,1.0,1.0
2026-03-22T21:10:07.745-306470-818981,520,false,50.76660142679231,1,3644.638725600673,1.0,1.0
2026-03-22T21:10:07.745-306470-818981,904,false,31.8280786340371,1,3644.638725600673,1.0,1.0
2026-03-22T21:10:07.745-306470-818981,374,false,6.303194466646583,1,3644.638725600673,1.0,1.0
2026-03-22T21:10:07.745-306470-818981,290,false,0.8081924537522789,1,3644.638725600673,1.0,1.0
2026-03-22T21:10:07.745-306470-818981,392,false,12.865099065056526,1,3644.638725600673,1.0,1.0
2026-03-22T21:10:07.745-306470-818981,470,false,1.9331524274057608,1,3644.638725600673,1.0,1.0
2026-03-22T21:10:07.745-306470-818981,808,false,0.7488619818931175,1,3644.638725600673,1.0,1.0
2026-03-22T21:10:07.745-306470-818981,916,false,0.09443174253738859,1,3644.638725600673,1.0,1.0
2026-03-22T21:10:07.745-306470-818981,179,false,1.0421093144407143,1,3644.638725600673,1.0,1.0
2026-03-22T21:10:07.745-306470-818981,938,false,3.989804451530277,1,3644.638725600673,1.0,1.0
2026-03-22T21:10:07.745-306470-818981,266,false,0.6062314959080751,1,3644.638725600673,1.0,1.0
2026-03-22T21:10:07.745-306470-818981,512,false,0.8875292698935728,1,3644.638725600673,1.0,1.0
2026-03-22T21:10:07.745-306470-818981,917,false,1.7641246072252241,1,3644.638725600673,1.0,1.0
2026-03-22T21:10:07.745-306470-818981,116,false,0.2949390319326179,1,3644.638725600673,1.0,1.0
2026-03-22T21:10:07.745-306470-818981,346,false,2.609275173272096,1,3644.638725600673,1.0,1.0
2026-03-22T21:10:07.745-306470-818981,993,false,3.9245406743142945,1,3644.638725600673,1.0,1.0
2026-03-22T21:10:07.745-306470-818981,335,false,1.8973384798742259,1,3644.638725600673,1.0,1.0
2026-03-22T21:10:07.745-306470-818981,486,false,3.75450351200289,1,3644.638725600673,1.0,1.0
2026-03-22T21:10:07.745-306470-818981,899,false,9.116765057183217,1,3644.638725600673,1.0,1.0
2026-03-22T21:10:07.745-306470-818981,313,false,5.9063662920768545,1,3644.638725600673,1.0,1.0
2026-03-22T21:10:07.745-306470-818981,515,false,2.725152655368621,1,3644.638725600673,1.0,1.0
2026-03-22T21:10:07.745-306470-818981,194,false,6.76823293395174,1,3644.638725600673,1.0,1.0
2026-03-22T21:10:07.745-306470-818981,101,false,2.3154651580537613,1,3644.638725600673,1.0,1.0
2026-03-22T21:10:07.745-306470-818981,378,false,5.034607478346039,1,3644.638725600673,1.0,1.0
2026-03-22T21:10:07.745-306470-818981,299,false,2.0013570718939278,1,3644.638725600673,1.0,1.0
2026-03-22T21:10:07.745-306470-818981,37,false,0.14364650480864144,1,3644.638725600673,1.0,1.0
2026-03-22T21:10:07.745-306470-818981,11,false,7.753841956520938,1,3644.638725600673,1.0,1.0
2026-03-22T21:10:07.745-306470-818981,44,true,8.854124472756025,1,3635.7846011279166,1.0,0.999
2026-03-22T21:10:07.745-306470-818981,113,false,87.8797962241374,1,3635.7846011279166,1.0,1.0
2026-03-22T21:10:07.745-306470-818981,317,false,5.290739221110133,1,3635.7846011279166,1.0,1.0
2026-03-22T21:10:07.745-306470-818981,579,false,1.8953827604500444,1,3635.7846011279166,1.0,1.0
2026-03-22T21:10:07.745-306470-818981,952,false,0.3353709452945862,1,3635.7846011279166,1.0,1.0
2026-03-22T21:10:07.745-306470-818981,263,false,1.7161496267862637,1,3635.7846011279166,1.0,1.0
2026-03-22T21:10:07.745-306470-818981,291,false,14.261924266232784,1,3635.7846011279166,1.0,1.0
2026-03-22T21:10:07.745-306470-818981,547,false,1.4177827329270634,1,3635.7846011279166,1.0,1.0
2026-03-22T21:10:07.745-306470-818981,928,false,0.3361715159391615,1,3635.7846011279166,1.0,1.0
2026-03-22T21:10:07.745-306470-818981,876,false,2.394401418835015,1,3635.7846011279166,1.0,1.0
2026-03-22T21:10:07.745-306470-818981,530,false,7.062896025665983,1,3635.7846011279166,1.0,1.0
2026-03-22T21:10:07.745-306470-818981,694,false,3.4054229583854534,1,3635.7846011279166,1.0,1.0
2026-03-22T21:10:07.745-306470-818981,311,false,67.21855120468382,1,3635.7846011279166,1.0,1.0
2026-03-22T21:10:07.745-306470-818981,951,false,0.15429205470033946,1,3635.7846011279166,1.0,1.0
2026-03-22T21:10:07.745-306470-818981,89,false,27.771071568774744,1,3635.7846011279166,1.0,1.0
2026-03-22T21:10:07.745-306470-818981,416,false,56.26680506935263,1,3635.7846011279166,1.0,1.0
2026-03-22T21:10:07.745-306470-818981,541,false,997.4648777948793,1,3635.7846011279166,1.0,1.0
2026-03-22T21:10:07.745-306470-818981,724,false,2.543127529446701,1,3635.7846011279166,1.0,1.0
2026-03-22T21:10:07.745-306470-818981,714,false,9.200017786630454,1,3635.7846011279166,1.0,1.0
2026-03-22T21:10:07.745-306470-818981,345,false,2.671105252761055,1,3635.7846011279166,1.0,1.0
2026-03-22T21:10:07.745-306470-818981,862,false,94.23198725104551,1,3635.7846011279166,1.0,1.0
2026-03-22T21:10:07.745-306470-818981,81,false,3.6083161831112225,1,3635.7846011279166,1.0,1.0
2026-03-22T21:10:07.745-306470-818981,347,true,2.6252276250858237,1,3633.159373502831,1.0,0.694
2026-03-22T21:10:07.745-306470-818981,679,false,1.1956580769093184,1,3633.159373502831,1.0,1.0
2026-03-22T21:10:07.745-306470-818981,732,false,9.598392397222025,1,3633.159373502831,1.0,1.0
2026-03-22T21:10:07.745-306470-818981,839,false,4.757966496905932,1,3633.159373502831,1.0,1.0
2026-03-22T21:10:07.745-306470-818981,768,false,151.96419355589026,1,3633.159373502831,1.0,1.0
2026-03-22T21:10:07.745-306470-818981,647,false,366.1899320062711,1,3633.159373502831,1.0,1.0
2026-03-22T21:10:07.745-306470-818981,616,false,0.8534796085752742,1,3633.159373502831,1.0,1.0
2026-03-22T21:10:07.745-306470-818981,599,false,3.2747921396012165,1,3633.159373502831,1.0,1.0
2026-03-22T21:10:07.745-306470-818981,935,false,0.07483485491814706,1,3633.159373502831,1.0,1.0
2026-03-22T21:10:07.745-306470-818981,380,false,9.259410788598837,1,3633.159373502831,1.0,1.0
2026-03-22T21:10:07.745-306470-818981,981,false,0.15209048012309018,1,3633.159373502831,1.0,1.0
2026-03-22T21:10:07.745-306470-818981,843,false,26.19013212215437,1,3633.159373502831,1.0,1.0
2026-03-22T21:10:07.745-306470-818981,98,false,0.4453519758787108,1,3633.159373502831,1.0,1.0
2026-03-22T21:10:07.745-306470-818981,991,false,2.6586106948657435,1,3633.159373502831,1.0,1.0
2026-03-22T21:10:07.745-306470-818981,902,false,1.5558566035792196,1,3633.159373502831,1.0,1.0
2026-03-22T21:10:07.745-306470-818981,873,false,4.36392170278445,1,3633.159373502831,1.0,1.0
2026-03-22T21:10:07.745-306470-818981,970,false,0.23665250643158078,1,3633.159373502831,1.0,1.0
2026-03-22T21:10:07.745-306470-818981,770,false,0.15031500021875047,1,3633.159373502831,1.0,1.0
2026-03-22T21:10:07.745-306470-818981,77,false,15.66875931812166,1,3633.159373502831,1.0,1.0
2026-03-22T21:10:07.745-306470-818981,189,false,2.5721839173062966,1,3633.159373502831,1.0,1.0
2026-03-22T21:10:07.745-306470-818981,822,false,6.965147211178522,1,3633.159373502831,1.0,1.0
2026-03-22T21:10:07.745-306470-818981,907,false,0.5630993252847595,1,3633.159373502831,1.0,1.0
2026-03-22T21:10:07.745-306470-818981,206,false,0.27705150962198616,1,3633.159373502831,1.0,1.0
2026-03-22T21:10:07.745-306470-818981,401,false,0.1732070283031552,1,3633.159373502831,1.0,1.0
2026-03-22T21:10:07.745-306470-818981,568,false,5.765611110918745,1,3633.159373502831,1.0,1.0
2026-03-22T21:10:07.745-306470-818981,17,false,0.5495094748343455,1,3633.159373502831,1.0,1.0
2026-03-22T21:10:07.745-306470-818981,196,false,17.07845852510467,1,3633.159373502831,1.0,1.0
2026-03-22T21:10:07.745-306470-818981,151,false,5.189704923773736,1,3633.159373502831,1.0,1.0
2026-03-22T21:10:07.745-306470-818981,557,false,16.04435066300026,1,3633.159373502831,1.0,1.0
2026-03-22T21:10:07.745-306470-818981,62,false,0.1864472605664568,1,3633.159373502831,1.0,1.0
2026-03-22T21:10:07.745-306470-818981,158,false,6.627455347232708,1,3633.159373502831,1.0,1.0
2026-03-22T21:10:07.745-306470-818981,50,false,68.60405851173981,1,3633.159373502831,1.0,1.0
2026-03-22T21:10:07.745-306470-818981,122,false,0.17368332810494577,1,3633.159373502831,1.0,1.0
2026-03-22T21:10:07.745-306470-818981,129,true,4.23371365421336,1,3628.9256598486177,1.0,0.6839999999999999
2026-03-22T21:10:07.745-306470-818981,507,false,0.8369596877403958,1,3628.9256598486177,1.0,1.0
2026-03-22T21:10:07.745-306470-818981,602,false,13.191320375045228,1,3628.9256598486177,1.0,1.0
2026-03-22T21:10:07.745-306470-818981,762,false,1.4346661387312527,1,3628.9256598486177,1.0,1.0
2026-03-22T21:10:07.745-306470-818981,972,false,3.0572204296131535,1,3628.9256598486177,1.0,1.0
2026-03-22T21:10:07.745-306470-818981,463,false,1.2331278327027386,1,3628.9256598486177,1.0,1.0
2026-03-22T21:10:07.745-306470-818981,575,false,10.176147192667488,1,3628.9256598486177,1.0,1.0
2026-03-22T21:10:07.745-306470-818981,720,false,53.59331736018206,1,3628.9256598486177,1.0,1.0
2026-03-22T21:10:07.745-306470-818981,901,false,70.20552919992775,1,3628.9256598486177,1.0,1.0
2026-03-22T21:10:07.745-306470-818981,996,false,5.77259410834463,1,3628.9256598486177,1.0,1.0
2026-03-22T21:10:07.745-306470-818981,149,true,0.20966727730880833,1,3628.715992571309,1.0,0.719
2026-03-22T21:10:07.745-306470-818981,223,false,8.148812651754643,1,3628.715992571309,1.0,1.0
2026-03-22T21:10:07.745-306470-818981,314,false,7.014562367110955,1,3628.715992571309,1.0,1.0
2026-03-22T21:10:07.745-306470-818981,872,false,1.6228817542088751,1,3628.715992571309,1.0,1.0
2026-03-22T21:10:07.745-306470-818981,353,true,49.76455656474191,1,3578.9514360065673,1.0,0.039000000000000035
2026-03-22T21:10:07.745-306470-818981,94,false,2.104995643553066,1,3578.9514360065673,1.0,1.0
2026-03-22T21:10:07.745-306470-818981,216,false,1.0192218603564054,1,3578.9514360065673,1.0,1.0
2026-03-22T21:10:07.745-306470-818981,280,false,0.12462827129233894,1,3578.9514360065673,1.0,1.0
2026-03-22T21:10:07.745-306470-818981,114,false,49.4525662999022,1,3578.9514360065673,1.0,1.0
2026-03-22T21:10:07.745-306470-818981,929,false,5.824285758965627,1,3578.9514360065673,1.0,1.0
2026-03-22T21:10:07.745-306470-818981,968,false,10.487062002740053,1,3578.9514360065673,1.0,1.0
2026-03-22T21:10:07.745-306470-818981,457,false,5.081670120581521,1,3578.9514360065673,1.0,1.0
2026-03-22T21:10:07.745-306470-818981,256,false,4.070077181668436,1,3578.9514360065673,1.0,1.0
2026-03-22T21:10:07.745-306470-818981,648,false,0.7375975693849691,1,3578.9514360065673,1.0,1.0
2026-03-22T21:10:07.745-306470-818981,857,false,9.532793179379055,1,3578.9514360065673,1.0,1.0
2026-03-22T21:10:07.745-306470-818981,837,false,0.12762013050280652,1,3578.9514360065673,1.0,1.0
2026-03-22T21:10:07.745-306470-818981,254,false,2.134640903563689,1,3578.9514360065673,1.0,1.0
2026-03-22T21:10:07.745-306470-818981,412,false,0.23987962510358468,1,3578.9514360065673,1.0,1.0
2026-03-22T21:10:07.745-306470-818981,634,false,0.0903663969140901,1,3578.9514360065673,1.0,1.0
2026-03-22T21:10:07.745-306470-818981,71,false,5.056463554633777,1,3578.9514360065673,1.0,1.0
2026-03-22T21:10:07.745-306470-818981,160,false,0.04206598492700165,1,3578.9514360065673,1.0,1.0
2026-03-22T21:10:07.745-306470-818981,270,false,0.019476600501962968,1,3578.9514360065673,1.0,1.0
2026-03-22T21:10:07.745-306470-818981,783,false,4.011973209070208,1,3578.9514360065673,1.0,1.0
2026-03-22T21:10:07.745-306470-818981,377,false,7.288170172607094,1,3578.9514360065673,1.0,1.0
2026-03-22T21:10:07.745-306470-818981,66,false,1.1616883846461679,1,3578.9514360065673,1.0,1.0
2026-03-22T21:10:07.745-306470-818981,191,false,4.577386957734968,1,3578.9514360065673,1.0,1.0
2026-03-22T21:10:07.745-306470-818981,704,false,9.847588186689055,1,3578.9514360065673,1.0,1.0
2026-03-22T21:10:07.745-306470-818981,319,false,1.7877689708490898,1,3578.9514360065673,1.0,1.0
2026-03-22T21:10:07.745-306470-818981,1000,false,21.525046859343657,1,3578.9514360065673,1.0,1.0
2026-03-22T21:10:07.745-306470-818981,903,false,4.657769333748462,1,3578.9514360065673,1.0,1.0
2026-03-22T21:10:07.745-306470-818981,153,false,18.643307029396503,1,3578.9514360065673,1.0,1.0
2026-03-22T21:10:07.745-306470-818981,315,false,1.6115581621716508,1,3578.9514360065673,1.0,1.0
2026-03-22T21:10:07.745-306470-818981,440,false,3.462805592549562,1,3578.9514360065673,1.0,1.0
2026-03-22T21:10:07.745-306470-818981,687,false,247.956147042013,1,3578.9514360065673,1.0,1.0
2026-03-22T21:10:07.745-306470-818981,48,false,19.606666554029722,1,3578.9514360065673,1.0,1.0
2026-03-22T21:10:07.745-306470-818981,564,false,6.6192730524487615,1,3578.9514360065673,1.0,1.0
2026-03-22T21:10:07.745-306470-818981,700,false,0.9815082009763765,1,3578.9514360065673,1.0,1.0
2026-03-22T21:10:07.745-306470-818981,417,false,69.99531840381661,1,3578.9514360065673,1.0,1.0
2026-03-22T21:10:07.745-306470-818981,469,false,2.463492009869665,1,3578.9514360065673,1.0,1.0
2026-03-22T21:10:07.745-306470-818981,521,true,11.558538987779908,1,3567.3928970187876,1.0,0.999
2026-03-22T21:10:07.745-306470-818981,27,false,1.6072882079227624,1,3567.3928970187876,1.0,1.0
2026-03-22T21:10:07.745-306470-818981,874,false,51.43370886852584,1,3567.3928970187876,1.0,1.0
2026-03-22T21:10:07.745-306470-818981,227,false,0.12279519773609965,1,3567.3928970187876,1.0,1.0
2026-03-22T21:10:07.745-306470-818981,858,false,0.09512148682417265,1,3567.3928970187876,1.0,1.0
2026-03-22T21:10:07.745-306470-818981,667,false,1.1728654325555357,1,3567.3928970187876,1.0,1.0
2026-03-22T21:10:07.745-306470-818981,995,false,20.228662378933162,1,3567.3928970187876,1.0,1.0
2026-03-22T21:10:07.745-306470-818981,476,false,26.869020476116994,1,3567.3928970187876,1.0,1.0
2026-03-22T21:10:07.745-306470-818981,755,false,1.9422313518531742,1,3567.3928970187876,1.0,1.0
2026-03-22T21:10:07.745-306470-818981,677,false,20.08754400058449,1,3567.3928970187876,1.0,1.0
2026-03-22T21:10:07.745-306470-818981,684,false,0.4447616830484702,1,3567.3928970187876,1.0,1.0
2026-03-22T21:10:07.745-306470-818981,745,false,2.2091065621369523,1,3567.3928970187876,1.0,1.0
2026-03-22T21:10:07.745-306470-818981,543,false,3.9665907952931696,1,3567.3928970187876,1.0,1.0
2026-03-22T21:10:07.745-306470-818981,354,true,283.578663462563,1,3283.8142335562247,1.0,0.09499999999999997
2026-03-22T21:10:07.745-306470-818981,882,false,0.09851980486002658,1,3283.8142335562247,1.0,1.0
2026-03-22T21:10:07.745-306470-818981,850,false,23.68945779329216,1,3283.8142335562247,1.0,1.0
2026-03-22T21:10:07.745-306470-818981,493,false,15.244693019097742,1,3283.8142335562247,1.0,1.0
2026-03-22T21:10:07.745-306470-818981,459,false,1.6465091872067001,1,3283.8142335562247,1.0,1.0
2026-03-22T21:10:07.745-306470-818981,403,false,14.134480708383549,1,3283.8142335562247,1.0,1.0
2026-03-22T21:10:07.745-306470-818981,438,false,23.08407624490266,1,3283.8142335562247,1.0,1.0
2026-03-22T21:10:07.745-306470-818981,807,false,5.750370924626885,1,3283.8142335562247,1.0,1.0
2026-03-22T21:10:07.745-306470-818981,806,false,2.3050889353869635,1,3283.8142335562247,1.0,1.0
2026-03-22T21:10:07.745-306470-818981,519,true,15.170868353583767,1,3268.643365202641,1.0,0.702
2026-03-22T21:10:07.745-306470-818981,389,false,1.229662745039511,1,3268.643365202641,1.0,1.0
2026-03-22T21:10:07.745-306470-818981,320,false,10.234455608956917,1,3268.643365202641,1.0,1.0
2026-03-22T21:10:07.745-306470-818981,563,false,0.5342095157997273,1,3268.643365202641,1.0,1.0
2026-03-22T21:10:07.745-306470-818981,432,false,0.7196102942680269,1,3268.643365202641,1.0,1.0
2026-03-22T21:10:07.745-306470-818981,333,false,68.01633407807812,1,3268.643365202641,1.0,1.0
2026-03-22T21:10:07.745-306470-818981,16,false,8.330504618428591,1,3268.643365202641,1.0,1.0
2026-03-22T21:10:07.745-306470-818981,601,false,0.6802711850126221,1,3268.643365202641,1.0,1.0
2026-03-22T21:10:07.745-306470-818981,420,false,1.8903647144968851,1,3268.643365202641,1.0,1.0
2026-03-22T21:10:07.745-306470-818981,852,false,39.048244118367776,1,3268.643365202641,1.0,1.0
2026-03-22T21:10:07.745-306470-818981,576,false,10.386625490331017,1,3268.643365202641,1.0,1.0
2026-03-22T21:10:07.745-306470-818981,187,false,0.4987077499100146,1,3268.643365202641,1.0,1.0
2026-03-22T21:10:07.745-306470-818981,419,false,2.3994749144695358,1,3268.643365202641,1.0,1.0
2026-03-22T21:10:07.745-306470-818981,379,false,0.9393965353710219,1,3268.643365202641,1.0,1.0
2026-03-22T21:10:07.745-306470-818981,964,false,10.170583900217002,1,3268.643365202641,1.0,1.0
2026-03-22T21:10:07.745-306470-818981,55,false,8.14738860732044,1,3268.643365202641,1.0,1.0
2026-03-22T21:10:07.745-306470-818981,937,false,3.5423542302853965,1,3268.643365202641,1.0,1.0
2026-03-22T21:10:07.745-306470-818981,166,false,0.8680981205375208,1,3268.643365202641,1.0,1.0
2026-03-22T21:10:07.745-306470-818981,792,false,0.017197978147695414,1,3268.643365202641,1.0,1.0
2026-03-22T21:10:07.745-306470-818981,1,false,0.060853489437653875,1,3268.643365202641,1.0,1.0
2026-03-22T21:10:07.745-306470-818981,4,false,22.36948429031452,1,3268.643365202641,1.0,1.0
2026-03-22T21:10:07.745-306470-818981,690,false,0.6752200664965698,1,3268.643365202641,1.0,1.0
2026-03-22T21:10:07.745-306470-818981,757,false,0.04546179697482064,1,3268.643365202641,1.0,1.0
2026-03-22T21:10:07.745-306470-818981,244,false,4.871743463986952,1,3268.643365202641,1.0,1.0
2026-03-22T21:10:07.745-306470-818981,784,false,0.032276042690617054,1,3268.643365202641,1.0,1.0
2026-03-22T21:10:07.745-306470-818981,327,false,0.5765881955809888,1,3268.643365202641,1.0,1.0
2026-03-22T21:10:07.745-306470-818981,452,false,0.8043844525652537,1,3268.643365202641,1.0,1.0
2026-03-22T21:10:07.745-306470-818981,474,false,0.2623645109102727,1,3268.643365202641,1.0,1.0
2026-03-22T21:10:07.745-306470-818981,75,false,4.1927063290153015,1,3268.643365202641,1.0,1.0
2026-03-22T21:10:07.745-306470-818981,205,false,367.28280115241216,1,3268.643365202641,1.0,1.0
2026-03-22T21:10:07.745-306470-818981,827,false,52.78026732229975,1,3268.643365202641,1.0,1.0
2026-03-22T21:10:07.745-306470-818981,340,false,0.5020613841429944,1,3268.643365202641,1.0,1.0
2026-03-22T21:10:07.745-306470-818981,591,false,5.1711690693675445,1,3268.643365202641,1.0,1.0
2026-03-22T21:10:07.745-306470-818981,573,false,0.7584684496944787,1,3268.643365202641,1.0,1.0
2026-03-22T21:10:07.745-306470-818981,282,false,7.46294583037329,1,3268.643365202641,1.0,1.0
2026-03-22T21:10:07.745-306470-818981,939,false,4.332690066116355,1,3268.643365202641,1.0,1.0
2026-03-22T21:10:07.745-306470-818981,654,false,2.0270873673048593,1,3268.643365202641,1.0,1.0
2026-03-22T21:10:07.745-306470-818981,646,false,2.1661090203783884,1,3268.643365202641,1.0,1.0
2026-03-22T21:10:07.745-306470-818981,994,false,0.24324798024788077,1,3268.643365202641,1.0,1.0
2026-03-22T21:10:07.745-306470-818981,175,false,22.63632166353267,1,3268.643365202641,1.0,1.0
2026-03-22T21:10:07.745-306470-818981,51,false,130.55894041465842,1,3268.643365202641,1.0,1.0
2026-03-22T21:10:07.745-306470-818981,172,false,1.61324112898815,1,3268.643365202641,1.0,1.0
2026-03-22T21:10:07.745-306470-818981,982,false,221.78476836325953,1,3268.643365202641,1.0,1.0
2026-03-22T21:10:07.745-306470-818981,887,false,9.903864338796097,1,3268.643365202641,1.0,1.0
2026-03-22T21:10:07.745-306470-818981,330,false,0.7774805105994698,1,3268.643365202641,1.0,1.0
2026-03-22T21:10:07.745-306470-818981,940,false,3.0392399652256987,1,3268.643365202641,1.0,1.0
2026-03-22T21:10:07.745-306470-818981,388,false,0.07397924054987001,1,3268.643365202641,1.0,1.0
2026-03-22T21:10:07.745-306470-818981,355,true,26.275651988256634,1,3242.3677132143844,1.0,0.0
2026-03-22T21:10:07.745-306470-818981,358,true,0.22815335559055275,1,3242.1395598587937,1.0,0.6839999999999999
2026-03-22T21:10:07.745-306470-818981,445,false,0.3604154014702086,1,3242.1395598587937,1.0,1.0
2026-03-22T21:10:07.745-306470-818981,287,false,7.041538259811142,1,3242.1395598587937,1.0,1.0
2026-03-22T21:10:07.745-306470-818981,241,false,0.9890214580030023,1,3242.1395598587937,1.0,1.0
2026-03-22T21:10:07.745-306470-818981,861,false,6.659165150966899,1,3242.1395598587937,1.0,1.0
2026-03-22T21:10:07.745-306470-818981,161,false,2.48590681174818,1,3242.1395598587937,1.0,1.0
2026-03-22T21:10:07.745-306470-818981,259,false,0.36059782910665944,1,3242.1395598587937,1.0,1.0
2026-03-22T21:10:07.745-306470-818981,581,false,11.569052850267655,1,3242.1395598587937,1.0,1.0
2026-03-22T21:10:07.745-306470-818981,464,false,60.77839879094486,1,3242.1395598587937,1.0,1.0
2026-03-22T21:10:07.745-306470-818981,334,false,75.55138600401311,1,3242.1395598587937,1.0,1.0
2026-03-22T21:10:07.745-306470-818981,90,false,0.23143026678480816,1,3242.1395598587937,1.0,1.0
2026-03-22T21:10:07.745-306470-818981,139,true,17.256676704484274,1,3224.8828831543096,1.0,0.7110000000000001
2026-03-22T21:10:07.745-306470-818981,805,false,4.311311615672319,1,3224.8828831543096,1.0,1.0
2026-03-22T21:10:07.745-306470-818981,231,false,0.04014570693798341,1,3224.8828831543096,1.0,1.0
2026-03-22T21:10:07.745-306470-818981,603,false,3.839356778616693,1,3224.8828831543096,1.0,1.0
2026-03-22T21:10:07.745-306470-818981,565,false,2.6386581625048846,1,3224.8828831543096,1.0,1.0
2026-03-22T21:10:07.745-306470-818981,260,false,0.07697447625696735,1,3224.8828831543096,1.0,1.0
2026-03-22T21:10:07.745-306470-818981,328,false,93.13718534472517,1,3224.8828831543096,1.0,1.0
2026-03-22T21:10:07.745-306470-818981,658,false,0.3174819431400819,1,3224.8828831543096,1.0,1.0
2026-03-22T21:10:07.745-306470-818981,842,false,4.76612426918816,1,3224.8828831543096,1.0,1.0
2026-03-22T21:10:07.745-306470-818981,426,false,197.3301761081437,1,3224.8828831543096,1.0,1.0
2026-03-22T21:10:07.745-306470-818981,629,false,0.9826042962796956,1,3224.8828831543096,1.0,1.0
2026-03-22T21:10:07.745-306470-818981,733,false,2.076527683894214,1,3224.8828831543096,1.0,1.0
2026-03-22T21:10:07.745-306470-818981,832,false,7.623290859709899,1,3224.8828831543096,1.0,1.0
2026-03-22T21:10:07.745-306470-818981,885,false,0.6516343065686077,1,3224.8828831543096,1.0,1.0
2026-03-22T21:10:07.745-306470-818981,891,false,5.7127060065298085,1,3224.8828831543096,1.0,1.0
2026-03-22T21:10:07.745-306470-818981,987,false,0.4808792551915372,1,3224.8828831543096,1.0,1.0
2026-03-22T21:10:07.745-306470-818981,819,false,17.378061756591084,1,3224.8828831543096,1.0,1.0
2026-03-22T21:10:07.745-306470-818981,329,false,76.55376945898442,1,3224.8828831543096,1.0,1.0
2026-03-22T21:10:07.745-306470-818981,409,false,1.3471430865061305,1,3224.8828831543096,1.0,1.0
2026-03-22T21:10:07.745-306470-818981,100,false,5.76893769850646,1,3224.8828831543096,1.0,1.0
2026-03-22T21:10:07.745-306470-818981,641,false,10.301094623264214,1,3224.8828831543096,1.0,1.0
2026-03-22T21:10:07.745-306470-818981,752,false,12.498404420709374,1,3224.8828831543096,1.0,1.0
2026-03-22T21:10:07.745-306470-818981,479,false,0.19130410638430131,1,3224.8828831543096,1.0,1.0
2026-03-22T21:10:07.745-306470-818981,257,false,0.12791814586934652,1,3224.8828831543096,1.0,1.0
2026-03-22T21:10:07.745-306470-818981,87,false,0.153078302410799,1,3224.8828831543096,1.0,1.0
2026-03-22T21:10:07.745-306470-818981,496,false,0.033642706619330214,1,3224.8828831543096,1.0,1.0
2026-03-22T21:10:07.745-306470-818981,670,false,625.308218570759,1,3224.8828831543096,1.0,1.0
2026-03-22T21:10:07.745-306470-818981,70,false,34.748084232236295,1,3224.8828831543096,1.0,1.0
2026-03-22T21:10:07.745-306470-818981,637,false,0.5172110881001936,1,3224.8828831543096,1.0,1.0
2026-03-22T21:10:07.745-306470-818981,91,false,1.2041213166494813,1,3224.8828831543096,1.0,1.0
2026-03-22T21:10:07.745-306470-818981,615,true,3.191490124315299,1,3221.6913930299943,1.0,0.748
2026-03-22T21:10:07.745-306470-818981,763,false,113.8241939449071,1,3221.6913930299943,1.0,1.0
2026-03-22T21:10:07.745-306470-818981,444,false,102.55255201821403,1,3221.6913930299943,1.0,1.0
2026-03-22T21:10:07.745-306470-818981,477,false,1.8720141602294003,1,3221.6913930299943,1.0,1.0
2026-03-22T21:10:07.745-306470-818981,606,false,14.345474578554846,1,3221.6913930299943,1.0,1.0
2026-03-22T21:10:07.745-306470-818981,57,false,134.850121560006,1,3221.6913930299943,1.0,1.0
2026-03-22T21:10:07.745-306470-818981,182,false,5.257447026219733,1,3221.6913930299943,1.0,1.0
2026-03-22T21:10:07.745-306470-818981,338,false,1.212278865334867,1,3221.6913930299943,1.0,1.0
2026-03-22T21:10:07.745-306470-818981,820,false,0.09046447223253465,1,3221.6913930299943,1.0,1.0
2026-03-22T21:10:07.745-306470-818981,147,true,0.3897422256636567,1,3221.3016508043306,1.0,0.0010000000000000009
2026-03-22T21:10:07.745-306470-818981,738,false,0.18513430661191693,1,3221.3016508043306,1.0,1.0
2026-03-22T21:10:07.745-306470-818981,771,false,1.256994279246137,1,3221.3016508043306,1.0,1.0
2026-03-22T21:10:07.745-306470-818981,623,true,8.999881810297213,1,3212.3017689940334,1.0,0.857
2026-03-22T21:10:07.745-306470-818981,363,false,2.376141164488923,1,3212.3017689940334,1.0,1.0
2026-03-22T21:10:07.745-306470-818981,864,false,4.141869614458755,1,3212.3017689940334,1.0,1.0
2026-03-22T21:10:07.745-306470-818981,977,false,9.583846292976249,1,3212.3017689940334,1.0,1.0
2026-03-22T21:10:07.745-306470-818981,831,false,14.817893433254396,1,3212.3017689940334,1.0,1.0
2026-03-22T21:10:07.745-306470-818981,103,false,1.969947385342843,1,3212.3017689940334,1.0,1.0
2026-03-22T21:10:07.745-306470-818981,531,false,8.37192702731917,1,3212.3017689940334,1.0,1.0
2026-03-22T21:10:07.745-306470-818981,298,false,0.05296599084730334,1,3212.3017689940334,1.0,1.0
2026-03-22T21:10:07.745-306470-818981,998,false,5.8026952326215016,1,3212.3017689940334,1.0,1.0
2026-03-22T21:10:07.745-306470-818981,722,false,0.6990835742473335,1,3212.3017689940334,1.0,1.0
2026-03-22T21:10:07.745-306470-818981,230,false,1.097884110489131,1,3212.3017689940334,1.0,1.0
2026-03-22T21:10:07.745-306470-818981,34,false,0.3327569586722379,1,3212.3017689940334,1.0,1.0
2026-03-22T21:10:07.745-306470-818981,941,false,11.162332863970775,1,3212.3017689940334,1.0,1.0
2026-03-22T21:10:07.745-306470-818981,734,false,36.42537221817004,1,3212.3017689940334,1.0,1.0
2026-03-22T21:10:07.745-306470-818981,429,false,2.521242854502324,1,3212.3017689940334,1.0,1.0
2026-03-22T21:10:07.745-306470-818981,82,false,4.67272288092273,1,3212.3017689940334,1.0,1.0
2026-03-22T21:10:07.745-306470-818981,791,true,10.59352826055162,1,3201.708240733482,1.0,0.722
2026-03-22T21:10:07.745-306470-818981,399,false,3.8280050212519385,1,3201.708240733482,1.0,1.0
2026-03-22T21:10:07.745-306470-818981,750,false,1.5343672472376548,1,3201.708240733482,1.0,1.0
2026-03-22T21:10:07.745-306470-818981,729,false,1.0150976260227125,1,3201.708240733482,1.0,1.0
2026-03-22T21:10:07.745-306470-818981,683,false,0.05201694919393775,1,3201.708240733482,1.0,1.0
2026-03-22T21:10:07.745-306470-818981,472,false,2.1501620518842617,1,3201.708240733482,1.0,1.0
2026-03-22T21:10:07.745-306470-818981,525,false,13.170145849354038,1,3201.708240733482,1.0,1.0
2026-03-22T21:10:07.745-306470-818981,620,true,5.115909708369531,1,3196.5923310251123,1.0,0.833
2026-03-22T21:10:07.745-306470-818981,688,false,0.20622507655104916,1,3196.5923310251123,1.0,1.0
2026-03-22T21:10:07.745-306470-818981,649,false,7.751932969075615,1,3196.5923310251123,1.0,1.0
2026-03-22T21:10:07.745-306470-818981,24,false,0.9511169574197609,1,3196.5923310251123,1.0,1.0
2026-03-22T21:10:07.745-306470-818981,46,true,1.3882501355943115,1,3195.204080889518,1.0,0.922
2026-03-22T21:10:07.745-306470-818981,635,false,0.10948637948770513,1,3195.204080889518,1.0,1.0
2026-03-22T21:10:07.745-306470-818981,285,false,0.24978790791406785,1,3195.204080889518,1.0,1.0
2026-03-22T21:10:07.745-306470-818981,243,false,34.855838661331745,1,3195.204080889518,1.0,1.0
2026-03-22T21:10:07.745-306470-818981,539,false,12.109236039343237,1,3195.204080889518,1.0,1.0
2026-03-22T21:10:07.745-306470-818981,833,false,6.8823472215605,1,3195.204080889518,1.0,1.0
2026-03-22T21:10:07.745-306470-818981,851,false,6.700801243819289,1,3195.204080889518,1.0,1.0
2026-03-22T21:10:07.745-306470-818981,208,false,1.792909346771138,1,3195.204080889518,1.0,1.0
2026-03-22T21:10:07.745-306470-818981,306,false,3.6229227164019027,1,3195.204080889518,1.0,1.0
2026-03-22T21:10:07.745-306470-818981,406,false,3.345506145810389,1,3195.204080889518,1.0,1.0
2026-03-22T21:10:07.745-306470-818981,207,false,1.48742087613154,1,3195.204080889518,1.0,1.0
2026-03-22T21:10:07.745-306470-818981,772,false,3.2006544061854645,1,3195.204080889518,1.0,1.0
2026-03-22T21:10:07.745-306470-818981,735,false,1.8118306498799317,1,3195.204080889518,1.0,1.0
2026-03-22T21:10:07.745-306470-818981,567,false,1.5564395464793461,1,3195.204080889518,1.0,1.0
2026-03-22T21:10:07.745-306470-818981,838,false,0.29431442521816714,1,3195.204080889518,1.0,1.0
2026-03-22T21:10:07.745-306470-818981,296,false,0.7194793597328828,1,3195.204080889518,1.0,1.0
2026-03-22T21:10:07.745-306470-818981,888,false,4.8396936794983,1,3195.204080889518,1.0,1.0
2026-03-22T21:10:07.745-306470-818981,954,false,0.5807726229686939,1,3195.204080889518,1.0,1.0
2026-03-22T21:10:07.745-306470-818981,825,false,1.5907161102492082,1,3195.204080889518,1.0,1.0
2026-03-22T21:10:07.745-306470-818981,305,false,3.3417503689299273,1,3195.204080889518,1.0,1.0
2026-03-22T21:10:07.745-306470-818981,140,true,5.33642439711018,1,3189.867656492408,1.0,0.0
2026-03-22T21:10:07.745-306470-818981,756,false,11.782319898525492,1,3189.867656492408,1.0,1.0
2026-03-22T21:10:07.745-306470-818981,218,false,2.8802176353290587,1,3189.867656492408,1.0,1.0
2026-03-22T21:10:07.745-306470-818981,653,false,26.027395402321655,1,3189.867656492408,1.0,1.0
2026-03-22T21:10:07.745-306470-818981,384,true,6.236899413638735,1,3183.6307570787694,1.0,0.7070000000000001
2026-03-22T21:10:07.745-306470-818981,965,false,0.6347508109183375,1,3183.6307570787694,1.0,1.0
2026-03-22T21:10:07.745-306470-818981,279,false,0.1766828915579233,1,3183.6307570787694,1.0,1.0
2026-03-22T21:10:07.745-306470-818981,61,false,12.923973535764643,1,3183.6307570787694,1.0,1.0
2026-03-22T21:10:07.745-306470-818981,383,true,0.7129867277076896,1,3182.917770351062,1.0,0.031000000000000028
2026-03-22T21:10:07.745-306470-818981,905,false,0.29574065200592026,1,3182.917770351062,1.0,1.0
2026-03-22T21:10:07.745-306470-818981,450,false,0.1475266996395015,1,3182.917770351062,1.0,1.0
2026-03-22T21:10:07.745-306470-818981,92,false,26.823404580350786,1,3182.917770351062,1.0,1.0
2026-03-22T21:10:07.745-306470-818981,155,false,4.380706067144637,1,3182.917770351062,1.0,1.0
2026-03-22T21:10:07.745-306470-818981,240,false,7.903160574939918,1,3182.917770351062,1.0,1.0
2026-03-22T21:10:07.745-306470-818981,309,false,32.822872226179186,1,3182.917770351062,1.0,1.0
2026-03-22T21:10:07.745-306470-818981,421,false,0.12008858538897693,1,3182.917770351062,1.0,1.0
2026-03-22T21:10:07.745-306470-818981,213,false,2.6741927807881103,1,3182.917770351062,1.0,1.0
2026-03-22T21:10:07.745-306470-818981,867,false,0.22015592607064807,1,3182.917770351062,1.0,1.0
2026-03-22T21:10:07.745-306470-818981,767,false,12.108321789353884,1,3182.917770351062,1.0,1.0
2026-03-22T21:10:07.745-306470-818981,169,false,0.3118177453300579,1,3182.917770351062,1.0,1.0
2026-03-22T21:10:07.745-306470-818981,371,false,1.592932722278015,1,3182.917770351062,1.0,1.0
2026-03-22T21:10:07.745-306470-818981,491,false,13.645795027051577,1,3182.917770351062,1.0,1.0
2026-03-22T21:10:07.745-306470-818981,544,false,0.2682005904978204,1,3182.917770351062,1.0,1.0
2026-03-22T21:10:07.745-306470-818981,85,false,46.11494050697065,1,3182.917770351062,1.0,1.0
2026-03-22T21:10:07.745-306470-818981,137,false,0.037451495759419653,1,3182.917770351062,1.0,1.0
2026-03-22T21:10:07.745-306470-818981,201,false,10.152704244633808,1,3182.917770351062,1.0,1.0
2026-03-22T21:10:07.745-306470-818981,211,false,10.938211865199687,1,3182.917770351062,1.0,1.0
2026-03-22T21:10:07.745-306470-818981,250,false,7.37999416540718,1,3182.917770351062,1.0,1.0
2026-03-22T21:10:07.745-306470-818981,728,false,0.3805956823865515,1,3182.917770351062,1.0,1.0
2026-03-22T21:10:07.745-306470-818981,367,false,7.946043416505447,1,3182.917770351062,1.0,1.0
2026-03-22T21:10:07.745-306470-818981,841,false,2.3866864036032576,1,3182.917770351062,1.0,1.0
2026-03-22T21:10:07.745-306470-818981,638,false,28.20147739060569,1,3182.917770351062,1.0,1.0
2026-03-22T21:10:07.745-306470-818981,900,false,1.3771392182236177,1,3182.917770351062,1.0,1.0
2026-03-22T21:10:07.745-306470-818981,673,false,4.562623142212451,1,3182.917770351062,1.0,1.0
2026-03-22T21:10:07.745-306470-818981,754,false,0.021268799123955504,1,3182.917770351062,1.0,1.0
2026-03-22T21:10:07.745-306470-818981,152,true,9.22330204220396,1,3173.6944683088577,1.0,0.7130000000000001
2026-03-22T21:10:07.745-306470-818981,199,false,1.3283030158310334,1,3173.6944683088577,1.0,1.0
2026-03-22T21:10:07.745-306470-818981,219,false,0.43789551561015605,1,3173.6944683088577,1.0,1.0
2026-03-22T21:10:07.745-306470-818981,912,false,3.1860918418629116,1,3173.6944683088577,1.0,1.0
2026-03-22T21:10:07.745-306470-818981,588,false,5.305189736309646,1,3173.6944683088577,1.0,1.0
2026-03-22T21:10:07.745-306470-818981,184,false,3.2343654946525193,1,3173.6944683088577,1.0,1.0
2026-03-22T21:10:07.745-306470-818981,809,false,18.294203073861453,1,3173.6944683088577,1.0,1.0
2026-03-22T21:10:07.745-306470-818981,418,false,0.0808033348347085,1,3173.6944683088577,1.0,1.0
2026-03-22T21:10:07.745-306470-818981,185,false,1.0547121104971822,1,3173.6944683088577,1.0,1.0
2026-03-22T21:10:07.745-306470-818981,715,false,0.5805359586762262,1,3173.6944683088577,1.0,1.0
2026-03-22T21:10:07.745-306470-818981,337,false,88.61225441334896,1,3173.6944683088577,1.0,1.0
2026-03-22T21:10:07.745-306470-818981,570,false,5.710743400178645,1,3173.6944683088577,1.0,1.0
2026-03-22T21:10:07.745-306470-818981,785,false,27.88713661309228,1,3173.6944683088577,1.0,1.0
2026-03-22T21:10:07.745-306470-818981,744,false,1.1424477872794117,1,3173.6944683088577,1.0,1.0
2026-03-22T21:10:07.745-306470-818981,424,false,1.6530043602630484,1,3173.6944683088577,1.0,1.0
2026-03-22T21:10:07.745-306470-818981,749,false,1.8184092543777732,1,3173.6944683088577,1.0,1.0
2026-03-22T21:10:07.745-306470-818981,181,false,1.1898288323962585,1,3173.6944683088577,1.0,1.0
2026-03-22T21:10:07.745-306470-818981,821,false,22.4809317296092,1,3173.6944683088577,1.0,1.0
2026-03-22T21:10:07.745-306470-818981,128,true,194.05793048972942,1,2979.6365378191285,1.0,0.0
2026-03-22T21:10:07.745-306470-818981,8,false,0.06832711663679139,1,2979.6365378191285,1.0,1.0
2026-03-22T21:10:07.745-306470-818981,357,true,56.71188884667507,1,2922.9246489724533,1.0,0.0
2026-03-22T21:10:07.745-306470-818981,528,false,3.986495985669932,1,2922.9246489724533,1.0,1.0
2026-03-22T21:10:07.745-306470-818981,130,true,64.14696482415461,1,2858.7776841482987,1.0,0.0040000000000000036
2026-03-22T21:10:07.745-306470-818981,561,false,0.07829341118950092,1,2858.7776841482987,1.0,1.0
2026-03-22T21:10:07.745-306470-818981,810,false,9.277713842999182,1,2858.7776841482987,1.0,1.0
2026-03-22T21:10:07.745-306470-818981,508,false,5.256645283450104,1,2858.7776841482987,1.0,1.0
2026-03-22T21:10:07.745-306470-818981,239,false,17.46452097874271,1,2858.7776841482987,1.0,1.0
2026-03-22T21:10:07.745-306470-818981,883,false,5.230523584213893,1,2858.7776841482987,1.0,1.0
2026-03-22T21:10:07.745-306470-818981,660,false,0.028028045865002887,1,2858.7776841482987,1.0,1.0
2026-03-22T21:10:07.745-306470-818981,988,false,0.8557016818454652,1,2858.7776841482987,1.0,1.0
2026-03-22T21:10:07.745-306470-818981,144,true,2.1840284826767147,1,2856.593655665622,1.0,0.0
2026-03-22T21:10:07.745-306470-818981,13,false,9.257206967324857,1,2856.593655665622,1.0,1.0
2026-03-22T21:10:07.745-306470-818981,236,false,0.467543936738564,1,2856.593655665622,1.0,1.0
2026-03-22T21:10:07.745-306470-818981,909,false,3.0329622570126524,1,2856.593655665622,1.0,1.0
2026-03-22T21:10:07.745-306470-818981,523,true,0.6126708711117171,1,2855.9809847945103,1.0,0.71
2026-03-22T21:10:07.745-306470-818981,289,false,7.300617088102966,1,2855.9809847945103,1.0,1.0
2026-03-22T21:10:07.745-306470-818981,478,false,21.200282227171733,1,2855.9809847945103,1.0,1.0
2026-03-22T21:10:07.745-306470-818981,40,false,2.953452735519701,1,2855.9809847945103,1.0,1.0
2026-03-22T21:10:07.745-306470-818981,593,false,4.794211111162179,1,2855.9809847945103,1.0,1.0
2026-03-22T21:10:07.745-306470-818981,696,false,0.4336237415325325,1,2855.9809847945103,1.0,1.0
2026-03-22T21:10:07.745-306470-818981,680,false,1.135617982323655,1,2855.9809847945103,1.0,1.0
2026-03-22T21:10:07.745-306470-818981,510,false,8.704248806404658,1,2855.9809847945103,1.0,1.0
2026-03-22T21:10:07.745-306470-818981,643,true,926.6214876236359,1,1929.3594971708744,1.0,0.741
2026-03-22T21:10:07.745-306470-818981,110,false,1.316870391872028,1,1929.3594971708744,1.0,1.0
2026-03-22T21:10:07.745-306470-818981,411,false,2.7093607704063323,1,1929.3594971708744,1.0,1.0
2026-03-22T21:10:07.745-306470-818981,316,false,1.0835414444482443,1,1929.3594971708744,1.0,1.0
2026-03-22T21:10:07.745-306470-818981,632,false,16.839393859523522,1,1929.3594971708744,1.0,1.0
2026-03-22T21:10:07.745-306470-818981,824,false,0.3435134803859159,1,1929.3594971708744,1.0,1.0
2026-03-22T21:10:07.745-306470-818981,178,false,1.9033208779563489,1,1929.3594971708744,1.0,1.0
2026-03-22T21:10:07.745-306470-818981,925,false,3.9501908380770803,1,1929.3594971708744,1.0,1.0
2026-03-22T21:10:07.745-306470-818981,349,true,8.289081745103758,1,1921.0704154257708,1.0,0.0
2026-03-22T21:10:07.745-306470-818981,828,false,0.39307623735580344,1,1921.0704154257708,1.0,1.0
2026-03-22T21:10:07.745-306470-818981,913,false,10.167485021492041,1,1921.0704154257708,1.0,1.0
2026-03-22T21:10:07.745-306470-818981,518,true,6.800830742882721,1,1914.269584682888,1.0,0.0
2026-03-22T21:10:07.745-306470-818981,165,false,1.510451896666136,1,1914.269584682888,1.0,1.0
2026-03-22T21:10:07.745-306470-818981,433,false,25.562874486511824,1,1914.269584682888,1.0,1.0
2026-03-22T21:10:07.745-306470-818981,245,false,0.8704468590938073,1,1914.269584682888,1.0,1.0
2026-03-22T21:10:07.745-306470-818981,914,false,0.26738008621909565,1,1914.269584682888,1.0,1.0
2026-03-22T21:10:07.745-306470-818981,920,false,1.0073274475209362,1,1914.269584682888,1.0,1.0
2026-03-22T21:10:07.745-306470-818981,209,false,0.9502543370952764,1,1914.269584682888,1.0,1.0
2026-03-22T21:10:07.745-306470-818981,962,false,37.11755066368949,1,1914.269584682888,1.0,1.0
2026-03-22T21:10:07.745-306470-818981,546,false,1.7732640035405995,1,1914.269584682888,1.0,1.0
2026-03-22T21:10:07.745-306470-818981,737,false,5.370482639721943,1,1914.269584682888,1.0,1.0
2026-03-22T21:10:07.745-306470-818981,971,false,31.848309470955943,1,1914.269584682888,1.0,1.0
2026-03-22T21:10:07.745-306470-818981,693,false,4.9469314010089205,1,1914.269584682888,1.0,1.0
2026-03-22T21:10:07.745-306470-818981,692,false,7.9291455057924445,1,1914.269584682888,1.0,1.0
2026-03-22T21:10:07.745-306470-818981,193,false,9.681419557998568,1,1914.269584682888,1.0,1.0
2026-03-22T21:10:07.745-306470-818981,376,false,1.4164497349753509,1,1914.269584682888,1.0,1.0
2026-03-22T21:10:07.745-306470-818981,204,false,116.18401696917167,1,1914.269584682888,1.0,1.0
2026-03-22T21:10:07.745-306470-818981,32,false,0.820641250999208,1,1914.269584682888,1.0,1.0
2026-03-22T21:10:07.745-306470-818981,594,false,2.3526626412718157,1,1914.269584682888,1.0,1.0
2026-03-22T21:10:07.745-306470-818981,779,false,5.220473987851645,1,1914.269584682888,1.0,1.0
2026-03-22T21:10:07.745-306470-818981,343,false,3.2888138402112763,1,1914.269584682888,1.0,1.0
2026-03-22T21:10:07.745-306470-818981,600,false,9.286618942950788,1,1914.269584682888,1.0,1.0
2026-03-22T21:10:07.745-306470-818981,707,true,15.027442065047188,1,1899.242142617841,1.0,0.838
2026-03-22T21:10:07.745-306470-818981,308,false,1.2845865823800504,1,1899.242142617841,1.0,1.0
2026-03-22T21:10:07.745-306470-818981,948,false,12.695537873810968,1,1899.242142617841,1.0,1.0
2026-03-22T21:10:07.745-306470-818981,812,false,17.6514482091894,1,1899.242142617841,1.0,1.0
2026-03-22T21:10:07.745-306470-818981,560,false,148.32953629531912,1,1899.242142617841,1.0,1.0
2026-03-22T21:10:07.745-306470-818981,162,false,3.8677476656012937,1,1899.242142617841,1.0,1.0
2026-03-22T21:10:07.745-306470-818981,15,false,5.549072958941276,1,1899.242142617841,1.0,1.0
2026-03-22T21:10:07.745-306470-818981,960,false,1.603152442356628,1,1899.242142617841,1.0,1.0
2026-03-22T21:10:07.745-306470-818981,866,false,81.58036258906012,1,1899.242142617841,1.0,1.0
2026-03-22T21:10:07.745-306470-818981,726,false,39.70854219136529,1,1899.242142617841,1.0,1.0
2026-03-22T21:10:07.745-306470-818981,880,false,11.247131095153183,1,1899.242142617841,1.0,1.0
2026-03-22T21:10:07.745-306470-818981,947,false,9.823106078030703,1,1899.242142617841,1.0,1.0
2026-03-22T21:10:07.745-306470-818981,967,false,2.025820662974894,1,1899.242142617841,1.0,1.0
2026-03-22T21:10:07.745-306470-818981,45,true,6.039441871695574,1,1893.2027007461454,1.0,0.0040000000000000036
2026-03-22T21:10:07.745-306470-818981,877,false,11.543668360175932,1,1893.2027007461454,1.0,1.0
2026-03-22T21:10:07.745-306470-818981,826,false,4.200589209709803,1,1893.2027007461454,1.0,1.0
2026-03-22T21:10:07.745-306470-818981,109,false,26.068164709130368,1,1893.2027007461454,1.0,1.0
2026-03-22T21:10:07.745-306470-818981,551,false,0.5623048452335656,1,1893.2027007461454,1.0,1.0
2026-03-22T21:10:07.745-306470-818981,934,false,0.18189028996951465,1,1893.2027007461454,1.0,1.0
2026-03-22T21:10:07.745-306470-818981,460,false,8.851710425112769,1,1893.2027007461454,1.0,1.0
2026-03-22T21:10:07.745-306470-818981,586,false,0.26102527099730105,1,1893.2027007461454,1.0,1.0
2026-03-22T21:10:07.745-306470-818981,741,false,26.2774884026094,1,1893.2027007461454,1.0,1.0
2026-03-22T21:10:07.745-306470-818981,492,false,0.7257138520671801,1,1893.2027007461454,1.0,1.0
2026-03-22T21:10:07.745-306470-818981,3,false,1.2941258733395096,1,1893.2027007461454,1.0,1.0
2026-03-22T21:10:07.745-306470-818981,494,false,22.755797026822446,1,1893.2027007461454,1.0,1.0
2026-03-22T21:10:07.745-306470-818981,117,false,26.550821844845046,1,1893.2027007461454,1.0,1.0
2026-03-22T21:10:07.745-306470-818981,748,false,3.4663072372929196,1,1893.2027007461454,1.0,1.0
2026-03-22T21:10:07.745-306470-818981,697,false,1.3360739701188817,1,1893.2027007461454,1.0,1.0
2026-03-22T21:10:07.745-306470-818981,115,false,60.039473450443445,1,1893.2027007461454,1.0,1.0
2026-03-22T21:10:07.745-306470-818981,787,false,0.40321294677688974,1,1893.2027007461454,1.0,1.0
2026-03-22T21:10:07.745-306470-818981,854,false,1.0827866944365476,1,1893.2027007461454,1.0,1.0
2026-03-22T21:10:07.745-306470-818981,878,false,37.893905705842805,1,1893.2027007461454,1.0,1.0
2026-03-22T21:10:07.745-306470-818981,197,false,6.8164679148047105,1,1893.2027007461454,1.0,1.0
2026-03-22T21:10:07.745-306470-818981,54,false,213.80730142966007,1,1893.2027007461454,1.0,1.0
2026-03-22T21:10:07.745-306470-818981,375,false,20.728612056029192,1,1893.2027007461454,1.0,1.0
2026-03-22T21:10:07.745-306470-818981,871,false,2.431989121827234,1,1893.2027007461454,1.0,1.0
2026-03-22T21:10:07.745-306470-818981,261,false,0.286426624931226,1,1893.2027007461454,1.0,1.0
2026-03-22T21:10:07.745-306470-818981,626,true,4.109020871389726,1,1889.0936798747557,1.0,0.708
2026-03-22T21:10:07.745-306470-818981,99,false,2.2062933136101495,1,1889.0936798747557,1.0,1.0
2026-03-22T21:10:07.745-306470-818981,848,false,108.20114534832037,1,1889.0936798747557,1.0,1.0
2026-03-22T21:10:07.745-306470-818981,485,false,0.5229426769868152,1,1889.0936798747557,1.0,1.0
2026-03-22T21:10:07.745-306470-818981,746,false,530.9294248355461,1,1889.0936798747557,1.0,1.0
2026-03-22T21:10:07.745-306470-818981,228,false,2.699790914211555,1,1889.0936798747557,1.0,1.0
2026-03-22T21:10:07.745-306470-818981,671,false,5.294312393443923,1,1889.0936798747557,1.0,1.0
2026-03-22T21:10:07.745-306470-818981,725,false,0.9514805343959227,1,1889.0936798747557,1.0,1.0
2026-03-22T21:10:07.745-306470-818981,775,false,4.548648854185988,1,1889.0936798747557,1.0,1.0
2026-03-22T21:10:07.745-306470-818981,366,false,31.383854922361994,1,1889.0936798747557,1.0,1.0
2026-03-22T21:10:07.745-306470-818981,562,false,0.29294447625463776,1,1889.0936798747557,1.0,1.0
2026-03-22T21:10:07.745-306470-818981,170,false,6.0598855660431985,1,1889.0936798747557,1.0,1.0
2026-03-22T21:10:07.745-306470-818981,23,false,60.095643371151986,1,1889.0936798747557,1.0,1.0
2026-03-22T21:10:07.745-306470-818981,173,false,1.2815282559784043,1,1889.0936798747557,1.0,1.0
2026-03-22T21:10:07.745-306470-818981,273,true,11.63048058862244,1,1877.4631992861332,1.0,0.848
2026-03-22T21:10:07.745-306470-818981,192,false,1.7358335524731492,1,1877.4631992861332,1.0,1.0
2026-03-22T21:10:07.745-306470-818981,148,true,1.9681022372112063,1,1875.495097048922,1.0,0.0030000000000000027
2026-03-22T21:10:07.745-306470-818981,404,false,0.01752511476552468,1,1875.495097048922,1.0,1.0
2026-03-22T21:10:07.745-306470-818981,587,false,51.67046832197618,1,1875.495097048922,1.0,1.0
2026-03-22T21:10:07.745-306470-818981,123,true,0.5155245538950954,1,1874.9795724950268,1.0,0.0010000000000000009
2026-03-22T21:10:07.745-306470-818981,580,false,5.337420974182477,1,1874.9795724950268,1.0,1.0
2026-03-22T21:10:07.745-306470-818981,797,true,0.49509673978179886,1,1874.484475755245,1.0,0.0020000000000000018
2026-03-22T21:10:07.745-306470-818981,233,false,1.2325526399242597,1,1874.484475755245,1.0,1.0
2026-03-22T21:10:07.745-306470-818981,661,false,11.839191078901209,1,1874.484475755245,1.0,1.0
2026-03-22T21:10:07.745-306470-818981,180,false,4.178094804216122,1,1874.484475755245,1.0,1.0
2026-03-22T21:10:07.745-306470-818981,881,false,1.3932595038538633,1,1874.484475755245,1.0,1.0
2026-03-22T21:10:07.745-306470-818981,217,false,3.2905275582086038,1,1874.484475755245,1.0,1.0
2026-03-22T21:10:07.745-306470-818981,924,false,1.5666598175715682,1,1874.484475755245,1.0,1.0
2026-03-22T21:10:07.745-306470-818981,659,false,0.1240724247237477,1,1874.484475755245,1.0,1.0
2026-03-22T21:10:07.745-306470-818981,803,false,3.0123772754163856,1,1874.484475755245,1.0,1.0
2026-03-22T21:10:07.745-306470-818981,915,false,5.112385206622479,1,1874.484475755245,1.0,1.0
2026-03-22T21:10:07.745-306470-818981,527,false,0.52849916354147,1,1874.484475755245,1.0,1.0
2026-03-22T21:10:07.745-306470-818981,369,false,0.5676788391315555,1,1874.484475755245,1.0,1.0
2026-03-22T21:10:07.745-306470-818981,617,true,0.6724918478369932,1,1873.8119839074081,1.0,0.0010000000000000009
2026-03-22T21:10:07.745-306470-818981,642,true,0.5298972899506708,1,1873.2820866174575,1.0,0.382
2026-03-22T21:10:07.745-306470-818981,397,false,6.052333929767164,1,1873.2820866174575,1.0,1.0
2026-03-22T21:10:07.745-306470-818981,517,true,1.9677076909493807,1,1871.3143789265082,1.0,0.0010000000000000009
2026-03-22T21:10:07.745-306470-818981,554,false,2.551086002831978,1,1871.3143789265082,1.0,1.0
2026-03-22T21:10:07.745-306470-818981,484,false,0.20896894628420426,1,1871.3143789265082,1.0,1.0
2026-03-22T21:10:07.745-306470-818981,727,false,1.1204082481203061,1,1871.3143789265082,1.0,1.0
2026-03-22T21:10:07.745-306470-818981,613,true,9.079648645999903,1,1862.2347302805083,1.0,0.0
2026-03-22T21:10:07.745-306470-818981,413,false,12.205754981572179,1,1862.2347302805083,1.0,1.0
2026-03-22T21:10:07.745-306470-818981,884,false,62.50942611349904,1,1862.2347302805083,1.0,1.0
2026-03-22T21:10:07.745-306470-818981,35,true,10.737274935748232,1,1851.49745534476,1.0,0.837
2026-03-22T21:10:07.745-306470-818981,267,false,19.610520469650584,1,1851.49745534476,1.0,1.0
2026-03-22T21:10:07.745-306470-818981,536,false,9.22690854628826,1,1851.49745534476,1.0,1.0
2026-03-22T21:10:07.745-306470-818981,595,false,0.25036271556000417,1,1851.49745534476,1.0,1.0
2026-03-22T21:10:07.745-306470-818981,235,false,1.9742625665582816,1,1851.49745534476,1.0,1.0
2026-03-22T21:10:07.745-306470-818981,721,true,11.750971846055156,1,1839.746483498705,1.0,0.85
2026-03-22T21:10:07.745-306470-818981,198,false,1.3731432565111783,1,1839.746483498705,1.0,1.0
2026-03-22T21:10:07.745-306470-818981,214,false,0.3226165757662237,1,1839.746483498705,1.0,1.0
2026-03-22T21:10:07.745-306470-818981,2,false,1.0124591892564863,1,1839.746483498705,1.0,1.0
2026-03-22T21:10:07.745-306470-818981,513,false,41.63453543426569,1,1839.746483498705,1.0,1.0
2026-03-22T21:10:07.745-306470-818981,911,false,6.637812936607587,1,1839.746483498705,1.0,1.0
2026-03-22T21:10:07.745-306470-818981,640,true,77.87983532800666,1,1761.8666481706982,1.0,0.0
2026-03-22T21:10:07.745-306470-818981,232,false,2.984225027709407,1,1761.8666481706982,1.0,1.0
2026-03-22T21:10:07.745-306470-818981,212,false,17.9988619426128,1,1761.8666481706982,1.0,1.0
2026-03-22T21:10:07.745-306470-818981,836,false,0.6653502793597419,1,1761.8666481706982,1.0,1.0
2026-03-22T21:10:07.745-306470-818981,157,false,0.014879650496411602,1,1761.8666481706982,1.0,1.0
2026-03-22T21:10:07.745-306470-818981,242,false,31.955139352201353,1,1761.8666481706982,1.0,1.0
2026-03-22T21:10:07.745-306470-818981,790,true,11.234591852310679,1,1750.6320563183876,1.0,0.7050000000000001
2026-03-22T21:10:07.745-306470-818981,774,false,1.1305009893675895,1,1750.6320563183876,1.0,1.0
2026-03-22T21:10:07.745-306470-818981,773,false,0.5350034003896338,1,1750.6320563183876,1.0,1.0
2026-03-22T21:10:07.745-306470-818981,898,false,0.6061786945836426,1,1750.6320563183876,1.0,1.0
2026-03-22T21:10:07.745-306470-818981,295,false,12.165653020650272,1,1750.6320563183876,1.0,1.0
2026-03-22T21:10:07.745-306470-818981,614,true,7.912480288416573,1,1742.719576029971,1.0,0.0
2026-03-22T21:10:07.745-306470-818981,322,false,0.8045080263637386,1,1742.719576029971,1.0,1.0
2026-03-22T21:10:07.745-306470-818981,758,false,0.6082835280412063,1,1742.719576029971,1.0,1.0
2026-03-22T21:10:07.745-306470-818981,145,true,0.9354604183039126,1,1741.7841156116672,1.0,0.0
2026-03-22T21:10:07.745-306470-818981,835,false,0.7635874970834806,1,1741.7841156116672,1.0,1.0
2026-03-22T21:10:07.745-306470-818981,605,false,1.277429612735912,1,1741.7841156116672,1.0,1.0
2026-03-22T21:10:07.745-306470-818981,859,false,1.0153092442637313,1,1741.7841156116672,1.0,1.0
2026-03-22T21:10:07.745-306470-818981,997,false,2.4631875252889692,1,1741.7841156116672,1.0,1.0
2026-03-22T21:10:07.745-306470-818981,381,true,4.631914416549218,1,1737.1522011951179,1.0,0.0030000000000000027
2026-03-22T21:10:07.745-306470-818981,455,false,2.857616320434626,1,1737.1522011951179,1.0,1.0
2026-03-22T21:10:07.745-306470-818981,402,false,0.1390562582310181,1,1737.1522011951179,1.0,1.0
2026-03-22T21:10:07.745-306470-818981,131,true,0.28756589229586865,1,1736.864635302822,1.0,0.0
2026-03-22T21:10:07.745-306470-818981,252,false,230.64991828468118,1,1736.864635302822,1.0,1.0
2026-03-22T21:10:07.745-306470-818981,923,false,0.4861149254512584,1,1736.864635302822,1.0,1.0
2026-03-22T21:10:07.745-306470-818981,739,false,0.14238853824410883,1,1736.864635302822,1.0,1.0
2026-03-22T21:10:07.745-306470-818981,610,true,2.0791419465417533,1,1734.7854933562803,1.0,0.0030000000000000027
2026-03-22T21:10:07.745-306470-818981,439,false,4.305320574203382,1,1734.7854933562803,1.0,1.0
2026-03-22T21:10:07.745-306470-818981,229,false,9.035327179191954,1,1734.7854933562803,1.0,1.0
2026-03-22T21:10:07.745-306470-818981,516,true,4.91444134522495,1,1729.8710520110553,1.0,0.0
2026-03-22T21:10:07.745-306470-818981,701,false,2.7656655586551953,1,1729.8710520110553,1.0,1.0
2026-03-22T21:10:07.745-306470-818981,422,false,0.760514262982967,1,1729.8710520110553,1.0,1.0
2026-03-22T21:10:07.745-306470-818981,814,false,0.02692997122331092,1,1729.8710520110553,1.0,1.0
2026-03-22T21:10:07.745-306470-818981,373,false,7.639331817631423,1,1729.8710520110553,1.0,1.0
2026-03-22T21:10:07.745-306470-818981,410,false,1.3595676790607456,1,1729.8710520110553,1.0,1.0
2026-03-22T21:10:07.745-306470-818981,215,false,0.1387281972921988,1,1729.8710520110553,1.0,1.0
2026-03-22T21:10:07.745-306470-818981,644,true,0.996059266092826,1,1728.8749927449626,1.0,0.0
2026-03-22T21:10:07.745-306470-818981,958,false,0.7314309279495391,1,1728.8749927449626,1.0,1.0
2026-03-22T21:10:07.745-306470-818981,511,false,2.4532691099119663,1,1728.8749927449626,1.0,1.0
2026-03-22T21:10:07.745-306470-818981,67,false,1.9225615212459348,1,1728.8749927449626,1.0,1.0
2026-03-22T21:10:07.745-306470-818981,500,false,14.726795896469453,1,1728.8749927449626,1.0,1.0
2026-03-22T21:10:07.745-306470-818981,686,false,21.783636795189693,1,1728.8749927449626,1.0,1.0
2026-03-22T21:10:07.745-306470-818981,462,false,0.025737997443292387,1,1728.8749927449626,1.0,1.0
2026-03-22T21:10:07.745-306470-818981,813,false,5.305981136014729,1,1728.8749927449626,1.0,1.0
2026-03-22T21:10:07.745-306470-818981,407,false,5.949616937385515,1,1728.8749927449626,1.0,1.0
2026-03-22T21:10:07.745-306470-818981,112,false,17.952551441865666,1,1728.8749927449626,1.0,1.0
2026-03-22T21:10:07.745-306470-818981,105,false,0.7399796413956219,1,1728.8749927449626,1.0,1.0
2026-03-22T21:10:07.745-306470-818981,801,false,5.257525356544034,1,1728.8749927449626,1.0,1.0
2026-03-22T21:10:07.745-306470-818981,708,false,0.05534536878911964,1,1728.8749927449626,1.0,1.0
2026-03-22T21:10:07.745-306470-818981,119,false,3.8131026124301255,1,1728.8749927449626,1.0,1.0
2026-03-22T21:10:07.745-306470-818981,174,false,0.023885703285328973,1,1728.8749927449626,1.0,1.0
2026-03-22T21:10:07.745-306470-818981,657,false,0.5431202430252028,1,1728.8749927449626,1.0,1.0
2026-03-22T21:10:07.745-306470-818981,710,true,8.137221673065644,1,1720.737771071897,1.0,0.74
2026-03-22T21:10:07.745-306470-818981,64,false,1003.3983698421481,1,1720.737771071897,1.0,1.0
2026-03-22T21:10:07.745-306470-818981,394,false,2.3005984599798843,1,1720.737771071897,1.0,1.0
2026-03-22T21:10:07.745-306470-818981,582,false,21.177913569072604,1,1720.737771071897,1.0,1.0
2026-03-22T21:10:07.745-306470-818981,624,true,18.90274465043649,1,1701.8350264214605,1.0,0.006000000000000005
2026-03-22T21:10:07.745-306470-818981,892,false,2.401251665979939,1,1701.8350264214605,1.0,1.0
2026-03-22T21:10:07.745-306470-818981,865,false,0.41899918025535715,1,1701.8350264214605,1.0,1.0
2026-03-22T21:10:07.745-306470-818981,668,false,4.267785776539625,1,1701.8350264214605,1.0,1.0
2026-03-22T21:10:07.745-306470-818981,759,false,0.43465359638295537,1,1701.8350264214605,1.0,1.0
2026-03-22T21:10:07.745-306470-818981,386,false,0.19614331408923752,1,1701.8350264214605,1.0,1.0
2026-03-22T21:10:07.745-306470-818981,65,false,0.05488676644312715,1,1701.8350264214605,1.0,1.0
2026-03-22T21:10:07.745-306470-818981,532,true,0.2636828702720477,1,1701.5713435511884,1.0,0.91
2026-03-22T21:10:07.745-306470-818981,234,true,1.4434501919333789,1,1700.127893359255,1.0,0.928
2026-03-22T21:10:07.745-306470-818981,302,false,1.1751499174072861,1,1700.127893359255,1.0,1.0
2026-03-22T21:10:07.745-306470-818981,840,false,11.130190122489088,1,1700.127893359255,1.0,1.0
2026-03-22T21:10:07.745-306470-818981,237,true,3.6831651102694862,1,1696.4447282489855,1.0,0.841
2026-03-22T21:10:07.745-306470-818981,465,false,0.4608675125656168,1,1696.4447282489855,1.0,1.0
2026-03-22T21:10:07.745-306470-818981,449,false,3.065291019820431,1,1696.4447282489855,1.0,1.0
2026-03-22T21:10:07.745-306470-818981,800,false,0.11201984645373907,1,1696.4447282489855,1.0,1.0
2026-03-22T21:10:07.745-306470-818981,705,true,13.264646526632497,1,1683.180081722353,1.0,0.702
2026-03-22T21:10:07.745-306470-818981,846,false,4.693403897077417,1,1683.180081722353,1.0,1.0
2026-03-22T21:10:07.745-306470-818981,556,false,16.787942858415615,1,1683.180081722353,1.0,1.0
2026-03-22T21:10:07.745-306470-818981,607,true,1.987776630043402,1,1681.1923050923097,1.0,0.687
2026-03-22T21:10:07.745-306470-818981,552,false,0.20739542481139808,1,1681.1923050923097,1.0,1.0
2026-03-22T21:10:07.745-306470-818981,159,false,1.7413703244044396,1,1681.1923050923097,1.0,1.0
2026-03-22T21:10:07.745-306470-818981,150,true,0.32415066306841317,1,1680.8681544292413,1.0,0.0
2026-03-22T21:10:07.745-306470-818981,553,false,0.46624206340715785,1,1680.8681544292413,1.0,1.0
2026-03-22T21:10:07.745-306470-818981,356,true,36.50825415541735,1,1644.359900273824,1.0,0.0
2026-03-22T21:10:07.745-306470-818981,886,false,9.073175818523632,1,1644.359900273824,1.0,1.0
2026-03-22T21:10:07.745-306470-818981,95,false,113.91716033429009,1,1644.359900273824,1.0,1.0
2026-03-22T21:10:07.745-306470-818981,829,false,0.32931524263334905,1,1644.359900273824,1.0,1.0
2026-03-22T21:10:07.745-306470-818981,258,false,14.854061013060308,1,1644.359900273824,1.0,1.0
2026-03-22T21:10:07.745-306470-818981,427,false,4.559022688985615,1,1644.359900273824,1.0,1.0
2026-03-22T21:10:07.745-306470-818981,583,false,0.47255342084547347,1,1644.359900273824,1.0,1.0
2026-03-22T21:10:07.745-306470-818981,765,false,21.73123682568564,1,1644.359900273824,1.0,1.0
2026-03-22T21:10:07.745-306470-818981,611,true,5.6516239780180655,1,1638.708276295806,1.0,0.0
2026-03-22T21:10:07.745-306470-818981,342,false,6.2557777943878055,1,1638.708276295806,1.0,1.0
2026-03-22T21:10:07.745-306470-818981,247,false,0.3846769242194851,1,1638.708276295806,1.0,1.0
2026-03-22T21:10:07.745-306470-818981,142,true,1.1214605224921201,1,1637.586815773314,1.0,0.0
2026-03-22T21:10:07.745-306470-818981,849,false,9.272311215561135,1,1637.586815773314,1.0,1.0
2026-03-22T21:10:07.745-306470-818981,689,false,0.12853849235622625,1,1637.586815773314,1.0,1.0
2026-03-22T21:10:07.745-306470-818981,372,false,0.1312123751485949,1,1637.586815773314,1.0,1.0
2026-03-22T21:10:07.745-306470-818981,442,false,0.9109675938963316,1,1637.586815773314,1.0,1.0
2026-03-22T21:10:07.745-306470-818981,815,false,3.5439446100671446,1,1637.586815773314,1.0,1.0
2026-03-22T21:10:07.745-306470-818981,318,false,2.9232620207098416,1,1637.586815773314,1.0,1.0
2026-03-22T21:10:07.745-306470-818981,368,false,0.5905287580238531,1,1637.586815773314,1.0,1.0
2026-03-22T21:10:07.745-306470-818981,691,false,6.938635260816487,1,1637.586815773314,1.0,1.0
2026-03-22T21:10:07.745-306470-818981,834,false,1.5132900964003355,1,1637.586815773314,1.0,1.0
2026-03-22T21:10:07.745-306470-818981,578,false,3.4694400397007783,1,1637.586815773314,1.0,1.0
2026-03-22T21:10:07.745-306470-818981,25,false,1.6603879273351254,1,1637.586815773314,1.0,1.0
2026-03-22T21:10:07.745-306470-818981,336,true,3.831674449109413,1,1633.7551413242045,1.0,0.87
2026-03-22T21:10:07.745-306470-818981,830,false,7.044340489735619,1,1633.7551413242045,1.0,1.0
2026-03-22T21:10:07.745-306470-818981,210,false,29.169955904240016,1,1633.7551413242045,1.0,1.0
2026-03-22T21:10:07.745-306470-818981,577,false,4.71991893326357,1,1633.7551413242045,1.0,1.0
2026-03-22T21:10:07.745-306470-818981,973,false,0.20512868049730074,1,1633.7551413242045,1.0,1.0
2026-03-22T21:10:07.745-306470-818981,731,false,3.001995721241173,1,1633.7551413242045,1.0,1.0
2026-03-22T21:10:07.745-306470-818981,56,false,10.369304915353334,1,1633.7551413242045,1.0,1.0
2026-03-22T21:10:07.745-306470-818981,127,true,1.5860276008369352,1,1632.1691137233674,1.0,0.0
2026-03-22T21:10:07.745-306470-818981,41,true,2.763937212431802,1,1629.4051765109357,1.0,0.706
2026-03-22T21:10:07.745-306470-818981,278,true,5.092311541007456,1,1624.3128649699283,1.0,0.0020000000000000018
2026-03-22T21:10:07.745-306470-818981,28,false,11.946692974892677,1,1624.3128649699283,1.0,1.0
2026-03-22T21:10:07.745-306470-818981,359,true,15.444256361844992,1,1608.8686086080834,1.0,0.0
2026-03-22T21:10:07.745-306470-818981,111,false,1.9777600701257851,1,1608.8686086080834,1.0,1.0
2026-03-22T21:10:07.745-306470-818981,853,false,0.45548754306986455,1,1608.8686086080834,1.0,1.0
2026-03-22T21:10:07.745-306470-818981,43,false,0.06450510407441125,1,1608.8686086080834,1.0,1.0
2026-03-22T21:10:07.745-306470-818981,76,false,7.413929089387639,1,1608.8686086080834,1.0,1.0
2026-03-22T21:10:07.745-306470-818981,475,false,0.9220196145048055,1,1608.8686086080834,1.0,1.0
2026-03-22T21:10:07.745-306470-818981,107,false,0.8673396220707928,1,1608.8686086080834,1.0,1.0
2026-03-22T21:10:07.745-306470-818981,855,false,0.24158846644834864,1,1608.8686086080834,1.0,1.0
2026-03-22T21:10:07.745-306470-818981,823,false,5.69883308060338,1,1608.8686086080834,1.0,1.0
2026-03-22T21:10:07.745-306470-818981,844,false,15.421779695505716,1,1608.8686086080834,1.0,1.0
2026-03-22T21:10:07.745-306470-818981,49,true,33.66189461607885,1,1575.2067139920046,1.0,0.6799999999999999
2026-03-22T21:10:07.745-306470-818981,495,false,6.666477065171741,1,1575.2067139920046,1.0,1.0
2026-03-22T21:10:07.745-306470-818981,274,true,35.691223749967016,1,1539.5154902420375,1.0,0.0
2026-03-22T21:10:07.745-306470-818981,351,true,7.044512822089037,1,1532.4709774199484,1.0,0.0
2026-03-22T21:10:07.745-306470-818981,120,true,72.96060585941831,1,1459.51037156053,1.0,0.838
2026-03-22T21:10:07.745-306470-818981,584,false,6.725582750539876,1,1459.51037156053,1.0,1.0
2026-03-22T21:10:07.745-306470-818981,636,false,0.09469994089354804,1,1459.51037156053,1.0,1.0
2026-03-22T21:10:07.745-306470-818981,471,false,0.07242167686288571,1,1459.51037156053,1.0,1.0
2026-03-22T21:10:07.745-306470-818981,133,true,0.3590468212253234,1,1459.1513247393048,1.0,0.0020000000000000018
2026-03-22T21:10:07.745-306470-818981,348,true,24.94342324598658,1,1434.207901493318,1.0,0.0
2026-03-22T21:10:07.745-306470-818981,447,false,5.285692118895796,1,1434.207901493318,1.0,1.0
2026-03-22T21:10:07.745-306470-818981,788,true,15.830847720775377,1,1418.3770537725427,1.0,0.0040000000000000036
2026-03-22T21:10:07.745-306470-818981,26,false,0.026831666797777712,1,1418.3770537725427,1.0,1.0
2026-03-22T21:10:07.745-306470-818981,975,false,15.56868815511087,1,1418.3770537725427,1.0,1.0
2026-03-22T21:10:07.745-306470-818981,262,false,0.23324723032993494,1,1418.3770537725427,1.0,1.0
2026-03-22T21:10:07.745-306470-818981,945,false,119.85589148698486,1,1418.3770537725427,1.0,1.0
2026-03-22T21:10:07.745-306470-818981,423,false,1.6191553111441812,1,1418.3770537725427,1.0,1.0
2026-03-22T21:10:07.745-306470-818981,893,true,1.8477395156371386,1,1416.5293142569055,1.0,0.999
2026-03-22T21:10:07.745-306470-818981,585,false,7.176560739474964,1,1416.5293142569055,1.0,1.0
2026-03-22T21:10:07.745-306470-818981,202,false,0.34668798646757937,1,1416.5293142569055,1.0,1.0
2026-03-22T21:10:07.745-306470-818981,473,false,0.11145725493341813,1,1416.5293142569055,1.0,1.0
2026-03-22T21:10:07.745-306470-818981,796,true,5.296841494322285,1,1411.2324727625833,1.0,0.0
2026-03-22T21:10:07.745-306470-818981,387,false,0.044152738554869134,1,1411.2324727625833,1.0,1.0
2026-03-22T21:10:07.745-306470-818981,627,true,9.123117800686904,1,1402.1093549618963,1.0,0.0020000000000000018
2026-03-22T21:10:07.745-306470-818981,251,false,0.7388383066086225,1,1402.1093549618963,1.0,1.0
2026-03-22T21:10:07.745-306470-818981,984,false,18.274317799026775,1,1402.1093549618963,1.0,1.0
2026-03-22T21:10:07.745-306470-818981,437,false,34.208134869183475,1,1402.1093549618963,1.0,1.0
2026-03-22T21:10:07.745-306470-818981,321,false,0.9213799222847443,1,1402.1093549618963,1.0,1.0
2026-03-22T21:10:07.745-306470-818981,793,true,6.76797976007192,1,1395.3413752018243,1.0,0.0
2026-03-22T21:10:07.745-306470-818981,609,true,1.1705091891274433,1,1394.170866012697,1.0,0.0
2026-03-22T21:10:07.745-306470-818981,674,false,0.17737833420804636,1,1394.170866012697,1.0,1.0
2026-03-22T21:10:07.745-306470-818981,992,false,22.15047505680968,1,1394.170866012697,1.0,1.0
2026-03-22T21:10:07.745-306470-818981,534,true,1.4021567905539698,1,1392.768709222143,1.0,0.692
2026-03-22T21:10:07.745-306470-818981,195,false,1.7074801520621763,1,1392.768709222143,1.0,1.0
2026-03-22T21:10:07.745-306470-818981,550,false,5.491331389662305,1,1392.768709222143,1.0,1.0
2026-03-22T21:10:07.745-306470-818981,22,false,0.6019341207250474,1,1392.768709222143,1.0,1.0
2026-03-22T21:10:07.745-306470-818981,188,false,40.21729546529981,1,1392.768709222143,1.0,1.0
2026-03-22T21:10:07.745-306470-818981,811,false,11.659650549678403,1,1392.768709222143,1.0,1.0
2026-03-22T21:10:07.745-306470-818981,430,true,30.886374669280794,1,1361.8823345528622,1.0,0.775
2026-03-22T21:10:07.745-306470-818981,764,false,4.005841278366793,1,1361.8823345528622,1.0,1.0
2026-03-22T21:10:07.745-306470-818981,509,false,8.36905532157308,1,1361.8823345528622,1.0,1.0
2026-03-22T21:10:07.745-306470-818981,269,false,0.9723370566230961,1,1361.8823345528622,1.0,1.0
2026-03-22T21:10:07.745-306470-818981,12,false,3.5121230191551143,1,1361.8823345528622,1.0,1.0
2026-03-22T21:10:07.745-306470-818981,454,false,116.11063762198752,1,1361.8823345528622,1.0,1.0
2026-03-22T21:10:07.745-306470-818981,480,false,0.36327515516135184,1,1361.8823345528622,1.0,1.0
2026-03-22T21:10:07.745-306470-818981,60,false,10.357140109420689,1,1361.8823345528622,1.0,1.0
2026-03-22T21:10:07.745-306470-818981,604,true,1.4297200609105818,1,1360.4526144919516,1.0,0.718
2026-03-22T21:10:07.745-306470-818981,73,false,0.09283470484586283,1,1360.4526144919516,1.0,1.0
2026-03-22T21:10:07.745-306470-818981,747,false,0.16325577720000348,1,1360.4526144919516,1.0,1.0
2026-03-22T21:10:07.745-306470-818981,156,false,67.30731020238018,1,1360.4526144919516,1.0,1.0
2026-03-22T21:10:07.745-306470-818981,294,false,0.18483561268491633,1,1360.4526144919516,1.0,1.0
2026-03-22T21:10:07.745-306470-818981,974,false,12.666362673270378,1,1360.4526144919516,1.0,1.0
2026-03-22T21:10:07.745-306470-818981,288,false,1.2327722493919002,1,1360.4526144919516,1.0,1.0
2026-03-22T21:10:07.745-306470-818981,38,true,0.21909916681471908,1,1360.233515325137,1.0,0.0
2026-03-22T21:10:07.745-306470-818981,818,false,1.7602889133135582,1,1360.233515325137,1.0,1.0
2026-03-22T21:10:07.745-306470-818981,164,false,7.1823132371904395,1,1360.233515325137,1.0,1.0
2026-03-22T21:10:07.745-306470-818981,58,false,20.295614440507148,1,1360.233515325137,1.0,1.0
2026-03-22T21:10:07.745-306470-818981,361,false,0.0454446335490605,1,1360.233515325137,1.0,1.0
2026-03-22T21:10:07.745-306470-818981,538,false,1.9098180710776809,1,1360.233515325137,1.0,1.0
2026-03-22T21:10:07.745-306470-818981,238,true,2.1454058654511674,1,1358.0881094596857,1.0,0.844
2026-03-22T21:10:07.745-306470-818981,662,false,6.734476280565104,1,1358.0881094596857,1.0,1.0
2026-03-22T21:10:07.745-306470-818981,875,false,7.969210778024255,1,1358.0881094596857,1.0,1.0
2026-03-22T21:10:07.745-306470-818981,135,true,20.186392412414893,1,1337.9017170472707,1.0,0.685
2026-03-22T21:10:07.745-306470-818981,608,true,56.23389347491748,1,1281.6678235723532,1.0,0.0
2026-03-22T21:10:07.745-306470-818981,362,true,77.82326948480298,1,1203.8445540875503,1.0,0.6890000000000001
2026-03-22T21:10:07.745-306470-818981,186,false,0.7664546987166238,1,1203.8445540875503,1.0,1.0
2026-03-22T21:10:07.745-306470-818981,655,false,10.923162269675968,1,1203.8445540875503,1.0,1.0
2026-03-22T21:10:07.745-306470-818981,504,false,4.010683042633171,1,1203.8445540875503,1.0,1.0
2026-03-22T21:10:07.745-306470-818981,458,false,8.393371942246986,1,1203.8445540875503,1.0,1.0
2026-03-22T21:10:07.745-306470-818981,400,false,0.3359578221761422,1,1203.8445540875503,1.0,1.0
2026-03-22T21:10:07.745-306470-818981,514,true,1.9506934811605745,1,1201.8938606063896,1.0,0.0020000000000000018
2026-03-22T21:10:07.745-306470-818981,505,false,0.7111878775006484,1,1201.8938606063896,1.0,1.0
2026-03-22T21:10:07.745-306470-818981,798,true,133.84596658186464,1,1068.047894024525,1.0,0.0
2026-03-22T21:10:07.745-306470-818981,286,false,164.17143289785528,1,1068.047894024525,1.0,1.0
2026-03-22T21:10:07.745-306470-818981,14,false,105.86501744292407,1,1068.047894024525,1.0,1.0
2026-03-22T21:10:07.745-306470-818981,572,false,3.422712453707416,1,1068.047894024525,1.0,1.0
2026-03-22T21:10:07.745-306470-818981,807,false,5.750370924626885,2,1068.047894024525,1.0,1.0
2026-03-22T21:10:07.745-306470-818981,592,false,2.3273183654178706,2,1068.047894024525,1.0,1.0
2026-03-22T21:10:07.745-306470-818981,56,false,10.369304915353334,2,1068.047894024525,1.0,1.0
2026-03-22T21:10:07.745-306470-818981,211,false,10.938211865199687,2,1068.047894024525,1.0,1.0
2026-03-22T21:10:07.745-306470-818981,779,false,5.220473987851645,2,1068.047894024525,1.0,1.0
2026-03-22T21:10:07.745-306470-818981,92,false,26.823404580350786,2,1068.047894024525,1.0,1.0
2026-03-22T21:10:07.745-306470-818981,67,false,1.9225615212459348,2,1068.047894024525,1.0,1.0
2026-03-22T21:10:07.745-306470-818981,73,false,0.09283470484586283,2,1068.047894024525,1.0,1.0
2026-03-22T21:10:07.745-306470-818981,660,false,0.028028045865002887,2,1068.047894024525,1.0,1.0
2026-03-22T21:10:07.745-306470-818981,313,false,5.9063662920768545,2,1068.047894024525,1.0,1.0
2026-03-22T21:10:07.745-306470-818981,21,false,99.01596443879777,2,1068.047894024525,1.0,1.0
2026-03-22T21:10:07.745-306470-818981,286,false,164.17143289785528,2,1068.047894024525,1.0,1.0
2026-03-22T21:10:07.745-306470-818981,468,false,0.11019180790501877,2,1068.047894024525,1.0,1.0
2026-03-22T21:10:07.745-306470-818981,232,true,2.984225027709407,2,1065.0636689968155,1.0,0.719
2026-03-22T21:10:07.745-306470-818981,433,true,25.562874486511824,2,1039.5007945103036,1.0,0.6970000000000001
2026-03-22T21:10:07.745-306470-818981,311,false,67.21855120468382,2,1039.5007945103036,1.0,1.0
2026-03-22T21:10:07.745-306470-818981,895,true,3.7710587538019977,2,1035.7297357565017,1.0,0.698
2026-03-22T21:10:07.745-306470-818981,337,true,88.61225441334896,2,947.1174813431527,1.0,0.665
2026-03-22T21:10:07.745-306470-818981,472,false,2.1501620518842617,2,947.1174813431527,1.0,1.0
2026-03-22T21:10:07.745-306470-818981,23,false,60.095643371151986,2,947.1174813431527,1.0,1.0
2026-03-22T21:10:07.745-306470-818981,20,false,0.7112385842725403,2,947.1174813431527,1.0,1.0
2026-03-22T21:10:07.745-306470-818981,295,false,12.165653020650272,2,947.1174813431527,1.0,1.0
2026-03-22T21:10:07.745-306470-818981,423,false,1.6191553111441812,2,947.1174813431527,1.0,1.0
2026-03-22T21:10:07.745-306470-818981,577,false,4.71991893326357,2,947.1174813431527,1.0,1.0
2026-03-22T21:10:07.745-306470-818981,31,false,9.998911671798492,2,947.1174813431527,1.0,1.0
2026-03-22T21:10:07.745-306470-818981,932,false,32.241984198857,2,947.1174813431527,1.0,1.0
2026-03-22T21:10:07.745-306470-818981,188,false,40.21729546529981,2,947.1174813431527,1.0,1.0
2026-03-22T21:10:07.745-306470-818981,853,false,0.45548754306986455,2,947.1174813431527,1.0,1.0
2026-03-22T21:10:07.745-306470-818981,535,true,2.061778957309091,2,945.0557023858436,1.0,0.0010000000000000009
2026-03-22T21:10:07.745-306470-818981,658,false,0.3174819431400819,2,945.0557023858436,1.0,1.0
2026-03-22T21:10:07.745-306470-818981,375,false,20.728612056029192,2,945.0557023858436,1.0,1.0
2026-03-22T21:10:07.745-306470-818981,115,false,60.039473450443445,2,945.0557023858436,1.0,1.0
2026-03-22T21:10:07.745-306470-818981,549,false,3.940423103920218,2,945.0557023858436,1.0,1.0
2026-03-22T21:10:07.745-306470-818981,552,false,0.20739542481139808,2,945.0557023858436,1.0,1.0
2026-03-22T21:10:07.745-306470-818981,653,false,26.027395402321655,2,945.0557023858436,1.0,1.0
2026-03-22T21:10:07.745-306470-818981,814,false,0.02692997122331092,2,945.0557023858436,1.0,1.0
2026-03-22T21:10:07.745-306470-818981,975,false,15.56868815511087,2,945.0557023858436,1.0,1.0
2026-03-22T21:10:07.745-306470-818981,387,false,0.044152738554869134,2,945.0557023858436,1.0,1.0
2026-03-22T21:10:07.745-306470-818981,843,false,26.19013212215437,2,945.0557023858436,1.0,1.0
2026-03-22T21:10:07.745-306470-818981,113,false,87.8797962241374,2,945.0557023858436,1.0,1.0
2026-03-22T21:10:07.745-306470-818981,89,true,27.771071568774744,2,917.2846308170688,1.0,0.844
2026-03-22T21:10:07.745-306470-818981,536,true,9.22690854628826,2,908.0577222707805,1.0,0.038000000000000034
2026-03-22T21:10:07.745-306470-818981,301,false,0.10997988831273817,2,908.0577222707805,1.0,1.0
2026-03-22T21:10:07.745-306470-818981,513,true,41.63453543426569,2,866.4231868365148,1.0,0.0020000000000000018
2026-03-22T21:10:07.745-306470-818981,972,false,3.0572204296131535,2,866.4231868365148,1.0,1.0
2026-03-22T21:10:07.745-306470-818981,418,false,0.0808033348347085,2,866.4231868365148,1.0,1.0
2026-03-22T21:10:07.745-306470-818981,901,false,70.20552919992775,2,866.4231868365148,1.0,1.0
2026-03-22T21:10:07.745-306470-818981,998,false,5.8026952326215016,2,866.4231868365148,1.0,1.0
2026-03-22T21:10:07.745-306470-818981,82,false,4.67272288092273,2,866.4231868365148,1.0,1.0
2026-03-22T21:10:07.745-306470-818981,1,false,0.060853489437653875,2,866.4231868365148,1.0,1.0
2026-03-22T21:10:07.745-306470-818981,663,false,2.6589974846025775,2,866.4231868365148,1.0,1.0
2026-03-22T21:10:07.745-306470-818981,412,false,0.23987962510358468,2,866.4231868365148,1.0,1.0
2026-03-22T21:10:07.745-306470-818981,281,true,0.2556606223992947,2,866.1675262141155,1.0,0.7090000000000001
2026-03-22T21:10:07.745-306470-818981,579,false,1.8953827604500444,2,866.1675262141155,1.0,1.0
2026-03-22T21:10:07.745-306470-818981,88,true,0.9538390977761277,2,865.2136871163393,1.0,0.836
2026-03-22T21:10:07.745-306470-818981,218,false,2.8802176353290587,2,865.2136871163393,1.0,1.0
2026-03-22T21:10:07.745-306470-818981,419,false,2.3994749144695358,2,865.2136871163393,1.0,1.0
2026-03-22T21:10:07.745-306470-818981,443,false,1.6218852412887488,2,865.2136871163393,1.0,1.0
2026-03-22T21:10:07.745-306470-818981,689,false,0.12853849235622625,2,865.2136871163393,1.0,1.0
2026-03-22T21:10:07.745-306470-818981,997,false,2.4631875252889692,2,865.2136871163393,1.0,1.0
2026-03-22T21:10:07.745-306470-818981,740,false,0.2690063508953757,2,865.2136871163393,1.0,1.0
2026-03-22T21:10:07.745-306470-818981,963,true,5.685757082300936,2,859.5279300340384,1.0,0.849
2026-03-22T21:10:07.745-306470-818981,438,false,23.08407624490266,2,859.5279300340384,1.0,1.0
2026-03-22T21:10:07.745-306470-818981,994,false,0.24324798024788077,2,859.5279300340384,1.0,1.0
2026-03-22T21:10:07.745-306470-818981,780,false,24.167225288451817,2,859.5279300340384,1.0,1.0
2026-03-22T21:10:07.745-306470-818981,881,false,1.3932595038538633,2,859.5279300340384,1.0,1.0
2026-03-22T21:10:07.745-306470-818981,557,false,16.04435066300026,2,859.5279300340384,1.0,1.0
2026-03-22T21:10:07.745-306470-818981,573,false,0.7584684496944787,2,859.5279300340384,1.0,1.0
2026-03-22T21:10:07.745-306470-818981,858,false,0.09512148682417265,2,859.5279300340384,1.0,1.0
2026-03-22T21:10:07.745-306470-818981,451,false,4.529763192042366,2,859.5279300340384,1.0,1.0
2026-03-22T21:10:07.745-306470-818981,27,false,1.6072882079227624,2,859.5279300340384,1.0,1.0
2026-03-22T21:10:07.745-306470-818981,101,false,2.3154651580537613,2,859.5279300340384,1.0,1.0
2026-03-22T21:10:07.745-306470-818981,441,false,0.37470476623936966,2,859.5279300340384,1.0,1.0
2026-03-22T21:10:07.745-306470-818981,633,false,1.6630833348522034,2,859.5279300340384,1.0,1.0
2026-03-22T21:10:07.745-306470-818981,250,false,7.37999416540718,2,859.5279300340384,1.0,1.0
2026-03-22T21:10:07.745-306470-818981,728,false,0.3805956823865515,2,859.5279300340384,1.0,1.0
2026-03-22T21:10:07.745-306470-818981,18,false,2.2919669564981997,2,859.5279300340384,1.0,1.0
2026-03-22T21:10:07.745-306470-818981,36,true,7.34237911311142,2,852.185550920927,1.0,0.0050000000000000044
2026-03-22T21:10:07.745-306470-818981,947,false,9.823106078030703,2,852.185550920927,1.0,1.0
2026-03-22T21:10:07.745-306470-818981,47,true,11.43265242967136,2,840.7528984912556,1.0,0.0
2026-03-22T21:10:07.745-306470-818981,585,false,7.176560739474964,2,840.7528984912556,1.0,1.0
2026-03-22T21:10:07.745-306470-818981,223,false,8.148812651754643,2,840.7528984912556,1.0,1.0
2026-03-22T21:10:07.745-306470-818981,693,false,4.9469314010089205,2,840.7528984912556,1.0,1.0
2026-03-22T21:10:07.745-306470-818981,156,false,67.30731020238018,2,840.7528984912556,1.0,1.0
2026-03-22T21:10:07.745-306470-818981,335,true,1.8973384798742259,2,838.8555600113814,1.0,0.0020000000000000018
2026-03-22T21:10:07.745-306470-818981,562,false,0.29294447625463776,2,838.8555600113814,1.0,1.0
2026-03-22T21:10:07.745-306470-818981,28,false,11.946692974892677,2,838.8555600113814,1.0,1.0
2026-03-22T21:10:07.745-306470-818981,569,false,1.7126653477618026,2,838.8555600113814,1.0,1.0
2026-03-22T21:10:07.745-306470-818981,543,false,3.9665907952931696,2,838.8555600113814,1.0,1.0
2026-03-22T21:10:07.745-306470-818981,235,true,1.9742625665582816,2,836.8812974448231,1.0,0.0
2026-03-22T21:10:07.745-306470-818981,240,true,7.903160574939918,2,828.9781368698832,1.0,0.0040000000000000036
2026-03-22T21:10:07.745-306470-818981,522,true,1.5296632965886023,2,827.4484735732946,1.0,0.0
2026-03-22T21:10:07.745-306470-818981,888,false,4.8396936794983,2,827.4484735732946,1.0,1.0
2026-03-22T21:10:07.745-306470-818981,486,false,3.75450351200289,2,827.4484735732946,1.0,1.0
2026-03-22T21:10:07.745-306470-818981,413,false,12.205754981572179,2,827.4484735732946,1.0,1.0
2026-03-22T21:10:07.745-306470-818981,453,false,57.42644776592359,2,827.4484735732946,1.0,1.0
2026-03-22T21:10:07.745-306470-818981,434,true,29.324527484708423,2,798.1239460885862,1.0,0.7170000000000001
2026-03-22T21:10:07.745-306470-818981,781,false,2.2694027976822126,2,798.1239460885862,1.0,1.0
2026-03-22T21:10:07.745-306470-818981,889,false,10.745879665704397,2,798.1239460885862,1.0,1.0
2026-03-22T21:10:07.745-306470-818981,687,false,247.956147042013,2,798.1239460885862,1.0,1.0
2026-03-22T21:10:07.745-306470-818981,61,false,12.923973535764643,2,798.1239460885862,1.0,1.0
2026-03-22T21:10:07.745-306470-818981,668,false,4.267785776539625,2,798.1239460885862,1.0,1.0
2026-03-22T21:10:07.745-306470-818981,639,true,0.38446739024827337,2,797.739478698338,1.0,0.0020000000000000018
2026-03-22T21:10:07.745-306470-818981,138,true,0.7180692703400321,2,797.0214094279979,1.0,0.0
2026-03-22T21:10:07.745-306470-818981,510,true,8.704248806404658,2,788.3171606215933,1.0,0.856
2026-03-22T21:10:07.745-306470-818981,183,false,55.63071448293287,2,788.3171606215933,1.0,1.0
2026-03-22T21:10:07.745-306470-818981,777,false,10.401953928554066,2,788.3171606215933,1.0,1.0
2026-03-22T21:10:07.745-306470-818981,343,false,3.2888138402112763,2,788.3171606215933,1.0,1.0
2026-03-22T21:10:07.745-306470-818981,405,false,10.511290207292642,2,788.3171606215933,1.0,1.0
2026-03-22T21:10:07.745-306470-818981,677,false,20.08754400058449,2,788.3171606215933,1.0,1.0
2026-03-22T21:10:07.745-306470-818981,280,false,0.12462827129233894,2,788.3171606215933,1.0,1.0
2026-03-22T21:10:07.745-306470-818981,967,false,2.025820662974894,2,788.3171606215933,1.0,1.0
2026-03-22T21:10:07.745-306470-818981,190,false,3.422576016019273,2,788.3171606215933,1.0,1.0
2026-03-22T21:10:07.745-306470-818981,54,false,213.80730142966007,2,788.3171606215933,1.0,1.0
2026-03-22T21:10:07.745-306470-818981,191,false,4.577386957734968,2,788.3171606215933,1.0,1.0
2026-03-22T21:10:07.745-306470-818981,257,false,0.12791814586934652,2,788.3171606215933,1.0,1.0
2026-03-22T21:10:07.745-306470-818981,739,false,0.14238853824410883,2,788.3171606215933,1.0,1.0
2026-03-22T21:10:07.745-306470-818981,917,false,1.7641246072252241,2,788.3171606215933,1.0,1.0
2026-03-22T21:10:07.745-306470-818981,83,false,0.5568467847703775,2,788.3171606215933,1.0,1.0
2026-03-22T21:10:07.745-306470-818981,529,true,142.864614082296,2,645.4525465392974,1.0,0.657
2026-03-22T21:10:07.745-306470-818981,265,false,0.2914708775861527,2,645.4525465392974,1.0,1.0
2026-03-22T21:10:07.745-306470-818981,787,true,0.40321294677688974,2,645.0493335925205,1.0,0.0020000000000000018
2026-03-22T21:10:07.745-306470-818981,991,false,2.6586106948657435,2,645.0493335925205,1.0,1.0
2026-03-22T21:10:07.745-306470-818981,778,false,2.4307051014661836,2,645.0493335925205,1.0,1.0
2026-03-22T21:10:07.745-306470-818981,812,false,17.6514482091894,2,645.0493335925205,1.0,1.0
2026-03-22T21:10:07.745-306470-818981,875,false,7.969210778024255,2,645.0493335925205,1.0,1.0
2026-03-22T21:10:07.745-306470-818981,421,false,0.12008858538897693,2,645.0493335925205,1.0,1.0
2026-03-22T21:10:07.745-306470-818981,928,false,0.3361715159391615,2,645.0493335925205,1.0,1.0
2026-03-22T21:10:07.745-306470-818981,786,true,2.9088567789738997,2,642.1404768135466,1.0,0.03700000000000003
2026-03-22T21:10:07.745-306470-818981,111,false,1.9777600701257851,2,642.1404768135466,1.0,1.0
2026-03-22T21:10:07.745-306470-818981,334,true,75.55138600401311,2,566.5890908095334,1.0,0.0
2026-03-22T21:10:07.745-306470-818981,775,false,4.548648854185988,2,566.5890908095334,1.0,1.0
2026-03-22T21:10:07.745-306470-818981,60,false,10.357140109420689,2,566.5890908095334,1.0,1.0
2026-03-22T21:10:07.745-306470-818981,213,false,2.6741927807881103,2,566.5890908095334,1.0,1.0
2026-03-22T21:10:07.745-306470-818981,861,false,6.659165150966899,2,566.5890908095334,1.0,1.0
2026-03-22T21:10:07.745-306470-818981,217,false,3.2905275582086038,2,566.5890908095334,1.0,1.0
2026-03-22T21:10:07.745-306470-818981,480,false,0.36327515516135184,2,566.5890908095334,1.0,1.0
2026-03-22T21:10:07.745-306470-818981,199,false,1.3283030158310334,2,566.5890908095334,1.0,1.0
2026-03-22T21:10:07.745-306470-818981,109,false,26.068164709130368,2,566.5890908095334,1.0,1.0
2026-03-22T21:10:07.745-306470-818981,386,false,0.19614331408923752,2,566.5890908095334,1.0,1.0
2026-03-22T21:10:07.745-306470-818981,90,true,0.23143026678480816,2,566.3576605427486,1.0,0.028000000000000025
2026-03-22T21:10:07.745-306470-818981,809,false,18.294203073861453,2,566.3576605427486,1.0,1.0
2026-03-22T21:10:07.745-306470-818981,674,false,0.17737833420804636,2,566.3576605427486,1.0,1.0
2026-03-22T21:10:07.745-306470-818981,551,false,0.5623048452335656,2,566.3576605427486,1.0,1.0
2026-03-22T21:10:07.745-306470-818981,986,true,0.36403196262857884,2,565.99362858012,1.0,0.84
2026-03-22T21:10:07.745-306470-818981,682,false,1.1785670375668245,2,565.99362858012,1.0,1.0
2026-03-22T21:10:07.745-306470-818981,664,false,0.04050248273495601,2,565.99362858012,1.0,1.0
2026-03-22T21:10:07.745-306470-818981,727,false,1.1204082481203061,2,565.99362858012,1.0,1.0
2026-03-22T21:10:07.745-306470-818981,373,false,7.639331817631423,2,565.99362858012,1.0,1.0
2026-03-22T21:10:07.745-306470-818981,16,false,8.330504618428591,2,565.99362858012,1.0,1.0
2026-03-22T21:10:07.745-306470-818981,828,false,0.39307623735580344,2,565.99362858012,1.0,1.0
2026-03-22T21:10:07.745-306470-818981,603,true,3.839356778616693,2,562.1542718015033,1.0,0.7
2026-03-22T21:10:07.745-306470-818981,583,false,0.47255342084547347,2,562.1542718015033,1.0,1.0
2026-03-22T21:10:07.745-306470-818981,685,false,1.1797255678877767,2,562.1542718015033,1.0,1.0
2026-03-22T21:10:07.745-306470-818981,657,false,0.5431202430252028,2,562.1542718015033,1.0,1.0
2026-03-22T21:10:07.745-306470-818981,735,false,1.8118306498799317,2,562.1542718015033,1.0,1.0
2026-03-22T21:10:07.745-306470-818981,822,false,6.965147211178522,2,562.1542718015033,1.0,1.0
2026-03-22T21:10:07.745-306470-818981,246,false,0.4298796783026876,2,562.1542718015033,1.0,1.0
2026-03-22T21:10:07.745-306470-818981,789,false,0.05064122161378792,2,562.1542718015033,1.0,1.0
2026-03-22T21:10:07.745-306470-818981,879,false,5.961579788346774,2,562.1542718015033,1.0,1.0
2026-03-22T21:10:07.745-306470-818981,968,false,10.487062002740053,2,562.1542718015033,1.0,1.0
2026-03-22T21:10:07.745-306470-818981,42,false,0.1316142715962861,2,562.1542718015033,1.0,1.0
2026-03-22T21:10:07.745-306470-818981,871,false,2.431989121827234,2,562.1542718015033,1.0,1.0
2026-03-22T21:10:07.745-306470-818981,890,true,0.837679030208071,2,561.3165927712953,1.0,0.708
2026-03-22T21:10:07.745-306470-818981,450,false,0.1475266996395015,2,561.3165927712953,1.0,1.0
2026-03-22T21:10:07.745-306470-818981,489,false,4.751605922822709,2,561.3165927712953,1.0,1.0
2026-03-22T21:10:07.745-306470-818981,539,true,12.109236039343237,2,549.207356731952,1.0,0.7110000000000001
2026-03-22T21:10:07.745-306470-818981,206,false,0.27705150962198616,2,549.207356731952,1.0,1.0
2026-03-22T21:10:07.745-306470-818981,51,true,130.55894041465842,2,418.6484163172936,1.0,0.6719999999999999
2026-03-22T21:10:07.745-306470-818981,961,true,28.27964431987213,2,390.36877199742145,1.0,0.739
2026-03-22T21:10:07.745-306470-818981,93,true,0.3241540922357982,2,390.04461790518565,1.0,0.696
2026-03-22T21:10:07.745-306470-818981,940,false,3.0392399652256987,2,390.04461790518565,1.0,1.0
2026-03-22T21:10:07.745-306470-818981,847,false,0.1285905610397327,2,390.04461790518565,1.0,1.0
2026-03-22T21:10:07.745-306470-818981,819,false,17.378061756591084,2,390.04461790518565,1.0,1.0
2026-03-22T21:10:07.745-306470-818981,816,false,11.959006375859996,2,390.04461790518565,1.0,1.0
2026-03-22T21:10:07.745-306470-818981,767,false,12.108321789353884,2,390.04461790518565,1.0,1.0
2026-03-22T21:10:07.745-306470-818981,346,true,2.609275173272096,2,387.4353427319135,1.0,0.0
2026-03-22T21:10:07.745-306470-818981,29,false,0.31399940240457863,2,387.4353427319135,1.0,1.0
2026-03-22T21:10:07.745-306470-818981,766,false,0.14418700430507822,2,387.4353427319135,1.0,1.0
2026-03-22T21:10:07.745-306470-818981,799,true,31.10985782103056,2,356.32548491088295,1.0,0.0
2026-03-22T21:10:07.745-306470-818981,312,true,14.287608619976421,2,342.0378762909065,1.0,0.16600000000000004
2026-03-22T21:10:07.745-306470-818981,647,true,366.1899320062711,2,-24.152055715364554,1.0,0.631
2026-03-22T21:10:07.745-705391-59075,564,false,81.54046986885098,1,4026.68520880417,1.0,1.0
2026-03-22T21:10:07.745-705391-59075,585,true,0.4008496655351925,1,4026.284359138635,1.0,0.853
2026-03-22T21:10:07.745-705391-59075,548,false,0.08005758990988299,1,4026.284359138635,1.0,1.0
2026-03-22T21:10:07.745-705391-59075,731,false,1.1137209806628716,1,4026.284359138635,1.0,1.0
2026-03-22T21:10:07.745-705391-59075,133,false,47.73140704842661,1,4026.284359138635,1.0,1.0
2026-03-22T21:10:07.745-705391-59075,520,false,10.322774045923959,1,4026.284359138635,1.0,1.0
2026-03-22T21:10:07.745-705391-59075,461,false,1.08534678977286,1,4026.284359138635,1.0,1.0
2026-03-22T21:10:07.745-705391-59075,874,false,25.35762673448201,1,4026.284359138635,1.0,1.0
2026-03-22T21:10:07.745-705391-59075,136,false,0.2821953743279373,1,4026.284359138635,1.0,1.0
2026-03-22T21:10:07.745-705391-59075,346,false,0.5001444615036272,1,4026.284359138635,1.0,1.0
2026-03-22T21:10:07.745-705391-59075,234,true,47.154121862049614,1,3979.1302372765854,1.0,0.9339999999999999
2026-03-22T21:10:07.745-705391-59075,952,false,4.312026994102476,1,3979.1302372765854,1.0,1.0
2026-03-22T21:10:07.745-705391-59075,272,false,0.3689128905940395,1,3979.1302372765854,1.0,1.0
2026-03-22T21:10:07.745-705391-59075,502,false,0.21910752417337406,1,3979.1302372765854,1.0,1.0
2026-03-22T21:10:07.745-705391-59075,438,false,16.156112085660883,1,3979.1302372765854,1.0,1.0
2026-03-22T21:10:07.745-705391-59075,296,false,4.855178922813361,1,3979.1302372765854,1.0,1.0
2026-03-22T21:10:07.745-705391-59075,768,false,0.05121282886818905,1,3979.1302372765854,1.0,1.0
2026-03-22T21:10:07.745-705391-59075,708,false,1.4262145443993355,1,3979.1302372765854,1.0,1.0
2026-03-22T21:10:07.745-705391-59075,249,false,0.07938138277058072,1,3979.1302372765854,1.0,1.0
2026-03-22T21:10:07.745-705391-59075,928,false,5.856659157946014,1,3979.1302372765854,1.0,1.0
2026-03-22T21:10:07.745-705391-59075,873,false,1.6366905165633518,1,3979.1302372765854,1.0,1.0
2026-03-22T21:10:07.745-705391-59075,358,false,10.237154560045376,1,3979.1302372765854,1.0,1.0
2026-03-22T21:10:07.745-705391-59075,641,true,32.38376917191951,1,3946.746468104666,1.0,0.685
2026-03-22T21:10:07.745-705391-59075,312,true,11.861556838198577,1,3934.884911266467,1.0,0.928
2026-03-22T21:10:07.745-705391-59075,936,false,0.3029364839926084,1,3934.884911266467,1.0,1.0
2026-03-22T21:10:07.745-705391-59075,335,true,1.2865422292277733,1,3933.598369037239,1.0,0.6970000000000001
2026-03-22T21:10:07.745-705391-59075,363,false,6.787843129745291,1,3933.598369037239,1.0,1.0
2026-03-22T21:10:07.745-705391-59075,677,false,34.13270641472483,1,3933.598369037239,1.0,1.0
2026-03-22T21:10:07.745-705391-59075,150,false,2.8192058184040603,1,3933.598369037239,1.0,1.0
2026-03-22T21:10:07.745-705391-59075,142,false,7.534283353306548,1,3933.598369037239,1.0,1.0
2026-03-22T21:10:07.745-705391-59075,117,false,1.3706110720322968,1,3933.598369037239,1.0,1.0
2026-03-22T21:10:07.745-705391-59075,586,false,0.16514595776901908,1,3933.598369037239,1.0,1.0
2026-03-22T21:10:07.745-705391-59075,135,false,0.32390122685375367,1,3933.598369037239,1.0,1.0
2026-03-22T21:10:07.745-705391-59075,771,false,3.3252845588224904,1,3933.598369037239,1.0,1.0
2026-03-22T21:10:07.745-705391-59075,273,false,19.588930414889916,1,3933.598369037239,1.0,1.0
2026-03-22T21:10:07.745-705391-59075,482,false,25.11472811434918,1,3933.598369037239,1.0,1.0
2026-03-22T21:10:07.745-705391-59075,84,false,12.67755175768424,1,3933.598369037239,1.0,1.0
2026-03-22T21:10:07.745-705391-59075,383,false,3.742404683416628,1,3933.598369037239,1.0,1.0
2026-03-22T21:10:07.745-705391-59075,149,false,8.677569394295245,1,3933.598369037239,1.0,1.0
2026-03-22T21:10:07.745-705391-59075,685,false,5.6780470117530495,1,3933.598369037239,1.0,1.0
2026-03-22T21:10:07.745-705391-59075,173,false,0.7181792522544402,1,3933.598369037239,1.0,1.0
2026-03-22T21:10:07.745-705391-59075,754,false,0.32083011912747234,1,3933.598369037239,1.0,1.0
2026-03-22T21:10:07.745-705391-59075,109,false,22.38614626683396,1,3933.598369037239,1.0,1.0
2026-03-22T21:10:07.745-705391-59075,305,false,2.9258512149568032,1,3933.598369037239,1.0,1.0
2026-03-22T21:10:07.745-705391-59075,202,false,2.5614687797113977,1,3933.598369037239,1.0,1.0
2026-03-22T21:10:07.745-705391-59075,649,false,23.48602079670801,1,3933.598369037239,1.0,1.0
2026-03-22T21:10:07.745-705391-59075,328,false,1.350581687489538,1,3933.598369037239,1.0,1.0
2026-03-22T21:10:07.745-705391-59075,211,false,0.621961997381977,1,3933.598369037239,1.0,1.0
2026-03-22T21:10:07.745-705391-59075,294,false,112.99418851125843,1,3933.598369037239,1.0,1.0
2026-03-22T21:10:07.745-705391-59075,908,false,0.48631586315328623,1,3933.598369037239,1.0,1.0
2026-03-22T21:10:07.745-705391-59075,993,false,0.1545224647278,1,3933.598369037239,1.0,1.0
2026-03-22T21:10:07.745-705391-59075,514,false,0.1315036921861316,1,3933.598369037239,1.0,1.0
2026-03-22T21:10:07.745-705391-59075,342,false,0.6202467495073115,1,3933.598369037239,1.0,1.0
2026-03-22T21:10:07.745-705391-59075,646,false,2.6130983485347286,1,3933.598369037239,1.0,1.0
2026-03-22T21:10:07.745-705391-59075,2,false,4.929503358732801,1,3933.598369037239,1.0,1.0
2026-03-22T21:10:07.745-705391-59075,698,false,8.07499668187817,1,3933.598369037239,1.0,1.0
2026-03-22T21:10:07.745-705391-59075,905,false,0.7649355100544734,1,3933.598369037239,1.0,1.0
2026-03-22T21:10:07.745-705391-59075,693,false,1.6077857168207828,1,3933.598369037239,1.0,1.0
2026-03-22T21:10:07.745-705391-59075,283,false,66.18792913634974,1,3933.598369037239,1.0,1.0
2026-03-22T21:10:07.745-705391-59075,463,false,6.741404147007978,1,3933.598369037239,1.0,1.0
2026-03-22T21:10:07.745-705391-59075,243,false,11.54780287532133,1,3933.598369037239,1.0,1.0
2026-03-22T21:10:07.745-705391-59075,16,false,32.48146661342596,1,3933.598369037239,1.0,1.0
2026-03-22T21:10:07.745-705391-59075,1000,false,3.887490649058654,1,3933.598369037239,1.0,1.0
2026-03-22T21:10:07.745-705391-59075,376,false,0.058011716858659974,1,3933.598369037239,1.0,1.0
2026-03-22T21:10:07.745-705391-59075,261,false,203.8397960736547,1,3933.598369037239,1.0,1.0
2026-03-22T21:10:07.745-705391-59075,578,false,17.829567919586474,1,3933.598369037239,1.0,1.0
2026-03-22T21:10:07.745-705391-59075,462,false,4.5768851432343745,1,3933.598369037239,1.0,1.0
2026-03-22T21:10:07.745-705391-59075,247,false,2.434005694498513,1,3933.598369037239,1.0,1.0
2026-03-22T21:10:07.745-705391-59075,441,false,0.7790468018432034,1,3933.598369037239,1.0,1.0
2026-03-22T21:10:07.745-705391-59075,73,false,15.967538140425273,1,3933.598369037239,1.0,1.0
2026-03-22T21:10:07.745-705391-59075,550,false,16.35189291808195,1,3933.598369037239,1.0,1.0
2026-03-22T21:10:07.745-705391-59075,175,false,6.485573739790171,1,3933.598369037239,1.0,1.0
2026-03-22T21:10:07.745-705391-59075,192,false,0.4960229058295362,1,3933.598369037239,1.0,1.0
2026-03-22T21:10:07.745-705391-59075,846,false,9.114187904343478,1,3933.598369037239,1.0,1.0
2026-03-22T21:10:07.745-705391-59075,125,false,0.1790615442628847,1,3933.598369037239,1.0,1.0
2026-03-22T21:10:07.745-705391-59075,246,false,1.286228495518437,1,3933.598369037239,1.0,1.0
2026-03-22T21:10:07.745-705391-59075,494,true,1020.8571526357057,1,2912.741216401533,1.0,0.31999999999999995
2026-03-22T21:10:07.745-705391-59075,159,false,2.6210350632590202,1,2912.741216401533,1.0,1.0
2026-03-22T21:10:07.745-705391-59075,6,false,16.34352531768148,1,2912.741216401533,1.0,1.0
2026-03-22T21:10:07.745-705391-59075,721,false,0.10925871857676396,1,2912.741216401533,1.0,1.0
2026-03-22T21:10:07.745-705391-59075,337,true,1.4662923792693878,1,2911.274924022264,1.0,0.6970000000000001
2026-03-22T21:10:07.745-705391-59075,485,false,1.2783922303249202,1,2911.274924022264,1.0,1.0
2026-03-22T21:10:07.745-705391-59075,403,false,18.881035761588272,1,2911.274924022264,1.0,1.0
2026-03-22T21:10:07.745-705391-59075,859,false,1.73283551357954,1,2911.274924022264,1.0,1.0
2026-03-22T21:10:07.745-705391-59075,349,false,1.8875848167168152,1,2911.274924022264,1.0,1.0
2026-03-22T21:10:07.745-705391-59075,60,false,2.005769316020363,1,2911.274924022264,1.0,1.0
2026-03-22T21:10:07.745-705391-59075,894,false,0.7882880832752737,1,2911.274924022264,1.0,1.0
2026-03-22T21:10:07.745-705391-59075,999,false,3.7775031152107714,1,2911.274924022264,1.0,1.0
2026-03-22T21:10:07.745-705391-59075,89,false,96.28128504029111,1,2911.274924022264,1.0,1.0
2026-03-22T21:10:07.745-705391-59075,130,false,0.48509957502778833,1,2911.274924022264,1.0,1.0
2026-03-22T21:10:07.745-705391-59075,934,false,0.007096822000976472,1,2911.274924022264,1.0,1.0
2026-03-22T21:10:07.745-705391-59075,997,false,0.8314983865048666,1,2911.274924022264,1.0,1.0
2026-03-22T21:10:07.745-705391-59075,643,true,0.667471645643324,1,2910.6074523766206,1.0,0.925
2026-03-22T21:10:07.745-705391-59075,214,false,3.8876948796416233,1,2910.6074523766206,1.0,1.0
2026-03-22T21:10:07.745-705391-59075,697,false,2.709862345215616,1,2910.6074523766206,1.0,1.0
2026-03-22T21:10:07.745-705391-59075,817,false,0.2891691968241543,1,2910.6074523766206,1.0,1.0
2026-03-22T21:10:07.745-705391-59075,382,false,299.00840064612714,1,2910.6074523766206,1.0,1.0
2026-03-22T21:10:07.745-705391-59075,300,false,0.06273962160624028,1,2910.6074523766206,1.0,1.0
2026-03-22T21:10:07.745-705391-59075,99,false,13.984741621128249,1,2910.6074523766206,1.0,1.0
2026-03-22T21:10:07.745-705391-59075,391,false,0.08811934226962224,1,2910.6074523766206,1.0,1.0
2026-03-22T21:10:07.745-705391-59075,505,false,0.3428680340133247,1,2910.6074523766206,1.0,1.0
2026-03-22T21:10:07.745-705391-59075,152,false,6.300714868000377,1,2910.6074523766206,1.0,1.0
2026-03-22T21:10:07.745-705391-59075,538,false,0.43282234878772324,1,2910.6074523766206,1.0,1.0
2026-03-22T21:10:07.745-705391-59075,218,false,60.351321800979136,1,2910.6074523766206,1.0,1.0
2026-03-22T21:10:07.745-705391-59075,959,false,2.924618204325779,1,2910.6074523766206,1.0,1.0
2026-03-22T21:10:07.745-705391-59075,511,false,1.462366328173537,1,2910.6074523766206,1.0,1.0
2026-03-22T21:10:07.745-705391-59075,263,false,9.217302847751737,1,2910.6074523766206,1.0,1.0
2026-03-22T21:10:07.745-705391-59075,661,false,1.0684820007500435,1,2910.6074523766206,1.0,1.0
2026-03-22T21:10:07.745-705391-59075,865,false,0.5447497573560545,1,2910.6074523766206,1.0,1.0
2026-03-22T21:10:07.745-705391-59075,486,false,10.515150925694332,1,2910.6074523766206,1.0,1.0
2026-03-22T21:10:07.745-705391-59075,609,false,0.2311181658507372,1,2910.6074523766206,1.0,1.0
2026-03-22T21:10:07.745-705391-59075,680,false,0.6537951573227191,1,2910.6074523766206,1.0,1.0
2026-03-22T21:10:07.745-705391-59075,70,false,4.787017607196713,1,2910.6074523766206,1.0,1.0
2026-03-22T21:10:07.745-705391-59075,652,false,42.872804421347695,1,2910.6074523766206,1.0,1.0
2026-03-22T21:10:07.745-705391-59075,88,true,5.448731167044563,1,2905.158721209576,1.0,0.855
2026-03-22T21:10:07.745-705391-59075,667,false,30.79337091059363,1,2905.158721209576,1.0,1.0
2026-03-22T21:10:07.745-705391-59075,775,false,0.22150495359748448,1,2905.158721209576,1.0,1.0
2026-03-22T21:10:07.745-705391-59075,183,false,1.6447601512828236,1,2905.158721209576,1.0,1.0
2026-03-22T21:10:07.745-705391-59075,14,false,1.8715083349030166,1,2905.158721209576,1.0,1.0
2026-03-22T21:10:07.745-705391-59075,33,false,6.326697165219337,1,2905.158721209576,1.0,1.0
2026-03-22T21:10:07.745-705391-59075,681,false,2.715494588732909,1,2905.158721209576,1.0,1.0
2026-03-22T21:10:07.745-705391-59075,78,false,0.028797418133028326,1,2905.158721209576,1.0,1.0
2026-03-22T21:10:07.745-705391-59075,797,true,0.46206685204525955,1,2904.696654357531,1.0,0.7150000000000001
2026-03-22T21:10:07.745-705391-59075,160,false,0.5135469057890681,1,2904.696654357531,1.0,1.0
2026-03-22T21:10:07.745-705391-59075,13,false,692.2084317802942,1,2904.696654357531,1.0,1.0
2026-03-22T21:10:07.745-705391-59075,957,false,0.6142416188022196,1,2904.696654357531,1.0,1.0
2026-03-22T21:10:07.745-705391-59075,632,false,0.29698368226545074,1,2904.696654357531,1.0,1.0
2026-03-22T21:10:07.745-705391-59075,920,false,0.09209507866432091,1,2904.696654357531,1.0,1.0
2026-03-22T21:10:07.745-705391-59075,416,false,0.5424647101330629,1,2904.696654357531,1.0,1.0
2026-03-22T21:10:07.745-705391-59075,927,false,9.921809597094336,1,2904.696654357531,1.0,1.0
2026-03-22T21:10:07.745-705391-59075,996,false,12.755798902525141,1,2904.696654357531,1.0,1.0
2026-03-22T21:10:07.745-705391-59075,362,false,32.015273755784186,1,2904.696654357531,1.0,1.0
2026-03-22T21:10:07.745-705391-59075,224,false,256.4639769962439,1,2904.696654357531,1.0,1.0
2026-03-22T21:10:07.745-705391-59075,942,false,11.599189345820976,1,2904.696654357531,1.0,1.0
2026-03-22T21:10:07.745-705391-59075,43,false,0.8698448689844943,1,2904.696654357531,1.0,1.0
2026-03-22T21:10:07.745-705391-59075,968,false,16.207358957804168,1,2904.696654357531,1.0,1.0
2026-03-22T21:10:07.745-705391-59075,115,false,2.1167816187586097,1,2904.696654357531,1.0,1.0
2026-03-22T21:10:07.745-705391-59075,124,false,0.419785617601962,1,2904.696654357531,1.0,1.0
2026-03-22T21:10:07.745-705391-59075,103,false,6.981699054519706,1,2904.696654357531,1.0,1.0
2026-03-22T21:10:07.745-705391-59075,662,false,68.29993060218092,1,2904.696654357531,1.0,1.0
2026-03-22T21:10:07.745-705391-59075,556,false,2.9834533595038124,1,2904.696654357531,1.0,1.0
2026-03-22T21:10:07.745-705391-59075,449,false,8.919324324298799,1,2904.696654357531,1.0,1.0
2026-03-22T21:10:07.745-705391-59075,50,false,12.071410018735776,1,2904.696654357531,1.0,1.0
2026-03-22T21:10:07.745-705391-59075,604,false,0.07375511802427435,1,2904.696654357531,1.0,1.0
2026-03-22T21:10:07.745-705391-59075,54,false,0.7703630639468677,1,2904.696654357531,1.0,1.0
2026-03-22T21:10:07.745-705391-59075,904,false,1.0226174415233098,1,2904.696654357531,1.0,1.0
2026-03-22T21:10:07.745-705391-59075,601,false,37.10926947410101,1,2904.696654357531,1.0,1.0
2026-03-22T21:10:07.745-705391-59075,799,true,17.79894320560212,1,2886.897711151929,1.0,0.019000000000000017
2026-03-22T21:10:07.745-705391-59075,67,false,10.875458038248189,1,2886.897711151929,1.0,1.0
2026-03-22T21:10:07.745-705391-59075,493,true,16.32710163038801,1,2870.570609521541,1.0,0.0
2026-03-22T21:10:07.745-705391-59075,433,false,1.026381735590014,1,2870.570609521541,1.0,1.0
2026-03-22T21:10:07.745-705391-59075,329,false,0.09276595937434375,1,2870.570609521541,1.0,1.0
2026-03-22T21:10:07.745-705391-59075,232,true,5.959537967209211,1,2864.611071554332,1.0,0.0
2026-03-22T21:10:07.745-705391-59075,408,false,0.8874417940964936,1,2864.611071554332,1.0,1.0
2026-03-22T21:10:07.745-705391-59075,72,false,0.09012510691296881,1,2864.611071554332,1.0,1.0
2026-03-22T21:10:07.745-705391-59075,477,false,0.1128708548335929,1,2864.611071554332,1.0,1.0
2026-03-22T21:10:07.745-705391-59075,364,false,0.8858721986548278,1,2864.611071554332,1.0,1.0
2026-03-22T21:10:07.745-705391-59075,148,true,1.3582026209237192,1,2863.252868933408,1.0,0.962
2026-03-22T21:10:07.745-705391-59075,795,true,5.498839840810027,1,2857.754029092598,1.0,0.0010000000000000009
2026-03-22T21:10:07.745-705391-59075,668,false,3.3210121096341036,1,2857.754029092598,1.0,1.0
2026-03-22T21:10:07.745-705391-59075,610,false,9.92958990052836,1,2857.754029092598,1.0,1.0
2026-03-22T21:10:07.745-705391-59075,719,false,2.79545727329066,1,2857.754029092598,1.0,1.0
2026-03-22T21:10:07.745-705391-59075,818,false,6.375993496080675,1,2857.754029092598,1.0,1.0
2026-03-22T21:10:07.745-705391-59075,369,false,1.1518401759583907,1,2857.754029092598,1.0,1.0
2026-03-22T21:10:07.745-705391-59075,574,false,0.6367354613916949,1,2857.754029092598,1.0,1.0
2026-03-22T21:10:07.745-705391-59075,565,false,0.4492322018391292,1,2857.754029092598,1.0,1.0
2026-03-22T21:10:07.745-705391-59075,582,true,0.6689568352778574,1,2857.0850722573205,1.0,0.87
2026-03-22T21:10:07.745-705391-59075,810,false,0.01714237613336699,1,2857.0850722573205,1.0,1.0
2026-03-22T21:10:07.745-705391-59075,134,false,145.4875896884481,1,2857.0850722573205,1.0,1.0
2026-03-22T21:10:07.745-705391-59075,68,false,0.03606662116538796,1,2857.0850722573205,1.0,1.0
2026-03-22T21:10:07.745-705391-59075,730,false,4.166114528767926,1,2857.0850722573205,1.0,1.0
2026-03-22T21:10:07.745-705391-59075,469,false,0.1383380775879653,1,2857.0850722573205,1.0,1.0
2026-03-22T21:10:07.745-705391-59075,189,false,0.3851920614042378,1,2857.0850722573205,1.0,1.0
2026-03-22T21:10:07.745-705391-59075,258,false,1.3466383749155446,1,2857.0850722573205,1.0,1.0
2026-03-22T21:10:07.745-705391-59075,399,false,3.457405009172285,1,2857.0850722573205,1.0,1.0
2026-03-22T21:10:07.745-705391-59075,875,true,0.9698057568565885,1,2856.115266500464,1.0,0.723
2026-03-22T21:10:07.745-705391-59075,512,false,1.9130726206441986,1,2856.115266500464,1.0,1.0
2026-03-22T21:10:07.745-705391-59075,915,false,31.791887634963707,1,2856.115266500464,1.0,1.0
2026-03-22T21:10:07.745-705391-59075,688,false,0.12059079638521643,1,2856.115266500464,1.0,1.0
2026-03-22T21:10:07.745-705391-59075,979,false,6.422436581110646,1,2856.115266500464,1.0,1.0
2026-03-22T21:10:07.745-705391-59075,11,false,2.126166649408002,1,2856.115266500464,1.0,1.0
2026-03-22T21:10:07.745-705391-59075,271,false,5.837615714426172,1,2856.115266500464,1.0,1.0
2026-03-22T21:10:07.745-705391-59075,629,false,4.6189916118201415,1,2856.115266500464,1.0,1.0
2026-03-22T21:10:07.745-705391-59075,444,false,0.1571131779473026,1,2856.115266500464,1.0,1.0
2026-03-22T21:10:07.745-705391-59075,526,false,3.523654674334309,1,2856.115266500464,1.0,1.0
2026-03-22T21:10:07.745-705391-59075,732,false,0.12960871720093828,1,2856.115266500464,1.0,1.0
2026-03-22T21:10:07.745-705391-59075,259,false,0.2379764359793248,1,2856.115266500464,1.0,1.0
2026-03-22T21:10:07.745-705391-59075,606,false,10.642055664298422,1,2856.115266500464,1.0,1.0
2026-03-22T21:10:07.745-705391-59075,966,false,3.173597302362691,1,2856.115266500464,1.0,1.0
2026-03-22T21:10:07.745-705391-59075,497,true,3.6989991332902505,1,2852.4162673671735,1.0,0.31499999999999995
2026-03-22T21:10:07.745-705391-59075,695,false,0.345276736900684,1,2852.4162673671735,1.0,1.0
2026-03-22T21:10:07.745-705391-59075,551,false,0.3445428731772904,1,2852.4162673671735,1.0,1.0
2026-03-22T21:10:07.745-705391-59075,365,false,6.936500779413696,1,2852.4162673671735,1.0,1.0
2026-03-22T21:10:07.745-705391-59075,858,false,16.67220529443344,1,2852.4162673671735,1.0,1.0
2026-03-22T21:10:07.745-705391-59075,456,false,4.637946039326263,1,2852.4162673671735,1.0,1.0
2026-03-22T21:10:07.745-705391-59075,956,false,132.95042693984726,1,2852.4162673671735,1.0,1.0
2026-03-22T21:10:07.745-705391-59075,191,false,10.485205469266427,1,2852.4162673671735,1.0,1.0
2026-03-22T21:10:07.745-705391-59075,924,false,19.729885475883602,1,2852.4162673671735,1.0,1.0
2026-03-22T21:10:07.745-705391-59075,672,false,1.361992601860068,1,2852.4162673671735,1.0,1.0
2026-03-22T21:10:07.745-705391-59075,562,false,1.028040907256136,1,2852.4162673671735,1.0,1.0
2026-03-22T21:10:07.745-705391-59075,443,false,1.7801782771867347,1,2852.4162673671735,1.0,1.0
2026-03-22T21:10:07.745-705391-59075,319,false,3.6636899049077454,1,2852.4162673671735,1.0,1.0
2026-03-22T21:10:07.745-705391-59075,145,true,123.72511456893265,1,2728.691152798241,1.0,0.663
2026-03-22T21:10:07.745-705391-59075,794,true,121.10201714462838,1,2607.5891356536126,1.0,0.0
2026-03-22T21:10:07.745-705391-59075,781,false,46.592005853464,1,2607.5891356536126,1.0,1.0
2026-03-22T21:10:07.745-705391-59075,916,false,4.897607324552943,1,2607.5891356536126,1.0,1.0
2026-03-22T21:10:07.745-705391-59075,567,false,0.5577316860823651,1,2607.5891356536126,1.0,1.0
2026-03-22T21:10:07.745-705391-59075,978,false,7.875118404709419,1,2607.5891356536126,1.0,1.0
2026-03-22T21:10:07.745-705391-59075,370,false,0.455275066291987,1,2607.5891356536126,1.0,1.0
2026-03-22T21:10:07.745-705391-59075,244,true,5.4649753577808395,1,2602.1241602958316,1.0,0.976
2026-03-22T21:10:07.745-705391-59075,428,false,0.2359587975881567,1,2602.1241602958316,1.0,1.0
2026-03-22T21:10:07.745-705391-59075,468,false,19.615594855560193,1,2602.1241602958316,1.0,1.0
2026-03-22T21:10:07.745-705391-59075,864,false,0.32418553911402415,1,2602.1241602958316,1.0,1.0
2026-03-22T21:10:07.745-705391-59075,625,false,7.753171669860294,1,2602.1241602958316,1.0,1.0
2026-03-22T21:10:07.745-705391-59075,909,false,2.3498617800041024,1,2602.1241602958316,1.0,1.0
2026-03-22T21:10:07.745-705391-59075,409,false,4.576995547516114,1,2602.1241602958316,1.0,1.0
2026-03-22T21:10:07.745-705391-59075,367,false,3.1798947218385227,1,2602.1241602958316,1.0,1.0
2026-03-22T21:10:07.745-705391-59075,844,false,5.040749897462861,1,2602.1241602958316,1.0,1.0
2026-03-22T21:10:07.745-705391-59075,490,true,2.6861999315070095,1,2599.4379603643247,1.0,0.018000000000000016
2026-03-22T21:10:07.745-705391-59075,827,false,3.2922046727537744,1,2599.4379603643247,1.0,1.0
2026-03-22T21:10:07.745-705391-59075,226,false,0.2898548045410527,1,2599.4379603643247,1.0,1.0
2026-03-22T21:10:07.745-705391-59075,458,false,8.003880760172933,1,2599.4379603643247,1.0,1.0
2026-03-22T21:10:07.745-705391-59075,387,false,5.789493444050574,1,2599.4379603643247,1.0,1.0
2026-03-22T21:10:07.745-705391-59075,764,false,2.370592721823537,1,2599.4379603643247,1.0,1.0
2026-03-22T21:10:07.745-705391-59075,973,false,36.935968713396555,1,2599.4379603643247,1.0,1.0
2026-03-22T21:10:07.745-705391-59075,452,false,1.2318222398012013,1,2599.4379603643247,1.0,1.0
2026-03-22T21:10:07.745-705391-59075,658,false,0.19562004430843122,1,2599.4379603643247,1.0,1.0
2026-03-22T21:10:07.745-705391-59075,961,false,4.044524521613997,1,2599.4379603643247,1.0,1.0
2026-03-22T21:10:07.745-705391-59075,950,false,0.2906942194386634,1,2599.4379603643247,1.0,1.0
2026-03-22T21:10:07.745-705391-59075,648,false,89.55305032658376,1,2599.4379603643247,1.0,1.0
2026-03-22T21:10:07.745-705391-59075,331,false,0.20708443366499946,1,2599.4379603643247,1.0,1.0
2026-03-22T21:10:07.745-705391-59075,378,false,3.9873656031603377,1,2599.4379603643247,1.0,1.0
2026-03-22T21:10:07.745-705391-59075,580,true,0.6216487695721509,1,2598.8163115947527,1.0,0.721
2026-03-22T21:10:07.745-705391-59075,344,false,0.6494037991583756,1,2598.8163115947527,1.0,1.0
2026-03-22T21:10:07.745-705391-59075,806,false,4.802534303235588,1,2598.8163115947527,1.0,1.0
2026-03-22T21:10:07.745-705391-59075,19,false,16.145256334111185,1,2598.8163115947527,1.0,1.0
2026-03-22T21:10:07.745-705391-59075,579,true,10.291975563740372,1,2588.5243360310124,1.0,0.0010000000000000009
2026-03-22T21:10:07.745-705391-59075,8,false,14.541265641952771,1,2588.5243360310124,1.0,1.0
2026-03-22T21:10:07.745-705391-59075,612,false,2.2819867956964317,1,2588.5243360310124,1.0,1.0
2026-03-22T21:10:07.745-705391-59075,811,false,12.929996956154271,1,2588.5243360310124,1.0,1.0
2026-03-22T21:10:07.745-705391-59075,12,false,1.6385076729832933,1,2588.5243360310124,1.0,1.0
2026-03-22T21:10:07.745-705391-59075,162,false,1.7833729264413738,1,2588.5243360310124,1.0,1.0
2026-03-22T21:10:07.745-705391-59075,949,false,0.07600120789018865,1,2588.5243360310124,1.0,1.0
2026-03-22T21:10:07.745-705391-59075,575,false,1.1033160979637278,1,2588.5243360310124,1.0,1.0
2026-03-22T21:10:07.745-705391-59075,79,false,2.087761799341929,1,2588.5243360310124,1.0,1.0
2026-03-22T21:10:07.745-705391-59075,975,false,0.22843466922010006,1,2588.5243360310124,1.0,1.0
2026-03-22T21:10:07.745-705391-59075,479,false,3.420013623612523,1,2588.5243360310124,1.0,1.0
2026-03-22T21:10:07.745-705391-59075,460,false,2.4553073831541,1,2588.5243360310124,1.0,1.0
2026-03-22T21:10:07.745-705391-59075,280,false,1.5990784061136802,1,2588.5243360310124,1.0,1.0
2026-03-22T21:10:07.745-705391-59075,994,false,9.420214557680847,1,2588.5243360310124,1.0,1.0
2026-03-22T21:10:07.745-705391-59075,891,false,6.636122360533035,1,2588.5243360310124,1.0,1.0
2026-03-22T21:10:07.745-705391-59075,193,false,4.339040221827739,1,2588.5243360310124,1.0,1.0
2026-03-22T21:10:07.745-705391-59075,991,false,99.17049944095847,1,2588.5243360310124,1.0,1.0
2026-03-22T21:10:07.745-705391-59075,958,false,1.5089648299279248,1,2588.5243360310124,1.0,1.0
2026-03-22T21:10:07.745-705391-59075,590,false,1.578212187704368,1,2588.5243360310124,1.0,1.0
2026-03-22T21:10:07.745-705391-59075,139,false,1.0601558056271434,1,2588.5243360310124,1.0,1.0
2026-03-22T21:10:07.745-705391-59075,429,false,20.634529342364594,1,2588.5243360310124,1.0,1.0
2026-03-22T21:10:07.745-705391-59075,499,true,0.7650697545554068,1,2587.759266276457,1.0,0.729
2026-03-22T21:10:07.745-705391-59075,237,true,0.8128755751266646,1,2586.94639070133,1.0,0.863
2026-03-22T21:10:07.745-705391-59075,377,false,4.58457273719442,1,2586.94639070133,1.0,1.0
2026-03-22T21:10:07.745-705391-59075,724,false,15.401544342687993,1,2586.94639070133,1.0,1.0
2026-03-22T21:10:07.745-705391-59075,268,false,0.3303828188327724,1,2586.94639070133,1.0,1.0
2026-03-22T21:10:07.745-705391-59075,901,false,2.3400046795927945,1,2586.94639070133,1.0,1.0
2026-03-22T21:10:07.745-705391-59075,51,false,58.14021612879475,1,2586.94639070133,1.0,1.0
2026-03-22T21:10:07.745-705391-59075,146,true,0.4895034829540222,1,2586.456887218376,1.0,0.013000000000000012
2026-03-22T21:10:07.745-705391-59075,395,false,1.2766731331742613,1,2586.456887218376,1.0,1.0
2026-03-22T21:10:07.745-705391-59075,306,true,0.5762835157218456,1,2585.880603702654,1.0,0.714
2026-03-22T21:10:07.745-705391-59075,112,false,280.6692601348524,1,2585.880603702654,1.0,1.0
2026-03-22T21:10:07.745-705391-59075,651,false,140.3452938812975,1,2585.880603702654,1.0,1.0
2026-03-22T21:10:07.745-705391-59075,519,false,0.025995074236575558,1,2585.880603702654,1.0,1.0
2026-03-22T21:10:07.745-705391-59075,525,false,0.4170670102963931,1,2585.880603702654,1.0,1.0
2026-03-22T21:10:07.745-705391-59075,279,false,0.18526072235217642,1,2585.880603702654,1.0,1.0
2026-03-22T21:10:07.745-705391-59075,617,false,4.119711105454922,1,2585.880603702654,1.0,1.0
2026-03-22T21:10:07.745-705391-59075,752,false,0.49981598590001036,1,2585.880603702654,1.0,1.0
2026-03-22T21:10:07.745-705391-59075,536,false,44.752454862465235,1,2585.880603702654,1.0,1.0
2026-03-22T21:10:07.745-705391-59075,217,false,0.3110879525521728,1,2585.880603702654,1.0,1.0
2026-03-22T21:10:07.745-705391-59075,876,true,0.9706855480646489,1,2584.9099181545894,1.0,0.02300000000000002
2026-03-22T21:10:07.745-705391-59075,532,false,45.366876572871206,1,2584.9099181545894,1.0,1.0
2026-03-22T21:10:07.745-705391-59075,883,false,8.324218902752726,1,2584.9099181545894,1.0,1.0
2026-03-22T21:10:07.745-705391-59075,425,false,3.1770473798994097,1,2584.9099181545894,1.0,1.0
2026-03-22T21:10:07.745-705391-59075,930,false,1.045767779584904,1,2584.9099181545894,1.0,1.0
2026-03-22T21:10:07.745-705391-59075,522,false,13.858078665621129,1,2584.9099181545894,1.0,1.0
2026-03-22T21:10:07.745-705391-59075,712,false,1.4862083197948748,1,2584.9099181545894,1.0,1.0
2026-03-22T21:10:07.745-705391-59075,307,true,18.273577958544482,1,2566.636340196045,1.0,0.018000000000000016
2026-03-22T21:10:07.745-705391-59075,169,false,0.12228997530358464,1,2566.636340196045,1.0,1.0
2026-03-22T21:10:07.745-705391-59075,474,false,5.321922131777158,1,2566.636340196045,1.0,1.0
2026-03-22T21:10:07.745-705391-59075,154,false,0.5847080120060795,1,2566.636340196045,1.0,1.0
2026-03-22T21:10:07.745-705391-59075,163,false,4.60258855405028,1,2566.636340196045,1.0,1.0
2026-03-22T21:10:07.745-705391-59075,782,false,0.9584582589382894,1,2566.636340196045,1.0,1.0
2026-03-22T21:10:07.745-705391-59075,9,false,0.7961230910836135,1,2566.636340196045,1.0,1.0
2026-03-22T21:10:07.745-705391-59075,660,false,4.6716143367655265,1,2566.636340196045,1.0,1.0
2026-03-22T21:10:07.745-705391-59075,801,true,10.927915139391262,1,2555.7084250566536,1.0,0.016000000000000014
2026-03-22T21:10:07.745-705391-59075,917,false,2.486656848439989,1,2555.7084250566536,1.0,1.0
2026-03-22T21:10:07.745-705391-59075,761,false,0.4819891944502774,1,2555.7084250566536,1.0,1.0
2026-03-22T21:10:07.745-705391-59075,177,false,1.2994050640278312,1,2555.7084250566536,1.0,1.0
2026-03-22T21:10:07.745-705391-59075,437,false,8.087329655718854,1,2555.7084250566536,1.0,1.0
2026-03-22T21:10:07.745-705391-59075,471,false,1.3691570674559248,1,2555.7084250566536,1.0,1.0
2026-03-22T21:10:07.745-705391-59075,341,false,3.0145183660915493,1,2555.7084250566536,1.0,1.0
2026-03-22T21:10:07.745-705391-59075,837,false,0.12885729389295025,1,2555.7084250566536,1.0,1.0
2026-03-22T21:10:07.745-705391-59075,568,false,3.2525161513144094,1,2555.7084250566536,1.0,1.0
2026-03-22T21:10:07.745-705391-59075,571,false,65.82362662507163,1,2555.7084250566536,1.0,1.0
2026-03-22T21:10:07.745-705391-59075,488,false,0.014801557030331295,1,2555.7084250566536,1.0,1.0
2026-03-22T21:10:07.745-705391-59075,634,false,2.0603372291878745,1,2555.7084250566536,1.0,1.0
2026-03-22T21:10:07.745-705391-59075,700,false,54.60795151752243,1,2555.7084250566536,1.0,1.0
2026-03-22T21:10:07.745-705391-59075,156,false,0.2595098045520182,1,2555.7084250566536,1.0,1.0
2026-03-22T21:10:07.745-705391-59075,767,false,0.3397498787549837,1,2555.7084250566536,1.0,1.0
2026-03-22T21:10:07.745-705391-59075,813,false,0.6526505319886574,1,2555.7084250566536,1.0,1.0
2026-03-22T21:10:07.745-705391-59075,420,false,0.15083740733717882,1,2555.7084250566536,1.0,1.0
2026-03-22T21:10:07.745-705391-59075,74,false,4.75899504403669,1,2555.7084250566536,1.0,1.0
2026-03-22T21:10:07.745-705391-59075,374,false,264.9111207472448,1,2555.7084250566536,1.0,1.0
2026-03-22T21:10:07.745-705391-59075,945,false,0.8020789100721744,1,2555.7084250566536,1.0,1.0
2026-03-22T21:10:07.745-705391-59075,339,true,3.6580465686644494,1,2552.0503784879893,1.0,0.718
2026-03-22T21:10:07.745-705391-59075,286,false,20.776602574214632,1,2552.0503784879893,1.0,1.0
2026-03-22T21:10:07.745-705391-59075,372,false,80.31203427833132,1,2552.0503784879893,1.0,1.0
2026-03-22T21:10:07.745-705391-59075,316,false,32.413475954176434,1,2552.0503784879893,1.0,1.0
2026-03-22T21:10:07.745-705391-59075,336,true,0.808845693281614,1,2551.241532794708,1.0,0.0
2026-03-22T21:10:07.745-705391-59075,804,true,71.49841527799906,1,2479.743117516709,1.0,0.6739999999999999
2026-03-22T21:10:07.745-705391-59075,421,false,12.260835239162752,1,2479.743117516709,1.0,1.0
2026-03-22T21:10:07.745-705391-59075,659,false,3.276584504753522,1,2479.743117516709,1.0,1.0
2026-03-22T21:10:07.745-705391-59075,404,false,1.0466572750208147,1,2479.743117516709,1.0,1.0
2026-03-22T21:10:07.745-705391-59075,221,false,588.728943788081,1,2479.743117516709,1.0,1.0
2026-03-22T21:10:07.745-705391-59075,313,true,0.8272541179831536,1,2478.915863398726,1.0,0.7110000000000001
2026-03-22T21:10:07.745-705391-59075,630,false,19.19266400727405,1,2478.915863398726,1.0,1.0
2026-03-22T21:10:07.745-705391-59075,603,false,11.331870469411653,1,2478.915863398726,1.0,1.0
2026-03-22T21:10:07.745-705391-59075,902,false,0.8550235382023549,1,2478.915863398726,1.0,1.0
2026-03-22T21:10:07.745-705391-59075,459,false,0.9312536379544417,1,2478.915863398726,1.0,1.0
2026-03-22T21:10:07.745-705391-59075,848,false,2.3634477488505445,1,2478.915863398726,1.0,1.0
2026-03-22T21:10:07.745-705391-59075,714,false,1.4594065456632375,1,2478.915863398726,1.0,1.0
2026-03-22T21:10:07.745-705391-59075,158,false,1.6641404192238445,1,2478.915863398726,1.0,1.0
2026-03-22T21:10:07.745-705391-59075,792,true,7.445796750017285,1,2471.4700666487083,1.0,0.0
2026-03-22T21:10:07.745-705391-59075,636,true,37.89181026693182,1,2433.5782563817766,1.0,0.704
2026-03-22T21:10:07.745-705391-59075,984,false,0.571329801408348,1,2433.5782563817766,1.0,1.0
2026-03-22T21:10:07.745-705391-59075,862,false,2.8262992524076833,1,2433.5782563817766,1.0,1.0
2026-03-22T21:10:07.745-705391-59075,491,true,1.0627405419721645,1,2432.5155158398043,1.0,0.0
2026-03-22T21:10:07.745-705391-59075,388,false,0.09532254601935593,1,2432.5155158398043,1.0,1.0
2026-03-22T21:10:07.745-705391-59075,52,false,6.007900734023112,1,2432.5155158398043,1.0,1.0
2026-03-22T21:10:07.745-705391-59075,516,true,6.730911073452621,1,2425.7846047663515,1.0,0.921
2026-03-22T21:10:07.745-705391-59075,962,false,1.8061852794176574,1,2425.7846047663515,1.0,1.0
2026-03-22T21:10:07.745-705391-59075,39,false,5.994537417930549,1,2425.7846047663515,1.0,1.0
2026-03-22T21:10:07.745-705391-59075,833,true,1.266692978834421,1,2424.5179117875173,1.0,0.71
2026-03-22T21:10:07.745-705391-59075,424,false,0.25739216766247125,1,2424.5179117875173,1.0,1.0
2026-03-22T21:10:07.745-705391-59075,887,false,3.5501642588508604,1,2424.5179117875173,1.0,1.0
2026-03-22T21:10:07.745-705391-59075,786,false,27.257283841482085,1,2424.5179117875173,1.0,1.0
2026-03-22T21:10:07.745-705391-59075,295,false,0.2531116784691171,1,2424.5179117875173,1.0,1.0
2026-03-22T21:10:07.745-705391-59075,897,false,16.15133284645288,1,2424.5179117875173,1.0,1.0
2026-03-22T21:10:07.745-705391-59075,250,true,87.24143379812726,1,2337.27647798939,1.0,0.915
2026-03-22T21:10:07.745-705391-59075,209,false,2.9444584686299535,1,2337.27647798939,1.0,1.0
2026-03-22T21:10:07.745-705391-59075,289,false,1.3555940792619006,1,2337.27647798939,1.0,1.0
2026-03-22T21:10:07.745-705391-59075,670,false,2.1221174449037266,1,2337.27647798939,1.0,1.0
2026-03-22T21:10:07.745-705391-59075,373,false,1.2045955194605857,1,2337.27647798939,1.0,1.0
2026-03-22T21:10:07.745-705391-59075,735,false,0.393313878790096,1,2337.27647798939,1.0,1.0
2026-03-22T21:10:07.745-705391-59075,345,false,1.1298671558485713,1,2337.27647798939,1.0,1.0
2026-03-22T21:10:07.745-705391-59075,495,true,17.13168272988117,1,2320.144795259509,1.0,0.0
2026-03-22T21:10:07.745-705391-59075,588,true,4.251245430339052,1,2315.89354982917,1.0,0.866
2026-03-22T21:10:07.745-705391-59075,500,true,0.747688293320291,1,2315.1458615358497,1.0,0.0020000000000000018
2026-03-22T21:10:07.745-705391-59075,607,false,1.0404020893954191,1,2315.1458615358497,1.0,1.0
2026-03-22T21:10:07.745-705391-59075,41,false,8.5102974805684,1,2315.1458615358497,1.0,1.0
2026-03-22T21:10:07.745-705391-59075,866,false,0.24755038484687206,1,2315.1458615358497,1.0,1.0
2026-03-22T21:10:07.745-705391-59075,42,false,1.9136185464477584,1,2315.1458615358497,1.0,1.0
2026-03-22T21:10:07.745-705391-59075,496,false,0.07807480841302372,1,2315.1458615358497,1.0,1.0
2026-03-22T21:10:07.745-705391-59075,728,false,0.7943245770572168,1,2315.1458615358497,1.0,1.0
2026-03-22T21:10:07.745-705391-59075,831,true,2.719242561463027,1,2312.4266189743867,1.0,0.714
2026-03-22T21:10:07.745-705391-59075,749,false,2.470333156901956,1,2312.4266189743867,1.0,1.0
2026-03-22T21:10:07.745-705391-59075,778,false,284.7273320323958,1,2312.4266189743867,1.0,1.0
2026-03-22T21:10:07.745-705391-59075,573,false,0.7674247868641857,1,2312.4266189743867,1.0,1.0
2026-03-22T21:10:07.745-705391-59075,577,true,11.22177570363263,1,2301.204843270754,1.0,0.0020000000000000018
2026-03-22T21:10:07.745-705391-59075,965,false,805.7415040923354,1,2301.204843270754,1.0,1.0
2026-03-22T21:10:07.745-705391-59075,120,false,12.167791977623137,1,2301.204843270754,1.0,1.0
2026-03-22T21:10:07.745-705391-59075,172,false,1.7501529010328933,1,2301.204843270754,1.0,1.0
2026-03-22T21:10:07.745-705391-59075,988,false,2.5429979150945794,1,2301.204843270754,1.0,1.0
2026-03-22T21:10:07.745-705391-59075,881,true,7.665909033424325,1,2293.5389342373296,1.0,0.846
2026-03-22T21:10:07.745-705391-59075,726,false,208.46632184310974,1,2293.5389342373296,1.0,1.0
2026-03-22T21:10:07.745-705391-59075,943,false,224.5394395769499,1,2293.5389342373296,1.0,1.0
2026-03-22T21:10:07.745-705391-59075,55,false,26.775448458960664,1,2293.5389342373296,1.0,1.0
2026-03-22T21:10:07.745-705391-59075,121,false,10.227359505887879,1,2293.5389342373296,1.0,1.0
2026-03-22T21:10:07.745-705391-59075,315,true,2.8424137126354725,1,2290.6965205246943,1.0,0.0010000000000000009
2026-03-22T21:10:07.745-705391-59075,354,false,0.0870060957948659,1,2290.6965205246943,1.0,1.0
2026-03-22T21:10:07.745-705391-59075,245,true,6.325632199108378,1,2284.370888325586,1.0,0.692
2026-03-22T21:10:07.745-705391-59075,626,false,26.493913200383716,1,2284.370888325586,1.0,1.0
2026-03-22T21:10:07.745-705391-59075,524,false,0.876143357517225,1,2284.370888325586,1.0,1.0
2026-03-22T21:10:07.745-705391-59075,255,false,6.91960907583798,1,2284.370888325586,1.0,1.0
2026-03-22T21:10:07.745-705391-59075,981,false,4.865219618456861,1,2284.370888325586,1.0,1.0
2026-03-22T21:10:07.745-705391-59075,238,true,4.482288119619136,1,2279.8886002059667,1.0,0.868
2026-03-22T21:10:07.745-705391-59075,769,false,0.41693729046719424,1,2279.8886002059667,1.0,1.0
2026-03-22T21:10:07.745-705391-59075,879,true,4.927048796577631,1,2274.961551409389,1.0,0.0
2026-03-22T21:10:07.745-705391-59075,197,false,40.35640064059738,1,2274.961551409389,1.0,1.0
2026-03-22T21:10:07.745-705391-59075,111,false,16.127333724619625,1,2274.961551409389,1.0,1.0
2026-03-22T21:10:07.745-705391-59075,216,false,2.993467406180006,1,2274.961551409389,1.0,1.0
2026-03-22T21:10:07.745-705391-59075,707,false,0.08808486427235963,1,2274.961551409389,1.0,1.0
2026-03-22T21:10:07.745-705391-59075,602,false,9.330866957876333,1,2274.961551409389,1.0,1.0
2026-03-22T21:10:07.745-705391-59075,527,false,326.2430424671285,1,2274.961551409389,1.0,1.0
2026-03-22T21:10:07.745-705391-59075,666,true,10.328607763052192,1,2264.6329436463366,1.0,0.858
2026-03-22T21:10:07.745-705391-59075,589,false,0.17421458643498902,1,2264.6329436463366,1.0,1.0
2026-03-22T21:10:07.745-705391-59075,723,false,2.0036442658466385,1,2264.6329436463366,1.0,1.0
2026-03-22T21:10:07.745-705391-59075,733,false,1.436253628161437,1,2264.6329436463366,1.0,1.0
2026-03-22T21:10:07.745-705391-59075,29,false,0.35202063291612845,1,2264.6329436463366,1.0,1.0
2026-03-22T21:10:07.745-705391-59075,972,false,2.278280159214959,1,2264.6329436463366,1.0,1.0
2026-03-22T21:10:07.745-705391-59075,301,false,133.11852225263718,1,2264.6329436463366,1.0,1.0
2026-03-22T21:10:07.745-705391-59075,656,true,15.514858285278539,1,2249.118085361058,1.0,0.861
2026-03-22T21:10:07.745-705391-59075,808,false,6.275885636469353,1,2249.118085361058,1.0,1.0
2026-03-22T21:10:07.745-705391-59075,384,false,5.08467317085039,1,2249.118085361058,1.0,1.0
2026-03-22T21:10:07.745-705391-59075,676,false,0.38019979706281737,1,2249.118085361058,1.0,1.0
2026-03-22T21:10:07.745-705391-59075,543,false,3.868876328166667,1,2249.118085361058,1.0,1.0
2026-03-22T21:10:07.745-705391-59075,254,false,0.3050315348855947,1,2249.118085361058,1.0,1.0
2026-03-22T21:10:07.745-705391-59075,83,false,3.5200961696859205,1,2249.118085361058,1.0,1.0
2026-03-22T21:10:07.745-705391-59075,509,false,1.8787134716078095,1,2249.118085361058,1.0,1.0
2026-03-22T21:10:07.745-705391-59075,784,true,8.892495807546766,1,2240.2255895535113,1.0,0.926
2026-03-22T21:10:07.745-705391-59075,45,false,38.47361568059578,1,2240.2255895535113,1.0,1.0
2026-03-22T21:10:07.745-705391-59075,718,false,0.7736593341552855,1,2240.2255895535113,1.0,1.0
2026-03-22T21:10:07.745-705391-59075,5,false,13.249334300001705,1,2240.2255895535113,1.0,1.0
2026-03-22T21:10:07.745-705391-59075,939,true,0.5382403764566931,1,2239.687349177055,1.0,0.87
2026-03-22T21:10:07.745-705391-59075,165,false,3.7281365410284146,1,2239.687349177055,1.0,1.0
2026-03-22T21:10:07.745-705391-59075,587,true,2.7397392714279922,1,2236.947609905627,1.0,0.0010000000000000009
2026-03-22T21:10:07.745-705391-59075,166,false,1.069076404543371,1,2236.947609905627,1.0,1.0
2026-03-22T21:10:07.745-705391-59075,236,true,16.267666610030982,1,2220.679943295596,1.0,0.0
2026-03-22T21:10:07.745-705391-59075,95,false,1.1592071685792267,1,2220.679943295596,1.0,1.0
2026-03-22T21:10:07.745-705391-59075,716,false,12.478249788031414,1,2220.679943295596,1.0,1.0
2026-03-22T21:10:07.745-705391-59075,405,false,1.8321728963631208,1,2220.679943295596,1.0,1.0
2026-03-22T21:10:07.745-705391-59075,57,false,2.045538524482918,1,2220.679943295596,1.0,1.0
2026-03-22T21:10:07.745-705391-59075,976,false,1.1178176571307912,1,2220.679943295596,1.0,1.0
2026-03-22T21:10:07.745-705391-59075,621,false,11.803010523912848,1,2220.679943295596,1.0,1.0
2026-03-22T21:10:07.745-705391-59075,427,false,1.5853325498267585,1,2220.679943295596,1.0,1.0
2026-03-22T21:10:07.745-705391-59075,867,false,0.6958012497066478,1,2220.679943295596,1.0,1.0
2026-03-22T21:10:07.745-705391-59075,334,false,0.10910484515440032,1,2220.679943295596,1.0,1.0
2026-03-22T21:10:07.745-705391-59075,960,false,33.35551661313415,1,2220.679943295596,1.0,1.0
2026-03-22T21:10:07.745-705391-59075,222,false,0.25280126427017563,1,2220.679943295596,1.0,1.0
2026-03-22T21:10:07.745-705391-59075,777,false,2.5498711884722227,1,2220.679943295596,1.0,1.0
2026-03-22T21:10:07.745-705391-59075,854,false,7.13747273227921,1,2220.679943295596,1.0,1.0
2026-03-22T21:10:07.745-705391-59075,480,false,3.9075117518921014,1,2220.679943295596,1.0,1.0
2026-03-22T21:10:07.745-705391-59075,521,false,29.352322732565508,1,2220.679943295596,1.0,1.0
2026-03-22T21:10:07.745-705391-59075,366,false,0.07149525703389206,1,2220.679943295596,1.0,1.0
2026-03-22T21:10:07.745-705391-59075,58,false,2.4121201769168326,1,2220.679943295596,1.0,1.0
2026-03-22T21:10:07.745-705391-59075,963,true,4.354877783909594,1,2216.3250655116863,1.0,0.857
2026-03-22T21:10:07.745-705391-59075,266,false,1.7549288082012011,1,2216.3250655116863,1.0,1.0
2026-03-22T21:10:07.745-705391-59075,839,true,11.421199157243617,1,2204.9038663544425,1.0,0.716
2026-03-22T21:10:07.745-705391-59075,326,false,2.573895636071308,1,2204.9038663544425,1.0,1.0
2026-03-22T21:10:07.745-705391-59075,515,true,20.607971758101662,1,2184.295894596341,1.0,0.669
2026-03-22T21:10:07.745-705391-59075,235,true,179.86855773034424,1,2004.4273368659967,1.0,0.0
2026-03-22T21:10:07.745-705391-59075,740,false,0.5344293216757185,1,2004.4273368659967,1.0,1.0
2026-03-22T21:10:07.745-705391-59075,892,false,50.624670525885286,1,2004.4273368659967,1.0,1.0
2026-03-22T21:10:07.745-705391-59075,762,false,22.65084432815142,1,2004.4273368659967,1.0,1.0
2026-03-22T21:10:07.745-705391-59075,900,false,33.766046301811194,1,2004.4273368659967,1.0,1.0
2026-03-22T21:10:07.745-705391-59075,821,false,0.4440725807334803,1,2004.4273368659967,1.0,1.0
2026-03-22T21:10:07.745-705391-59075,517,true,0.35701966115335365,1,2004.0703172048434,1.0,0.0
2026-03-22T21:10:07.745-705391-59075,737,false,0.6908514210652733,1,2004.0703172048434,1.0,1.0
2026-03-22T21:10:07.745-705391-59075,31,false,59.81146328105262,1,2004.0703172048434,1.0,1.0
2026-03-22T21:10:07.745-705391-59075,893,false,0.24291974517929102,1,2004.0703172048434,1.0,1.0
2026-03-22T21:10:07.745-705391-59075,824,false,2.814339121053035,1,2004.0703172048434,1.0,1.0
2026-03-22T21:10:07.745-705391-59075,633,true,6.003765458193208,1,1998.0665517466502,1.0,0.869
2026-03-22T21:10:07.745-705391-59075,770,false,15.474928313306654,1,1998.0665517466502,1.0,1.0
2026-03-22T21:10:07.745-705391-59075,407,false,2.925776136414453,1,1998.0665517466502,1.0,1.0
2026-03-22T21:10:07.745-705391-59075,561,false,2.4362303688056777,1,1998.0665517466502,1.0,1.0
2026-03-22T21:10:07.745-705391-59075,918,false,1.4122089845231178,1,1998.0665517466502,1.0,1.0
2026-03-22T21:10:07.745-705391-59075,168,false,33.125623354878826,1,1998.0665517466502,1.0,1.0
2026-03-22T21:10:07.745-705391-59075,174,false,2.37635146402505,1,1998.0665517466502,1.0,1.0
2026-03-22T21:10:07.745-705391-59075,215,false,0.23049624596400156,1,1998.0665517466502,1.0,1.0
2026-03-22T21:10:07.745-705391-59075,489,false,0.011265530765529627,1,1998.0665517466502,1.0,1.0
2026-03-22T21:10:07.745-705391-59075,758,false,3.9236224760062313,1,1998.0665517466502,1.0,1.0
2026-03-22T21:10:07.745-705391-59075,223,false,14.794652988947151,1,1998.0665517466502,1.0,1.0
2026-03-22T21:10:07.745-705391-59075,155,false,26.80824220995783,1,1998.0665517466502,1.0,1.0
2026-03-22T21:10:07.745-705391-59075,744,false,2.392634713600437,1,1998.0665517466502,1.0,1.0
2026-03-22T21:10:07.745-705391-59075,302,false,1.5680561333695509,1,1998.0665517466502,1.0,1.0
2026-03-22T21:10:07.745-705391-59075,796,false,0.14425121093447607,1,1998.0665517466502,1.0,1.0
2026-03-22T21:10:07.745-705391-59075,531,false,3.901589204458293,1,1998.0665517466502,1.0,1.0
2026-03-22T21:10:07.745-705391-59075,560,false,28.62305910246693,1,1998.0665517466502,1.0,1.0
2026-03-22T21:10:07.745-705391-59075,470,false,33.61745932106752,1,1998.0665517466502,1.0,1.0
2026-03-22T21:10:07.745-705391-59075,559,false,1.3203501525575263,1,1998.0665517466502,1.0,1.0
2026-03-22T21:10:07.745-705391-59075,951,false,1.0455125018524847,1,1998.0665517466502,1.0,1.0
2026-03-22T21:10:07.745-705391-59075,969,false,1.6115539537944874,1,1998.0665517466502,1.0,1.0
2026-03-22T21:10:07.745-705391-59075,351,false,5.676057321852458,1,1998.0665517466502,1.0,1.0
2026-03-22T21:10:07.745-705391-59075,157,false,6.945173575160431,1,1998.0665517466502,1.0,1.0
2026-03-22T21:10:07.745-705391-59075,17,false,2.1526570724308782,1,1998.0665517466502,1.0,1.0
2026-03-22T21:10:07.745-705391-59075,929,false,0.34410127419331776,1,1998.0665517466502,1.0,1.0
2026-03-22T21:10:07.745-705391-59075,186,false,4.000762735333742,1,1998.0665517466502,1.0,1.0
2026-03-22T21:10:07.745-705391-59075,1,false,1.3978993299621665,1,1998.0665517466502,1.0,1.0
2026-03-22T21:10:07.745-705391-59075,655,true,68.3038607033267,1,1929.7626910433235,1.0,0.6679999999999999
2026-03-22T21:10:07.745-705391-59075,23,false,1.674780287921748,1,1929.7626910433235,1.0,1.0
2026-03-22T21:10:07.745-705391-59075,938,true,14.036688990655662,1,1915.7260020526678,1.0,0.877
2026-03-22T21:10:07.745-705391-59075,592,false,11.494725561222218,1,1915.7260020526678,1.0,1.0
2026-03-22T21:10:07.745-705391-59075,153,false,0.8649166394318472,1,1915.7260020526678,1.0,1.0
2026-03-22T21:10:07.745-705391-59075,275,false,41.548547003477374,1,1915.7260020526678,1.0,1.0
2026-03-22T21:10:07.745-705391-59075,164,false,0.5171648777964695,1,1915.7260020526678,1.0,1.0
2026-03-22T21:10:07.745-705391-59075,872,true,0.31865268533278124,1,1915.407349367335,1.0,0.692
2026-03-22T21:10:07.745-705391-59075,181,false,567.7160090852877,1,1915.407349367335,1.0,1.0
2026-03-22T21:10:07.745-705391-59075,552,false,0.8259498496000761,1,1915.407349367335,1.0,1.0
2026-03-22T21:10:07.745-705391-59075,35,false,13.95902538344086,1,1915.407349367335,1.0,1.0
2026-03-22T21:10:07.745-705391-59075,322,false,10.202953136642682,1,1915.407349367335,1.0,1.0
2026-03-22T21:10:07.745-705391-59075,860,false,0.3946802986031587,1,1915.407349367335,1.0,1.0
2026-03-22T21:10:07.745-705391-59075,616,false,12.138612477148799,1,1915.407349367335,1.0,1.0
2026-03-22T21:10:07.745-705391-59075,487,true,1.1271377271048948,1,1914.2802116402302,1.0,0.7030000000000001
2026-03-22T21:10:07.745-705391-59075,360,true,1.6975555470038177,1,1912.5826560932264,1.0,0.863
2026-03-22T21:10:07.745-705391-59075,37,false,3.7710278259098526,1,1912.5826560932264,1.0,1.0
2026-03-22T21:10:07.745-705391-59075,18,false,0.24829536855209114,1,1912.5826560932264,1.0,1.0
2026-03-22T21:10:07.745-705391-59075,392,false,1.0899005894200722,1,1912.5826560932264,1.0,1.0
2026-03-22T21:10:07.745-705391-59075,207,false,35.15727797700483,1,1912.5826560932264,1.0,1.0
2026-03-22T21:10:07.745-705391-59075,251,true,4.165366586421712,1,1908.4172895068048,1.0,0.656
2026-03-22T21:10:07.745-705391-59075,663,true,15.641613326251084,1,1892.7756761805538,1.0,0.6679999999999999
2026-03-22T21:10:07.745-705391-59075,885,false,4.318783523715369,1,1892.7756761805538,1.0,1.0
2026-03-22T21:10:07.745-705391-59075,534,false,15.218436933678845,1,1892.7756761805538,1.0,1.0
2026-03-22T21:10:07.745-705391-59075,464,false,0.8703948868409183,1,1892.7756761805538,1.0,1.0
2026-03-22T21:10:07.745-705391-59075,436,false,3.655807324511779,1,1892.7756761805538,1.0,1.0
2026-03-22T21:10:07.745-705391-59075,415,false,2.1323820111586382,1,1892.7756761805538,1.0,1.0
2026-03-22T21:10:07.745-705391-59075,720,false,0.8613957798906664,1,1892.7756761805538,1.0,1.0
2026-03-22T21:10:07.745-705391-59075,619,false,3.466401472818745,1,1892.7756761805538,1.0,1.0
2026-03-22T21:10:07.745-705391-59075,790,true,0.40068496684155347,1,1892.3749912137123,1.0,0.6890000000000001
2026-03-22T21:10:07.745-705391-59075,310,true,0.24180882969340634,1,1892.133182384019,1.0,0.0
2026-03-22T21:10:07.745-705391-59075,180,false,3.1978115324219485,1,1892.133182384019,1.0,1.0
2026-03-22T21:10:07.745-705391-59075,205,false,0.35908318543511586,1,1892.133182384019,1.0,1.0
2026-03-22T21:10:07.745-705391-59075,689,false,17.682292349923937,1,1892.133182384019,1.0,1.0
2026-03-22T21:10:07.745-705391-59075,745,false,11.837848664663941,1,1892.133182384019,1.0,1.0
2026-03-22T21:10:07.745-705391-59075,242,true,0.43299125113337894,1,1891.7001911328855,1.0,0.0
2026-03-22T21:10:07.745-705391-59075,105,false,24.02858970637838,1,1891.7001911328855,1.0,1.0
2026-03-22T21:10:07.745-705391-59075,435,false,1.0417808327621183,1,1891.7001911328855,1.0,1.0
2026-03-22T21:10:07.745-705391-59075,834,true,95.63917128174496,1,1796.0610198511406,1.0,0.0
2026-03-22T21:10:07.745-705391-59075,24,false,16.16448221845528,1,1796.0610198511406,1.0,1.0
2026-03-22T21:10:07.745-705391-59075,594,false,0.07896096825631362,1,1796.0610198511406,1.0,1.0
2026-03-22T21:10:07.745-705391-59075,317,true,1.275749966264462,1,1794.7852698848762,1.0,0.7
2026-03-22T21:10:07.745-705391-59075,417,false,1.9030534865633018,1,1794.7852698848762,1.0,1.0
2026-03-22T21:10:07.745-705391-59075,669,true,14.217331758107363,1,1780.567938126769,1.0,0.716
2026-03-22T21:10:07.745-705391-59075,706,false,0.13542930680693874,1,1780.567938126769,1.0,1.0
2026-03-22T21:10:07.745-705391-59075,970,false,0.8995120846238864,1,1780.567938126769,1.0,1.0
2026-03-22T21:10:07.745-705391-59075,287,false,20.145018424045006,1,1780.567938126769,1.0,1.0
2026-03-22T21:10:07.745-705391-59075,665,true,3.1933618843393714,1,1777.3745762424296,1.0,0.0
2026-03-22T21:10:07.745-705391-59075,549,false,77.96851820113586,1,1777.3745762424296,1.0,1.0
2026-03-22T21:10:07.745-705391-59075,240,true,0.527329924670112,1,1776.8472463177595,1.0,0.0
2026-03-22T21:10:07.745-705391-59075,330,true,2.761432585646215,1,1774.0858137321134,1.0,0.7010000000000001
2026-03-22T21:10:07.745-705391-59075,442,false,1.7332848364845632,1,1774.0858137321134,1.0,1.0
2026-03-22T21:10:07.745-705391-59075,102,false,3.517447393317081,1,1774.0858137321134,1.0,1.0
2026-03-22T21:10:07.745-705391-59075,210,false,168.90444094150618,1,1774.0858137321134,1.0,1.0
2026-03-22T21:10:07.745-705391-59075,361,true,7.328913931662084,1,1766.7568998004513,1.0,0.861
2026-03-22T21:10:07.745-705391-59075,518,false,0.2023974927565166,1,1766.7568998004513,1.0,1.0
2026-03-22T21:10:07.745-705391-59075,59,false,0.019041666462398243,1,1766.7568998004513,1.0,1.0
2026-03-22T21:10:07.745-705391-59075,410,false,5.900503931165975,1,1766.7568998004513,1.0,1.0
2026-03-22T21:10:07.745-705391-59075,944,false,0.8618426128300188,1,1766.7568998004513,1.0,1.0
2026-03-22T21:10:07.745-705391-59075,466,false,0.47587110470665916,1,1766.7568998004513,1.0,1.0
2026-03-22T21:10:07.745-705391-59075,87,true,1.0719090400109568,1,1765.6849907604403,1.0,0.7
2026-03-22T21:10:07.745-705391-59075,766,false,0.2004092468442416,1,1765.6849907604403,1.0,1.0
2026-03-22T21:10:07.745-705391-59075,537,false,31.106940061892384,1,1765.6849907604403,1.0,1.0
2026-03-22T21:10:07.745-705391-59075,755,false,143.17145650812623,1,1765.6849907604403,1.0,1.0
2026-03-22T21:10:07.745-705391-59075,484,true,2.258358936191398,1,1763.426631824249,1.0,0.721
2026-03-22T21:10:07.745-705391-59075,664,true,0.3503910594696029,1,1763.0762407647794,1.0,0.0
2026-03-22T21:10:07.745-705391-59075,539,false,10.32152490600892,1,1763.0762407647794,1.0,1.0
2026-03-22T21:10:07.745-705391-59075,314,true,16.640510062044957,1,1746.4357307027344,1.0,0.0
2026-03-22T21:10:07.745-705391-59075,98,false,8.497175677181447,1,1746.4357307027344,1.0,1.0
2026-03-22T21:10:07.745-705391-59075,926,false,2.0375098126047217,1,1746.4357307027344,1.0,1.0
2026-03-22T21:10:07.745-705391-59075,725,false,84.8706771520772,1,1746.4357307027344,1.0,1.0
2026-03-22T21:10:07.745-705391-59075,129,false,1.8674382067106896,1,1746.4357307027344,1.0,1.0
2026-03-22T21:10:07.745-705391-59075,642,true,4.048909388561331,1,1742.3868213141732,1.0,0.0
2026-03-22T21:10:07.745-705391-59075,276,false,0.781325525687858,1,1742.3868213141732,1.0,1.0
2026-03-22T21:10:07.745-705391-59075,465,false,5.490380204276872,1,1742.3868213141732,1.0,1.0
2026-03-22T21:10:07.745-705391-59075,946,false,0.48181432992205775,1,1742.3868213141732,1.0,1.0
2026-03-22T21:10:07.745-705391-59075,106,false,15.531758371419942,1,1742.3868213141732,1.0,1.0
2026-03-22T21:10:07.745-705391-59075,412,false,20.852155149437117,1,1742.3868213141732,1.0,1.0
2026-03-22T21:10:07.745-705391-59075,394,false,81.08337441466125,1,1742.3868213141732,1.0,1.0
2026-03-22T21:10:07.745-705391-59075,727,false,1.0065254087643425,1,1742.3868213141732,1.0,1.0
2026-03-22T21:10:07.745-705391-59075,241,true,17.791497931246862,1,1724.5953233829264,1.0,0.0
2026-03-22T21:10:07.745-705391-59075,856,false,0.07479375386432871,1,1724.5953233829264,1.0,1.0
2026-03-22T21:10:07.745-705391-59075,644,true,3.5750863792980745,1,1721.0202370036284,1.0,0.0
2026-03-22T21:10:07.745-705391-59075,48,false,34.87029790447723,1,1721.0202370036284,1.0,1.0
2026-03-22T21:10:07.745-705391-59075,297,false,2.2917102201743367,1,1721.0202370036284,1.0,1.0
2026-03-22T21:10:07.745-705391-59075,401,false,0.0440146272458555,1,1721.0202370036284,1.0,1.0
2026-03-22T21:10:07.745-705391-59075,86,true,0.9778212248248047,1,1720.0424157788036,1.0,0.0010000000000000009
2026-03-22T21:10:07.745-705391-59075,557,false,1.6303469181756798,1,1720.0424157788036,1.0,1.0
2026-03-22T21:10:07.745-705391-59075,507,false,5.6085798476189535,1,1720.0424157788036,1.0,1.0
2026-03-22T21:10:07.745-705391-59075,635,true,0.431077909853368,1,1719.6113378689502,1.0,0.0
2026-03-22T21:10:07.745-705391-59075,390,false,60.33843311195316,1,1719.6113378689502,1.0,1.0
2026-03-22T21:10:07.745-705391-59075,137,false,1.2580643244544942,1,1719.6113378689502,1.0,1.0
2026-03-22T21:10:07.745-705391-59075,793,true,4.043067272197129,1,1715.568270596753,1.0,0.0
2026-03-22T21:10:07.745-705391-59075,357,true,85.28049973367109,1,1630.287770863082,1.0,0.675
2026-03-22T21:10:07.745-705391-59075,30,false,11.727948654106642,1,1630.287770863082,1.0,1.0
2026-03-22T21:10:07.745-705391-59075,570,false,10.249156956946193,1,1630.287770863082,1.0,1.0
2026-03-22T21:10:07.745-705391-59075,995,false,4.295192967396788,1,1630.287770863082,1.0,1.0
2026-03-22T21:10:07.745-705391-59075,576,true,9.851167633549395,1,1620.4366032295325,1.0,0.013000000000000012
2026-03-22T21:10:07.745-705391-59075,842,true,1.3701346151803964,1,1619.066468614352,1.0,0.6779999999999999
2026-03-22T21:10:07.745-705391-59075,375,false,0.24164805596109082,1,1619.066468614352,1.0,1.0
2026-03-22T21:10:07.745-705391-59075,204,false,0.2684757607740775,1,1619.066468614352,1.0,1.0
2026-03-22T21:10:07.745-705391-59075,691,false,0.6009050796701064,1,1619.066468614352,1.0,1.0
2026-03-22T21:10:07.745-705391-59075,40,false,3.7797845997214834,1,1619.066468614352,1.0,1.0
2026-03-22T21:10:07.745-705391-59075,699,true,0.7408272000753642,1,1618.3256414142768,1.0,0.948
2026-03-22T21:10:07.745-705391-59075,260,false,2.0650448281447504,1,1618.3256414142768,1.0,1.0
2026-03-22T21:10:07.745-705391-59075,919,false,26.498538745627027,1,1618.3256414142768,1.0,1.0
2026-03-22T21:10:07.745-705391-59075,100,false,1.1822412781999974,1,1618.3256414142768,1.0,1.0
2026-03-22T21:10:07.745-705391-59075,332,false,0.14498570942337158,1,1618.3256414142768,1.0,1.0
2026-03-22T21:10:07.745-705391-59075,628,false,145.83362233944314,1,1618.3256414142768,1.0,1.0
2026-03-22T21:10:07.745-705391-59075,870,true,5.653952157935257,1,1612.6716892563416,1.0,0.727
2026-03-22T21:10:07.745-705391-59075,584,true,3.839632660076494,1,1608.8320565962651,1.0,0.0
2026-03-22T21:10:07.745-705391-59075,861,false,7.850110638342334,1,1608.8320565962651,1.0,1.0
2026-03-22T21:10:07.745-705391-59075,673,false,8.175926028335528,1,1608.8320565962651,1.0,1.0
2026-03-22T21:10:07.745-705391-59075,783,true,6.653529616136644,1,1602.1785269801285,1.0,0.6930000000000001
2026-03-22T21:10:07.745-705391-59075,34,false,5.194278231268618,1,1602.1785269801285,1.0,1.0
2026-03-22T21:10:07.745-705391-59075,802,true,1.7804062089994082,1,1600.398120771129,1.0,0.0
2026-03-22T21:10:07.745-705391-59075,545,false,50.88935330654989,1,1600.398120771129,1.0,1.0
2026-03-22T21:10:07.745-705391-59075,132,false,201.8799245536153,1,1600.398120771129,1.0,1.0
2026-03-22T21:10:07.745-705391-59075,36,false,16.620892956686433,1,1600.398120771129,1.0,1.0
2026-03-22T21:10:07.745-705391-59075,406,false,0.10923884099556513,1,1600.398120771129,1.0,1.0
2026-03-22T21:10:07.745-705391-59075,323,false,8.149342521047902,1,1600.398120771129,1.0,1.0
2026-03-22T21:10:07.745-705391-59075,20,false,0.9470045661838447,1,1600.398120771129,1.0,1.0
2026-03-22T21:10:07.745-705391-59075,715,false,3.837002337154213,1,1600.398120771129,1.0,1.0
2026-03-22T21:10:07.745-705391-59075,853,false,15.36798738820812,1,1600.398120771129,1.0,1.0
2026-03-22T21:10:07.745-705391-59075,803,true,2.0893216216558934,1,1598.308799149473,1.0,0.0
2026-03-22T21:10:07.745-705391-59075,779,false,24.033646154706563,1,1598.308799149473,1.0,1.0
2026-03-22T21:10:07.745-705391-59075,922,false,4.242163837066739,1,1598.308799149473,1.0,1.0
2026-03-22T21:10:07.745-705391-59075,940,true,6.167339407809117,1,1592.141459741664,1.0,0.0
2026-03-22T21:10:07.745-705391-59075,690,false,2.0954354044309507,1,1592.141459741664,1.0,1.0
2026-03-22T21:10:07.745-705391-59075,290,false,0.3447827267562331,1,1592.141459741664,1.0,1.0
2026-03-22T21:10:07.745-705391-59075,380,true,4.041409389940851,1,1588.1000503517232,1.0,0.942
2026-03-22T21:10:07.745-705391-59075,338,true,49.02540082535722,1,1539.074649526366,1.0,0.0
2026-03-22T21:10:07.745-705391-59075,220,false,573.2330433442321,1,1539.074649526366,1.0,1.0
2026-03-22T21:10:07.745-705391-59075,734,false,0.09293795512803324,1,1539.074649526366,1.0,1.0
2026-03-22T21:10:07.745-705391-59075,933,false,11.460617729981312,1,1539.074649526366,1.0,1.0
2026-03-22T21:10:07.745-705391-59075,807,true,1.5595806387531481,1,1537.5150688876129,1.0,0.928
2026-03-22T21:10:07.745-705391-59075,225,false,0.11018060862122957,1,1537.5150688876129,1.0,1.0
2026-03-22T21:10:07.745-705391-59075,815,false,1.2344718878176635,1,1537.5150688876129,1.0,1.0
2026-03-22T21:10:07.745-705391-59075,347,false,3.2537470454654716,1,1537.5150688876129,1.0,1.0
2026-03-22T21:10:07.745-705391-59075,510,false,4.449930537085176,1,1537.5150688876129,1.0,1.0
2026-03-22T21:10:07.745-705391-59075,397,false,0.1298169336604557,1,1537.5150688876129,1.0,1.0
2026-03-22T21:10:07.745-705391-59075,709,false,4.621082716193305,1,1537.5150688876129,1.0,1.0
2026-03-22T21:10:07.745-705391-59075,773,false,0.37150451081786506,1,1537.5150688876129,1.0,1.0
2026-03-22T21:10:07.745-705391-59075,829,true,8.844427921433748,1,1528.6706409661792,1.0,0.7110000000000001
2026-03-22T21:10:07.745-705391-59075,47,false,75.48135102307697,1,1528.6706409661792,1.0,1.0
2026-03-22T21:10:07.745-705391-59075,348,false,0.49992855004003295,1,1528.6706409661792,1.0,1.0
2026-03-22T21:10:07.745-705391-59075,868,true,4.976676017796,1,1523.6939649483832,1.0,0.712
2026-03-22T21:10:07.745-705391-59075,233,true,20.837252138084033,1,1502.856712810299,1.0,0.0
2026-03-22T21:10:07.745-705391-59075,128,false,0.1321470395971316,1,1502.856712810299,1.0,1.0
2026-03-22T21:10:07.745-705391-59075,299,false,1.4398413381748005,1,1502.856712810299,1.0,1.0
2026-03-22T21:10:07.745-705391-59075,119,false,2.2933242457883707,1,1502.856712810299,1.0,1.0
2026-03-22T21:10:07.745-705391-59075,581,true,23.240430275562268,1,1479.616282534737,1.0,0.0
2026-03-22T21:10:07.745-705391-59075,863,false,3.710098651405153,1,1479.616282534737,1.0,1.0
2026-03-22T21:10:07.745-705391-59075,454,false,31.0586844735249,1,1479.616282534737,1.0,1.0
2026-03-22T21:10:07.745-705391-59075,127,false,2.6941332384765104,1,1479.616282534737,1.0,1.0
2026-03-22T21:10:07.745-705391-59075,455,false,0.9686545147841239,1,1479.616282534737,1.0,1.0
2026-03-22T21:10:07.745-705391-59075,393,false,19.738236603675894,1,1479.616282534737,1.0,1.0
2026-03-22T21:10:07.745-705391-59075,599,false,0.36536687842237886,1,1479.616282534737,1.0,1.0
2026-03-22T21:10:07.745-705391-59075,445,false,0.10025807810066724,1,1479.616282534737,1.0,1.0
2026-03-22T21:10:07.745-705391-59075,788,true,3.9560297856669484,1,1475.66025274907,1.0,0.6719999999999999
2026-03-22T21:10:07.745-705391-59075,650,false,0.548496026253707,1,1475.66025274907,1.0,1.0
2026-03-22T21:10:07.745-705391-59075,430,false,13.286296179875958,1,1475.66025274907,1.0,1.0
2026-03-22T21:10:07.745-705391-59075,805,true,0.4263283779697809,1,1475.2339243711,1.0,0.0
2026-03-22T21:10:07.745-705391-59075,765,false,0.5987487283683178,1,1475.2339243711,1.0,1.0
2026-03-22T21:10:07.745-705391-59075,352,false,1.6796278648784049,1,1475.2339243711,1.0,1.0
2026-03-22T21:10:07.745-705391-59075,28,false,0.06684698676473981,1,1475.2339243711,1.0,1.0
2026-03-22T21:10:07.745-705391-59075,980,false,0.7682380558448235,1,1475.2339243711,1.0,1.0
2026-03-22T21:10:07.745-705391-59075,911,false,5.7626864485151215,1,1475.2339243711,1.0,1.0
2026-03-22T21:10:07.745-705391-59075,624,false,3.795219686845285,1,1475.2339243711,1.0,1.0
2026-03-22T21:10:07.745-705391-59075,615,false,12.50226284795505,1,1475.2339243711,1.0,1.0
2026-03-22T21:10:07.745-705391-59075,800,true,17.488888810694647,1,1457.7450355604055,1.0,0.0
2026-03-22T21:10:07.745-705391-59075,206,false,0.8772221888712277,1,1457.7450355604055,1.0,1.0
2026-03-22T21:10:07.745-705391-59075,855,false,8.255640940477324,1,1457.7450355604055,1.0,1.0
2026-03-22T21:10:07.745-705391-59075,26,false,0.18216613873850845,1,1457.7450355604055,1.0,1.0
2026-03-22T21:10:07.745-705391-59075,759,false,0.23673811609581247,1,1457.7450355604055,1.0,1.0
2026-03-22T21:10:07.745-705391-59075,432,false,25.030749656928084,1,1457.7450355604055,1.0,1.0
2026-03-22T21:10:07.745-705391-59075,914,false,0.889142696598138,1,1457.7450355604055,1.0,1.0
2026-03-22T21:10:07.745-705391-59075,200,false,6.148558671940507,1,1457.7450355604055,1.0,1.0
2026-03-22T21:10:07.745-705391-59075,291,false,29.49733093406343,1,1457.7450355604055,1.0,1.0
2026-03-22T21:10:07.745-705391-59075,171,false,0.4560419406911837,1,1457.7450355604055,1.0,1.0
2026-03-22T21:10:07.745-705391-59075,605,false,0.07902748435278523,1,1457.7450355604055,1.0,1.0
2026-03-22T21:10:07.745-705391-59075,596,false,6.31556695099873,1,1457.7450355604055,1.0,1.0
2026-03-22T21:10:07.745-705391-59075,481,true,0.3594958920403815,1,1457.3855396683653,1.0,0.7110000000000001
2026-03-22T21:10:07.745-705391-59075,66,false,2.1128981836384,1,1457.3855396683653,1.0,1.0
2026-03-22T21:10:07.745-705391-59075,679,false,16.11957361686336,1,1457.3855396683653,1.0,1.0
2026-03-22T21:10:07.745-705391-59075,114,false,0.16918503421691006,1,1457.3855396683653,1.0,1.0
2026-03-22T21:10:07.745-705391-59075,741,false,4.742941873981703,1,1457.3855396683653,1.0,1.0
2026-03-22T21:10:07.745-705391-59075,414,false,0.6494158637702558,1,1457.3855396683653,1.0,1.0
2026-03-22T21:10:07.745-705391-59075,467,false,4.141502142475956,1,1457.3855396683653,1.0,1.0
2026-03-22T21:10:07.745-705391-59075,229,true,7.402856856739421,1,1449.9826828116259,1.0,0.0020000000000000018
2026-03-22T21:10:07.745-705391-59075,400,false,6.919912875638601,1,1449.9826828116259,1.0,1.0
2026-03-22T21:10:07.745-705391-59075,501,true,0.8243423399994155,1,1449.1583404716264,1.0,0.0010000000000000009
2026-03-22T21:10:07.745-705391-59075,809,true,0.6501838074642188,1,1448.5081566641622,1.0,0.721
2026-03-22T21:10:07.745-705391-59075,265,false,0.03096058810649929,1,1448.5081566641622,1.0,1.0
2026-03-22T21:10:07.745-705391-59075,907,false,0.5855526464476795,1,1448.5081566641622,1.0,1.0
2026-03-22T21:10:07.745-705391-59075,447,false,2.284494438978894,1,1448.5081566641622,1.0,1.0
2026-03-22T21:10:07.745-705391-59075,955,false,18.72641784371998,1,1448.5081566641622,1.0,1.0
2026-03-22T21:10:07.745-705391-59075,4,false,3.435811222352665,1,1448.5081566641622,1.0,1.0
2026-03-22T21:10:07.745-705391-59075,267,false,3.639532011257398,1,1448.5081566641622,1.0,1.0
2026-03-22T21:10:07.745-705391-59075,896,false,2.8595553171017096,1,1448.5081566641622,1.0,1.0
2026-03-22T21:10:07.745-705391-59075,321,false,77.82891836054681,1,1448.5081566641622,1.0,1.0
2026-03-22T21:10:07.745-705391-59075,184,false,0.9026664202446166,1,1448.5081566641622,1.0,1.0
2026-03-22T21:10:07.745-705391-59075,320,true,1.8826162063092942,1,1446.625540457853,1.0,0.838
2026-03-22T21:10:07.745-705391-59075,85,true,0.708638679337331,1,1445.9169017785157,1.0,0.0
2026-03-22T21:10:07.745-705391-59075,7,false,2.3807179149716826,1,1445.9169017785157,1.0,1.0
2026-03-22T21:10:07.745-705391-59075,597,false,0.19756168503696483,1,1445.9169017785157,1.0,1.0
2026-03-22T21:10:07.745-705391-59075,763,false,0.06391821601937044,1,1445.9169017785157,1.0,1.0
2026-03-22T21:10:07.745-705391-59075,277,false,20.731679079252995,1,1445.9169017785157,1.0,1.0
2026-03-22T21:10:07.745-705391-59075,176,false,7.549436655045313,1,1445.9169017785157,1.0,1.0
2026-03-22T21:10:07.745-705391-59075,751,false,5.312202500432841,1,1445.9169017785157,1.0,1.0
2026-03-22T21:10:07.745-705391-59075,947,false,0.36001572880737104,1,1445.9169017785157,1.0,1.0
2026-03-22T21:10:07.745-705391-59075,25,false,0.5194475023321625,1,1445.9169017785157,1.0,1.0
2026-03-22T21:10:07.745-705391-59075,832,true,21.01603879678058,1,1424.9008629817351,1.0,0.0
2026-03-22T21:10:07.745-705391-59075,555,false,45.618106671409656,1,1424.9008629817351,1.0,1.0
2026-03-22T21:10:07.745-705391-59075,80,false,371.55167488519413,1,1424.9008629817351,1.0,1.0
2026-03-22T21:10:07.745-705391-59075,953,false,1.1001109764859096,1,1424.9008629817351,1.0,1.0
2026-03-22T21:10:07.745-705391-59075,849,false,0.17004464050548815,1,1424.9008629817351,1.0,1.0
2026-03-22T21:10:07.745-705391-59075,931,false,16.447679081648406,1,1424.9008629817351,1.0,1.0
2026-03-22T21:10:07.745-705391-59075,780,true,4.163160107718866,1,1420.7377028740163,1.0,0.853
2026-03-22T21:10:07.745-705391-59075,350,false,1.5829671133067929,1,1420.7377028740163,1.0,1.0
2026-03-22T21:10:07.745-705391-59075,895,false,2.747431459578426,1,1420.7377028740163,1.0,1.0
2026-03-22T21:10:07.745-705391-59075,201,false,0.7850300058182592,1,1420.7377028740163,1.0,1.0
2026-03-22T21:10:07.745-705391-59075,256,false,3.2125988798050074,1,1420.7377028740163,1.0,1.0
2026-03-22T21:10:07.745-705391-59075,774,false,1.2387029229061972,1,1420.7377028740163,1.0,1.0
2026-03-22T21:10:07.745-705391-59075,593,false,6.686030522616271,1,1420.7377028740163,1.0,1.0
2026-03-22T21:10:07.745-705391-59075,281,false,0.043280243392969354,1,1420.7377028740163,1.0,1.0
2026-03-22T21:10:07.745-705391-59075,61,false,0.3032919231341881,1,1420.7377028740163,1.0,1.0
2026-03-22T21:10:07.745-705391-59075,544,false,36.88948477380908,1,1420.7377028740163,1.0,1.0
2026-03-22T21:10:07.745-705391-59075,3,false,6.930616170909713,1,1420.7377028740163,1.0,1.0
2026-03-22T21:10:07.745-705391-59075,657,false,0.08765577252369557,1,1420.7377028740163,1.0,1.0
2026-03-22T21:10:07.745-705391-59075,742,false,7.124182095685166,1,1420.7377028740163,1.0,1.0
2026-03-22T21:10:07.745-705391-59075,161,false,1.6987202713943255,1,1420.7377028740163,1.0,1.0
2026-03-22T21:10:07.745-705391-59075,371,false,0.3212291890628636,1,1420.7377028740163,1.0,1.0
2026-03-22T21:10:07.745-705391-59075,600,false,1.16965876734914,1,1420.7377028740163,1.0,1.0
2026-03-22T21:10:07.745-705391-59075,81,false,1.0218223919722658,1,1420.7377028740163,1.0,1.0
2026-03-22T21:10:07.745-705391-59075,15,false,0.46176358377886917,1,1420.7377028740163,1.0,1.0
2026-03-22T21:10:07.745-705391-59075,418,false,0.5309409741501743,1,1420.7377028740163,1.0,1.0
2026-03-22T21:10:07.745-705391-59075,713,false,0.9447568803076356,1,1420.7377028740163,1.0,1.0
2026-03-22T21:10:07.745-705391-59075,631,true,28.135006672496257,1,1392.60269620152,1.0,0.6950000000000001
2026-03-22T21:10:07.745-705391-59075,147,true,3.4066247741670526,1,1389.196071427353,1.0,0.0
2026-03-22T21:10:07.745-705391-59075,772,false,15.751052339899164,1,1389.196071427353,1.0,1.0
2026-03-22T21:10:07.745-705391-59075,558,false,3.6285838386195386,1,1389.196071427353,1.0,1.0
2026-03-22T21:10:07.745-705391-59075,912,false,1.1319372857392265,1,1389.196071427353,1.0,1.0
2026-03-22T21:10:07.745-705391-59075,932,false,3.6186471190991196,1,1389.196071427353,1.0,1.0
2026-03-22T21:10:07.745-705391-59075,278,false,3.3058669967683323,1,1389.196071427353,1.0,1.0
2026-03-22T21:10:07.745-705391-59075,954,false,0.20458943283136397,1,1389.196071427353,1.0,1.0
2026-03-22T21:10:07.745-705391-59075,167,false,0.24342499043637503,1,1389.196071427353,1.0,1.0
2026-03-22T21:10:07.745-705391-59075,542,false,0.7049888368341347,1,1389.196071427353,1.0,1.0
2026-03-22T21:10:07.745-705391-59075,293,false,0.42200143606189183,1,1389.196071427353,1.0,1.0
2026-03-22T21:10:07.745-705391-59075,611,false,0.17135721083170466,1,1389.196071427353,1.0,1.0
2026-03-22T21:10:07.745-705391-59075,457,false,5.136082121154161,1,1389.196071427353,1.0,1.0
2026-03-22T21:10:07.745-705391-59075,503,true,2.7019245021584344,1,1386.4941469251946,1.0,0.0020000000000000018
2026-03-22T21:10:07.745-705391-59075,822,false,115.2032067966923,1,1386.4941469251946,1.0,1.0
2026-03-22T21:10:07.745-705391-59075,359,true,0.44272848459536723,1,1386.0514184405993,1.0,0.0
2026-03-22T21:10:07.745-705391-59075,546,false,2.4991772282140348,1,1386.0514184405993,1.0,1.0
2026-03-22T21:10:07.745-705391-59075,987,false,0.21549488731606306,1,1386.0514184405993,1.0,1.0
2026-03-22T21:10:07.745-705391-59075,143,true,4.067525296804368,1,1381.9838931437948,1.0,0.0020000000000000018
2026-03-22T21:10:07.745-705391-59075,871,false,0.17741117728688577,1,1381.9838931437948,1.0,1.0
2026-03-22T21:10:07.745-705391-59075,791,true,6.144871100041226,1,1375.8390220437536,1.0,0.0
2026-03-22T21:10:07.745-705391-59075,686,false,6.624405867685696,1,1375.8390220437536,1.0,1.0
2026-03-22T21:10:07.745-705391-59075,816,false,2.9543873203367945,1,1375.8390220437536,1.0,1.0
2026-03-22T21:10:07.745-705391-59075,722,false,0.4276085057855987,1,1375.8390220437536,1.0,1.0
2026-03-22T21:10:07.745-705391-59075,982,false,4.999418874915445,1,1375.8390220437536,1.0,1.0
2026-03-22T21:10:07.745-705391-59075,116,false,411.5006961473316,1,1375.8390220437536,1.0,1.0
2026-03-22T21:10:07.745-705391-59075,230,true,6.766813575508707,1,1369.072208468245,1.0,0.0
2026-03-22T21:10:07.745-705391-59075,701,true,0.31714176337291083,1,1368.755066704872,1.0,0.727
2026-03-22T21:10:07.745-705391-59075,743,false,36.797439086601685,1,1368.755066704872,1.0,1.0
2026-03-22T21:10:07.745-705391-59075,935,true,31.243659086032327,1,1337.5114076188397,1.0,0.6839999999999999
2026-03-22T21:10:07.745-705391-59075,64,false,0.4555066634464707,1,1337.5114076188397,1.0,1.0
2026-03-22T21:10:07.745-705391-59075,213,false,0.8326578858009823,1,1337.5114076188397,1.0,1.0
2026-03-22T21:10:07.745-705391-59075,141,true,0.2971233605834004,1,1337.2142842582564,1.0,0.728
2026-03-22T21:10:07.745-705391-59075,46,false,1.7086531168434298,1,1337.2142842582564,1.0,1.0
2026-03-22T21:10:07.745-705391-59075,850,false,0.25874147035601086,1,1337.2142842582564,1.0,1.0
2026-03-22T21:10:07.745-705391-59075,702,true,56.73102836941645,1,1280.48325588884,1.0,0.014000000000000012
2026-03-22T21:10:07.745-705391-59075,620,false,21.167221537717264,1,1280.48325588884,1.0,1.0
2026-03-22T21:10:07.745-705391-59075,739,false,48.634728033038165,1,1280.48325588884,1.0,1.0
2026-03-22T21:10:07.745-705391-59075,826,true,9.030593792158262,1,1271.4526620966817,1.0,0.863
2026-03-22T21:10:07.745-705391-59075,843,true,16.00450476530031,1,1255.4481573313815,1.0,0.7070000000000001
2026-03-22T21:10:07.745-705391-59075,983,false,0.25346212988914496,1,1255.4481573313815,1.0,1.0
2026-03-22T21:10:07.745-705391-59075,196,false,21.865492173916795,1,1255.4481573313815,1.0,1.0
2026-03-22T21:10:07.745-705391-59075,423,false,0.4775685860575959,1,1255.4481573313815,1.0,1.0
2026-03-22T21:10:07.745-705391-59075,179,false,1.3887444873454018,1,1255.4481573313815,1.0,1.0
2026-03-22T21:10:07.745-705391-59075,264,false,13.608960053806062,1,1255.4481573313815,1.0,1.0
2026-03-22T21:10:07.745-705391-59075,747,false,3.9362072176366754,1,1255.4481573313815,1.0,1.0
2026-03-22T21:10:07.745-705391-59075,71,true,13.999990942590236,1,1241.4481663887912,1.0,0.868
2026-03-22T21:10:07.745-705391-59075,992,false,4.851856439950143,1,1241.4481663887912,1.0,1.0
2026-03-22T21:10:07.745-705391-59075,439,false,2.346866506888885,1,1241.4481663887912,1.0,1.0
2026-03-22T21:10:07.745-705391-59075,396,false,102.60196841149454,1,1241.4481663887912,1.0,1.0
2026-03-22T21:10:07.745-705391-59075,591,false,0.13102763334498127,1,1241.4481663887912,1.0,1.0
2026-03-22T21:10:07.745-705391-59075,69,true,0.2435435076011594,1,1241.20462288119,1.0,0.874
2026-03-22T21:10:07.745-705391-59075,475,false,0.655778866301393,1,1241.20462288119,1.0,1.0
2026-03-22T21:10:07.745-705391-59075,654,true,11.11827057770224,1,1230.0863523034877,1.0,0.0010000000000000009
2026-03-22T21:10:07.745-705391-59075,426,false,0.8535671304764344,1,1230.0863523034877,1.0,1.0
2026-03-22T21:10:07.745-705391-59075,529,false,143.69206817981973,1,1230.0863523034877,1.0,1.0
2026-03-22T21:10:07.745-705391-59075,94,false,0.8551931004928124,1,1230.0863523034877,1.0,1.0
2026-03-22T21:10:07.745-705391-59075,110,false,0.330806743424727,1,1230.0863523034877,1.0,1.0
2026-03-22T21:10:07.745-705391-59075,906,false,2.5605554101314416,1,1230.0863523034877,1.0,1.0
2026-03-22T21:10:07.745-705391-59075,880,true,5.114928076067367,1,1224.9714242274204,1.0,0.0
2026-03-22T21:10:07.745-705391-59075,653,true,0.5993285559341995,1,1224.3720956714862,1.0,0.0
2026-03-22T21:10:07.745-705391-59075,608,false,9.807670969325022,1,1224.3720956714862,1.0,1.0
2026-03-22T21:10:07.745-705391-59075,540,false,3.4064464317540155,1,1224.3720956714862,1.0,1.0
2026-03-22T21:10:07.745-705391-59075,622,false,0.1575760767817084,1,1224.3720956714862,1.0,1.0
2026-03-22T21:10:07.745-705391-59075,899,false,4.427313364800087,1,1224.3720956714862,1.0,1.0
2026-03-22T21:10:07.745-705391-59075,398,false,10.427487989377282,1,1224.3720956714862,1.0,1.0
2026-03-22T21:10:07.745-705391-59075,327,false,0.08106527786127464,1,1224.3720956714862,1.0,1.0
2026-03-22T21:10:07.745-705391-59075,977,false,13.479539782662437,1,1224.3720956714862,1.0,1.0
2026-03-22T21:10:07.745-705391-59075,257,false,3.1100828820579465,1,1224.3720956714862,1.0,1.0
2026-03-22T21:10:07.745-705391-59075,964,true,0.44123899728534366,1,1223.9308566742009,1.0,0.7110000000000001
2026-03-22T21:10:07.745-705391-59075,903,false,3.1867495351261153,1,1223.9308566742009,1.0,1.0
2026-03-22T21:10:07.745-705391-59075,368,false,0.006424366577212016,1,1223.9308566742009,1.0,1.0
2026-03-22T21:10:07.745-705391-59075,523,false,1.8624626272046443,1,1223.9308566742009,1.0,1.0
2026-03-22T21:10:07.745-705391-59075,411,false,41.20129910375564,1,1223.9308566742009,1.0,1.0
2026-03-22T21:10:07.745-705391-59075,483,true,0.8073945817463656,1,1223.1234620924545,1.0,0.0
2026-03-22T21:10:07.745-705391-59075,553,false,363.9031022723775,1,1223.1234620924545,1.0,1.0
2026-03-22T21:10:07.745-705391-59075,674,false,16.44124337621498,1,1223.1234620924545,1.0,1.0
2026-03-22T21:10:07.745-705391-59075,431,false,2.8026692052520756,1,1223.1234620924545,1.0,1.0
2026-03-22T21:10:07.745-705391-59075,882,true,39.82509748033517,1,1183.2983646121193,1.0,0.0
2026-03-22T21:10:07.745-705391-59075,93,false,8.481740244205344,1,1183.2983646121193,1.0,1.0
2026-03-22T21:10:07.745-705391-59075,971,false,1.0963477848874958,1,1183.2983646121193,1.0,1.0
2026-03-22T21:10:07.745-705391-59075,738,false,1.7777955035734885,1,1183.2983646121193,1.0,1.0
2026-03-22T21:10:07.745-705391-59075,923,false,4.096779329685129,1,1183.2983646121193,1.0,1.0
2026-03-22T21:10:07.745-705391-59075,614,false,79.84871193720429,1,1183.2983646121193,1.0,1.0
2026-03-22T21:10:07.745-705391-59075,535,false,3.73421247676535,1,1183.2983646121193,1.0,1.0
2026-03-22T21:10:07.745-705391-59075,941,true,6.785153311060745,1,1176.5132113010586,1.0,0.0
2026-03-22T21:10:07.745-705391-59075,684,false,17.894671196165806,1,1176.5132113010586,1.0,1.0
2026-03-22T21:10:07.745-705391-59075,785,true,11.260039734350967,1,1165.2531715667076,1.0,0.0
2026-03-22T21:10:07.745-705391-59075,284,false,0.7188960177886009,1,1165.2531715667076,1.0,1.0
2026-03-22T21:10:07.745-705391-59075,104,true,1.4282404731212308,1,1163.8249310935864,1.0,0.9390000000000001
2026-03-22T21:10:07.745-705391-59075,682,false,0.7427444237778825,1,1163.8249310935864,1.0,1.0
2026-03-22T21:10:07.745-705391-59075,913,false,0.01086809615669902,1,1163.8249310935864,1.0,1.0
2026-03-22T21:10:07.745-705391-59075,108,false,5.906853219771336,1,1163.8249310935864,1.0,1.0
2026-03-22T21:10:07.745-705391-59075,506,true,2.016889607666353,1,1161.80804148592,1.0,0.10399999999999998
2026-03-22T21:10:07.745-705391-59075,75,false,17.99772817391174,1,1161.80804148592,1.0,1.0
2026-03-22T21:10:07.745-705391-59075,547,false,12.206271045826911,1,1161.80804148592,1.0,1.0
2026-03-22T21:10:07.745-705391-59075,776,false,5.3252095319409465,1,1161.80804148592,1.0,1.0
2026-03-22T21:10:07.745-705391-59075,131,false,0.20565985736106016,1,1161.80804148592,1.0,1.0
2026-03-22T21:10:07.745-705391-59075,845,false,0.09734696530420216,1,1161.80804148592,1.0,1.0
2026-03-22T21:10:07.745-705391-59075,27,false,0.3155600544546705,1,1161.80804148592,1.0,1.0
2026-03-22T21:10:07.745-705391-59075,884,true,0.6971444917764155,1,1161.1108969941436,1.0,0.0030000000000000027
2026-03-22T21:10:07.745-705391-59075,63,false,28.111636395315994,1,1161.1108969941436,1.0,1.0
2026-03-22T21:10:07.745-705391-59075,212,false,0.5312440467708707,1,1161.1108969941436,1.0,1.0
2026-03-22T21:10:07.745-705391-59075,528,false,0.4400379699851233,1,1161.1108969941436,1.0,1.0
2026-03-22T21:10:07.745-705391-59075,292,true,0.2227505863154569,1,1160.8881464078281,1.0,0.924
2026-03-22T21:10:07.745-705391-59075,53,false,79.75035099660434,1,1160.8881464078281,1.0,1.0
2026-03-22T21:10:07.745-705391-59075,476,false,8.26392958353601,1,1160.8881464078281,1.0,1.0
2026-03-22T21:10:07.745-705391-59075,304,true,3.1232152693947035,1,1157.7649311384334,1.0,0.0010000000000000009
2026-03-22T21:10:07.745-705391-59075,185,false,19.355647167142884,1,1157.7649311384334,1.0,1.0
2026-03-22T21:10:07.745-705391-59075,77,false,3.6814451554921326,1,1157.7649311384334,1.0,1.0
2026-03-22T21:10:07.745-705391-59075,381,true,6.550136177952692,1,1151.2147949604807,1.0,0.736
2026-03-22T21:10:07.745-705391-59075,21,false,13.869764927513152,1,1151.2147949604807,1.0,1.0
2026-03-22T21:10:07.745-705391-59075,729,false,17.247394982161627,1,1151.2147949604807,1.0,1.0
2026-03-22T21:10:07.745-705391-59075,386,false,0.5041869497397752,1,1151.2147949604807,1.0,1.0
2026-03-22T21:10:07.745-705391-59075,857,true,6.983359527647262,1,1144.2314354328335,1.0,0.999
2026-03-22T21:10:07.745-705391-59075,998,true,16.081252370793496,1,1128.15018306204,1.0,0.846
2026-03-22T21:10:07.745-705391-59075,478,true,1.303900991699101,1,1126.846282070341,1.0,0.7070000000000001
2026-03-22T21:10:07.745-705391-59075,228,true,2.6955399987022393,1,1124.1507420716387,1.0,0.0
2026-03-22T21:10:07.745-705391-59075,671,true,10.013272910881788,1,1114.1374691607568,1.0,0.863
2026-03-22T21:10:07.745-705391-59075,324,false,0.35547431052501655,1,1114.1374691607568,1.0,1.0
2026-03-22T21:10:07.745-705391-59075,921,false,1.4146971894389968,1,1114.1374691607568,1.0,1.0
2026-03-22T21:10:07.745-705391-59075,194,false,0.17286877967085737,1,1114.1374691607568,1.0,1.0
2026-03-22T21:10:07.745-705391-59075,748,false,1.315039580521356,1,1114.1374691607568,1.0,1.0
2026-03-22T21:10:07.745-705391-59075,446,false,9.67957980576936,1,1114.1374691607568,1.0,1.0
2026-03-22T21:10:07.745-705391-59075,851,false,18.437147832707378,1,1114.1374691607568,1.0,1.0
2026-03-22T21:10:07.745-705391-59075,97,false,10.115479984971762,1,1114.1374691607568,1.0,1.0
2026-03-22T21:10:07.745-705391-59075,385,false,3.2027893987886653,1,1114.1374691607568,1.0,1.0
2026-03-22T21:10:07.745-705391-59075,356,true,31.17459336007428,1,1082.9628758006825,1.0,0.0
2026-03-22T21:10:07.745-705391-59075,199,false,0.41385350904536333,1,1082.9628758006825,1.0,1.0
2026-03-22T21:10:07.745-705391-59075,889,false,3.243501456929971,1,1082.9628758006825,1.0,1.0
2026-03-22T21:10:07.745-705391-59075,56,false,2.062581388770672,1,1082.9628758006825,1.0,1.0
2026-03-22T21:10:07.745-705391-59075,448,false,14.581373135492257,1,1082.9628758006825,1.0,1.0
2026-03-22T21:10:07.745-705391-59075,187,false,16.233162113923754,1,1082.9628758006825,1.0,1.0
2026-03-22T21:10:07.745-705391-59075,123,false,16.43973439122964,1,1082.9628758006825,1.0,1.0
2026-03-22T21:10:07.745-705391-59075,227,false,0.03211366590158662,1,1082.9628758006825,1.0,1.0
2026-03-22T21:10:07.745-705391-59075,711,false,67.16232331005891,1,1082.9628758006825,1.0,1.0
2026-03-22T21:10:07.745-705391-59075,687,false,0.7647632641941472,1,1082.9628758006825,1.0,1.0
2026-03-22T21:10:07.745-705391-59075,248,true,22.624988306780395,1,1060.3378874939021,1.0,0.0
2026-03-22T21:10:07.745-705391-59075,140,true,59.73844615288378,1,1000.5994413410184,1.0,0.013000000000000012
2026-03-22T21:10:07.745-705391-59075,340,true,34.14583584571487,1,966.4536054953036,1.0,0.0
2026-03-22T21:10:07.745-705391-59075,627,false,271.39250505235685,1,966.4536054953036,1.0,1.0
2026-03-22T21:10:07.745-705391-59075,814,false,1.9055849978599186,1,966.4536054953036,1.0,1.0
2026-03-22T21:10:07.745-705391-59075,819,false,4.452157267909671,1,966.4536054953036,1.0,1.0
2026-03-22T21:10:07.745-705391-59075,890,false,0.33303708334343596,1,966.4536054953036,1.0,1.0
2026-03-22T21:10:07.745-705391-59075,318,true,0.37357003150108836,1,966.0800354638025,1.0,0.0
2026-03-22T21:10:07.745-705391-59075,389,false,127.23314061585369,1,966.0800354638025,1.0,1.0
2026-03-22T21:10:07.745-705391-59075,379,true,5.30999137777233,1,960.7700440860301,1.0,0.0010000000000000009
2026-03-22T21:10:07.745-705391-59075,413,false,92.2408025707112,1,960.7700440860301,1.0,1.0
2026-03-22T21:10:07.745-705391-59075,830,false,0.07993994733999629,1,960.7700440860301,1.0,1.0
2026-03-22T21:10:07.745-705391-59075,563,false,5.224106639865615,1,960.7700440860301,1.0,1.0
2026-03-22T21:10:07.745-705391-59075,101,true,3.8288607698282817,1,956.9411833162019,1.0,0.677
2026-03-22T21:10:07.745-705391-59075,877,true,0.49896147329740853,1,956.4422218429045,1.0,0.0
2026-03-22T21:10:07.745-705391-59075,812,true,38.66080430465538,1,917.7814175382491,1.0,0.867
2026-03-22T21:10:07.745-705391-59075,678,false,4.83414074530609,1,917.7814175382491,1.0,1.0
2026-03-22T21:10:07.745-705391-59075,62,false,0.18176040880439492,1,917.7814175382491,1.0,1.0
2026-03-22T21:10:07.745-705391-59075,760,false,90.80677145987259,1,917.7814175382491,1.0,1.0
2026-03-22T21:10:07.745-705391-59075,925,false,150.40323209992258,1,917.7814175382491,1.0,1.0
2026-03-22T21:10:07.745-705391-59075,753,false,0.25270525260846893,1,917.7814175382491,1.0,1.0
2026-03-22T21:10:07.745-705391-59075,613,false,0.4187054237347065,1,917.7814175382491,1.0,1.0
2026-03-22T21:10:07.745-705391-59075,343,true,3.262891709520272,1,914.5185258287288,1.0,0.706
2026-03-22T21:10:07.745-705391-59075,541,false,0.12068483055945409,1,914.5185258287288,1.0,1.0
2026-03-22T21:10:07.745-705391-59075,508,true,3.318574239046523,1,911.1999515896823,1.0,0.733
2026-03-22T21:10:07.745-705391-59075,757,false,0.007799451822109971,1,911.1999515896823,1.0,1.0
2026-03-22T21:10:07.745-705391-59075,282,false,1.352033513030362,1,911.1999515896823,1.0,1.0
2026-03-22T21:10:07.745-705391-59075,473,false,0.33808719550151756,1,911.1999515896823,1.0,1.0
2026-03-22T21:10:07.745-705391-59075,353,true,7.283520197008556,1,903.9164313926738,1.0,0.019000000000000017
2026-03-22T21:10:07.745-705391-59075,303,true,6.36172500848262,1,897.5547063841911,1.0,0.0020000000000000018
2026-03-22T21:10:07.745-705391-59075,888,false,4.026756247799651,1,897.5547063841911,1.0,1.0
2026-03-22T21:10:07.745-705391-59075,49,false,0.5133140915345198,1,897.5547063841911,1.0,1.0
2026-03-22T21:10:07.745-705391-59075,96,false,0.012362080400195444,1,897.5547063841911,1.0,1.0
2026-03-22T21:10:07.745-705391-59075,434,false,4.507604693979131,1,897.5547063841911,1.0,1.0
2026-03-22T21:10:07.745-705391-59075,126,false,2.761907801871941,1,897.5547063841911,1.0,1.0
2026-03-22T21:10:07.745-705391-59075,583,true,1.2958025505615192,1,896.2589038336296,1.0,0.0
2026-03-22T21:10:07.745-705391-59075,974,false,2.3838322435756942,1,896.2589038336296,1.0,1.0
2026-03-22T21:10:07.745-705391-59075,190,true,45.442263233716695,1,850.8166405999128,1.0,0.858
2026-03-22T21:10:07.745-705391-59075,985,false,6.35631041739686,1,850.8166405999128,1.0,1.0
2026-03-22T21:10:07.745-705391-59075,598,false,0.2997719442195736,1,850.8166405999128,1.0,1.0
2026-03-22T21:10:07.745-705391-59075,203,false,4.3751428470425,1,850.8166405999128,1.0,1.0
2026-03-22T21:10:07.745-705391-59075,472,false,17.668058757993617,1,850.8166405999128,1.0,1.0
2026-03-22T21:10:07.745-705391-59075,595,false,2.123610933794825,1,850.8166405999128,1.0,1.0
2026-03-22T21:10:07.745-705391-59075,422,false,34.02637833378249,1,850.8166405999128,1.0,1.0
2026-03-22T21:10:07.745-705391-59075,569,false,0.3163819823969464,1,850.8166405999128,1.0,1.0
2026-03-22T21:10:07.745-705391-59075,239,true,0.5944433695756158,1,850.2221972303372,1.0,0.0
2026-03-22T21:10:07.745-705391-59075,639,true,1.2066080919693882,1,849.0155891383678,1.0,0.0
2026-03-22T21:10:07.745-705391-59075,937,true,4.675348247321787,1,844.3402408910459,1.0,0.0
2026-03-22T21:10:07.745-705391-59075,440,false,68.87811123463263,1,844.3402408910459,1.0,1.0
2026-03-22T21:10:07.745-705391-59075,325,false,0.2927720760118918,1,844.3402408910459,1.0,1.0
2026-03-22T21:10:07.745-705391-59075,182,false,12.925241725382168,1,844.3402408910459,1.0,1.0
2026-03-22T21:10:07.745-705391-59075,107,true,9.547297215688893,1,834.792943675357,1.0,0.694
2026-03-22T21:10:07.745-705391-59075,640,true,16.008411367355237,1,818.7845323080018,1.0,0.0
2026-03-22T21:10:07.745-705391-59075,637,true,0.2824849253041125,1,818.5020473826977,1.0,0.0
2026-03-22T21:10:07.745-705391-59075,840,false,0.019682003790160375,1,818.5020473826977,1.0,1.0
2026-03-22T21:10:07.745-705391-59075,151,true,7.246156725731645,1,811.255890656966,1.0,0.873
2026-03-22T21:10:07.745-705391-59075,838,true,10.811852478263996,1,800.444038178702,1.0,0.0020000000000000018
2026-03-22T21:10:07.745-705391-59075,122,true,11.44897463181801,1,788.995063546884,1.0,0.852
2026-03-22T21:10:07.745-705391-59075,820,false,47.98305736982665,1,788.995063546884,1.0,1.0
2026-03-22T21:10:07.745-705391-59075,566,false,1.7576674906533232,1,788.995063546884,1.0,1.0
2026-03-22T21:10:07.745-705391-59075,554,false,109.63956010049343,1,788.995063546884,1.0,1.0
2026-03-22T21:10:07.745-705391-59075,91,true,4.687304173793552,1,784.3077593730904,1.0,0.7130000000000001
2026-03-22T21:10:07.745-705391-59075,847,false,0.5891477485878618,1,784.3077593730904,1.0,1.0
2026-03-22T21:10:07.745-705391-59075,188,true,132.810363768449,1,651.4973956046415,1.0,0.6599999999999999
2026-03-22T21:10:07.745-705391-59075,703,false,0.03496224719172578,1,651.4973956046415,1.0,1.0
2026-03-22T21:10:07.745-705391-59075,823,true,0.5538270127985354,1,650.943568591843,1.0,0.721
2026-03-22T21:10:07.745-705391-59075,195,false,105.57849673604775,1,650.943568591843,1.0,1.0
2026-03-22T21:10:07.745-705391-59075,252,true,2.739977875090556,1,648.2035907167525,1.0,0.0
2026-03-22T21:10:07.745-705391-59075,683,false,2.0619587589393937,1,648.2035907167525,1.0,1.0
2026-03-22T21:10:07.745-705391-59075,198,false,18.171937821700876,1,648.2035907167525,1.0,1.0
2026-03-22T21:10:07.745-705391-59075,825,true,113.49500299220496,1,534.7085877245476,1.0,0.0
2026-03-22T21:10:07.745-705391-59075,852,false,281.4877486803875,1,534.7085877245476,1.0,1.0
2026-03-22T21:10:07.745-705391-59075,513,true,0.2819754383086005,1,534.426612286239,1.0,0.0010000000000000009
2026-03-22T21:10:07.745-705391-59075,841,true,0.9622911050202765,1,533.4643211812187,1.0,0.0
2026-03-22T21:10:07.745-705391-59075,270,false,0.2898114030003131,1,533.4643211812187,1.0,1.0
2026-03-22T21:10:07.745-705391-59075,178,false,0.9336481761435554,1,533.4643211812187,1.0,1.0
2026-03-22T21:10:07.745-705391-59075,219,false,2.472488401879144,1,533.4643211812187,1.0,1.0
2026-03-22T21:10:07.745-705391-59075,274,false,28.34782510249173,1,533.4643211812187,1.0,1.0
2026-03-22T21:10:07.745-705391-59075,675,false,2.12834830078783,1,533.4643211812187,1.0,1.0
2026-03-22T21:10:07.745-705391-59075,886,true,70.74056312038397,1,462.7237580608347,1.0,0.6859999999999999
2026-03-22T21:10:07.745-705391-59075,533,false,1.1752416574976359,1,462.7237580608347,1.0,1.0
2026-03-22T21:10:07.745-705391-59075,696,false,0.034466613698235726,1,462.7237580608347,1.0,1.0
2026-03-22T21:10:07.745-705391-59075,530,false,11.763503156333543,1,462.7237580608347,1.0,1.0
2026-03-22T21:10:07.745-705391-59075,118,true,471.9017799293622,1,-9.17802186852748,1.0,0.766
2026-03-22T21:10:07.745-455326-290955,970,true,166.74727152604027,1,4401.174563564565,1.0,0.99
2026-03-22T21:10:07.745-455326-290955,453,true,1.279172865622355,1,4399.895390698943,1.0,0.993
2026-03-22T21:10:07.745-455326-290955,365,true,11.617493368030802,1,4388.277897330912,1.0,0.995
2026-03-22T21:10:07.745-455326-290955,729,true,0.3240700340936843,1,4387.953827296818,1.0,0.994
2026-03-22T21:10:07.745-455326-290955,440,false,0.046783345750932834,1,4387.953827296818,1.0,1.0
2026-03-22T21:10:07.745-455326-290955,696,true,0.2269335867074122,1,4387.726893710111,1.0,0.991
2026-03-22T21:10:07.745-455326-290955,505,true,1.2952992496167735,1,4386.431594460494,1.0,0.987
2026-03-22T21:10:07.745-455326-290955,517,true,3.6989758082230044,1,4382.732618652271,1.0,0.989
2026-03-22T21:10:07.745-455326-290955,13,true,0.879844865298094,1,4381.852773786974,1.0,0.995
2026-03-22T21:10:07.745-455326-290955,506,false,0.06715502942996471,1,4381.852773786974,1.0,1.0
2026-03-22T21:10:07.745-455326-290955,983,true,8.156865778458899,1,4373.695908008514,1.0,0.989
2026-03-22T21:10:07.745-455326-290955,937,true,9.280615322642243,1,4364.415292685872,1.0,0.997
2026-03-22T21:10:07.745-455326-290955,516,true,122.2875898850854,1,4242.127702800787,1.0,0.842
2026-03-22T21:10:07.745-455326-290955,804,true,4.601523495921032,1,4237.526179304866,1.0,0.991
2026-03-22T21:10:07.745-455326-290955,748,true,0.510845604044293,1,4237.015333700821,1.0,0.991
2026-03-22T21:10:07.745-455326-290955,884,true,15.046976971404087,1,4221.968356729418,1.0,0.987
2026-03-22T21:10:07.745-455326-290955,888,true,0.6971308570219475,1,4221.271225872396,1.0,0.991
2026-03-22T21:10:07.745-455326-290955,164,true,0.36742679698373226,1,4220.903799075412,1.0,0.99
2026-03-22T21:10:07.745-455326-290955,847,true,0.5675644838002194,1,4220.336234591612,1.0,0.988
2026-03-22T21:10:07.745-455326-290955,227,true,6.156409180318183,1,4214.179825411294,1.0,0.992
2026-03-22T21:10:07.745-455326-290955,763,true,0.8107319242639104,1,4213.36909348703,1.0,0.988
2026-03-22T21:10:07.745-455326-290955,104,false,0.08507463697670584,1,4213.36909348703,1.0,1.0
2026-03-22T21:10:07.745-455326-290955,848,true,0.28234007693769486,1,4213.086753410093,1.0,0.821
2026-03-22T21:10:07.745-455326-290955,582,true,8.268254311173294,1,4204.818499098919,1.0,0.987
2026-03-22T21:10:07.745-455326-290955,402,true,15.539383020666389,1,4189.279116078253,1.0,0.993
2026-03-22T21:10:07.745-455326-290955,156,true,9.695842217256724,1,4179.583273860996,1.0,0.989
2026-03-22T21:10:07.745-455326-290955,752,true,2.413039127415973,1,4177.17023473358,1.0,0.99
2026-03-22T21:10:07.745-455326-290955,8,true,14.688311572575666,1,4162.4819231610045,1.0,0.991
2026-03-22T21:10:07.745-455326-290955,5,true,7.511079616923295,1,4154.970843544082,1.0,0.728
2026-03-22T21:10:07.745-455326-290955,34,true,91.9768785554511,1,4062.9939649886305,1.0,0.989
2026-03-22T21:10:07.745-455326-290955,266,true,9.905237596223893,1,4053.088727392407,1.0,0.995
2026-03-22T21:10:07.745-455326-290955,685,true,65.40521018643959,1,3987.6835172059673,1.0,0.992
2026-03-22T21:10:07.745-455326-290955,319,true,0.4383168783135371,1,3987.245200327654,1.0,0.987
2026-03-22T21:10:07.745-455326-290955,98,true,0.646798444675131,1,3986.598401882979,1.0,0.99
2026-03-22T21:10:07.745-455326-290955,597,true,0.4257462072893399,1,3986.17265567569,1.0,0.991
2026-03-22T21:10:07.745-455326-290955,883,true,19.79057186605095,1,3966.382083809639,1.0,0.735
2026-03-22T21:10:07.745-455326-290955,73,false,0.0433141849174957,1,3966.382083809639,1.0,1.0
2026-03-22T21:10:07.745-455326-290955,650,false,0.15974087882552196,1,3966.382083809639,1.0,1.0
2026-03-22T21:10:07.745-455326-290955,307,true,0.8566224684765632,1,3965.5254613411626,1.0,0.988
2026-03-22T21:10:07.745-455326-290955,289,true,0.41984730452177005,1,3965.105614036641,1.0,0.988
2026-03-22T21:10:07.745-455326-290955,250,true,23.692557670266556,1,3941.4130563663743,1.0,0.397
2026-03-22T21:10:07.745-455326-290955,682,true,0.21774863495574145,1,3941.195307731419,1.0,0.849
2026-03-22T21:10:07.745-455326-290955,518,true,0.6293816260089127,1,3940.5659261054097,1.0,0.06799999999999995
2026-03-22T21:10:07.745-455326-290955,446,true,2.5266347148583908,1,3938.039291390551,1.0,0.994
2026-03-22T21:10:07.745-455326-290955,148,true,0.2648913314058309,1,3937.774400059145,1.0,0.988
2026-03-22T21:10:07.745-455326-290955,443,true,0.5767544591878732,1,3937.1976455999575,1.0,0.763
2026-03-22T21:10:07.745-455326-290955,372,true,45.55089549290372,1,3891.646750107054,1.0,0.992
2026-03-22T21:10:07.745-455326-290955,686,true,74.15183640086723,1,3817.4949137061867,1.0,0.749
2026-03-22T21:10:07.745-455326-290955,534,true,0.6889686572178482,1,3816.805945048969,1.0,0.988
2026-03-22T21:10:07.745-455326-290955,431,true,19.17008950677689,1,3797.635855542192,1.0,0.992
2026-03-22T21:10:07.745-455326-290955,17,true,2.4487343603623133,1,3795.1871211818298,1.0,0.991
2026-03-22T21:10:07.745-455326-290955,173,true,2.0991400425664115,1,3793.0879811392633,1.0,0.834
2026-03-22T21:10:07.745-455326-290955,803,true,0.5563167804760643,1,3792.531664358787,1.0,0.762
2026-03-22T21:10:07.745-455326-290955,149,false,0.11204125292911336,1,3792.531664358787,1.0,1.0
2026-03-22T21:10:07.745-455326-290955,930,true,0.7201637939200677,1,3791.811500564867,1.0,0.992
2026-03-22T21:10:07.745-455326-290955,323,true,1.9055648413890065,1,3789.905935723478,1.0,0.992
2026-03-22T21:10:07.745-455326-290955,776,true,6.974008675452607,1,3782.931927048025,1.0,0.992
2026-03-22T21:10:07.745-455326-290955,380,true,4.453756288049168,1,3778.478170759976,1.0,0.99
2026-03-22T21:10:07.745-455326-290955,335,false,0.09905927559615545,1,3778.478170759976,1.0,1.0
2026-03-22T21:10:07.745-455326-290955,2,true,8.614210591033215,1,3769.863960168943,1.0,0.06699999999999995
2026-03-22T21:10:07.745-455326-290955,86,true,2.7764726528504604,1,3767.0874875160926,1.0,0.993
2026-03-22T21:10:07.745-455326-290955,466,true,37.39715860624678,1,3729.690328909846,1.0,0.989
2026-03-22T21:10:07.745-455326-290955,395,true,17.375463062031564,1,3712.3148658478144,1.0,0.992
2026-03-22T21:10:07.745-455326-290955,552,true,16.742836860190213,1,3695.572028987624,1.0,0.991
2026-03-22T21:10:07.745-455326-290955,616,true,11.100086631004817,1,3684.4719423566194,1.0,0.994
2026-03-22T21:10:07.745-455326-290955,237,true,2.7000757538350477,1,3681.7718666027845,1.0,0.99
2026-03-22T21:10:07.745-455326-290955,179,true,5.6095150506884774,1,3676.162351552096,1.0,0.995
2026-03-22T21:10:07.745-455326-290955,923,true,0.5917092705890927,1,3675.570642281507,1.0,0.993
2026-03-22T21:10:07.745-455326-290955,424,true,3.56999615208556,1,3672.0006461294215,1.0,0.989
2026-03-22T21:10:07.745-455326-290955,94,true,0.24465002967693386,1,3671.7559960997446,1.0,0.993
2026-03-22T21:10:07.745-455326-290955,995,true,10.9814368240215,1,3660.7745592757233,1.0,0.989
2026-03-22T21:10:07.745-455326-290955,70,true,13.27737582786043,1,3647.497183447863,1.0,0.992
2026-03-22T21:10:07.745-455326-290955,955,true,0.7253417974747196,1,3646.771841650388,1.0,0.991
2026-03-22T21:10:07.745-455326-290955,272,true,2.2478045720768187,1,3644.5240370783113,1.0,0.99
2026-03-22T21:10:07.745-455326-290955,691,false,0.14158606161306966,1,3644.5240370783113,1.0,1.0
2026-03-22T21:10:07.745-455326-290955,632,true,1.5199939518363432,1,3643.0040431264747,1.0,0.987
2026-03-22T21:10:07.745-455326-290955,728,true,54.250760430703295,1,3588.7532826957713,1.0,0.716
2026-03-22T21:10:07.745-455326-290955,408,true,1.0306757277448426,1,3587.7226069680264,1.0,0.986
2026-03-22T21:10:07.745-455326-290955,862,true,74.3368155899539,1,3513.3857913780726,1.0,0.992
2026-03-22T21:10:07.745-455326-290955,986,true,0.9180199773246933,1,3512.467771400748,1.0,0.8240000000000001
2026-03-22T21:10:07.745-455326-290955,992,true,75.95912941004208,1,3436.508641990706,1.0,0.744
2026-03-22T21:10:07.745-455326-290955,850,true,8.5102672144093,1,3427.9983747762967,1.0,0.23399999999999999
2026-03-22T21:10:07.745-455326-290955,261,true,0.21871186592077135,1,3427.779662910376,1.0,0.993
2026-03-22T21:10:07.745-455326-290955,347,true,34.014849265151426,1,3393.7648136452244,1.0,0.994
2026-03-22T21:10:07.745-455326-290955,509,false,0.0742296793630581,1,3393.7648136452244,1.0,1.0
2026-03-22T21:10:07.745-455326-290955,874,true,34.248164839093334,1,3359.516648806131,1.0,0.992
2026-03-22T21:10:07.745-455326-290955,409,true,308.30392887862513,1,3051.2127199275055,1.0,0.7010000000000001
2026-03-22T21:10:07.745-455326-290955,115,true,8.075379823282619,1,3043.137340104223,1.0,0.762
2026-03-22T21:10:07.745-455326-290955,982,true,3.610901260409467,1,3039.5264388438136,1.0,0.771
2026-03-22T21:10:07.745-455326-290955,526,true,18.223858234332287,1,3021.302580609481,1.0,0.988
2026-03-22T21:10:07.745-455326-290955,302,true,37.0685121592755,1,2984.2340684502055,1.0,0.985
2026-03-22T21:10:07.745-455326-290955,392,true,1.8005768843835852,1,2982.433491565822,1.0,0.8069999999999999
2026-03-22T21:10:07.745-455326-290955,652,false,0.12043055923685657,1,2982.433491565822,1.0,1.0
2026-03-22T21:10:07.745-455326-290955,981,true,3.456378595798225,1,2978.977112970024,1.0,0.06599999999999995
2026-03-22T21:10:07.745-455326-290955,697,true,0.8239699577011251,1,2978.1531430123227,1.0,0.754
2026-03-22T21:10:07.745-455326-290955,44,true,2.3740762741899597,1,2975.7790667381328,1.0,0.991
2026-03-22T21:10:07.745-455326-290955,463,true,10.858676525986489,1,2964.9203902121462,1.0,0.722
2026-03-22T21:10:07.745-455326-290955,636,true,18.85649013158808,1,2946.063900080558,1.0,0.992
2026-03-22T21:10:07.745-455326-290955,767,true,1.4684038089796931,1,2944.5954962715787,1.0,0.992
2026-03-22T21:10:07.745-455326-290955,291,true,46.52238010520217,1,2898.0731161663766,1.0,0.734
2026-03-22T21:10:07.745-455326-290955,894,true,0.2682981331203301,1,2897.804818033256,1.0,0.993
2026-03-22T21:10:07.745-455326-290955,223,false,0.055806207623726053,1,2897.804818033256,1.0,1.0
2026-03-22T21:10:07.745-455326-290955,28,true,2.9082693698494912,1,2894.8965486634065,1.0,0.992
2026-03-22T21:10:07.745-455326-290955,929,true,6.770089386260153,1,2888.1264592771463,1.0,0.758
2026-03-22T21:10:07.745-455326-290955,905,true,4.109541177522654,1,2884.0169180996236,1.0,0.991
2026-03-22T21:10:07.745-455326-290955,376,true,0.4464961219500012,1,2883.5704219776735,1.0,0.996
2026-03-22T21:10:07.745-455326-290955,857,true,8.39546034996175,1,2875.1749616277116,1.0,0.994
2026-03-22T21:10:07.745-455326-290955,523,true,7.106089334092827,1,2868.068872293619,1.0,0.742
2026-03-22T21:10:07.745-455326-290955,168,true,0.3399329210643384,1,2867.7289393725546,1.0,0.992
2026-03-22T21:10:07.745-455326-290955,362,true,0.2829916759700175,1,2867.4459476965844,1.0,0.756
2026-03-22T21:10:07.745-455326-290955,211,true,2.1668075667010203,1,2865.279140129883,1.0,0.995
2026-03-22T21:10:07.745-455326-290955,864,true,7.387158462813844,1,2857.8919816670696,1.0,0.8009999999999999
2026-03-22T21:10:07.745-455326-290955,218,true,4.847251138340362,1,2853.0447305287294,1.0,0.989
2026-03-22T21:10:07.745-455326-290955,808,true,22.983470170441993,1,2830.061260358287,1.0,0.989
2026-03-22T21:10:07.745-455326-290955,677,true,0.35931589750184184,1,2829.7019444607854,1.0,0.995
2026-03-22T21:10:07.745-455326-290955,110,true,9.290633504242853,1,2820.4113109565424,1.0,0.992
2026-03-22T21:10:07.745-455326-290955,570,false,0.04567068917214705,1,2820.4113109565424,1.0,1.0
2026-03-22T21:10:07.745-455326-290955,853,true,0.21039542103118156,1,2820.2009155355113,1.0,0.775
2026-03-22T21:10:07.745-455326-290955,792,true,0.6514621007584964,1,2819.5494534347526,1.0,0.987
2026-03-22T21:10:07.745-455326-290955,979,false,0.09374511058267725,1,2819.5494534347526,1.0,1.0
2026-03-22T21:10:07.745-455326-290955,709,false,0.18808692974748203,1,2819.5494534347526,1.0,1.0
2026-03-22T21:10:07.745-455326-290955,571,true,1.509315214198463,1,2818.040138220554,1.0,0.993
2026-03-22T21:10:07.745-455326-290955,58,true,0.24027250888917961,1,2817.799865711665,1.0,0.832
2026-03-22T21:10:07.745-455326-290955,203,true,2.7717009663474625,1,2815.0281647453176,1.0,0.991
2026-03-22T21:10:07.745-455326-290955,229,true,66.91901800423746,1,2748.10914674108,1.0,0.763
2026-03-22T21:10:07.745-455326-290955,270,true,5.309428828256816,1,2742.7997179128233,1.0,0.754
2026-03-22T21:10:07.745-455326-290955,495,false,0.08488238283127732,1,2742.7997179128233,1.0,1.0
2026-03-22T21:10:07.745-455326-290955,192,false,0.004892476677719129,1,2742.7997179128233,1.0,1.0
2026-03-22T21:10:07.745-455326-290955,176,true,0.6172836200394674,1,2742.182434292784,1.0,0.21499999999999997
2026-03-22T21:10:07.745-455326-290955,62,true,27.0653318093069,1,2715.117102483477,1.0,0.988
2026-03-22T21:10:07.745-455326-290955,280,true,6.487539558387049,1,2708.62956292509,1.0,0.993
2026-03-22T21:10:07.745-455326-290955,715,true,2.797556679597218,1,2705.8320062454927,1.0,0.992
2026-03-22T21:10:07.745-455326-290955,458,true,1.6961262126054975,1,2704.135880032887,1.0,0.988
2026-03-22T21:10:07.745-455326-290955,350,true,6.5664427889461905,1,2697.569437243941,1.0,0.728
2026-03-22T21:10:07.745-455326-290955,781,true,1.6404104524749428,1,2695.929026791466,1.0,0.988
2026-03-22T21:10:07.745-455326-290955,268,true,0.8036444184549482,1,2695.1253823730112,1.0,0.06399999999999995
2026-03-22T21:10:07.745-455326-290955,528,true,1.9797364719184072,1,2693.145645901093,1.0,0.747
2026-03-22T21:10:07.745-455326-290955,702,true,0.6405401476348469,1,2692.505105753458,1.0,0.995
2026-03-22T21:10:07.745-455326-290955,860,true,0.29826223563962406,1,2692.2068435178185,1.0,0.06499999999999995
2026-03-22T21:10:07.745-455326-290955,768,true,2.3845728724801587,1,2689.8222706453384,1.0,0.756
2026-03-22T21:10:07.745-455326-290955,830,true,0.8862520712478882,1,2688.9360185740907,1.0,0.988
2026-03-22T21:10:07.745-455326-290955,338,true,1.688978513426662,1,2687.247040060664,1.0,0.989
2026-03-22T21:10:07.745-455326-290955,744,true,1.6376127987151434,1,2685.609427261949,1.0,0.991
2026-03-22T21:10:07.745-455326-290955,606,true,33.88615885174985,1,2651.723268410199,1.0,0.989
2026-03-22T21:10:07.745-455326-290955,357,true,26.1914964244361,1,2625.531771985763,1.0,0.99
2026-03-22T21:10:07.745-455326-290955,827,true,7.522285188771767,1,2618.0094867969915,1.0,0.763
2026-03-22T21:10:07.745-455326-290955,662,true,144.06225490712472,1,2473.947231889867,1.0,0.994
2026-03-22T21:10:07.745-455326-290955,984,true,9.437025281757991,1,2464.510206608109,1.0,0.0
2026-03-22T21:10:07.745-455326-290955,213,true,12.585301378721867,1,2451.924905229387,1.0,0.725
2026-03-22T21:10:07.745-455326-290955,586,true,3.8727953534417185,1,2448.0521098759455,1.0,0.989
2026-03-22T21:10:07.745-455326-290955,427,true,24.420077003775994,1,2423.6320328721695,1.0,0.748
2026-03-22T21:10:07.745-455326-290955,500,true,0.8167345132560495,1,2422.8152983589134,1.0,0.994
2026-03-22T21:10:07.745-455326-290955,102,true,10.371481697162931,1,2412.4438166617506,1.0,0.993
2026-03-22T21:10:07.745-455326-290955,854,true,5.165709238183492,1,2407.2781074235672,1.0,0.05900000000000005
2026-03-22T21:10:07.745-455326-290955,757,true,29.455521750199456,1,2377.822585673368,1.0,0.991
2026-03-22T21:10:07.745-455326-290955,423,true,0.20971309220069392,1,2377.6128725811673,1.0,0.737
2026-03-22T21:10:07.745-455326-290955,722,true,2.904915275032743,1,2374.7079573061346,1.0,0.987
2026-03-22T21:10:07.745-455326-290955,142,true,1.9220366318813764,1,2372.7859206742532,1.0,0.994
2026-03-22T21:10:07.745-455326-290955,644,true,2.5812496441681696,1,2370.204671030085,1.0,0.986
2026-03-22T21:10:07.745-455326-290955,479,true,4.391585701428077,1,2365.813085328657,1.0,0.994
2026-03-22T21:10:07.745-455326-290955,90,true,9.902345017686612,1,2355.9107403109706,1.0,0.789
2026-03-22T21:10:07.745-455326-290955,989,true,1.1234403474172647,1,2354.7872999635533,1.0,0.06399999999999995
2026-03-22T21:10:07.745-455326-290955,417,true,1.1024081534308172,1,2353.6848918101223,1.0,0.992
2026-03-22T21:10:07.745-455326-290955,171,true,35.34236550482566,1,2318.342526305297,1.0,0.07499999999999996
2026-03-22T21:10:07.745-455326-290955,125,true,0.8932910682930609,1,2317.449235237004,1.0,0.993
2026-03-22T21:10:07.745-455326-290955,483,true,15.54122975209289,1,2301.908005484911,1.0,0.993
2026-03-22T21:10:07.745-455326-290955,1,true,1.9903829318683093,1,2299.9176225530427,1.0,0.06899999999999995
2026-03-22T21:10:07.745-455326-290955,843,true,33.38150146523891,1,2266.5361210878036,1.0,0.993
2026-03-22T21:10:07.745-455326-290955,313,true,7.375739662441686,1,2259.1603814253617,1.0,0.994
2026-03-22T21:10:07.745-455326-290955,364,true,28.90901389476218,1,2230.2513675305995,1.0,0.243
2026-03-22T21:10:07.745-455326-290955,604,true,35.48647748350107,1,2194.7648900470986,1.0,0.752
2026-03-22T21:10:07.745-455326-290955,267,true,27.060855688629694,1,2167.704034358469,1.0,0.0
2026-03-22T21:10:07.745-455326-290955,447,true,4.7799128705727565,1,2162.924121487896,1.0,0.721
2026-03-22T21:10:07.745-455326-290955,244,false,0.13721410669331202,1,2162.924121487896,1.0,1.0
2026-03-22T21:10:07.745-455326-290955,952,true,34.11858786348336,1,2128.805533624413,1.0,0.741
2026-03-22T21:10:07.745-455326-290955,867,true,2.146302521434596,1,2126.659231102978,1.0,0.815
2026-03-22T21:10:07.745-455326-290955,262,true,9.711418990295432,1,2116.9478121126826,1.0,0.754
2026-03-22T21:10:07.745-455326-290955,241,true,1.4598116305794209,1,2115.4880004821034,1.0,0.991
2026-03-22T21:10:07.745-455326-290955,694,true,0.23020952692464292,1,2115.2577909551787,1.0,0.254
2026-03-22T21:10:07.745-455326-290955,439,true,0.47100514697621343,1,2114.7867858082027,1.0,0.99
2026-03-22T21:10:07.745-455326-290955,367,true,34.1067884792043,1,2080.6799973289985,1.0,0.05400000000000005
2026-03-22T21:10:07.745-455326-290955,475,true,119.663070167286,1,1961.0169271617126,1.0,0.99
2026-03-22T21:10:07.745-455326-290955,800,true,0.23912945476753034,1,1960.777797706945,1.0,0.749
2026-03-22T21:10:07.745-455326-290955,774,true,6.565632664704338,1,1954.2121650422407,1.0,0.821
2026-03-22T21:10:07.745-455326-290955,207,true,4.070444731724512,1,1950.1417203105161,1.0,0.988
2026-03-22T21:10:07.745-455326-290955,732,true,0.4034304980735556,1,1949.7382898124426,1.0,0.744
2026-03-22T21:10:07.745-455326-290955,762,true,2.330603038400544,1,1947.407686774042,1.0,0.757
2026-03-22T21:10:07.745-455326-290955,15,true,307.35948290778924,1,1640.0482038662528,1.0,0.03400000000000003
2026-03-22T21:10:07.745-455326-290955,346,true,6.537924340628866,1,1633.510279525624,1.0,0.81
2026-03-22T21:10:07.745-455326-290955,230,true,0.6877603412035233,1,1632.8225191844203,1.0,0.06399999999999995
2026-03-22T21:10:07.745-455326-290955,547,false,0.19722764299540393,1,1632.8225191844203,1.0,1.0
2026-03-22T21:10:07.745-455326-290955,426,true,29.065490941639354,1,1603.757028242781,1.0,0.0
2026-03-22T21:10:07.745-455326-290955,577,true,6.528463117223086,1,1597.228565125558,1.0,0.99
2026-03-22T21:10:07.745-455326-290955,327,true,0.2640277293150389,1,1596.9645373962428,1.0,0.991
2026-03-22T21:10:07.745-455326-290955,200,true,79.38805177116244,1,1517.5764856250803,1.0,0.74
2026-03-22T21:10:07.745-455326-290955,668,true,0.6399192487476174,1,1516.9365663763326,1.0,0.992
2026-03-22T21:10:07.745-455326-290955,912,true,0.6911361667139735,1,1516.2454302096187,1.0,0.986
2026-03-22T21:10:07.745-455326-290955,63,true,13.872514403345017,1,1502.3729158062736,1.0,0.736
2026-03-22T21:10:07.745-455326-290955,564,true,7.10957534105275,1,1495.2633404652208,1.0,0.99
2026-03-22T21:10:07.745-455326-290955,543,true,51.60475066176317,1,1443.6585898034577,1.0,0.992
2026-03-22T21:10:07.745-455326-290955,784,true,157.25801848736904,1,1286.4005713160886,1.0,0.839
2026-03-22T21:10:07.745-455326-290955,137,true,0.7912609952199029,1,1285.6093103208686,1.0,0.989
2026-03-22T21:10:07.745-455326-290955,163,true,2.3667407140666663,1,1283.242569606802,1.0,0.8109999999999999
2026-03-22T21:10:07.745-455326-290955,704,true,0.29939390512480696,1,1282.943175701677,1.0,0.759
2026-03-22T21:10:07.745-455326-290955,880,true,3.796732312041876,1,1279.1464433896351,1.0,0.76
2026-03-22T21:10:07.745-455326-290955,996,true,42.365994389441,1,1236.780449000194,1.0,0.01100000000000001
2026-03-22T21:10:07.745-455326-290955,87,true,1.4569555256639368,1,1235.32349347453,1.0,0.08599999999999997
2026-03-22T21:10:07.745-455326-290955,487,true,0.38573476244676613,1,1234.9377587120832,1.0,0.995
2026-03-22T21:10:07.745-455326-290955,165,true,229.13199711348096,1,1005.8057615986022,1.0,0.0
2026-03-22T21:10:07.745-455326-290955,460,true,14.655790788965469,1,991.1499708096368,1.0,0.06299999999999994
2026-03-22T21:10:07.745-455326-290955,194,true,0.47740306815326167,1,990.6725677414835,1.0,0.995
2026-03-22T21:10:07.745-455326-290955,813,false,0.052560244077798426,1,990.6725677414835,1.0,1.0
2026-03-22T21:10:07.745-455326-290955,292,true,0.2160146281146797,1,990.4565531133688,1.0,0.007000000000000006
2026-03-22T21:10:07.745-455326-290955,38,true,0.6798514359806855,1,989.7767016773881,1.0,0.994
2026-03-22T21:10:07.745-455326-290955,647,true,3.254417210275873,1,986.5222844671123,1.0,0.752
2026-03-22T21:10:07.745-455326-290955,150,false,0.17866351697868055,1,986.5222844671123,1.0,1.0
2026-03-22T21:10:07.745-455326-290955,255,true,4.535483418521226,1,981.986801048591,1.0,0.734
2026-03-22T21:10:07.745-455326-290955,716,true,11.539619916808547,1,970.4471811317825,1.0,0.746
2026-03-22T21:10:07.745-455326-290955,891,true,3.8069877848250733,1,966.6401933469574,1.0,0.062000000000000055
2026-03-22T21:10:07.745-455326-290955,733,false,0.13893789536824538,1,966.6401933469574,1.0,1.0
2026-03-22T21:10:07.745-455326-290955,390,true,31.005030963127478,1,935.6351623838299,1.0,0.747
2026-03-22T21:10:07.745-455326-290955,766,true,6.112186441536777,1,929.5229759422931,1.0,0.0
2026-03-22T21:10:07.745-455326-290955,316,true,14.197996223403523,1,915.3249797188896,1.0,0.07799999999999996
2026-03-22T21:10:07.745-455326-290955,269,false,0.12718576922510907,1,915.3249797188896,1.0,1.0
2026-03-22T21:10:07.745-455326-290955,326,true,3.7835608903031144,1,911.5414188285865,1.0,0.062000000000000055
2026-03-22T21:10:07.745-455326-290955,978,true,3.9452641003525444,1,907.596154728234,1.0,0.8240000000000001
2026-03-22T21:10:07.745-455326-290955,823,false,0.08365754270002236,1,907.596154728234,1.0,1.0
2026-03-22T21:10:07.745-455326-290955,174,true,0.5407303806057513,1,907.0554243476282,1.0,0.0
2026-03-22T21:10:07.745-455326-290955,434,true,4.45712610898063,1,902.5982982386475,1.0,0.748
2026-03-22T21:10:07.745-455326-290955,913,true,4.8999155047823075,1,897.6983827338653,1.0,0.764
2026-03-22T21:10:07.745-455326-290955,580,false,0.024211901341918664,1,897.6983827338653,1.0,1.0
2026-03-22T21:10:07.745-455326-290955,944,true,26.418045724085527,1,871.2803370097797,1.0,0.997
2026-03-22T21:10:07.745-455326-290955,56,true,85.21143398507553,1,786.0689030247042,1.0,0.839
2026-03-22T21:10:07.745-455326-290955,540,false,0.10480908656444195,1,786.0689030247042,1.0,1.0
2026-03-22T21:10:07.745-455326-290955,610,true,0.3508389611706911,1,785.7180640635336,1.0,0.99
2026-03-22T21:10:07.745-455326-290955,492,true,4.540307075965734,1,781.1777569875678,1.0,0.995
2026-03-22T21:10:07.745-455326-290955,876,true,1.6587548224561441,1,779.5190021651117,1.0,0.829
2026-03-22T21:10:07.745-455326-290955,407,true,0.8246894106135699,1,778.6943127544981,1.0,0.041000000000000036
2026-03-22T21:10:07.745-455326-290955,143,true,1.0773673631118026,1,777.6169453913864,1.0,0.759
2026-03-22T21:10:07.745-455326-290955,927,true,3.1794181777576593,1,774.4375272136288,1.0,0.05800000000000005
2026-03-22T21:10:07.745-455326-290955,591,true,7.976329990581429,1,766.4611972230473,1.0,0.76
2026-03-22T21:10:07.745-455326-290955,462,true,0.5687999785688376,1,765.8923972444785,1.0,0.389
2026-03-22T21:10:07.745-455326-290955,896,true,15.294210511037216,1,750.5981867334413,1.0,0.722
2026-03-22T21:10:07.745-455326-290955,467,true,2.6714714261203323,1,747.9267153073209,1.0,0.755
2026-03-22T21:10:07.745-455326-290955,611,false,0.07924846493304159,1,747.9267153073209,1.0,1.0
2026-03-22T21:10:07.745-455326-290955,413,true,3.1741016042351498,1,744.7526137030858,1.0,0.989
2026-03-22T21:10:07.745-455326-290955,438,true,5.972266283857777,1,738.7803474192281,1.0,0.763
2026-03-22T21:10:07.745-455326-290955,911,true,1.3260081454079786,1,737.4543392738201,1.0,0.01100000000000001
2026-03-22T21:10:07.745-455326-290955,155,true,1.86190724197484,1,735.5924320318453,1.0,0.8109999999999999
2026-03-22T21:10:07.745-455326-290955,430,false,0.17302879858283976,1,735.5924320318453,1.0,1.0
2026-03-22T21:10:07.745-455326-290955,902,false,0.03703953316727894,1,735.5924320318453,1.0,1.0
2026-03-22T21:10:07.745-455326-290955,625,true,7.699418760949999,1,727.8930132708953,1.0,0.984
2026-03-22T21:10:07.745-455326-290955,433,true,6.374725500049606,1,721.5182877708456,1.0,0.06599999999999995
2026-03-22T21:10:07.745-455326-290955,798,true,6.514350844004753,1,715.0039369268409,1.0,0.752
2026-03-22T21:10:07.745-455326-290955,53,true,1.9097809037863098,1,713.0941560230546,1.0,0.755
2026-03-22T21:10:07.745-455326-290955,476,true,2.8283836223303536,1,710.2657724007242,1.0,0.06399999999999995
2026-03-22T21:10:07.745-455326-290955,730,true,7.004341778825323,1,703.261430621899,1.0,0.0
2026-03-22T21:10:07.745-455326-290955,545,true,0.875152102973606,1,702.3862785189253,1.0,0.746
2026-03-22T21:10:07.745-455326-290955,759,false,0.08508280109616013,1,702.3862785189253,1.0,1.0
2026-03-22T21:10:07.745-455326-290955,653,true,5.449870686353734,1,696.9364078325716,1.0,0.995
2026-03-22T21:10:07.745-455326-290955,456,true,78.78727620695513,1,618.1491316256165,1.0,0.06999999999999995
2026-03-22T21:10:07.745-455326-290955,525,true,16.796142324402204,1,601.3529893012143,1.0,0.0
2026-03-22T21:10:07.745-455326-290955,805,true,0.3979866974104556,1,600.9550026038038,1.0,0.010000000000000009
2026-03-22T21:10:07.745-455326-290955,236,true,0.3770686602702399,1,600.5779339435336,1.0,0.757
2026-03-22T21:10:07.745-455326-290955,488,true,6.153019598683835,1,594.4249143448498,1.0,0.771
2026-03-22T21:10:07.745-455326-290955,649,true,7.880402413778116,1,586.5445119310716,1.0,0.742
2026-03-22T21:10:07.745-455326-290955,494,false,0.0673997909578897,1,586.5445119310716,1.0,1.0
2026-03-22T21:10:07.745-455326-290955,881,true,43.635191942078016,1,542.9093199889936,1.0,0.0
2026-03-22T21:10:07.745-455326-290955,660,true,1.0475496280663896,1,541.8617703609273,1.0,0.726
2026-03-22T21:10:07.745-455326-290955,514,true,15.194993961734946,1,526.6667763991924,1.0,0.06299999999999994
2026-03-22T21:10:07.745-455326-290955,833,true,1.827384621195261,1,524.8393917779971,1.0,0.748
2026-03-22T21:10:07.745-455326-290955,787,true,3.4914086815563143,1,521.3479830964408,1.0,0.7110000000000001
2026-03-22T21:10:07.745-455326-290955,288,false,0.06240128047663344,1,521.3479830964408,1.0,1.0
2026-03-22T21:10:07.745-455326-290955,680,true,16.050679206072118,1,505.29730389036865,1.0,0.06399999999999995
2026-03-22T21:10:07.745-455326-290955,281,true,0.73822094020253,1,504.5590829501661,1.0,0.766
2026-03-22T21:10:07.745-455326-290955,342,true,3.497674281824318,1,501.06140866834176,1.0,0.99
2026-03-22T21:10:07.745-455326-290955,815,true,0.5944464204505944,1,500.46696224789116,1.0,0.768
2026-03-22T21:10:07.745-455326-290955,607,true,15.434237470522381,1,485.0327247773688,1.0,0.0
2026-03-22T21:10:07.745-455326-290955,699,true,30.525884298861843,1,454.50684047850694,1.0,0.0
2026-03-22T21:10:07.745-455326-290955,454,true,3.4763245106000484,1,451.0305159679069,1.0,0.06699999999999995
2026-03-22T21:10:07.745-455326-290955,138,false,0.11390988278486613,1,451.0305159679069,1.0,1.0
2026-03-22T21:10:07.745-455326-290955,721,true,15.237567689552389,1,435.7929482783545,1.0,0.8069999999999999
2026-03-22T21:10:07.745-455326-290955,480,true,5.134552416069734,1,430.6583958622848,1.0,0.06000000000000005
2026-03-22T21:10:07.745-455326-290955,238,true,1.9537505891158333,1,428.704645273169,1.0,0.0
2026-03-22T21:10:07.745-455326-290955,609,true,17.43287842043514,1,411.27176685273383,1.0,0.0
2026-03-22T21:10:07.745-455326-290955,761,true,10.611329925091907,1,400.6604369276419,1.0,0.061000000000000054
2026-03-22T21:10:07.745-455326-290955,684,true,16.767725868207396,1,383.89271105943453,1.0,0.0
2026-03-22T21:10:07.745-455326-290955,242,true,0.25874037329079563,1,383.63397068614375,1.0,0.739
2026-03-22T21:10:07.745-455326-290955,245,true,1.2382210556223385,1,382.39574963052144,1.0,0.76
2026-03-22T21:10:07.745-455326-290955,101,false,0.12484826374652785,1,382.39574963052144,1.0,1.0
2026-03-22T21:10:07.745-455326-290955,113,true,1.253608124219994,1,381.14214150630147,1.0,0.05800000000000005
2026-03-22T21:10:07.745-455326-290955,219,true,55.46901898661495,1,325.6731225196865,1.0,0.793
2026-03-22T21:10:07.745-455326-290955,385,true,4.057516777925254,1,321.61560574176127,1.0,0.99
2026-03-22T21:10:07.745-455326-290955,370,true,109.38372914966713,1,212.23187659209412,1.0,0.050000000000000044
2026-03-22T21:10:07.745-455326-290955,961,true,8.685811893729046,1,203.5460646983651,1.0,0.989
2026-03-22T21:10:07.745-455326-290955,658,true,3.3754423403397995,1,200.1706223580253,1.0,0.732
2026-03-22T21:10:07.745-455326-290955,985,true,173.33599522799253,1,26.83462713003277,1.0,0.0
2026-03-22T21:10:07.745-455326-290955,49,true,128.53957017011732,1,-101.70494304008454,1.0,0.995
2026-03-22T21:10:07.745-306470-383958,128,false,194.05793048972942,1,3757.5473139218134,1.0,1.0
2026-03-22T21:10:07.745-306470-383958,681,false,119.81483285254616,1,3757.5473139218134,1.0,1.0
2026-03-22T21:10:07.745-306470-383958,873,false,4.36392170278445,1,3757.5473139218134,1.0,1.0
2026-03-22T21:10:07.745-306470-383958,968,false,10.487062002740053,1,3757.5473139218134,1.0,1.0
2026-03-22T21:10:07.745-306470-383958,92,false,26.823404580350786,1,3757.5473139218134,1.0,1.0
2026-03-22T21:10:07.745-306470-383958,190,false,3.422576016019273,1,3757.5473139218134,1.0,1.0
2026-03-22T21:10:07.745-306470-383958,722,false,0.6990835742473335,1,3757.5473139218134,1.0,1.0
2026-03-22T21:10:07.745-306470-383958,459,false,1.6465091872067001,1,3757.5473139218134,1.0,1.0
2026-03-22T21:10:07.745-306470-383958,305,false,3.3417503689299273,1,3757.5473139218134,1.0,1.0
2026-03-22T21:10:07.745-306470-383958,135,false,20.186392412414893,1,3757.5473139218134,1.0,1.0
2026-03-22T21:10:07.745-306470-383958,769,false,5.3870555942556635,1,3757.5473139218134,1.0,1.0
2026-03-22T21:10:07.745-306470-383958,311,false,67.21855120468382,1,3757.5473139218134,1.0,1.0
