2026-03-22T21:10:07.745-306470-994605,582,false,21.177913569072604,1,3752.8648820576977,1.0,1.0
2026-03-22T21:10:07.745-306470-994605,654,false,2.0270873673048593,1,3752.8648820576977,1.0,1.0
2026-03-22T21:10:07.745-306470-994605,825,false,1.5907161102492082,1,3752.8648820576977,1.0,1.0
2026-03-22T21:10:07.745-306470-994605,424,false,1.6530043602630484,1,3752.8648820576977,1.0,1.0
2026-03-22T21:10:07.745-306470-994605,197,false,6.8164679148047105,1,3752.8648820576977,1.0,1.0
2026-03-22T21:10:07.745-306470-994605,854,false,1.0827866944365476,1,3752.8648820576977,1.0,1.0
2026-03-22T21:10:07.745-306470-994605,878,false,37.893905705842805,1,3752.8648820576977,1.0,1.0
2026-03-22T21:10:07.745-306470-994605,766,false,0.14418700430507822,1,3752.8648820576977,1.0,1.0
2026-03-22T21:10:07.745-306470-994605,853,false,0.45548754306986455,1,3752.8648820576977,1.0,1.0
2026-03-22T21:10:07.745-306470-994605,124,false,5.520069765142573,1,3752.8648820576977,1.0,1.0
2026-03-22T21:10:07.745-306470-994605,33,false,0.10428172412056877,1,3752.8648820576977,1.0,1.0
2026-03-22T21:10:07.745-306470-994605,410,false,1.3595676790607456,1,3752.8648820576977,1.0,1.0
2026-03-22T21:10:07.745-306470-994605,945,false,119.85589148698486,1,3752.8648820576977,1.0,1.0
2026-03-22T21:10:07.745-306470-994605,486,false,3.75450351200289,1,3752.8648820576977,1.0,1.0
2026-03-22T21:10:07.745-306470-994605,392,false,12.865099065056526,1,3752.8648820576977,1.0,1.0
2026-03-22T21:10:07.745-306470-994605,248,false,1.0607612482626902,1,3752.8648820576977,1.0,1.0
2026-03-22T21:10:07.745-306470-994605,748,false,3.4663072372929196,1,3752.8648820576977,1.0,1.0
2026-03-22T21:10:07.745-306470-994605,908,false,1.3722731333223324,1,3752.8648820576977,1.0,1.0
2026-03-22T21:10:07.745-306470-994605,435,false,2.1032155045660823,1,3752.8648820576977,1.0,1.0
2026-03-22T21:10:07.745-306470-994605,22,false,0.6019341207250474,1,3752.8648820576977,1.0,1.0
2026-03-22T21:10:07.745-306470-994605,730,false,18.50302348932452,1,3752.8648820576977,1.0,1.0
2026-03-22T21:10:07.745-306470-994605,810,false,9.277713842999182,1,3752.8648820576977,1.0,1.0
2026-03-22T21:10:07.745-306470-994605,343,false,3.2888138402112763,1,3752.8648820576977,1.0,1.0
2026-03-22T21:10:07.745-306470-994605,292,false,1.6924924203953775,1,3752.8648820576977,1.0,1.0
2026-03-22T21:10:07.745-306470-994605,897,false,9.663281265537305,1,3752.8648820576977,1.0,1.0
2026-03-22T21:10:07.745-306470-994605,652,false,1.620931866887502,1,3752.8648820576977,1.0,1.0
2026-03-22T21:10:07.745-306470-994605,97,false,2.0720606459064728,1,3752.8648820576977,1.0,1.0
2026-03-22T21:10:07.745-306470-994605,398,false,1.003428576904679,1,3752.8648820576977,1.0,1.0
2026-03-22T21:10:07.745-306470-994605,797,false,0.49509673978179886,1,3752.8648820576977,1.0,1.0
2026-03-22T21:10:07.745-306470-994605,333,false,68.01633407807812,1,3752.8648820576977,1.0,1.0
2026-03-22T21:10:07.745-306470-994605,421,false,0.12008858538897693,1,3752.8648820576977,1.0,1.0
2026-03-22T21:10:07.745-306470-994605,823,false,5.69883308060338,1,3752.8648820576977,1.0,1.0
2026-03-22T21:10:07.745-306470-994605,208,false,1.792909346771138,1,3752.8648820576977,1.0,1.0
2026-03-22T21:10:07.745-306470-994605,497,false,12.828004752851003,1,3752.8648820576977,1.0,1.0
2026-03-22T21:10:07.745-306470-994605,327,false,0.5765881955809888,1,3752.8648820576977,1.0,1.0
2026-03-22T21:10:07.745-306470-994605,268,true,1.764856018821513,1,3751.1000260388764,1.0,0.702
2026-03-22T21:10:07.745-306470-994605,519,false,15.170868353583767,1,3751.1000260388764,1.0,1.0
2026-03-22T21:10:07.745-306470-994605,169,false,0.3118177453300579,1,3751.1000260388764,1.0,1.0
2026-03-22T21:10:07.745-306470-994605,993,false,3.9245406743142945,1,3751.1000260388764,1.0,1.0
2026-03-22T21:10:07.745-306470-994605,420,false,1.8903647144968851,1,3751.1000260388764,1.0,1.0
2026-03-22T21:10:07.745-306470-994605,388,false,0.07397924054987001,1,3751.1000260388764,1.0,1.0
2026-03-22T21:10:07.745-306470-994605,634,false,0.0903663969140901,1,3751.1000260388764,1.0,1.0
2026-03-22T21:10:07.745-306470-994605,437,false,34.208134869183475,1,3751.1000260388764,1.0,1.0
2026-03-22T21:10:07.745-306470-994605,685,false,1.1797255678877767,1,3751.1000260388764,1.0,1.0
2026-03-22T21:10:07.745-306470-994605,585,false,7.176560739474964,1,3751.1000260388764,1.0,1.0
2026-03-22T21:10:07.745-306470-994605,471,false,0.07242167686288571,1,3751.1000260388764,1.0,1.0
2026-03-22T21:10:07.745-306470-994605,396,false,194.26471149346614,1,3751.1000260388764,1.0,1.0
2026-03-22T21:10:07.745-306470-994605,998,false,5.8026952326215016,1,3751.1000260388764,1.0,1.0
2026-03-22T21:10:07.745-306470-994605,492,false,0.7257138520671801,1,3751.1000260388764,1.0,1.0
2026-03-22T21:10:07.745-306470-994605,406,false,3.345506145810389,1,3751.1000260388764,1.0,1.0
2026-03-22T21:10:07.745-306470-994605,794,false,4.82273189504983,1,3751.1000260388764,1.0,1.0
2026-03-22T21:10:07.745-306470-994605,317,false,5.290739221110133,1,3751.1000260388764,1.0,1.0
2026-03-22T21:10:07.745-306470-994605,239,false,17.46452097874271,1,3751.1000260388764,1.0,1.0
2026-03-22T21:10:07.745-306470-994605,452,false,0.8043844525652537,1,3751.1000260388764,1.0,1.0
2026-03-22T21:10:07.745-306470-994605,462,false,0.025737997443292387,1,3751.1000260388764,1.0,1.0
2026-03-22T21:10:07.745-306470-994605,11,false,7.753841956520938,1,3751.1000260388764,1.0,1.0
2026-03-22T21:10:07.745-306470-994605,680,false,1.135617982323655,1,3751.1000260388764,1.0,1.0
2026-03-22T21:10:07.745-306470-994605,704,false,9.847588186689055,1,3751.1000260388764,1.0,1.0
2026-03-22T21:10:07.745-306470-994605,289,false,7.300617088102966,1,3751.1000260388764,1.0,1.0
2026-03-22T21:10:07.745-306470-994605,922,false,12.961370313864427,1,3751.1000260388764,1.0,1.0
2026-03-22T21:10:07.745-306470-994605,240,false,7.903160574939918,1,3751.1000260388764,1.0,1.0
2026-03-22T21:10:07.745-306470-994605,816,false,11.959006375859996,1,3751.1000260388764,1.0,1.0
2026-03-22T21:10:07.745-306470-994605,375,false,20.728612056029192,1,3751.1000260388764,1.0,1.0
2026-03-22T21:10:07.745-306470-994605,723,false,9.727883463524542,1,3751.1000260388764,1.0,1.0
2026-03-22T21:10:07.745-306470-994605,600,false,9.286618942950788,1,3751.1000260388764,1.0,1.0
2026-03-22T21:10:07.745-306470-994605,731,true,3.001995721241173,1,3748.098030317635,1.0,0.999
2026-03-22T21:10:07.745-306470-994605,887,false,9.903864338796097,1,3748.098030317635,1.0,1.0
2026-03-22T21:10:07.745-306470-994605,445,false,0.3604154014702086,1,3748.098030317635,1.0,1.0
2026-03-22T21:10:07.745-306470-994605,53,false,21.59465767613492,1,3748.098030317635,1.0,1.0
2026-03-22T21:10:07.745-306470-994605,277,false,22.199124296903467,1,3748.098030317635,1.0,1.0
2026-03-22T21:10:07.745-306470-994605,236,false,0.467543936738564,1,3748.098030317635,1.0,1.0
2026-03-22T21:10:07.745-306470-994605,814,false,0.02692997122331092,1,3748.098030317635,1.0,1.0
2026-03-22T21:10:07.745-306470-994605,93,false,0.3241540922357982,1,3748.098030317635,1.0,1.0
2026-03-22T21:10:07.745-306470-994605,522,false,1.5296632965886023,1,3748.098030317635,1.0,1.0
2026-03-22T21:10:07.745-306470-994605,989,false,0.4459566783688995,1,3748.098030317635,1.0,1.0
2026-03-22T21:10:07.745-306470-994605,299,false,2.0013570718939278,1,3748.098030317635,1.0,1.0
2026-03-22T21:10:07.745-306470-994605,657,false,0.5431202430252028,1,3748.098030317635,1.0,1.0
2026-03-22T21:10:07.745-306470-994605,266,true,0.6062314959080751,1,3747.491798821727,1.0,0.71
2026-03-22T21:10:07.745-306470-994605,487,false,4.3550466873767055,1,3747.491798821727,1.0,1.0
2026-03-22T21:10:07.745-306470-994605,422,false,0.760514262982967,1,3747.491798821727,1.0,1.0
2026-03-22T21:10:07.745-306470-994605,31,false,9.998911671798492,1,3747.491798821727,1.0,1.0
2026-03-22T21:10:07.745-306470-994605,695,false,3.229888746308792,1,3747.491798821727,1.0,1.0
2026-03-22T21:10:07.745-306470-994605,913,false,10.167485021492041,1,3747.491798821727,1.0,1.0
2026-03-22T21:10:07.745-306470-994605,86,false,0.16582950324109358,1,3747.491798821727,1.0,1.0
2026-03-22T21:10:07.745-306470-994605,183,false,55.63071448293287,1,3747.491798821727,1.0,1.0
2026-03-22T21:10:07.745-306470-994605,662,false,6.734476280565104,1,3747.491798821727,1.0,1.0
2026-03-22T21:10:07.745-306470-994605,719,false,1.3659370847930434,1,3747.491798821727,1.0,1.0
2026-03-22T21:10:07.745-306470-994605,978,false,0.05023537806067458,1,3747.491798821727,1.0,1.0
2026-03-22T21:10:07.745-306470-994605,313,false,5.9063662920768545,1,3747.491798821727,1.0,1.0
2026-03-22T21:10:07.745-306470-994605,409,false,1.3471430865061305,1,3747.491798821727,1.0,1.0
2026-03-22T21:10:07.745-306470-994605,67,false,1.9225615212459348,1,3747.491798821727,1.0,1.0
2026-03-22T21:10:07.745-306470-994605,762,false,1.4346661387312527,1,3747.491798821727,1.0,1.0
2026-03-22T21:10:07.745-306470-994605,524,false,0.49723989499261106,1,3747.491798821727,1.0,1.0
2026-03-22T21:10:07.745-306470-994605,461,false,30.774600582124464,1,3747.491798821727,1.0,1.0
2026-03-22T21:10:07.745-306470-994605,256,false,4.070077181668436,1,3747.491798821727,1.0,1.0
2026-03-22T21:10:07.745-306470-994605,605,false,1.277429612735912,1,3747.491798821727,1.0,1.0
2026-03-22T21:10:07.745-306470-994605,54,false,213.80730142966007,1,3747.491798821727,1.0,1.0
2026-03-22T21:10:07.745-306470-994605,687,false,247.956147042013,1,3747.491798821727,1.0,1.0
2026-03-22T21:10:07.745-306470-994605,228,false,2.699790914211555,1,3747.491798821727,1.0,1.0
2026-03-22T21:10:07.745-306470-994605,107,false,0.8673396220707928,1,3747.491798821727,1.0,1.0
2026-03-22T21:10:07.745-306470-994605,937,false,3.5423542302853965,1,3747.491798821727,1.0,1.0
2026-03-22T21:10:07.745-306470-994605,448,false,4.6332953878277685,1,3747.491798821727,1.0,1.0
2026-03-22T21:10:07.745-306470-994605,172,false,1.61324112898815,1,3747.491798821727,1.0,1.0
2026-03-22T21:10:07.745-306470-994605,566,false,1.9341332479350974,1,3747.491798821727,1.0,1.0
2026-03-22T21:10:07.745-306470-994605,677,false,20.08754400058449,1,3747.491798821727,1.0,1.0
2026-03-22T21:10:07.745-306470-994605,516,false,4.91444134522495,1,3747.491798821727,1.0,1.0
2026-03-22T21:10:07.745-306470-994605,833,false,6.8823472215605,1,3747.491798821727,1.0,1.0
2026-03-22T21:10:07.745-306470-994605,383,false,0.7129867277076896,1,3747.491798821727,1.0,1.0
2026-03-22T21:10:07.745-306470-994605,869,false,0.1686097681217919,1,3747.491798821727,1.0,1.0
2026-03-22T21:10:07.745-306470-994605,756,false,11.782319898525492,1,3747.491798821727,1.0,1.0
2026-03-22T21:10:07.745-306470-994605,177,false,1.0037303157440554,1,3747.491798821727,1.0,1.0
2026-03-22T21:10:07.745-306470-994605,230,false,1.097884110489131,1,3747.491798821727,1.0,1.0
2026-03-22T21:10:07.745-306470-994605,154,false,41.91514973388657,1,3747.491798821727,1.0,1.0
2026-03-22T21:10:07.745-306470-994605,944,false,0.22182395408425254,1,3747.491798821727,1.0,1.0
2026-03-22T21:10:07.745-306470-994605,824,false,0.3435134803859159,1,3747.491798821727,1.0,1.0
2026-03-22T21:10:07.745-306470-994605,43,false,0.06450510407441125,1,3747.491798821727,1.0,1.0
2026-03-22T21:10:07.745-306470-994605,344,false,15.856420868136626,1,3747.491798821727,1.0,1.0
2026-03-22T21:10:07.745-306470-994605,168,false,4.681586517462168,1,3747.491798821727,1.0,1.0
2026-03-22T21:10:07.745-306470-994605,175,false,22.63632166353267,1,3747.491798821727,1.0,1.0
2026-03-22T21:10:07.745-306470-994605,738,false,0.18513430661191693,1,3747.491798821727,1.0,1.0
2026-03-22T21:10:07.745-306470-994605,829,false,0.32931524263334905,1,3747.491798821727,1.0,1.0
2026-03-22T21:10:07.745-306470-994605,217,false,3.2905275582086038,1,3747.491798821727,1.0,1.0
2026-03-22T21:10:07.745-306470-994605,246,false,0.4298796783026876,1,3747.491798821727,1.0,1.0
2026-03-22T21:10:07.745-306470-994605,579,false,1.8953827604500444,1,3747.491798821727,1.0,1.0
2026-03-22T21:10:07.745-306470-994605,260,false,0.07697447625696735,1,3747.491798821727,1.0,1.0
2026-03-22T21:10:07.745-306470-994605,619,false,4.36996564196784,1,3747.491798821727,1.0,1.0
2026-03-22T21:10:07.745-306470-994605,21,false,99.01596443879777,1,3747.491798821727,1.0,1.0
2026-03-22T21:10:07.745-306470-994605,123,false,0.5155245538950954,1,3747.491798821727,1.0,1.0
2026-03-22T21:10:07.745-306470-994605,451,false,4.529763192042366,1,3747.491798821727,1.0,1.0
2026-03-22T21:10:07.745-306470-994605,431,false,9.636878688320458,1,3747.491798821727,1.0,1.0
2026-03-22T21:10:07.745-306470-994605,163,false,0.6799890255066504,1,3747.491798821727,1.0,1.0
2026-03-22T21:10:07.745-306470-994605,125,false,12.067762227650917,1,3747.491798821727,1.0,1.0
2026-03-22T21:10:07.745-306470-994605,370,false,0.16047511203928425,1,3747.491798821727,1.0,1.0
2026-03-22T21:10:07.745-306470-994605,488,false,0.7210434504532675,1,3747.491798821727,1.0,1.0
2026-03-22T21:10:07.745-306470-994605,196,false,17.07845852510467,1,3747.491798821727,1.0,1.0
2026-03-22T21:10:07.745-306470-994605,604,false,1.4297200609105818,1,3747.491798821727,1.0,1.0
2026-03-22T21:10:07.745-306470-994605,860,false,2.8406231693872837,1,3747.491798821727,1.0,1.0
2026-03-22T21:10:07.745-306470-994605,627,false,9.123117800686904,1,3747.491798821727,1.0,1.0
2026-03-22T21:10:07.745-306470-994605,357,false,56.71188884667507,1,3747.491798821727,1.0,1.0
2026-03-22T21:10:07.745-306470-994605,639,false,0.38446739024827337,1,3747.491798821727,1.0,1.0
2026-03-22T21:10:07.745-306470-994605,55,false,8.14738860732044,1,3747.491798821727,1.0,1.0
2026-03-22T21:10:07.745-306470-994605,233,false,1.2325526399242597,1,3747.491798821727,1.0,1.0
2026-03-22T21:10:07.745-306470-994605,126,false,73.67876201600684,1,3747.491798821727,1.0,1.0
2026-03-22T21:10:07.745-306470-994605,526,false,0.9232052513367979,1,3747.491798821727,1.0,1.0
2026-03-22T21:10:07.745-306470-994605,61,false,12.923973535764643,1,3747.491798821727,1.0,1.0
2026-03-22T21:10:07.745-306470-994605,189,false,2.5721839173062966,1,3747.491798821727,1.0,1.0
2026-03-22T21:10:07.745-306470-994605,170,false,6.0598855660431985,1,3747.491798821727,1.0,1.0
2026-03-22T21:10:07.745-306470-994605,807,false,5.750370924626885,1,3747.491798821727,1.0,1.0
2026-03-22T21:10:07.745-306470-994605,544,false,0.2682005904978204,1,3747.491798821727,1.0,1.0
2026-03-22T21:10:07.745-306470-994605,676,false,0.4023692051336463,1,3747.491798821727,1.0,1.0
2026-03-22T21:10:07.745-306470-994605,50,false,68.60405851173981,1,3747.491798821727,1.0,1.0
2026-03-22T21:10:07.745-306470-994605,647,false,366.1899320062711,1,3747.491798821727,1.0,1.0
2026-03-22T21:10:07.745-306470-994605,799,false,31.10985782103056,1,3747.491798821727,1.0,1.0
2026-03-22T21:10:07.745-306470-994605,580,false,5.337420974182477,1,3747.491798821727,1.0,1.0
2026-03-22T21:10:07.745-306470-994605,20,false,0.7112385842725403,1,3747.491798821727,1.0,1.0
2026-03-22T21:10:07.745-306470-994605,743,false,3.08373755462726,1,3747.491798821727,1.0,1.0
2026-03-22T21:10:07.745-306470-994605,706,false,3.9740126421726716,1,3747.491798821727,1.0,1.0
2026-03-22T21:10:07.745-306470-994605,822,false,6.965147211178522,1,3747.491798821727,1.0,1.0
2026-03-22T21:10:07.745-306470-994605,578,false,3.4694400397007783,1,3747.491798821727,1.0,1.0
2026-03-22T21:10:07.745-306470-994605,498,false,0.39897788561502173,1,3747.491798821727,1.0,1.0
2026-03-22T21:10:07.745-306470-994605,428,false,263.356938624043,1,3747.491798821727,1.0,1.0
2026-03-22T21:10:07.745-306470-994605,849,false,9.272311215561135,1,3747.491798821727,1.0,1.0
2026-03-22T21:10:07.745-306470-994605,749,false,1.8184092543777732,1,3747.491798821727,1.0,1.0
2026-03-22T21:10:07.745-306470-994605,591,false,5.1711690693675445,1,3747.491798821727,1.0,1.0
2026-03-22T21:10:07.745-306470-994605,102,false,0.06230335906278018,1,3747.491798821727,1.0,1.0
2026-03-22T21:10:07.745-306470-994605,729,true,1.0150976260227125,1,3746.476701195704,1.0,0.6930000000000001
2026-03-22T21:10:07.745-306470-994605,699,false,103.90465794300813,1,3746.476701195704,1.0,1.0
2026-03-22T21:10:07.745-306470-994605,979,false,0.8327603102736938,1,3746.476701195704,1.0,1.0
2026-03-22T21:10:07.745-306470-994605,413,false,12.205754981572179,1,3746.476701195704,1.0,1.0
2026-03-22T21:10:07.745-306470-994605,836,false,0.6653502793597419,1,3746.476701195704,1.0,1.0
2026-03-22T21:10:07.745-306470-994605,468,false,0.11019180790501877,1,3746.476701195704,1.0,1.0
2026-03-22T21:10:07.745-306470-994605,928,false,0.3361715159391615,1,3746.476701195704,1.0,1.0
2026-03-22T21:10:07.745-306470-994605,795,false,0.5436518153201697,1,3746.476701195704,1.0,1.0
2026-03-22T21:10:07.745-306470-994605,25,false,1.6603879273351254,1,3746.476701195704,1.0,1.0
2026-03-22T21:10:07.745-306470-994605,391,false,3.848200512672071,1,3746.476701195704,1.0,1.0
2026-03-22T21:10:07.745-306470-994605,402,false,0.1390562582310181,1,3746.476701195704,1.0,1.0
2026-03-22T21:10:07.745-306470-994605,39,false,60.65962720247165,1,3746.476701195704,1.0,1.0
2026-03-22T21:10:07.745-306470-994605,238,false,2.1454058654511674,1,3746.476701195704,1.0,1.0
2026-03-22T21:10:07.745-306470-994605,909,false,3.0329622570126524,1,3746.476701195704,1.0,1.0
2026-03-22T21:10:07.745-306470-994605,368,false,0.5905287580238531,1,3746.476701195704,1.0,1.0
2026-03-22T21:10:07.745-306470-994605,873,false,4.36392170278445,1,3746.476701195704,1.0,1.0
2026-03-22T21:10:07.745-306470-994605,449,false,3.065291019820431,1,3746.476701195704,1.0,1.0
2026-03-22T21:10:07.745-306470-994605,971,false,31.848309470955943,1,3746.476701195704,1.0,1.0
2026-03-22T21:10:07.745-306470-994605,669,false,6.3860327076677965,1,3746.476701195704,1.0,1.0
2026-03-22T21:10:07.745-306470-994605,548,false,12.08962868939768,1,3746.476701195704,1.0,1.0
2026-03-22T21:10:07.745-306470-994605,879,false,5.961579788346774,1,3746.476701195704,1.0,1.0
2026-03-22T21:10:07.745-306470-994605,821,false,22.4809317296092,1,3746.476701195704,1.0,1.0
2026-03-22T21:10:07.745-306470-994605,373,false,7.639331817631423,1,3746.476701195704,1.0,1.0
2026-03-22T21:10:07.745-306470-994605,801,false,5.257525356544034,1,3746.476701195704,1.0,1.0
2026-03-22T21:10:07.745-306470-994605,9,false,6.029728895389115,1,3746.476701195704,1.0,1.0
2026-03-22T21:10:07.745-306470-994605,178,false,1.9033208779563489,1,3746.476701195704,1.0,1.0
2026-03-22T21:10:07.745-306470-994605,745,false,2.2091065621369523,1,3746.476701195704,1.0,1.0
2026-03-22T21:10:07.745-306470-994605,244,false,4.871743463986952,1,3746.476701195704,1.0,1.0
2026-03-22T21:10:07.745-306470-994605,74,false,13.33227752214652,1,3746.476701195704,1.0,1.0
2026-03-22T21:10:07.745-306470-994605,805,false,4.311311615672319,1,3746.476701195704,1.0,1.0
2026-03-22T21:10:07.745-306470-994605,47,false,11.43265242967136,1,3746.476701195704,1.0,1.0
2026-03-22T21:10:07.745-306470-994605,109,false,26.068164709130368,1,3746.476701195704,1.0,1.0
2026-03-22T21:10:07.745-306470-994605,301,false,0.10997988831273817,1,3746.476701195704,1.0,1.0
2026-03-22T21:10:07.745-306470-994605,564,false,6.6192730524487615,1,3746.476701195704,1.0,1.0
2026-03-22T21:10:07.745-306470-994605,771,false,1.256994279246137,1,3746.476701195704,1.0,1.0
2026-03-22T21:10:07.745-306470-994605,620,false,5.115909708369531,1,3746.476701195704,1.0,1.0
2026-03-22T21:10:07.745-306470-994605,846,false,4.693403897077417,1,3746.476701195704,1.0,1.0
2026-03-22T21:10:07.745-306470-994605,918,false,0.7484230400420523,1,3746.476701195704,1.0,1.0
2026-03-22T21:10:07.745-306470-994605,960,false,1.603152442356628,1,3746.476701195704,1.0,1.0
2026-03-22T21:10:07.745-306470-994605,60,false,10.357140109420689,1,3746.476701195704,1.0,1.0
2026-03-22T21:10:07.745-306470-994605,350,false,2.2066343697837394,1,3746.476701195704,1.0,1.0
2026-03-22T21:10:07.745-306470-994605,235,false,1.9742625665582816,1,3746.476701195704,1.0,1.0
2026-03-22T21:10:07.745-306470-994605,732,true,9.598392397222025,1,3736.878308798482,1.0,0.0020000000000000018
2026-03-22T21:10:07.745-306470-994605,361,false,0.0454446335490605,1,3736.878308798482,1.0,1.0
2026-03-22T21:10:07.745-306470-994605,341,false,7.8706098375338165,1,3736.878308798482,1.0,1.0
2026-03-22T21:10:07.745-306470-994605,119,false,3.8131026124301255,1,3736.878308798482,1.0,1.0
2026-03-22T21:10:07.745-306470-994605,243,false,34.855838661331745,1,3736.878308798482,1.0,1.0
2026-03-22T21:10:07.745-306470-994605,551,false,0.5623048452335656,1,3736.878308798482,1.0,1.0
2026-03-22T21:10:07.745-306470-994605,904,false,31.8280786340371,1,3736.878308798482,1.0,1.0
2026-03-22T21:10:07.745-306470-994605,95,false,113.91716033429009,1,3736.878308798482,1.0,1.0
2026-03-22T21:10:07.745-306470-994605,117,false,26.550821844845046,1,3736.878308798482,1.0,1.0
2026-03-22T21:10:07.745-306470-994605,974,false,12.666362673270378,1,3736.878308798482,1.0,1.0
2026-03-22T21:10:07.745-306470-994605,903,false,4.657769333748462,1,3736.878308798482,1.0,1.0
2026-03-22T21:10:07.745-306470-994605,702,false,6.953843122723019,1,3736.878308798482,1.0,1.0
2026-03-22T21:10:07.745-306470-994605,942,false,0.9699990236057043,1,3736.878308798482,1.0,1.0
2026-03-22T21:10:07.745-306470-994605,843,false,26.19013212215437,1,3736.878308798482,1.0,1.0
2026-03-22T21:10:07.745-306470-994605,213,false,2.6741927807881103,1,3736.878308798482,1.0,1.0
2026-03-22T21:10:07.745-306470-994605,954,false,0.5807726229686939,1,3736.878308798482,1.0,1.0
2026-03-22T21:10:07.745-306470-994605,570,false,5.710743400178645,1,3736.878308798482,1.0,1.0
2026-03-22T21:10:07.745-306470-994605,912,false,3.1860918418629116,1,3736.878308798482,1.0,1.0
2026-03-22T21:10:07.745-306470-994605,549,false,3.940423103920218,1,3736.878308798482,1.0,1.0
2026-03-22T21:10:07.745-306470-994605,630,false,0.13539340587402596,1,3736.878308798482,1.0,1.0
2026-03-22T21:10:07.745-306470-994605,454,false,116.11063762198752,1,3736.878308798482,1.0,1.0
2026-03-22T21:10:07.745-306470-994605,709,false,30.050982787268495,1,3736.878308798482,1.0,1.0
2026-03-22T21:10:07.745-306470-994605,137,false,0.037451495759419653,1,3736.878308798482,1.0,1.0
2026-03-22T21:10:07.745-306470-994605,332,false,15.589253932171,1,3736.878308798482,1.0,1.0
2026-03-22T21:10:07.745-306470-994605,44,false,8.854124472756025,1,3736.878308798482,1.0,1.0
2026-03-22T21:10:07.745-306470-994605,859,false,1.0153092442637313,1,3736.878308798482,1.0,1.0
2026-03-22T21:10:07.745-306470-994605,610,false,2.0791419465417533,1,3736.878308798482,1.0,1.0
2026-03-22T21:10:07.745-306470-994605,981,false,0.15209048012309018,1,3736.878308798482,1.0,1.0
2026-03-22T21:10:07.745-306470-994605,485,false,0.5229426769868152,1,3736.878308798482,1.0,1.0
2026-03-22T21:10:07.745-306470-994605,254,false,2.134640903563689,1,3736.878308798482,1.0,1.0
2026-03-22T21:10:07.745-306470-994605,658,false,0.3174819431400819,1,3736.878308798482,1.0,1.0
2026-03-22T21:10:07.745-306470-994605,555,false,0.9864431382896695,1,3736.878308798482,1.0,1.0
2026-03-22T21:10:07.745-306470-994605,381,false,4.631914416549218,1,3736.878308798482,1.0,1.0
2026-03-22T21:10:07.745-306470-994605,975,false,15.56868815511087,1,3736.878308798482,1.0,1.0
2026-03-22T21:10:07.745-306470-994605,316,false,1.0835414444482443,1,3736.878308798482,1.0,1.0
2026-03-22T21:10:07.745-306470-994605,629,false,0.9826042962796956,1,3736.878308798482,1.0,1.0
2026-03-22T21:10:07.745-306470-994605,193,false,9.681419557998568,1,3736.878308798482,1.0,1.0
2026-03-22T21:10:07.745-306470-994605,861,false,6.659165150966899,1,3736.878308798482,1.0,1.0
2026-03-22T21:10:07.745-306470-994605,934,false,0.18189028996951465,1,3736.878308798482,1.0,1.0
2026-03-22T21:10:07.745-306470-994605,132,false,1.8563315653596355,1,3736.878308798482,1.0,1.0
2026-03-22T21:10:07.745-306470-994605,458,false,8.393371942246986,1,3736.878308798482,1.0,1.0
2026-03-22T21:10:07.745-306470-994605,494,false,22.755797026822446,1,3736.878308798482,1.0,1.0
2026-03-22T21:10:07.745-306470-994605,651,false,0.42976758268191695,1,3736.878308798482,1.0,1.0
2026-03-22T21:10:07.745-306470-994605,775,false,4.548648854185988,1,3736.878308798482,1.0,1.0
2026-03-22T21:10:07.745-306470-994605,503,false,2.4883993676744356,1,3736.878308798482,1.0,1.0
2026-03-22T21:10:07.745-306470-994605,207,false,1.48742087613154,1,3736.878308798482,1.0,1.0
2026-03-22T21:10:07.745-306470-994605,984,false,18.274317799026775,1,3736.878308798482,1.0,1.0
2026-03-22T21:10:07.745-306470-994605,890,false,0.837679030208071,1,3736.878308798482,1.0,1.0
2026-03-22T21:10:07.745-306470-994605,915,false,5.112385206622479,1,3736.878308798482,1.0,1.0
2026-03-22T21:10:07.745-306470-994605,167,false,31.831059063072242,1,3736.878308798482,1.0,1.0
2026-03-22T21:10:07.745-306470-994605,967,false,2.025820662974894,1,3736.878308798482,1.0,1.0
2026-03-22T21:10:07.745-306470-994605,705,false,13.264646526632497,1,3736.878308798482,1.0,1.0
2026-03-22T21:10:07.745-306470-994605,71,false,5.056463554633777,1,3736.878308798482,1.0,1.0
2026-03-22T21:10:07.745-306470-994605,607,false,1.987776630043402,1,3736.878308798482,1.0,1.0
2026-03-22T21:10:07.745-306470-994605,760,false,27.416805130659355,1,3736.878308798482,1.0,1.0
2026-03-22T21:10:07.745-306470-994605,827,false,52.78026732229975,1,3736.878308798482,1.0,1.0
2026-03-22T21:10:07.745-306470-994605,335,false,1.8973384798742259,1,3736.878308798482,1.0,1.0
2026-03-22T21:10:07.745-306470-994605,300,false,37.505580757926985,1,3736.878308798482,1.0,1.0
2026-03-22T21:10:07.745-306470-994605,338,false,1.212278865334867,1,3736.878308798482,1.0,1.0
2026-03-22T21:10:07.745-306470-994605,844,false,15.421779695505716,1,3736.878308798482,1.0,1.0
2026-03-22T21:10:07.745-306470-994605,199,false,1.3283030158310334,1,3736.878308798482,1.0,1.0
2026-03-22T21:10:07.745-306470-994605,963,false,5.685757082300936,1,3736.878308798482,1.0,1.0
2026-03-22T21:10:07.745-306470-994605,78,false,1.6111031727451364,1,3736.878308798482,1.0,1.0
2026-03-22T21:10:07.745-306470-994605,99,false,2.2062933136101495,1,3736.878308798482,1.0,1.0
2026-03-22T21:10:07.745-306470-994605,572,false,3.422712453707416,1,3736.878308798482,1.0,1.0
2026-03-22T21:10:07.745-306470-994605,724,false,2.543127529446701,1,3736.878308798482,1.0,1.0
2026-03-22T21:10:07.745-306470-994605,527,false,0.52849916354147,1,3736.878308798482,1.0,1.0
2026-03-22T21:10:07.745-306470-994605,917,false,1.7641246072252241,1,3736.878308798482,1.0,1.0
2026-03-22T21:10:07.745-306470-994605,387,false,0.044152738554869134,1,3736.878308798482,1.0,1.0
2026-03-22T21:10:07.745-306470-994605,1000,false,21.525046859343657,1,3736.878308798482,1.0,1.0
2026-03-22T21:10:07.745-306470-994605,791,false,10.59352826055162,1,3736.878308798482,1.0,1.0
2026-03-22T21:10:07.745-306470-994605,933,false,2.3880967005988283,1,3736.878308798482,1.0,1.0
2026-03-22T21:10:07.745-306470-994605,319,false,1.7877689708490898,1,3736.878308798482,1.0,1.0
2026-03-22T21:10:07.745-306470-994605,405,false,10.511290207292642,1,3736.878308798482,1.0,1.0
2026-03-22T21:10:07.745-306470-994605,746,false,530.9294248355461,1,3736.878308798482,1.0,1.0
2026-03-22T21:10:07.745-306470-994605,275,false,0.270303774782326,1,3736.878308798482,1.0,1.0
2026-03-22T21:10:07.745-306470-994605,977,false,9.583846292976249,1,3736.878308798482,1.0,1.0
2026-03-22T21:10:07.745-306470-994605,900,false,1.3771392182236177,1,3736.878308798482,1.0,1.0
2026-03-22T21:10:07.745-306470-994605,828,false,0.39307623735580344,1,3736.878308798482,1.0,1.0
2026-03-22T21:10:07.745-306470-994605,210,false,29.169955904240016,1,3736.878308798482,1.0,1.0
2026-03-22T21:10:07.745-306470-994605,324,false,1.3520246686719197,1,3736.878308798482,1.0,1.0
2026-03-22T21:10:07.745-306470-994605,442,false,0.9109675938963316,1,3736.878308798482,1.0,1.0
2026-03-22T21:10:07.745-306470-994605,322,false,0.8045080263637386,1,3736.878308798482,1.0,1.0
2026-03-22T21:10:07.745-306470-994605,678,false,7.3517981556511725,1,3736.878308798482,1.0,1.0
2026-03-22T21:10:07.745-306470-994605,165,false,1.510451896666136,1,3736.878308798482,1.0,1.0
2026-03-22T21:10:07.745-306470-994605,483,false,0.3483441502008498,1,3736.878308798482,1.0,1.0
2026-03-22T21:10:07.745-306470-994605,180,false,4.178094804216122,1,3736.878308798482,1.0,1.0
2026-03-22T21:10:07.745-306470-994605,710,false,8.137221673065644,1,3736.878308798482,1.0,1.0
2026-03-22T21:10:07.745-306470-994605,182,false,5.257447026219733,1,3736.878308798482,1.0,1.0
2026-03-22T21:10:07.745-306470-994605,151,false,5.189704923773736,1,3736.878308798482,1.0,1.0
2026-03-22T21:10:07.745-306470-994605,826,false,4.200589209709803,1,3736.878308798482,1.0,1.0
2026-03-22T21:10:07.745-306470-994605,832,false,7.623290859709899,1,3736.878308798482,1.0,1.0
2026-03-22T21:10:07.745-306470-994605,603,false,3.839356778616693,1,3736.878308798482,1.0,1.0
2026-03-22T21:10:07.745-306470-994605,841,false,2.3866864036032576,1,3736.878308798482,1.0,1.0
2026-03-22T21:10:07.745-306470-994605,45,false,6.039441871695574,1,3736.878308798482,1.0,1.0
2026-03-22T21:10:07.745-306470-994605,447,false,5.285692118895796,1,3736.878308798482,1.0,1.0
2026-03-22T21:10:07.745-306470-994605,679,false,1.1956580769093184,1,3736.878308798482,1.0,1.0
2026-03-22T21:10:07.745-306470-994605,739,false,0.14238853824410883,1,3736.878308798482,1.0,1.0
2026-03-22T21:10:07.745-306470-994605,181,false,1.1898288323962585,1,3736.878308798482,1.0,1.0
2026-03-22T21:10:07.745-306470-994605,253,false,40.24787167196677,1,3736.878308798482,1.0,1.0
2026-03-22T21:10:07.745-306470-994605,140,false,5.33642439711018,1,3736.878308798482,1.0,1.0
2026-03-22T21:10:07.745-306470-994605,587,false,51.67046832197618,1,3736.878308798482,1.0,1.0
2026-03-22T21:10:07.745-306470-994605,261,false,0.286426624931226,1,3736.878308798482,1.0,1.0
2026-03-22T21:10:07.745-306470-994605,638,false,28.20147739060569,1,3736.878308798482,1.0,1.0
2026-03-22T21:10:07.745-306470-994605,894,false,3.789005013536959,1,3736.878308798482,1.0,1.0
2026-03-22T21:10:07.745-306470-994605,30,false,0.3334745028176119,1,3736.878308798482,1.0,1.0
2026-03-22T21:10:07.745-306470-994605,767,false,12.108321789353884,1,3736.878308798482,1.0,1.0
2026-03-22T21:10:07.745-306470-994605,214,false,0.3226165757662237,1,3736.878308798482,1.0,1.0
2026-03-22T21:10:07.745-306470-994605,281,false,0.2556606223992947,1,3736.878308798482,1.0,1.0
2026-03-22T21:10:07.745-306470-994605,293,false,0.029574496940839013,1,3736.878308798482,1.0,1.0
2026-03-22T21:10:07.745-306470-994605,89,false,27.771071568774744,1,3736.878308798482,1.0,1.0
2026-03-22T21:10:07.745-306470-994605,321,false,0.9213799222847443,1,3736.878308798482,1.0,1.0
2026-03-22T21:10:07.745-306470-994605,460,false,8.851710425112769,1,3736.878308798482,1.0,1.0
2026-03-22T21:10:07.745-306470-994605,845,false,1.0593866108861636,1,3736.878308798482,1.0,1.0
2026-03-22T21:10:07.745-306470-994605,893,false,1.8477395156371386,1,3736.878308798482,1.0,1.0
2026-03-22T21:10:07.745-306470-994605,665,false,29.264896235904246,1,3736.878308798482,1.0,1.0
2026-03-22T21:10:07.745-306470-994605,147,false,0.3897422256636567,1,3736.878308798482,1.0,1.0
2026-03-22T21:10:07.745-306470-994605,863,false,40.932990221599674,1,3736.878308798482,1.0,1.0
2026-03-22T21:10:07.745-306470-994605,883,false,5.230523584213893,1,3736.878308798482,1.0,1.0
2026-03-22T21:10:07.745-306470-994605,7,false,2.790811243716747,1,3736.878308798482,1.0,1.0
2026-03-22T21:10:07.745-306470-994605,450,false,0.1475266996395015,1,3736.878308798482,1.0,1.0
2026-03-22T21:10:07.745-306470-994605,374,false,6.303194466646583,1,3736.878308798482,1.0,1.0
2026-03-22T21:10:07.745-306470-994605,914,true,0.26738008621909565,1,3736.610928712263,1.0,0.999
2026-03-22T21:10:07.745-306470-994605,419,false,2.3994749144695358,1,3736.610928712263,1.0,1.0
2026-03-22T21:10:07.745-306470-994605,457,false,5.081670120581521,1,3736.610928712263,1.0,1.0
2026-03-22T21:10:07.745-306470-994605,786,false,2.9088567789738997,1,3736.610928712263,1.0,1.0
2026-03-22T21:10:07.745-306470-994605,133,false,0.3590468212253234,1,3736.610928712263,1.0,1.0
2026-03-22T21:10:07.745-306470-994605,751,false,112.49410135496834,1,3736.610928712263,1.0,1.0
2026-03-22T21:10:07.745-306470-994605,970,false,0.23665250643158078,1,3736.610928712263,1.0,1.0
2026-03-22T21:10:07.745-306470-994605,156,false,67.30731020238018,1,3736.610928712263,1.0,1.0
2026-03-22T21:10:07.745-306470-994605,523,false,0.6126708711117171,1,3736.610928712263,1.0,1.0
2026-03-22T21:10:07.745-306470-994605,713,false,4.026891812107857,1,3736.610928712263,1.0,1.0
2026-03-22T21:10:07.745-306470-994605,456,false,25.269118763298163,1,3736.610928712263,1.0,1.0
2026-03-22T21:10:07.745-306470-994605,40,false,2.953452735519701,1,3736.610928712263,1.0,1.0
2026-03-22T21:10:07.745-306470-994605,755,false,1.9422313518531742,1,3736.610928712263,1.0,1.0
2026-03-22T21:10:07.745-306470-994605,670,false,625.308218570759,1,3736.610928712263,1.0,1.0
2026-03-22T21:10:07.745-306470-994605,16,false,8.330504618428591,1,3736.610928712263,1.0,1.0
2026-03-22T21:10:07.745-306470-994605,241,false,0.9890214580030023,1,3736.610928712263,1.0,1.0
2026-03-22T21:10:07.745-306470-994605,393,false,0.07646584713331535,1,3736.610928712263,1.0,1.0
2026-03-22T21:10:07.745-306470-994605,626,false,4.109020871389726,1,3736.610928712263,1.0,1.0
2026-03-22T21:10:07.745-306470-994605,32,false,0.820641250999208,1,3736.610928712263,1.0,1.0
2026-03-22T21:10:07.745-306470-994605,589,false,4.035788350392673,1,3736.610928712263,1.0,1.0
2026-03-22T21:10:07.745-306470-994605,118,false,27.778138912022158,1,3736.610928712263,1.0,1.0
2026-03-22T21:10:07.745-306470-994605,222,false,0.546814798643393,1,3736.610928712263,1.0,1.0
2026-03-22T21:10:07.745-306470-994605,120,false,72.96060585941831,1,3736.610928712263,1.0,1.0
2026-03-22T21:10:07.745-306470-994605,536,false,9.22690854628826,1,3736.610928712263,1.0,1.0
2026-03-22T21:10:07.745-306470-994605,58,false,20.295614440507148,1,3736.610928712263,1.0,1.0
2026-03-22T21:10:07.745-306470-994605,438,false,23.08407624490266,1,3736.610928712263,1.0,1.0
2026-03-22T21:10:07.745-306470-994605,271,true,114.60493327177012,1,3622.005995440493,1.0,0.019000000000000017
2026-03-22T21:10:07.745-306470-994605,552,false,0.20739542481139808,1,3622.005995440493,1.0,1.0
2026-03-22T21:10:07.745-306470-994605,159,false,1.7413703244044396,1,3622.005995440493,1.0,1.0
2026-03-22T21:10:07.745-306470-994605,77,false,15.66875931812166,1,3622.005995440493,1.0,1.0
2026-03-22T21:10:07.745-306470-994605,464,false,60.77839879094486,1,3622.005995440493,1.0,1.0
2026-03-22T21:10:07.745-306470-994605,646,false,2.1661090203783884,1,3622.005995440493,1.0,1.0
2026-03-22T21:10:07.745-306470-994605,73,false,0.09283470484586283,1,3622.005995440493,1.0,1.0
2026-03-22T21:10:07.745-306470-994605,550,false,5.491331389662305,1,3622.005995440493,1.0,1.0
2026-03-22T21:10:07.745-306470-994605,264,true,3.856674416516124,1,3618.149321023977,1.0,0.855
2026-03-22T21:10:07.745-306470-994605,740,false,0.2690063508953757,1,3618.149321023977,1.0,1.0
2026-03-22T21:10:07.745-306470-994605,862,false,94.23198725104551,1,3618.149321023977,1.0,1.0
2026-03-22T21:10:07.745-306470-994605,408,false,265.57031748078276,1,3618.149321023977,1.0,1.0
2026-03-22T21:10:07.745-306470-994605,201,false,10.152704244633808,1,3618.149321023977,1.0,1.0
2026-03-22T21:10:07.745-306470-994605,770,false,0.15031500021875047,1,3618.149321023977,1.0,1.0
2026-03-22T21:10:07.745-306470-994605,92,false,26.823404580350786,1,3618.149321023977,1.0,1.0
2026-03-22T21:10:07.745-306470-994605,139,false,17.256676704484274,1,3618.149321023977,1.0,1.0
2026-03-22T21:10:07.745-306470-994605,234,false,1.4434501919333789,1,3618.149321023977,1.0,1.0
2026-03-22T21:10:07.745-306470-994605,129,false,4.23371365421336,1,3618.149321023977,1.0,1.0
2026-03-22T21:10:07.745-306470-994605,76,false,7.413929089387639,1,3618.149321023977,1.0,1.0
2026-03-22T21:10:07.745-306470-994605,584,false,6.725582750539876,1,3618.149321023977,1.0,1.0
2026-03-22T21:10:07.745-306470-994605,668,false,4.267785776539625,1,3618.149321023977,1.0,1.0
2026-03-22T21:10:07.745-306470-994605,899,false,9.116765057183217,1,3618.149321023977,1.0,1.0
2026-03-22T21:10:07.745-306470-994605,508,false,5.256645283450104,1,3618.149321023977,1.0,1.0
2026-03-22T21:10:07.745-306470-994605,558,false,0.24352869896499307,1,3618.149321023977,1.0,1.0
2026-03-22T21:10:07.745-306470-994605,521,false,11.558538987779908,1,3618.149321023977,1.0,1.0
2026-03-22T21:10:07.745-306470-994605,889,false,10.745879665704397,1,3618.149321023977,1.0,1.0
2026-03-22T21:10:07.745-306470-994605,363,false,2.376141164488923,1,3618.149321023977,1.0,1.0
2026-03-22T21:10:07.745-306470-994605,968,false,10.487062002740053,1,3618.149321023977,1.0,1.0
2026-03-22T21:10:07.745-306470-994605,427,false,4.559022688985615,1,3618.149321023977,1.0,1.0
2026-03-22T21:10:07.745-306470-994605,882,false,0.09851980486002658,1,3618.149321023977,1.0,1.0
2026-03-22T21:10:07.745-306470-994605,819,false,17.378061756591084,1,3618.149321023977,1.0,1.0
2026-03-22T21:10:07.745-306470-994605,116,false,0.2949390319326179,1,3618.149321023977,1.0,1.0
2026-03-22T21:10:07.745-306470-994605,663,false,2.6589974846025775,1,3618.149321023977,1.0,1.0
2026-03-22T21:10:07.745-306470-994605,959,false,0.643815378374547,1,3618.149321023977,1.0,1.0
2026-03-22T21:10:07.745-306470-994605,919,false,1.1224616398929435,1,3618.149321023977,1.0,1.0
2026-03-22T21:10:07.745-306470-994605,231,false,0.04014570693798341,1,3618.149321023977,1.0,1.0
2026-03-22T21:10:07.745-306470-994605,513,false,41.63453543426569,1,3618.149321023977,1.0,1.0
2026-03-22T21:10:07.745-306470-994605,8,false,0.06832711663679139,1,3618.149321023977,1.0,1.0
2026-03-22T21:10:07.745-306470-994605,606,false,14.345474578554846,1,3618.149321023977,1.0,1.0
2026-03-22T21:10:07.745-306470-994605,390,false,12.881360498658927,1,3618.149321023977,1.0,1.0
2026-03-22T21:10:07.745-306470-994605,219,false,0.43789551561015605,1,3618.149321023977,1.0,1.0
2026-03-22T21:10:07.745-306470-994605,80,false,2.209819087762252,1,3618.149321023977,1.0,1.0
2026-03-22T21:10:07.745-306470-994605,5,false,5.303654109767851,1,3618.149321023977,1.0,1.0
2026-03-22T21:10:07.745-306470-994605,286,false,164.17143289785528,1,3618.149321023977,1.0,1.0
2026-03-22T21:10:07.745-306470-994605,291,false,14.261924266232784,1,3618.149321023977,1.0,1.0
2026-03-22T21:10:07.745-306470-994605,796,false,5.296841494322285,1,3618.149321023977,1.0,1.0
2026-03-22T21:10:07.745-306470-994605,104,false,3.172921096196889,1,3618.149321023977,1.0,1.0
2026-03-22T21:10:07.745-306470-994605,802,false,15.903468560272104,1,3618.149321023977,1.0,1.0
2026-03-22T21:10:07.745-306470-994605,251,false,0.7388383066086225,1,3618.149321023977,1.0,1.0
2026-03-22T21:10:07.745-306470-994605,142,false,1.1214605224921201,1,3618.149321023977,1.0,1.0
2026-03-22T21:10:07.745-306470-994605,295,false,12.165653020650272,1,3618.149321023977,1.0,1.0
2026-03-22T21:10:07.745-306470-994605,520,false,50.76660142679231,1,3618.149321023977,1.0,1.0
2026-03-22T21:10:07.745-306470-994605,280,false,0.12462827129233894,1,3618.149321023977,1.0,1.0
2026-03-22T21:10:07.745-306470-994605,742,false,90.07470430648573,1,3618.149321023977,1.0,1.0
2026-03-22T21:10:07.745-306470-994605,141,false,0.4671498220195218,1,3618.149321023977,1.0,1.0
2026-03-22T21:10:07.745-306470-994605,467,false,5.453257828507434,1,3618.149321023977,1.0,1.0
2026-03-22T21:10:07.745-306470-994605,787,false,0.40321294677688974,1,3618.149321023977,1.0,1.0
2026-03-22T21:10:07.745-306470-994605,932,false,32.241984198857,1,3618.149321023977,1.0,1.0
2026-03-22T21:10:07.745-306470-994605,227,false,0.12279519773609965,1,3618.149321023977,1.0,1.0
2026-03-22T21:10:07.745-306470-994605,782,false,0.5544847308875093,1,3618.149321023977,1.0,1.0
2026-03-22T21:10:07.745-306470-994605,891,false,5.7127060065298085,1,3618.149321023977,1.0,1.0
2026-03-22T21:10:07.745-306470-994605,907,false,0.5630993252847595,1,3618.149321023977,1.0,1.0
2026-03-22T21:10:07.745-306470-994605,152,false,9.22330204220396,1,3618.149321023977,1.0,1.0
2026-03-22T21:10:07.745-306470-994605,496,false,0.033642706619330214,1,3618.149321023977,1.0,1.0
2026-03-22T21:10:07.745-306470-994605,411,false,2.7093607704063323,1,3618.149321023977,1.0,1.0
2026-03-22T21:10:07.745-306470-994605,780,false,24.167225288451817,1,3618.149321023977,1.0,1.0
2026-03-22T21:10:07.745-306470-994605,290,false,0.8081924537522789,1,3618.149321023977,1.0,1.0
2026-03-22T21:10:07.745-306470-994605,337,false,88.61225441334896,1,3618.149321023977,1.0,1.0
2026-03-22T21:10:07.745-306470-994605,75,false,4.1927063290153015,1,3618.149321023977,1.0,1.0
2026-03-22T21:10:07.745-306470-994605,966,false,0.4250529227303376,1,3618.149321023977,1.0,1.0
2026-03-22T21:10:07.745-306470-994605,372,false,0.1312123751485949,1,3618.149321023977,1.0,1.0
2026-03-22T21:10:07.745-306470-994605,279,false,0.1766828915579233,1,3618.149321023977,1.0,1.0
2026-03-22T21:10:07.745-306470-994605,925,false,3.9501908380770803,1,3618.149321023977,1.0,1.0
2026-03-22T21:10:07.745-306470-994605,621,false,2.785438512676974,1,3618.149321023977,1.0,1.0
2026-03-22T21:10:07.745-306470-994605,446,false,5.091265385248055,1,3618.149321023977,1.0,1.0
2026-03-22T21:10:07.745-306470-994605,830,false,7.044340489735619,1,3618.149321023977,1.0,1.0
2026-03-22T21:10:07.745-306470-994605,263,true,1.7161496267862637,1,3616.4331713971906,1.0,0.0020000000000000018
2026-03-22T21:10:07.745-306470-994605,105,false,0.7399796413956219,1,3616.4331713971906,1.0,1.0
2026-03-22T21:10:07.745-306470-994605,734,true,36.42537221817004,1,3580.0077991790204,1.0,0.14400000000000002
2026-03-22T21:10:07.745-306470-994605,440,false,3.462805592549562,1,3580.0077991790204,1.0,1.0
2026-03-22T21:10:07.745-306470-994605,285,false,0.24978790791406785,1,3580.0077991790204,1.0,1.0
2026-03-22T21:10:07.745-306470-994605,962,false,37.11755066368949,1,3580.0077991790204,1.0,1.0
2026-03-22T21:10:07.745-306470-994605,988,false,0.8557016818454652,1,3580.0077991790204,1.0,1.0
2026-03-22T21:10:07.745-306470-994605,881,false,1.3932595038538633,1,3580.0077991790204,1.0,1.0
2026-03-22T21:10:07.745-306470-994605,806,false,2.3050889353869635,1,3580.0077991790204,1.0,1.0
2026-03-22T21:10:07.745-306470-994605,110,false,1.316870391872028,1,3580.0077991790204,1.0,1.0
2026-03-22T21:10:07.745-306470-994605,541,false,997.4648777948793,1,3580.0077991790204,1.0,1.0
2026-03-22T21:10:07.745-306470-994605,378,false,5.034607478346039,1,3580.0077991790204,1.0,1.0
2026-03-22T21:10:07.745-306470-994605,817,false,0.3258625928866412,1,3580.0077991790204,1.0,1.0
2026-03-22T21:10:07.745-306470-994605,703,false,0.012616209526724067,1,3580.0077991790204,1.0,1.0
2026-03-22T21:10:07.745-306470-994605,127,false,1.5860276008369352,1,3580.0077991790204,1.0,1.0
2026-03-22T21:10:07.745-306470-994605,94,false,2.104995643553066,1,3580.0077991790204,1.0,1.0
2026-03-22T21:10:07.745-306470-994605,202,false,0.34668798646757937,1,3580.0077991790204,1.0,1.0
2026-03-22T21:10:07.745-306470-994605,741,false,26.2774884026094,1,3580.0077991790204,1.0,1.0
2026-03-22T21:10:07.745-306470-994605,800,false,0.11201984645373907,1,3580.0077991790204,1.0,1.0
2026-03-22T21:10:07.745-306470-994605,356,false,36.50825415541735,1,3580.0077991790204,1.0,1.0
2026-03-22T21:10:07.745-306470-994605,955,false,22.93234491118716,1,3580.0077991790204,1.0,1.0
2026-03-22T21:10:07.745-306470-994605,856,false,6.967592870334068,1,3580.0077991790204,1.0,1.0
2026-03-22T21:10:07.745-306470-994605,916,false,0.09443174253738859,1,3580.0077991790204,1.0,1.0
2026-03-22T21:10:07.745-306470-994605,718,false,5.046991946839368,1,3580.0077991790204,1.0,1.0
2026-03-22T21:10:07.745-306470-994605,840,false,11.130190122489088,1,3580.0077991790204,1.0,1.0
2026-03-22T21:10:07.745-306470-994605,346,false,2.609275173272096,1,3580.0077991790204,1.0,1.0
2026-03-22T21:10:07.745-306470-994605,999,false,3.425707161192764,1,3580.0077991790204,1.0,1.0
2026-03-22T21:10:07.745-306470-994605,876,false,2.394401418835015,1,3580.0077991790204,1.0,1.0
2026-03-22T21:10:07.745-306470-994605,358,false,0.22815335559055275,1,3580.0077991790204,1.0,1.0
2026-03-22T21:10:07.745-306470-994605,434,false,29.324527484708423,1,3580.0077991790204,1.0,1.0
2026-03-22T21:10:07.745-306470-994605,921,false,0.5726227900955622,1,3580.0077991790204,1.0,1.0
2026-03-22T21:10:07.745-306470-994605,648,false,0.7375975693849691,1,3580.0077991790204,1.0,1.0
2026-03-22T21:10:07.745-306470-994605,804,false,13.455778463557413,1,3580.0077991790204,1.0,1.0
2026-03-22T21:10:07.745-306470-994605,62,false,0.1864472605664568,1,3580.0077991790204,1.0,1.0
2026-03-22T21:10:07.745-306470-994605,941,false,11.162332863970775,1,3580.0077991790204,1.0,1.0
2026-03-22T21:10:07.745-306470-994605,773,false,0.5350034003896338,1,3580.0077991790204,1.0,1.0
2026-03-22T21:10:07.745-306470-994605,885,false,0.6516343065686077,1,3580.0077991790204,1.0,1.0
2026-03-22T21:10:07.745-306470-994605,158,false,6.627455347232708,1,3580.0077991790204,1.0,1.0
2026-03-22T21:10:07.745-306470-994605,176,false,0.6056786469456098,1,3580.0077991790204,1.0,1.0
2026-03-22T21:10:07.745-306470-994605,624,false,18.90274465043649,1,3580.0077991790204,1.0,1.0
2026-03-22T21:10:07.745-306470-994605,906,false,1.3986470920008298,1,3580.0077991790204,1.0,1.0
2026-03-22T21:10:07.745-306470-994605,489,false,4.751605922822709,1,3580.0077991790204,1.0,1.0
2026-03-22T21:10:07.745-306470-994605,91,false,1.2041213166494813,1,3580.0077991790204,1.0,1.0
2026-03-22T21:10:07.745-306470-994605,98,false,0.4453519758787108,1,3580.0077991790204,1.0,1.0
2026-03-22T21:10:07.745-306470-994605,831,false,14.817893433254396,1,3580.0077991790204,1.0,1.0
2026-03-22T21:10:07.745-306470-994605,229,false,9.035327179191954,1,3580.0077991790204,1.0,1.0
2026-03-22T21:10:07.745-306470-994605,403,false,14.134480708383549,1,3580.0077991790204,1.0,1.0
2026-03-22T21:10:07.745-306470-994605,481,true,10.398254971784251,1,3569.609544207236,1.0,0.702
2026-03-22T21:10:07.745-306470-994605,575,false,10.176147192667488,1,3569.609544207236,1.0,1.0
2026-03-22T21:10:07.745-306470-994605,173,false,1.2815282559784043,1,3569.609544207236,1.0,1.0
2026-03-22T21:10:07.745-306470-994605,34,false,0.3327569586722379,1,3569.609544207236,1.0,1.0
2026-03-22T21:10:07.745-306470-994605,42,false,0.1316142715962861,1,3569.609544207236,1.0,1.0
2026-03-22T21:10:07.745-306470-994605,475,false,0.9220196145048055,1,3569.609544207236,1.0,1.0
2026-03-22T21:10:07.745-306470-994605,205,false,367.28280115241216,1,3569.609544207236,1.0,1.0
2026-03-22T21:10:07.745-306470-994605,990,false,3.151538515606438,1,3569.609544207236,1.0,1.0
2026-03-22T21:10:07.745-306470-994605,470,false,1.9331524274057608,1,3569.609544207236,1.0,1.0
2026-03-22T21:10:07.745-306470-994605,868,false,10.26987432448396,1,3569.609544207236,1.0,1.0
2026-03-22T21:10:07.745-306470-994605,81,false,3.6083161831112225,1,3569.609544207236,1.0,1.0
2026-03-22T21:10:07.745-306470-994605,198,false,1.3731432565111783,1,3569.609544207236,1.0,1.0
2026-03-22T21:10:07.745-306470-994605,257,false,0.12791814586934652,1,3569.609544207236,1.0,1.0
2026-03-22T21:10:07.745-306470-994605,888,false,4.8396936794983,1,3569.609544207236,1.0,1.0
2026-03-22T21:10:07.745-306470-994605,659,false,0.1240724247237477,1,3569.609544207236,1.0,1.0
2026-03-22T21:10:07.745-306470-994605,294,false,0.18483561268491633,1,3569.609544207236,1.0,1.0
2026-03-22T21:10:07.745-306470-994605,865,false,0.41899918025535715,1,3569.609544207236,1.0,1.0
2026-03-22T21:10:07.745-306470-994605,269,true,0.9723370566230961,1,3568.637207150613,1.0,0.0
2026-03-22T21:10:07.745-306470-994605,758,false,0.6082835280412063,1,3568.637207150613,1.0,1.0
2026-03-22T21:10:07.745-306470-994605,14,false,105.86501744292407,1,3568.637207150613,1.0,1.0
2026-03-22T21:10:07.745-306470-994605,700,false,0.9815082009763765,1,3568.637207150613,1.0,1.0
2026-03-22T21:10:07.745-306470-994605,26,false,0.026831666797777712,1,3568.637207150613,1.0,1.0
2026-03-22T21:10:07.745-306470-994605,608,false,56.23389347491748,1,3568.637207150613,1.0,1.0
2026-03-22T21:10:07.745-306470-994605,441,false,0.37470476623936966,1,3568.637207150613,1.0,1.0
2026-03-22T21:10:07.745-306470-994605,726,true,39.70854219136529,1,3528.9286649592477,1.0,0.851
2026-03-22T21:10:07.745-306470-994605,323,false,2.899316630931777,1,3528.9286649592477,1.0,1.0
2026-03-22T21:10:07.745-306470-994605,892,false,2.401251665979939,1,3528.9286649592477,1.0,1.0
2026-03-22T21:10:07.745-306470-994605,226,false,4.058608654630161,1,3528.9286649592477,1.0,1.0
2026-03-22T21:10:07.745-306470-994605,991,false,2.6586106948657435,1,3528.9286649592477,1.0,1.0
2026-03-22T21:10:07.745-306470-994605,948,false,12.695537873810968,1,3528.9286649592477,1.0,1.0
2026-03-22T21:10:07.745-306470-994605,982,false,221.78476836325953,1,3528.9286649592477,1.0,1.0
2026-03-22T21:10:07.745-306470-994605,296,false,0.7194793597328828,1,3528.9286649592477,1.0,1.0
2026-03-22T21:10:07.745-306470-994605,284,false,2.171944070009299,1,3528.9286649592477,1.0,1.0
2026-03-22T21:10:07.745-306470-994605,12,false,3.5121230191551143,1,3528.9286649592477,1.0,1.0
2026-03-22T21:10:07.745-306470-994605,735,true,1.8118306498799317,1,3527.1168343093677,1.0,0.0010000000000000009
2026-03-22T21:10:07.745-306470-994605,708,false,0.05534536878911964,1,3527.1168343093677,1.0,1.0
2026-03-22T21:10:07.745-306470-994605,249,false,31.596927166440093,1,3527.1168343093677,1.0,1.0
2026-03-22T21:10:07.745-306470-994605,777,false,10.401953928554066,1,3527.1168343093677,1.0,1.0
2026-03-22T21:10:07.745-306470-994605,320,false,10.234455608956917,1,3527.1168343093677,1.0,1.0
2026-03-22T21:10:07.745-306470-994605,190,false,3.422576016019273,1,3527.1168343093677,1.0,1.0
2026-03-22T21:10:07.745-306470-994605,407,false,5.949616937385515,1,3527.1168343093677,1.0,1.0
2026-03-22T21:10:07.745-306470-994605,554,false,2.551086002831978,1,3527.1168343093677,1.0,1.0
2026-03-22T21:10:07.745-306470-994605,250,false,7.37999416540718,1,3527.1168343093677,1.0,1.0
2026-03-22T21:10:07.745-306470-994605,866,false,81.58036258906012,1,3527.1168343093677,1.0,1.0
2026-03-22T21:10:07.745-306470-994605,594,false,2.3526626412718157,1,3527.1168343093677,1.0,1.0
2026-03-22T21:10:07.745-306470-994605,534,false,1.4021567905539698,1,3527.1168343093677,1.0,1.0
2026-03-22T21:10:07.745-306470-994605,57,false,134.850121560006,1,3527.1168343093677,1.0,1.0
2026-03-22T21:10:07.745-306470-994605,218,false,2.8802176353290587,1,3527.1168343093677,1.0,1.0
2026-03-22T21:10:07.745-306470-994605,423,false,1.6191553111441812,1,3527.1168343093677,1.0,1.0
2026-03-22T21:10:07.745-306470-994605,633,false,1.6630833348522034,1,3527.1168343093677,1.0,1.0
2026-03-22T21:10:07.745-306470-994605,247,false,0.3846769242194851,1,3527.1168343093677,1.0,1.0
2026-03-22T21:10:07.745-306470-994605,969,false,958.2520733010073,1,3527.1168343093677,1.0,1.0
2026-03-22T21:10:07.745-306470-994605,155,true,4.380706067144637,1,3522.736128242223,1.0,0.841
2026-03-22T21:10:07.745-306470-994605,808,false,0.7488619818931175,1,3522.736128242223,1.0,1.0
2026-03-22T21:10:07.745-306470-994605,996,false,5.77259410834463,1,3522.736128242223,1.0,1.0
2026-03-22T21:10:07.745-306470-994605,459,false,1.6465091872067001,1,3522.736128242223,1.0,1.0
2026-03-22T21:10:07.745-306470-994605,943,false,3.8549215553721528,1,3522.736128242223,1.0,1.0
2026-03-22T21:10:07.745-306470-994605,593,false,4.794211111162179,1,3522.736128242223,1.0,1.0
2026-03-22T21:10:07.745-306470-994605,184,false,3.2343654946525193,1,3522.736128242223,1.0,1.0
2026-03-22T21:10:07.745-306470-994605,252,false,230.64991828468118,1,3522.736128242223,1.0,1.0
2026-03-22T21:10:07.745-306470-994605,924,false,1.5666598175715682,1,3522.736128242223,1.0,1.0
2026-03-22T21:10:07.745-306470-994605,304,false,1.3460947487518098,1,3522.736128242223,1.0,1.0
2026-03-22T21:10:07.745-306470-994605,617,false,0.6724918478369932,1,3522.736128242223,1.0,1.0
2026-03-22T21:10:07.745-306470-994605,951,false,0.15429205470033946,1,3522.736128242223,1.0,1.0
2026-03-22T21:10:07.745-306470-994605,935,false,0.07483485491814706,1,3522.736128242223,1.0,1.0
2026-03-22T21:10:07.745-306470-994605,616,false,0.8534796085752742,1,3522.736128242223,1.0,1.0
2026-03-22T21:10:07.745-306470-994605,783,false,4.011973209070208,1,3522.736128242223,1.0,1.0
2026-03-22T21:10:07.745-306470-994605,312,false,14.287608619976421,1,3522.736128242223,1.0,1.0
2026-03-22T21:10:07.745-306470-994605,225,false,0.4016843240496364,1,3522.736128242223,1.0,1.0
2026-03-22T21:10:07.745-306470-994605,476,true,26.869020476116994,1,3495.867107766106,1.0,0.673
2026-03-22T21:10:07.745-306470-994605,17,false,0.5495094748343455,1,3495.867107766106,1.0,1.0
2026-03-22T21:10:07.745-306470-994605,532,false,0.2636828702720477,1,3495.867107766106,1.0,1.0
2026-03-22T21:10:07.745-306470-994605,896,false,0.12139684144403523,1,3495.867107766106,1.0,1.0
2026-03-22T21:10:07.745-306470-994605,46,false,1.3882501355943115,1,3495.867107766106,1.0,1.0
2026-03-22T21:10:07.745-306470-994605,949,false,37.19212237984747,1,3495.867107766106,1.0,1.0
2026-03-22T21:10:07.745-306470-994605,4,false,22.36948429031452,1,3495.867107766106,1.0,1.0
2026-03-22T21:10:07.745-306470-994605,144,false,2.1840284826767147,1,3495.867107766106,1.0,1.0
2026-03-22T21:10:07.745-306470-994605,379,false,0.9393965353710219,1,3495.867107766106,1.0,1.0
2026-03-22T21:10:07.745-306470-994605,682,false,1.1785670375668245,1,3495.867107766106,1.0,1.0
2026-03-22T21:10:07.745-306470-994605,366,false,31.383854922361994,1,3495.867107766106,1.0,1.0
2026-03-22T21:10:07.745-306470-994605,65,false,0.05488676644312715,1,3495.867107766106,1.0,1.0
2026-03-22T21:10:07.745-306470-994605,376,false,1.4164497349753509,1,3495.867107766106,1.0,1.0
2026-03-22T21:10:07.745-306470-994605,514,false,1.9506934811605745,1,3495.867107766106,1.0,1.0
2026-03-22T21:10:07.745-306470-994605,206,false,0.27705150962198616,1,3495.867107766106,1.0,1.0
2026-03-22T21:10:07.745-306470-994605,911,true,6.637812936607587,1,3489.2292948294985,1.0,0.914
2026-03-22T21:10:07.745-306470-994605,348,false,24.94342324598658,1,3489.2292948294985,1.0,1.0
2026-03-22T21:10:07.745-306470-994605,517,false,1.9677076909493807,1,3489.2292948294985,1.0,1.0
2026-03-22T21:10:07.745-306470-994605,510,true,8.704248806404658,1,3480.5250460230936,1.0,0.847
2026-03-22T21:10:07.745-306470-994605,1,false,0.060853489437653875,1,3480.5250460230936,1.0,1.0
2026-03-22T21:10:07.745-306470-994605,6,false,11.682791101751134,1,3480.5250460230936,1.0,1.0
2026-03-22T21:10:07.745-306470-994605,688,false,0.20622507655104916,1,3480.5250460230936,1.0,1.0
2026-03-22T21:10:07.745-306470-994605,96,false,0.16533682114147255,1,3480.5250460230936,1.0,1.0
2026-03-22T21:10:07.745-306470-994605,35,false,10.737274935748232,1,3480.5250460230936,1.0,1.0
2026-03-22T21:10:07.745-306470-994605,288,false,1.2327722493919002,1,3480.5250460230936,1.0,1.0
2026-03-22T21:10:07.745-306470-994605,645,false,6.220449949419782,1,3480.5250460230936,1.0,1.0
2026-03-22T21:10:07.745-306470-994605,538,false,1.9098180710776809,1,3480.5250460230936,1.0,1.0
2026-03-22T21:10:07.745-306470-994605,215,false,0.1387281972921988,1,3480.5250460230936,1.0,1.0
2026-03-22T21:10:07.745-306470-994605,834,false,1.5132900964003355,1,3480.5250460230936,1.0,1.0
2026-03-22T21:10:07.745-306470-994605,837,false,0.12762013050280652,1,3480.5250460230936,1.0,1.0
2026-03-22T21:10:07.745-306470-994605,113,false,87.8797962241374,1,3480.5250460230936,1.0,1.0
2026-03-22T21:10:07.745-306470-994605,164,false,7.1823132371904395,1,3480.5250460230936,1.0,1.0
2026-03-22T21:10:07.745-306470-994605,946,false,3.681442031655626,1,3480.5250460230936,1.0,1.0
2026-03-22T21:10:07.745-306470-994605,716,false,11.201954342283845,1,3480.5250460230936,1.0,1.0
2026-03-22T21:10:07.745-306470-994605,761,false,13.365955300333436,1,3480.5250460230936,1.0,1.0
2026-03-22T21:10:07.745-306470-994605,216,false,1.0192218603564054,1,3480.5250460230936,1.0,1.0
2026-03-22T21:10:07.745-306470-994605,478,true,21.200282227171733,1,3459.324763795922,1.0,0.0
2026-03-22T21:10:07.745-306470-994605,997,false,2.4631875252889692,1,3459.324763795922,1.0,1.0
2026-03-22T21:10:07.745-306470-994605,939,false,4.332690066116355,1,3459.324763795922,1.0,1.0
2026-03-22T21:10:07.745-306470-994605,556,false,16.787942858415615,1,3459.324763795922,1.0,1.0
2026-03-22T21:10:07.745-306470-994605,384,false,6.236899413638735,1,3459.324763795922,1.0,1.0
2026-03-22T21:10:07.745-306470-994605,664,false,0.04050248273495601,1,3459.324763795922,1.0,1.0
2026-03-22T21:10:07.745-306470-994605,673,false,4.562623142212451,1,3459.324763795922,1.0,1.0
2026-03-22T21:10:07.745-306470-994605,717,false,0.17889547384518759,1,3459.324763795922,1.0,1.0
2026-03-22T21:10:07.745-306470-994605,923,false,0.4861149254512584,1,3459.324763795922,1.0,1.0
2026-03-22T21:10:07.745-306470-994605,354,false,283.578663462563,1,3459.324763795922,1.0,1.0
2026-03-22T21:10:07.745-306470-994605,562,false,0.29294447625463776,1,3459.324763795922,1.0,1.0
2026-03-22T21:10:07.745-306470-994605,27,false,1.6072882079227624,1,3459.324763795922,1.0,1.0
2026-03-22T21:10:07.745-306470-994605,776,false,0.29210407159583096,1,3459.324763795922,1.0,1.0
2026-03-22T21:10:07.745-306470-994605,785,false,27.88713661309228,1,3459.324763795922,1.0,1.0
2026-03-22T21:10:07.745-306470-994605,259,false,0.36059782910665944,1,3459.324763795922,1.0,1.0
2026-03-22T21:10:07.745-306470-994605,484,false,0.20896894628420426,1,3459.324763795922,1.0,1.0
2026-03-22T21:10:07.745-306470-994605,412,false,0.23987962510358468,1,3459.324763795922,1.0,1.0
2026-03-22T21:10:07.745-306470-994605,835,false,0.7635874970834806,1,3459.324763795922,1.0,1.0
2026-03-22T21:10:07.745-306470-994605,430,false,30.886374669280794,1,3459.324763795922,1.0,1.0
2026-03-22T21:10:07.745-306470-994605,609,false,1.1705091891274433,1,3459.324763795922,1.0,1.0
2026-03-22T21:10:07.745-306470-994605,79,false,12.451972867349944,1,3459.324763795922,1.0,1.0
2026-03-22T21:10:07.745-306470-994605,818,false,1.7602889133135582,1,3459.324763795922,1.0,1.0
2026-03-22T21:10:07.745-306470-994605,671,false,5.294312393443923,1,3459.324763795922,1.0,1.0
2026-03-22T21:10:07.745-306470-994605,283,false,3.10221816456602,1,3459.324763795922,1.0,1.0
2026-03-22T21:10:07.745-306470-994605,302,false,1.1751499174072861,1,3459.324763795922,1.0,1.0
2026-03-22T21:10:07.745-306470-994605,473,false,0.11145725493341813,1,3459.324763795922,1.0,1.0
2026-03-22T21:10:07.745-306470-994605,146,false,0.2292818015224422,1,3459.324763795922,1.0,1.0
2026-03-22T21:10:07.745-306470-994605,930,false,0.8983426946540807,1,3459.324763795922,1.0,1.0
2026-03-22T21:10:07.745-306470-994605,414,false,4.237111267138292,1,3459.324763795922,1.0,1.0
2026-03-22T21:10:07.745-306470-994605,433,false,25.562874486511824,1,3459.324763795922,1.0,1.0
2026-03-22T21:10:07.745-306470-994605,667,false,1.1728654325555357,1,3459.324763795922,1.0,1.0
2026-03-22T21:10:07.745-306470-994605,778,false,2.4307051014661836,1,3459.324763795922,1.0,1.0
2026-03-22T21:10:07.745-306470-994605,898,false,0.6061786945836426,1,3459.324763795922,1.0,1.0
2026-03-22T21:10:07.745-306470-994605,59,false,0.3093909613051489,1,3459.324763795922,1.0,1.0
2026-03-22T21:10:07.745-306470-994605,583,true,0.47255342084547347,1,3458.8522103750765,1.0,0.835
2026-03-22T21:10:07.745-306470-994605,640,false,77.87983532800666,1,3458.8522103750765,1.0,1.0
2026-03-22T21:10:07.745-306470-994605,850,false,23.68945779329216,1,3458.8522103750765,1.0,1.0
2026-03-22T21:10:07.745-306470-994605,187,false,0.4987077499100146,1,3458.8522103750765,1.0,1.0
2026-03-22T21:10:07.745-306470-994605,221,false,10.330938165985089,1,3458.8522103750765,1.0,1.0
2026-03-22T21:10:07.745-306470-994605,64,false,1003.3983698421481,1,3458.8522103750765,1.0,1.0
2026-03-22T21:10:07.745-306470-994605,148,false,1.9681022372112063,1,3458.8522103750765,1.0,1.0
2026-03-22T21:10:07.745-306470-994605,191,false,4.577386957734968,1,3458.8522103750765,1.0,1.0
2026-03-22T21:10:07.745-306470-994605,103,false,1.969947385342843,1,3458.8522103750765,1.0,1.0
2026-03-22T21:10:07.745-306470-994605,429,false,2.521242854502324,1,3458.8522103750765,1.0,1.0
2026-03-22T21:10:07.745-306470-994605,330,false,0.7774805105994698,1,3458.8522103750765,1.0,1.0
2026-03-22T21:10:07.745-306470-994605,622,false,63.62728455550925,1,3458.8522103750765,1.0,1.0
2026-03-22T21:10:07.745-306470-994605,851,false,6.700801243819289,1,3458.8522103750765,1.0,1.0
2026-03-22T21:10:07.745-306470-994605,820,false,0.09046447223253465,1,3458.8522103750765,1.0,1.0
2026-03-22T21:10:07.745-306470-994605,224,false,2.843829760780233,1,3458.8522103750765,1.0,1.0
2026-03-22T21:10:07.745-306470-994605,768,false,151.96419355589026,1,3458.8522103750765,1.0,1.0
2026-03-22T21:10:07.745-306470-994605,150,false,0.32415066306841317,1,3458.8522103750765,1.0,1.0
2026-03-22T21:10:07.745-306470-994605,656,false,0.03195021195350039,1,3458.8522103750765,1.0,1.0
2026-03-22T21:10:07.745-306470-994605,571,false,3.5548221302310767,1,3458.8522103750765,1.0,1.0
2026-03-22T21:10:07.745-306470-994605,342,false,6.2557777943878055,1,3458.8522103750765,1.0,1.0
2026-03-22T21:10:07.745-306470-994605,852,false,39.048244118367776,1,3458.8522103750765,1.0,1.0
2026-03-22T21:10:07.745-306470-994605,255,false,8.680903616536261,1,3458.8522103750765,1.0,1.0
2026-03-22T21:10:07.745-306470-994605,369,false,0.5676788391315555,1,3458.8522103750765,1.0,1.0
2026-03-22T21:10:07.745-306470-994605,927,false,4.545312483805656,1,3458.8522103750765,1.0,1.0
2026-03-22T21:10:07.745-306470-994605,506,false,1.1999063035219828,1,3458.8522103750765,1.0,1.0
2026-03-22T21:10:07.745-306470-994605,66,false,1.1616883846461679,1,3458.8522103750765,1.0,1.0
2026-03-22T21:10:07.745-306470-994605,838,false,0.29431442521816714,1,3458.8522103750765,1.0,1.0
2026-03-22T21:10:07.745-306470-994605,714,false,9.200017786630454,1,3458.8522103750765,1.0,1.0
2026-03-22T21:10:07.745-306470-994605,443,false,1.6218852412887488,1,3458.8522103750765,1.0,1.0
2026-03-22T21:10:07.745-306470-994605,10,false,2.2334730381410326,1,3458.8522103750765,1.0,1.0
2026-03-22T21:10:07.745-306470-994605,880,false,11.247131095153183,1,3458.8522103750765,1.0,1.0
2026-03-22T21:10:07.745-306470-994605,910,true,4.533739606076606,1,3454.3184707689998,1.0,0.6930000000000001
2026-03-22T21:10:07.745-306470-994605,792,false,0.017197978147695414,1,3454.3184707689998,1.0,1.0
2026-03-22T21:10:07.745-306470-994605,839,false,4.757966496905932,1,3454.3184707689998,1.0,1.0
2026-03-22T21:10:07.745-306470-994605,352,false,0.15009157396379322,1,3454.3184707689998,1.0,1.0
2026-03-22T21:10:07.745-306470-994605,382,false,2.356571815478851,1,3454.3184707689998,1.0,1.0
2026-03-22T21:10:07.745-306470-994605,590,false,0.863627857079405,1,3454.3184707689998,1.0,1.0
2026-03-22T21:10:07.745-306470-994605,712,false,3.7687134591802676,1,3454.3184707689998,1.0,1.0
2026-03-22T21:10:07.745-306470-994605,675,false,14.197713609696955,1,3454.3184707689998,1.0,1.0
2026-03-22T21:10:07.745-306470-994605,355,false,26.275651988256634,1,3454.3184707689998,1.0,1.0
2026-03-22T21:10:07.745-306470-994605,994,false,0.24324798024788077,1,3454.3184707689998,1.0,1.0
2026-03-22T21:10:07.745-306470-994605,727,true,1.1204082481203061,1,3453.1980625208794,1.0,0.0
2026-03-22T21:10:07.745-306470-994605,563,false,0.5342095157997273,1,3453.1980625208794,1.0,1.0
2026-03-22T21:10:07.745-306470-994605,272,true,13.41151027113721,1,3439.7865522497423,1.0,0.0
2026-03-22T21:10:07.745-306470-994605,615,false,3.191490124315299,1,3439.7865522497423,1.0,1.0
2026-03-22T21:10:07.745-306470-994605,847,false,0.1285905610397327,1,3439.7865522497423,1.0,1.0
2026-03-22T21:10:07.745-306470-994605,495,true,6.666477065171741,1,3433.1200751845704,1.0,0.902
2026-03-22T21:10:07.745-306470-994605,502,false,0.3086493274442268,1,3433.1200751845704,1.0,1.0
2026-03-22T21:10:07.745-306470-994605,950,false,75.52445293280842,1,3433.1200751845704,1.0,1.0
2026-03-22T21:10:07.745-306470-994605,642,false,0.5298972899506708,1,3433.1200751845704,1.0,1.0
2026-03-22T21:10:07.745-306470-994605,166,false,0.8680981205375208,1,3433.1200751845704,1.0,1.0
2026-03-22T21:10:07.745-306470-994605,631,false,17.714647695159734,1,3433.1200751845704,1.0,1.0
2026-03-22T21:10:07.745-306470-994605,397,false,6.052333929767164,1,3433.1200751845704,1.0,1.0
2026-03-22T21:10:07.745-306470-994605,598,false,0.6895840117945236,1,3433.1200751845704,1.0,1.0
2026-03-22T21:10:07.745-306470-994605,114,false,49.4525662999022,1,3433.1200751845704,1.0,1.0
2026-03-22T21:10:07.745-306470-994605,722,false,0.6990835742473335,1,3433.1200751845704,1.0,1.0
2026-03-22T21:10:07.745-306470-994605,36,false,7.34237911311142,1,3433.1200751845704,1.0,1.0
2026-03-22T21:10:07.745-306470-994605,763,false,113.8241939449071,1,3433.1200751845704,1.0,1.0
2026-03-22T21:10:07.745-306470-994605,399,false,3.8280050212519385,1,3433.1200751845704,1.0,1.0
2026-03-22T21:10:07.745-306470-994605,453,false,57.42644776592359,1,3433.1200751845704,1.0,1.0
2026-03-22T21:10:07.745-306470-994605,15,false,5.549072958941276,1,3433.1200751845704,1.0,1.0
2026-03-22T21:10:07.745-306470-994605,136,false,0.9271017906315098,1,3433.1200751845704,1.0,1.0
2026-03-22T21:10:07.745-306470-994605,790,false,11.234591852310679,1,3433.1200751845704,1.0,1.0
2026-03-22T21:10:07.745-306470-994605,747,false,0.16325577720000348,1,3433.1200751845704,1.0,1.0
2026-03-22T21:10:07.745-306470-994605,976,false,4.249349057800708,1,3433.1200751845704,1.0,1.0
2026-03-22T21:10:07.745-306470-994605,545,false,12.720940892557447,1,3433.1200751845704,1.0,1.0
2026-03-22T21:10:07.745-306470-994605,417,false,69.99531840381661,1,3433.1200751845704,1.0,1.0
2026-03-22T21:10:07.745-306470-994605,870,false,13.92643655504969,1,3433.1200751845704,1.0,1.0
2026-03-22T21:10:07.745-306470-994605,371,false,1.592932722278015,1,3433.1200751845704,1.0,1.0
2026-03-22T21:10:07.745-306470-994605,188,false,40.21729546529981,1,3433.1200751845704,1.0,1.0
2026-03-22T21:10:07.745-306470-994605,874,false,51.43370886852584,1,3433.1200751845704,1.0,1.0
2026-03-22T21:10:07.745-306470-994605,672,false,0.17579732846357368,1,3433.1200751845704,1.0,1.0
2026-03-22T21:10:07.745-306470-994605,192,false,1.7358335524731492,1,3433.1200751845704,1.0,1.0
2026-03-22T21:10:07.745-306470-994605,855,false,0.24158846644834864,1,3433.1200751845704,1.0,1.0
2026-03-22T21:10:07.745-306470-994605,567,false,1.5564395464793461,1,3433.1200751845704,1.0,1.0
2026-03-22T21:10:07.745-306470-994605,334,false,75.55138600401311,1,3433.1200751845704,1.0,1.0
2026-03-22T21:10:07.745-306470-994605,500,false,14.726795896469453,1,3433.1200751845704,1.0,1.0
2026-03-22T21:10:07.745-306470-994605,577,false,4.71991893326357,1,3433.1200751845704,1.0,1.0
2026-03-22T21:10:07.745-306470-994605,245,false,0.8704468590938073,1,3433.1200751845704,1.0,1.0
2026-03-22T21:10:07.745-306470-994605,278,false,5.092311541007456,1,3433.1200751845704,1.0,1.0
2026-03-22T21:10:07.745-306470-994605,958,false,0.7314309279495391,1,3433.1200751845704,1.0,1.0
2026-03-22T21:10:07.745-306470-994605,565,false,2.6386581625048846,1,3433.1200751845704,1.0,1.0
2026-03-22T21:10:07.745-306470-994605,612,false,4.012344632584229,1,3433.1200751845704,1.0,1.0
2026-03-22T21:10:07.745-306470-994605,625,false,5.391632070335249,1,3433.1200751845704,1.0,1.0
2026-03-22T21:10:07.745-306470-994605,684,false,0.4447616830484702,1,3433.1200751845704,1.0,1.0
2026-03-22T21:10:07.745-306470-994605,711,false,13.269979292922441,1,3433.1200751845704,1.0,1.0
2026-03-22T21:10:07.745-306470-994605,596,false,36.47793386727565,1,3433.1200751845704,1.0,1.0
2026-03-22T21:10:07.745-306470-994605,692,false,7.9291455057924445,1,3433.1200751845704,1.0,1.0
2026-03-22T21:10:07.745-306470-994605,779,false,5.220473987851645,1,3433.1200751845704,1.0,1.0
2026-03-22T21:10:07.745-306470-994605,145,false,0.9354604183039126,1,3433.1200751845704,1.0,1.0
2026-03-22T21:10:07.745-306470-994605,595,false,0.25036271556000417,1,3433.1200751845704,1.0,1.0
2026-03-22T21:10:07.745-306470-994605,539,false,12.109236039343237,1,3433.1200751845704,1.0,1.0
2026-03-22T21:10:07.745-306470-994605,964,false,10.170583900217002,1,3433.1200751845704,1.0,1.0
2026-03-22T21:10:07.745-306470-994605,543,false,3.9665907952931696,1,3433.1200751845704,1.0,1.0
2026-03-22T21:10:07.745-306470-994605,211,false,10.938211865199687,1,3433.1200751845704,1.0,1.0
2026-03-22T21:10:07.745-306470-994605,574,false,0.5109347299637149,1,3433.1200751845704,1.0,1.0
2026-03-22T21:10:07.745-306470-994605,884,false,62.50942611349904,1,3433.1200751845704,1.0,1.0
2026-03-22T21:10:07.745-306470-994605,693,false,4.9469314010089205,1,3433.1200751845704,1.0,1.0
2026-03-22T21:10:07.745-306470-994605,171,false,6.698158723421939,1,3433.1200751845704,1.0,1.0
2026-03-22T21:10:07.745-306470-994605,525,false,13.170145849354038,1,3433.1200751845704,1.0,1.0
2026-03-22T21:10:07.745-306470-994605,515,false,2.725152655368621,1,3433.1200751845704,1.0,1.0
2026-03-22T21:10:07.745-306470-994605,340,false,0.5020613841429944,1,3433.1200751845704,1.0,1.0
2026-03-22T21:10:07.745-306470-994605,360,false,43.72239693305552,1,3433.1200751845704,1.0,1.0
2026-03-22T21:10:07.745-306470-994605,980,false,42.097403288491776,1,3433.1200751845704,1.0,1.0
2026-03-22T21:10:07.745-306470-994605,480,true,0.36327515516135184,1,3432.756800029409,1.0,0.0
2026-03-22T21:10:07.745-306470-994605,877,false,11.543668360175932,1,3432.756800029409,1.0,1.0
2026-03-22T21:10:07.745-306470-994605,784,false,0.032276042690617054,1,3432.756800029409,1.0,1.0
2026-03-22T21:10:07.745-306470-994605,533,false,0.31064950490456106,1,3432.756800029409,1.0,1.0
2026-03-22T21:10:07.745-306470-994605,19,false,1.2149918851718362,1,3432.756800029409,1.0,1.0
2026-03-22T21:10:07.745-306470-994605,303,false,0.3373616074628009,1,3432.756800029409,1.0,1.0
2026-03-22T21:10:07.745-306470-994605,599,false,3.2747921396012165,1,3432.756800029409,1.0,1.0
2026-03-22T21:10:07.745-306470-994605,179,false,1.0421093144407143,1,3432.756800029409,1.0,1.0
2026-03-22T21:10:07.745-306470-994605,309,false,32.822872226179186,1,3432.756800029409,1.0,1.0
2026-03-22T21:10:07.745-306470-994605,258,false,14.854061013060308,1,3432.756800029409,1.0,1.0
2026-03-22T21:10:07.745-306470-994605,655,false,10.923162269675968,1,3432.756800029409,1.0,1.0
2026-03-22T21:10:07.745-306470-994605,689,false,0.12853849235622625,1,3432.756800029409,1.0,1.0
2026-03-22T21:10:07.745-306470-994605,386,false,0.19614331408923752,1,3432.756800029409,1.0,1.0
2026-03-22T21:10:07.745-306470-994605,895,false,3.7710587538019977,1,3432.756800029409,1.0,1.0
2026-03-22T21:10:07.745-306470-994605,161,false,2.48590681174818,1,3432.756800029409,1.0,1.0
2026-03-22T21:10:07.745-306470-994605,643,false,926.6214876236359,1,3432.756800029409,1.0,1.0
2026-03-22T21:10:07.745-306470-994605,90,false,0.23143026678480816,1,3432.756800029409,1.0,1.0
2026-03-22T21:10:07.745-306470-994605,772,false,3.2006544061854645,1,3432.756800029409,1.0,1.0
2026-03-22T21:10:07.745-306470-994605,759,false,0.43465359638295537,1,3432.756800029409,1.0,1.0
2026-03-22T21:10:07.745-306470-994605,466,false,17.388688675232753,1,3432.756800029409,1.0,1.0
2026-03-22T21:10:07.745-306470-994605,511,true,2.4532691099119663,1,3430.303530919497,1.0,0.687
2026-03-22T21:10:07.745-306470-994605,613,false,9.079648645999903,1,3430.303530919497,1.0,1.0
2026-03-22T21:10:07.745-306470-994605,465,false,0.4608675125656168,1,3430.303530919497,1.0,1.0
2026-03-22T21:10:07.745-306470-994605,3,false,1.2941258733395096,1,3430.303530919497,1.0,1.0
2026-03-22T21:10:07.745-306470-994605,559,false,0.20173282154834812,1,3430.303530919497,1.0,1.0
2026-03-22T21:10:07.745-306470-994605,803,false,3.0123772754163856,1,3430.303530919497,1.0,1.0
2026-03-22T21:10:07.745-306470-994605,385,false,23.692705917630274,1,3430.303530919497,1.0,1.0
2026-03-22T21:10:07.745-306470-994605,602,false,13.191320375045228,1,3430.303530919497,1.0,1.0
2026-03-22T21:10:07.745-306470-994605,618,false,14.281261895443118,1,3430.303530919497,1.0,1.0
2026-03-22T21:10:07.745-306470-994605,557,false,16.04435066300026,1,3430.303530919497,1.0,1.0
2026-03-22T21:10:07.745-306470-994605,499,false,9.072092131826626,1,3430.303530919497,1.0,1.0
2026-03-22T21:10:07.745-306470-994605,623,false,8.999881810297213,1,3430.303530919497,1.0,1.0
2026-03-22T21:10:07.745-306470-994605,365,false,1.116581196818153,1,3430.303530919497,1.0,1.0
2026-03-22T21:10:07.745-306470-994605,637,false,0.5172110881001936,1,3430.303530919497,1.0,1.0
2026-03-22T21:10:07.745-306470-994605,298,false,0.05296599084730334,1,3430.303530919497,1.0,1.0
2026-03-22T21:10:07.745-306470-994605,262,true,0.23324723032993494,1,3430.070283689167,1.0,0.0020000000000000018
2026-03-22T21:10:07.745-306470-994605,2,false,1.0124591892564863,1,3430.070283689167,1.0,1.0
2026-03-22T21:10:07.745-306470-994605,789,false,0.05064122161378792,1,3430.070283689167,1.0,1.0
2026-03-22T21:10:07.745-306470-994605,297,false,31.645868289098672,1,3430.070283689167,1.0,1.0
2026-03-22T21:10:07.745-306470-994605,507,true,0.8369596877403958,1,3429.2333240014264,1.0,0.6859999999999999
2026-03-22T21:10:07.745-306470-994605,367,false,7.946043416505447,1,3429.2333240014264,1.0,1.0
2026-03-22T21:10:07.745-306470-994605,754,false,0.021268799123955504,1,3429.2333240014264,1.0,1.0
2026-03-22T21:10:07.745-306470-994605,100,false,5.76893769850646,1,3429.2333240014264,1.0,1.0
2026-03-22T21:10:07.745-306470-994605,29,false,0.31399940240457863,1,3429.2333240014264,1.0,1.0
2026-03-22T21:10:07.745-306470-994605,632,false,16.839393859523522,1,3429.2333240014264,1.0,1.0
2026-03-22T21:10:07.745-306470-994605,961,false,28.27964431987213,1,3429.2333240014264,1.0,1.0
2026-03-22T21:10:07.745-306470-994605,237,false,3.6831651102694862,1,3429.2333240014264,1.0,1.0
2026-03-22T21:10:07.745-306470-994605,131,false,0.28756589229586865,1,3429.2333240014264,1.0,1.0
2026-03-22T21:10:07.745-306470-994605,24,false,0.9511169574197609,1,3429.2333240014264,1.0,1.0
2026-03-22T21:10:07.745-306470-994605,649,false,7.751932969075615,1,3429.2333240014264,1.0,1.0
2026-03-22T21:10:07.745-306470-994605,650,false,0.722948475765998,1,3429.2333240014264,1.0,1.0
2026-03-22T21:10:07.745-306470-994605,307,false,0.027035733056691196,1,3429.2333240014264,1.0,1.0
2026-03-22T21:10:07.745-306470-994605,811,false,11.659650549678403,1,3429.2333240014264,1.0,1.0
2026-03-22T21:10:07.745-306470-994605,965,false,0.6347508109183375,1,3429.2333240014264,1.0,1.0
2026-03-22T21:10:07.745-306470-994605,274,true,35.691223749967016,1,3393.5421002514595,1.0,0.0010000000000000009
2026-03-22T21:10:07.745-306470-994605,336,false,3.831674449109413,1,3393.5421002514595,1.0,1.0
2026-03-22T21:10:07.745-306470-994605,528,false,3.986495985669932,1,3393.5421002514595,1.0,1.0
2026-03-22T21:10:07.745-306470-994605,683,false,0.05201694919393775,1,3393.5421002514595,1.0,1.0
2026-03-22T21:10:07.745-306470-994605,697,false,1.3360739701188817,1,3393.5421002514595,1.0,1.0
2026-03-22T21:10:07.745-306470-994605,774,false,1.1305009893675895,1,3393.5421002514595,1.0,1.0
2026-03-22T21:10:07.745-306470-994605,439,false,4.305320574203382,1,3393.5421002514595,1.0,1.0
2026-03-22T21:10:07.745-306470-994605,737,true,5.370482639721943,1,3388.1716176117375,1.0,0.0010000000000000009
2026-03-22T21:10:07.745-306470-994605,815,false,3.5439446100671446,1,3388.1716176117375,1.0,1.0
2026-03-22T21:10:07.745-306470-994605,986,false,0.36403196262857884,1,3388.1716176117375,1.0,1.0
2026-03-22T21:10:07.745-306470-994605,721,false,11.750971846055156,1,3388.1716176117375,1.0,1.0
2026-03-22T21:10:07.745-306470-994605,203,false,29.398395179213015,1,3388.1716176117375,1.0,1.0
2026-03-22T21:10:07.745-306470-994605,537,false,72.05439935673081,1,3388.1716176117375,1.0,1.0
2026-03-22T21:10:07.745-306470-994605,940,false,3.0392399652256987,1,3388.1716176117375,1.0,1.0
2026-03-22T21:10:07.745-306470-994605,48,false,19.606666554029722,1,3388.1716176117375,1.0,1.0
2026-03-22T21:10:07.745-306470-994605,920,false,1.0073274475209362,1,3388.1716176117375,1.0,1.0
2026-03-22T21:10:07.745-306470-994605,983,false,0.846262875119938,1,3388.1716176117375,1.0,1.0
2026-03-22T21:10:07.745-306470-994605,573,true,0.7584684496944787,1,3387.413149162043,1.0,0.999
2026-03-22T21:10:07.745-306470-994605,753,false,0.11391520726364249,1,3387.413149162043,1.0,1.0
2026-03-22T21:10:07.745-306470-994605,362,false,77.82326948480298,1,3387.413149162043,1.0,1.0
2026-03-22T21:10:07.745-306470-994605,952,false,0.3353709452945862,1,3387.413149162043,1.0,1.0
2026-03-22T21:10:07.745-306470-994605,305,false,3.3417503689299273,1,3387.413149162043,1.0,1.0
2026-03-22T21:10:07.745-306470-994605,404,false,0.01752511476552468,1,3387.413149162043,1.0,1.0
2026-03-22T21:10:07.745-306470-994605,576,true,10.386625490331017,1,3377.026523671712,1.0,0.834
2026-03-22T21:10:07.745-306470-994605,143,false,9.835910534532552,1,3377.026523671712,1.0,1.0
2026-03-22T21:10:07.745-306470-994605,653,false,26.027395402321655,1,3377.026523671712,1.0,1.0
2026-03-22T21:10:07.745-306470-994605,426,false,197.3301761081437,1,3377.026523671712,1.0,1.0
2026-03-22T21:10:07.745-306470-994605,798,false,133.84596658186464,1,3377.026523671712,1.0,1.0
2026-03-22T21:10:07.745-306470-994605,84,true,0.2576040109632174,1,3376.7689196607485,1.0,0.663
2026-03-22T21:10:07.745-306470-994605,995,false,20.228662378933162,1,3376.7689196607485,1.0,1.0
2026-03-22T21:10:07.745-306470-994605,463,false,1.2331278327027386,1,3376.7689196607485,1.0,1.0
2026-03-22T21:10:07.745-306470-994605,115,false,60.039473450443445,1,3376.7689196607485,1.0,1.0
2026-03-22T21:10:07.745-306470-994605,83,true,0.5568467847703775,1,3376.2120728759783,1.0,0.0020000000000000018
2026-03-22T21:10:07.745-306470-994605,936,false,1.329619910596033,1,3376.2120728759783,1.0,1.0
2026-03-22T21:10:07.745-306470-994605,886,false,9.073175818523632,1,3376.2120728759783,1.0,1.0
2026-03-22T21:10:07.745-306470-994605,553,false,0.46624206340715785,1,3376.2120728759783,1.0,1.0
2026-03-22T21:10:07.745-306470-994605,130,false,64.14696482415461,1,3376.2120728759783,1.0,1.0
2026-03-22T21:10:07.745-306470-994605,315,false,1.6115581621716508,1,3376.2120728759783,1.0,1.0
2026-03-22T21:10:07.745-306470-994605,364,false,2.6383767318417894,1,3376.2120728759783,1.0,1.0
2026-03-22T21:10:07.745-306470-994605,204,false,116.18401696917167,1,3376.2120728759783,1.0,1.0
2026-03-22T21:10:07.745-306470-994605,842,false,4.76612426918816,1,3376.2120728759783,1.0,1.0
2026-03-22T21:10:07.745-306470-994605,501,false,13.133915051297981,1,3376.2120728759783,1.0,1.0
2026-03-22T21:10:07.745-306470-994605,929,false,5.824285758965627,1,3376.2120728759783,1.0,1.0
2026-03-22T21:10:07.745-306470-994605,282,false,7.46294583037329,1,3376.2120728759783,1.0,1.0
2026-03-22T21:10:07.745-306470-994605,518,false,6.800830742882721,1,3376.2120728759783,1.0,1.0
2026-03-22T21:10:07.745-306470-994605,926,false,19.948291597759432,1,3376.2120728759783,1.0,1.0
2026-03-22T21:10:07.745-306470-994605,707,false,15.027442065047188,1,3376.2120728759783,1.0,1.0
2026-03-22T21:10:07.745-306470-994605,628,false,2.294343606052729,1,3376.2120728759783,1.0,1.0
2026-03-22T21:10:07.745-306470-994605,764,false,4.005841278366793,1,3376.2120728759783,1.0,1.0
2026-03-22T21:10:07.745-306470-994605,715,false,0.5805359586762262,1,3376.2120728759783,1.0,1.0
2026-03-22T21:10:07.745-306470-994605,568,false,5.765611110918745,1,3376.2120728759783,1.0,1.0
2026-03-22T21:10:07.745-306470-994605,174,false,0.023885703285328973,1,3376.2120728759783,1.0,1.0
2026-03-22T21:10:07.745-306470-994605,691,false,6.938635260816487,1,3376.2120728759783,1.0,1.0
2026-03-22T21:10:07.745-306470-994605,63,false,0.41561360852634716,1,3376.2120728759783,1.0,1.0
2026-03-22T21:10:07.745-306470-994605,848,false,108.20114534832037,1,3376.2120728759783,1.0,1.0
2026-03-22T21:10:07.745-306470-994605,512,true,0.8875292698935728,1,3375.3245436060847,1.0,0.0
2026-03-22T21:10:07.745-306470-994605,686,false,21.783636795189693,1,3375.3245436060847,1.0,1.0
2026-03-22T21:10:07.745-306470-994605,52,false,19.609636278335095,1,3375.3245436060847,1.0,1.0
2026-03-22T21:10:07.745-306470-994605,588,false,5.305189736309646,1,3375.3245436060847,1.0,1.0
2026-03-22T21:10:07.745-306470-994605,318,false,2.9232620207098416,1,3375.3245436060847,1.0,1.0
2026-03-22T21:10:07.745-306470-994605,209,false,0.9502543370952764,1,3375.3245436060847,1.0,1.0
2026-03-22T21:10:07.745-306470-994605,614,false,7.912480288416573,1,3375.3245436060847,1.0,1.0
2026-03-22T21:10:07.745-306470-994605,122,false,0.17368332810494577,1,3375.3245436060847,1.0,1.0
2026-03-22T21:10:07.745-306470-994605,37,false,0.14364650480864144,1,3375.3245436060847,1.0,1.0
2026-03-22T21:10:07.745-306470-994605,902,false,1.5558566035792196,1,3375.3245436060847,1.0,1.0
2026-03-22T21:10:07.745-306470-994605,472,false,2.1501620518842617,1,3375.3245436060847,1.0,1.0
2026-03-22T21:10:07.745-306470-994605,757,false,0.04546179697482064,1,3375.3245436060847,1.0,1.0
2026-03-22T21:10:07.745-306470-994605,267,true,19.610520469650584,1,3355.714023136434,1.0,0.0
2026-03-22T21:10:07.745-306470-994605,947,false,9.823106078030703,1,3355.714023136434,1.0,1.0
2026-03-22T21:10:07.745-306470-994605,329,true,76.55376945898442,1,3279.16025367745,1.0,0.999
2026-03-22T21:10:07.745-306470-994605,185,false,1.0547121104971822,1,3279.16025367745,1.0,1.0
2026-03-22T21:10:07.745-306470-994605,49,false,33.66189461607885,1,3279.16025367745,1.0,1.0
2026-03-22T21:10:07.745-306470-994605,752,false,12.498404420709374,1,3279.16025367745,1.0,1.0
2026-03-22T21:10:07.745-306470-994605,394,true,2.3005984599798843,1,3276.85965521747,1.0,0.834
2026-03-22T21:10:07.745-306470-994605,416,true,56.26680506935263,1,3220.592850148117,1.0,0.999
2026-03-22T21:10:07.745-306470-994605,400,false,0.3359578221761422,1,3220.592850148117,1.0,1.0
2026-03-22T21:10:07.745-306470-994605,160,false,0.04206598492700165,1,3220.592850148117,1.0,1.0
2026-03-22T21:10:07.745-306470-994605,339,false,0.5784733012711613,1,3220.592850148117,1.0,1.0
2026-03-22T21:10:07.745-306470-994605,569,false,1.7126653477618026,1,3220.592850148117,1.0,1.0
2026-03-22T21:10:07.745-306470-994605,347,false,2.6252276250858237,1,3220.592850148117,1.0,1.0
2026-03-22T21:10:07.745-306470-994605,444,false,102.55255201821403,1,3220.592850148117,1.0,1.0
2026-03-22T21:10:07.745-306470-994605,401,false,0.1732070283031552,1,3220.592850148117,1.0,1.0
2026-03-22T21:10:07.745-306470-994605,560,false,148.32953629531912,1,3220.592850148117,1.0,1.0
2026-03-22T21:10:07.745-306470-994605,987,false,0.4808792551915372,1,3220.592850148117,1.0,1.0
2026-03-22T21:10:07.745-306470-994605,134,true,1.0452943491984807,1,3219.5475557989184,1.0,0.815
2026-03-22T21:10:07.745-306470-994605,857,false,9.532793179379055,1,3219.5475557989184,1.0,1.0
2026-03-22T21:10:07.745-306470-994605,377,false,7.288170172607094,1,3219.5475557989184,1.0,1.0
2026-03-22T21:10:07.745-306470-994605,744,false,1.1424477872794117,1,3219.5475557989184,1.0,1.0
2026-03-22T21:10:07.745-306470-994605,13,false,9.257206967324857,1,3219.5475557989184,1.0,1.0
2026-03-22T21:10:07.745-306470-994605,18,false,2.2919669564981997,1,3219.5475557989184,1.0,1.0
2026-03-22T21:10:07.745-306470-994605,493,true,15.244693019097742,1,3204.3028627798208,1.0,0.685
2026-03-22T21:10:07.745-306470-994605,359,false,15.444256361844992,1,3204.3028627798208,1.0,1.0
2026-03-22T21:10:07.745-306470-994605,992,false,22.15047505680968,1,3204.3028627798208,1.0,1.0
2026-03-22T21:10:07.745-306470-994605,353,false,49.76455656474191,1,3204.3028627798208,1.0,1.0
2026-03-22T21:10:07.745-306470-994605,121,false,3.469653042365534,1,3204.3028627798208,1.0,1.0
2026-03-22T21:10:07.745-306470-994605,157,false,0.014879650496411602,1,3204.3028627798208,1.0,1.0
2026-03-22T21:10:07.745-306470-994605,380,false,9.259410788598837,1,3204.3028627798208,1.0,1.0
2026-03-22T21:10:07.745-306470-994605,972,false,3.0572204296131535,1,3204.3028627798208,1.0,1.0
2026-03-22T21:10:07.745-306470-994605,82,true,4.67272288092273,1,3199.630139898898,1.0,0.0
2026-03-22T21:10:07.745-306470-994605,72,false,0.011294211771990834,1,3199.630139898898,1.0,1.0
2026-03-22T21:10:07.745-306470-994605,395,true,11.67740482972294,1,3187.952735069175,1.0,0.6819999999999999
2026-03-22T21:10:07.745-306470-994605,436,false,12.16261274452484,1,3187.952735069175,1.0,1.0
2026-03-22T21:10:07.745-306470-994605,108,false,1.0973643590152442,1,3187.952735069175,1.0,1.0
2026-03-22T21:10:07.745-306470-994605,128,false,194.05793048972942,1,3187.952735069175,1.0,1.0
2026-03-22T21:10:07.745-306470-994605,432,false,0.7196102942680269,1,3187.952735069175,1.0,1.0
2026-03-22T21:10:07.745-306470-994605,153,true,18.643307029396503,1,3169.3094280397786,1.0,0.725
2026-03-22T21:10:07.745-306470-994605,326,true,2.259253872788954,1,3167.0501741669896,1.0,0.704
2026-03-22T21:10:07.745-306470-994605,660,false,0.028028045865002887,1,3167.0501741669896,1.0,1.0
2026-03-22T21:10:07.745-306470-994605,765,false,21.73123682568564,1,3167.0501741669896,1.0,1.0
2026-03-22T21:10:07.745-306470-994605,546,false,1.7732640035405995,1,3167.0501741669896,1.0,1.0
2026-03-22T21:10:07.745-306470-994605,561,false,0.07829341118950092,1,3167.0501741669896,1.0,1.0
2026-03-22T21:10:07.745-306470-994605,547,false,1.4177827329270634,1,3167.0501741669896,1.0,1.0
2026-03-22T21:10:07.745-306470-994605,276,true,0.6457267679141033,1,3166.4044473990753,1.0,0.669
2026-03-22T21:10:07.745-306470-994605,871,false,2.431989121827234,1,3166.4044473990753,1.0,1.0
2026-03-22T21:10:07.745-306470-994605,769,false,5.3870555942556635,1,3166.4044473990753,1.0,1.0
2026-03-22T21:10:07.745-306470-994605,690,false,0.6752200664965698,1,3166.4044473990753,1.0,1.0
2026-03-22T21:10:07.745-306470-994605,195,false,1.7074801520621763,1,3166.4044473990753,1.0,1.0
2026-03-22T21:10:07.745-306470-994605,809,false,18.294203073861453,1,3166.4044473990753,1.0,1.0
2026-03-22T21:10:07.745-306470-994605,28,false,11.946692974892677,1,3166.4044473990753,1.0,1.0
2026-03-22T21:10:07.745-306470-994605,69,false,0.47163785861742735,1,3166.4044473990753,1.0,1.0
2026-03-22T21:10:07.745-306470-994605,68,false,135.37332318380902,1,3166.4044473990753,1.0,1.0
2026-03-22T21:10:07.745-306470-994605,23,false,60.095643371151986,1,3166.4044473990753,1.0,1.0
2026-03-22T21:10:07.745-306470-994605,220,false,1.8676665056081685,1,3166.4044473990753,1.0,1.0
2026-03-22T21:10:07.745-306470-994605,306,false,3.6229227164019027,1,3166.4044473990753,1.0,1.0
2026-03-22T21:10:07.745-306470-994605,661,false,11.839191078901209,1,3166.4044473990753,1.0,1.0
2026-03-22T21:10:07.745-306470-994605,38,false,0.21909916681471908,1,3166.4044473990753,1.0,1.0
2026-03-22T21:10:07.745-306470-994605,953,false,0.04121873399192991,1,3166.4044473990753,1.0,1.0
2026-03-22T21:10:07.745-306470-994605,469,false,2.463492009869665,1,3166.4044473990753,1.0,1.0
2026-03-22T21:10:07.745-306470-994605,698,false,1.0847945747594332,1,3166.4044473990753,1.0,1.0
2026-03-22T21:10:07.745-306470-994605,542,false,2.3969930351932764,1,3166.4044473990753,1.0,1.0
2026-03-22T21:10:07.745-306470-994605,314,false,7.014562367110955,1,3166.4044473990753,1.0,1.0
2026-03-22T21:10:07.745-306470-994605,345,false,2.671105252761055,1,3166.4044473990753,1.0,1.0
2026-03-22T21:10:07.745-306470-994605,389,false,1.229662745039511,1,3166.4044473990753,1.0,1.0
2026-03-22T21:10:07.745-306470-994605,41,false,2.763937212431802,1,3166.4044473990753,1.0,1.0
2026-03-22T21:10:07.745-306470-994605,455,false,2.857616320434626,1,3166.4044473990753,1.0,1.0
2026-03-22T21:10:07.745-306470-994605,273,true,11.63048058862244,1,3154.7739668104527,1.0,0.0
2026-03-22T21:10:07.745-306470-994605,351,false,7.044512822089037,1,3154.7739668104527,1.0,1.0
2026-03-22T21:10:07.745-306470-994605,490,true,8.792594602435985,1,3145.9813722080166,1.0,0.8260000000000001
2026-03-22T21:10:07.745-306470-994605,265,true,0.2914708775861527,1,3145.6899013304305,1.0,0.0
2026-03-22T21:10:07.745-306470-994605,793,false,6.76797976007192,1,3145.6899013304305,1.0,1.0
2026-03-22T21:10:07.745-306470-994605,611,false,5.6516239780180655,1,3145.6899013304305,1.0,1.0
2026-03-22T21:10:07.745-306470-994605,287,false,7.041538259811142,1,3145.6899013304305,1.0,1.0
2026-03-22T21:10:07.745-306470-994605,931,false,1.2164141362026724,1,3145.6899013304305,1.0,1.0
2026-03-22T21:10:07.745-306470-994605,696,false,0.4336237415325325,1,3145.6899013304305,1.0,1.0
2026-03-22T21:10:07.745-306470-994605,540,false,3.6909126133523595,1,3145.6899013304305,1.0,1.0
2026-03-22T21:10:07.745-306470-994605,875,true,7.969210778024255,1,3137.7206905524063,1.0,0.999
2026-03-22T21:10:07.745-306470-994605,212,false,17.9988619426128,1,3137.7206905524063,1.0,1.0
2026-03-22T21:10:07.745-306470-994605,781,false,2.2694027976822126,1,3137.7206905524063,1.0,1.0
2026-03-22T21:10:07.745-306470-994605,973,false,0.20512868049730074,1,3137.7206905524063,1.0,1.0
2026-03-22T21:10:07.745-306470-994605,308,false,1.2845865823800504,1,3137.7206905524063,1.0,1.0
2026-03-22T21:10:07.745-306470-994605,736,true,5.00414432787625,1,3132.71654622453,1.0,0.0
2026-03-22T21:10:07.745-306470-994605,311,false,67.21855120468382,1,3132.71654622453,1.0,1.0
2026-03-22T21:10:07.745-306470-994605,529,false,142.864614082296,1,3132.71654622453,1.0,1.0
2026-03-22T21:10:07.745-306470-994605,505,true,0.7111878775006484,1,3132.005358347029,1.0,0.7070000000000001
2026-03-22T21:10:07.745-306470-994605,135,true,20.186392412414893,1,3111.818965934614,1.0,0.7010000000000001
2026-03-22T21:10:07.745-306470-994605,425,false,2.120601243192607,1,3111.818965934614,1.0,1.0
2026-03-22T21:10:07.745-306470-994605,101,false,2.3154651580537613,1,3111.818965934614,1.0,1.0
2026-03-22T21:10:07.745-306470-994605,477,true,1.8720141602294003,1,3109.9469517743846,1.0,0.0
2026-03-22T21:10:07.745-306470-994605,733,true,2.076527683894214,1,3107.8704240904904,1.0,0.0
2026-03-22T21:10:07.745-306470-994605,56,false,10.369304915353334,1,3107.8704240904904,1.0,1.0
2026-03-22T21:10:07.745-306470-994605,87,false,0.153078302410799,1,3107.8704240904904,1.0,1.0
2026-03-22T21:10:07.745-306470-994605,985,false,1.215588655280294,1,3107.8704240904904,1.0,1.0
2026-03-22T21:10:07.745-306470-994605,635,false,0.10948637948770513,1,3107.8704240904904,1.0,1.0
2026-03-22T21:10:07.745-306470-994605,482,true,4.560746185875722,1,3103.3096779046145,1.0,0.0
2026-03-22T21:10:07.745-306470-994605,418,false,0.0808033348347085,1,3103.3096779046145,1.0,1.0
2026-03-22T21:10:07.745-306470-994605,725,true,0.9514805343959227,1,3102.3581973702185,1.0,0.0010000000000000009
2026-03-22T21:10:07.745-306470-994605,581,true,11.569052850267655,1,3090.7891445199507,1.0,0.842
2026-03-22T21:10:07.745-306470-994605,310,false,0.4456442284698077,1,3090.7891445199507,1.0,1.0
2026-03-22T21:10:07.745-306470-994605,491,true,13.645795027051577,1,3077.1433494928992,1.0,0.03600000000000003
2026-03-22T21:10:07.745-306470-994605,956,false,2.573712937827829,1,3077.1433494928992,1.0,1.0
2026-03-22T21:10:07.745-306470-994605,111,false,1.9777600701257851,1,3077.1433494928992,1.0,1.0
2026-03-22T21:10:07.745-306470-994605,812,false,17.6514482091894,1,3077.1433494928992,1.0,1.0
2026-03-22T21:10:07.745-306470-994605,194,false,6.76823293395174,1,3077.1433494928992,1.0,1.0
2026-03-22T21:10:07.745-306470-994605,70,false,34.748084232236295,1,3077.1433494928992,1.0,1.0
2026-03-22T21:10:07.745-306470-994605,232,false,2.984225027709407,1,3077.1433494928992,1.0,1.0
2026-03-22T21:10:07.745-306470-994605,597,false,2.0197122507243197,1,3077.1433494928992,1.0,1.0
2026-03-22T21:10:07.745-306470-994605,328,true,93.13718534472517,1,2984.006164148174,1.0,0.0020000000000000018
2026-03-22T21:10:07.745-306470-994605,106,false,0.06871359881491816,1,2984.006164148174,1.0,1.0
2026-03-22T21:10:07.745-306470-994605,200,false,0.3491910859939894,1,2984.006164148174,1.0,1.0
2026-03-22T21:10:07.745-306470-994605,242,false,31.955139352201353,1,2984.006164148174,1.0,1.0
2026-03-22T21:10:07.745-306470-994605,681,false,119.81483285254616,1,2984.006164148174,1.0,1.0
2026-03-22T21:10:07.745-306470-994605,112,false,17.952551441865666,1,2984.006164148174,1.0,1.0
2026-03-22T21:10:07.745-306470-994605,586,true,0.26102527099730105,1,2983.7451388771765,1.0,0.694
2026-03-22T21:10:07.745-306470-994605,415,true,11.016944525600023,1,2972.7281943515763,1.0,0.6699999999999999
2026-03-22T21:10:07.745-306470-994605,644,false,0.996059266092826,1,2972.7281943515763,1.0,1.0
2026-03-22T21:10:07.745-306470-994605,474,true,0.2623645109102727,1,2972.465829840666,1.0,0.0010000000000000009
2026-03-22T21:10:07.745-306470-994605,728,true,0.3805956823865515,1,2972.0852341582795,1.0,0.0
2026-03-22T21:10:07.745-306470-994605,674,false,0.17737833420804636,1,2972.0852341582795,1.0,1.0
2026-03-22T21:10:07.745-306470-994605,535,false,2.061778957309091,1,2972.0852341582795,1.0,1.0
2026-03-22T21:10:07.745-306470-994605,51,true,130.55894041465842,1,2841.526293743621,1.0,0.999
2026-03-22T21:10:07.745-306470-994605,509,true,8.36905532157308,1,2833.157238422048,1.0,0.0
2026-03-22T21:10:07.745-306470-994605,223,false,8.148812651754643,1,2833.157238422048,1.0,1.0
2026-03-22T21:10:07.745-306470-994605,864,false,4.141869614458755,1,2833.157238422048,1.0,1.0
2026-03-22T21:10:07.745-306470-994605,867,false,0.22015592607064807,1,2833.157238422048,1.0,1.0
2026-03-22T21:10:07.745-306470-994605,325,true,0.21457795204963082,1,2832.9426604699984,1.0,0.0
2026-03-22T21:10:07.745-306470-994605,331,true,55.4498312744133,1,2777.4928291955853,1.0,0.10699999999999998
2026-03-22T21:10:07.745-306470-994605,957,false,2.967068374822296,1,2777.4928291955853,1.0,1.0
2026-03-22T21:10:07.745-306470-994605,186,false,0.7664546987166238,1,2777.4928291955853,1.0,1.0
2026-03-22T21:10:07.745-306470-994605,641,false,10.301094623264214,1,2777.4928291955853,1.0,1.0
2026-03-22T21:10:07.745-306470-994605,872,true,1.6228817542088751,1,2775.8699474413766,1.0,0.694
2026-03-22T21:10:07.745-306470-994605,701,false,2.7656655586551953,1,2775.8699474413766,1.0,1.0
2026-03-22T21:10:07.745-306470-994605,349,false,8.289081745103758,1,2775.8699474413766,1.0,1.0
2026-03-22T21:10:07.745-306470-994605,601,false,0.6802711850126221,1,2775.8699474413766,1.0,1.0
2026-03-22T21:10:07.745-306470-994605,905,false,0.29574065200592026,1,2775.8699474413766,1.0,1.0
2026-03-22T21:10:07.745-306470-994605,813,false,5.305981136014729,1,2775.8699474413766,1.0,1.0
2026-03-22T21:10:07.745-306470-994605,592,false,2.3273183654178706,1,2775.8699474413766,1.0,1.0
2026-03-22T21:10:07.745-306470-994605,720,false,53.59331736018206,1,2775.8699474413766,1.0,1.0
2026-03-22T21:10:07.745-306470-994605,504,true,4.010683042633171,1,2771.8592643987436,1.0,0.0030000000000000027
2026-03-22T21:10:07.745-306470-994605,149,false,0.20966727730880833,1,2771.8592643987436,1.0,1.0
2026-03-22T21:10:07.745-306470-994605,636,false,0.09469994089354804,1,2771.8592643987436,1.0,1.0
2026-03-22T21:10:07.745-306470-994605,858,false,0.09512148682417265,1,2771.8592643987436,1.0,1.0
2026-03-22T21:10:07.745-306470-994605,530,false,7.062896025665983,1,2771.8592643987436,1.0,1.0
2026-03-22T21:10:07.745-306470-994605,666,false,0.6638759988897446,1,2771.8592643987436,1.0,1.0
2026-03-22T21:10:07.745-306470-994605,531,false,8.37192702731917,1,2771.8592643987436,1.0,1.0
2026-03-22T21:10:07.745-306470-994605,750,false,1.5343672472376548,1,2771.8592643987436,1.0,1.0
2026-03-22T21:10:07.745-306470-994605,788,false,15.830847720775377,1,2771.8592643987436,1.0,1.0
2026-03-22T21:10:07.745-306470-994605,138,true,0.7180692703400321,1,2771.1411951284035,1.0,0.71
2026-03-22T21:10:07.745-306470-994605,694,false,3.4054229583854534,1,2771.1411951284035,1.0,1.0
2026-03-22T21:10:07.745-306470-994605,162,false,3.8677476656012937,1,2771.1411951284035,1.0,1.0
2026-03-22T21:10:07.745-306470-994605,938,false,3.989804451530277,1,2771.1411951284035,1.0,1.0
2026-03-22T21:10:07.745-306470-994605,901,false,70.20552919992775,1,2771.1411951284035,1.0,1.0
2026-03-22T21:10:07.745-306470-994605,88,true,0.9538390977761277,1,2770.1873560306276,1.0,0.831
2026-03-22T21:10:07.745-306470-994605,351,false,7.044512822089037,2,2770.1873560306276,1.0,1.0
2026-03-22T21:10:07.745-306470-994605,303,false,0.3373616074628009,2,2770.1873560306276,1.0,1.0
2026-03-22T21:10:07.745-306470-994605,684,false,0.4447616830484702,2,2770.1873560306276,1.0,1.0
2026-03-22T21:10:07.745-306470-994605,459,false,1.6465091872067001,2,2770.1873560306276,1.0,1.0
2026-03-22T21:10:07.745-306470-994605,951,false,0.15429205470033946,2,2770.1873560306276,1.0,1.0
2026-03-22T21:10:07.745-306470-994605,756,false,11.782319898525492,2,2770.1873560306276,1.0,1.0
2026-03-22T21:10:07.745-306470-994605,18,false,2.2919669564981997,2,2770.1873560306276,1.0,1.0
2026-03-22T21:10:07.745-306470-994605,559,false,0.20173282154834812,2,2770.1873560306276,1.0,1.0
2026-03-22T21:10:07.745-306470-994605,618,false,14.281261895443118,2,2770.1873560306276,1.0,1.0
2026-03-22T21:10:07.745-306470-994605,300,false,37.505580757926985,2,2770.1873560306276,1.0,1.0
2026-03-22T21:10:07.745-306470-994605,688,false,0.20622507655104916,2,2770.1873560306276,1.0,1.0
2026-03-22T21:10:07.745-306470-994605,790,false,11.234591852310679,2,2770.1873560306276,1.0,1.0
2026-03-22T21:10:07.745-306470-994605,283,false,3.10221816456602,2,2770.1873560306276,1.0,1.0
2026-03-22T21:10:07.745-306470-994605,912,true,3.1860918418629116,2,2767.0012641887647,1.0,0.0
2026-03-22T21:10:07.745-306470-994605,935,false,0.07483485491814706,2,2767.0012641887647,1.0,1.0
2026-03-22T21:10:07.745-306470-994605,983,false,0.846262875119938,2,2767.0012641887647,1.0,1.0
2026-03-22T21:10:07.745-306470-994605,347,false,2.6252276250858237,2,2767.0012641887647,1.0,1.0
2026-03-22T21:10:07.745-306470-994605,35,false,10.737274935748232,2,2767.0012641887647,1.0,1.0
2026-03-22T21:10:07.745-306470-994605,513,true,41.63453543426569,2,2725.366728754499,1.0,0.0
2026-03-22T21:10:07.745-306470-994605,913,true,10.167485021492041,2,2715.199243733007,1.0,0.0
2026-03-22T21:10:07.745-306470-994605,613,false,9.079648645999903,2,2715.199243733007,1.0,1.0
2026-03-22T21:10:07.745-306470-994605,966,false,0.4250529227303376,2,2715.199243733007,1.0,1.0
2026-03-22T21:10:07.745-306470-994605,450,false,0.1475266996395015,2,2715.199243733007,1.0,1.0
2026-03-22T21:10:07.745-306470-994605,457,false,5.081670120581521,2,2715.199243733007,1.0,1.0
2026-03-22T21:10:07.745-306470-994605,370,false,0.16047511203928425,2,2715.199243733007,1.0,1.0
2026-03-22T21:10:07.745-306470-994605,332,true,15.589253932171,2,2699.609989800836,1.0,0.0
2026-03-22T21:10:07.745-306470-994605,749,false,1.8184092543777732,2,2699.609989800836,1.0,1.0
2026-03-22T21:10:07.745-306470-994605,175,false,22.63632166353267,2,2699.609989800836,1.0,1.0
2026-03-22T21:10:07.745-306470-994605,898,false,0.6061786945836426,2,2699.609989800836,1.0,1.0
2026-03-22T21:10:07.745-306470-994605,322,true,0.8045080263637386,2,2698.8054817744724,1.0,0.694
2026-03-22T21:10:07.745-306470-994605,205,false,367.28280115241216,2,2698.8054817744724,1.0,1.0
2026-03-22T21:10:07.745-306470-994605,319,true,1.7877689708490898,2,2697.0177128036235,1.0,0.718
2026-03-22T21:10:07.745-306470-994605,954,false,0.5807726229686939,2,2697.0177128036235,1.0,1.0
2026-03-22T21:10:07.745-306470-994605,543,false,3.9665907952931696,2,2697.0177128036235,1.0,1.0
2026-03-22T21:10:07.745-306470-994605,702,false,6.953843122723019,2,2697.0177128036235,1.0,1.0
2026-03-22T21:10:07.745-306470-994605,180,false,4.178094804216122,2,2697.0177128036235,1.0,1.0
2026-03-22T21:10:07.745-306470-994605,816,false,11.959006375859996,2,2697.0177128036235,1.0,1.0
2026-03-22T21:10:07.745-306470-994605,974,false,12.666362673270378,2,2697.0177128036235,1.0,1.0
2026-03-22T21:10:07.745-306470-994605,471,false,0.07242167686288571,2,2697.0177128036235,1.0,1.0
2026-03-22T21:10:07.745-306470-994605,186,false,0.7664546987166238,2,2697.0177128036235,1.0,1.0
2026-03-22T21:10:07.745-306470-994605,552,false,0.20739542481139808,2,2697.0177128036235,1.0,1.0
2026-03-22T21:10:07.745-306470-994605,506,true,1.1999063035219828,2,2695.8178065001016,1.0,0.0
2026-03-22T21:10:07.745-306470-994605,375,false,20.728612056029192,2,2695.8178065001016,1.0,1.0
2026-03-22T21:10:07.745-306470-994605,235,false,1.9742625665582816,2,2695.8178065001016,1.0,1.0
2026-03-22T21:10:07.745-306470-994605,45,false,6.039441871695574,2,2695.8178065001016,1.0,1.0
2026-03-22T21:10:07.745-306470-994605,56,false,10.369304915353334,2,2695.8178065001016,1.0,1.0
2026-03-22T21:10:07.745-306470-994605,179,false,1.0421093144407143,2,2695.8178065001016,1.0,1.0
2026-03-22T21:10:07.745-306470-994605,550,true,5.491331389662305,2,2690.3264751104393,1.0,0.841
2026-03-22T21:10:07.745-306470-994605,103,false,1.969947385342843,2,2690.3264751104393,1.0,1.0
2026-03-22T21:10:07.745-306470-994605,460,false,8.851710425112769,2,2690.3264751104393,1.0,1.0
2026-03-22T21:10:07.745-306470-994605,766,false,0.14418700430507822,2,2690.3264751104393,1.0,1.0
2026-03-22T21:10:07.745-306470-994605,606,false,14.345474578554846,2,2690.3264751104393,1.0,1.0
2026-03-22T21:10:07.745-306470-994605,796,false,5.296841494322285,2,2690.3264751104393,1.0,1.0
2026-03-22T21:10:07.745-306470-994605,869,false,0.1686097681217919,2,2690.3264751104393,1.0,1.0
2026-03-22T21:10:07.745-306470-994605,171,false,6.698158723421939,2,2690.3264751104393,1.0,1.0
2026-03-22T21:10:07.745-306470-994605,784,false,0.032276042690617054,2,2690.3264751104393,1.0,1.0
2026-03-22T21:10:07.745-306470-994605,108,false,1.0973643590152442,2,2690.3264751104393,1.0,1.0
2026-03-22T21:10:07.745-306470-994605,378,false,5.034607478346039,2,2690.3264751104393,1.0,1.0
2026-03-22T21:10:07.745-306470-994605,251,false,0.7388383066086225,2,2690.3264751104393,1.0,1.0
2026-03-22T21:10:07.745-306470-994605,41,false,2.763937212431802,2,2690.3264751104393,1.0,1.0
2026-03-22T21:10:07.745-306470-994605,649,false,7.751932969075615,2,2690.3264751104393,1.0,1.0
2026-03-22T21:10:07.745-306470-994605,654,false,2.0270873673048593,2,2690.3264751104393,1.0,1.0
2026-03-22T21:10:07.745-306470-994605,396,true,194.26471149346614,2,2496.061763616973,1.0,0.0010000000000000009
2026-03-22T21:10:07.745-306470-994605,548,true,12.08962868939768,2,2483.9721349275756,1.0,0.7070000000000001
2026-03-22T21:10:07.745-306470-994605,887,false,9.903864338796097,2,2483.9721349275756,1.0,1.0
2026-03-22T21:10:07.745-306470-994605,451,false,4.529763192042366,2,2483.9721349275756,1.0,1.0
2026-03-22T21:10:07.745-306470-994605,711,false,13.269979292922441,2,2483.9721349275756,1.0,1.0
2026-03-22T21:10:07.745-306470-994605,11,false,7.753841956520938,2,2483.9721349275756,1.0,1.0
2026-03-22T21:10:07.745-306470-994605,162,false,3.8677476656012937,2,2483.9721349275756,1.0,1.0
2026-03-22T21:10:07.745-306470-994605,99,false,2.2062933136101495,2,2483.9721349275756,1.0,1.0
2026-03-22T21:10:07.745-306470-994605,858,false,0.09512148682417265,2,2483.9721349275756,1.0,1.0
2026-03-22T21:10:07.745-306470-994605,536,false,9.22690854628826,2,2483.9721349275756,1.0,1.0
2026-03-22T21:10:07.745-306470-994605,313,false,5.9063662920768545,2,2483.9721349275756,1.0,1.0
2026-03-22T21:10:07.745-306470-994605,502,true,0.3086493274442268,2,2483.6634856001315,1.0,0.04400000000000004
2026-03-22T21:10:07.745-306470-994605,198,false,1.3731432565111783,2,2483.6634856001315,1.0,1.0
2026-03-22T21:10:07.745-306470-994605,714,false,9.200017786630454,2,2483.6634856001315,1.0,1.0
2026-03-22T21:10:07.745-306470-994605,896,false,0.12139684144403523,2,2483.6634856001315,1.0,1.0
2026-03-22T21:10:07.745-306470-994605,627,false,9.123117800686904,2,2483.6634856001315,1.0,1.0
2026-03-22T21:10:07.745-306470-994605,906,false,1.3986470920008298,2,2483.6634856001315,1.0,1.0
2026-03-22T21:10:07.745-306470-994605,992,false,22.15047505680968,2,2483.6634856001315,1.0,1.0
2026-03-22T21:10:07.745-306470-994605,591,false,5.1711690693675445,2,2483.6634856001315,1.0,1.0
2026-03-22T21:10:07.745-306470-994605,787,false,0.40321294677688974,2,2483.6634856001315,1.0,1.0
2026-03-22T21:10:07.745-306470-994605,98,false,0.4453519758787108,2,2483.6634856001315,1.0,1.0
2026-03-22T21:10:07.745-306470-994605,517,false,1.9677076909493807,2,2483.6634856001315,1.0,1.0
2026-03-22T21:10:07.745-306470-994605,14,false,105.86501744292407,2,2483.6634856001315,1.0,1.0
2026-03-22T21:10:07.745-306470-994605,943,false,3.8549215553721528,2,2483.6634856001315,1.0,1.0
2026-03-22T21:10:07.745-306470-994605,785,false,27.88713661309228,2,2483.6634856001315,1.0,1.0
2026-03-22T21:10:07.745-306470-994605,472,true,2.1501620518842617,2,2481.513323548247,1.0,0.73
2026-03-22T21:10:07.745-306470-994605,498,true,0.39897788561502173,2,2481.1143456626323,1.0,0.6910000000000001
2026-03-22T21:10:07.745-306470-994605,380,true,9.259410788598837,2,2471.8549348740335,1.0,0.926
2026-03-22T21:10:07.745-306470-994605,436,false,12.16261274452484,2,2471.8549348740335,1.0,1.0
2026-03-22T21:10:07.745-306470-994605,808,false,0.7488619818931175,2,2471.8549348740335,1.0,1.0
2026-03-22T21:10:07.745-306470-994605,546,true,1.7732640035405995,2,2470.081670870493,1.0,0.84
2026-03-22T21:10:07.745-306470-994605,560,false,148.32953629531912,2,2470.081670870493,1.0,1.0
2026-03-22T21:10:07.745-306470-994605,140,true,5.33642439711018,2,2464.745246473383,1.0,0.842
2026-03-22T21:10:07.745-306470-994605,881,false,1.3932595038538633,2,2464.745246473383,1.0,1.0
2026-03-22T21:10:07.745-306470-994605,599,false,3.2747921396012165,2,2464.745246473383,1.0,1.0
2026-03-22T21:10:07.745-306470-994605,157,false,0.014879650496411602,2,2464.745246473383,1.0,1.0
2026-03-22T21:10:07.745-306470-994605,545,true,12.720940892557447,2,2452.0243055808255,1.0,0.0020000000000000018
2026-03-22T21:10:07.745-306470-994605,279,false,0.1766828915579233,2,2452.0243055808255,1.0,1.0
2026-03-22T21:10:07.745-306470-994605,148,false,1.9681022372112063,2,2452.0243055808255,1.0,1.0
2026-03-22T21:10:07.745-306470-994605,777,false,10.401953928554066,2,2452.0243055808255,1.0,1.0
2026-03-22T21:10:07.745-306470-994605,566,false,1.9341332479350974,2,2452.0243055808255,1.0,1.0
2026-03-22T21:10:07.745-306470-994605,849,false,9.272311215561135,2,2452.0243055808255,1.0,1.0
2026-03-22T21:10:07.745-306470-994605,886,false,9.073175818523632,2,2452.0243055808255,1.0,1.0
2026-03-22T21:10:07.745-306470-994605,763,false,113.8241939449071,2,2452.0243055808255,1.0,1.0
2026-03-22T21:10:07.745-306470-994605,458,false,8.393371942246986,2,2452.0243055808255,1.0,1.0
2026-03-22T21:10:07.745-306470-994605,301,false,0.10997988831273817,2,2452.0243055808255,1.0,1.0
2026-03-22T21:10:07.745-306470-994605,278,true,5.092311541007456,2,2446.931994039818,1.0,0.6930000000000001
2026-03-22T21:10:07.745-306470-994605,406,false,3.345506145810389,2,2446.931994039818,1.0,1.0
2026-03-22T21:10:07.745-306470-994605,829,false,0.32931524263334905,2,2446.931994039818,1.0,1.0
2026-03-22T21:10:07.745-306470-994605,818,false,1.7602889133135582,2,2446.931994039818,1.0,1.0
2026-03-22T21:10:07.745-306470-994605,174,false,0.023885703285328973,2,2446.931994039818,1.0,1.0
2026-03-22T21:10:07.745-306470-994605,862,false,94.23198725104551,2,2446.931994039818,1.0,1.0
2026-03-22T21:10:07.745-306470-994605,448,false,4.6332953878277685,2,2446.931994039818,1.0,1.0
2026-03-22T21:10:07.745-306470-994605,441,false,0.37470476623936966,2,2446.931994039818,1.0,1.0
2026-03-22T21:10:07.745-306470-994605,864,false,4.141869614458755,2,2446.931994039818,1.0,1.0
2026-03-22T21:10:07.745-306470-994605,372,false,0.1312123751485949,2,2446.931994039818,1.0,1.0
2026-03-22T21:10:07.745-306470-994605,141,true,0.4671498220195218,2,2446.4648442177986,1.0,0.0030000000000000027
2026-03-22T21:10:07.745-306470-994605,885,false,0.6516343065686077,2,2446.4648442177986,1.0,1.0
2026-03-22T21:10:07.745-306470-994605,259,true,0.36059782910665944,2,2446.104246388692,1.0,0.6930000000000001
2026-03-22T21:10:07.745-306470-994605,76,false,7.413929089387639,2,2446.104246388692,1.0,1.0
2026-03-22T21:10:07.745-306470-994605,647,false,366.1899320062711,2,2446.104246388692,1.0,1.0
2026-03-22T21:10:07.745-306470-994605,232,false,2.984225027709407,2,2446.104246388692,1.0,1.0
2026-03-22T21:10:07.745-306470-994605,903,true,4.657769333748462,2,2441.4464770549434,1.0,0.856
2026-03-22T21:10:07.745-306470-994605,86,false,0.16582950324109358,2,2441.4464770549434,1.0,1.0
2026-03-22T21:10:07.745-306470-994605,553,true,0.46624206340715785,2,2440.9802349915362,1.0,0.685
2026-03-22T21:10:07.745-306470-994605,948,false,12.695537873810968,2,2440.9802349915362,1.0,1.0
2026-03-22T21:10:07.745-306470-994605,542,true,2.3969930351932764,2,2438.583241956343,1.0,0.692
2026-03-22T21:10:07.745-306470-994605,185,false,1.0547121104971822,2,2438.583241956343,1.0,1.0
2026-03-22T21:10:07.745-306470-994605,360,false,43.72239693305552,2,2438.583241956343,1.0,1.0
2026-03-22T21:10:07.745-306470-994605,90,true,0.23143026678480816,2,2438.3518116895584,1.0,0.831
2026-03-22T21:10:07.745-306470-994605,43,false,0.06450510407441125,2,2438.3518116895584,1.0,1.0
2026-03-22T21:10:07.745-306470-994605,221,false,10.330938165985089,2,2438.3518116895584,1.0,1.0
2026-03-22T21:10:07.745-306470-994605,659,false,0.1240724247237477,2,2438.3518116895584,1.0,1.0
2026-03-22T21:10:07.745-306470-994605,713,false,4.026891812107857,2,2438.3518116895584,1.0,1.0
2026-03-22T21:10:07.745-306470-994605,454,false,116.11063762198752,2,2438.3518116895584,1.0,1.0
2026-03-22T21:10:07.745-306470-994605,624,false,18.90274465043649,2,2438.3518116895584,1.0,1.0
2026-03-22T21:10:07.745-306470-994605,642,false,0.5298972899506708,2,2438.3518116895584,1.0,1.0
2026-03-22T21:10:07.745-306470-994605,224,false,2.843829760780233,2,2438.3518116895584,1.0,1.0
2026-03-22T21:10:07.745-306470-994605,578,true,3.4694400397007783,2,2434.8823716498578,1.0,0.14200000000000002
2026-03-22T21:10:07.745-306470-994605,962,false,37.11755066368949,2,2434.8823716498578,1.0,1.0
2026-03-22T21:10:07.745-306470-994605,464,false,60.77839879094486,2,2434.8823716498578,1.0,1.0
2026-03-22T21:10:07.745-306470-994605,949,false,37.19212237984747,2,2434.8823716498578,1.0,1.0
2026-03-22T21:10:07.745-306470-994605,655,false,10.923162269675968,2,2434.8823716498578,1.0,1.0
2026-03-22T21:10:07.745-306470-994605,181,false,1.1898288323962585,2,2434.8823716498578,1.0,1.0
2026-03-22T21:10:07.745-306470-994605,389,false,1.229662745039511,2,2434.8823716498578,1.0,1.0
2026-03-22T21:10:07.745-306470-994605,832,false,7.623290859709899,2,2434.8823716498578,1.0,1.0
2026-03-22T21:10:07.745-306470-994605,516,true,4.91444134522495,2,2429.967930304633,1.0,0.913
2026-03-22T21:10:07.745-306470-994605,383,true,0.7129867277076896,2,2429.254943576925,1.0,0.835
2026-03-22T21:10:07.745-306470-994605,825,false,1.5907161102492082,2,2429.254943576925,1.0,1.0
2026-03-22T21:10:07.745-306470-994605,118,true,27.778138912022158,2,2401.476804664903,1.0,0.832
2026-03-22T21:10:07.745-306470-994605,802,false,15.903468560272104,2,2401.476804664903,1.0,1.0
2026-03-22T21:10:07.745-306470-994605,900,true,1.3771392182236177,2,2400.0996654466794,1.0,0.721
2026-03-22T21:10:07.745-306470-994605,794,false,4.82273189504983,2,2400.0996654466794,1.0,1.0
2026-03-22T21:10:07.745-306470-994605,745,false,2.2091065621369523,2,2400.0996654466794,1.0,1.0
2026-03-22T21:10:07.745-306470-994605,570,true,5.710743400178645,2,2394.3889220465007,1.0,0.687
2026-03-22T21:10:07.745-306470-994605,981,false,0.15209048012309018,2,2394.3889220465007,1.0,1.0
2026-03-22T21:10:07.745-306470-994605,928,false,0.3361715159391615,2,2394.3889220465007,1.0,1.0
2026-03-22T21:10:07.745-306470-994605,562,false,0.29294447625463776,2,2394.3889220465007,1.0,1.0
2026-03-22T21:10:07.745-306470-994605,208,false,1.792909346771138,2,2394.3889220465007,1.0,1.0
2026-03-22T21:10:07.745-306470-994605,764,false,4.005841278366793,2,2394.3889220465007,1.0,1.0
2026-03-22T21:10:07.745-306470-994605,229,false,9.035327179191954,2,2394.3889220465007,1.0,1.0
2026-03-22T21:10:07.745-306470-994605,159,false,1.7413703244044396,2,2394.3889220465007,1.0,1.0
2026-03-22T21:10:07.745-306470-994605,485,true,0.5229426769868152,2,2393.8659793695138,1.0,0.906
2026-03-22T21:10:07.745-306470-994605,281,true,0.2556606223992947,2,2393.6103187471144,1.0,0.7030000000000001
2026-03-22T21:10:07.745-306470-994605,206,false,0.27705150962198616,2,2393.6103187471144,1.0,1.0
2026-03-22T21:10:07.745-306470-994605,172,true,1.61324112898815,2,2391.9970776181262,1.0,0.999
2026-03-22T21:10:07.745-306470-994605,465,false,0.4608675125656168,2,2391.9970776181262,1.0,1.0
2026-03-22T21:10:07.745-306470-994605,620,false,5.115909708369531,2,2391.9970776181262,1.0,1.0
2026-03-22T21:10:07.745-306470-994605,814,false,0.02692997122331092,2,2391.9970776181262,1.0,1.0
2026-03-22T21:10:07.745-306470-994605,176,false,0.6056786469456098,2,2391.9970776181262,1.0,1.0
2026-03-22T21:10:07.745-306470-994605,197,false,6.8164679148047105,2,2391.9970776181262,1.0,1.0
2026-03-22T21:10:07.745-306470-994605,294,false,0.18483561268491633,2,2391.9970776181262,1.0,1.0
2026-03-22T21:10:07.745-306470-994605,813,false,5.305981136014729,2,2391.9970776181262,1.0,1.0
2026-03-22T21:10:07.745-306470-994605,49,true,33.66189461607885,2,2358.3351830020474,1.0,0.65
2026-03-22T21:10:07.745-306470-994605,310,false,0.4456442284698077,2,2358.3351830020474,1.0,1.0
2026-03-22T21:10:07.745-306470-994605,772,false,3.2006544061854645,2,2358.3351830020474,1.0,1.0
2026-03-22T21:10:07.745-306470-994605,92,true,26.823404580350786,2,2331.511778421697,1.0,0.7090000000000001
2026-03-22T21:10:07.745-306470-994605,47,true,11.43265242967136,2,2320.0791259920256,1.0,0.679
2026-03-22T21:10:07.745-306470-994605,521,false,11.558538987779908,2,2320.0791259920256,1.0,1.0
2026-03-22T21:10:07.745-306470-994605,661,false,11.839191078901209,2,2320.0791259920256,1.0,1.0
2026-03-22T21:10:07.745-306470-994605,577,true,4.71991893326357,2,2315.359207058762,1.0,0.0020000000000000018
2026-03-22T21:10:07.745-306470-994605,603,false,3.839356778616693,2,2315.359207058762,1.0,1.0
2026-03-22T21:10:07.745-306470-994605,256,true,4.070077181668436,2,2311.2891298770937,1.0,0.7110000000000001
2026-03-22T21:10:07.745-306470-994605,921,false,0.5726227900955622,2,2311.2891298770937,1.0,1.0
2026-03-22T21:10:07.745-306470-994605,158,true,6.627455347232708,2,2304.661674529861,1.0,0.6819999999999999
2026-03-22T21:10:07.745-306470-994605,126,false,73.67876201600684,2,2304.661674529861,1.0,1.0
2026-03-22T21:10:07.745-306470-994605,250,false,7.37999416540718,2,2304.661674529861,1.0,1.0
2026-03-22T21:10:07.745-306470-994605,600,false,9.286618942950788,2,2304.661674529861,1.0,1.0
2026-03-22T21:10:07.745-306470-994605,798,false,133.84596658186464,2,2304.661674529861,1.0,1.0
2026-03-22T21:10:07.745-306470-994605,938,true,3.989804451530277,2,2300.671870078331,1.0,0.836
2026-03-22T21:10:07.745-306470-994605,679,false,1.1956580769093184,2,2300.671870078331,1.0,1.0
2026-03-22T21:10:07.745-306470-994605,104,false,3.172921096196889,2,2300.671870078331,1.0,1.0
2026-03-22T21:10:07.745-306470-994605,708,false,0.05534536878911964,2,2300.671870078331,1.0,1.0
2026-03-22T21:10:07.745-306470-994605,523,false,0.6126708711117171,2,2300.671870078331,1.0,1.0
2026-03-22T21:10:07.745-306470-994605,391,true,3.848200512672071,2,2296.8236695656587,1.0,0.6799999999999999
2026-03-22T21:10:07.745-306470-994605,709,false,30.050982787268495,2,2296.8236695656587,1.0,1.0
2026-03-22T21:10:07.745-306470-994605,991,false,2.6586106948657435,2,2296.8236695656587,1.0,1.0
2026-03-22T21:10:07.745-306470-994605,909,true,3.0329622570126524,2,2293.7907073086462,1.0,0.0
2026-03-22T21:10:07.745-306470-994605,748,false,3.4663072372929196,2,2293.7907073086462,1.0,1.0
2026-03-22T21:10:07.745-306470-994605,167,false,31.831059063072242,2,2293.7907073086462,1.0,1.0
2026-03-22T21:10:07.745-306470-994605,296,false,0.7194793597328828,2,2293.7907073086462,1.0,1.0
2026-03-22T21:10:07.745-306470-994605,651,false,0.42976758268191695,2,2293.7907073086462,1.0,1.0
2026-03-22T21:10:07.745-306470-994605,990,false,3.151538515606438,2,2293.7907073086462,1.0,1.0
2026-03-22T21:10:07.745-306470-994605,939,true,4.332690066116355,2,2289.45801724253,1.0,0.039000000000000035
2026-03-22T21:10:07.745-306470-994605,657,false,0.5431202430252028,2,2289.45801724253,1.0,1.0
2026-03-22T21:10:07.745-306470-994605,834,false,1.5132900964003355,2,2289.45801724253,1.0,1.0
2026-03-22T21:10:07.745-306470-994605,835,false,0.7635874970834806,2,2289.45801724253,1.0,1.0
2026-03-22T21:10:07.745-306470-994605,249,false,31.596927166440093,2,2289.45801724253,1.0,1.0
2026-03-22T21:10:07.745-306470-994605,616,false,0.8534796085752742,2,2289.45801724253,1.0,1.0
2026-03-22T21:10:07.745-306470-994605,844,false,15.421779695505716,2,2289.45801724253,1.0,1.0
2026-03-22T21:10:07.745-306470-994605,426,false,197.3301761081437,2,2289.45801724253,1.0,1.0
2026-03-22T21:10:07.745-306470-994605,686,false,21.783636795189693,2,2289.45801724253,1.0,1.0
2026-03-22T21:10:07.745-306470-994605,417,true,69.99531840381661,2,2219.462698838713,1.0,0.0010000000000000009
2026-03-22T21:10:07.745-306470-994605,409,false,1.3471430865061305,2,2219.462698838713,1.0,1.0
2026-03-22T21:10:07.745-306470-994605,810,false,9.277713842999182,2,2219.462698838713,1.0,1.0
2026-03-22T21:10:07.745-306470-994605,551,true,0.5623048452335656,2,2218.9003939934796,1.0,0.0
2026-03-22T21:10:07.745-306470-994605,672,false,0.17579732846357368,2,2218.9003939934796,1.0,1.0
2026-03-22T21:10:07.745-306470-994605,970,false,0.23665250643158078,2,2218.9003939934796,1.0,1.0
2026-03-22T21:10:07.745-306470-994605,730,true,18.50302348932452,2,2200.397370504155,1.0,0.0
2026-03-22T21:10:07.745-306470-994605,125,false,12.067762227650917,2,2200.397370504155,1.0,1.0
2026-03-22T21:10:07.745-306470-994605,868,false,10.26987432448396,2,2200.397370504155,1.0,1.0
2026-03-22T21:10:07.745-306470-994605,60,false,10.357140109420689,2,2200.397370504155,1.0,1.0
2026-03-22T21:10:07.745-306470-994605,503,true,2.4883993676744356,2,2197.9089711364804,1.0,0.0
2026-03-22T21:10:07.745-306470-994605,930,false,0.8983426946540807,2,2197.9089711364804,1.0,1.0
2026-03-22T21:10:07.745-306470-994605,6,false,11.682791101751134,2,2197.9089711364804,1.0,1.0
2026-03-22T21:10:07.745-306470-994605,635,false,0.10948637948770513,2,2197.9089711364804,1.0,1.0
2026-03-22T21:10:07.745-306470-994605,788,false,15.830847720775377,2,2197.9089711364804,1.0,1.0
2026-03-22T21:10:07.745-306470-994605,223,false,8.148812651754643,2,2197.9089711364804,1.0,1.0
2026-03-22T21:10:07.745-306470-994605,2,false,1.0124591892564863,2,2197.9089711364804,1.0,1.0
2026-03-22T21:10:07.745-306470-994605,594,false,2.3526626412718157,2,2197.9089711364804,1.0,1.0
2026-03-22T21:10:07.745-306470-994605,607,false,1.987776630043402,2,2197.9089711364804,1.0,1.0
2026-03-22T21:10:07.745-306470-994605,959,false,0.643815378374547,2,2197.9089711364804,1.0,1.0
2026-03-22T21:10:07.745-306470-994605,89,true,27.771071568774744,2,2170.1378995677055,1.0,0.0
2026-03-22T21:10:07.745-306470-994605,13,false,9.257206967324857,2,2170.1378995677055,1.0,1.0
2026-03-22T21:10:07.745-306470-994605,231,false,0.04014570693798341,2,2170.1378995677055,1.0,1.0
2026-03-22T21:10:07.745-306470-994605,915,true,5.112385206622479,2,2165.025514361083,1.0,0.0
2026-03-22T21:10:07.745-306470-994605,494,true,22.755797026822446,2,2142.2697173342603,1.0,0.0
2026-03-22T21:10:07.745-306470-994605,759,false,0.43465359638295537,2,2142.2697173342603,1.0,1.0
2026-03-22T21:10:07.745-306470-994605,617,false,0.6724918478369932,2,2142.2697173342603,1.0,1.0
2026-03-22T21:10:07.745-306470-994605,119,true,3.8131026124301255,2,2138.45661472183,1.0,0.706
2026-03-22T21:10:07.745-306470-994605,435,false,2.1032155045660823,2,2138.45661472183,1.0,1.0
2026-03-22T21:10:07.745-306470-994605,568,true,5.765611110918745,2,2132.6910036109116,1.0,0.6839999999999999
2026-03-22T21:10:07.745-306470-994605,102,false,0.06230335906278018,2,2132.6910036109116,1.0,1.0
2026-03-22T21:10:07.745-306470-994605,220,false,1.8676665056081685,2,2132.6910036109116,1.0,1.0
2026-03-22T21:10:07.745-306470-994605,418,false,0.0808033348347085,2,2132.6910036109116,1.0,1.0
2026-03-22T21:10:07.745-306470-994605,876,true,2.394401418835015,2,2130.2966021920765,1.0,0.842
2026-03-22T21:10:07.745-306470-994605,20,false,0.7112385842725403,2,2130.2966021920765,1.0,1.0
2026-03-22T21:10:07.745-306470-994605,742,false,90.07470430648573,2,2130.2966021920765,1.0,1.0
2026-03-22T21:10:07.745-306470-994605,352,false,0.15009157396379322,2,2130.2966021920765,1.0,1.0
2026-03-22T21:10:07.745-306470-994605,147,false,0.3897422256636567,2,2130.2966021920765,1.0,1.0
2026-03-22T21:10:07.745-306470-994605,680,false,1.135617982323655,2,2130.2966021920765,1.0,1.0
2026-03-22T21:10:07.745-306470-994605,358,false,0.22815335559055275,2,2130.2966021920765,1.0,1.0
2026-03-22T21:10:07.745-306470-994605,792,false,0.017197978147695414,2,2130.2966021920765,1.0,1.0
2026-03-22T21:10:07.745-306470-994605,70,false,34.748084232236295,2,2130.2966021920765,1.0,1.0
2026-03-22T21:10:07.745-306470-994605,695,false,3.229888746308792,2,2130.2966021920765,1.0,1.0
2026-03-22T21:10:07.745-306470-994605,114,false,49.4525662999022,2,2130.2966021920765,1.0,1.0
2026-03-22T21:10:07.745-306470-994605,944,false,0.22182395408425254,2,2130.2966021920765,1.0,1.0
2026-03-22T21:10:07.745-306470-994605,683,false,0.05201694919393775,2,2130.2966021920765,1.0,1.0
2026-03-22T21:10:07.745-306470-994605,80,true,2.209819087762252,2,2128.0867831043142,1.0,0.0010000000000000009
2026-03-22T21:10:07.745-306470-994605,500,true,14.726795896469453,2,2113.359987207845,1.0,0.0
2026-03-22T21:10:07.745-306470-994605,290,false,0.8081924537522789,2,2113.359987207845,1.0,1.0
2026-03-22T21:10:07.745-306470-994605,228,false,2.699790914211555,2,2113.359987207845,1.0,1.0
2026-03-22T21:10:07.745-306470-994605,96,false,0.16533682114147255,2,2113.359987207845,1.0,1.0
2026-03-22T21:10:07.745-306470-994605,626,false,4.109020871389726,2,2113.359987207845,1.0,1.0
2026-03-22T21:10:07.745-306470-994605,403,false,14.134480708383549,2,2113.359987207845,1.0,1.0
2026-03-22T21:10:07.745-306470-994605,893,false,1.8477395156371386,2,2113.359987207845,1.0,1.0
2026-03-22T21:10:07.745-306470-994605,444,false,102.55255201821403,2,2113.359987207845,1.0,1.0
2026-03-22T21:10:07.745-306470-994605,692,false,7.9291455057924445,2,2113.359987207845,1.0,1.0
2026-03-22T21:10:07.745-306470-994605,427,false,4.559022688985615,2,2113.359987207845,1.0,1.0
2026-03-22T21:10:07.745-306470-994605,707,false,15.027442065047188,2,2113.359987207845,1.0,1.0
2026-03-22T21:10:07.745-306470-994605,486,true,3.75450351200289,2,2109.605483695842,1.0,0.714
2026-03-22T21:10:07.745-306470-994605,696,false,0.4336237415325325,2,2109.605483695842,1.0,1.0
2026-03-22T21:10:07.745-306470-994605,597,false,2.0197122507243197,2,2109.605483695842,1.0,1.0
2026-03-22T21:10:07.745-306470-994605,989,false,0.4459566783688995,2,2109.605483695842,1.0,1.0
2026-03-22T21:10:07.745-306470-994605,292,false,1.6924924203953775,2,2109.605483695842,1.0,1.0
2026-03-22T21:10:07.745-306470-994605,602,false,13.191320375045228,2,2109.605483695842,1.0,1.0
2026-03-22T21:10:07.745-306470-994605,738,false,0.18513430661191693,2,2109.605483695842,1.0,1.0
2026-03-22T21:10:07.745-306470-994605,4,false,22.36948429031452,2,2109.605483695842,1.0,1.0
2026-03-22T21:10:07.745-306470-994605,934,false,0.18189028996951465,2,2109.605483695842,1.0,1.0
2026-03-22T21:10:07.745-306470-994605,340,false,0.5020613841429944,2,2109.605483695842,1.0,1.0
2026-03-22T21:10:07.745-306470-994605,64,false,1003.3983698421481,2,2109.605483695842,1.0,1.0
2026-03-22T21:10:07.745-306470-994605,518,true,6.800830742882721,2,2102.8046529529593,1.0,0.6819999999999999
2026-03-22T21:10:07.745-306470-994605,999,false,3.425707161192764,2,2102.8046529529593,1.0,1.0
2026-03-22T21:10:07.745-306470-994605,604,false,1.4297200609105818,2,2102.8046529529593,1.0,1.0
2026-03-22T21:10:07.745-306470-994605,894,false,3.789005013536959,2,2102.8046529529593,1.0,1.0
2026-03-22T21:10:07.745-306470-994605,842,false,4.76612426918816,2,2102.8046529529593,1.0,1.0
2026-03-22T21:10:07.745-306470-994605,154,true,41.91514973388657,2,2060.8895032190726,1.0,0.03200000000000003
2026-03-22T21:10:07.745-306470-994605,72,false,0.011294211771990834,2,2060.8895032190726,1.0,1.0
2026-03-22T21:10:07.745-306470-994605,972,false,3.0572204296131535,2,2060.8895032190726,1.0,1.0
2026-03-22T21:10:07.745-306470-994605,252,false,230.64991828468118,2,2060.8895032190726,1.0,1.0
2026-03-22T21:10:07.745-306470-994605,640,false,77.87983532800666,2,2060.8895032190726,1.0,1.0
2026-03-22T21:10:07.745-306470-994605,400,false,0.3359578221761422,2,2060.8895032190726,1.0,1.0
2026-03-22T21:10:07.745-306470-994605,669,false,6.3860327076677965,2,2060.8895032190726,1.0,1.0
2026-03-22T21:10:07.745-306470-994605,407,false,5.949616937385515,2,2060.8895032190726,1.0,1.0
2026-03-22T21:10:07.745-306470-994605,387,false,0.044152738554869134,2,2060.8895032190726,1.0,1.0
2026-03-22T21:10:07.745-306470-994605,976,true,4.249349057800708,2,2056.6401541612718,1.0,0.841
2026-03-22T21:10:07.745-306470-994605,882,false,0.09851980486002658,2,2056.6401541612718,1.0,1.0
2026-03-22T21:10:07.745-306470-994605,668,true,4.267785776539625,2,2052.372368384732,1.0,0.815
2026-03-22T21:10:07.745-306470-994605,694,false,3.4054229583854534,2,2052.372368384732,1.0,1.0
2026-03-22T21:10:07.745-306470-994605,121,true,3.469653042365534,2,2048.9027153423663,1.0,0.0020000000000000018
2026-03-22T21:10:07.745-306470-994605,601,false,0.6802711850126221,2,2048.9027153423663,1.0,1.0
2026-03-22T21:10:07.745-306470-994605,861,false,6.659165150966899,2,2048.9027153423663,1.0,1.0
2026-03-22T21:10:07.745-306470-994605,650,false,0.722948475765998,2,2048.9027153423663,1.0,1.0
2026-03-22T21:10:07.745-306470-994605,619,false,4.36996564196784,2,2048.9027153423663,1.0,1.0
2026-03-22T21:10:07.745-306470-994605,195,false,1.7074801520621763,2,2048.9027153423663,1.0,1.0
2026-03-22T21:10:07.745-306470-994605,833,false,6.8823472215605,2,2048.9027153423663,1.0,1.0
2026-03-22T21:10:07.745-306470-994605,111,false,1.9777600701257851,2,2048.9027153423663,1.0,1.0
2026-03-22T21:10:07.745-306470-994605,335,true,1.8973384798742259,2,2047.005376862492,1.0,0.7130000000000001
2026-03-22T21:10:07.745-306470-994605,804,false,13.455778463557413,2,2047.005376862492,1.0,1.0
2026-03-22T21:10:07.745-306470-994605,219,false,0.43789551561015605,2,2047.005376862492,1.0,1.0
2026-03-22T21:10:07.745-306470-994605,73,false,0.09283470484586283,2,2047.005376862492,1.0,1.0
2026-03-22T21:10:07.745-306470-994605,782,false,0.5544847308875093,2,2047.005376862492,1.0,1.0
2026-03-22T21:10:07.745-306470-994605,721,false,11.750971846055156,2,2047.005376862492,1.0,1.0
2026-03-22T21:10:07.745-306470-994605,547,true,1.4177827329270634,2,2045.587594129565,1.0,0.0
2026-03-22T21:10:07.745-306470-994605,30,false,0.3334745028176119,2,2045.587594129565,1.0,1.0
2026-03-22T21:10:07.745-306470-994605,811,false,11.659650549678403,2,2045.587594129565,1.0,1.0
2026-03-22T21:10:07.745-306470-994605,854,false,1.0827866944365476,2,2045.587594129565,1.0,1.0
2026-03-22T21:10:07.745-306470-994605,411,false,2.7093607704063323,2,2045.587594129565,1.0,1.0
2026-03-22T21:10:07.745-306470-994605,902,true,1.5558566035792196,2,2044.0317375259858,1.0,0.0010000000000000009
2026-03-22T21:10:07.745-306470-994605,549,true,3.940423103920218,2,2040.0913144220656,1.0,0.0
2026-03-22T21:10:07.745-306470-994605,336,true,3.831674449109413,2,2036.2596399729562,1.0,0.038000000000000034
2026-03-22T21:10:07.745-306470-994605,393,false,0.07646584713331535,2,2036.2596399729562,1.0,1.0
2026-03-22T21:10:07.745-306470-994605,526,false,0.9232052513367979,2,2036.2596399729562,1.0,1.0
2026-03-22T21:10:07.745-306470-994605,317,true,5.290739221110133,2,2030.968900751846,1.0,0.687
2026-03-22T21:10:07.745-306470-994605,767,false,12.108321789353884,2,2030.968900751846,1.0,1.0
2026-03-22T21:10:07.745-306470-994605,848,false,108.20114534832037,2,2030.968900751846,1.0,1.0
2026-03-22T21:10:07.745-306470-994605,665,true,29.264896235904246,2,2001.7040045159417,1.0,0.688
2026-03-22T21:10:07.745-306470-994605,442,false,0.9109675938963316,2,2001.7040045159417,1.0,1.0
2026-03-22T21:10:07.745-306470-994605,747,false,0.16325577720000348,2,2001.7040045159417,1.0,1.0
2026-03-22T21:10:07.745-306470-994605,29,false,0.31399940240457863,2,2001.7040045159417,1.0,1.0
2026-03-22T21:10:07.745-306470-994605,705,false,13.264646526632497,2,2001.7040045159417,1.0,1.0
2026-03-22T21:10:07.745-306470-994605,452,false,0.8043844525652537,2,2001.7040045159417,1.0,1.0
2026-03-22T21:10:07.745-306470-994605,275,true,0.270303774782326,2,2001.4337007411593,1.0,0.0
2026-03-22T21:10:07.745-306470-994605,771,true,1.256994279246137,2,2000.1767064619132,1.0,0.999
2026-03-22T21:10:07.745-306470-994605,314,true,7.014562367110955,2,1993.1621440948022,1.0,0.7130000000000001
2026-03-22T21:10:07.745-306470-994605,751,false,112.49410135496834,2,1993.1621440948022,1.0,1.0
2026-03-22T21:10:07.745-306470-994605,257,false,0.12791814586934652,2,1993.1621440948022,1.0,1.0
2026-03-22T21:10:07.745-306470-994605,209,false,0.9502543370952764,2,1993.1621440948022,1.0,1.0
2026-03-22T21:10:07.745-306470-994605,467,false,5.453257828507434,2,1993.1621440948022,1.0,1.0
2026-03-22T21:10:07.745-306470-994605,39,false,60.65962720247165,2,1993.1621440948022,1.0,1.0
2026-03-22T21:10:07.745-306470-994605,925,false,3.9501908380770803,2,1993.1621440948022,1.0,1.0
2026-03-22T21:10:07.745-306470-994605,32,false,0.820641250999208,2,1993.1621440948022,1.0,1.0
2026-03-22T21:10:07.745-306470-994605,838,false,0.29431442521816714,2,1993.1621440948022,1.0,1.0
2026-03-22T21:10:07.745-306470-994605,374,false,6.303194466646583,2,1993.1621440948022,1.0,1.0
2026-03-22T21:10:07.745-306470-994605,639,false,0.38446739024827337,2,1993.1621440948022,1.0,1.0
2026-03-22T21:10:07.745-306470-994605,215,false,0.1387281972921988,2,1993.1621440948022,1.0,1.0
2026-03-22T21:10:07.745-306470-994605,306,false,3.6229227164019027,2,1993.1621440948022,1.0,1.0
2026-03-22T21:10:07.745-306470-994605,66,false,1.1616883846461679,2,1993.1621440948022,1.0,1.0
2026-03-22T21:10:07.745-306470-994605,755,false,1.9422313518531742,2,1993.1621440948022,1.0,1.0
2026-03-22T21:10:07.745-306470-994605,660,false,0.028028045865002887,2,1993.1621440948022,1.0,1.0
2026-03-22T21:10:07.745-306470-994605,338,true,1.212278865334867,2,1991.9498652294674,1.0,0.0040000000000000036
2026-03-22T21:10:07.745-306470-994605,793,false,6.76797976007192,2,1991.9498652294674,1.0,1.0
2026-03-22T21:10:07.745-306470-994605,106,false,0.06871359881491816,2,1991.9498652294674,1.0,1.0
2026-03-22T21:10:07.745-306470-994605,316,true,1.0835414444482443,2,1990.8663237850192,1.0,0.0
2026-03-22T21:10:07.745-306470-994605,117,true,26.550821844845046,2,1964.315501940174,1.0,0.0020000000000000018
2026-03-22T21:10:07.745-306470-994605,496,false,0.033642706619330214,2,1964.315501940174,1.0,1.0
2026-03-22T21:10:07.745-306470-994605,540,true,3.6909126133523595,2,1960.6245893268217,1.0,0.696
2026-03-22T21:10:07.745-306470-994605,388,false,0.07397924054987001,2,1960.6245893268217,1.0,1.0
2026-03-22T21:10:07.745-306470-994605,673,false,4.562623142212451,2,1960.6245893268217,1.0,1.0
2026-03-22T21:10:07.745-306470-994605,773,true,0.5350034003896338,2,1960.0895859264322,1.0,0.724
2026-03-22T21:10:07.745-306470-994605,399,true,3.8280050212519385,2,1956.2615809051802,1.0,0.624
2026-03-22T21:10:07.745-306470-994605,781,false,2.2694027976822126,2,1956.2615809051802,1.0,1.0
2026-03-22T21:10:07.745-306470-994605,405,false,10.511290207292642,2,1956.2615809051802,1.0,1.0
2026-03-22T21:10:07.745-306470-994605,277,true,22.199124296903467,2,1934.0624566082768,1.0,0.0
2026-03-22T21:10:07.745-306470-994605,122,false,0.17368332810494577,2,1934.0624566082768,1.0,1.0
2026-03-22T21:10:07.745-306470-994605,535,false,2.061778957309091,2,1934.0624566082768,1.0,1.0
2026-03-22T21:10:07.745-306470-994605,783,false,4.011973209070208,2,1934.0624566082768,1.0,1.0
2026-03-22T21:10:07.745-306470-994605,923,false,0.4861149254512584,2,1934.0624566082768,1.0,1.0
2026-03-22T21:10:07.745-306470-994605,572,true,3.422712453707416,2,1930.6397441545694,1.0,0.0050000000000000044
2026-03-22T21:10:07.745-306470-994605,891,false,5.7127060065298085,2,1930.6397441545694,1.0,1.0
2026-03-22T21:10:07.745-306470-994605,963,false,5.685757082300936,2,1930.6397441545694,1.0,1.0
2026-03-22T21:10:07.745-306470-994605,371,false,1.592932722278015,2,1930.6397441545694,1.0,1.0
2026-03-22T21:10:07.745-306470-994605,254,true,2.134640903563689,2,1928.5051032510057,1.0,0.6839999999999999
2026-03-22T21:10:07.745-306470-994605,859,false,1.0153092442637313,2,1928.5051032510057,1.0,1.0
2026-03-22T21:10:07.745-306470-994605,895,false,3.7710587538019977,2,1928.5051032510057,1.0,1.0
2026-03-22T21:10:07.745-306470-994605,529,false,142.864614082296,2,1928.5051032510057,1.0,1.0
2026-03-22T21:10:07.745-306470-994605,537,true,72.05439935673081,2,1856.450703894275,1.0,0.648
2026-03-22T21:10:07.745-306470-994605,173,true,1.2815282559784043,2,1855.1691756382966,1.0,0.847
2026-03-22T21:10:07.745-306470-994605,334,true,75.55138600401311,2,1779.6177896342836,1.0,0.0
2026-03-22T21:10:07.745-306470-994605,563,false,0.5342095157997273,2,1779.6177896342836,1.0,1.0
2026-03-22T21:10:07.745-306470-994605,473,false,0.11145725493341813,2,1779.6177896342836,1.0,1.0
2026-03-22T21:10:07.745-306470-994605,59,false,0.3093909613051489,2,1779.6177896342836,1.0,1.0
2026-03-22T21:10:07.745-306470-994605,761,false,13.365955300333436,2,1779.6177896342836,1.0,1.0
2026-03-22T21:10:07.745-306470-994605,348,false,24.94342324598658,2,1779.6177896342836,1.0,1.0
2026-03-22T21:10:07.745-306470-994605,120,true,72.96060585941831,2,1706.6571837748652,1.0,0.0
2026-03-22T21:10:07.745-306470-994605,233,false,1.2325526399242597,2,1706.6571837748652,1.0,1.0
2026-03-22T21:10:07.745-306470-994605,284,true,2.171944070009299,2,1704.485239704856,1.0,0.6819999999999999
2026-03-22T21:10:07.745-306470-994605,685,false,1.1797255678877767,2,1704.485239704856,1.0,1.0
2026-03-22T21:10:07.745-306470-994605,634,false,0.0903663969140901,2,1704.485239704856,1.0,1.0
2026-03-22T21:10:07.745-306470-994605,44,true,8.854124472756025,2,1695.6311152321,1.0,0.669
2026-03-22T21:10:07.745-306470-994605,184,false,3.2343654946525193,2,1695.6311152321,1.0,1.0
2026-03-22T21:10:07.745-306470-994605,212,false,17.9988619426128,2,1695.6311152321,1.0,1.0
2026-03-22T21:10:07.745-306470-994605,678,false,7.3517981556511725,2,1695.6311152321,1.0,1.0
2026-03-22T21:10:07.745-306470-994605,877,true,11.543668360175932,2,1684.0874468719242,1.0,0.0020000000000000018
2026-03-22T21:10:07.745-306470-994605,710,false,8.137221673065644,2,1684.0874468719242,1.0,1.0
2026-03-22T21:10:07.745-306470-994605,929,false,5.824285758965627,2,1684.0874468719242,1.0,1.0
2026-03-22T21:10:07.745-306470-994605,5,true,5.303654109767851,2,1678.7837927621563,1.0,0.999
2026-03-22T21:10:07.745-306470-994605,828,false,0.39307623735580344,2,1678.7837927621563,1.0,1.0
2026-03-22T21:10:07.745-306470-994605,75,false,4.1927063290153015,2,1678.7837927621563,1.0,1.0
2026-03-22T21:10:07.745-306470-994605,483,true,0.3483441502008498,2,1678.4354486119555,1.0,0.0
2026-03-22T21:10:07.745-306470-994605,897,true,9.663281265537305,2,1668.7721673464182,1.0,0.708
2026-03-22T21:10:07.745-306470-994605,100,false,5.76893769850646,2,1668.7721673464182,1.0,1.0
2026-03-22T21:10:07.745-306470-994605,398,true,1.003428576904679,2,1667.7687387695134,1.0,0.0
2026-03-22T21:10:07.745-306470-994605,311,true,67.21855120468382,2,1600.5501875648297,1.0,0.6679999999999999
2026-03-22T21:10:07.745-306470-994605,318,true,2.9232620207098416,2,1597.6269255441198,1.0,0.0
2026-03-22T21:10:07.745-306470-994605,718,false,5.046991946839368,2,1597.6269255441198,1.0,1.0
2026-03-22T21:10:07.745-306470-994605,996,false,5.77259410834463,2,1597.6269255441198,1.0,1.0
2026-03-22T21:10:07.745-306470-994605,758,false,0.6082835280412063,2,1597.6269255441198,1.0,1.0
2026-03-22T21:10:07.745-306470-994605,202,false,0.34668798646757937,2,1597.6269255441198,1.0,1.0
2026-03-22T21:10:07.745-306470-994605,614,false,7.912480288416573,2,1597.6269255441198,1.0,1.0
2026-03-22T21:10:07.745-306470-994605,414,true,4.237111267138292,2,1593.3898142769815,1.0,0.0
2026-03-22T21:10:07.745-306470-994605,145,false,0.9354604183039126,2,1593.3898142769815,1.0,1.0
2026-03-22T21:10:07.745-306470-994605,534,true,1.4021567905539698,2,1591.9876574864275,1.0,0.677
2026-03-22T21:10:07.745-306470-994605,682,true,1.1785670375668245,2,1590.8090904488606,1.0,0.922
2026-03-22T21:10:07.745-306470-994605,419,true,2.3994749144695358,2,1588.4096155343912,1.0,0.0010000000000000009
2026-03-22T21:10:07.745-306470-994605,667,true,1.1728654325555357,2,1587.2367501018357,1.0,0.0
2026-03-22T21:10:07.745-306470-994605,211,false,10.938211865199687,2,1587.2367501018357,1.0,1.0
2026-03-22T21:10:07.745-306470-994605,830,false,7.044340489735619,2,1587.2367501018357,1.0,1.0
2026-03-22T21:10:07.745-306470-994605,791,false,10.59352826055162,2,1587.2367501018357,1.0,1.0
2026-03-22T21:10:07.745-306470-994605,700,false,0.9815082009763765,2,1587.2367501018357,1.0,1.0
2026-03-22T21:10:07.745-306470-994605,320,true,10.234455608956917,2,1577.0022944928787,1.0,0.0
2026-03-22T21:10:07.745-306470-994605,392,true,12.865099065056526,2,1564.1371954278222,1.0,0.0
2026-03-22T21:10:07.745-306470-994605,630,false,0.13539340587402596,2,1564.1371954278222,1.0,1.0
2026-03-22T21:10:07.745-306470-994605,715,false,0.5805359586762262,2,1564.1371954278222,1.0,1.0
2026-03-22T21:10:07.745-306470-994605,165,false,1.510451896666136,2,1564.1371954278222,1.0,1.0
2026-03-22T21:10:07.745-306470-994605,919,true,1.1224616398929435,2,1563.0147337879293,1.0,0.842
2026-03-22T21:10:07.745-306470-994605,295,false,12.165653020650272,2,1563.0147337879293,1.0,1.0
2026-03-22T21:10:07.745-306470-994605,883,false,5.230523584213893,2,1563.0147337879293,1.0,1.0
2026-03-22T21:10:07.745-306470-994605,287,true,7.041538259811142,2,1555.9731955281181,1.0,0.7030000000000001
2026-03-22T21:10:07.745-306470-994605,697,false,1.3360739701188817,2,1555.9731955281181,1.0,1.0
2026-03-22T21:10:07.745-306470-994605,863,false,40.932990221599674,2,1555.9731955281181,1.0,1.0
2026-03-22T21:10:07.745-306470-994605,820,false,0.09046447223253465,2,1555.9731955281181,1.0,1.0
2026-03-22T21:10:07.745-306470-994605,253,true,40.24787167196677,2,1515.7253238561514,1.0,0.040000000000000036
2026-03-22T21:10:07.745-306470-994605,575,true,10.176147192667488,2,1505.5491766634839,1.0,0.0
2026-03-22T21:10:07.745-306470-994605,437,false,34.208134869183475,2,1505.5491766634839,1.0,1.0
2026-03-22T21:10:07.745-306470-994605,593,false,4.794211111162179,2,1505.5491766634839,1.0,1.0
2026-03-22T21:10:07.745-306470-994605,413,true,12.205754981572179,2,1493.3434216819117,1.0,0.0
2026-03-22T21:10:07.745-306470-994605,823,false,5.69883308060338,2,1493.3434216819117,1.0,1.0
2026-03-22T21:10:07.745-306470-994605,369,false,0.5676788391315555,2,1493.3434216819117,1.0,1.0
2026-03-22T21:10:07.745-306470-994605,931,false,1.2164141362026724,2,1493.3434216819117,1.0,1.0
2026-03-22T21:10:07.745-306470-994605,805,false,4.311311615672319,2,1493.3434216819117,1.0,1.0
2026-03-22T21:10:07.745-306470-994605,847,false,0.1285905610397327,2,1493.3434216819117,1.0,1.0
2026-03-22T21:10:07.745-306470-994605,762,false,1.4346661387312527,2,1493.3434216819117,1.0,1.0
2026-03-22T21:10:07.745-306470-994605,132,true,1.8563315653596355,2,1491.487090116552,1.0,0.0040000000000000036
2026-03-22T21:10:07.745-306470-994605,530,false,7.062896025665983,2,1491.487090116552,1.0,1.0
2026-03-22T21:10:07.745-306470-994605,670,true,625.308218570759,2,866.1788715457931,1.0,0.0
2026-03-22T21:10:07.745-306470-994605,752,false,12.498404420709374,2,866.1788715457931,1.0,1.0
2026-03-22T21:10:07.745-306470-994605,217,false,3.2905275582086038,2,866.1788715457931,1.0,1.0
2026-03-22T21:10:07.745-306470-994605,166,false,0.8680981205375208,2,866.1788715457931,1.0,1.0
2026-03-22T21:10:07.745-306470-994605,475,true,0.9220196145048055,2,865.2568519312882,1.0,0.0
2026-03-22T21:10:07.745-306470-994605,965,false,0.6347508109183375,2,865.2568519312882,1.0,1.0
2026-03-22T21:10:07.745-306470-994605,377,true,7.288170172607094,2,857.9686817586811,1.0,0.6799999999999999
2026-03-22T21:10:07.745-306470-994605,342,false,6.2557777943878055,2,857.9686817586811,1.0,1.0
2026-03-22T21:10:07.745-306470-994605,42,false,0.1316142715962861,2,857.9686817586811,1.0,1.0
2026-03-22T21:10:07.745-306470-994605,63,false,0.41561360852634716,2,857.9686817586811,1.0,1.0
2026-03-22T21:10:07.745-306470-994605,722,true,0.6990835742473335,2,857.2695981844338,1.0,0.7070000000000001
2026-03-22T21:10:07.745-306470-994605,973,false,0.20512868049730074,2,857.2695981844338,1.0,1.0
2026-03-22T21:10:07.745-306470-994605,431,false,9.636878688320458,2,857.2695981844338,1.0,1.0
2026-03-22T21:10:07.745-306470-994605,423,false,1.6191553111441812,2,857.2695981844338,1.0,1.0
2026-03-22T21:10:07.745-306470-994605,961,false,28.27964431987213,2,857.2695981844338,1.0,1.0
2026-03-22T21:10:07.745-306470-994605,998,false,5.8026952326215016,2,857.2695981844338,1.0,1.0
2026-03-22T21:10:07.745-306470-994605,243,false,34.855838661331745,2,857.2695981844338,1.0,1.0
2026-03-22T21:10:07.745-306470-994605,368,false,0.5905287580238531,2,857.2695981844338,1.0,1.0
2026-03-22T21:10:07.745-306470-994605,539,true,12.109236039343237,2,845.1603621450905,1.0,0.0
2026-03-22T21:10:07.745-306470-994605,261,true,0.286426624931226,2,844.8739355201593,1.0,0.0
2026-03-22T21:10:07.745-306470-994605,468,false,0.11019180790501877,2,844.8739355201593,1.0,1.0
2026-03-22T21:10:07.745-306470-994605,569,true,1.7126653477618026,2,843.1612701723975,1.0,0.0
2026-03-22T21:10:07.745-306470-994605,248,false,1.0607612482626902,2,843.1612701723975,1.0,1.0
2026-03-22T21:10:07.745-306470-994605,297,false,31.645868289098672,2,843.1612701723975,1.0,1.0
2026-03-22T21:10:07.745-306470-994605,950,false,75.52445293280842,2,843.1612701723975,1.0,1.0
2026-03-22T21:10:07.745-306470-994605,188,false,40.21729546529981,2,843.1612701723975,1.0,1.0
2026-03-22T21:10:07.745-306470-994605,741,false,26.2774884026094,2,843.1612701723975,1.0,1.0
2026-03-22T21:10:07.745-306470-994605,622,false,63.62728455550925,2,843.1612701723975,1.0,1.0
2026-03-22T21:10:07.745-306470-994605,615,false,3.191490124315299,2,843.1612701723975,1.0,1.0
2026-03-22T21:10:07.745-306470-994605,156,true,67.30731020238018,2,775.8539599700173,1.0,0.0
2026-03-22T21:10:07.745-306470-994605,636,false,0.09469994089354804,2,775.8539599700173,1.0,1.0
2026-03-22T21:10:07.745-306470-994605,693,false,4.9469314010089205,2,775.8539599700173,1.0,1.0
2026-03-22T21:10:07.745-306470-994605,926,true,19.948291597759432,2,755.9056683722579,1.0,0.904
2026-03-22T21:10:07.745-306470-994605,532,true,0.2636828702720477,2,755.6419855019858,1.0,0.912
2026-03-22T21:10:07.745-306470-994605,384,true,6.236899413638735,2,749.405086088347,1.0,0.706
2026-03-22T21:10:07.745-306470-994605,945,false,119.85589148698486,2,749.405086088347,1.0,1.0
2026-03-22T21:10:07.745-306470-994605,7,true,2.790811243716747,2,746.6142748446302,1.0,0.706
2026-03-22T21:10:07.745-306470-994605,207,false,1.48742087613154,2,746.6142748446302,1.0,1.0
2026-03-22T21:10:07.745-306470-994605,124,true,5.520069765142573,2,741.0942050794877,1.0,0.14
2026-03-22T21:10:07.745-306470-994605,428,false,263.356938624043,2,741.0942050794877,1.0,1.0
2026-03-22T21:10:07.745-306470-994605,720,true,53.59331736018206,2,687.5008877193056,1.0,0.6930000000000001
2026-03-22T21:10:07.745-306470-994605,240,false,7.903160574939918,2,687.5008877193056,1.0,1.0
2026-03-22T21:10:07.745-306470-994605,753,false,0.11391520726364249,2,687.5008877193056,1.0,1.0
2026-03-22T21:10:07.745-306470-994605,878,true,37.893905705842805,2,649.6069820134628,1.0,0.0
2026-03-22T21:10:07.745-306470-994605,501,true,13.133915051297981,2,636.4730669621648,1.0,0.0
2026-03-22T21:10:07.745-306470-994605,344,false,15.856420868136626,2,636.4730669621648,1.0,1.0
2026-03-22T21:10:07.745-306470-994605,826,true,4.200589209709803,2,632.272477752455,1.0,0.8280000000000001
2026-03-22T21:10:07.745-306470-994605,489,true,4.751605922822709,2,627.5208718296323,1.0,0.0
2026-03-22T21:10:07.745-306470-994605,430,false,30.886374669280794,2,627.5208718296323,1.0,1.0
2026-03-22T21:10:07.745-306470-994605,690,false,0.6752200664965698,2,627.5208718296323,1.0,1.0
2026-03-22T21:10:07.745-306470-994605,359,false,15.444256361844992,2,627.5208718296323,1.0,1.0
2026-03-22T21:10:07.745-306470-994605,514,true,1.9506934811605745,2,625.5701783484717,1.0,0.0
2026-03-22T21:10:07.745-306470-994605,924,true,1.5666598175715682,2,624.0035185309001,1.0,0.8200000000000001
2026-03-22T21:10:07.745-306470-994605,892,false,2.401251665979939,2,624.0035185309001,1.0,1.0
2026-03-22T21:10:07.745-306470-994605,12,false,3.5121230191551143,2,624.0035185309001,1.0,1.0
2026-03-22T21:10:07.745-306470-994605,192,false,1.7358335524731492,2,624.0035185309001,1.0,1.0
2026-03-22T21:10:07.745-306470-994605,40,false,2.953452735519701,2,624.0035185309001,1.0,1.0
2026-03-22T21:10:07.745-306470-994605,226,false,4.058608654630161,2,624.0035185309001,1.0,1.0
2026-03-22T21:10:07.745-306470-994605,421,false,0.12008858538897693,2,624.0035185309001,1.0,1.0
2026-03-22T21:10:07.745-306470-994605,142,true,1.1214605224921201,2,622.882058008408,1.0,0.0050000000000000044
2026-03-22T21:10:07.745-306470-994605,194,false,6.76823293395174,2,622.882058008408,1.0,1.0
2026-03-22T21:10:07.745-306470-994605,648,false,0.7375975693849691,2,622.882058008408,1.0,1.0
2026-03-22T21:10:07.745-306470-994605,443,false,1.6218852412887488,2,622.882058008408,1.0,1.0
2026-03-22T21:10:07.745-306470-994605,54,true,213.80730142966007,2,409.0747565787479,1.0,0.607
2026-03-22T21:10:07.745-306470-994605,288,true,1.2327722493919002,2,407.84198432935597,1.0,0.652
2026-03-22T21:10:07.745-306470-994605,800,false,0.11201984645373907,2,407.84198432935597,1.0,1.0
2026-03-22T21:10:07.745-306470-994605,605,false,1.277429612735912,2,407.84198432935597,1.0,1.0
2026-03-22T21:10:07.745-306470-994605,880,true,11.247131095153183,2,396.5948532342028,1.0,0.0010000000000000009
2026-03-22T21:10:07.745-306470-994605,775,true,4.548648854185988,2,392.0462043800168,1.0,0.7
2026-03-22T21:10:07.745-306470-994605,94,true,2.104995643553066,2,389.9412087364637,1.0,0.6859999999999999
2026-03-22T21:10:07.745-306470-994605,837,false,0.12762013050280652,2,389.9412087364637,1.0,1.0
2026-03-22T21:10:07.745-306470-994605,590,false,0.863627857079405,2,389.9412087364637,1.0,1.0
2026-03-22T21:10:07.745-306470-994605,870,true,13.92643655504969,2,376.014772181414,1.0,0.7110000000000001
2026-03-22T21:10:07.745-306470-994605,15,false,5.549072958941276,2,376.014772181414,1.0,1.0
2026-03-22T21:10:07.745-306470-994605,463,false,1.2331278327027386,2,376.014772181414,1.0,1.0
2026-03-22T21:10:07.745-306470-994605,21,false,99.01596443879777,2,376.014772181414,1.0,1.0
2026-03-22T21:10:07.745-306470-994605,587,true,51.67046832197618,2,324.34430385943784,1.0,0.708
2026-03-22T21:10:07.745-306470-994605,969,false,958.2520733010073,2,324.34430385943784,1.0,1.0
2026-03-22T21:10:07.745-306470-994605,160,false,0.04206598492700165,2,324.34430385943784,1.0,1.0
2026-03-22T21:10:07.745-306470-994605,95,true,113.91716033429009,2,210.42714352514776,1.0,0.0020000000000000018
2026-03-22T21:10:07.745-306470-994605,520,true,50.76660142679231,2,159.66054209835545,1.0,0.6799999999999999
2026-03-22T21:10:07.745-306470-994605,840,true,11.130190122489088,2,148.53035197586635,1.0,0.812
2026-03-22T21:10:07.745-306470-994605,337,true,88.61225441334896,2,59.91809756251739,1.0,0.0
2026-03-22T21:10:07.745-306470-994605,408,false,265.57031748078276,2,59.91809756251739,1.0,1.0
2026-03-22T21:10:07.745-306470-994605,31,false,9.998911671798492,2,59.91809756251739,1.0,1.0
2026-03-22T21:10:07.745-306470-994605,293,false,0.029574496940839013,2,59.91809756251739,1.0,1.0
2026-03-22T21:10:07.745-306470-994605,46,true,1.3882501355943115,2,58.52984742692308,1.0,0.0
2026-03-22T21:10:07.745-306470-994605,821,false,22.4809317296092,2,58.52984742692308,1.0,1.0
2026-03-22T21:10:07.745-306470-994605,492,true,0.7257138520671801,2,57.804133574855896,1.0,0.0
2026-03-22T21:10:07.745-306470-994605,397,true,6.052333929767164,2,51.75179964508873,1.0,0.0
2026-03-22T21:10:07.745-306470-994605,567,true,1.5564395464793461,2,50.195360098609385,1.0,0.0
2026-03-22T21:10:07.745-306470-994605,795,false,0.5436518153201697,2,50.195360098609385,1.0,1.0
2026-03-22T21:10:07.745-306470-994605,191,false,4.577386957734968,2,50.195360098609385,1.0,1.0
2026-03-22T21:10:07.745-306470-994605,151,true,5.189704923773736,2,45.00565517483565,1.0,0.03300000000000003
2026-03-22T21:10:07.745-306470-994605,382,true,2.356571815478851,2,42.6490833593568,1.0,0.0
2026-03-22T21:10:07.745-306470-994605,641,true,10.301094623264214,2,32.34798873609259,1.0,0.999
2026-03-22T21:10:07.745-306470-994605,628,false,2.294343606052729,2,32.34798873609259,1.0,1.0
2026-03-22T21:10:07.745-306470-994605,884,false,62.50942611349904,2,32.34798873609259,1.0,1.0
2026-03-22T21:10:07.745-306470-994605,554,true,2.551086002831978,2,29.79690273326061,1.0,0.0030000000000000027
2026-03-22T21:10:07.745-306470-994605,652,true,1.620931866887502,2,28.175970866373106,1.0,0.844
2026-03-22T21:10:07.745-306470-994605,964,false,10.170583900217002,2,28.175970866373106,1.0,1.0
2026-03-22T21:10:07.745-306470-994605,65,false,0.05488676644312715,2,28.175970866373106,1.0,1.0
2026-03-22T21:10:07.745-306470-994605,750,false,1.5343672472376548,2,28.175970866373106,1.0,1.0
2026-03-22T21:10:07.745-306470-994605,19,false,1.2149918851718362,2,28.175970866373106,1.0,1.0
2026-03-22T21:10:07.745-306470-994605,144,true,2.1840284826767147,2,25.99194238369639,1.0,0.0020000000000000018
2026-03-22T21:10:07.745-306470-994605,362,false,77.82326948480298,2,25.99194238369639,1.0,1.0
2026-03-22T21:10:07.745-306470-994605,109,false,26.068164709130368,2,25.99194238369639,1.0,1.0
2026-03-22T21:10:07.745-306470-994605,663,true,2.6589974846025775,2,23.332944899093814,1.0,0.724
2026-03-22T21:10:07.745-306470-994605,146,true,0.2292818015224422,2,23.10366309757137,1.0,0.842
2026-03-22T21:10:07.745-306470-994605,557,true,16.04435066300026,2,7.059312434571112,1.0,0.6970000000000001
2026-03-22T21:10:07.745-306470-994605,987,false,0.4808792551915372,2,7.059312434571112,1.0,1.0
2026-03-22T21:10:07.745-306470-994605,982,false,221.78476836325953,2,7.059312434571112,1.0,1.0
2026-03-22T21:10:07.745-306470-994605,927,true,4.545312483805656,2,2.513999950765456,1.0,0.0030000000000000027
2026-03-22T21:10:07.745-306470-994605,851,false,6.700801243819289,2,2.513999950765456,1.0,1.0
2026-03-22T21:10:07.745-306470-994605,74,false,13.33227752214652,2,2.513999950765456,1.0,1.0
2026-03-22T21:10:07.745-306470-994605,213,false,2.6741927807881103,2,2.513999950765456,1.0,1.0
2026-03-22T21:10:07.745-306470-994605,350,false,2.2066343697837394,2,2.513999950765456,1.0,1.0
2026-03-22T21:10:07.745-306470-994605,354,true,283.578663462563,2,-281.0646635117975,1.0,0.999
2026-03-22T21:10:07.745-868789-830529,996,false,114.32690896705311,1,4919.802659052639,1.0,1.0
2026-03-22T21:10:07.745-868789-830529,214,false,2.3079279496749288,1,4919.802659052639,1.0,1.0
2026-03-22T21:10:07.745-868789-830529,806,false,157.97566967601182,1,4919.802659052639,1.0,1.0
2026-03-22T21:10:07.745-868789-830529,644,false,3.7745125603326257,1,4919.802659052639,1.0,1.0
2026-03-22T21:10:07.745-868789-830529,1,false,9.42225643182643,1,4919.802659052639,1.0,1.0
2026-03-22T21:10:07.745-868789-830529,704,false,19.737585739819067,1,4919.802659052639,1.0,1.0
2026-03-22T21:10:07.745-868789-830529,88,false,0.274618797285973,1,4919.802659052639,1.0,1.0
2026-03-22T21:10:07.745-868789-830529,993,false,10.002962247956674,1,4919.802659052639,1.0,1.0
2026-03-22T21:10:07.745-868789-830529,96,false,0.018490185285286367,1,4919.802659052639,1.0,1.0
2026-03-22T21:10:07.745-868789-830529,417,false,552.4420947874032,1,4919.802659052639,1.0,1.0
2026-03-22T21:10:07.745-868789-830529,819,false,1.424864248171977,1,4919.802659052639,1.0,1.0
2026-03-22T21:10:07.745-868789-830529,905,false,28.68322295939213,1,4919.802659052639,1.0,1.0
2026-03-22T21:10:07.745-868789-830529,783,false,10.548635630991013,1,4919.802659052639,1.0,1.0
2026-03-22T21:10:07.745-868789-830529,302,false,6.626149863146193,1,4919.802659052639,1.0,1.0
2026-03-22T21:10:07.745-868789-830529,403,false,1.3634628924637473,1,4919.802659052639,1.0,1.0
2026-03-22T21:10:07.745-868789-830529,47,false,3.512509039808312,1,4919.802659052639,1.0,1.0
2026-03-22T21:10:07.745-868789-830529,599,false,8.726409166341842,1,4919.802659052639,1.0,1.0
2026-03-22T21:10:07.745-868789-830529,506,false,1.3409740406180988,1,4919.802659052639,1.0,1.0
2026-03-22T21:10:07.745-868789-830529,445,false,5.243542821327902,1,4919.802659052639,1.0,1.0
2026-03-22T21:10:07.745-868789-830529,595,false,6.830587247357368,1,4919.802659052639,1.0,1.0
2026-03-22T21:10:07.745-868789-830529,891,false,1.7494552034011785,1,4919.802659052639,1.0,1.0
2026-03-22T21:10:07.745-868789-830529,264,false,3.619396320510187,1,4919.802659052639,1.0,1.0
2026-03-22T21:10:07.745-868789-830529,418,false,37.934257803195734,1,4919.802659052639,1.0,1.0
2026-03-22T21:10:07.745-868789-830529,574,false,7.269385082811567,1,4919.802659052639,1.0,1.0
2026-03-22T21:10:07.745-868789-830529,371,false,6.915991775339665,1,4919.802659052639,1.0,1.0
2026-03-22T21:10:07.745-868789-830529,458,false,0.14946929563272354,1,4919.802659052639,1.0,1.0
2026-03-22T21:10:07.745-868789-830529,497,false,8.761196917894992,1,4919.802659052639,1.0,1.0
2026-03-22T21:10:07.745-868789-830529,313,false,0.1082184343412299,1,4919.802659052639,1.0,1.0
2026-03-22T21:10:07.745-868789-830529,147,false,5.555085986207657,1,4919.802659052639,1.0,1.0
2026-03-22T21:10:07.745-868789-830529,841,false,0.04876659225434431,1,4919.802659052639,1.0,1.0
2026-03-22T21:10:07.745-868789-830529,246,false,461.79587214644306,1,4919.802659052639,1.0,1.0
2026-03-22T21:10:07.745-868789-830529,70,false,14.185799934041267,1,4919.802659052639,1.0,1.0
2026-03-22T21:10:07.745-868789-830529,822,false,4.3702894648792405,1,4919.802659052639,1.0,1.0
2026-03-22T21:10:07.745-868789-830529,649,false,102.4283628279914,1,4919.802659052639,1.0,1.0
2026-03-22T21:10:07.745-868789-830529,530,false,3.6663846713063215,1,4919.802659052639,1.0,1.0
2026-03-22T21:10:07.745-868789-830529,759,false,0.18696915026568417,1,4919.802659052639,1.0,1.0
2026-03-22T21:10:07.745-868789-830529,647,true,2.174561980074722,1,4917.628097072564,1.0,0.999
2026-03-22T21:10:07.745-868789-830529,358,true,12.21123507418231,1,4905.416861998381,1.0,0.999
2026-03-22T21:10:07.745-868789-830529,675,false,7.814795486007718,1,4905.416861998381,1.0,1.0
2026-03-22T21:10:07.745-868789-830529,672,false,1.8704307378779046,1,4905.416861998381,1.0,1.0
2026-03-22T21:10:07.745-868789-830529,559,false,4.516454095545628,1,4905.416861998381,1.0,1.0
2026-03-22T21:10:07.745-868789-830529,470,false,6.204053251438597,1,4905.416861998381,1.0,1.0
2026-03-22T21:10:07.745-868789-830529,601,false,4.776470305044594,1,4905.416861998381,1.0,1.0
2026-03-22T21:10:07.745-868789-830529,272,false,6.333884288464359,1,4905.416861998381,1.0,1.0
2026-03-22T21:10:07.745-868789-830529,252,false,1.4564658533408221,1,4905.416861998381,1.0,1.0
2026-03-22T21:10:07.745-868789-830529,42,false,0.3188126066501755,1,4905.416861998381,1.0,1.0
2026-03-22T21:10:07.745-868789-830529,449,false,0.9222380540939152,1,4905.416861998381,1.0,1.0
2026-03-22T21:10:07.745-868789-830529,153,false,0.06647014079658858,1,4905.416861998381,1.0,1.0
2026-03-22T21:10:07.745-868789-830529,238,false,0.5626545554631757,1,4905.416861998381,1.0,1.0
2026-03-22T21:10:07.745-868789-830529,735,false,16.53742549097189,1,4905.416861998381,1.0,1.0
2026-03-22T21:10:07.745-868789-830529,485,false,1.4054075209089623,1,4905.416861998381,1.0,1.0
2026-03-22T21:10:07.745-868789-830529,912,false,5.437261311005911,1,4905.416861998381,1.0,1.0
2026-03-22T21:10:07.745-868789-830529,768,false,18.33225044363418,1,4905.416861998381,1.0,1.0
2026-03-22T21:10:07.745-868789-830529,454,false,1.3939330115876316,1,4905.416861998381,1.0,1.0
2026-03-22T21:10:07.745-868789-830529,990,false,67.69237189848072,1,4905.416861998381,1.0,1.0
2026-03-22T21:10:07.745-868789-830529,179,false,5.489542588841335,1,4905.416861998381,1.0,1.0
2026-03-22T21:10:07.745-868789-830529,606,false,0.1324437764453704,1,4905.416861998381,1.0,1.0
2026-03-22T21:10:07.745-868789-830529,241,false,0.2220205987491421,1,4905.416861998381,1.0,1.0
2026-03-22T21:10:07.745-868789-830529,155,false,1.4975272192511215,1,4905.416861998381,1.0,1.0
2026-03-22T21:10:07.745-868789-830529,726,false,4.4072756758014355,1,4905.416861998381,1.0,1.0
2026-03-22T21:10:07.745-868789-830529,197,false,1.798312416303756,1,4905.416861998381,1.0,1.0
2026-03-22T21:10:07.745-868789-830529,496,false,80.27764634765404,1,4905.416861998381,1.0,1.0
2026-03-22T21:10:07.745-868789-830529,23,false,3.313131104695273,1,4905.416861998381,1.0,1.0
2026-03-22T21:10:07.745-868789-830529,721,false,1.4637667509563395,1,4905.416861998381,1.0,1.0
2026-03-22T21:10:07.745-868789-830529,186,false,19.49248113174665,1,4905.416861998381,1.0,1.0
2026-03-22T21:10:07.745-868789-830529,776,false,32.2750328267684,1,4905.416861998381,1.0,1.0
2026-03-22T21:10:07.745-868789-830529,387,true,1.4993171531830265,1,4903.917544845198,1.0,0.998
2026-03-22T21:10:07.745-868789-830529,775,false,0.2287312748512533,1,4903.917544845198,1.0,1.0
2026-03-22T21:10:07.745-868789-830529,945,false,8.241401509554418,1,4903.917544845198,1.0,1.0
2026-03-22T21:10:07.745-868789-830529,159,false,3.899511393510493,1,4903.917544845198,1.0,1.0
2026-03-22T21:10:07.745-868789-830529,885,false,4.723227430913452,1,4903.917544845198,1.0,1.0
2026-03-22T21:10:07.745-868789-830529,913,false,42.56405809089644,1,4903.917544845198,1.0,1.0
2026-03-22T21:10:07.745-868789-830529,377,false,2.2520293371922957,1,4903.917544845198,1.0,1.0
2026-03-22T21:10:07.745-868789-830529,339,false,82.30937929560402,1,4903.917544845198,1.0,1.0
2026-03-22T21:10:07.745-868789-830529,200,false,0.5628552260569121,1,4903.917544845198,1.0,1.0
2026-03-22T21:10:07.745-868789-830529,879,false,189.76597403877153,1,4903.917544845198,1.0,1.0
2026-03-22T21:10:07.745-868789-830529,40,false,1.0733948961127993,1,4903.917544845198,1.0,1.0
2026-03-22T21:10:07.745-868789-830529,430,false,1.417321148905679,1,4903.917544845198,1.0,1.0
2026-03-22T21:10:07.745-868789-830529,542,false,52.41693258197858,1,4903.917544845198,1.0,1.0
2026-03-22T21:10:07.745-868789-830529,245,false,1.46890736357908,1,4903.917544845198,1.0,1.0
2026-03-22T21:10:07.745-868789-830529,152,false,0.44790039023006406,1,4903.917544845198,1.0,1.0
2026-03-22T21:10:07.745-868789-830529,249,false,0.8706361710001724,1,4903.917544845198,1.0,1.0
2026-03-22T21:10:07.745-868789-830529,934,true,35.13506587874445,1,4868.782478966454,1.0,0.998
2026-03-22T21:10:07.745-868789-830529,678,true,32.455558411727836,1,4836.326920554726,1.0,0.6579999999999999
2026-03-22T21:10:07.745-868789-830529,829,false,10.655973986279212,1,4836.326920554726,1.0,1.0
2026-03-22T21:10:07.745-868789-830529,624,false,65.0837040684889,1,4836.326920554726,1.0,1.0
2026-03-22T21:10:07.745-868789-830529,117,false,4.327682108211988,1,4836.326920554726,1.0,1.0
2026-03-22T21:10:07.745-868789-830529,372,false,24.350622707389796,1,4836.326920554726,1.0,1.0
2026-03-22T21:10:07.745-868789-830529,729,false,27.651493511150708,1,4836.326920554726,1.0,1.0
2026-03-22T21:10:07.745-868789-830529,11,false,0.7067593723353119,1,4836.326920554726,1.0,1.0
2026-03-22T21:10:07.745-868789-830529,766,false,0.502216628230875,1,4836.326920554726,1.0,1.0
2026-03-22T21:10:07.745-868789-830529,329,false,3.4662627905078103,1,4836.326920554726,1.0,1.0
2026-03-22T21:10:07.745-868789-830529,664,false,3.6798712032292284,1,4836.326920554726,1.0,1.0
2026-03-22T21:10:07.745-868789-830529,607,false,17.619539886532205,1,4836.326920554726,1.0,1.0
2026-03-22T21:10:07.745-868789-830529,745,false,4.168877597130147,1,4836.326920554726,1.0,1.0
2026-03-22T21:10:07.745-868789-830529,856,false,0.8319741051195716,1,4836.326920554726,1.0,1.0
2026-03-22T21:10:07.745-868789-830529,300,false,4.995886522995104,1,4836.326920554726,1.0,1.0
2026-03-22T21:10:07.745-868789-830529,814,false,41.68060556617923,1,4836.326920554726,1.0,1.0
2026-03-22T21:10:07.745-868789-830529,583,false,1.024045548648826,1,4836.326920554726,1.0,1.0
2026-03-22T21:10:07.745-868789-830529,9,true,3.5437648357219222,1,4832.783155719004,1.0,0.999
2026-03-22T21:10:07.745-868789-830529,428,true,0.5601720493495908,1,4832.222983669654,1.0,0.999
2026-03-22T21:10:07.745-868789-830529,706,true,0.27297053437131846,1,4831.950013135283,1.0,0.999
2026-03-22T21:10:07.745-868789-830529,640,false,0.041990504097721516,1,4831.950013135283,1.0,1.0
2026-03-22T21:10:07.745-868789-830529,909,true,14.4807847948029,1,4817.46922834048,1.0,0.999
2026-03-22T21:10:07.745-868789-830529,410,false,0.42206485649075093,1,4817.46922834048,1.0,1.0
2026-03-22T21:10:07.745-868789-830529,615,false,0.7871136047039851,1,4817.46922834048,1.0,1.0
2026-03-22T21:10:07.745-868789-830529,536,false,2.202947113703427,1,4817.46922834048,1.0,1.0
2026-03-22T21:10:07.745-868789-830529,488,false,15.87888480706866,1,4817.46922834048,1.0,1.0
2026-03-22T21:10:07.745-868789-830529,954,false,0.20163832082741295,1,4817.46922834048,1.0,1.0
2026-03-22T21:10:07.745-868789-830529,38,false,33.6286399156862,1,4817.46922834048,1.0,1.0
2026-03-22T21:10:07.745-868789-830529,368,false,3.2292111866489686,1,4817.46922834048,1.0,1.0
2026-03-22T21:10:07.745-868789-830529,968,false,1.9818828503161432,1,4817.46922834048,1.0,1.0
2026-03-22T21:10:07.745-868789-830529,85,false,32.58839872059395,1,4817.46922834048,1.0,1.0
2026-03-22T21:10:07.745-868789-830529,540,false,3.830443141201243,1,4817.46922834048,1.0,1.0
2026-03-22T21:10:07.745-868789-830529,987,false,109.14781184661186,1,4817.46922834048,1.0,1.0
2026-03-22T21:10:07.745-868789-830529,520,true,0.9147584853754687,1,4816.554469855105,1.0,0.999
2026-03-22T21:10:07.745-868789-830529,877,false,1.2321472925565593,1,4816.554469855105,1.0,1.0
2026-03-22T21:10:07.745-868789-830529,728,false,10.237490589559245,1,4816.554469855105,1.0,1.0
2026-03-22T21:10:07.745-868789-830529,666,false,4.853311201130734,1,4816.554469855105,1.0,1.0
2026-03-22T21:10:07.745-868789-830529,756,false,1.7845899909329859,1,4816.554469855105,1.0,1.0
2026-03-22T21:10:07.745-868789-830529,544,false,0.5803423464600885,1,4816.554469855105,1.0,1.0
2026-03-22T21:10:07.745-868789-830529,962,false,1.92800523898387,1,4816.554469855105,1.0,1.0
2026-03-22T21:10:07.745-868789-830529,169,false,14.080163621122402,1,4816.554469855105,1.0,1.0
2026-03-22T21:10:07.745-868789-830529,431,true,0.9470190163448796,1,4815.60745083876,1.0,0.69
2026-03-22T21:10:07.745-868789-830529,663,true,1.9196341575889744,1,4813.687816681171,1.0,0.999
2026-03-22T21:10:07.745-868789-830529,746,false,5.764063241914156,1,4813.687816681171,1.0,1.0
2026-03-22T21:10:07.745-868789-830529,440,false,0.4183258811865488,1,4813.687816681171,1.0,1.0
2026-03-22T21:10:07.745-868789-830529,953,false,6.996082293602559,1,4813.687816681171,1.0,1.0
2026-03-22T21:10:07.745-868789-830529,940,false,0.554039488232774,1,4813.687816681171,1.0,1.0
2026-03-22T21:10:07.745-868789-830529,938,false,1.578615955217456,1,4813.687816681171,1.0,1.0
2026-03-22T21:10:07.745-868789-830529,914,false,0.014529144587321328,1,4813.687816681171,1.0,1.0
2026-03-22T21:10:07.745-868789-830529,292,false,1.8811329195459243,1,4813.687816681171,1.0,1.0
2026-03-22T21:10:07.745-868789-830529,110,false,1.9682426310574697,1,4813.687816681171,1.0,1.0
2026-03-22T21:10:07.745-868789-830529,8,true,5.114860721136675,1,4808.572955960034,1.0,0.8049999999999999
2026-03-22T21:10:07.745-868789-830529,69,false,1.9329510235468617,1,4808.572955960034,1.0,1.0
2026-03-22T21:10:07.745-868789-830529,667,false,4.131089360020147,1,4808.572955960034,1.0,1.0
2026-03-22T21:10:07.745-868789-830529,484,false,3.1579274647909927,1,4808.572955960034,1.0,1.0
2026-03-22T21:10:07.745-868789-830529,882,false,0.5562889715614332,1,4808.572955960034,1.0,1.0
2026-03-22T21:10:07.745-868789-830529,203,false,6.511523211040761,1,4808.572955960034,1.0,1.0
2026-03-22T21:10:07.745-868789-830529,995,false,4.670046626866866,1,4808.572955960034,1.0,1.0
2026-03-22T21:10:07.745-868789-830529,122,false,1.7774181266473252,1,4808.572955960034,1.0,1.0
2026-03-22T21:10:07.745-868789-830529,434,true,28.50521091497917,1,4780.067745045055,1.0,0.6819999999999999
2026-03-22T21:10:07.745-868789-830529,714,true,1.4316784250778614,1,4778.636066619977,1.0,0.999
2026-03-22T21:10:07.745-868789-830529,192,true,3.9663882975259424,1,4774.669678322452,1.0,0.999
2026-03-22T21:10:07.745-868789-830529,514,false,0.03370656434357674,1,4774.669678322452,1.0,1.0
2026-03-22T21:10:07.745-868789-830529,176,false,3.19122118185985,1,4774.669678322452,1.0,1.0
2026-03-22T21:10:07.745-868789-830529,17,false,1.6271153641982352,1,4774.669678322452,1.0,1.0
2026-03-22T21:10:07.745-868789-830529,924,false,1.549691332549151,1,4774.669678322452,1.0,1.0
2026-03-22T21:10:07.745-868789-830529,509,false,27.691181623979624,1,4774.669678322452,1.0,1.0
2026-03-22T21:10:07.745-868789-830529,960,false,3.682757222774134,1,4774.669678322452,1.0,1.0
2026-03-22T21:10:07.745-868789-830529,441,false,1.738468702738256,1,4774.669678322452,1.0,1.0
2026-03-22T21:10:07.745-868789-830529,175,true,0.304920786283086,1,4774.364757536168,1.0,0.999
2026-03-22T21:10:07.745-868789-830529,997,false,2.570825798066058,1,4774.364757536168,1.0,1.0
2026-03-22T21:10:07.745-868789-830529,134,false,5.851042103548812,1,4774.364757536168,1.0,1.0
2026-03-22T21:10:07.745-868789-830529,349,false,25.276286816348886,1,4774.364757536168,1.0,1.0
2026-03-22T21:10:07.745-868789-830529,724,false,6.353187003530912,1,4774.364757536168,1.0,1.0
2026-03-22T21:10:07.745-868789-830529,317,false,22.266589975826736,1,4774.364757536168,1.0,1.0
2026-03-22T21:10:07.745-868789-830529,35,false,0.2283367210793087,1,4774.364757536168,1.0,1.0
2026-03-22T21:10:07.745-868789-830529,539,false,0.01355023825288725,1,4774.364757536168,1.0,1.0
2026-03-22T21:10:07.745-868789-830529,964,false,0.6112547908775445,1,4774.364757536168,1.0,1.0
2026-03-22T21:10:07.745-868789-830529,141,false,0.22835734173288333,1,4774.364757536168,1.0,1.0
2026-03-22T21:10:07.745-868789-830529,800,false,0.14371646160083756,1,4774.364757536168,1.0,1.0
2026-03-22T21:10:07.745-868789-830529,370,false,4.596098475033993,1,4774.364757536168,1.0,1.0
2026-03-22T21:10:07.745-868789-830529,683,false,0.04672682296204168,1,4774.364757536168,1.0,1.0
2026-03-22T21:10:07.745-868789-830529,334,false,15.009297784732338,1,4774.364757536168,1.0,1.0
2026-03-22T21:10:07.745-868789-830529,608,true,0.7900750943982651,1,4773.57468244177,1.0,0.999
2026-03-22T21:10:07.745-868789-830529,658,false,5.084123113207749,1,4773.57468244177,1.0,1.0
2026-03-22T21:10:07.745-868789-830529,226,false,0.6317549281791947,1,4773.57468244177,1.0,1.0
2026-03-22T21:10:07.745-868789-830529,682,true,3.9321228358265192,1,4769.6425596059435,1.0,0.18500000000000005
2026-03-22T21:10:07.745-868789-830529,315,false,0.5594068116089964,1,4769.6425596059435,1.0,1.0
2026-03-22T21:10:07.745-868789-830529,673,false,8.408785671741649,1,4769.6425596059435,1.0,1.0
2026-03-22T21:10:07.745-868789-830529,825,false,0.5994173208138014,1,4769.6425596059435,1.0,1.0
2026-03-22T21:10:07.745-868789-830529,336,false,0.7326172426412934,1,4769.6425596059435,1.0,1.0
2026-03-22T21:10:07.745-868789-830529,304,false,0.024104968560416218,1,4769.6425596059435,1.0,1.0
2026-03-22T21:10:07.745-868789-830529,942,false,0.48183876552132276,1,4769.6425596059435,1.0,1.0
2026-03-22T21:10:07.745-868789-830529,433,true,124.09265918753213,1,4645.549900418411,1.0,0.018000000000000016
2026-03-22T21:10:07.745-868789-830529,463,false,50.60166085207443,1,4645.549900418411,1.0,1.0
2026-03-22T21:10:07.745-868789-830529,774,false,0.6343102764363339,1,4645.549900418411,1.0,1.0
2026-03-22T21:10:07.745-868789-830529,465,false,37.31703418656499,1,4645.549900418411,1.0,1.0
2026-03-22T21:10:07.745-868789-830529,926,false,10.778714304346291,1,4645.549900418411,1.0,1.0
2026-03-22T21:10:07.745-868789-830529,482,false,2.13590981985799,1,4645.549900418411,1.0,1.0
2026-03-22T21:10:07.745-868789-830529,739,false,16.376792167824867,1,4645.549900418411,1.0,1.0
2026-03-22T21:10:07.745-868789-830529,653,true,4.49301024691723,1,4641.056890171494,1.0,0.787
2026-03-22T21:10:07.745-868789-830529,831,false,1.9787934142401127,1,4641.056890171494,1.0,1.0
2026-03-22T21:10:07.745-868789-830529,101,false,0.26768064021823856,1,4641.056890171494,1.0,1.0
2026-03-22T21:10:07.745-868789-830529,781,false,26.33548944970082,1,4641.056890171494,1.0,1.0
2026-03-22T21:10:07.745-868789-830529,87,false,0.9557178924530058,1,4641.056890171494,1.0,1.0
2026-03-22T21:10:07.745-868789-830529,174,true,18.679982155390714,1,4622.376908016104,1.0,0.8049999999999999
2026-03-22T21:10:07.745-868789-830529,468,false,2.193407955097247,1,4622.376908016104,1.0,1.0
2026-03-22T21:10:07.745-868789-830529,592,false,61.38875618014552,1,4622.376908016104,1.0,1.0
2026-03-22T21:10:07.745-868789-830529,598,false,0.43849054148879035,1,4622.376908016104,1.0,1.0
2026-03-22T21:10:07.745-868789-830529,480,false,0.1925825647886487,1,4622.376908016104,1.0,1.0
2026-03-22T21:10:07.745-868789-830529,930,false,10.907542058212483,1,4622.376908016104,1.0,1.0
2026-03-22T21:10:07.745-868789-830529,102,false,4.0155425835565906,1,4622.376908016104,1.0,1.0
2026-03-22T21:10:07.745-868789-830529,156,false,2.580784819390157,1,4622.376908016104,1.0,1.0
2026-03-22T21:10:07.745-868789-830529,670,true,20.488666050390652,1,4601.888241965713,1.0,0.999
2026-03-22T21:10:07.745-868789-830529,362,true,198.1787613547011,1,4403.709480611012,1.0,0.999
2026-03-22T21:10:07.745-868789-830529,7,true,24.895969544051322,1,4378.81351106696,1.0,0.018000000000000016
2026-03-22T21:10:07.745-868789-830529,160,false,14.981545316628175,1,4378.81351106696,1.0,1.0
2026-03-22T21:10:07.745-868789-830529,386,true,2.412097673526985,1,4376.401413393433,1.0,0.655
2026-03-22T21:10:07.745-868789-830529,501,false,2.833408200025209,1,4376.401413393433,1.0,1.0
2026-03-22T21:10:07.745-868789-830529,402,false,1.3280724513931286,1,4376.401413393433,1.0,1.0
2026-03-22T21:10:07.745-868789-830529,44,false,22.894689650713893,1,4376.401413393433,1.0,1.0
2026-03-22T21:10:07.745-868789-830529,308,false,7.046527170818378,1,4376.401413393433,1.0,1.0
2026-03-22T21:10:07.745-868789-830529,950,false,0.9808888142762723,1,4376.401413393433,1.0,1.0
2026-03-22T21:10:07.745-868789-830529,886,false,0.1129754670662148,1,4376.401413393433,1.0,1.0
2026-03-22T21:10:07.745-868789-830529,857,true,0.9620124601604272,1,4375.439400933273,1.0,0.999
2026-03-22T21:10:07.745-868789-830529,577,false,9.286577289591774,1,4375.439400933273,1.0,1.0
2026-03-22T21:10:07.745-868789-830529,873,false,4.24511782847443,1,4375.439400933273,1.0,1.0
2026-03-22T21:10:07.745-868789-830529,419,false,0.15777623062541116,1,4375.439400933273,1.0,1.0
2026-03-22T21:10:07.745-868789-830529,929,false,3.7564924673239113,1,4375.439400933273,1.0,1.0
2026-03-22T21:10:07.745-868789-830529,234,false,16.461212379892228,1,4375.439400933273,1.0,1.0
2026-03-22T21:10:07.745-868789-830529,487,false,1.087173980890657,1,4375.439400933273,1.0,1.0
2026-03-22T21:10:07.745-868789-830529,316,false,2.156093125024255,1,4375.439400933273,1.0,1.0
2026-03-22T21:10:07.745-868789-830529,455,false,8.393646263304628,1,4375.439400933273,1.0,1.0
2026-03-22T21:10:07.745-868789-830529,611,true,155.77176307591245,1,4219.66763785736,1.0,0.759
2026-03-22T21:10:07.745-868789-830529,685,true,97.46607892607716,1,4122.201558931283,1.0,0.86
2026-03-22T21:10:07.745-868789-830529,479,false,0.7768191487422778,1,4122.201558931283,1.0,1.0
2026-03-22T21:10:07.745-868789-830529,636,true,37.06572160808934,1,4085.1358373231938,1.0,0.999
2026-03-22T21:10:07.745-868789-830529,312,true,5.628010603715868,1,4079.507826719478,1.0,0.999
2026-03-22T21:10:07.745-868789-830529,629,false,2.858486796197537,1,4079.507826719478,1.0,1.0
2026-03-22T21:10:07.745-868789-830529,638,true,5.946178009614786,1,4073.561648709863,1.0,0.685
2026-03-22T21:10:07.745-868789-830529,80,false,1.9336244382808612,1,4073.561648709863,1.0,1.0
2026-03-22T21:10:07.745-868789-830529,842,false,95.42383598246384,1,4073.561648709863,1.0,1.0
2026-03-22T21:10:07.745-868789-830529,740,false,25.47671141399481,1,4073.561648709863,1.0,1.0
2026-03-22T21:10:07.745-868789-830529,959,false,1.7398250079000337,1,4073.561648709863,1.0,1.0
2026-03-22T21:10:07.745-868789-830529,660,false,0.05882535868357492,1,4073.561648709863,1.0,1.0
2026-03-22T21:10:07.745-868789-830529,919,false,0.17483465792637848,1,4073.561648709863,1.0,1.0
2026-03-22T21:10:07.745-868789-830529,677,true,4.820129768823654,1,4068.7415189410394,1.0,0.8029999999999999
2026-03-22T21:10:07.745-868789-830529,236,false,6.8493035973522325,1,4068.7415189410394,1.0,1.0
2026-03-22T21:10:07.745-868789-830529,593,false,9.053200100489079,1,4068.7415189410394,1.0,1.0
2026-03-22T21:10:07.745-868789-830529,251,false,9.525447002292234,1,4068.7415189410394,1.0,1.0
2026-03-22T21:10:07.745-868789-830529,821,false,94.72593315992766,1,4068.7415189410394,1.0,1.0
2026-03-22T21:10:07.745-868789-830529,187,false,8.369017187589174,1,4068.7415189410394,1.0,1.0
2026-03-22T21:10:07.745-868789-830529,50,false,107.94698865914108,1,4068.7415189410394,1.0,1.0
2026-03-22T21:10:07.745-868789-830529,965,false,0.8735820647021878,1,4068.7415189410394,1.0,1.0
2026-03-22T21:10:07.745-868789-830529,171,true,0.28967842559800133,1,4068.4518405154413,1.0,0.694
2026-03-22T21:10:07.745-868789-830529,627,false,0.7292674042785972,1,4068.4518405154413,1.0,1.0
2026-03-22T21:10:07.745-868789-830529,195,true,2.025372382274785,1,4066.4264681331665,1.0,0.6930000000000001
2026-03-22T21:10:07.745-868789-830529,565,false,0.2730156661979963,1,4066.4264681331665,1.0,1.0
2026-03-22T21:10:07.745-868789-830529,224,false,6.464108311106181,1,4066.4264681331665,1.0,1.0
2026-03-22T21:10:07.745-868789-830529,828,false,20.957184149276134,1,4066.4264681331665,1.0,1.0
2026-03-22T21:10:07.745-868789-830529,213,false,0.23355374219153233,1,4066.4264681331665,1.0,1.0
2026-03-22T21:10:07.745-868789-830529,381,false,2.0292603793873427,1,4066.4264681331665,1.0,1.0
2026-03-22T21:10:07.745-868789-830529,286,false,0.016092890403342434,1,4066.4264681331665,1.0,1.0
2026-03-22T21:10:07.745-868789-830529,654,true,2.8258577547865467,1,4063.6006103783798,1.0,0.665
2026-03-22T21:10:07.745-868789-830529,867,false,1.7937407892909016,1,4063.6006103783798,1.0,1.0
2026-03-22T21:10:07.745-868789-830529,182,false,23.293889767044675,1,4063.6006103783798,1.0,1.0
2026-03-22T21:10:07.745-868789-830529,585,false,23.264235887571388,1,4063.6006103783798,1.0,1.0
2026-03-22T21:10:07.745-868789-830529,244,false,0.0404801189664052,1,4063.6006103783798,1.0,1.0
2026-03-22T21:10:07.745-868789-830529,518,false,0.08804145780194761,1,4063.6006103783798,1.0,1.0
2026-03-22T21:10:07.745-868789-830529,400,true,1.0581267598442112,1,4062.5424836185357,1.0,0.999
2026-03-22T21:10:07.745-868789-830529,382,false,1.4765115362872099,1,4062.5424836185357,1.0,1.0
2026-03-22T21:10:07.745-868789-830529,893,false,9.58036819646566,1,4062.5424836185357,1.0,1.0
2026-03-22T21:10:07.745-868789-830529,932,true,13.421784706488257,1,4049.1206989120474,1.0,0.6799999999999999
2026-03-22T21:10:07.745-868789-830529,971,false,21.84110922298357,1,4049.1206989120474,1.0,1.0
2026-03-22T21:10:07.745-868789-830529,354,false,2.9619215293545977,1,4049.1206989120474,1.0,1.0
2026-03-22T21:10:07.745-868789-830529,230,false,86.43768749513625,1,4049.1206989120474,1.0,1.0
2026-03-22T21:10:07.745-868789-830529,943,false,1.1240795828167172,1,4049.1206989120474,1.0,1.0
2026-03-22T21:10:07.745-868789-830529,108,false,1.1551592018155004,1,4049.1206989120474,1.0,1.0
2026-03-22T21:10:07.745-868789-830529,103,false,9.978962348869215,1,4049.1206989120474,1.0,1.0
2026-03-22T21:10:07.745-868789-830529,129,true,3.167454593815734,1,4045.9532443182316,1.0,0.999
2026-03-22T21:10:07.745-868789-830529,477,false,0.6401739840531553,1,4045.9532443182316,1.0,1.0
2026-03-22T21:10:07.745-868789-830529,28,false,0.8523644230991708,1,4045.9532443182316,1.0,1.0
2026-03-22T21:10:07.745-868789-830529,600,false,1.8538205042079752,1,4045.9532443182316,1.0,1.0
2026-03-22T21:10:07.745-868789-830529,343,false,0.43653101504751546,1,4045.9532443182316,1.0,1.0
2026-03-22T21:10:07.745-868789-830529,235,false,24.674568167421455,1,4045.9532443182316,1.0,1.0
2026-03-22T21:10:07.745-868789-830529,322,false,5.9489082592725815,1,4045.9532443182316,1.0,1.0
2026-03-22T21:10:07.745-868789-830529,549,false,3.812042012951503,1,4045.9532443182316,1.0,1.0
2026-03-22T21:10:07.745-868789-830529,659,false,0.02571974941289777,1,4045.9532443182316,1.0,1.0
2026-03-22T21:10:07.745-868789-830529,684,true,7.765346219290581,1,4038.187898098941,1.0,0.0
2026-03-22T21:10:07.745-868789-830529,476,false,179.1685164719812,1,4038.187898098941,1.0,1.0
2026-03-22T21:10:07.745-868789-830529,967,false,15.747897444136619,1,4038.187898098941,1.0,1.0
2026-03-22T21:10:07.745-868789-830529,843,false,0.40288624194921746,1,4038.187898098941,1.0,1.0
2026-03-22T21:10:07.745-868789-830529,510,false,26.606974803688004,1,4038.187898098941,1.0,1.0
2026-03-22T21:10:07.745-868789-830529,396,false,0.625986689210854,1,4038.187898098941,1.0,1.0
2026-03-22T21:10:07.745-868789-830529,532,false,372.67852634065855,1,4038.187898098941,1.0,1.0
2026-03-22T21:10:07.745-868789-830529,123,true,2.9424785992801663,1,4035.245419499661,1.0,0.999
2026-03-22T21:10:07.745-868789-830529,899,false,1.4839800051333776,1,4035.245419499661,1.0,1.0
2026-03-22T21:10:07.745-868789-830529,225,true,0.4907253070953587,1,4034.7546941925652,1.0,0.7989999999999999
2026-03-22T21:10:07.745-868789-830529,985,false,5.595118954845472,1,4034.7546941925652,1.0,1.0
2026-03-22T21:10:07.745-868789-830529,457,false,0.6471397253696021,1,4034.7546941925652,1.0,1.0
2026-03-22T21:10:07.745-868789-830529,836,true,2505.1863183866535,1,1529.5683758059117,1.0,0.996
2026-03-22T21:10:07.745-868789-830529,206,false,134.30735062475677,1,1529.5683758059117,1.0,1.0
2026-03-22T21:10:07.745-868789-830529,311,true,2.24689636199604,1,1527.3214794439157,1.0,0.7090000000000001
2026-03-22T21:10:07.745-868789-830529,610,true,19.790109474396168,1,1507.5313699695196,1.0,0.006000000000000005
2026-03-22T21:10:07.745-868789-830529,976,false,56.1651168419216,1,1507.5313699695196,1.0,1.0
2026-03-22T21:10:07.745-868789-830529,51,false,4.912301282250512,1,1507.5313699695196,1.0,1.0
2026-03-22T21:10:07.745-868789-830529,642,false,4.787623806106771,1,1507.5313699695196,1.0,1.0
2026-03-22T21:10:07.745-868789-830529,86,false,17.467449679803135,1,1507.5313699695196,1.0,1.0
2026-03-22T21:10:07.745-868789-830529,763,false,0.04857947903210086,1,1507.5313699695196,1.0,1.0
2026-03-22T21:10:07.745-868789-830529,786,true,324.2433975533716,1,1183.287972416148,1.0,0.774
2026-03-22T21:10:07.745-868789-830529,474,false,0.11865907845650964,1,1183.287972416148,1.0,1.0
2026-03-22T21:10:07.745-868789-830529,289,false,4.1754985262367565,1,1183.287972416148,1.0,1.0
2026-03-22T21:10:07.745-868789-830529,92,false,1.3675639177620997,1,1183.287972416148,1.0,1.0
2026-03-22T21:10:07.745-868789-830529,881,false,0.22636997331488443,1,1183.287972416148,1.0,1.0
2026-03-22T21:10:07.745-868789-830529,617,false,132.5230123855755,1,1183.287972416148,1.0,1.0
2026-03-22T21:10:07.745-868789-830529,730,false,16.22012183487734,1,1183.287972416148,1.0,1.0
2026-03-22T21:10:07.745-868789-830529,553,false,20.606419587478083,1,1183.287972416148,1.0,1.0
2026-03-22T21:10:07.745-868789-830529,365,true,60.44123019709658,1,1122.8467422190515,1.0,0.654
2026-03-22T21:10:07.745-868789-830529,473,false,8.654477398820983,1,1122.8467422190515,1.0,1.0
2026-03-22T21:10:07.745-868789-830529,708,true,67.490400178325,1,1055.3563420407265,1.0,0.7
2026-03-22T21:10:07.745-868789-830529,743,false,29.704782119515414,1,1055.3563420407265,1.0,1.0
2026-03-22T21:10:07.745-868789-830529,146,false,4.987575745717022,1,1055.3563420407265,1.0,1.0
2026-03-22T21:10:07.745-868789-830529,282,false,0.4606360231890899,1,1055.3563420407265,1.0,1.0
2026-03-22T21:10:07.745-868789-830529,393,false,39.18768346636411,1,1055.3563420407265,1.0,1.0
2026-03-22T21:10:07.745-868789-830529,190,true,2.283285200224011,1,1053.0730568405024,1.0,0.781
2026-03-22T21:10:07.745-868789-830529,754,false,0.7034882540288661,1,1053.0730568405024,1.0,1.0
2026-03-22T21:10:07.745-868789-830529,89,false,3.6608003263121813,1,1053.0730568405024,1.0,1.0
2026-03-22T21:10:07.745-868789-830529,94,false,1.3040869796569399,1,1053.0730568405024,1.0,1.0
2026-03-22T21:10:07.745-868789-830529,436,true,3.137984201344468,1,1049.9350726391579,1.0,0.013000000000000012
2026-03-22T21:10:07.745-868789-830529,552,false,2.8308683863414705,1,1049.9350726391579,1.0,1.0
2026-03-22T21:10:07.745-868789-830529,276,false,0.4642344147952193,1,1049.9350726391579,1.0,1.0
2026-03-22T21:10:07.745-868789-830529,528,false,15.234966306604857,1,1049.9350726391579,1.0,1.0
2026-03-22T21:10:07.745-868789-830529,341,false,6.9920600179118075,1,1049.9350726391579,1.0,1.0
2026-03-22T21:10:07.745-868789-830529,325,false,0.31277364536009916,1,1049.9350726391579,1.0,1.0
2026-03-22T21:10:07.745-868789-830529,359,true,0.49676347792538994,1,1049.4383091612324,1.0,0.06399999999999995
2026-03-22T21:10:07.745-868789-830529,918,false,1.2388256465760341,1,1049.4383091612324,1.0,1.0
2026-03-22T21:10:07.745-868789-830529,363,true,1.7719629965192745,1,1047.666346164713,1.0,0.013000000000000012
2026-03-22T21:10:07.745-868789-830529,145,false,0.32194052856363486,1,1047.666346164713,1.0,1.0
2026-03-22T21:10:07.745-868789-830529,779,false,9.238097853998942,1,1047.666346164713,1.0,1.0
2026-03-22T21:10:07.745-868789-830529,581,false,0.703529736010683,1,1047.666346164713,1.0,1.0
2026-03-22T21:10:07.745-868789-830529,53,false,1.5135692145527262,1,1047.666346164713,1.0,1.0
2026-03-22T21:10:07.745-868789-830529,111,false,88.29322988230696,1,1047.666346164713,1.0,1.0
2026-03-22T21:10:07.745-868789-830529,567,false,1.6174828591812278,1,1047.666346164713,1.0,1.0
2026-03-22T21:10:07.745-868789-830529,221,false,14.892470721165846,1,1047.666346164713,1.0,1.0
2026-03-22T21:10:07.745-868789-830529,263,false,8.813469440110628,1,1047.666346164713,1.0,1.0
2026-03-22T21:10:07.745-868789-830529,994,false,11.658479167996274,1,1047.666346164713,1.0,1.0
2026-03-22T21:10:07.745-868789-830529,237,false,0.56825730176877,1,1047.666346164713,1.0,1.0
2026-03-22T21:10:07.745-868789-830529,557,false,12.146302903448285,1,1047.666346164713,1.0,1.0
2026-03-22T21:10:07.745-868789-830529,366,true,1.3448266651386143,1,1046.3215194995744,1.0,0.019000000000000017
2026-03-22T21:10:07.745-868789-830529,462,false,1.7183228412567924,1,1046.3215194995744,1.0,1.0
2026-03-22T21:10:07.745-868789-830529,271,false,2.239820574796984,1,1046.3215194995744,1.0,1.0
2026-03-22T21:10:07.745-868789-830529,467,false,0.165936286649068,1,1046.3215194995744,1.0,1.0
2026-03-22T21:10:07.745-868789-830529,323,false,1.7023223064081712,1,1046.3215194995744,1.0,1.0
2026-03-22T21:10:07.745-868789-830529,409,false,0.19609759132679985,1,1046.3215194995744,1.0,1.0
2026-03-22T21:10:07.745-868789-830529,139,false,17.827114897426476,1,1046.3215194995744,1.0,1.0
2026-03-22T21:10:07.745-868789-830529,161,false,45.230623690528546,1,1046.3215194995744,1.0,1.0
2026-03-22T21:10:07.745-868789-830529,112,false,0.9350346875036295,1,1046.3215194995744,1.0,1.0
2026-03-22T21:10:07.745-868789-830529,620,false,0.8621561211590375,1,1046.3215194995744,1.0,1.0
2026-03-22T21:10:07.745-868789-830529,66,false,0.5999174230110853,1,1046.3215194995744,1.0,1.0
2026-03-22T21:10:07.745-868789-830529,999,false,0.16094259979751832,1,1046.3215194995744,1.0,1.0
2026-03-22T21:10:07.745-868789-830529,630,false,0.28184475248655083,1,1046.3215194995744,1.0,1.0
2026-03-22T21:10:07.745-868789-830529,240,false,19.996829509165472,1,1046.3215194995744,1.0,1.0
2026-03-22T21:10:07.745-868789-830529,906,true,15.626396266796847,1,1030.6951232327776,1.0,0.6699999999999999
2026-03-22T21:10:07.745-868789-830529,846,false,0.1912326036776563,1,1030.6951232327776,1.0,1.0
2026-03-22T21:10:07.745-868789-830529,851,false,0.03378143069333887,1,1030.6951232327776,1.0,1.0
2026-03-22T21:10:07.745-868789-830529,605,true,239.33815288833537,1,791.3569703444423,1.0,0.647
2026-03-22T21:10:07.745-868789-830529,687,true,0.21404531071650754,1,791.1429250337258,1.0,0.08099999999999996
2026-03-22T21:10:07.745-868789-830529,546,true,2.498926591926451,1,788.6439984417993,1.0,0.784
2026-03-22T21:10:07.745-868789-830529,65,true,210.09001420735942,1,578.5539842344399,1.0,0.753
2026-03-22T21:10:07.745-868789-830529,14,false,7.076730200499357,1,578.5539842344399,1.0,1.0
2026-03-22T21:10:07.745-868789-830529,732,false,0.12518640402282638,1,578.5539842344399,1.0,1.0
2026-03-22T21:10:07.745-868789-830529,170,true,0.26424768623372125,1,578.2897365482062,1.0,0.836
2026-03-22T21:10:07.745-868789-830529,481,false,4.053573427259978,1,578.2897365482062,1.0,1.0
2026-03-22T21:10:07.745-868789-830529,949,false,4.554229641107255,1,578.2897365482062,1.0,1.0
2026-03-22T21:10:07.745-868789-830529,390,true,14.039621179247003,1,564.2501153689592,1.0,0.671
2026-03-22T21:10:07.745-868789-830529,166,false,0.07748605610725097,1,564.2501153689592,1.0,1.0
2026-03-22T21:10:07.745-868789-830529,22,false,0.09543995009301809,1,564.2501153689592,1.0,1.0
2026-03-22T21:10:07.745-868789-830529,228,true,1.0678861971308307,1,563.1822291718283,1.0,0.69
2026-03-22T21:10:07.745-868789-830529,898,false,15.847215554244555,1,563.1822291718283,1.0,1.0
2026-03-22T21:10:07.745-868789-830529,258,false,5.431352646299578,1,563.1822291718283,1.0,1.0
2026-03-22T21:10:07.745-868789-830529,138,false,0.03911602909893895,1,563.1822291718283,1.0,1.0
2026-03-22T21:10:07.745-868789-830529,310,true,1.465376047168736,1,561.7168531246596,1.0,0.0
2026-03-22T21:10:07.745-868789-830529,423,true,10.997551915926776,1,550.7193012087328,1.0,0.999
2026-03-22T21:10:07.745-868789-830529,722,false,58.83608631293779,1,550.7193012087328,1.0,1.0
2026-03-22T21:10:07.745-868789-830529,688,true,4.431237320906731,1,546.2880638878261,1.0,0.020000000000000018
2026-03-22T21:10:07.745-868789-830529,412,false,11.560266411913794,1,546.2880638878261,1.0,1.0
2026-03-22T21:10:07.745-868789-830529,560,true,1.6113629127305729,1,544.6767009750955,1.0,0.859
2026-03-22T21:10:07.745-868789-830529,270,true,0.8528209866176418,1,543.8238799884779,1.0,0.999
2026-03-22T21:10:07.745-868789-830529,399,true,0.8755760633473529,1,542.9483039251305,1.0,0.6819999999999999
2026-03-22T21:10:07.745-868789-830529,674,true,31.76951319380629,1,511.1787907313242,1.0,0.808
2026-03-22T21:10:07.745-868789-830529,247,false,52.15164136522265,1,511.1787907313242,1.0,1.0
2026-03-22T21:10:07.745-868789-830529,750,false,0.20417952561001976,1,511.1787907313242,1.0,1.0
2026-03-22T21:10:07.745-868789-830529,715,true,8.362946488238407,1,502.81584424308585,1.0,0.665
2026-03-22T21:10:07.745-868789-830529,889,false,17.875446217064265,1,502.81584424308585,1.0,1.0
2026-03-22T21:10:07.745-868789-830529,39,false,0.31984309016995105,1,502.81584424308585,1.0,1.0
2026-03-22T21:10:07.745-868789-830529,37,false,1.2416347963977905,1,502.81584424308585,1.0,1.0
2026-03-22T21:10:07.745-868789-830529,529,true,1.3484347973860042,1,501.46740944569984,1.0,0.999
2026-03-22T21:10:07.745-868789-830529,279,false,0.21945861545785314,1,501.46740944569984,1.0,1.0
2026-03-22T21:10:07.745-868789-830529,988,false,98.98321528848797,1,501.46740944569984,1.0,1.0
2026-03-22T21:10:07.745-868789-830529,975,false,0.19808971862249616,1,501.46740944569984,1.0,1.0
2026-03-22T21:10:07.745-868789-830529,970,false,0.05155917711925669,1,501.46740944569984,1.0,1.0
2026-03-22T21:10:07.745-868789-830529,356,true,32.37111415723901,1,469.09629528846085,1.0,0.01200000000000001
2026-03-22T21:10:07.745-868789-830529,628,false,2.2501866201273018,1,469.09629528846085,1.0,1.0
2026-03-22T21:10:07.745-868789-830529,582,false,18.128008551472124,1,469.09629528846085,1.0,1.0
2026-03-22T21:10:07.745-868789-830529,202,false,519.0718733973154,1,469.09629528846085,1.0,1.0
2026-03-22T21:10:07.745-868789-830529,760,true,0.6336610252626967,1,468.46263426319814,1.0,0.752
2026-03-22T21:10:07.745-868789-830529,834,true,830.5055302970818,1,-362.04289603388366,1.0,0.0020000000000000018
2026-03-22T21:10:07.745-705391-566772,55,false,26.775448458960664,1,4053.4189169321057,1.0,1.0
2026-03-22T21:10:07.745-705391-566772,711,false,67.16232331005891,1,4053.4189169321057,1.0,1.0
2026-03-22T21:10:07.745-705391-566772,939,false,0.5382403764566931,1,4053.4189169321057,1.0,1.0
2026-03-22T21:10:07.745-705391-566772,657,false,0.08765577252369557,1,4053.4189169321057,1.0,1.0
2026-03-22T21:10:07.745-705391-566772,348,false,0.49992855004003295,1,4053.4189169321057,1.0,1.0
2026-03-22T21:10:07.745-705391-566772,188,false,132.810363768449,1,4053.4189169321057,1.0,1.0
2026-03-22T21:10:07.745-705391-566772,415,false,2.1323820111586382,1,4053.4189169321057,1.0,1.0
2026-03-22T21:10:07.745-705391-566772,128,false,0.1321470395971316,1,4053.4189169321057,1.0,1.0
2026-03-22T21:10:07.745-705391-566772,317,false,1.275749966264462,1,4053.4189169321057,1.0,1.0
2026-03-22T21:10:07.745-705391-566772,330,false,2.761432585646215,1,4053.4189169321057,1.0,1.0
2026-03-22T21:10:07.745-705391-566772,77,false,3.6814451554921326,1,4053.4189169321057,1.0,1.0
2026-03-22T21:10:07.745-705391-566772,962,false,1.8061852794176574,1,4053.4189169321057,1.0,1.0
2026-03-22T21:10:07.745-705391-566772,921,false,1.4146971894389968,1,4053.4189169321057,1.0,1.0
2026-03-22T21:10:07.745-705391-566772,412,false,20.852155149437117,1,4053.4189169321057,1.0,1.0
2026-03-22T21:10:07.745-705391-566772,867,false,0.6958012497066478,1,4053.4189169321057,1.0,1.0
2026-03-22T21:10:07.745-705391-566772,527,false,326.2430424671285,1,4053.4189169321057,1.0,1.0
2026-03-22T21:10:07.745-705391-566772,449,false,8.919324324298799,1,4053.4189169321057,1.0,1.0
2026-03-22T21:10:07.745-705391-566772,738,false,1.7777955035734885,1,4053.4189169321057,1.0,1.0
2026-03-22T21:10:07.745-705391-566772,957,false,0.6142416188022196,1,4053.4189169321057,1.0,1.0
2026-03-22T21:10:07.745-705391-566772,473,true,0.33808719550151756,1,4053.0808297366043,1.0,0.706
2026-03-22T21:10:07.745-705391-566772,641,false,32.38376917191951,1,4053.0808297366043,1.0,1.0
2026-03-22T21:10:07.745-705391-566772,275,false,41.548547003477374,1,4053.0808297366043,1.0,1.0
2026-03-22T21:10:07.745-705391-566772,129,false,1.8674382067106896,1,4053.0808297366043,1.0,1.0
2026-03-22T21:10:07.745-705391-566772,194,false,0.17286877967085737,1,4053.0808297366043,1.0,1.0
2026-03-22T21:10:07.745-705391-566772,850,false,0.25874147035601086,1,4053.0808297366043,1.0,1.0
2026-03-22T21:10:07.745-705391-566772,950,false,0.2906942194386634,1,4053.0808297366043,1.0,1.0
2026-03-22T21:10:07.745-705391-566772,891,false,6.636122360533035,1,4053.0808297366043,1.0,1.0
2026-03-22T21:10:07.745-705391-566772,463,false,6.741404147007978,1,4053.0808297366043,1.0,1.0
2026-03-22T21:10:07.745-705391-566772,225,false,0.11018060862122957,1,4053.0808297366043,1.0,1.0
2026-03-22T21:10:07.745-705391-566772,418,false,0.5309409741501743,1,4053.0808297366043,1.0,1.0
2026-03-22T21:10:07.745-705391-566772,735,false,0.393313878790096,1,4053.0808297366043,1.0,1.0
2026-03-22T21:10:07.745-705391-566772,3,false,6.930616170909713,1,4053.0808297366043,1.0,1.0
2026-03-22T21:10:07.745-705391-566772,843,false,16.00450476530031,1,4053.0808297366043,1.0,1.0
2026-03-22T21:10:07.745-705391-566772,941,false,6.785153311060745,1,4053.0808297366043,1.0,1.0
2026-03-22T21:10:07.745-705391-566772,408,false,0.8874417940964936,1,4053.0808297366043,1.0,1.0
2026-03-22T21:10:07.745-705391-566772,431,false,2.8026692052520756,1,4053.0808297366043,1.0,1.0
2026-03-22T21:10:07.745-705391-566772,639,false,1.2066080919693882,1,4053.0808297366043,1.0,1.0
2026-03-22T21:10:07.745-705391-566772,562,false,1.028040907256136,1,4053.0808297366043,1.0,1.0
2026-03-22T21:10:07.745-705391-566772,984,false,0.571329801408348,1,4053.0808297366043,1.0,1.0
2026-03-22T21:10:07.745-705391-566772,59,false,0.019041666462398243,1,4053.0808297366043,1.0,1.0
2026-03-22T21:10:07.745-705391-566772,761,false,0.4819891944502774,1,4053.0808297366043,1.0,1.0
2026-03-22T21:10:07.745-705391-566772,662,false,68.29993060218092,1,4053.0808297366043,1.0,1.0
2026-03-22T21:10:07.745-705391-566772,613,false,0.4187054237347065,1,4053.0808297366043,1.0,1.0
2026-03-22T21:10:07.745-705391-566772,769,false,0.41693729046719424,1,4053.0808297366043,1.0,1.0
2026-03-22T21:10:07.745-705391-566772,636,false,37.89181026693182,1,4053.0808297366043,1.0,1.0
2026-03-22T21:10:07.745-705391-566772,381,false,6.550136177952692,1,4053.0808297366043,1.0,1.0
2026-03-22T21:10:07.745-705391-566772,226,false,0.2898548045410527,1,4053.0808297366043,1.0,1.0
2026-03-22T21:10:07.745-705391-566772,945,false,0.8020789100721744,1,4053.0808297366043,1.0,1.0
2026-03-22T21:10:07.745-705391-566772,829,false,8.844427921433748,1,4053.0808297366043,1.0,1.0
2026-03-22T21:10:07.745-705391-566772,934,false,0.007096822000976472,1,4053.0808297366043,1.0,1.0
2026-03-22T21:10:07.745-705391-566772,423,false,0.4775685860575959,1,4053.0808297366043,1.0,1.0
2026-03-22T21:10:07.745-705391-566772,444,false,0.1571131779473026,1,4053.0808297366043,1.0,1.0
2026-03-22T21:10:07.745-705391-566772,771,false,3.3252845588224904,1,4053.0808297366043,1.0,1.0
2026-03-22T21:10:07.745-705391-566772,879,false,4.927048796577631,1,4053.0808297366043,1.0,1.0
2026-03-22T21:10:07.745-705391-566772,951,false,1.0455125018524847,1,4053.0808297366043,1.0,1.0
2026-03-22T21:10:07.745-705391-566772,625,false,7.753171669860294,1,4053.0808297366043,1.0,1.0
2026-03-22T21:10:07.745-705391-566772,685,false,5.6780470117530495,1,4053.0808297366043,1.0,1.0
2026-03-22T21:10:07.745-705391-566772,526,false,3.523654674334309,1,4053.0808297366043,1.0,1.0
2026-03-22T21:10:07.745-705391-566772,61,false,0.3032919231341881,1,4053.0808297366043,1.0,1.0
2026-03-22T21:10:07.745-705391-566772,727,false,1.0065254087643425,1,4053.0808297366043,1.0,1.0
2026-03-22T21:10:07.745-705391-566772,855,false,8.255640940477324,1,4053.0808297366043,1.0,1.0
2026-03-22T21:10:07.745-705391-566772,66,false,2.1128981836384,1,4053.0808297366043,1.0,1.0
2026-03-22T21:10:07.745-705391-566772,915,false,31.791887634963707,1,4053.0808297366043,1.0,1.0
2026-03-22T21:10:07.745-705391-566772,764,false,2.370592721823537,1,4053.0808297366043,1.0,1.0
2026-03-22T21:10:07.745-705391-566772,247,false,2.434005694498513,1,4053.0808297366043,1.0,1.0
2026-03-22T21:10:07.745-705391-566772,361,false,7.328913931662084,1,4053.0808297366043,1.0,1.0
2026-03-22T21:10:07.745-705391-566772,467,false,4.141502142475956,1,4053.0808297366043,1.0,1.0
2026-03-22T21:10:07.745-705391-566772,406,false,0.10923884099556513,1,4053.0808297366043,1.0,1.0
2026-03-22T21:10:07.745-705391-566772,110,false,0.330806743424727,1,4053.0808297366043,1.0,1.0
2026-03-22T21:10:07.745-705391-566772,525,false,0.4170670102963931,1,4053.0808297366043,1.0,1.0
2026-03-22T21:10:07.745-705391-566772,364,false,0.8858721986548278,1,4053.0808297366043,1.0,1.0
2026-03-22T21:10:07.745-705391-566772,351,false,5.676057321852458,1,4053.0808297366043,1.0,1.0
2026-03-22T21:10:07.745-705391-566772,750,false,11.409985379340867,1,4053.0808297366043,1.0,1.0
2026-03-22T21:10:07.745-705391-566772,619,false,3.466401472818745,1,4053.0808297366043,1.0,1.0
2026-03-22T21:10:07.745-705391-566772,285,false,0.4820844545838496,1,4053.0808297366043,1.0,1.0
2026-03-22T21:10:07.745-705391-566772,170,false,2.4731718428692253,1,4053.0808297366043,1.0,1.0
2026-03-22T21:10:07.745-705391-566772,997,false,0.8314983865048666,1,4053.0808297366043,1.0,1.0
2026-03-22T21:10:07.745-705391-566772,522,false,13.858078665621129,1,4053.0808297366043,1.0,1.0
2026-03-22T21:10:07.745-705391-566772,182,false,12.925241725382168,1,4053.0808297366043,1.0,1.0
2026-03-22T21:10:07.745-705391-566772,328,false,1.350581687489538,1,4053.0808297366043,1.0,1.0
2026-03-22T21:10:07.745-705391-566772,347,false,3.2537470454654716,1,4053.0808297366043,1.0,1.0
2026-03-22T21:10:07.745-705391-566772,111,false,16.127333724619625,1,4053.0808297366043,1.0,1.0
2026-03-22T21:10:07.745-705391-566772,679,false,16.11957361686336,1,4053.0808297366043,1.0,1.0
2026-03-22T21:10:07.745-705391-566772,510,false,4.449930537085176,1,4053.0808297366043,1.0,1.0
2026-03-22T21:10:07.745-705391-566772,695,false,0.345276736900684,1,4053.0808297366043,1.0,1.0
2026-03-22T21:10:07.745-705391-566772,417,false,1.9030534865633018,1,4053.0808297366043,1.0,1.0
2026-03-22T21:10:07.745-705391-566772,725,false,84.8706771520772,1,4053.0808297366043,1.0,1.0
2026-03-22T21:10:07.745-705391-566772,813,false,0.6526505319886574,1,4053.0808297366043,1.0,1.0
2026-03-22T21:10:07.745-705391-566772,490,false,2.6861999315070095,1,4053.0808297366043,1.0,1.0
2026-03-22T21:10:07.745-705391-566772,336,false,0.808845693281614,1,4053.0808297366043,1.0,1.0
2026-03-22T21:10:07.745-705391-566772,109,false,22.38614626683396,1,4053.0808297366043,1.0,1.0
2026-03-22T21:10:07.745-705391-566772,34,false,5.194278231268618,1,4053.0808297366043,1.0,1.0
2026-03-22T21:10:07.745-705391-566772,7,false,2.3807179149716826,1,4053.0808297366043,1.0,1.0
2026-03-22T21:10:07.745-705391-566772,690,false,2.0954354044309507,1,4053.0808297366043,1.0,1.0
2026-03-22T21:10:07.745-705391-566772,389,false,127.23314061585369,1,4053.0808297366043,1.0,1.0
2026-03-22T21:10:07.745-705391-566772,882,false,39.82509748033517,1,4053.0808297366043,1.0,1.0
2026-03-22T21:10:07.745-705391-566772,571,false,65.82362662507163,1,4053.0808297366043,1.0,1.0
2026-03-22T21:10:07.745-705391-566772,626,false,26.493913200383716,1,4053.0808297366043,1.0,1.0
2026-03-22T21:10:07.745-705391-566772,420,false,0.15083740733717882,1,4053.0808297366043,1.0,1.0
2026-03-22T21:10:07.745-705391-566772,120,false,12.167791977623137,1,4053.0808297366043,1.0,1.0
2026-03-22T21:10:07.745-705391-566772,277,false,20.731679079252995,1,4053.0808297366043,1.0,1.0
2026-03-22T21:10:07.745-705391-566772,290,false,0.3447827267562331,1,4053.0808297366043,1.0,1.0
2026-03-22T21:10:07.745-705391-566772,892,false,50.624670525885286,1,4053.0808297366043,1.0,1.0
2026-03-22T21:10:07.745-705391-566772,217,false,0.3110879525521728,1,4053.0808297366043,1.0,1.0
2026-03-22T21:10:07.745-705391-566772,602,false,9.330866957876333,1,4053.0808297366043,1.0,1.0
2026-03-22T21:10:07.745-705391-566772,304,false,3.1232152693947035,1,4053.0808297366043,1.0,1.0
2026-03-22T21:10:07.745-705391-566772,851,false,18.437147832707378,1,4053.0808297366043,1.0,1.0
2026-03-22T21:10:07.745-705391-566772,793,false,4.043067272197129,1,4053.0808297366043,1.0,1.0
2026-03-22T21:10:07.745-705391-566772,256,false,3.2125988798050074,1,4053.0808297366043,1.0,1.0
2026-03-22T21:10:07.745-705391-566772,159,false,2.6210350632590202,1,4053.0808297366043,1.0,1.0
2026-03-22T21:10:07.745-705391-566772,17,false,2.1526570724308782,1,4053.0808297366043,1.0,1.0
2026-03-22T21:10:07.745-705391-566772,353,false,7.283520197008556,1,4053.0808297366043,1.0,1.0
2026-03-22T21:10:07.745-705391-566772,448,false,14.581373135492257,1,4053.0808297366043,1.0,1.0
2026-03-22T21:10:07.745-705391-566772,502,true,0.21910752417337406,1,4052.861722212431,1.0,0.891
2026-03-22T21:10:07.745-705391-566772,800,false,17.488888810694647,1,4052.861722212431,1.0,1.0
2026-03-22T21:10:07.745-705391-566772,732,false,0.12960871720093828,1,4052.861722212431,1.0,1.0
2026-03-22T21:10:07.745-705391-566772,262,false,19.309723574636372,1,4052.861722212431,1.0,1.0
2026-03-22T21:10:07.745-705391-566772,897,false,16.15133284645288,1,4052.861722212431,1.0,1.0
2026-03-22T21:10:07.745-705391-566772,564,false,81.54046986885098,1,4052.861722212431,1.0,1.0
2026-03-22T21:10:07.745-705391-566772,787,false,10.812181957717865,1,4052.861722212431,1.0,1.0
2026-03-22T21:10:07.745-705391-566772,405,false,1.8321728963631208,1,4052.861722212431,1.0,1.0
2026-03-22T21:10:07.745-705391-566772,517,false,0.35701966115335365,1,4052.861722212431,1.0,1.0
2026-03-22T21:10:07.745-705391-566772,457,false,5.136082121154161,1,4052.861722212431,1.0,1.0
2026-03-22T21:10:07.745-705391-566772,654,false,11.11827057770224,1,4052.861722212431,1.0,1.0
2026-03-22T21:10:07.745-705391-566772,887,false,3.5501642588508604,1,4052.861722212431,1.0,1.0
2026-03-22T21:10:07.745-705391-566772,512,false,1.9130726206441986,1,4052.861722212431,1.0,1.0
2026-03-22T21:10:07.745-705391-566772,5,false,13.249334300001705,1,4052.861722212431,1.0,1.0
2026-03-22T21:10:07.745-705391-566772,936,false,0.3029364839926084,1,4052.861722212431,1.0,1.0
2026-03-22T21:10:07.745-705391-566772,893,false,0.24291974517929102,1,4052.861722212431,1.0,1.0
2026-03-22T21:10:07.745-705391-566772,342,false,0.6202467495073115,1,4052.861722212431,1.0,1.0
2026-03-22T21:10:07.745-705391-566772,236,false,16.267666610030982,1,4052.861722212431,1.0,1.0
2026-03-22T21:10:07.745-705391-566772,833,false,1.266692978834421,1,4052.861722212431,1.0,1.0
2026-03-22T21:10:07.745-705391-566772,819,false,4.452157267909671,1,4052.861722212431,1.0,1.0
2026-03-22T21:10:07.745-705391-566772,712,false,1.4862083197948748,1,4052.861722212431,1.0,1.0
2026-03-22T21:10:07.745-705391-566772,987,false,0.21549488731606306,1,4052.861722212431,1.0,1.0
2026-03-22T21:10:07.745-705391-566772,259,false,0.2379764359793248,1,4052.861722212431,1.0,1.0
2026-03-22T21:10:07.745-705391-566772,973,false,36.935968713396555,1,4052.861722212431,1.0,1.0
2026-03-22T21:10:07.745-705391-566772,452,false,1.2318222398012013,1,4052.861722212431,1.0,1.0
2026-03-22T21:10:07.745-705391-566772,450,false,6.472906428916398,1,4052.861722212431,1.0,1.0
2026-03-22T21:10:07.745-705391-566772,981,false,4.865219618456861,1,4052.861722212431,1.0,1.0
2026-03-22T21:10:07.745-705391-566772,148,false,1.3582026209237192,1,4052.861722212431,1.0,1.0
2026-03-22T21:10:07.745-705391-566772,35,false,13.95902538344086,1,4052.861722212431,1.0,1.0
2026-03-22T21:10:07.745-705391-566772,890,false,0.33303708334343596,1,4052.861722212431,1.0,1.0
2026-03-22T21:10:07.745-705391-566772,970,false,0.8995120846238864,1,4052.861722212431,1.0,1.0
2026-03-22T21:10:07.745-705391-566772,949,false,0.07600120789018865,1,4052.861722212431,1.0,1.0
2026-03-22T21:10:07.745-705391-566772,430,false,13.286296179875958,1,4052.861722212431,1.0,1.0
2026-03-22T21:10:07.745-705391-566772,643,false,0.667471645643324,1,4052.861722212431,1.0,1.0
2026-03-22T21:10:07.745-705391-566772,586,false,0.16514595776901908,1,4052.861722212431,1.0,1.0
2026-03-22T21:10:07.745-705391-566772,338,false,49.02540082535722,1,4052.861722212431,1.0,1.0
2026-03-22T21:10:07.745-705391-566772,777,false,2.5498711884722227,1,4052.861722212431,1.0,1.0
2026-03-22T21:10:07.745-705391-566772,979,false,6.422436581110646,1,4052.861722212431,1.0,1.0
2026-03-22T21:10:07.745-705391-566772,651,false,140.3452938812975,1,4052.861722212431,1.0,1.0
2026-03-22T21:10:07.745-705391-566772,996,false,12.755798902525141,1,4052.861722212431,1.0,1.0
2026-03-22T21:10:07.745-705391-566772,286,false,20.776602574214632,1,4052.861722212431,1.0,1.0
2026-03-22T21:10:07.745-705391-566772,697,false,2.709862345215616,1,4052.861722212431,1.0,1.0
2026-03-22T21:10:07.745-705391-566772,752,false,0.49981598590001036,1,4052.861722212431,1.0,1.0
2026-03-22T21:10:07.745-705391-566772,239,false,0.5944433695756158,1,4052.861722212431,1.0,1.0
2026-03-22T21:10:07.745-705391-566772,385,false,3.2027893987886653,1,4052.861722212431,1.0,1.0
2026-03-22T21:10:07.745-705391-566772,776,false,5.3252095319409465,1,4052.861722212431,1.0,1.0
2026-03-22T21:10:07.745-705391-566772,43,false,0.8698448689844943,1,4052.861722212431,1.0,1.0
2026-03-22T21:10:07.745-705391-566772,884,false,0.6971444917764155,1,4052.861722212431,1.0,1.0
2026-03-22T21:10:07.745-705391-566772,886,false,70.74056312038397,1,4052.861722212431,1.0,1.0
2026-03-22T21:10:07.745-705391-566772,786,false,27.257283841482085,1,4052.861722212431,1.0,1.0
2026-03-22T21:10:07.745-705391-566772,766,false,0.2004092468442416,1,4052.861722212431,1.0,1.0
2026-03-22T21:10:07.745-705391-566772,516,false,6.730911073452621,1,4052.861722212431,1.0,1.0
2026-03-22T21:10:07.745-705391-566772,505,true,0.3428680340133247,1,4052.5188541784173,1.0,0.728
2026-03-22T21:10:07.745-705391-566772,206,false,0.8772221888712277,1,4052.5188541784173,1.0,1.0
2026-03-22T21:10:07.745-705391-566772,414,false,0.6494158637702558,1,4052.5188541784173,1.0,1.0
2026-03-22T21:10:07.745-705391-566772,309,false,9.29444427947593,1,4052.5188541784173,1.0,1.0
2026-03-22T21:10:07.745-705391-566772,849,false,0.17004464050548815,1,4052.5188541784173,1.0,1.0
2026-03-22T21:10:07.745-705391-566772,325,false,0.2927720760118918,1,4052.5188541784173,1.0,1.0
2026-03-22T21:10:07.745-705391-566772,200,false,6.148558671940507,1,4052.5188541784173,1.0,1.0
2026-03-22T21:10:07.745-705391-566772,894,false,0.7882880832752737,1,4052.5188541784173,1.0,1.0
2026-03-22T21:10:07.745-705391-566772,283,false,66.18792913634974,1,4052.5188541784173,1.0,1.0
2026-03-22T21:10:07.745-705391-566772,215,false,0.23049624596400156,1,4052.5188541784173,1.0,1.0
2026-03-22T21:10:07.745-705391-566772,195,false,105.57849673604775,1,4052.5188541784173,1.0,1.0
2026-03-22T21:10:07.745-705391-566772,137,false,1.2580643244544942,1,4052.5188541784173,1.0,1.0
2026-03-22T21:10:07.745-705391-566772,937,false,4.675348247321787,1,4052.5188541784173,1.0,1.0
2026-03-22T21:10:07.745-705391-566772,740,false,0.5344293216757185,1,4052.5188541784173,1.0,1.0
2026-03-22T21:10:07.745-705391-566772,376,false,0.058011716858659974,1,4052.5188541784173,1.0,1.0
2026-03-22T21:10:07.745-705391-566772,22,false,6.226169522227589,1,4052.5188541784173,1.0,1.0
2026-03-22T21:10:07.745-705391-566772,848,false,2.3634477488505445,1,4052.5188541784173,1.0,1.0
2026-03-22T21:10:07.745-705391-566772,579,false,10.291975563740372,1,4052.5188541784173,1.0,1.0
2026-03-22T21:10:07.745-705391-566772,228,false,2.6955399987022393,1,4052.5188541784173,1.0,1.0
2026-03-22T21:10:07.745-705391-566772,573,false,0.7674247868641857,1,4052.5188541784173,1.0,1.0
2026-03-22T21:10:07.745-705391-566772,107,false,9.547297215688893,1,4052.5188541784173,1.0,1.0
2026-03-22T21:10:07.745-705391-566772,989,false,0.1260853915943898,1,4052.5188541784173,1.0,1.0
2026-03-22T21:10:07.745-705391-566772,587,false,2.7397392714279922,1,4052.5188541784173,1.0,1.0
2026-03-22T21:10:07.745-705391-566772,390,false,60.33843311195316,1,4052.5188541784173,1.0,1.0
2026-03-22T21:10:07.745-705391-566772,911,false,5.7626864485151215,1,4052.5188541784173,1.0,1.0
2026-03-22T21:10:07.745-705391-566772,580,false,0.6216487695721509,1,4052.5188541784173,1.0,1.0
2026-03-22T21:10:07.745-705391-566772,506,true,2.016889607666353,1,4050.501964570751,1.0,0.949
2026-03-22T21:10:07.745-705391-566772,790,false,0.40068496684155347,1,4050.501964570751,1.0,1.0
2026-03-22T21:10:07.745-705391-566772,362,false,32.015273755784186,1,4050.501964570751,1.0,1.0
2026-03-22T21:10:07.745-705391-566772,482,true,25.11472811434918,1,4025.387236456402,1.0,0.869
2026-03-22T21:10:07.745-705391-566772,419,false,26.787555185252195,1,4025.387236456402,1.0,1.0
2026-03-22T21:10:07.745-705391-566772,70,false,4.787017607196713,1,4025.387236456402,1.0,1.0
2026-03-22T21:10:07.745-705391-566772,632,false,0.29698368226545074,1,4025.387236456402,1.0,1.0
2026-03-22T21:10:07.745-705391-566772,329,false,0.09276595937434375,1,4025.387236456402,1.0,1.0
2026-03-22T21:10:07.745-705391-566772,980,false,0.7682380558448235,1,4025.387236456402,1.0,1.0
2026-03-22T21:10:07.745-705391-566772,584,false,3.839632660076494,1,4025.387236456402,1.0,1.0
2026-03-22T21:10:07.745-705391-566772,104,false,1.4282404731212308,1,4025.387236456402,1.0,1.0
2026-03-22T21:10:07.745-705391-566772,999,false,3.7775031152107714,1,4025.387236456402,1.0,1.0
2026-03-22T21:10:07.745-705391-566772,189,false,0.3851920614042378,1,4025.387236456402,1.0,1.0
2026-03-22T21:10:07.745-705391-566772,515,false,20.607971758101662,1,4025.387236456402,1.0,1.0
2026-03-22T21:10:07.745-705391-566772,147,false,3.4066247741670526,1,4025.387236456402,1.0,1.0
2026-03-22T21:10:07.745-705391-566772,928,true,5.856659157946014,1,4019.530577298456,1.0,0.7130000000000001
2026-03-22T21:10:07.745-705391-566772,480,true,3.9075117518921014,1,4015.6230655465642,1.0,0.0
2026-03-22T21:10:07.745-705391-566772,296,false,4.855178922813361,1,4015.6230655465642,1.0,1.0
2026-03-22T21:10:07.745-705391-566772,460,false,2.4553073831541,1,4015.6230655465642,1.0,1.0
2026-03-22T21:10:07.745-705391-566772,144,false,4.555208240196926,1,4015.6230655465642,1.0,1.0
2026-03-22T21:10:07.745-705391-566772,102,false,3.517447393317081,1,4015.6230655465642,1.0,1.0
2026-03-22T21:10:07.745-705391-566772,702,false,56.73102836941645,1,4015.6230655465642,1.0,1.0
2026-03-22T21:10:07.745-705391-566772,204,false,0.2684757607740775,1,4015.6230655465642,1.0,1.0
2026-03-22T21:10:07.745-705391-566772,635,false,0.431077909853368,1,4015.6230655465642,1.0,1.0
2026-03-22T21:10:07.745-705391-566772,117,false,1.3706110720322968,1,4015.6230655465642,1.0,1.0
2026-03-22T21:10:07.745-705391-566772,809,false,0.6501838074642188,1,4015.6230655465642,1.0,1.0
2026-03-22T21:10:07.745-705391-566772,904,false,1.0226174415233098,1,4015.6230655465642,1.0,1.0
2026-03-22T21:10:07.745-705391-566772,622,false,0.1575760767817084,1,4015.6230655465642,1.0,1.0
2026-03-22T21:10:07.745-705391-566772,268,false,0.3303828188327724,1,4015.6230655465642,1.0,1.0
2026-03-22T21:10:07.745-705391-566772,645,false,1.3058545160305608,1,4015.6230655465642,1.0,1.0
2026-03-22T21:10:07.745-705391-566772,749,false,2.470333156901956,1,4015.6230655465642,1.0,1.0
2026-03-22T21:10:07.745-705391-566772,694,false,0.851505780918221,1,4015.6230655465642,1.0,1.0
2026-03-22T21:10:07.745-705391-566772,828,false,0.26403062674986444,1,4015.6230655465642,1.0,1.0
2026-03-22T21:10:07.745-705391-566772,37,false,3.7710278259098526,1,4015.6230655465642,1.0,1.0
2026-03-22T21:10:07.745-705391-566772,664,false,0.3503910594696029,1,4015.6230655465642,1.0,1.0
2026-03-22T21:10:07.745-705391-566772,425,false,3.1770473798994097,1,4015.6230655465642,1.0,1.0
2026-03-22T21:10:07.745-705391-566772,553,false,363.9031022723775,1,4015.6230655465642,1.0,1.0
2026-03-22T21:10:07.745-705391-566772,370,false,0.455275066291987,1,4015.6230655465642,1.0,1.0
2026-03-22T21:10:07.745-705391-566772,565,false,0.4492322018391292,1,4015.6230655465642,1.0,1.0
2026-03-22T21:10:07.745-705391-566772,546,false,2.4991772282140348,1,4015.6230655465642,1.0,1.0
2026-03-22T21:10:07.745-705391-566772,837,false,0.12885729389295025,1,4015.6230655465642,1.0,1.0
2026-03-22T21:10:07.745-705391-566772,705,false,29.140929599954855,1,4015.6230655465642,1.0,1.0
2026-03-22T21:10:07.745-705391-566772,778,false,284.7273320323958,1,4015.6230655465642,1.0,1.0
2026-03-22T21:10:07.745-705391-566772,240,false,0.527329924670112,1,4015.6230655465642,1.0,1.0
2026-03-22T21:10:07.745-705391-566772,142,false,7.534283353306548,1,4015.6230655465642,1.0,1.0
2026-03-22T21:10:07.745-705391-566772,691,false,0.6009050796701064,1,4015.6230655465642,1.0,1.0
2026-03-22T21:10:07.745-705391-566772,232,false,5.959537967209211,1,4015.6230655465642,1.0,1.0
2026-03-22T21:10:07.745-705391-566772,876,false,0.9706855480646489,1,4015.6230655465642,1.0,1.0
2026-03-22T21:10:07.745-705391-566772,964,false,0.44123899728534366,1,4015.6230655465642,1.0,1.0
2026-03-22T21:10:07.745-705391-566772,983,false,0.25346212988914496,1,4015.6230655465642,1.0,1.0
2026-03-22T21:10:07.745-705391-566772,91,false,4.687304173793552,1,4015.6230655465642,1.0,1.0
2026-03-22T21:10:07.745-705391-566772,543,false,3.868876328166667,1,4015.6230655465642,1.0,1.0
2026-03-22T21:10:07.745-705391-566772,498,false,0.013079484412033436,1,4015.6230655465642,1.0,1.0
2026-03-22T21:10:07.745-705391-566772,797,false,0.46206685204525955,1,4015.6230655465642,1.0,1.0
2026-03-22T21:10:07.745-705391-566772,838,false,10.811852478263996,1,4015.6230655465642,1.0,1.0
2026-03-22T21:10:07.745-705391-566772,29,false,0.35202063291612845,1,4015.6230655465642,1.0,1.0
2026-03-22T21:10:07.745-705391-566772,221,false,588.728943788081,1,4015.6230655465642,1.0,1.0
2026-03-22T21:10:07.745-705391-566772,183,false,1.6447601512828236,1,4015.6230655465642,1.0,1.0
2026-03-22T21:10:07.745-705391-566772,802,false,1.7804062089994082,1,4015.6230655465642,1.0,1.0
2026-03-22T21:10:07.745-705391-566772,67,false,10.875458038248189,1,4015.6230655465642,1.0,1.0
2026-03-22T21:10:07.745-705391-566772,433,false,1.026381735590014,1,4015.6230655465642,1.0,1.0
2026-03-22T21:10:07.745-705391-566772,331,false,0.20708443366499946,1,4015.6230655465642,1.0,1.0
2026-03-22T21:10:07.745-705391-566772,920,false,0.09209507866432091,1,4015.6230655465642,1.0,1.0
2026-03-22T21:10:07.745-705391-566772,698,false,8.07499668187817,1,4015.6230655465642,1.0,1.0
2026-03-22T21:10:07.745-705391-566772,745,false,11.837848664663941,1,4015.6230655465642,1.0,1.0
2026-03-22T21:10:07.745-705391-566772,303,false,6.36172500848262,1,4015.6230655465642,1.0,1.0
2026-03-22T21:10:07.745-705391-566772,898,false,0.8101217192482091,1,4015.6230655465642,1.0,1.0
2026-03-22T21:10:07.745-705391-566772,8,false,14.541265641952771,1,4015.6230655465642,1.0,1.0
2026-03-22T21:10:07.745-705391-566772,620,false,21.167221537717264,1,4015.6230655465642,1.0,1.0
2026-03-22T21:10:07.745-705391-566772,658,false,0.19562004430843122,1,4015.6230655465642,1.0,1.0
2026-03-22T21:10:07.745-705391-566772,972,false,2.278280159214959,1,4015.6230655465642,1.0,1.0
2026-03-22T21:10:07.745-705391-566772,870,false,5.653952157935257,1,4015.6230655465642,1.0,1.0
2026-03-22T21:10:07.745-705391-566772,115,false,2.1167816187586097,1,4015.6230655465642,1.0,1.0
2026-03-22T21:10:07.745-705391-566772,387,false,5.789493444050574,1,4015.6230655465642,1.0,1.0
2026-03-22T21:10:07.745-705391-566772,503,true,2.7019245021584344,1,4012.921141044406,1.0,0.0
2026-03-22T21:10:07.745-705391-566772,497,true,3.6989991332902505,1,4009.2221419111156,1.0,0.747
2026-03-22T21:10:07.745-705391-566772,618,false,4.8223786749418265,1,4009.2221419111156,1.0,1.0
2026-03-22T21:10:07.745-705391-566772,753,false,0.25270525260846893,1,4009.2221419111156,1.0,1.0
2026-03-22T21:10:07.745-705391-566772,535,false,3.73421247676535,1,4009.2221419111156,1.0,1.0
2026-03-22T21:10:07.745-705391-566772,48,false,34.87029790447723,1,4009.2221419111156,1.0,1.0
2026-03-22T21:10:07.745-705391-566772,280,false,1.5990784061136802,1,4009.2221419111156,1.0,1.0
2026-03-22T21:10:07.745-705391-566772,630,false,19.19266400727405,1,4009.2221419111156,1.0,1.0
2026-03-22T21:10:07.745-705391-566772,799,false,17.79894320560212,1,4009.2221419111156,1.0,1.0
2026-03-22T21:10:07.745-705391-566772,663,false,15.641613326251084,1,4009.2221419111156,1.0,1.0
2026-03-22T21:10:07.745-705391-566772,254,false,0.3050315348855947,1,4009.2221419111156,1.0,1.0
2026-03-22T21:10:07.745-705391-566772,550,false,16.35189291808195,1,4009.2221419111156,1.0,1.0
2026-03-22T21:10:07.745-705391-566772,424,false,0.25739216766247125,1,4009.2221419111156,1.0,1.0
2026-03-22T21:10:07.745-705391-566772,559,false,1.3203501525575263,1,4009.2221419111156,1.0,1.0
2026-03-22T21:10:07.745-705391-566772,248,false,22.624988306780395,1,4009.2221419111156,1.0,1.0
2026-03-22T21:10:07.745-705391-566772,399,false,3.457405009172285,1,4009.2221419111156,1.0,1.0
2026-03-22T21:10:07.745-705391-566772,991,false,99.17049944095847,1,4009.2221419111156,1.0,1.0
2026-03-22T21:10:07.745-705391-566772,352,false,1.6796278648784049,1,4009.2221419111156,1.0,1.0
2026-03-22T21:10:07.745-705391-566772,312,false,11.861556838198577,1,4009.2221419111156,1.0,1.0
2026-03-22T21:10:07.745-705391-566772,82,false,0.298340145381416,1,4009.2221419111156,1.0,1.0
2026-03-22T21:10:07.745-705391-566772,791,false,6.144871100041226,1,4009.2221419111156,1.0,1.0
2026-03-22T21:10:07.745-705391-566772,365,false,6.936500779413696,1,4009.2221419111156,1.0,1.0
2026-03-22T21:10:07.745-705391-566772,804,false,71.49841527799906,1,4009.2221419111156,1.0,1.0
2026-03-22T21:10:07.745-705391-566772,80,false,371.55167488519413,1,4009.2221419111156,1.0,1.0
2026-03-22T21:10:07.745-705391-566772,81,false,1.0218223919722658,1,4009.2221419111156,1.0,1.0
2026-03-22T21:10:07.745-705391-566772,126,false,2.761907801871941,1,4009.2221419111156,1.0,1.0
2026-03-22T21:10:07.745-705391-566772,990,false,0.2496569551154959,1,4009.2221419111156,1.0,1.0
2026-03-22T21:10:07.745-705391-566772,63,false,28.111636395315994,1,4009.2221419111156,1.0,1.0
2026-03-22T21:10:07.745-705391-566772,300,false,0.06273962160624028,1,4009.2221419111156,1.0,1.0
2026-03-22T21:10:07.745-705391-566772,634,false,2.0603372291878745,1,4009.2221419111156,1.0,1.0
2026-03-22T21:10:07.745-705391-566772,808,false,6.275885636469353,1,4009.2221419111156,1.0,1.0
2026-03-22T21:10:07.745-705391-566772,992,false,4.851856439950143,1,4009.2221419111156,1.0,1.0
2026-03-22T21:10:07.745-705391-566772,314,false,16.640510062044957,1,4009.2221419111156,1.0,1.0
2026-03-22T21:10:07.745-705391-566772,130,false,0.48509957502778833,1,4009.2221419111156,1.0,1.0
2026-03-22T21:10:07.745-705391-566772,648,false,89.55305032658376,1,4009.2221419111156,1.0,1.0
2026-03-22T21:10:07.745-705391-566772,544,false,36.88948477380908,1,4009.2221419111156,1.0,1.0
2026-03-22T21:10:07.745-705391-566772,524,false,0.876143357517225,1,4009.2221419111156,1.0,1.0
2026-03-22T21:10:07.745-705391-566772,717,false,7.205660765163737,1,4009.2221419111156,1.0,1.0
2026-03-22T21:10:07.745-705391-566772,263,false,9.217302847751737,1,4009.2221419111156,1.0,1.0
2026-03-22T21:10:07.745-705391-566772,178,false,0.9336481761435554,1,4009.2221419111156,1.0,1.0
2026-03-22T21:10:07.745-705391-566772,806,false,4.802534303235588,1,4009.2221419111156,1.0,1.0
2026-03-22T21:10:07.745-705391-566772,683,false,2.0619587589393937,1,4009.2221419111156,1.0,1.0
2026-03-22T21:10:07.745-705391-566772,775,false,0.22150495359748448,1,4009.2221419111156,1.0,1.0
2026-03-22T21:10:07.745-705391-566772,914,false,0.889142696598138,1,4009.2221419111156,1.0,1.0
2026-03-22T21:10:07.745-705391-566772,469,false,0.1383380775879653,1,4009.2221419111156,1.0,1.0
2026-03-22T21:10:07.745-705391-566772,445,false,0.10025807810066724,1,4009.2221419111156,1.0,1.0
2026-03-22T21:10:07.745-705391-566772,446,false,9.67957980576936,1,4009.2221419111156,1.0,1.0
2026-03-22T21:10:07.745-705391-566772,896,false,2.8595553171017096,1,4009.2221419111156,1.0,1.0
2026-03-22T21:10:07.745-705391-566772,16,false,32.48146661342596,1,4009.2221419111156,1.0,1.0
2026-03-22T21:10:07.745-705391-566772,154,false,0.5847080120060795,1,4009.2221419111156,1.0,1.0
2026-03-22T21:10:07.745-705391-566772,839,false,11.421199157243617,1,4009.2221419111156,1.0,1.0
2026-03-22T21:10:07.745-705391-566772,567,false,0.5577316860823651,1,4009.2221419111156,1.0,1.0
2026-03-22T21:10:07.745-705391-566772,594,false,0.07896096825631362,1,4009.2221419111156,1.0,1.0
2026-03-22T21:10:07.745-705391-566772,79,false,2.087761799341929,1,4009.2221419111156,1.0,1.0
2026-03-22T21:10:07.745-705391-566772,12,false,1.6385076729832933,1,4009.2221419111156,1.0,1.0
2026-03-22T21:10:07.745-705391-566772,383,false,3.742404683416628,1,4009.2221419111156,1.0,1.0
2026-03-22T21:10:07.745-705391-566772,617,false,4.119711105454922,1,4009.2221419111156,1.0,1.0
2026-03-22T21:10:07.745-705391-566772,609,false,0.2311181658507372,1,4009.2221419111156,1.0,1.0
2026-03-22T21:10:07.745-705391-566772,334,false,0.10910484515440032,1,4009.2221419111156,1.0,1.0
2026-03-22T21:10:07.745-705391-566772,291,false,29.49733093406343,1,4009.2221419111156,1.0,1.0
2026-03-22T21:10:07.745-705391-566772,701,false,0.31714176337291083,1,4009.2221419111156,1.0,1.0
2026-03-22T21:10:07.745-705391-566772,45,false,38.47361568059578,1,4009.2221419111156,1.0,1.0
2026-03-22T21:10:07.745-705391-566772,68,false,0.03606662116538796,1,4009.2221419111156,1.0,1.0
2026-03-22T21:10:07.745-705391-566772,349,false,1.8875848167168152,1,4009.2221419111156,1.0,1.0
2026-03-22T21:10:07.745-705391-566772,6,false,16.34352531768148,1,4009.2221419111156,1.0,1.0
2026-03-22T21:10:07.745-705391-566772,560,false,28.62305910246693,1,4009.2221419111156,1.0,1.0
2026-03-22T21:10:07.745-705391-566772,32,false,1.188083941278349,1,4009.2221419111156,1.0,1.0
2026-03-22T21:10:07.745-705391-566772,1000,false,3.887490649058654,1,4009.2221419111156,1.0,1.0
2026-03-22T21:10:07.745-705391-566772,297,false,2.2917102201743367,1,4009.2221419111156,1.0,1.0
2026-03-22T21:10:07.745-705391-566772,169,false,0.12228997530358464,1,4009.2221419111156,1.0,1.0
2026-03-22T21:10:07.745-705391-566772,667,true,30.79337091059363,1,3978.428771000522,1.0,0.999
2026-03-22T21:10:07.745-705391-566772,844,false,5.040749897462861,1,3978.428771000522,1.0,1.0
2026-03-22T21:10:07.745-705391-566772,461,false,1.08534678977286,1,3978.428771000522,1.0,1.0
2026-03-22T21:10:07.745-705391-566772,723,false,2.0036442658466385,1,3978.428771000522,1.0,1.0
2026-03-22T21:10:07.745-705391-566772,568,false,3.2525161513144094,1,3978.428771000522,1.0,1.0
2026-03-22T21:10:07.745-705391-566772,812,false,38.66080430465538,1,3978.428771000522,1.0,1.0
2026-03-22T21:10:07.745-705391-566772,493,false,16.32710163038801,1,3978.428771000522,1.0,1.0
2026-03-22T21:10:07.745-705391-566772,134,false,145.4875896884481,1,3978.428771000522,1.0,1.0
2026-03-22T21:10:07.745-705391-566772,357,false,85.28049973367109,1,3978.428771000522,1.0,1.0
2026-03-22T21:10:07.745-705391-566772,2,false,4.929503358732801,1,3978.428771000522,1.0,1.0
2026-03-22T21:10:07.745-705391-566772,464,false,0.8703948868409183,1,3978.428771000522,1.0,1.0
2026-03-22T21:10:07.745-705391-566772,578,false,17.829567919586474,1,3978.428771000522,1.0,1.0
2026-03-22T21:10:07.745-705391-566772,963,false,4.354877783909594,1,3978.428771000522,1.0,1.0
2026-03-22T21:10:07.745-705391-566772,180,false,3.1978115324219485,1,3978.428771000522,1.0,1.0
2026-03-22T21:10:07.745-705391-566772,627,false,271.39250505235685,1,3978.428771000522,1.0,1.0
2026-03-22T21:10:07.745-705391-566772,958,false,1.5089648299279248,1,3978.428771000522,1.0,1.0
2026-03-22T21:10:07.745-705391-566772,572,false,2.9323128231377353,1,3978.428771000522,1.0,1.0
2026-03-22T21:10:07.745-705391-566772,359,false,0.44272848459536723,1,3978.428771000522,1.0,1.0
2026-03-22T21:10:07.745-705391-566772,747,false,3.9362072176366754,1,3978.428771000522,1.0,1.0
2026-03-22T21:10:07.745-705391-566772,255,false,6.91960907583798,1,3978.428771000522,1.0,1.0
2026-03-22T21:10:07.745-705391-566772,459,false,0.9312536379544417,1,3978.428771000522,1.0,1.0
2026-03-22T21:10:07.745-705391-566772,179,false,1.3887444873454018,1,3978.428771000522,1.0,1.0
2026-03-22T21:10:07.745-705391-566772,123,false,16.43973439122964,1,3978.428771000522,1.0,1.0
2026-03-22T21:10:07.745-705391-566772,89,false,96.28128504029111,1,3978.428771000522,1.0,1.0
2026-03-22T21:10:07.745-705391-566772,13,false,692.2084317802942,1,3978.428771000522,1.0,1.0
2026-03-22T21:10:07.745-705391-566772,811,false,12.929996956154271,1,3978.428771000522,1.0,1.0
2026-03-22T21:10:07.745-705391-566772,391,false,0.08811934226962224,1,3978.428771000522,1.0,1.0
2026-03-22T21:10:07.745-705391-566772,686,false,6.624405867685696,1,3978.428771000522,1.0,1.0
2026-03-22T21:10:07.745-705391-566772,27,false,0.3155600544546705,1,3978.428771000522,1.0,1.0
2026-03-22T21:10:07.745-705391-566772,242,false,0.43299125113337894,1,3978.428771000522,1.0,1.0
2026-03-22T21:10:07.745-705391-566772,222,false,0.25280126427017563,1,3978.428771000522,1.0,1.0
2026-03-22T21:10:07.745-705391-566772,378,false,3.9873656031603377,1,3978.428771000522,1.0,1.0
2026-03-22T21:10:07.745-705391-566772,756,false,10.00134994246106,1,3978.428771000522,1.0,1.0
2026-03-22T21:10:07.745-705391-566772,608,false,9.807670969325022,1,3978.428771000522,1.0,1.0
2026-03-22T21:10:07.745-705391-566772,145,false,123.72511456893265,1,3978.428771000522,1.0,1.0
2026-03-22T21:10:07.745-705391-566772,157,false,6.945173575160431,1,3978.428771000522,1.0,1.0
2026-03-22T21:10:07.745-705391-566772,659,false,3.276584504753522,1,3978.428771000522,1.0,1.0
2026-03-22T21:10:07.745-705391-566772,320,false,1.8826162063092942,1,3978.428771000522,1.0,1.0
2026-03-22T21:10:07.745-705391-566772,985,false,6.35631041739686,1,3978.428771000522,1.0,1.0
2026-03-22T21:10:07.745-705391-566772,31,false,59.81146328105262,1,3978.428771000522,1.0,1.0
2026-03-22T21:10:07.745-705391-566772,570,false,10.249156956946193,1,3978.428771000522,1.0,1.0
2026-03-22T21:10:07.745-705391-566772,832,false,21.01603879678058,1,3978.428771000522,1.0,1.0
2026-03-22T21:10:07.745-705391-566772,201,false,0.7850300058182592,1,3978.428771000522,1.0,1.0
2026-03-22T21:10:07.745-705391-566772,929,true,0.34410127419331776,1,3978.0846697263287,1.0,0.0
2026-03-22T21:10:07.745-705391-566772,767,false,0.3397498787549837,1,3978.0846697263287,1.0,1.0
2026-03-22T21:10:07.745-705391-566772,400,false,6.919912875638601,1,3978.0846697263287,1.0,1.0
2026-03-22T21:10:07.745-705391-566772,508,true,3.318574239046523,1,3974.766095487282,1.0,0.0010000000000000009
2026-03-22T21:10:07.745-705391-566772,140,false,59.73844615288378,1,3974.766095487282,1.0,1.0
2026-03-22T21:10:07.745-705391-566772,768,false,0.05121282886818905,1,3974.766095487282,1.0,1.0
2026-03-22T21:10:07.745-705391-566772,530,false,11.763503156333543,1,3974.766095487282,1.0,1.0
2026-03-22T21:10:07.745-705391-566772,475,true,0.655778866301393,1,3974.110316620981,1.0,0.0
2026-03-22T21:10:07.745-705391-566772,755,false,143.17145650812623,1,3974.110316620981,1.0,1.0
2026-03-22T21:10:07.745-705391-566772,576,false,9.851167633549395,1,3974.110316620981,1.0,1.0
2026-03-22T21:10:07.745-705391-566772,360,false,1.6975555470038177,1,3974.110316620981,1.0,1.0
2026-03-22T21:10:07.745-705391-566772,124,false,0.419785617601962,1,3974.110316620981,1.0,1.0
2026-03-22T21:10:07.745-705391-566772,656,false,15.514858285278539,1,3974.110316620981,1.0,1.0
2026-03-22T21:10:07.745-705391-566772,99,false,13.984741621128249,1,3974.110316620981,1.0,1.0
2026-03-22T21:10:07.745-705391-566772,78,false,0.028797418133028326,1,3974.110316620981,1.0,1.0
2026-03-22T21:10:07.745-705391-566772,327,false,0.08106527786127464,1,3974.110316620981,1.0,1.0
2026-03-22T21:10:07.745-705391-566772,481,true,0.3594958920403815,1,3973.7508207289407,1.0,0.0
2026-03-22T21:10:07.745-705391-566772,403,false,18.881035761588272,1,3973.7508207289407,1.0,1.0
2026-03-22T21:10:07.745-705391-566772,302,false,1.5680561333695509,1,3973.7508207289407,1.0,1.0
2026-03-22T21:10:07.745-705391-566772,392,false,1.0899005894200722,1,3973.7508207289407,1.0,1.0
2026-03-22T21:10:07.745-705391-566772,132,false,201.8799245536153,1,3973.7508207289407,1.0,1.0
2026-03-22T21:10:07.745-705391-566772,668,true,3.3210121096341036,1,3970.4298086193066,1.0,0.868
2026-03-22T21:10:07.745-705391-566772,227,false,0.03211366590158662,1,3970.4298086193066,1.0,1.0
2026-03-22T21:10:07.745-705391-566772,149,false,8.677569394295245,1,3970.4298086193066,1.0,1.0
2026-03-22T21:10:07.745-705391-566772,592,false,11.494725561222218,1,3970.4298086193066,1.0,1.0
2026-03-22T21:10:07.745-705391-566772,644,false,3.5750863792980745,1,3970.4298086193066,1.0,1.0
2026-03-22T21:10:07.745-705391-566772,28,false,0.06684698676473981,1,3970.4298086193066,1.0,1.0
2026-03-22T21:10:07.745-705391-566772,404,false,1.0466572750208147,1,3970.4298086193066,1.0,1.0
2026-03-22T21:10:07.745-705391-566772,151,false,7.246156725731645,1,3970.4298086193066,1.0,1.0
2026-03-22T21:10:07.745-705391-566772,822,false,115.2032067966923,1,3970.4298086193066,1.0,1.0
2026-03-22T21:10:07.745-705391-566772,599,false,0.36536687842237886,1,3970.4298086193066,1.0,1.0
2026-03-22T21:10:07.745-705391-566772,853,false,15.36798738820812,1,3970.4298086193066,1.0,1.0
2026-03-22T21:10:07.745-705391-566772,299,false,1.4398413381748005,1,3970.4298086193066,1.0,1.0
2026-03-22T21:10:07.745-705391-566772,402,false,16.716736102225795,1,3970.4298086193066,1.0,1.0
2026-03-22T21:10:07.745-705391-566772,356,false,31.17459336007428,1,3970.4298086193066,1.0,1.0
2026-03-22T21:10:07.745-705391-566772,71,false,13.999990942590236,1,3970.4298086193066,1.0,1.0
2026-03-22T21:10:07.745-705391-566772,895,false,2.747431459578426,1,3970.4298086193066,1.0,1.0
2026-03-22T21:10:07.745-705391-566772,479,true,3.420013623612523,1,3967.009794995694,1.0,0.0
2026-03-22T21:10:07.745-705391-566772,155,false,26.80824220995783,1,3967.009794995694,1.0,1.0
2026-03-22T21:10:07.745-705391-566772,583,false,1.2958025505615192,1,3967.009794995694,1.0,1.0
2026-03-22T21:10:07.745-705391-566772,416,false,0.5424647101330629,1,3967.009794995694,1.0,1.0
2026-03-22T21:10:07.745-705391-566772,407,false,2.925776136414453,1,3967.009794995694,1.0,1.0
2026-03-22T21:10:07.745-705391-566772,260,false,2.0650448281447504,1,3967.009794995694,1.0,1.0
2026-03-22T21:10:07.745-705391-566772,74,false,4.75899504403669,1,3967.009794995694,1.0,1.0
2026-03-22T21:10:07.745-705391-566772,924,true,19.729885475883602,1,3947.27990951981,1.0,0.854
2026-03-22T21:10:07.745-705391-566772,948,false,3.393961741592155,1,3947.27990951981,1.0,1.0
2026-03-22T21:10:07.745-705391-566772,23,false,1.674780287921748,1,3947.27990951981,1.0,1.0
2026-03-22T21:10:07.745-705391-566772,196,false,21.865492173916795,1,3947.27990951981,1.0,1.0
2026-03-22T21:10:07.745-705391-566772,901,false,2.3400046795927945,1,3947.27990951981,1.0,1.0
2026-03-22T21:10:07.745-705391-566772,533,false,1.1752416574976359,1,3947.27990951981,1.0,1.0
2026-03-22T21:10:07.745-705391-566772,25,false,0.5194475023321625,1,3947.27990951981,1.0,1.0
2026-03-22T21:10:07.745-705391-566772,335,false,1.2865422292277733,1,3947.27990951981,1.0,1.0
2026-03-22T21:10:07.745-705391-566772,688,false,0.12059079638521643,1,3947.27990951981,1.0,1.0
2026-03-22T21:10:07.745-705391-566772,523,false,1.8624626272046443,1,3947.27990951981,1.0,1.0
2026-03-22T21:10:07.745-705391-566772,489,false,0.011265530765529627,1,3947.27990951981,1.0,1.0
2026-03-22T21:10:07.745-705391-566772,306,false,0.5762835157218456,1,3947.27990951981,1.0,1.0
2026-03-22T21:10:07.745-705391-566772,237,false,0.8128755751266646,1,3947.27990951981,1.0,1.0
2026-03-22T21:10:07.745-705391-566772,500,true,0.747688293320291,1,3946.53222122649,1.0,0.0
2026-03-22T21:10:07.745-705391-566772,677,false,34.13270641472483,1,3946.53222122649,1.0,1.0
2026-03-22T21:10:07.745-705391-566772,714,false,1.4594065456632375,1,3946.53222122649,1.0,1.0
2026-03-22T21:10:07.745-705391-566772,830,false,0.07993994733999629,1,3946.53222122649,1.0,1.0
2026-03-22T21:10:07.745-705391-566772,836,false,18.908690411212127,1,3946.53222122649,1.0,1.0
2026-03-22T21:10:07.745-705391-566772,529,false,143.69206817981973,1,3946.53222122649,1.0,1.0
2026-03-22T21:10:07.745-705391-566772,346,false,0.5001444615036272,1,3946.53222122649,1.0,1.0
2026-03-22T21:10:07.745-705391-566772,737,false,0.6908514210652733,1,3946.53222122649,1.0,1.0
2026-03-22T21:10:07.745-705391-566772,661,false,1.0684820007500435,1,3946.53222122649,1.0,1.0
2026-03-22T21:10:07.745-705391-566772,763,false,0.06391821601937044,1,3946.53222122649,1.0,1.0
2026-03-22T21:10:07.745-705391-566772,234,false,47.154121862049614,1,3946.53222122649,1.0,1.0
2026-03-22T21:10:07.745-705391-566772,640,false,16.008411367355237,1,3946.53222122649,1.0,1.0
2026-03-22T21:10:07.745-705391-566772,11,false,2.126166649408002,1,3946.53222122649,1.0,1.0
2026-03-22T21:10:07.745-705391-566772,443,false,1.7801782771867347,1,3946.53222122649,1.0,1.0
2026-03-22T21:10:07.745-705391-566772,106,false,15.531758371419942,1,3946.53222122649,1.0,1.0
2026-03-22T21:10:07.745-705391-566772,692,false,0.9318645408584387,1,3946.53222122649,1.0,1.0
2026-03-22T21:10:07.745-705391-566772,742,false,7.124182095685166,1,3946.53222122649,1.0,1.0
2026-03-22T21:10:07.745-705391-566772,272,false,0.3689128905940395,1,3946.53222122649,1.0,1.0
2026-03-22T21:10:07.745-705391-566772,72,false,0.09012510691296881,1,3946.53222122649,1.0,1.0
2026-03-22T21:10:07.745-705391-566772,624,false,3.795219686845285,1,3946.53222122649,1.0,1.0
2026-03-22T21:10:07.745-705391-566772,944,false,0.8618426128300188,1,3946.53222122649,1.0,1.0
2026-03-22T21:10:07.745-705391-566772,114,false,0.16918503421691006,1,3946.53222122649,1.0,1.0
2026-03-22T21:10:07.745-705391-566772,816,false,2.9543873203367945,1,3946.53222122649,1.0,1.0
2026-03-22T21:10:07.745-705391-566772,472,true,17.668058757993617,1,3928.8641624684965,1.0,0.0
2026-03-22T21:10:07.745-705391-566772,355,false,1.2002373347498796,1,3928.8641624684965,1.0,1.0
2026-03-22T21:10:07.745-705391-566772,139,false,1.0601558056271434,1,3928.8641624684965,1.0,1.0
2026-03-22T21:10:07.745-705391-566772,566,false,1.7576674906533232,1,3928.8641624684965,1.0,1.0
2026-03-22T21:10:07.745-705391-566772,87,false,1.0719090400109568,1,3928.8641624684965,1.0,1.0
2026-03-22T21:10:07.745-705391-566772,509,true,1.8787134716078095,1,3926.985448996889,1.0,0.0
2026-03-22T21:10:07.745-705391-566772,841,false,0.9622911050202765,1,3926.985448996889,1.0,1.0
2026-03-22T21:10:07.745-705391-566772,36,false,16.620892956686433,1,3926.985448996889,1.0,1.0
2026-03-22T21:10:07.745-705391-566772,807,false,1.5595806387531481,1,3926.985448996889,1.0,1.0
2026-03-22T21:10:07.745-705391-566772,551,false,0.3445428731772904,1,3926.985448996889,1.0,1.0
2026-03-22T21:10:07.745-705391-566772,410,false,5.900503931165975,1,3926.985448996889,1.0,1.0
2026-03-22T21:10:07.745-705391-566772,995,false,4.295192967396788,1,3926.985448996889,1.0,1.0
2026-03-22T21:10:07.745-705391-566772,612,false,2.2819867956964317,1,3926.985448996889,1.0,1.0
2026-03-22T21:10:07.745-705391-566772,730,false,4.166114528767926,1,3926.985448996889,1.0,1.0
2026-03-22T21:10:07.745-705391-566772,1,false,1.3978993299621665,1,3926.985448996889,1.0,1.0
2026-03-22T21:10:07.745-705391-566772,434,false,4.507604693979131,1,3926.985448996889,1.0,1.0
2026-03-22T21:10:07.745-705391-566772,168,false,33.125623354878826,1,3926.985448996889,1.0,1.0
2026-03-22T21:10:07.745-705391-566772,474,true,5.321922131777158,1,3921.6635268651116,1.0,0.0
2026-03-22T21:10:07.745-705391-566772,866,false,0.24755038484687206,1,3921.6635268651116,1.0,1.0
2026-03-22T21:10:07.745-705391-566772,274,false,28.34782510249173,1,3921.6635268651116,1.0,1.0
2026-03-22T21:10:07.745-705391-566772,623,false,0.14157489487235572,1,3921.6635268651116,1.0,1.0
2026-03-22T21:10:07.745-705391-566772,770,false,15.474928313306654,1,3921.6635268651116,1.0,1.0
2026-03-22T21:10:07.745-705391-566772,211,false,0.621961997381977,1,3921.6635268651116,1.0,1.0
2026-03-22T21:10:07.745-705391-566772,628,false,145.83362233944314,1,3921.6635268651116,1.0,1.0
2026-03-22T21:10:07.745-705391-566772,33,false,6.326697165219337,1,3921.6635268651116,1.0,1.0
2026-03-22T21:10:07.745-705391-566772,187,false,16.233162113923754,1,3921.6635268651116,1.0,1.0
2026-03-22T21:10:07.745-705391-566772,208,false,8.181052223617279,1,3921.6635268651116,1.0,1.0
2026-03-22T21:10:07.745-705391-566772,152,false,6.300714868000377,1,3921.6635268651116,1.0,1.0
2026-03-22T21:10:07.745-705391-566772,344,false,0.6494037991583756,1,3921.6635268651116,1.0,1.0
2026-03-22T21:10:07.745-705391-566772,246,false,1.286228495518437,1,3921.6635268651116,1.0,1.0
2026-03-22T21:10:07.745-705391-566772,854,false,7.13747273227921,1,3921.6635268651116,1.0,1.0
2026-03-22T21:10:07.745-705391-566772,795,false,5.498839840810027,1,3921.6635268651116,1.0,1.0
2026-03-22T21:10:07.745-705391-566772,744,false,2.392634713600437,1,3921.6635268651116,1.0,1.0
2026-03-22T21:10:07.745-705391-566772,874,false,25.35762673448201,1,3921.6635268651116,1.0,1.0
2026-03-22T21:10:07.745-705391-566772,313,false,0.8272541179831536,1,3921.6635268651116,1.0,1.0
2026-03-22T21:10:07.745-705391-566772,682,false,0.7427444237778825,1,3921.6635268651116,1.0,1.0
2026-03-22T21:10:07.745-705391-566772,135,false,0.32390122685375367,1,3921.6635268651116,1.0,1.0
2026-03-22T21:10:07.745-705391-566772,864,false,0.32418553911402415,1,3921.6635268651116,1.0,1.0
2026-03-22T21:10:07.745-705391-566772,801,false,10.927915139391262,1,3921.6635268651116,1.0,1.0
2026-03-22T21:10:07.745-705391-566772,223,false,14.794652988947151,1,3921.6635268651116,1.0,1.0
2026-03-22T21:10:07.745-705391-566772,707,false,0.08808486427235963,1,3921.6635268651116,1.0,1.0
2026-03-22T21:10:07.745-705391-566772,704,false,21.505672763172274,1,3921.6635268651116,1.0,1.0
2026-03-22T21:10:07.745-705391-566772,575,false,1.1033160979637278,1,3921.6635268651116,1.0,1.0
2026-03-22T21:10:07.745-705391-566772,363,false,6.787843129745291,1,3921.6635268651116,1.0,1.0
2026-03-22T21:10:07.745-705391-566772,938,false,14.036688990655662,1,3921.6635268651116,1.0,1.0
2026-03-22T21:10:07.745-705391-566772,295,false,0.2531116784691171,1,3921.6635268651116,1.0,1.0
2026-03-22T21:10:07.745-705391-566772,267,false,3.639532011257398,1,3921.6635268651116,1.0,1.0
2026-03-22T21:10:07.745-705391-566772,974,false,2.3838322435756942,1,3921.6635268651116,1.0,1.0
2026-03-22T21:10:07.745-705391-566772,913,false,0.01086809615669902,1,3921.6635268651116,1.0,1.0
2026-03-22T21:10:07.745-705391-566772,606,false,10.642055664298422,1,3921.6635268651116,1.0,1.0
2026-03-22T21:10:07.745-705391-566772,856,false,0.07479375386432871,1,3921.6635268651116,1.0,1.0
2026-03-22T21:10:07.745-705391-566772,966,false,3.173597302362691,1,3921.6635268651116,1.0,1.0
2026-03-22T21:10:07.745-705391-566772,734,false,0.09293795512803324,1,3921.6635268651116,1.0,1.0
2026-03-22T21:10:07.745-705391-566772,675,false,2.12834830078783,1,3921.6635268651116,1.0,1.0
2026-03-22T21:10:07.745-705391-566772,230,false,6.766813575508707,1,3921.6635268651116,1.0,1.0
2026-03-22T21:10:07.745-705391-566772,26,false,0.18216613873850845,1,3921.6635268651116,1.0,1.0
2026-03-22T21:10:07.745-705391-566772,528,false,0.4400379699851233,1,3921.6635268651116,1.0,1.0
2026-03-22T21:10:07.745-705391-566772,76,false,1.7601237816454862,1,3921.6635268651116,1.0,1.0
2026-03-22T21:10:07.745-705391-566772,709,false,4.621082716193305,1,3921.6635268651116,1.0,1.0
2026-03-22T21:10:07.745-705391-566772,539,false,10.32152490600892,1,3921.6635268651116,1.0,1.0
2026-03-22T21:10:07.745-705391-566772,167,false,0.24342499043637503,1,3921.6635268651116,1.0,1.0
2026-03-22T21:10:07.745-705391-566772,97,false,10.115479984971762,1,3921.6635268651116,1.0,1.0
2026-03-22T21:10:07.745-705391-566772,993,false,0.1545224647278,1,3921.6635268651116,1.0,1.0
2026-03-22T21:10:07.745-705391-566772,386,false,0.5041869497397752,1,3921.6635268651116,1.0,1.0
2026-03-22T21:10:07.745-705391-566772,772,false,15.751052339899164,1,3921.6635268651116,1.0,1.0
2026-03-22T21:10:07.745-705391-566772,678,false,4.83414074530609,1,3921.6635268651116,1.0,1.0
2026-03-22T21:10:07.745-705391-566772,198,false,18.171937821700876,1,3921.6635268651116,1.0,1.0
2026-03-22T21:10:07.745-705391-566772,118,false,471.9017799293622,1,3921.6635268651116,1.0,1.0
2026-03-22T21:10:07.745-705391-566772,590,false,1.578212187704368,1,3921.6635268651116,1.0,1.0
2026-03-22T21:10:07.745-705391-566772,371,false,0.3212291890628636,1,3921.6635268651116,1.0,1.0
2026-03-22T21:10:07.745-705391-566772,637,false,0.2824849253041125,1,3921.6635268651116,1.0,1.0
2026-03-22T21:10:07.745-705391-566772,758,false,3.9236224760062313,1,3921.6635268651116,1.0,1.0
2026-03-22T21:10:07.745-705391-566772,773,false,0.37150451081786506,1,3921.6635268651116,1.0,1.0
2026-03-22T21:10:07.745-705391-566772,754,false,0.32083011912747234,1,3921.6635268651116,1.0,1.0
2026-03-22T21:10:07.745-705391-566772,456,false,4.637946039326263,1,3921.6635268651116,1.0,1.0
2026-03-22T21:10:07.745-705391-566772,519,false,0.025995074236575558,1,3921.6635268651116,1.0,1.0
2026-03-22T21:10:07.745-705391-566772,252,false,2.739977875090556,1,3921.6635268651116,1.0,1.0
2026-03-22T21:10:07.745-705391-566772,253,false,2.4707874685426034,1,3921.6635268651116,1.0,1.0
2026-03-22T21:10:07.745-705391-566772,720,false,0.8613957798906664,1,3921.6635268651116,1.0,1.0
2026-03-22T21:10:07.745-705391-566772,845,false,0.09734696530420216,1,3921.6635268651116,1.0,1.0
2026-03-22T21:10:07.745-705391-566772,956,false,132.95042693984726,1,3921.6635268651116,1.0,1.0
2026-03-22T21:10:07.745-705391-566772,501,true,0.8243423399994155,1,3920.839184525112,1.0,0.0
2026-03-22T21:10:07.745-705391-566772,462,false,4.5768851432343745,1,3920.839184525112,1.0,1.0
2026-03-22T21:10:07.745-705391-566772,857,false,6.983359527647262,1,3920.839184525112,1.0,1.0
2026-03-22T21:10:07.745-705391-566772,825,false,113.49500299220496,1,3920.839184525112,1.0,1.0
2026-03-22T21:10:07.745-705391-566772,213,false,0.8326578858009823,1,3920.839184525112,1.0,1.0
2026-03-22T21:10:07.745-705391-566772,244,true,5.4649753577808395,1,3915.374209167331,1.0,0.97
2026-03-22T21:10:07.745-705391-566772,15,false,0.46176358377886917,1,3915.374209167331,1.0,1.0
2026-03-22T21:10:07.745-705391-566772,393,false,19.738236603675894,1,3915.374209167331,1.0,1.0
2026-03-22T21:10:07.745-705391-566772,588,false,4.251245430339052,1,3915.374209167331,1.0,1.0
2026-03-22T21:10:07.745-705391-566772,907,false,0.5855526464476795,1,3915.374209167331,1.0,1.0
2026-03-22T21:10:07.745-705391-566772,724,false,15.401544342687993,1,3915.374209167331,1.0,1.0
2026-03-22T21:10:07.745-705391-566772,615,false,12.50226284795505,1,3915.374209167331,1.0,1.0
2026-03-22T21:10:07.745-705391-566772,203,false,4.3751428470425,1,3915.374209167331,1.0,1.0
2026-03-22T21:10:07.745-705391-566772,912,false,1.1319372857392265,1,3915.374209167331,1.0,1.0
2026-03-22T21:10:07.745-705391-566772,491,false,1.0627405419721645,1,3915.374209167331,1.0,1.0
2026-03-22T21:10:07.745-705391-566772,977,false,13.479539782662437,1,3915.374209167331,1.0,1.0
2026-03-22T21:10:07.745-705391-566772,202,false,2.5614687797113977,1,3915.374209167331,1.0,1.0
2026-03-22T21:10:07.745-705391-566772,718,false,0.7736593341552855,1,3915.374209167331,1.0,1.0
2026-03-22T21:10:07.745-705391-566772,616,false,12.138612477148799,1,3915.374209167331,1.0,1.0
2026-03-22T21:10:07.745-705391-566772,883,false,8.324218902752726,1,3915.374209167331,1.0,1.0
2026-03-22T21:10:07.745-705391-566772,597,false,0.19756168503696483,1,3915.374209167331,1.0,1.0
2026-03-22T21:10:07.745-705391-566772,872,false,0.31865268533278124,1,3915.374209167331,1.0,1.0
2026-03-22T21:10:07.745-705391-566772,324,false,0.35547431052501655,1,3915.374209167331,1.0,1.0
2026-03-22T21:10:07.745-705391-566772,219,false,2.472488401879144,1,3915.374209167331,1.0,1.0
2026-03-22T21:10:07.745-705391-566772,47,false,75.48135102307697,1,3915.374209167331,1.0,1.0
2026-03-22T21:10:07.745-705391-566772,710,false,6.52095710935753,1,3915.374209167331,1.0,1.0
2026-03-22T21:10:07.745-705391-566772,545,false,50.88935330654989,1,3915.374209167331,1.0,1.0
2026-03-22T21:10:07.745-705391-566772,719,false,2.79545727329066,1,3915.374209167331,1.0,1.0
2026-03-22T21:10:07.745-705391-566772,42,false,1.9136185464477584,1,3915.374209167331,1.0,1.0
2026-03-22T21:10:07.745-705391-566772,245,true,6.325632199108378,1,3909.0485769682227,1.0,0.723
2026-03-22T21:10:07.745-705391-566772,961,false,4.044524521613997,1,3909.0485769682227,1.0,1.0
2026-03-22T21:10:07.745-705391-566772,650,false,0.548496026253707,1,3909.0485769682227,1.0,1.0
2026-03-22T21:10:07.745-705391-566772,715,false,3.837002337154213,1,3909.0485769682227,1.0,1.0
2026-03-22T21:10:07.745-705391-566772,815,false,1.2344718878176635,1,3909.0485769682227,1.0,1.0
2026-03-22T21:10:07.745-705391-566772,58,false,2.4121201769168326,1,3909.0485769682227,1.0,1.0
2026-03-22T21:10:07.745-705391-566772,780,false,4.163160107718866,1,3909.0485769682227,1.0,1.0
2026-03-22T21:10:07.745-705391-566772,156,false,0.2595098045520182,1,3909.0485769682227,1.0,1.0
2026-03-22T21:10:07.745-705391-566772,885,false,4.318783523715369,1,3909.0485769682227,1.0,1.0
2026-03-22T21:10:07.745-705391-566772,943,false,224.5394395769499,1,3909.0485769682227,1.0,1.0
2026-03-22T21:10:07.745-705391-566772,173,false,0.7181792522544402,1,3909.0485769682227,1.0,1.0
2026-03-22T21:10:07.745-705391-566772,199,false,0.41385350904536333,1,3909.0485769682227,1.0,1.0
2026-03-22T21:10:07.745-705391-566772,401,false,0.0440146272458555,1,3909.0485769682227,1.0,1.0
2026-03-22T21:10:07.745-705391-566772,518,false,0.2023974927565166,1,3909.0485769682227,1.0,1.0
2026-03-22T21:10:07.745-705391-566772,652,true,42.872804421347695,1,3866.175772546875,1.0,0.889
2026-03-22T21:10:07.745-705391-566772,869,false,21.47724613620119,1,3866.175772546875,1.0,1.0
2026-03-22T21:10:07.745-705391-566772,172,false,1.7501529010328933,1,3866.175772546875,1.0,1.0
2026-03-22T21:10:07.745-705391-566772,190,false,45.442263233716695,1,3866.175772546875,1.0,1.0
2026-03-22T21:10:07.745-705391-566772,4,false,3.435811222352665,1,3866.175772546875,1.0,1.0
2026-03-22T21:10:07.745-705391-566772,660,false,4.6716143367655265,1,3866.175772546875,1.0,1.0
2026-03-22T21:10:07.745-705391-566772,125,false,0.1790615442628847,1,3866.175772546875,1.0,1.0
2026-03-22T21:10:07.745-705391-566772,971,false,1.0963477848874958,1,3866.175772546875,1.0,1.0
2026-03-22T21:10:07.745-705391-566772,918,false,1.4122089845231178,1,3866.175772546875,1.0,1.0
2026-03-22T21:10:07.745-705391-566772,160,false,0.5135469057890681,1,3866.175772546875,1.0,1.0
2026-03-22T21:10:07.745-705391-566772,176,false,7.549436655045313,1,3866.175772546875,1.0,1.0
2026-03-22T21:10:07.745-705391-566772,805,false,0.4263283779697809,1,3866.175772546875,1.0,1.0
2026-03-22T21:10:07.745-705391-566772,131,false,0.20565985736106016,1,3866.175772546875,1.0,1.0
2026-03-22T21:10:07.745-705391-566772,554,false,109.63956010049343,1,3866.175772546875,1.0,1.0
2026-03-22T21:10:07.745-705391-566772,273,false,19.588930414889916,1,3866.175772546875,1.0,1.0
2026-03-22T21:10:07.745-705391-566772,379,false,5.30999137777233,1,3866.175772546875,1.0,1.0
2026-03-22T21:10:07.745-705391-566772,994,false,9.420214557680847,1,3866.175772546875,1.0,1.0
2026-03-22T21:10:07.745-705391-566772,873,false,1.6366905165633518,1,3866.175772546875,1.0,1.0
2026-03-22T21:10:07.745-705391-566772,250,false,87.24143379812726,1,3866.175772546875,1.0,1.0
2026-03-22T21:10:07.745-705391-566772,105,false,24.02858970637838,1,3866.175772546875,1.0,1.0
2026-03-22T21:10:07.745-705391-566772,917,false,2.486656848439989,1,3866.175772546875,1.0,1.0
2026-03-22T21:10:07.745-705391-566772,665,true,3.1933618843393714,1,3862.9824106625356,1.0,0.0
2026-03-22T21:10:07.745-705391-566772,684,false,17.894671196165806,1,3862.9824106625356,1.0,1.0
2026-03-22T21:10:07.745-705391-566772,681,false,2.715494588732909,1,3862.9824106625356,1.0,1.0
2026-03-22T21:10:07.745-705391-566772,298,false,56.44318263337562,1,3862.9824106625356,1.0,1.0
2026-03-22T21:10:07.745-705391-566772,952,false,4.312026994102476,1,3862.9824106625356,1.0,1.0
2026-03-22T21:10:07.745-705391-566772,281,false,0.043280243392969354,1,3862.9824106625356,1.0,1.0
2026-03-22T21:10:07.745-705391-566772,642,false,4.048909388561331,1,3862.9824106625356,1.0,1.0
2026-03-22T21:10:07.745-705391-566772,631,false,28.135006672496257,1,3862.9824106625356,1.0,1.0
2026-03-22T21:10:07.745-705391-566772,673,false,8.175926028335528,1,3862.9824106625356,1.0,1.0
2026-03-22T21:10:07.745-705391-566772,438,false,16.156112085660883,1,3862.9824106625356,1.0,1.0
2026-03-22T21:10:07.745-705391-566772,558,false,3.6285838386195386,1,3862.9824106625356,1.0,1.0
2026-03-22T21:10:07.745-705391-566772,906,false,2.5605554101314416,1,3862.9824106625356,1.0,1.0
2026-03-22T21:10:07.745-705391-566772,14,false,1.8715083349030166,1,3862.9824106625356,1.0,1.0
2026-03-22T21:10:07.745-705391-566772,315,false,2.8424137126354725,1,3862.9824106625356,1.0,1.0
2026-03-22T21:10:07.745-705391-566772,910,false,2.655034315410995,1,3862.9824106625356,1.0,1.0
2026-03-22T21:10:07.745-705391-566772,814,false,1.9055849978599186,1,3862.9824106625356,1.0,1.0
2026-03-22T21:10:07.745-705391-566772,51,false,58.14021612879475,1,3862.9824106625356,1.0,1.0
2026-03-22T21:10:07.745-705391-566772,591,false,0.13102763334498127,1,3862.9824106625356,1.0,1.0
2026-03-22T21:10:07.745-705391-566772,41,false,8.5102974805684,1,3862.9824106625356,1.0,1.0
2026-03-22T21:10:07.745-705391-566772,834,false,95.63917128174496,1,3862.9824106625356,1.0,1.0
2026-03-22T21:10:07.745-705391-566772,875,false,0.9698057568565885,1,3862.9824106625356,1.0,1.0
2026-03-22T21:10:07.745-705391-566772,136,false,0.2821953743279373,1,3862.9824106625356,1.0,1.0
2026-03-22T21:10:07.745-705391-566772,20,false,0.9470045661838447,1,3862.9824106625356,1.0,1.0
2026-03-22T21:10:07.745-705391-566772,700,false,54.60795151752243,1,3862.9824106625356,1.0,1.0
2026-03-22T21:10:07.745-705391-566772,333,false,1.6399584727512722,1,3862.9824106625356,1.0,1.0
2026-03-22T21:10:07.745-705391-566772,88,false,5.448731167044563,1,3862.9824106625356,1.0,1.0
2026-03-22T21:10:07.745-705391-566772,496,false,0.07807480841302372,1,3862.9824106625356,1.0,1.0
2026-03-22T21:10:07.745-705391-566772,978,false,7.875118404709419,1,3862.9824106625356,1.0,1.0
2026-03-22T21:10:07.745-705391-566772,935,false,31.243659086032327,1,3862.9824106625356,1.0,1.0
2026-03-22T21:10:07.745-705391-566772,603,false,11.331870469411653,1,3862.9824106625356,1.0,1.0
2026-03-22T21:10:07.745-705391-566772,191,false,10.485205469266427,1,3862.9824106625356,1.0,1.0
2026-03-22T21:10:07.745-705391-566772,143,false,4.067525296804368,1,3862.9824106625356,1.0,1.0
2026-03-22T21:10:07.745-705391-566772,218,false,60.351321800979136,1,3862.9824106625356,1.0,1.0
2026-03-22T21:10:07.745-705391-566772,413,false,92.2408025707112,1,3862.9824106625356,1.0,1.0
2026-03-22T21:10:07.745-705391-566772,146,false,0.4895034829540222,1,3862.9824106625356,1.0,1.0
2026-03-22T21:10:07.745-705391-566772,54,false,0.7703630639468677,1,3862.9824106625356,1.0,1.0
2026-03-22T21:10:07.745-705391-566772,92,false,12.03429475257343,1,3862.9824106625356,1.0,1.0
2026-03-22T21:10:07.745-705391-566772,538,false,0.43282234878772324,1,3862.9824106625356,1.0,1.0
2026-03-22T21:10:07.745-705391-566772,421,false,12.260835239162752,1,3862.9824106625356,1.0,1.0
2026-03-22T21:10:07.745-705391-566772,24,false,16.16448221845528,1,3862.9824106625356,1.0,1.0
2026-03-22T21:10:07.745-705391-566772,919,false,26.498538745627027,1,3862.9824106625356,1.0,1.0
2026-03-22T21:10:07.745-705391-566772,192,false,0.4960229058295362,1,3862.9824106625356,1.0,1.0
2026-03-22T21:10:07.745-705391-566772,340,false,34.14583584571487,1,3862.9824106625356,1.0,1.0
2026-03-22T21:10:07.745-705391-566772,141,false,0.2971233605834004,1,3862.9824106625356,1.0,1.0
2026-03-22T21:10:07.745-705391-566772,743,false,36.797439086601685,1,3862.9824106625356,1.0,1.0
2026-03-22T21:10:07.745-705391-566772,394,false,81.08337441466125,1,3862.9824106625356,1.0,1.0
2026-03-22T21:10:07.745-705391-566772,251,false,4.165366586421712,1,3862.9824106625356,1.0,1.0
2026-03-22T21:10:07.745-705391-566772,158,false,1.6641404192238445,1,3862.9824106625356,1.0,1.0
2026-03-22T21:10:07.745-705391-566772,739,false,48.634728033038165,1,3862.9824106625356,1.0,1.0
2026-03-22T21:10:07.745-705391-566772,93,false,8.481740244205344,1,3862.9824106625356,1.0,1.0
2026-03-22T21:10:07.745-705391-566772,454,false,31.0586844735249,1,3862.9824106625356,1.0,1.0
2026-03-22T21:10:07.745-705391-566772,64,false,0.4555066634464707,1,3862.9824106625356,1.0,1.0
2026-03-22T21:10:07.745-705391-566772,633,false,6.003765458193208,1,3862.9824106625356,1.0,1.0
2026-03-22T21:10:07.745-705391-566772,235,false,179.86855773034424,1,3862.9824106625356,1.0,1.0
2026-03-22T21:10:07.745-705391-566772,965,false,805.7415040923354,1,3862.9824106625356,1.0,1.0
2026-03-22T21:10:07.745-705391-566772,593,false,6.686030522616271,1,3862.9824106625356,1.0,1.0
2026-03-22T21:10:07.745-705391-566772,455,false,0.9686545147841239,1,3862.9824106625356,1.0,1.0
2026-03-22T21:10:07.745-705391-566772,19,false,16.145256334111185,1,3862.9824106625356,1.0,1.0
2026-03-22T21:10:07.745-705391-566772,287,false,20.145018424045006,1,3862.9824106625356,1.0,1.0
2026-03-22T21:10:07.745-705391-566772,486,true,10.515150925694332,1,3852.4672597368412,1.0,0.725
2026-03-22T21:10:07.745-705391-566772,611,false,0.17135721083170466,1,3852.4672597368412,1.0,1.0
2026-03-22T21:10:07.745-705391-566772,46,false,1.7086531168434298,1,3852.4672597368412,1.0,1.0
2026-03-22T21:10:07.745-705391-566772,666,true,10.328607763052192,1,3842.138651973789,1.0,0.0
2026-03-22T21:10:07.745-705391-566772,52,false,6.007900734023112,1,3842.138651973789,1.0,1.0
2026-03-22T21:10:07.745-705391-566772,350,false,1.5829671133067929,1,3842.138651973789,1.0,1.0
2026-03-22T21:10:07.745-705391-566772,817,false,0.2891691968241543,1,3842.138651973789,1.0,1.0
2026-03-22T21:10:07.745-705391-566772,384,false,5.08467317085039,1,3842.138651973789,1.0,1.0
2026-03-22T21:10:07.745-705391-566772,436,false,3.655807324511779,1,3842.138651973789,1.0,1.0
2026-03-22T21:10:07.745-705391-566772,90,false,184.1377391840587,1,3842.138651973789,1.0,1.0
2026-03-22T21:10:07.745-705391-566772,229,false,7.402856856739421,1,3842.138651973789,1.0,1.0
2026-03-22T21:10:07.745-705391-566772,44,false,21.266444410910804,1,3842.138651973789,1.0,1.0
2026-03-22T21:10:07.745-705391-566772,484,true,2.258358936191398,1,3839.8802930375973,1.0,0.0
2026-03-22T21:10:07.745-705391-566772,589,false,0.17421458643498902,1,3839.8802930375973,1.0,1.0
2026-03-22T21:10:07.745-705391-566772,282,false,1.352033513030362,1,3839.8802930375973,1.0,1.0
2026-03-22T21:10:07.745-705391-566772,210,false,168.90444094150618,1,3839.8802930375973,1.0,1.0
2026-03-22T21:10:07.745-705391-566772,865,false,0.5447497573560545,1,3839.8802930375973,1.0,1.0
2026-03-22T21:10:07.745-705391-566772,373,false,1.2045955194605857,1,3839.8802930375973,1.0,1.0
2026-03-22T21:10:07.745-705391-566772,988,false,2.5429979150945794,1,3839.8802930375973,1.0,1.0
2026-03-22T21:10:07.745-705391-566772,947,false,0.36001572880737104,1,3839.8802930375973,1.0,1.0
2026-03-22T21:10:07.745-705391-566772,372,false,80.31203427833132,1,3839.8802930375973,1.0,1.0
2026-03-22T21:10:07.745-705391-566772,53,false,79.75035099660434,1,3839.8802930375973,1.0,1.0
2026-03-22T21:10:07.745-705391-566772,847,false,0.5891477485878618,1,3839.8802930375973,1.0,1.0
2026-03-22T21:10:07.745-705391-566772,69,true,0.2435435076011594,1,3839.636749529996,1.0,0.871
2026-03-22T21:10:07.745-705391-566772,555,false,45.618106671409656,1,3839.636749529996,1.0,1.0
2026-03-22T21:10:07.745-705391-566772,186,false,4.000762735333742,1,3839.636749529996,1.0,1.0
2026-03-22T21:10:07.745-705391-566772,38,false,8.659185907720394,1,3839.636749529996,1.0,1.0
2026-03-22T21:10:07.745-705391-566772,548,false,0.08005758990988299,1,3839.636749529996,1.0,1.0
2026-03-22T21:10:07.745-705391-566772,922,true,4.242163837066739,1,3835.3945856929295,1.0,0.698
2026-03-22T21:10:07.745-705391-566772,271,false,5.837615714426172,1,3835.3945856929295,1.0,1.0
2026-03-22T21:10:07.745-705391-566772,821,false,0.4440725807334803,1,3835.3945856929295,1.0,1.0
2026-03-22T21:10:07.745-705391-566772,100,false,1.1822412781999974,1,3835.3945856929295,1.0,1.0
2026-03-22T21:10:07.745-705391-566772,931,true,16.447679081648406,1,3818.946906611281,1.0,0.0020000000000000018
2026-03-22T21:10:07.745-705391-566772,122,false,11.44897463181801,1,3818.946906611281,1.0,1.0
2026-03-22T21:10:07.745-705391-566772,731,false,1.1137209806628716,1,3818.946906611281,1.0,1.0
2026-03-22T21:10:07.745-705391-566772,119,false,2.2933242457883707,1,3818.946906611281,1.0,1.0
2026-03-22T21:10:07.745-705391-566772,751,false,5.312202500432841,1,3818.946906611281,1.0,1.0
2026-03-22T21:10:07.745-705391-566772,96,false,0.012362080400195444,1,3818.946906611281,1.0,1.0
2026-03-22T21:10:07.745-705391-566772,426,false,0.8535671304764344,1,3818.946906611281,1.0,1.0
2026-03-22T21:10:07.745-705391-566772,165,false,3.7281365410284146,1,3818.946906611281,1.0,1.0
2026-03-22T21:10:07.745-705391-566772,646,false,2.6130983485347286,1,3818.946906611281,1.0,1.0
2026-03-22T21:10:07.745-705391-566772,231,false,0.12192278369656803,1,3818.946906611281,1.0,1.0
2026-03-22T21:10:07.745-705391-566772,377,false,4.58457273719442,1,3818.946906611281,1.0,1.0
2026-03-22T21:10:07.745-705391-566772,733,false,1.436253628161437,1,3818.946906611281,1.0,1.0
2026-03-22T21:10:07.745-705391-566772,794,false,121.10201714462838,1,3818.946906611281,1.0,1.0
2026-03-22T21:10:07.745-705391-566772,10,false,3.523976082622552,1,3818.946906611281,1.0,1.0
2026-03-22T21:10:07.745-705391-566772,495,true,17.13168272988117,1,3801.8152238814,1.0,0.943
2026-03-22T21:10:07.745-705391-566772,693,false,1.6077857168207828,1,3801.8152238814,1.0,1.0
2026-03-22T21:10:07.745-705391-566772,442,false,1.7332848364845632,1,3801.8152238814,1.0,1.0
2026-03-22T21:10:07.745-705391-566772,595,false,2.123610933794825,1,3801.8152238814,1.0,1.0
2026-03-22T21:10:07.745-705391-566772,955,false,18.72641784371998,1,3801.8152238814,1.0,1.0
2026-03-22T21:10:07.745-705391-566772,798,false,3.62356904311635,1,3801.8152238814,1.0,1.0
2026-03-22T21:10:07.745-705391-566772,57,false,2.045538524482918,1,3801.8152238814,1.0,1.0
2026-03-22T21:10:07.745-705391-566772,233,false,20.837252138084033,1,3801.8152238814,1.0,1.0
2026-03-22T21:10:07.745-705391-566772,150,false,2.8192058184040603,1,3801.8152238814,1.0,1.0
2026-03-22T21:10:07.745-705391-566772,112,false,280.6692601348524,1,3801.8152238814,1.0,1.0
2026-03-22T21:10:07.745-705391-566772,863,false,3.710098651405153,1,3801.8152238814,1.0,1.0
2026-03-22T21:10:07.745-705391-566772,471,true,1.3691570674559248,1,3800.446066813944,1.0,0.0
2026-03-22T21:10:07.745-705391-566772,532,false,45.366876572871206,1,3800.446066813944,1.0,1.0
2026-03-22T21:10:07.745-705391-566772,577,false,11.22177570363263,1,3800.446066813944,1.0,1.0
2026-03-22T21:10:07.745-705391-566772,621,false,11.803010523912848,1,3800.446066813944,1.0,1.0
2026-03-22T21:10:07.745-705391-566772,784,true,8.892495807546766,1,3791.5535710063973,1.0,0.943
2026-03-22T21:10:07.745-705391-566772,265,false,0.03096058810649929,1,3791.5535710063973,1.0,1.0
2026-03-22T21:10:07.745-705391-566772,574,false,0.6367354613916949,1,3791.5535710063973,1.0,1.0
2026-03-22T21:10:07.745-705391-566772,736,false,0.3469395782350323,1,3791.5535710063973,1.0,1.0
2026-03-22T21:10:07.745-705391-566772,305,false,2.9258512149568032,1,3791.5535710063973,1.0,1.0
2026-03-22T21:10:07.745-705391-566772,477,false,0.1128708548335929,1,3791.5535710063973,1.0,1.0
2026-03-22T21:10:07.745-705391-566772,270,false,0.2898114030003131,1,3791.5535710063973,1.0,1.0
2026-03-22T21:10:07.745-705391-566772,722,false,0.4276085057855987,1,3791.5535710063973,1.0,1.0
2026-03-22T21:10:07.745-705391-566772,607,false,1.0404020893954191,1,3791.5535710063973,1.0,1.0
2026-03-22T21:10:07.745-705391-566772,161,false,1.6987202713943255,1,3791.5535710063973,1.0,1.0
2026-03-22T21:10:07.745-705391-566772,827,false,3.2922046727537744,1,3791.5535710063973,1.0,1.0
2026-03-22T21:10:07.745-705391-566772,835,false,111.75796141058056,1,3791.5535710063973,1.0,1.0
2026-03-22T21:10:07.745-705391-566772,796,false,0.14425121093447607,1,3791.5535710063973,1.0,1.0
2026-03-22T21:10:07.745-705391-566772,582,false,0.6689568352778574,1,3791.5535710063973,1.0,1.0
2026-03-22T21:10:07.745-705391-566772,925,true,150.40323209992258,1,3641.1503389064746,1.0,0.0
2026-03-22T21:10:07.745-705391-566772,212,false,0.5312440467708707,1,3641.1503389064746,1.0,1.0
2026-03-22T21:10:07.745-705391-566772,878,false,0.38618886459508694,1,3641.1503389064746,1.0,1.0
2026-03-22T21:10:07.745-705391-566772,960,false,33.35551661313415,1,3641.1503389064746,1.0,1.0
2026-03-22T21:10:07.745-705391-566772,395,false,1.2766731331742613,1,3641.1503389064746,1.0,1.0
2026-03-22T21:10:07.745-705391-566772,614,false,79.84871193720429,1,3641.1503389064746,1.0,1.0
2026-03-22T21:10:07.745-705391-566772,670,true,2.1221174449037266,1,3639.028221461571,1.0,0.0010000000000000009
2026-03-22T21:10:07.745-705391-566772,108,false,5.906853219771336,1,3639.028221461571,1.0,1.0
2026-03-22T21:10:07.745-705391-566772,257,false,3.1100828820579465,1,3639.028221461571,1.0,1.0
2026-03-22T21:10:07.745-705391-566772,504,true,15.413793955626224,1,3623.6144275059446,1.0,0.0
2026-03-22T21:10:07.745-705391-566772,534,false,15.218436933678845,1,3623.6144275059446,1.0,1.0
2026-03-22T21:10:07.745-705391-566772,478,true,1.303900991699101,1,3622.3105265142453,1.0,0.0
2026-03-22T21:10:07.745-705391-566772,269,false,0.6478072850043864,1,3622.3105265142453,1.0,1.0
2026-03-22T21:10:07.745-705391-566772,103,false,6.981699054519706,1,3622.3105265142453,1.0,1.0
2026-03-22T21:10:07.745-705391-566772,676,false,0.38019979706281737,1,3622.3105265142453,1.0,1.0
2026-03-22T21:10:07.745-705391-566772,261,false,203.8397960736547,1,3622.3105265142453,1.0,1.0
2026-03-22T21:10:07.745-705391-566772,30,false,11.727948654106642,1,3622.3105265142453,1.0,1.0
2026-03-22T21:10:07.745-705391-566772,220,false,573.2330433442321,1,3622.3105265142453,1.0,1.0
2026-03-22T21:10:07.745-705391-566772,726,false,208.46632184310974,1,3622.3105265142453,1.0,1.0
2026-03-22T21:10:07.745-705391-566772,601,false,37.10926947410101,1,3622.3105265142453,1.0,1.0
2026-03-22T21:10:07.745-705391-566772,294,false,112.99418851125843,1,3622.3105265142453,1.0,1.0
2026-03-22T21:10:07.745-705391-566772,56,false,2.062581388770672,1,3622.3105265142453,1.0,1.0
2026-03-22T21:10:07.745-705391-566772,932,true,3.6186471190991196,1,3618.6918793951463,1.0,0.0010000000000000009
2026-03-22T21:10:07.745-705391-566772,292,false,0.2227505863154569,1,3618.6918793951463,1.0,1.0
2026-03-22T21:10:07.745-705391-566772,345,false,1.1298671558485713,1,3618.6918793951463,1.0,1.0
2026-03-22T21:10:07.745-705391-566772,214,false,3.8876948796416233,1,3618.6918793951463,1.0,1.0
2026-03-22T21:10:07.745-705391-566772,629,false,4.6189916118201415,1,3618.6918793951463,1.0,1.0
2026-03-22T21:10:07.745-705391-566772,899,false,4.427313364800087,1,3618.6918793951463,1.0,1.0
2026-03-22T21:10:07.745-705391-566772,741,false,4.742941873981703,1,3618.6918793951463,1.0,1.0
2026-03-22T21:10:07.745-705391-566772,133,false,47.73140704842661,1,3618.6918793951463,1.0,1.0
2026-03-22T21:10:07.745-705391-566772,680,false,0.6537951573227191,1,3618.6918793951463,1.0,1.0
2026-03-22T21:10:07.745-705391-566772,374,false,264.9111207472448,1,3618.6918793951463,1.0,1.0
2026-03-22T21:10:07.745-705391-566772,557,false,1.6303469181756798,1,3618.6918793951463,1.0,1.0
2026-03-22T21:10:07.745-705391-566772,561,false,2.4362303688056777,1,3618.6918793951463,1.0,1.0
2026-03-22T21:10:07.745-705391-566772,969,false,1.6115539537944874,1,3618.6918793951463,1.0,1.0
2026-03-22T21:10:07.745-705391-566772,905,false,0.7649355100544734,1,3618.6918793951463,1.0,1.0
2026-03-22T21:10:07.745-705391-566772,243,true,11.54780287532133,1,3607.144076519825,1.0,0.0020000000000000018
2026-03-22T21:10:07.745-705391-566772,859,false,1.73283551357954,1,3607.144076519825,1.0,1.0
2026-03-22T21:10:07.745-705391-566772,888,false,4.026756247799651,1,3607.144076519825,1.0,1.0
2026-03-22T21:10:07.745-705391-566772,840,false,0.019682003790160375,1,3607.144076519825,1.0,1.0
2026-03-22T21:10:07.745-705391-566772,713,false,0.9447568803076356,1,3607.144076519825,1.0,1.0
2026-03-22T21:10:07.745-705391-566772,301,false,133.11852225263718,1,3607.144076519825,1.0,1.0
2026-03-22T21:10:07.745-705391-566772,976,false,1.1178176571307912,1,3607.144076519825,1.0,1.0
2026-03-22T21:10:07.745-705391-566772,547,false,12.206271045826911,1,3607.144076519825,1.0,1.0
2026-03-22T21:10:07.745-705391-566772,249,false,0.07938138277058072,1,3607.144076519825,1.0,1.0
2026-03-22T21:10:07.745-705391-566772,163,false,4.60258855405028,1,3607.144076519825,1.0,1.0
2026-03-22T21:10:07.745-705391-566772,846,false,9.114187904343478,1,3607.144076519825,1.0,1.0
2026-03-22T21:10:07.745-705391-566772,224,false,256.4639769962439,1,3607.144076519825,1.0,1.0
2026-03-22T21:10:07.745-705391-566772,166,false,1.069076404543371,1,3607.144076519825,1.0,1.0
2026-03-22T21:10:07.745-705391-566772,655,true,68.3038607033267,1,3538.840215816498,1.0,0.6970000000000001
2026-03-22T21:10:07.745-705391-566772,278,false,3.3058669967683323,1,3538.840215816498,1.0,1.0
2026-03-22T21:10:07.745-705391-566772,729,false,17.247394982161627,1,3538.840215816498,1.0,1.0
2026-03-22T21:10:07.745-705391-566772,689,false,17.682292349923937,1,3538.840215816498,1.0,1.0
2026-03-22T21:10:07.745-705391-566772,121,false,10.227359505887879,1,3538.840215816498,1.0,1.0
2026-03-22T21:10:07.745-705391-566772,138,false,3.236664082593318,1,3538.840215816498,1.0,1.0
2026-03-22T21:10:07.745-705391-566772,216,false,2.993467406180006,1,3538.840215816498,1.0,1.0
2026-03-22T21:10:07.745-705391-566772,842,false,1.3701346151803964,1,3538.840215816498,1.0,1.0
2026-03-22T21:10:07.745-705391-566772,307,false,18.273577958544482,1,3538.840215816498,1.0,1.0
2026-03-22T21:10:07.745-705391-566772,429,false,20.634529342364594,1,3538.840215816498,1.0,1.0
2026-03-22T21:10:07.745-705391-566772,687,true,0.7647632641941472,1,3538.075452552304,1.0,0.877
2026-03-22T21:10:07.745-705391-566772,860,false,0.3946802986031587,1,3538.075452552304,1.0,1.0
2026-03-22T21:10:07.745-705391-566772,986,false,0.15052926517728732,1,3538.075452552304,1.0,1.0
2026-03-22T21:10:07.745-705391-566772,319,false,3.6636899049077454,1,3538.075452552304,1.0,1.0
2026-03-22T21:10:07.745-705391-566772,289,false,1.3555940792619006,1,3538.075452552304,1.0,1.0
2026-03-22T21:10:07.745-705391-566772,699,false,0.7408272000753642,1,3538.075452552304,1.0,1.0
2026-03-22T21:10:07.745-705391-566772,967,false,8.935583025747338,1,3538.075452552304,1.0,1.0
2026-03-22T21:10:07.745-705391-566772,783,true,6.653529616136644,1,3531.4219229361674,1.0,0.74
2026-03-22T21:10:07.745-705391-566772,367,false,3.1798947218385227,1,3531.4219229361674,1.0,1.0
2026-03-22T21:10:07.745-705391-566772,858,false,16.67220529443344,1,3531.4219229361674,1.0,1.0
2026-03-22T21:10:07.745-705391-566772,810,false,0.01714237613336699,1,3531.4219229361674,1.0,1.0
2026-03-22T21:10:07.745-705391-566772,310,false,0.24180882969340634,1,3531.4219229361674,1.0,1.0
2026-03-22T21:10:07.745-705391-566772,116,false,411.5006961473316,1,3531.4219229361674,1.0,1.0
2026-03-22T21:10:07.745-705391-566772,781,true,46.592005853464,1,3484.8299170827036,1.0,0.0010000000000000009
2026-03-22T21:10:07.745-705391-566772,164,false,0.5171648777964695,1,3484.8299170827036,1.0,1.0
2026-03-22T21:10:07.745-705391-566772,98,false,8.497175677181447,1,3484.8299170827036,1.0,1.0
2026-03-22T21:10:07.745-705391-566772,881,false,7.665909033424325,1,3484.8299170827036,1.0,1.0
2026-03-22T21:10:07.745-705391-566772,95,false,1.1592071685792267,1,3484.8299170827036,1.0,1.0
2026-03-22T21:10:07.745-705391-566772,339,false,3.6580465686644494,1,3484.8299170827036,1.0,1.0
2026-03-22T21:10:07.745-705391-566772,311,false,43.16794886124944,1,3484.8299170827036,1.0,1.0
2026-03-22T21:10:07.745-705391-566772,820,false,47.98305736982665,1,3484.8299170827036,1.0,1.0
2026-03-22T21:10:07.745-705391-566772,318,false,0.37357003150108836,1,3484.8299170827036,1.0,1.0
2026-03-22T21:10:07.745-705391-566772,9,false,0.7961230910836135,1,3484.8299170827036,1.0,1.0
2026-03-22T21:10:07.745-705391-566772,649,true,23.48602079670801,1,3461.3438962859955,1.0,0.681
2026-03-22T21:10:07.745-705391-566772,638,false,2.6303305761076365,1,3461.3438962859955,1.0,1.0
2026-03-22T21:10:07.745-705391-566772,880,false,5.114928076067367,1,3461.3438962859955,1.0,1.0
2026-03-22T21:10:07.745-705391-566772,440,false,68.87811123463263,1,3461.3438962859955,1.0,1.0
2026-03-22T21:10:07.745-705391-566772,536,false,44.752454862465235,1,3461.3438962859955,1.0,1.0
2026-03-22T21:10:07.745-705391-566772,207,false,35.15727797700483,1,3461.3438962859955,1.0,1.0
2026-03-22T21:10:07.745-705391-566772,706,false,0.13542930680693874,1,3461.3438962859955,1.0,1.0
2026-03-22T21:10:07.745-705391-566772,241,true,17.791497931246862,1,3443.5523983547487,1.0,0.0
2026-03-22T21:10:07.745-705391-566772,197,false,40.35640064059738,1,3443.5523983547487,1.0,1.0
2026-03-22T21:10:07.745-705391-566772,520,false,10.322774045923959,1,3443.5523983547487,1.0,1.0
2026-03-22T21:10:07.745-705391-566772,494,true,1020.8571526357057,1,2422.6952457190428,1.0,0.0
2026-03-22T21:10:07.745-705391-566772,552,false,0.8259498496000761,1,2422.6952457190428,1.0,1.0
2026-03-22T21:10:07.745-705391-566772,447,false,2.284494438978894,1,2422.6952457190428,1.0,1.0
2026-03-22T21:10:07.745-705391-566772,411,false,41.20129910375564,1,2422.6952457190428,1.0,1.0
2026-03-22T21:10:07.745-705391-566772,900,false,33.766046301811194,1,2422.6952457190428,1.0,1.0
2026-03-22T21:10:07.745-705391-566772,174,false,2.37635146402505,1,2422.6952457190428,1.0,1.0
2026-03-22T21:10:07.745-705391-566772,49,false,0.5133140915345198,1,2422.6952457190428,1.0,1.0
2026-03-22T21:10:07.745-705391-566772,852,false,281.4877486803875,1,2422.6952457190428,1.0,1.0
2026-03-22T21:10:07.745-705391-566772,716,false,12.478249788031414,1,2422.6952457190428,1.0,1.0
2026-03-22T21:10:07.745-705391-566772,18,false,0.24829536855209114,1,2422.6952457190428,1.0,1.0
2026-03-22T21:10:07.745-705391-566772,358,false,10.237154560045376,1,2422.6952457190428,1.0,1.0
2026-03-22T21:10:07.745-705391-566772,521,false,29.352322732565508,1,2422.6952457190428,1.0,1.0
2026-03-22T21:10:07.745-705391-566772,258,false,1.3466383749155446,1,2422.6952457190428,1.0,1.0
2026-03-22T21:10:07.745-705391-566772,596,false,6.31556695099873,1,2422.6952457190428,1.0,1.0
2026-03-22T21:10:07.745-705391-566772,514,false,0.1315036921861316,1,2422.6952457190428,1.0,1.0
2026-03-22T21:10:07.745-705391-566772,354,false,0.0870060957948659,1,2422.6952457190428,1.0,1.0
2026-03-22T21:10:07.745-705391-566772,487,true,1.1271377271048948,1,2421.5681079919377,1.0,0.0020000000000000018
2026-03-22T21:10:07.745-705391-566772,458,false,8.003880760172933,1,2421.5681079919377,1.0,1.0
2026-03-22T21:10:07.745-705391-566772,113,false,0.9338496369385243,1,2421.5681079919377,1.0,1.0
2026-03-22T21:10:07.745-705391-566772,62,false,0.18176040880439492,1,2421.5681079919377,1.0,1.0
2026-03-22T21:10:07.745-705391-566772,674,false,16.44124337621498,1,2421.5681079919377,1.0,1.0
2026-03-22T21:10:07.745-705391-566772,382,false,299.00840064612714,1,2421.5681079919377,1.0,1.0
2026-03-22T21:10:07.745-705391-566772,468,true,19.615594855560193,1,2401.9525131363775,1.0,0.725
2026-03-22T21:10:07.745-705391-566772,39,false,5.994537417930549,1,2401.9525131363775,1.0,1.0
2026-03-22T21:10:07.745-705391-566772,127,false,2.6941332384765104,1,2401.9525131363775,1.0,1.0
2026-03-22T21:10:07.745-705391-566772,760,false,90.80677145987259,1,2401.9525131363775,1.0,1.0
2026-03-22T21:10:07.745-705391-566772,264,false,13.608960053806062,1,2401.9525131363775,1.0,1.0
2026-03-22T21:10:07.745-705391-566772,531,false,3.901589204458293,1,2401.9525131363775,1.0,1.0
2026-03-22T21:10:07.745-705391-566772,672,true,1.361992601860068,1,2400.5905205345175,1.0,0.746
2026-03-22T21:10:07.745-705391-566772,556,false,2.9834533595038124,1,2400.5905205345175,1.0,1.0
2026-03-22T21:10:07.745-705391-566772,177,false,1.2994050640278312,1,2400.5905205345175,1.0,1.0
2026-03-22T21:10:07.745-705391-566772,930,true,1.045767779584904,1,2399.5447527549327,1.0,0.0
2026-03-22T21:10:07.745-705391-566772,782,true,0.9584582589382894,1,2398.5862944959945,1.0,0.0
2026-03-22T21:10:07.745-705391-566772,926,true,2.0375098126047217,1,2396.54878468339,1.0,0.0
2026-03-22T21:10:07.745-705391-566772,485,true,1.2783922303249202,1,2395.270392453065,1.0,0.0
2026-03-22T21:10:07.745-705391-566772,85,false,0.708638679337331,1,2395.270392453065,1.0,1.0
2026-03-22T21:10:07.745-705391-566772,175,false,6.485573739790171,1,2395.270392453065,1.0,1.0
2026-03-22T21:10:07.745-705391-566772,647,true,9.137708891490915,1,2386.132683561574,1.0,0.733
2026-03-22T21:10:07.745-705391-566772,600,false,1.16965876734914,1,2386.132683561574,1.0,1.0
2026-03-22T21:10:07.745-705391-566772,581,false,23.240430275562268,1,2386.132683561574,1.0,1.0
2026-03-22T21:10:07.745-705391-566772,397,false,0.1298169336604557,1,2386.132683561574,1.0,1.0
2026-03-22T21:10:07.745-705391-566772,903,false,3.1867495351261153,1,2386.132683561574,1.0,1.0
2026-03-22T21:10:07.745-705391-566772,465,true,5.490380204276872,1,2380.6423033572974,1.0,0.725
2026-03-22T21:10:07.745-705391-566772,569,false,0.3163819823969464,1,2380.6423033572974,1.0,1.0
2026-03-22T21:10:07.745-705391-566772,193,false,4.339040221827739,1,2380.6423033572974,1.0,1.0
2026-03-22T21:10:07.745-705391-566772,511,true,1.462366328173537,1,2379.1799370291237,1.0,0.0
2026-03-22T21:10:07.745-705391-566772,923,true,4.096779329685129,1,2375.0831576994387,1.0,0.0
2026-03-22T21:10:07.745-705391-566772,513,true,0.2819754383086005,1,2374.80118226113,1.0,0.722
2026-03-22T21:10:07.745-705391-566772,369,false,1.1518401759583907,1,2374.80118226113,1.0,1.0
2026-03-22T21:10:07.745-705391-566772,441,false,0.7790468018432034,1,2374.80118226113,1.0,1.0
2026-03-22T21:10:07.745-705391-566772,975,false,0.22843466922010006,1,2374.80118226113,1.0,1.0
2026-03-22T21:10:07.745-705391-566772,94,false,0.8551931004928124,1,2374.80118226113,1.0,1.0
2026-03-22T21:10:07.745-705391-566772,757,false,0.007799451822109971,1,2374.80118226113,1.0,1.0
2026-03-22T21:10:07.745-705391-566772,435,false,1.0417808327621183,1,2374.80118226113,1.0,1.0
2026-03-22T21:10:07.745-705391-566772,728,false,0.7943245770572168,1,2374.80118226113,1.0,1.0
2026-03-22T21:10:07.745-705391-566772,708,false,1.4262145443993355,1,2374.80118226113,1.0,1.0
2026-03-22T21:10:07.745-705391-566772,861,false,7.850110638342334,1,2374.80118226113,1.0,1.0
2026-03-22T21:10:07.745-705391-566772,831,false,2.719242561463027,1,2374.80118226113,1.0,1.0
2026-03-22T21:10:07.745-705391-566772,162,false,1.7833729264413738,1,2374.80118226113,1.0,1.0
2026-03-22T21:10:07.745-705391-566772,326,false,2.573895636071308,1,2374.80118226113,1.0,1.0
2026-03-22T21:10:07.745-705391-566772,388,false,0.09532254601935593,1,2374.80118226113,1.0,1.0
2026-03-22T21:10:07.745-705391-566772,470,true,33.61745932106752,1,2341.1837229400626,1.0,0.0
2026-03-22T21:10:07.745-705391-566772,322,false,10.202953136642682,1,2341.1837229400626,1.0,1.0
2026-03-22T21:10:07.745-705391-566772,940,false,6.167339407809117,1,2341.1837229400626,1.0,1.0
2026-03-22T21:10:07.745-705391-566772,946,false,0.48181432992205775,1,2341.1837229400626,1.0,1.0
2026-03-22T21:10:07.745-705391-566772,101,false,3.8288607698282817,1,2341.1837229400626,1.0,1.0
2026-03-22T21:10:07.745-705391-566772,75,false,17.99772817391174,1,2341.1837229400626,1.0,1.0
2026-03-22T21:10:07.745-705391-566772,276,false,0.781325525687858,1,2341.1837229400626,1.0,1.0
2026-03-22T21:10:07.745-705391-566772,748,false,1.315039580521356,1,2341.1837229400626,1.0,1.0
2026-03-22T21:10:07.745-705391-566772,541,false,0.12068483055945409,1,2341.1837229400626,1.0,1.0
2026-03-22T21:10:07.745-705391-566772,368,false,0.006424366577212016,1,2341.1837229400626,1.0,1.0
2026-03-22T21:10:07.745-705391-566772,942,false,11.599189345820976,1,2341.1837229400626,1.0,1.0
2026-03-22T21:10:07.745-705391-566772,279,false,0.18526072235217642,1,2341.1837229400626,1.0,1.0
2026-03-22T21:10:07.745-705391-566772,321,false,77.82891836054681,1,2341.1837229400626,1.0,1.0
2026-03-22T21:10:07.745-705391-566772,823,false,0.5538270127985354,1,2341.1837229400626,1.0,1.0
2026-03-22T21:10:07.745-705391-566772,959,false,2.924618204325779,1,2341.1837229400626,1.0,1.0
2026-03-22T21:10:07.745-705391-566772,308,false,8.871333663753033,1,2341.1837229400626,1.0,1.0
2026-03-22T21:10:07.745-705391-566772,332,false,0.14498570942337158,1,2341.1837229400626,1.0,1.0
2026-03-22T21:10:07.745-705391-566772,585,false,0.4008496655351925,1,2341.1837229400626,1.0,1.0
2026-03-22T21:10:07.745-705391-566772,185,false,19.355647167142884,1,2341.1837229400626,1.0,1.0
2026-03-22T21:10:07.745-705391-566772,762,false,22.65084432815142,1,2341.1837229400626,1.0,1.0
2026-03-22T21:10:07.745-705391-566772,908,false,0.48631586315328623,1,2341.1837229400626,1.0,1.0
2026-03-22T21:10:07.745-705391-566772,341,false,3.0145183660915493,1,2341.1837229400626,1.0,1.0
2026-03-22T21:10:07.745-705391-566772,171,false,0.4560419406911837,1,2341.1837229400626,1.0,1.0
2026-03-22T21:10:07.745-705391-566772,871,false,0.17741117728688577,1,2341.1837229400626,1.0,1.0
2026-03-22T21:10:07.745-705391-566772,375,false,0.24164805596109082,1,2341.1837229400626,1.0,1.0
2026-03-22T21:10:07.745-705391-566772,288,false,1.3464874940621556,1,2341.1837229400626,1.0,1.0
2026-03-22T21:10:07.745-705391-566772,437,false,8.087329655718854,1,2341.1837229400626,1.0,1.0
2026-03-22T21:10:07.745-705391-566772,65,false,6.081843299893097,1,2341.1837229400626,1.0,1.0
2026-03-22T21:10:07.745-705391-566772,779,true,24.033646154706563,1,2317.150076785356,1.0,0.0020000000000000018
2026-03-22T21:10:07.745-705391-566772,909,false,2.3498617800041024,1,2317.150076785356,1.0,1.0
2026-03-22T21:10:07.745-705391-566772,488,false,0.014801557030331295,1,2317.150076785356,1.0,1.0
2026-03-22T21:10:07.745-705391-566772,366,false,0.07149525703389206,1,2317.150076785356,1.0,1.0
2026-03-22T21:10:07.745-705391-566772,774,false,1.2387029229061972,1,2317.150076785356,1.0,1.0
2026-03-22T21:10:07.745-705391-566772,818,false,6.375993496080675,1,2317.150076785356,1.0,1.0
2026-03-22T21:10:07.745-705391-566772,284,false,0.7188960177886009,1,2317.150076785356,1.0,1.0
2026-03-22T21:10:07.745-705391-566772,598,false,0.2997719442195736,1,2317.150076785356,1.0,1.0
2026-03-22T21:10:07.745-705391-566772,451,false,20.83470105028958,1,2317.150076785356,1.0,1.0
2026-03-22T21:10:07.745-705391-566772,803,false,2.0893216216558934,1,2317.150076785356,1.0,1.0
2026-03-22T21:10:07.745-705391-566772,209,false,2.9444584686299535,1,2317.150076785356,1.0,1.0
2026-03-22T21:10:07.745-705391-566772,83,false,3.5200961696859205,1,2317.150076785356,1.0,1.0
2026-03-22T21:10:07.745-705391-566772,492,true,9.886807213912705,1,2307.2632695714433,1.0,0.0
2026-03-22T21:10:07.745-705391-566772,422,true,34.02637833378249,1,2273.236891237661,1.0,0.999
2026-03-22T21:10:07.745-705391-566772,563,false,5.224106639865615,1,2273.236891237661,1.0,1.0
2026-03-22T21:10:07.745-705391-566772,542,false,0.7049888368341347,1,2273.236891237661,1.0,1.0
2026-03-22T21:10:07.745-705391-566772,507,true,5.6085798476189535,1,2267.628311390042,1.0,0.0
2026-03-22T21:10:07.745-705391-566772,549,false,77.96851820113586,1,2267.628311390042,1.0,1.0
2026-03-22T21:10:07.745-705391-566772,902,false,0.8550235382023549,1,2267.628311390042,1.0,1.0
2026-03-22T21:10:07.745-705391-566772,653,true,0.5993285559341995,1,2267.028982834108,1.0,0.018000000000000016
2026-03-22T21:10:07.745-705391-566772,184,false,0.9026664202446166,1,2267.028982834108,1.0,1.0
2026-03-22T21:10:07.745-705391-566772,537,false,31.106940061892384,1,2267.028982834108,1.0,1.0
2026-03-22T21:10:07.745-705391-566772,982,false,4.999418874915445,1,2267.028982834108,1.0,1.0
2026-03-22T21:10:07.745-705391-566772,824,false,2.814339121053035,1,2267.028982834108,1.0,1.0
2026-03-22T21:10:07.745-705391-566772,998,false,16.081252370793496,1,2267.028982834108,1.0,1.0
2026-03-22T21:10:07.745-705391-566772,696,false,0.034466613698235726,1,2267.028982834108,1.0,1.0
2026-03-22T21:10:07.745-705391-566772,40,false,3.7797845997214834,1,2267.028982834108,1.0,1.0
2026-03-22T21:10:07.745-705391-566772,604,false,0.07375511802427435,1,2267.028982834108,1.0,1.0
2026-03-22T21:10:07.745-705391-566772,877,false,0.49896147329740853,1,2267.028982834108,1.0,1.0
2026-03-22T21:10:07.745-705391-566772,60,false,2.005769316020363,1,2267.028982834108,1.0,1.0
2026-03-22T21:10:07.745-705391-566772,765,false,0.5987487283683178,1,2267.028982834108,1.0,1.0
2026-03-22T21:10:07.745-705391-566772,954,false,0.20458943283136397,1,2267.028982834108,1.0,1.0
2026-03-22T21:10:07.745-705391-566772,540,false,3.4064464317540155,1,2267.028982834108,1.0,1.0
2026-03-22T21:10:07.745-705391-566772,453,false,0.1737340820165882,1,2267.028982834108,1.0,1.0
2026-03-22T21:10:07.745-705391-566772,953,false,1.1001109764859096,1,2267.028982834108,1.0,1.0
2026-03-22T21:10:07.745-705391-566772,785,true,11.260039734350967,1,2255.768943099757,1.0,0.0
2026-03-22T21:10:07.745-705391-566772,205,false,0.35908318543511586,1,2255.768943099757,1.0,1.0
2026-03-22T21:10:07.745-705391-566772,746,false,3.2035676406156144,1,2255.768943099757,1.0,1.0
2026-03-22T21:10:07.745-705391-566772,266,false,1.7549288082012011,1,2255.768943099757,1.0,1.0
2026-03-22T21:10:07.745-705391-566772,323,false,8.149342521047902,1,2255.768943099757,1.0,1.0
2026-03-22T21:10:07.745-705391-566772,789,false,1.0876706399673974,1,2255.768943099757,1.0,1.0
2026-03-22T21:10:07.745-705391-566772,86,false,0.9778212248248047,1,2255.768943099757,1.0,1.0
2026-03-22T21:10:07.745-705391-566772,73,false,15.967538140425273,1,2255.768943099757,1.0,1.0
2026-03-22T21:10:07.745-705391-566772,788,true,3.9560297856669484,1,2251.81291331409,1.0,0.719
2026-03-22T21:10:07.745-705391-566772,889,false,3.243501456929971,1,2251.81291331409,1.0,1.0
2026-03-22T21:10:07.745-705391-566772,343,false,3.262891709520272,1,2251.81291331409,1.0,1.0
2026-03-22T21:10:07.745-705391-566772,50,false,12.071410018735776,1,2251.81291331409,1.0,1.0
2026-03-22T21:10:07.745-705391-566772,439,false,2.346866506888885,1,2251.81291331409,1.0,1.0
2026-03-22T21:10:07.745-705391-566772,181,false,567.7160090852877,1,2251.81291331409,1.0,1.0
2026-03-22T21:10:07.745-705391-566772,868,false,4.976676017796,1,2251.81291331409,1.0,1.0
2026-03-22T21:10:07.745-705391-566772,316,false,32.413475954176434,1,2251.81291331409,1.0,1.0
2026-03-22T21:10:07.745-705391-566772,669,true,14.217331758107363,1,2237.595581555983,1.0,0.0
2026-03-22T21:10:07.745-705391-566772,21,false,13.869764927513152,1,2237.595581555983,1.0,1.0
2026-03-22T21:10:07.745-705391-566772,916,false,4.897607324552943,1,2237.595581555983,1.0,1.0
2026-03-22T21:10:07.745-705391-566772,337,false,1.4662923792693878,1,2237.595581555983,1.0,1.0
2026-03-22T21:10:07.745-705391-566772,380,false,4.041409389940851,1,2237.595581555983,1.0,1.0
2026-03-22T21:10:07.745-705391-566772,968,false,16.207358957804168,1,2237.595581555983,1.0,1.0
2026-03-22T21:10:07.745-705391-566772,398,false,10.427487989377282,1,2237.595581555983,1.0,1.0
2026-03-22T21:10:07.745-705391-566772,432,false,25.030749656928084,1,2237.595581555983,1.0,1.0
2026-03-22T21:10:07.745-705391-566772,396,false,102.60196841149454,1,2237.595581555983,1.0,1.0
2026-03-22T21:10:07.745-705391-566772,84,false,12.67755175768424,1,2237.595581555983,1.0,1.0
2026-03-22T21:10:07.745-705391-566772,671,true,10.013272910881788,1,2227.582308645101,1.0,0.0
2026-03-22T21:10:07.745-705391-566772,826,false,9.030593792158262,1,2227.582308645101,1.0,1.0
2026-03-22T21:10:07.745-705391-566772,466,true,0.47587110470665916,1,2227.1064375403944,1.0,0.0010000000000000009
2026-03-22T21:10:07.745-705391-566772,427,false,1.5853325498267585,1,2227.1064375403944,1.0,1.0
2026-03-22T21:10:07.745-705391-566772,933,true,11.460617729981312,1,2215.6458198104133,1.0,0.0
2026-03-22T21:10:07.745-705391-566772,293,false,0.42200143606189183,1,2215.6458198104133,1.0,1.0
2026-03-22T21:10:07.745-705391-566772,428,false,0.2359587975881567,1,2215.6458198104133,1.0,1.0
2026-03-22T21:10:07.745-705391-566772,792,false,7.445796750017285,1,2215.6458198104133,1.0,1.0
2026-03-22T21:10:07.745-705391-566772,703,false,0.03496224719172578,1,2215.6458198104133,1.0,1.0
2026-03-22T21:10:07.745-705391-566772,721,false,0.10925871857676396,1,2215.6458198104133,1.0,1.0
2026-03-22T21:10:07.745-705391-566772,610,false,9.92958990052836,1,2215.6458198104133,1.0,1.0
2026-03-22T21:10:07.745-705391-566772,409,false,4.576995547516114,1,2215.6458198104133,1.0,1.0
2026-03-22T21:10:07.745-705391-566772,862,false,2.8262992524076833,1,2215.6458198104133,1.0,1.0
2026-03-22T21:10:07.745-705391-566772,238,true,4.482288119619136,1,2211.163531690794,1.0,0.881
2026-03-22T21:10:07.745-705391-566772,759,false,0.23673811609581247,1,2211.163531690794,1.0,1.0
2026-03-22T21:10:07.745-705391-566772,153,false,0.8649166394318472,1,2211.163531690794,1.0,1.0
2026-03-22T21:10:07.745-705391-566772,605,false,0.07902748435278523,1,2211.163531690794,1.0,1.0
2026-03-22T21:10:07.745-705391-566772,83,false,3.5200961696859205,2,2211.163531690794,1.0,1.0
2026-03-22T21:10:07.745-705391-566772,13,false,692.2084317802942,2,2211.163531690794,1.0,1.0
2026-03-22T21:10:07.745-705391-566772,23,false,1.674780287921748,2,2211.163531690794,1.0,1.0
2026-03-22T21:10:07.745-705391-566772,945,false,0.8020789100721744,2,2211.163531690794,1.0,1.0
2026-03-22T21:10:07.745-705391-566772,757,false,0.007799451822109971,2,2211.163531690794,1.0,1.0
2026-03-22T21:10:07.745-705391-566772,221,false,588.728943788081,2,2211.163531690794,1.0,1.0
2026-03-22T21:10:07.745-705391-566772,183,false,1.6447601512828236,2,2211.163531690794,1.0,1.0
2026-03-22T21:10:07.745-705391-566772,777,true,2.5498711884722227,2,2208.613660502322,1.0,0.696
2026-03-22T21:10:07.745-705391-566772,629,false,4.6189916118201415,2,2208.613660502322,1.0,1.0
2026-03-22T21:10:07.745-705391-566772,739,false,48.634728033038165,2,2208.613660502322,1.0,1.0
2026-03-22T21:10:07.745-705391-566772,634,false,2.0603372291878745,2,2208.613660502322,1.0,1.0
2026-03-22T21:10:07.745-705391-566772,793,false,4.043067272197129,2,2208.613660502322,1.0,1.0
2026-03-22T21:10:07.745-705391-566772,135,false,0.32390122685375367,2,2208.613660502322,1.0,1.0
2026-03-22T21:10:07.745-705391-566772,849,false,0.17004464050548815,2,2208.613660502322,1.0,1.0
2026-03-22T21:10:07.745-705391-566772,829,false,8.844427921433748,2,2208.613660502322,1.0,1.0
2026-03-22T21:10:07.745-705391-566772,268,false,0.3303828188327724,2,2208.613660502322,1.0,1.0
2026-03-22T21:10:07.745-705391-566772,608,false,9.807670969325022,2,2208.613660502322,1.0,1.0
2026-03-22T21:10:07.745-705391-566772,386,false,0.5041869497397752,2,2208.613660502322,1.0,1.0
2026-03-22T21:10:07.745-705391-566772,140,false,59.73844615288378,2,2208.613660502322,1.0,1.0
2026-03-22T21:10:07.745-705391-566772,803,false,2.0893216216558934,2,2208.613660502322,1.0,1.0
2026-03-22T21:10:07.745-705391-566772,143,false,4.067525296804368,2,2208.613660502322,1.0,1.0
2026-03-22T21:10:07.745-705391-566772,620,false,21.167221537717264,2,2208.613660502322,1.0,1.0
2026-03-22T21:10:07.745-705391-566772,721,false,0.10925871857676396,2,2208.613660502322,1.0,1.0
2026-03-22T21:10:07.745-705391-566772,256,false,3.2125988798050074,2,2208.613660502322,1.0,1.0
2026-03-22T21:10:07.745-705391-566772,298,false,56.44318263337562,2,2208.613660502322,1.0,1.0
2026-03-22T21:10:07.745-705391-566772,866,false,0.24755038484687206,2,2208.613660502322,1.0,1.0
2026-03-22T21:10:07.745-705391-566772,615,false,12.50226284795505,2,2208.613660502322,1.0,1.0
2026-03-22T21:10:07.745-705391-566772,790,true,0.40068496684155347,2,2208.2129755354804,1.0,0.731
2026-03-22T21:10:07.745-705391-566772,987,false,0.21549488731606306,2,2208.2129755354804,1.0,1.0
2026-03-22T21:10:07.745-705391-566772,915,false,31.791887634963707,2,2208.2129755354804,1.0,1.0
2026-03-22T21:10:07.745-705391-566772,127,false,2.6941332384765104,2,2208.2129755354804,1.0,1.0
2026-03-22T21:10:07.745-705391-566772,871,false,0.17741117728688577,2,2208.2129755354804,1.0,1.0
2026-03-22T21:10:07.745-705391-566772,195,false,105.57849673604775,2,2208.2129755354804,1.0,1.0
2026-03-22T21:10:07.745-705391-566772,342,false,0.6202467495073115,2,2208.2129755354804,1.0,1.0
2026-03-22T21:10:07.745-705391-566772,209,false,2.9444584686299535,2,2208.2129755354804,1.0,1.0
2026-03-22T21:10:07.745-705391-566772,848,false,2.3634477488505445,2,2208.2129755354804,1.0,1.0
2026-03-22T21:10:07.745-705391-566772,319,false,3.6636899049077454,2,2208.2129755354804,1.0,1.0
2026-03-22T21:10:07.745-705391-566772,77,false,3.6814451554921326,2,2208.2129755354804,1.0,1.0
2026-03-22T21:10:07.745-705391-566772,80,false,371.55167488519413,2,2208.2129755354804,1.0,1.0
2026-03-22T21:10:07.745-705391-566772,518,false,0.2023974927565166,2,2208.2129755354804,1.0,1.0
2026-03-22T21:10:07.745-705391-566772,719,false,2.79545727329066,2,2208.2129755354804,1.0,1.0
2026-03-22T21:10:07.745-705391-566772,527,false,326.2430424671285,2,2208.2129755354804,1.0,1.0
2026-03-22T21:10:07.745-705391-566772,893,false,0.24291974517929102,2,2208.2129755354804,1.0,1.0
2026-03-22T21:10:07.745-705391-566772,612,false,2.2819867956964317,2,2208.2129755354804,1.0,1.0
2026-03-22T21:10:07.745-705391-566772,780,true,4.163160107718866,2,2204.0498154277616,1.0,0.0
2026-03-22T21:10:07.745-705391-566772,296,false,4.855178922813361,2,2204.0498154277616,1.0,1.0
2026-03-22T21:10:07.745-705391-566772,853,false,15.36798738820812,2,2204.0498154277616,1.0,1.0
2026-03-22T21:10:07.745-705391-566772,997,false,0.8314983865048666,2,2204.0498154277616,1.0,1.0
2026-03-22T21:10:07.745-705391-566772,831,false,2.719242561463027,2,2204.0498154277616,1.0,1.0
2026-03-22T21:10:07.745-705391-566772,975,false,0.22843466922010006,2,2204.0498154277616,1.0,1.0
2026-03-22T21:10:07.745-705391-566772,30,false,11.727948654106642,2,2204.0498154277616,1.0,1.0
2026-03-22T21:10:07.745-705391-566772,614,false,79.84871193720429,2,2204.0498154277616,1.0,1.0
2026-03-22T21:10:07.745-705391-566772,633,false,6.003765458193208,2,2204.0498154277616,1.0,1.0
2026-03-22T21:10:07.745-705391-566772,331,false,0.20708443366499946,2,2204.0498154277616,1.0,1.0
2026-03-22T21:10:07.745-705391-566772,855,false,8.255640940477324,2,2204.0498154277616,1.0,1.0
2026-03-22T21:10:07.745-705391-566772,749,false,2.470333156901956,2,2204.0498154277616,1.0,1.0
2026-03-22T21:10:07.745-705391-566772,906,false,2.5605554101314416,2,2204.0498154277616,1.0,1.0
2026-03-22T21:10:07.745-705391-566772,847,false,0.5891477485878618,2,2204.0498154277616,1.0,1.0
2026-03-22T21:10:07.745-705391-566772,733,false,1.436253628161437,2,2204.0498154277616,1.0,1.0
2026-03-22T21:10:07.745-705391-566772,284,false,0.7188960177886009,2,2204.0498154277616,1.0,1.0
2026-03-22T21:10:07.745-705391-566772,377,false,4.58457273719442,2,2204.0498154277616,1.0,1.0
2026-03-22T21:10:07.745-705391-566772,937,false,4.675348247321787,2,2204.0498154277616,1.0,1.0
2026-03-22T21:10:07.745-705391-566772,529,false,143.69206817981973,2,2204.0498154277616,1.0,1.0
2026-03-22T21:10:07.745-705391-566772,334,false,0.10910484515440032,2,2204.0498154277616,1.0,1.0
2026-03-22T21:10:07.745-705391-566772,219,false,2.472488401879144,2,2204.0498154277616,1.0,1.0
2026-03-22T21:10:07.745-705391-566772,562,false,1.028040907256136,2,2204.0498154277616,1.0,1.0
2026-03-22T21:10:07.745-705391-566772,92,false,12.03429475257343,2,2204.0498154277616,1.0,1.0
2026-03-22T21:10:07.745-705391-566772,643,true,0.667471645643324,2,2203.3823437821184,1.0,0.9410000000000001
2026-03-22T21:10:07.745-705391-566772,54,false,0.7703630639468677,2,2203.3823437821184,1.0,1.0
2026-03-22T21:10:07.745-705391-566772,765,false,0.5987487283683178,2,2203.3823437821184,1.0,1.0
2026-03-22T21:10:07.745-705391-566772,61,false,0.3032919231341881,2,2203.3823437821184,1.0,1.0
2026-03-22T21:10:07.745-705391-566772,52,false,6.007900734023112,2,2203.3823437821184,1.0,1.0
2026-03-22T21:10:07.745-705391-566772,957,false,0.6142416188022196,2,2203.3823437821184,1.0,1.0
2026-03-22T21:10:07.745-705391-566772,533,false,1.1752416574976359,2,2203.3823437821184,1.0,1.0
2026-03-22T21:10:07.745-705391-566772,144,false,4.555208240196926,2,2203.3823437821184,1.0,1.0
2026-03-22T21:10:07.745-705391-566772,194,false,0.17286877967085737,2,2203.3823437821184,1.0,1.0
2026-03-22T21:10:07.745-705391-566772,444,false,0.1571131779473026,2,2203.3823437821184,1.0,1.0
2026-03-22T21:10:07.745-705391-566772,401,false,0.0440146272458555,2,2203.3823437821184,1.0,1.0
2026-03-22T21:10:07.745-705391-566772,899,false,4.427313364800087,2,2203.3823437821184,1.0,1.0
2026-03-22T21:10:07.745-705391-566772,917,false,2.486656848439989,2,2203.3823437821184,1.0,1.0
2026-03-22T21:10:07.745-705391-566772,378,false,3.9873656031603377,2,2203.3823437821184,1.0,1.0
2026-03-22T21:10:07.745-705391-566772,325,false,0.2927720760118918,2,2203.3823437821184,1.0,1.0
2026-03-22T21:10:07.745-705391-566772,1000,false,3.887490649058654,2,2203.3823437821184,1.0,1.0
2026-03-22T21:10:07.745-705391-566772,958,false,1.5089648299279248,2,2203.3823437821184,1.0,1.0
2026-03-22T21:10:07.745-705391-566772,227,false,0.03211366590158662,2,2203.3823437821184,1.0,1.0
2026-03-22T21:10:07.745-705391-566772,270,false,0.2898114030003131,2,2203.3823437821184,1.0,1.0
2026-03-22T21:10:07.745-705391-566772,664,true,0.3503910594696029,2,2203.031952722649,1.0,0.0
2026-03-22T21:10:07.745-705391-566772,4,false,3.435811222352665,2,2203.031952722649,1.0,1.0
2026-03-22T21:10:07.745-705391-566772,769,false,0.41693729046719424,2,2203.031952722649,1.0,1.0
2026-03-22T21:10:07.745-705391-566772,382,false,299.00840064612714,2,2203.031952722649,1.0,1.0
2026-03-22T21:10:07.745-705391-566772,703,false,0.03496224719172578,2,2203.031952722649,1.0,1.0
2026-03-22T21:10:07.745-705391-566772,419,true,26.787555185252195,2,2176.2443975373967,1.0,0.7170000000000001
2026-03-22T21:10:07.745-705391-566772,625,false,7.753171669860294,2,2176.2443975373967,1.0,1.0
2026-03-22T21:10:07.745-705391-566772,84,false,12.67755175768424,2,2176.2443975373967,1.0,1.0
2026-03-22T21:10:07.745-705391-566772,246,true,1.286228495518437,2,2174.958169041878,1.0,0.0
2026-03-22T21:10:07.745-705391-566772,1,false,1.3978993299621665,2,2174.958169041878,1.0,1.0
2026-03-22T21:10:07.745-705391-566772,121,false,10.227359505887879,2,2174.958169041878,1.0,1.0
2026-03-22T21:10:07.745-705391-566772,441,false,0.7790468018432034,2,2174.958169041878,1.0,1.0
2026-03-22T21:10:07.745-705391-566772,817,false,0.2891691968241543,2,2174.958169041878,1.0,1.0
2026-03-22T21:10:07.745-705391-566772,65,false,6.081843299893097,2,2174.958169041878,1.0,1.0
2026-03-22T21:10:07.745-705391-566772,462,true,4.5768851432343745,2,2170.3812838986437,1.0,0.944
2026-03-22T21:10:07.745-705391-566772,395,false,1.2766731331742613,2,2170.3812838986437,1.0,1.0
2026-03-22T21:10:07.745-705391-566772,303,false,6.36172500848262,2,2170.3812838986437,1.0,1.0
2026-03-22T21:10:07.745-705391-566772,437,false,8.087329655718854,2,2170.3812838986437,1.0,1.0
2026-03-22T21:10:07.745-705391-566772,103,false,6.981699054519706,2,2170.3812838986437,1.0,1.0
2026-03-22T21:10:07.745-705391-566772,176,false,7.549436655045313,2,2170.3812838986437,1.0,1.0
2026-03-22T21:10:07.745-705391-566772,90,false,184.1377391840587,2,2170.3812838986437,1.0,1.0
2026-03-22T21:10:07.745-705391-566772,789,true,1.0876706399673974,2,2169.2936132586765,1.0,0.0030000000000000027
2026-03-22T21:10:07.745-705391-566772,773,false,0.37150451081786506,2,2169.2936132586765,1.0,1.0
2026-03-22T21:10:07.745-705391-566772,391,false,0.08811934226962224,2,2169.2936132586765,1.0,1.0
2026-03-22T21:10:07.745-705391-566772,104,false,1.4282404731212308,2,2169.2936132586765,1.0,1.0
2026-03-22T21:10:07.745-705391-566772,235,true,179.86855773034424,2,1989.4250555283322,1.0,0.835
2026-03-22T21:10:07.745-705391-566772,571,false,65.82362662507163,2,1989.4250555283322,1.0,1.0
2026-03-22T21:10:07.745-705391-566772,70,true,4.787017607196713,2,1984.6380379211355,1.0,0.014000000000000012
2026-03-22T21:10:07.745-705391-566772,211,false,0.621961997381977,2,1984.6380379211355,1.0,1.0
2026-03-22T21:10:07.745-705391-566772,416,true,0.5424647101330629,2,1984.0955732110024,1.0,0.71
2026-03-22T21:10:07.745-705391-566772,406,false,0.10923884099556513,2,1984.0955732110024,1.0,1.0
2026-03-22T21:10:07.745-705391-566772,984,false,0.571329801408348,2,1984.0955732110024,1.0,1.0
2026-03-22T21:10:07.745-705391-566772,943,false,224.5394395769499,2,1984.0955732110024,1.0,1.0
2026-03-22T21:10:07.745-705391-566772,891,false,6.636122360533035,2,1984.0955732110024,1.0,1.0
2026-03-22T21:10:07.745-705391-566772,624,false,3.795219686845285,2,1984.0955732110024,1.0,1.0
2026-03-22T21:10:07.745-705391-566772,681,false,2.715494588732909,2,1984.0955732110024,1.0,1.0
2026-03-22T21:10:07.745-705391-566772,286,false,20.776602574214632,2,1984.0955732110024,1.0,1.0
2026-03-22T21:10:07.745-705391-566772,418,true,0.5309409741501743,2,1983.5646322368523,1.0,0.0010000000000000009
2026-03-22T21:10:07.745-705391-566772,941,false,6.785153311060745,2,1983.5646322368523,1.0,1.0
2026-03-22T21:10:07.745-705391-566772,947,false,0.36001572880737104,2,1983.5646322368523,1.0,1.0
2026-03-22T21:10:07.745-705391-566772,576,false,9.851167633549395,2,1983.5646322368523,1.0,1.0
2026-03-22T21:10:07.745-705391-566772,120,false,12.167791977623137,2,1983.5646322368523,1.0,1.0
2026-03-22T21:10:07.745-705391-566772,605,false,0.07902748435278523,2,1983.5646322368523,1.0,1.0
2026-03-22T21:10:07.745-705391-566772,151,false,7.246156725731645,2,1983.5646322368523,1.0,1.0
2026-03-22T21:10:07.745-705391-566772,603,false,11.331870469411653,2,1983.5646322368523,1.0,1.0
2026-03-22T21:10:07.745-705391-566772,415,true,2.1323820111586382,2,1981.4322502256937,1.0,0.0020000000000000018
2026-03-22T21:10:07.745-705391-566772,807,false,1.5595806387531481,2,1981.4322502256937,1.0,1.0
2026-03-22T21:10:07.745-705391-566772,302,false,1.5680561333695509,2,1981.4322502256937,1.0,1.0
2026-03-22T21:10:07.745-705391-566772,427,false,1.5853325498267585,2,1981.4322502256937,1.0,1.0
2026-03-22T21:10:07.745-705391-566772,410,false,5.900503931165975,2,1981.4322502256937,1.0,1.0
2026-03-22T21:10:07.745-705391-566772,37,false,3.7710278259098526,2,1981.4322502256937,1.0,1.0
2026-03-22T21:10:07.745-705391-566772,961,false,4.044524521613997,2,1981.4322502256937,1.0,1.0
2026-03-22T21:10:07.745-705391-566772,523,false,1.8624626272046443,2,1981.4322502256937,1.0,1.0
2026-03-22T21:10:07.745-705391-566772,75,false,17.99772817391174,2,1981.4322502256937,1.0,1.0
2026-03-22T21:10:07.745-705391-566772,881,false,7.665909033424325,2,1981.4322502256937,1.0,1.0
2026-03-22T21:10:07.745-705391-566772,938,true,14.036688990655662,2,1967.395561235038,1.0,0.877
2026-03-22T21:10:07.745-705391-566772,461,true,1.08534678977286,2,1966.3102144452653,1.0,0.871
2026-03-22T21:10:07.745-705391-566772,292,false,0.2227505863154569,2,1966.3102144452653,1.0,1.0
2026-03-22T21:10:07.745-705391-566772,631,false,28.135006672496257,2,1966.3102144452653,1.0,1.0
2026-03-22T21:10:07.745-705391-566772,558,false,3.6285838386195386,2,1966.3102144452653,1.0,1.0
2026-03-22T21:10:07.745-705391-566772,205,false,0.35908318543511586,2,1966.3102144452653,1.0,1.0
2026-03-22T21:10:07.745-705391-566772,587,false,2.7397392714279922,2,1966.3102144452653,1.0,1.0
2026-03-22T21:10:07.745-705391-566772,230,false,6.766813575508707,2,1966.3102144452653,1.0,1.0
2026-03-22T21:10:07.745-705391-566772,132,false,201.8799245536153,2,1966.3102144452653,1.0,1.0
2026-03-22T21:10:07.745-705391-566772,551,false,0.3445428731772904,2,1966.3102144452653,1.0,1.0
2026-03-22T21:10:07.745-705391-566772,295,false,0.2531116784691171,2,1966.3102144452653,1.0,1.0
2026-03-22T21:10:07.745-705391-566772,2,false,4.929503358732801,2,1966.3102144452653,1.0,1.0
2026-03-22T21:10:07.745-705391-566772,568,false,3.2525161513144094,2,1966.3102144452653,1.0,1.0
2026-03-22T21:10:07.745-705391-566772,85,false,0.708638679337331,2,1966.3102144452653,1.0,1.0
2026-03-22T21:10:07.745-705391-566772,314,false,16.640510062044957,2,1966.3102144452653,1.0,1.0
2026-03-22T21:10:07.745-705391-566772,212,false,0.5312440467708707,2,1966.3102144452653,1.0,1.0
2026-03-22T21:10:07.745-705391-566772,383,false,3.742404683416628,2,1966.3102144452653,1.0,1.0
2026-03-22T21:10:07.745-705391-566772,741,false,4.742941873981703,2,1966.3102144452653,1.0,1.0
2026-03-22T21:10:07.745-705391-566772,250,false,87.24143379812726,2,1966.3102144452653,1.0,1.0
2026-03-22T21:10:07.745-705391-566772,181,false,567.7160090852877,2,1966.3102144452653,1.0,1.0
2026-03-22T21:10:07.745-705391-566772,844,false,5.040749897462861,2,1966.3102144452653,1.0,1.0
2026-03-22T21:10:07.745-705391-566772,435,false,1.0417808327621183,2,1966.3102144452653,1.0,1.0
2026-03-22T21:10:07.745-705391-566772,496,false,0.07807480841302372,2,1966.3102144452653,1.0,1.0
2026-03-22T21:10:07.745-705391-566772,124,false,0.419785617601962,2,1966.3102144452653,1.0,1.0
2026-03-22T21:10:07.745-705391-566772,677,false,34.13270641472483,2,1966.3102144452653,1.0,1.0
2026-03-22T21:10:07.745-705391-566772,846,false,9.114187904343478,2,1966.3102144452653,1.0,1.0
2026-03-22T21:10:07.745-705391-566772,451,false,20.83470105028958,2,1966.3102144452653,1.0,1.0
2026-03-22T21:10:07.745-705391-566772,963,false,4.354877783909594,2,1966.3102144452653,1.0,1.0
2026-03-22T21:10:07.745-705391-566772,602,false,9.330866957876333,2,1966.3102144452653,1.0,1.0
2026-03-22T21:10:07.745-705391-566772,813,false,0.6526505319886574,2,1966.3102144452653,1.0,1.0
2026-03-22T21:10:07.745-705391-566772,321,false,77.82891836054681,2,1966.3102144452653,1.0,1.0
2026-03-22T21:10:07.745-705391-566772,673,true,8.175926028335528,2,1958.1342884169298,1.0,0.0
2026-03-22T21:10:07.745-705391-566772,971,false,1.0963477848874958,2,1958.1342884169298,1.0,1.0
2026-03-22T21:10:07.745-705391-566772,67,true,10.875458038248189,2,1947.2588303786818,1.0,0.0010000000000000009
2026-03-22T21:10:07.745-705391-566772,159,false,2.6210350632590202,2,1947.2588303786818,1.0,1.0
2026-03-22T21:10:07.745-705391-566772,570,false,10.249156956946193,2,1947.2588303786818,1.0,1.0
2026-03-22T21:10:07.745-705391-566772,449,false,8.919324324298799,2,1947.2588303786818,1.0,1.0
2026-03-22T21:10:07.745-705391-566772,5,false,13.249334300001705,2,1947.2588303786818,1.0,1.0
2026-03-22T21:10:07.745-705391-566772,754,false,0.32083011912747234,2,1947.2588303786818,1.0,1.0
2026-03-22T21:10:07.745-705391-566772,543,false,3.868876328166667,2,1947.2588303786818,1.0,1.0
2026-03-22T21:10:07.745-705391-566772,914,false,0.889142696598138,2,1947.2588303786818,1.0,1.0
2026-03-22T21:10:07.745-705391-566772,329,false,0.09276595937434375,2,1947.2588303786818,1.0,1.0
2026-03-22T21:10:07.745-705391-566772,827,false,3.2922046727537744,2,1947.2588303786818,1.0,1.0
2026-03-22T21:10:07.745-705391-566772,271,true,5.837615714426172,2,1941.4212146642556,1.0,0.856
2026-03-22T21:10:07.745-705391-566772,327,false,0.08106527786127464,2,1941.4212146642556,1.0,1.0
2026-03-22T21:10:07.745-705391-566772,638,false,2.6303305761076365,2,1941.4212146642556,1.0,1.0
2026-03-22T21:10:07.745-705391-566772,148,false,1.3582026209237192,2,1941.4212146642556,1.0,1.0
2026-03-22T21:10:07.745-705391-566772,425,true,3.1770473798994097,2,1938.244167284356,1.0,0.726
2026-03-22T21:10:07.745-705391-566772,170,false,2.4731718428692253,2,1938.244167284356,1.0,1.0
2026-03-22T21:10:07.745-705391-566772,60,false,2.005769316020363,2,1938.244167284356,1.0,1.0
2026-03-22T21:10:07.745-705391-566772,778,true,284.7273320323958,2,1653.5168352519604,1.0,0.0
2026-03-22T21:10:07.745-705391-566772,756,false,10.00134994246106,2,1653.5168352519604,1.0,1.0
2026-03-22T21:10:07.745-705391-566772,627,false,271.39250505235685,2,1653.5168352519604,1.0,1.0
2026-03-22T21:10:07.745-705391-566772,343,false,3.262891709520272,2,1653.5168352519604,1.0,1.0
2026-03-22T21:10:07.745-705391-566772,593,false,6.686030522616271,2,1653.5168352519604,1.0,1.0
2026-03-22T21:10:07.745-705391-566772,993,false,0.1545224647278,2,1653.5168352519604,1.0,1.0
2026-03-22T21:10:07.745-705391-566772,919,true,26.498538745627027,2,1627.0182965063334,1.0,0.864
2026-03-22T21:10:07.745-705391-566772,222,false,0.25280126427017563,2,1627.0182965063334,1.0,1.0
2026-03-22T21:10:07.745-705391-566772,735,false,0.393313878790096,2,1627.0182965063334,1.0,1.0
2026-03-22T21:10:07.745-705391-566772,858,false,16.67220529443344,2,1627.0182965063334,1.0,1.0
2026-03-22T21:10:07.745-705391-566772,279,false,0.18526072235217642,2,1627.0182965063334,1.0,1.0
2026-03-22T21:10:07.745-705391-566772,201,false,0.7850300058182592,2,1627.0182965063334,1.0,1.0
2026-03-22T21:10:07.745-705391-566772,6,false,16.34352531768148,2,1627.0182965063334,1.0,1.0
2026-03-22T21:10:07.745-705391-566772,588,false,4.251245430339052,2,1627.0182965063334,1.0,1.0
2026-03-22T21:10:07.745-705391-566772,38,false,8.659185907720394,2,1627.0182965063334,1.0,1.0
2026-03-22T21:10:07.745-705391-566772,869,false,21.47724613620119,2,1627.0182965063334,1.0,1.0
2026-03-22T21:10:07.745-705391-566772,711,false,67.16232331005891,2,1627.0182965063334,1.0,1.0
2026-03-22T21:10:07.745-705391-566772,74,false,4.75899504403669,2,1627.0182965063334,1.0,1.0
2026-03-22T21:10:07.745-705391-566772,358,false,10.237154560045376,2,1627.0182965063334,1.0,1.0
2026-03-22T21:10:07.745-705391-566772,525,false,0.4170670102963931,2,1627.0182965063334,1.0,1.0
2026-03-22T21:10:07.745-705391-566772,102,false,3.517447393317081,2,1627.0182965063334,1.0,1.0
2026-03-22T21:10:07.745-705391-566772,413,true,92.2408025707112,2,1534.7774939356223,1.0,0.0
2026-03-22T21:10:07.745-705391-566772,105,false,24.02858970637838,2,1534.7774939356223,1.0,1.0
2026-03-22T21:10:07.745-705391-566772,737,false,0.6908514210652733,2,1534.7774939356223,1.0,1.0
2026-03-22T21:10:07.745-705391-566772,966,false,3.173597302362691,2,1534.7774939356223,1.0,1.0
2026-03-22T21:10:07.745-705391-566772,566,false,1.7576674906533232,2,1534.7774939356223,1.0,1.0
2026-03-22T21:10:07.745-705391-566772,801,true,10.927915139391262,2,1523.849578796231,1.0,0.846
2026-03-22T21:10:07.745-705391-566772,376,false,0.058011716858659974,2,1523.849578796231,1.0,1.0
2026-03-22T21:10:07.745-705391-566772,175,false,6.485573739790171,2,1523.849578796231,1.0,1.0
2026-03-22T21:10:07.745-705391-566772,17,false,2.1526570724308782,2,1523.849578796231,1.0,1.0
2026-03-22T21:10:07.745-705391-566772,738,false,1.7777955035734885,2,1523.849578796231,1.0,1.0
2026-03-22T21:10:07.745-705391-566772,396,false,102.60196841149454,2,1523.849578796231,1.0,1.0
2026-03-22T21:10:07.745-705391-566772,682,false,0.7427444237778825,2,1523.849578796231,1.0,1.0
2026-03-22T21:10:07.745-705391-566772,706,false,0.13542930680693874,2,1523.849578796231,1.0,1.0
2026-03-22T21:10:07.745-705391-566772,792,true,7.445796750017285,2,1516.4037820462138,1.0,0.0020000000000000018
2026-03-22T21:10:07.745-705391-566772,72,false,0.09012510691296881,2,1516.4037820462138,1.0,1.0
2026-03-22T21:10:07.745-705391-566772,367,false,3.1798947218385227,2,1516.4037820462138,1.0,1.0
2026-03-22T21:10:07.745-705391-566772,253,false,2.4707874685426034,2,1516.4037820462138,1.0,1.0
2026-03-22T21:10:07.745-705391-566772,354,false,0.0870060957948659,2,1516.4037820462138,1.0,1.0
2026-03-22T21:10:07.745-705391-566772,851,false,18.437147832707378,2,1516.4037820462138,1.0,1.0
2026-03-22T21:10:07.745-705391-566772,29,false,0.35202063291612845,2,1516.4037820462138,1.0,1.0
2026-03-22T21:10:07.745-705391-566772,854,false,7.13747273227921,2,1516.4037820462138,1.0,1.0
2026-03-22T21:10:07.745-705391-566772,534,false,15.218436933678845,2,1516.4037820462138,1.0,1.0
2026-03-22T21:10:07.745-705391-566772,283,false,66.18792913634974,2,1516.4037820462138,1.0,1.0
2026-03-22T21:10:07.745-705391-566772,333,false,1.6399584727512722,2,1516.4037820462138,1.0,1.0
2026-03-22T21:10:07.745-705391-566772,347,false,3.2537470454654716,2,1516.4037820462138,1.0,1.0
2026-03-22T21:10:07.745-705391-566772,683,true,2.0619587589393937,2,1514.3418232872743,1.0,0.866
2026-03-22T21:10:07.745-705391-566772,913,false,0.01086809615669902,2,1514.3418232872743,1.0,1.0
2026-03-22T21:10:07.745-705391-566772,954,false,0.20458943283136397,2,1514.3418232872743,1.0,1.0
2026-03-22T21:10:07.745-705391-566772,384,false,5.08467317085039,2,1514.3418232872743,1.0,1.0
2026-03-22T21:10:07.745-705391-566772,356,false,31.17459336007428,2,1514.3418232872743,1.0,1.0
2026-03-22T21:10:07.745-705391-566772,357,false,85.28049973367109,2,1514.3418232872743,1.0,1.0
2026-03-22T21:10:07.745-705391-566772,526,false,3.523654674334309,2,1514.3418232872743,1.0,1.0
2026-03-22T21:10:07.745-705391-566772,49,false,0.5133140915345198,2,1514.3418232872743,1.0,1.0
2026-03-22T21:10:07.745-705391-566772,81,false,1.0218223919722658,2,1514.3418232872743,1.0,1.0
2026-03-22T21:10:07.745-705391-566772,362,false,32.015273755784186,2,1514.3418232872743,1.0,1.0
2026-03-22T21:10:07.745-705391-566772,823,false,0.5538270127985354,2,1514.3418232872743,1.0,1.0
2026-03-22T21:10:07.745-705391-566772,635,false,0.431077909853368,2,1514.3418232872743,1.0,1.0
2026-03-22T21:10:07.745-705391-566772,776,true,5.3252095319409465,2,1509.0166137553333,1.0,0.0
2026-03-22T21:10:07.745-705391-566772,569,false,0.3163819823969464,2,1509.0166137553333,1.0,1.0
2026-03-22T21:10:07.745-705391-566772,232,true,5.959537967209211,2,1503.0570757881242,1.0,0.646
2026-03-22T21:10:07.745-705391-566772,832,false,21.01603879678058,2,1503.0570757881242,1.0,1.0
2026-03-22T21:10:07.745-705391-566772,882,false,39.82509748033517,2,1503.0570757881242,1.0,1.0
2026-03-22T21:10:07.745-705391-566772,312,false,11.861556838198577,2,1503.0570757881242,1.0,1.0
2026-03-22T21:10:07.745-705391-566772,258,false,1.3466383749155446,2,1503.0570757881242,1.0,1.0
2026-03-22T21:10:07.745-705391-566772,371,false,0.3212291890628636,2,1503.0570757881242,1.0,1.0
2026-03-22T21:10:07.745-705391-566772,361,true,7.328913931662084,2,1495.728161856462,1.0,0.863
2026-03-22T21:10:07.745-705391-566772,952,false,4.312026994102476,2,1495.728161856462,1.0,1.0
2026-03-22T21:10:07.745-705391-566772,240,true,0.527329924670112,2,1495.200831931792,1.0,0.0
2026-03-22T21:10:07.745-705391-566772,387,true,5.789493444050574,2,1489.4113384877414,1.0,0.86
2026-03-22T21:10:07.745-705391-566772,702,false,56.73102836941645,2,1489.4113384877414,1.0,1.0
2026-03-22T21:10:07.745-705391-566772,916,true,4.897607324552943,2,1484.5137311631886,1.0,0.704
2026-03-22T21:10:07.745-705391-566772,193,false,4.339040221827739,2,1484.5137311631886,1.0,1.0
2026-03-22T21:10:07.745-705391-566772,162,false,1.7833729264413738,2,1484.5137311631886,1.0,1.0
2026-03-22T21:10:07.745-705391-566772,685,true,5.6780470117530495,2,1478.8356841514355,1.0,0.10599999999999998
2026-03-22T21:10:07.745-705391-566772,911,false,5.7626864485151215,2,1478.8356841514355,1.0,1.0
2026-03-22T21:10:07.745-705391-566772,510,true,4.449930537085176,2,1474.3857536143503,1.0,0.0
2026-03-22T21:10:07.745-705391-566772,242,true,0.43299125113337894,2,1473.9527623632168,1.0,0.0
2026-03-22T21:10:07.745-705391-566772,432,false,25.030749656928084,2,1473.9527623632168,1.0,1.0
2026-03-22T21:10:07.745-705391-566772,521,false,29.352322732565508,2,1473.9527623632168,1.0,1.0
2026-03-22T21:10:07.745-705391-566772,818,false,6.375993496080675,2,1473.9527623632168,1.0,1.0
2026-03-22T21:10:07.745-705391-566772,160,false,0.5135469057890681,2,1473.9527623632168,1.0,1.0
2026-03-22T21:10:07.745-705391-566772,224,false,256.4639769962439,2,1473.9527623632168,1.0,1.0
2026-03-22T21:10:07.745-705391-566772,575,false,1.1033160979637278,2,1473.9527623632168,1.0,1.0
2026-03-22T21:10:07.745-705391-566772,645,true,1.3058545160305608,2,1472.6469078471862,1.0,0.0
2026-03-22T21:10:07.745-705391-566772,247,true,2.434005694498513,2,1470.2129021526878,1.0,0.0
2026-03-22T21:10:07.745-705391-566772,234,true,47.154121862049614,2,1423.0587802906382,1.0,0.07699999999999996
2026-03-22T21:10:07.745-705391-566772,208,false,8.181052223617279,2,1423.0587802906382,1.0,1.0
2026-03-22T21:10:07.745-705391-566772,233,true,20.837252138084033,2,1402.2215281525541,1.0,0.0
2026-03-22T21:10:07.745-705391-566772,674,true,16.44124337621498,2,1385.7802847763392,1.0,0.0
2026-03-22T21:10:07.745-705391-566772,409,false,4.576995547516114,2,1385.7802847763392,1.0,1.0
2026-03-22T21:10:07.745-705391-566772,656,true,15.514858285278539,2,1370.2654264910607,1.0,0.0
2026-03-22T21:10:07.745-705391-566772,972,false,2.278280159214959,2,1370.2654264910607,1.0,1.0
2026-03-22T21:10:07.745-705391-566772,301,false,133.11852225263718,2,1370.2654264910607,1.0,1.0
2026-03-22T21:10:07.745-705391-566772,950,false,0.2906942194386634,2,1370.2654264910607,1.0,1.0
2026-03-22T21:10:07.745-705391-566772,838,false,10.811852478263996,2,1370.2654264910607,1.0,1.0
2026-03-22T21:10:07.745-705391-566772,123,false,16.43973439122964,2,1370.2654264910607,1.0,1.0
2026-03-22T21:10:07.745-705391-566772,223,false,14.794652988947151,2,1370.2654264910607,1.0,1.0
2026-03-22T21:10:07.745-705391-566772,249,false,0.07938138277058072,2,1370.2654264910607,1.0,1.0
2026-03-22T21:10:07.745-705391-566772,967,false,8.935583025747338,2,1370.2654264910607,1.0,1.0
2026-03-22T21:10:07.745-705391-566772,766,false,0.2004092468442416,2,1370.2654264910607,1.0,1.0
2026-03-22T21:10:07.745-705391-566772,907,false,0.5855526464476795,2,1370.2654264910607,1.0,1.0
2026-03-22T21:10:07.745-705391-566772,796,false,0.14425121093447607,2,1370.2654264910607,1.0,1.0
2026-03-22T21:10:07.745-705391-566772,939,true,0.5382403764566931,2,1369.727186114604,1.0,0.893
2026-03-22T21:10:07.745-705391-566772,515,true,20.607971758101662,2,1349.1192143565022,1.0,0.725
2026-03-22T21:10:07.745-705391-566772,43,false,0.8698448689844943,2,1349.1192143565022,1.0,1.0
2026-03-22T21:10:07.745-705391-566772,520,false,10.322774045923959,2,1349.1192143565022,1.0,1.0
2026-03-22T21:10:07.745-705391-566772,408,false,0.8874417940964936,2,1349.1192143565022,1.0,1.0
2026-03-22T21:10:07.745-705391-566772,842,false,1.3701346151803964,2,1349.1192143565022,1.0,1.0
2026-03-22T21:10:07.745-705391-566772,991,false,99.17049944095847,2,1349.1192143565022,1.0,1.0
2026-03-22T21:10:07.745-705391-566772,370,false,0.455275066291987,2,1349.1192143565022,1.0,1.0
2026-03-22T21:10:07.745-705391-566772,591,false,0.13102763334498127,2,1349.1192143565022,1.0,1.0
2026-03-22T21:10:07.745-705391-566772,158,false,1.6641404192238445,2,1349.1192143565022,1.0,1.0
2026-03-22T21:10:07.745-705391-566772,186,false,4.000762735333742,2,1349.1192143565022,1.0,1.0
2026-03-22T21:10:07.745-705391-566772,291,false,29.49733093406343,2,1349.1192143565022,1.0,1.0
2026-03-22T21:10:07.745-705391-566772,86,false,0.9778212248248047,2,1349.1192143565022,1.0,1.0
2026-03-22T21:10:07.745-705391-566772,440,false,68.87811123463263,2,1349.1192143565022,1.0,1.0
2026-03-22T21:10:07.745-705391-566772,308,false,8.871333663753033,2,1349.1192143565022,1.0,1.0
2026-03-22T21:10:07.745-705391-566772,122,false,11.44897463181801,2,1349.1192143565022,1.0,1.0
2026-03-22T21:10:07.745-705391-566772,745,false,11.837848664663941,2,1349.1192143565022,1.0,1.0
2026-03-22T21:10:07.745-705391-566772,771,false,3.3252845588224904,2,1349.1192143565022,1.0,1.0
2026-03-22T21:10:07.745-705391-566772,724,false,15.401544342687993,2,1349.1192143565022,1.0,1.0
2026-03-22T21:10:07.745-705391-566772,834,false,95.63917128174496,2,1349.1192143565022,1.0,1.0
2026-03-22T21:10:07.745-705391-566772,10,false,3.523976082622552,2,1349.1192143565022,1.0,1.0
2026-03-22T21:10:07.745-705391-566772,18,false,0.24829536855209114,2,1349.1192143565022,1.0,1.0
2026-03-22T21:10:07.745-705391-566772,366,false,0.07149525703389206,2,1349.1192143565022,1.0,1.0
2026-03-22T21:10:07.745-705391-566772,189,false,0.3851920614042378,2,1349.1192143565022,1.0,1.0
2026-03-22T21:10:07.745-705391-566772,759,false,0.23673811609581247,2,1349.1192143565022,1.0,1.0
2026-03-22T21:10:07.745-705391-566772,36,false,16.620892956686433,2,1349.1192143565022,1.0,1.0
2026-03-22T21:10:07.745-705391-566772,41,false,8.5102974805684,2,1349.1192143565022,1.0,1.0
2026-03-22T21:10:07.745-705391-566772,640,true,16.008411367355237,2,1333.110802989147,1.0,0.687
2026-03-22T21:10:07.745-705391-566772,7,false,2.3807179149716826,2,1333.110802989147,1.0,1.0
2026-03-22T21:10:07.745-705391-566772,11,false,2.126166649408002,2,1333.110802989147,1.0,1.0
2026-03-22T21:10:07.745-705391-566772,168,false,33.125623354878826,2,1333.110802989147,1.0,1.0
2026-03-22T21:10:07.745-705391-566772,477,false,0.1128708548335929,2,1333.110802989147,1.0,1.0
2026-03-22T21:10:07.745-705391-566772,516,true,6.730911073452621,2,1326.3798919156943,1.0,0.0
2026-03-22T21:10:07.745-705391-566772,996,false,12.755798902525141,2,1326.3798919156943,1.0,1.0
2026-03-22T21:10:07.745-705391-566772,278,false,3.3058669967683323,2,1326.3798919156943,1.0,1.0
2026-03-22T21:10:07.745-705391-566772,613,false,0.4187054237347065,2,1326.3798919156943,1.0,1.0
2026-03-22T21:10:07.745-705391-566772,820,false,47.98305736982665,2,1326.3798919156943,1.0,1.0
2026-03-22T21:10:07.745-705391-566772,316,false,32.413475954176434,2,1326.3798919156943,1.0,1.0
2026-03-22T21:10:07.745-705391-566772,207,true,35.15727797700483,2,1291.2226139386894,1.0,0.847
2026-03-22T21:10:07.745-705391-566772,618,false,4.8223786749418265,2,1291.2226139386894,1.0,1.0
2026-03-22T21:10:07.745-705391-566772,582,false,0.6689568352778574,2,1291.2226139386894,1.0,1.0
2026-03-22T21:10:07.745-705391-566772,385,true,3.2027893987886653,2,1288.0198245399008,1.0,0.728
2026-03-22T21:10:07.745-705391-566772,350,false,1.5829671133067929,2,1288.0198245399008,1.0,1.0
2026-03-22T21:10:07.745-705391-566772,454,false,31.0586844735249,2,1288.0198245399008,1.0,1.0
2026-03-22T21:10:07.745-705391-566772,874,false,25.35762673448201,2,1288.0198245399008,1.0,1.0
2026-03-22T21:10:07.745-705391-566772,536,false,44.752454862465235,2,1288.0198245399008,1.0,1.0
2026-03-22T21:10:07.745-705391-566772,226,false,0.2898548045410527,2,1288.0198245399008,1.0,1.0
2026-03-22T21:10:07.745-705391-566772,460,true,2.4553073831541,2,1285.5645171567467,1.0,0.0
2026-03-22T21:10:07.745-705391-566772,935,true,31.243659086032327,2,1254.3208580707144,1.0,0.0
2026-03-22T21:10:07.745-705391-566772,156,false,0.2595098045520182,2,1254.3208580707144,1.0,1.0
2026-03-22T21:10:07.745-705391-566772,539,false,10.32152490600892,2,1254.3208580707144,1.0,1.0
2026-03-22T21:10:07.745-705391-566772,574,false,0.6367354613916949,2,1254.3208580707144,1.0,1.0
2026-03-22T21:10:07.745-705391-566772,25,false,0.5194475023321625,2,1254.3208580707144,1.0,1.0
2026-03-22T21:10:07.745-705391-566772,857,false,6.983359527647262,2,1254.3208580707144,1.0,1.0
2026-03-22T21:10:07.745-705391-566772,397,false,0.1298169336604557,2,1254.3208580707144,1.0,1.0
2026-03-22T21:10:07.745-705391-566772,901,false,2.3400046795927945,2,1254.3208580707144,1.0,1.0
2026-03-22T21:10:07.745-705391-566772,114,false,0.16918503421691006,2,1254.3208580707144,1.0,1.0
2026-03-22T21:10:07.745-705391-566772,753,false,0.25270525260846893,2,1254.3208580707144,1.0,1.0
2026-03-22T21:10:07.745-705391-566772,8,false,14.541265641952771,2,1254.3208580707144,1.0,1.0
2026-03-22T21:10:07.745-705391-566772,955,false,18.72641784371998,2,1254.3208580707144,1.0,1.0
2026-03-22T21:10:07.745-705391-566772,20,true,0.9470045661838447,2,1253.3738535045306,1.0,0.87
2026-03-22T21:10:07.745-705391-566772,512,true,1.9130726206441986,2,1251.4607808838864,1.0,0.0
2026-03-22T21:10:07.745-705391-566772,811,false,12.929996956154271,2,1251.4607808838864,1.0,1.0
2026-03-22T21:10:07.745-705391-566772,589,false,0.17421458643498902,2,1251.4607808838864,1.0,1.0
2026-03-22T21:10:07.745-705391-566772,399,false,3.457405009172285,2,1251.4607808838864,1.0,1.0
2026-03-22T21:10:07.745-705391-566772,864,false,0.32418553911402415,2,1251.4607808838864,1.0,1.0
2026-03-22T21:10:07.745-705391-566772,763,false,0.06391821601937044,2,1251.4607808838864,1.0,1.0
2026-03-22T21:10:07.745-705391-566772,200,false,6.148558671940507,2,1251.4607808838864,1.0,1.0
2026-03-22T21:10:07.745-705391-566772,606,false,10.642055664298422,2,1251.4607808838864,1.0,1.0
2026-03-22T21:10:07.745-705391-566772,281,false,0.043280243392969354,2,1251.4607808838864,1.0,1.0
2026-03-22T21:10:07.745-705391-566772,179,false,1.3887444873454018,2,1251.4607808838864,1.0,1.0
2026-03-22T21:10:07.745-705391-566772,621,false,11.803010523912848,2,1251.4607808838864,1.0,1.0
2026-03-22T21:10:07.745-705391-566772,948,false,3.393961741592155,2,1251.4607808838864,1.0,1.0
2026-03-22T21:10:07.745-705391-566772,405,false,1.8321728963631208,2,1251.4607808838864,1.0,1.0
2026-03-22T21:10:07.745-705391-566772,204,true,0.2684757607740775,2,1251.1923051231124,1.0,0.725
2026-03-22T21:10:07.745-705391-566772,654,true,11.11827057770224,2,1240.07403454541,1.0,0.0
2026-03-22T21:10:07.745-705391-566772,453,false,0.1737340820165882,2,1240.07403454541,1.0,1.0
2026-03-22T21:10:07.745-705391-566772,237,true,0.8128755751266646,2,1239.2611589702835,1.0,0.0
2026-03-22T21:10:07.745-705391-566772,977,false,13.479539782662437,2,1239.2611589702835,1.0,1.0
2026-03-22T21:10:07.745-705391-566772,751,false,5.312202500432841,2,1239.2611589702835,1.0,1.0
2026-03-22T21:10:07.745-705391-566772,21,true,13.869764927513152,2,1225.3913940427703,1.0,0.704
2026-03-22T21:10:07.745-705391-566772,443,false,1.7801782771867347,2,1225.3913940427703,1.0,1.0
2026-03-22T21:10:07.745-705391-566772,184,false,0.9026664202446166,2,1225.3913940427703,1.0,1.0
2026-03-22T21:10:07.745-705391-566772,594,false,0.07896096825631362,2,1225.3913940427703,1.0,1.0
2026-03-22T21:10:07.745-705391-566772,597,false,0.19756168503696483,2,1225.3913940427703,1.0,1.0
2026-03-22T21:10:07.745-705391-566772,390,true,60.33843311195316,2,1165.052960930817,1.0,0.6859999999999999
2026-03-22T21:10:07.745-705391-566772,113,false,0.9338496369385243,2,1165.052960930817,1.0,1.0
2026-03-22T21:10:07.745-705391-566772,949,false,0.07600120789018865,2,1165.052960930817,1.0,1.0
2026-03-22T21:10:07.745-705391-566772,892,false,50.624670525885286,2,1165.052960930817,1.0,1.0
2026-03-22T21:10:07.745-705391-566772,626,false,26.493913200383716,2,1165.052960930817,1.0,1.0
2026-03-22T21:10:07.745-705391-566772,877,false,0.49896147329740853,2,1165.052960930817,1.0,1.0
2026-03-22T21:10:07.745-705391-566772,389,true,127.23314061585369,2,1037.8198203149634,1.0,0.0010000000000000009
2026-03-22T21:10:07.745-705391-566772,717,false,7.205660765163737,2,1037.8198203149634,1.0,1.0
2026-03-22T21:10:07.745-705391-566772,318,false,0.37357003150108836,2,1037.8198203149634,1.0,1.0
2026-03-22T21:10:07.745-705391-566772,951,false,1.0455125018524847,2,1037.8198203149634,1.0,1.0
2026-03-22T21:10:07.745-705391-566772,365,false,6.936500779413696,2,1037.8198203149634,1.0,1.0
2026-03-22T21:10:07.745-705391-566772,375,false,0.24164805596109082,2,1037.8198203149634,1.0,1.0
2026-03-22T21:10:07.745-705391-566772,277,false,20.731679079252995,2,1037.8198203149634,1.0,1.0
2026-03-22T21:10:07.745-705391-566772,452,false,1.2318222398012013,2,1037.8198203149634,1.0,1.0
2026-03-22T21:10:07.745-705391-566772,251,false,4.165366586421712,2,1037.8198203149634,1.0,1.0
2026-03-22T21:10:07.745-705391-566772,810,false,0.01714237613336699,2,1037.8198203149634,1.0,1.0
2026-03-22T21:10:07.745-705391-566772,344,false,0.6494037991583756,2,1037.8198203149634,1.0,1.0
2026-03-22T21:10:07.745-705391-566772,112,false,280.6692601348524,2,1037.8198203149634,1.0,1.0
2026-03-22T21:10:07.745-705391-566772,934,false,0.007096822000976472,2,1037.8198203149634,1.0,1.0
2026-03-22T21:10:07.745-705391-566772,700,false,54.60795151752243,2,1037.8198203149634,1.0,1.0
2026-03-22T21:10:07.745-705391-566772,658,false,0.19562004430843122,2,1037.8198203149634,1.0,1.0
2026-03-22T21:10:07.745-705391-566772,133,false,47.73140704842661,2,1037.8198203149634,1.0,1.0
2026-03-22T21:10:07.745-705391-566772,488,false,0.014801557030331295,2,1037.8198203149634,1.0,1.0
2026-03-22T21:10:07.745-705391-566772,178,false,0.9336481761435554,2,1037.8198203149634,1.0,1.0
2026-03-22T21:10:07.745-705391-566772,690,true,2.0954354044309507,2,1035.7243849105325,1.0,0.722
2026-03-22T21:10:07.745-705391-566772,53,false,79.75035099660434,2,1035.7243849105325,1.0,1.0
2026-03-22T21:10:07.745-705391-566772,100,false,1.1822412781999974,2,1035.7243849105325,1.0,1.0
2026-03-22T21:10:07.745-705391-566772,768,false,0.05121282886818905,2,1035.7243849105325,1.0,1.0
2026-03-22T21:10:07.745-705391-566772,324,false,0.35547431052501655,2,1035.7243849105325,1.0,1.0
2026-03-22T21:10:07.745-705391-566772,859,false,1.73283551357954,2,1035.7243849105325,1.0,1.0
2026-03-22T21:10:07.745-705391-566772,557,false,1.6303469181756798,2,1035.7243849105325,1.0,1.0
2026-03-22T21:10:07.745-705391-566772,136,false,0.2821953743279373,2,1035.7243849105325,1.0,1.0
2026-03-22T21:10:07.745-705391-566772,165,false,3.7281365410284146,2,1035.7243849105325,1.0,1.0
2026-03-22T21:10:07.745-705391-566772,764,false,2.370592721823537,2,1035.7243849105325,1.0,1.0
2026-03-22T21:10:07.745-705391-566772,686,true,6.624405867685696,2,1029.0999790428468,1.0,0.0
2026-03-22T21:10:07.745-705391-566772,402,false,16.716736102225795,2,1029.0999790428468,1.0,1.0
2026-03-22T21:10:07.745-705391-566772,886,false,70.74056312038397,2,1029.0999790428468,1.0,1.0
2026-03-22T21:10:07.745-705391-566772,704,false,21.505672763172274,2,1029.0999790428468,1.0,1.0
2026-03-22T21:10:07.745-705391-566772,289,false,1.3555940792619006,2,1029.0999790428468,1.0,1.0
2026-03-22T21:10:07.745-705391-566772,619,false,3.466401472818745,2,1029.0999790428468,1.0,1.0
2026-03-22T21:10:07.745-705391-566772,348,false,0.49992855004003295,2,1029.0999790428468,1.0,1.0
2026-03-22T21:10:07.745-705391-566772,689,true,17.682292349923937,2,1011.4176866929229,1.0,0.0
2026-03-22T21:10:07.745-705391-566772,903,false,3.1867495351261153,2,1011.4176866929229,1.0,1.0
2026-03-22T21:10:07.745-705391-566772,260,false,2.0650448281447504,2,1011.4176866929229,1.0,1.0
2026-03-22T21:10:07.745-705391-566772,550,false,16.35189291808195,2,1011.4176866929229,1.0,1.0
2026-03-22T21:10:07.745-705391-566772,956,false,132.95042693984726,2,1011.4176866929229,1.0,1.0
2026-03-22T21:10:07.745-705391-566772,457,true,5.136082121154161,2,1006.2816045717688,1.0,0.716
2026-03-22T21:10:07.745-705391-566772,659,true,3.276584504753522,2,1003.0050200670153,1.0,0.736
2026-03-22T21:10:07.745-705391-566772,96,false,0.012362080400195444,2,1003.0050200670153,1.0,1.0
2026-03-22T21:10:07.745-705391-566772,979,false,6.422436581110646,2,1003.0050200670153,1.0,1.0
2026-03-22T21:10:07.745-705391-566772,117,false,1.3706110720322968,2,1003.0050200670153,1.0,1.0
2026-03-22T21:10:07.745-705391-566772,216,false,2.993467406180006,2,1003.0050200670153,1.0,1.0
2026-03-22T21:10:07.745-705391-566772,879,false,4.927048796577631,2,1003.0050200670153,1.0,1.0
2026-03-22T21:10:07.745-705391-566772,44,false,21.266444410910804,2,1003.0050200670153,1.0,1.0
2026-03-22T21:10:07.745-705391-566772,108,false,5.906853219771336,2,1003.0050200670153,1.0,1.0
2026-03-22T21:10:07.745-705391-566772,297,false,2.2917102201743367,2,1003.0050200670153,1.0,1.0
2026-03-22T21:10:07.745-705391-566772,607,false,1.0404020893954191,2,1003.0050200670153,1.0,1.0
2026-03-22T21:10:07.745-705391-566772,229,true,7.402856856739421,2,995.6021632102759,1.0,0.722
2026-03-22T21:10:07.745-705391-566772,742,false,7.124182095685166,2,995.6021632102759,1.0,1.0
2026-03-22T21:10:07.745-705391-566772,601,false,37.10926947410101,2,995.6021632102759,1.0,1.0
2026-03-22T21:10:07.745-705391-566772,644,true,3.5750863792980745,2,992.0270768309778,1.0,0.0
2026-03-22T21:10:07.745-705391-566772,12,false,1.6385076729832933,2,992.0270768309778,1.0,1.0
2026-03-22T21:10:07.745-705391-566772,110,false,0.330806743424727,2,992.0270768309778,1.0,1.0
2026-03-22T21:10:07.745-705391-566772,287,false,20.145018424045006,2,992.0270768309778,1.0,1.0
2026-03-22T21:10:07.745-705391-566772,657,false,0.08765577252369557,2,992.0270768309778,1.0,1.0
2026-03-22T21:10:07.745-705391-566772,322,false,10.202953136642682,2,992.0270768309778,1.0,1.0
2026-03-22T21:10:07.745-705391-566772,636,false,37.89181026693182,2,992.0270768309778,1.0,1.0
2026-03-22T21:10:07.745-705391-566772,305,false,2.9258512149568032,2,992.0270768309778,1.0,1.0
2026-03-22T21:10:07.745-705391-566772,572,false,2.9323128231377353,2,992.0270768309778,1.0,1.0
2026-03-22T21:10:07.745-705391-566772,45,false,38.47361568059578,2,992.0270768309778,1.0,1.0
2026-03-22T21:10:07.745-705391-566772,107,false,9.547297215688893,2,992.0270768309778,1.0,1.0
2026-03-22T21:10:07.745-705391-566772,946,false,0.48181432992205775,2,992.0270768309778,1.0,1.0
2026-03-22T21:10:07.745-705391-566772,862,false,2.8262992524076833,2,992.0270768309778,1.0,1.0
2026-03-22T21:10:07.745-705391-566772,420,false,0.15083740733717882,2,992.0270768309778,1.0,1.0
2026-03-22T21:10:07.745-705391-566772,439,false,2.346866506888885,2,992.0270768309778,1.0,1.0
2026-03-22T21:10:07.745-705391-566772,335,false,1.2865422292277733,2,992.0270768309778,1.0,1.0
2026-03-22T21:10:07.745-705391-566772,88,false,5.448731167044563,2,992.0270768309778,1.0,1.0
2026-03-22T21:10:07.745-705391-566772,152,false,6.300714868000377,2,992.0270768309778,1.0,1.0
2026-03-22T21:10:07.745-705391-566772,161,false,1.6987202713943255,2,992.0270768309778,1.0,1.0
2026-03-22T21:10:07.745-705391-566772,712,false,1.4862083197948748,2,992.0270768309778,1.0,1.0
2026-03-22T21:10:07.745-705391-566772,884,false,0.6971444917764155,2,992.0270768309778,1.0,1.0
2026-03-22T21:10:07.745-705391-566772,544,false,36.88948477380908,2,992.0270768309778,1.0,1.0
2026-03-22T21:10:07.745-705391-566772,736,false,0.3469395782350323,2,992.0270768309778,1.0,1.0
2026-03-22T21:10:07.745-705391-566772,912,false,1.1319372857392265,2,992.0270768309778,1.0,1.0
2026-03-22T21:10:07.745-705391-566772,128,false,0.1321470395971316,2,992.0270768309778,1.0,1.0
2026-03-22T21:10:07.745-705391-566772,617,false,4.119711105454922,2,992.0270768309778,1.0,1.0
2026-03-22T21:10:07.745-705391-566772,867,false,0.6958012497066478,2,992.0270768309778,1.0,1.0
2026-03-22T21:10:07.745-705391-566772,734,false,0.09293795512803324,2,992.0270768309778,1.0,1.0
2026-03-22T21:10:07.745-705391-566772,317,false,1.275749966264462,2,992.0270768309778,1.0,1.0
2026-03-22T21:10:07.745-705391-566772,400,false,6.919912875638601,2,992.0270768309778,1.0,1.0
2026-03-22T21:10:07.745-705391-566772,214,false,3.8876948796416233,2,992.0270768309778,1.0,1.0
2026-03-22T21:10:07.745-705391-566772,217,false,0.3110879525521728,2,992.0270768309778,1.0,1.0
2026-03-22T21:10:07.745-705391-566772,323,false,8.149342521047902,2,992.0270768309778,1.0,1.0
2026-03-22T21:10:07.745-705391-566772,725,false,84.8706771520772,2,992.0270768309778,1.0,1.0
2026-03-22T21:10:07.745-705391-566772,805,false,0.4263283779697809,2,992.0270768309778,1.0,1.0
2026-03-22T21:10:07.745-705391-566772,762,false,22.65084432815142,2,992.0270768309778,1.0,1.0
2026-03-22T21:10:07.745-705391-566772,293,false,0.42200143606189183,2,992.0270768309778,1.0,1.0
2026-03-22T21:10:07.745-705391-566772,553,false,363.9031022723775,2,992.0270768309778,1.0,1.0
2026-03-22T21:10:07.745-705391-566772,269,true,0.6478072850043864,2,991.3792695459733,1.0,0.7150000000000001
2026-03-22T21:10:07.745-705391-566772,82,false,0.298340145381416,2,991.3792695459733,1.0,1.0
2026-03-22T21:10:07.745-705391-566772,577,false,11.22177570363263,2,991.3792695459733,1.0,1.0
2026-03-22T21:10:07.745-705391-566772,531,false,3.901589204458293,2,991.3792695459733,1.0,1.0
2026-03-22T21:10:07.745-705391-566772,167,false,0.24342499043637503,2,991.3792695459733,1.0,1.0
2026-03-22T21:10:07.745-705391-566772,185,false,19.355647167142884,2,991.3792695459733,1.0,1.0
2026-03-22T21:10:07.745-705391-566772,218,false,60.351321800979136,2,991.3792695459733,1.0,1.0
2026-03-22T21:10:07.745-705391-566772,157,false,6.945173575160431,2,991.3792695459733,1.0,1.0
2026-03-22T21:10:07.745-705391-566772,802,true,1.7804062089994082,2,989.598863336974,1.0,0.739
2026-03-22T21:10:07.745-705391-566772,968,false,16.207358957804168,2,989.598863336974,1.0,1.0
2026-03-22T21:10:07.745-705391-566772,861,false,7.850110638342334,2,989.598863336974,1.0,1.0
2026-03-22T21:10:07.745-705391-566772,28,false,0.06684698676473981,2,989.598863336974,1.0,1.0
2026-03-22T21:10:07.745-705391-566772,206,true,0.8772221888712277,2,988.7216411481028,1.0,0.0020000000000000018
2026-03-22T21:10:07.745-705391-566772,59,false,0.019041666462398243,2,988.7216411481028,1.0,1.0
2026-03-22T21:10:07.745-705391-566772,709,false,4.621082716193305,2,988.7216411481028,1.0,1.0
2026-03-22T21:10:07.745-705391-566772,774,true,1.2387029229061972,2,987.4829382251966,1.0,0.02100000000000002
2026-03-22T21:10:07.745-705391-566772,326,false,2.573895636071308,2,987.4829382251966,1.0,1.0
2026-03-22T21:10:07.745-705391-566772,798,true,3.62356904311635,2,983.8593691820802,1.0,0.6970000000000001
2026-03-22T21:10:07.745-705391-566772,746,false,3.2035676406156144,2,983.8593691820802,1.0,1.0
2026-03-22T21:10:07.745-705391-566772,794,true,121.10201714462838,2,862.7573520374518,1.0,0.681
2026-03-22T21:10:07.745-705391-566772,463,true,6.741404147007978,2,856.0159478904438,1.0,0.0
2026-03-22T21:10:07.745-705391-566772,252,false,2.739977875090556,2,856.0159478904438,1.0,1.0
2026-03-22T21:10:07.745-705391-566772,40,false,3.7797845997214834,2,856.0159478904438,1.0,1.0
2026-03-22T21:10:07.745-705391-566772,596,false,6.31556695099873,2,856.0159478904438,1.0,1.0
2026-03-22T21:10:07.745-705391-566772,306,false,0.5762835157218456,2,856.0159478904438,1.0,1.0
2026-03-22T21:10:07.745-705391-566772,540,false,3.4064464317540155,2,856.0159478904438,1.0,1.0
2026-03-22T21:10:07.745-705391-566772,42,false,1.9136185464477584,2,856.0159478904438,1.0,1.0
2026-03-22T21:10:07.745-705391-566772,920,false,0.09209507866432091,2,856.0159478904438,1.0,1.0
2026-03-22T21:10:07.745-705391-566772,345,false,1.1298671558485713,2,856.0159478904438,1.0,1.0
2026-03-22T21:10:07.745-705391-566772,359,true,0.44272848459536723,2,855.5732194058485,1.0,0.876
2026-03-22T21:10:07.745-705391-566772,417,true,1.9030534865633018,2,853.6701659192852,1.0,0.0
2026-03-22T21:10:07.745-705391-566772,3,false,6.930616170909713,2,853.6701659192852,1.0,1.0
2026-03-22T21:10:07.745-705391-566772,590,false,1.578212187704368,2,853.6701659192852,1.0,1.0
2026-03-22T21:10:07.745-705391-566772,63,false,28.111636395315994,2,853.6701659192852,1.0,1.0
2026-03-22T21:10:07.745-705391-566772,761,false,0.4819891944502774,2,853.6701659192852,1.0,1.0
2026-03-22T21:10:07.745-705391-566772,155,false,26.80824220995783,2,853.6701659192852,1.0,1.0
2026-03-22T21:10:07.745-705391-566772,747,false,3.9362072176366754,2,853.6701659192852,1.0,1.0
2026-03-22T21:10:07.745-705391-566772,541,false,0.12068483055945409,2,853.6701659192852,1.0,1.0
2026-03-22T21:10:07.745-705391-566772,565,false,0.4492322018391292,2,853.6701659192852,1.0,1.0
2026-03-22T21:10:07.745-705391-566772,878,false,0.38618886459508694,2,853.6701659192852,1.0,1.0
2026-03-22T21:10:07.745-705391-566772,836,false,18.908690411212127,2,853.6701659192852,1.0,1.0
2026-03-22T21:10:07.745-705391-566772,960,false,33.35551661313415,2,853.6701659192852,1.0,1.0
2026-03-22T21:10:07.745-705391-566772,880,false,5.114928076067367,2,853.6701659192852,1.0,1.0
2026-03-22T21:10:07.745-705391-566772,469,false,0.1383380775879653,2,853.6701659192852,1.0,1.0
2026-03-22T21:10:07.745-705391-566772,632,false,0.29698368226545074,2,853.6701659192852,1.0,1.0
2026-03-22T21:10:07.745-705391-566772,680,true,0.6537951573227191,2,853.0163707619624,1.0,0.722
2026-03-22T21:10:07.745-705391-566772,642,true,4.048909388561331,2,848.9674613734011,1.0,0.0
2026-03-22T21:10:07.745-705391-566772,816,false,2.9543873203367945,2,848.9674613734011,1.0,1.0
2026-03-22T21:10:07.745-705391-566772,446,false,9.67957980576936,2,848.9674613734011,1.0,1.0
2026-03-22T21:10:07.745-705391-566772,978,false,7.875118404709419,2,848.9674613734011,1.0,1.0
2026-03-22T21:10:07.745-705391-566772,885,false,4.318783523715369,2,848.9674613734011,1.0,1.0
2026-03-22T21:10:07.745-705391-566772,307,false,18.273577958544482,2,848.9674613734011,1.0,1.0
2026-03-22T21:10:07.745-705391-566772,573,false,0.7674247868641857,2,848.9674613734011,1.0,1.0
2026-03-22T21:10:07.745-705391-566772,147,false,3.4066247741670526,2,848.9674613734011,1.0,1.0
2026-03-22T21:10:07.745-705391-566772,959,false,2.924618204325779,2,848.9674613734011,1.0,1.0
2026-03-22T21:10:07.745-705391-566772,19,true,16.145256334111185,2,832.8222050392899,1.0,0.0020000000000000018
2026-03-22T21:10:07.745-705391-566772,806,false,4.802534303235588,2,832.8222050392899,1.0,1.0
2026-03-22T21:10:07.745-705391-566772,404,false,1.0466572750208147,2,832.8222050392899,1.0,1.0
2026-03-22T21:10:07.745-705391-566772,514,false,0.1315036921861316,2,832.8222050392899,1.0,1.0
2026-03-22T21:10:07.745-705391-566772,493,true,16.32710163038801,2,816.4951034089019,1.0,0.0
2026-03-22T21:10:07.745-705391-566772,865,false,0.5447497573560545,2,816.4951034089019,1.0,1.0
2026-03-22T21:10:07.745-705391-566772,786,true,27.257283841482085,2,789.2378195674198,1.0,0.0
2026-03-22T21:10:07.745-705391-566772,552,false,0.8259498496000761,2,789.2378195674198,1.0,1.0
2026-03-22T21:10:07.745-705391-566772,722,false,0.4276085057855987,2,789.2378195674198,1.0,1.0
2026-03-22T21:10:07.745-705391-566772,137,false,1.2580643244544942,2,789.2378195674198,1.0,1.0
2026-03-22T21:10:07.745-705391-566772,953,false,1.1001109764859096,2,789.2378195674198,1.0,1.0
2026-03-22T21:10:07.745-705391-566772,728,false,0.7943245770572168,2,789.2378195674198,1.0,1.0
2026-03-22T21:10:07.745-705391-566772,973,false,36.935968713396555,2,789.2378195674198,1.0,1.0
2026-03-22T21:10:07.745-705391-566772,586,false,0.16514595776901908,2,789.2378195674198,1.0,1.0
2026-03-22T21:10:07.745-705391-566772,191,false,10.485205469266427,2,789.2378195674198,1.0,1.0
2026-03-22T21:10:07.745-705391-566772,26,false,0.18216613873850845,2,789.2378195674198,1.0,1.0
2026-03-22T21:10:07.745-705391-566772,196,false,21.865492173916795,2,789.2378195674198,1.0,1.0
2026-03-22T21:10:07.745-705391-566772,73,true,15.967538140425273,2,773.2702814269945,1.0,0.865
2026-03-22T21:10:07.745-705391-566772,265,false,0.03096058810649929,2,773.2702814269945,1.0,1.0
2026-03-22T21:10:07.745-705391-566772,489,false,0.011265530765529627,2,773.2702814269945,1.0,1.0
2026-03-22T21:10:07.745-705391-566772,254,false,0.3050315348855947,2,773.2702814269945,1.0,1.0
2026-03-22T21:10:07.745-705391-566772,119,false,2.2933242457883707,2,773.2702814269945,1.0,1.0
2026-03-22T21:10:07.745-705391-566772,392,true,1.0899005894200722,2,772.1803808375745,1.0,0.013000000000000012
2026-03-22T21:10:07.745-705391-566772,76,true,1.7601237816454862,2,770.420257055929,1.0,0.712
2026-03-22T21:10:07.745-705391-566772,47,false,75.48135102307697,2,770.420257055929,1.0,1.0
2026-03-22T21:10:07.745-705391-566772,845,false,0.09734696530420216,2,770.420257055929,1.0,1.0
2026-03-22T21:10:07.745-705391-566772,684,true,17.894671196165806,2,752.5255858597632,1.0,0.0
2026-03-22T21:10:07.745-705391-566772,266,true,1.7549288082012011,2,750.770657051562,1.0,0.716
2026-03-22T21:10:07.745-705391-566772,163,true,4.60258855405028,2,746.1680684975117,1.0,0.863
2026-03-22T21:10:07.745-705391-566772,895,false,2.747431459578426,2,746.1680684975117,1.0,1.0
2026-03-22T21:10:07.745-705391-566772,528,false,0.4400379699851233,2,746.1680684975117,1.0,1.0
2026-03-22T21:10:07.745-705391-566772,889,false,3.243501456929971,2,746.1680684975117,1.0,1.0
2026-03-22T21:10:07.745-705391-566772,705,false,29.140929599954855,2,746.1680684975117,1.0,1.0
2026-03-22T21:10:07.745-705391-566772,320,false,1.8826162063092942,2,746.1680684975117,1.0,1.0
2026-03-22T21:10:07.745-705391-566772,275,false,41.548547003477374,2,746.1680684975117,1.0,1.0
2026-03-22T21:10:07.745-705391-566772,32,false,1.188083941278349,2,746.1680684975117,1.0,1.0
2026-03-22T21:10:07.745-705391-566772,351,false,5.676057321852458,2,746.1680684975117,1.0,1.0
2026-03-22T21:10:07.745-705391-566772,833,false,1.266692978834421,2,746.1680684975117,1.0,1.0
2026-03-22T21:10:07.745-705391-566772,106,false,15.531758371419942,2,746.1680684975117,1.0,1.0
2026-03-22T21:10:07.745-705391-566772,720,false,0.8613957798906664,2,746.1680684975117,1.0,1.0
2026-03-22T21:10:07.745-705391-566772,141,false,0.2971233605834004,2,746.1680684975117,1.0,1.0
2026-03-22T21:10:07.745-705391-566772,599,false,0.36536687842237886,2,746.1680684975117,1.0,1.0
2026-03-22T21:10:07.745-705391-566772,897,false,16.15133284645288,2,746.1680684975117,1.0,1.0
2026-03-22T21:10:07.745-705391-566772,62,false,0.18176040880439492,2,746.1680684975117,1.0,1.0
2026-03-22T21:10:07.745-705391-566772,276,false,0.781325525687858,2,746.1680684975117,1.0,1.0
2026-03-22T21:10:07.745-705391-566772,436,false,3.655807324511779,2,746.1680684975117,1.0,1.0
2026-03-22T21:10:07.745-705391-566772,830,false,0.07993994733999629,2,746.1680684975117,1.0,1.0
2026-03-22T21:10:07.745-705391-566772,262,false,19.309723574636372,2,746.1680684975117,1.0,1.0
2026-03-22T21:10:07.745-705391-566772,332,false,0.14498570942337158,2,746.1680684975117,1.0,1.0
2026-03-22T21:10:07.745-705391-566772,760,false,90.80677145987259,2,746.1680684975117,1.0,1.0
2026-03-22T21:10:07.745-705391-566772,46,false,1.7086531168434298,2,746.1680684975117,1.0,1.0
2026-03-22T21:10:07.745-705391-566772,364,true,0.8858721986548278,2,745.2821962988569,1.0,0.868
2026-03-22T21:10:07.745-705391-566772,450,false,6.472906428916398,2,745.2821962988569,1.0,1.0
2026-03-22T21:10:07.745-705391-566772,145,false,123.72511456893265,2,745.2821962988569,1.0,1.0
2026-03-22T21:10:07.745-705391-566772,261,false,203.8397960736547,2,745.2821962988569,1.0,1.0
2026-03-22T21:10:07.745-705391-566772,48,false,34.87029790447723,2,745.2821962988569,1.0,1.0
2026-03-22T21:10:07.745-705391-566772,767,false,0.3397498787549837,2,745.2821962988569,1.0,1.0
2026-03-22T21:10:07.745-705391-566772,434,false,4.507604693979131,2,745.2821962988569,1.0,1.0
2026-03-22T21:10:07.745-705391-566772,850,false,0.25874147035601086,2,745.2821962988569,1.0,1.0
2026-03-22T21:10:07.745-705391-566772,909,true,2.3498617800041024,2,742.9323345188528,1.0,0.949
2026-03-22T21:10:07.745-705391-566772,299,false,1.4398413381748005,2,742.9323345188528,1.0,1.0
2026-03-22T21:10:07.745-705391-566772,180,false,3.1978115324219485,2,742.9323345188528,1.0,1.0
2026-03-22T21:10:07.745-705391-566772,980,false,0.7682380558448235,2,742.9323345188528,1.0,1.0
2026-03-22T21:10:07.745-705391-566772,678,true,4.83414074530609,2,738.0981937735468,1.0,0.724
2026-03-22T21:10:07.745-705391-566772,346,false,0.5001444615036272,2,738.0981937735468,1.0,1.0
2026-03-22T21:10:07.745-705391-566772,727,false,1.0065254087643425,2,738.0981937735468,1.0,1.0
2026-03-22T21:10:07.745-705391-566772,799,true,17.79894320560212,2,720.2992505679447,1.0,0.0
2026-03-22T21:10:07.745-705391-566772,55,false,26.775448458960664,2,720.2992505679447,1.0,1.0
2026-03-22T21:10:07.745-705391-566772,732,false,0.12960871720093828,2,720.2992505679447,1.0,1.0
2026-03-22T21:10:07.745-705391-566772,403,false,18.881035761588272,2,720.2992505679447,1.0,1.0
2026-03-22T21:10:07.745-705391-566772,458,true,8.003880760172933,2,712.2953698077717,1.0,0.0
2026-03-22T21:10:07.745-705391-566772,797,true,0.46206685204525955,2,711.8333029557265,1.0,0.0
2026-03-22T21:10:07.745-705391-566772,791,true,6.144871100041226,2,705.6884318556853,1.0,0.0
2026-03-22T21:10:07.745-705391-566772,267,true,3.639532011257398,2,702.0488998444279,1.0,0.020000000000000018
2026-03-22T21:10:07.745-705391-566772,414,true,0.6494158637702558,2,701.3994839806576,1.0,0.0
2026-03-22T21:10:07.745-705391-566772,580,false,0.6216487695721509,2,701.3994839806576,1.0,1.0
2026-03-22T21:10:07.745-705391-566772,692,true,0.9318645408584387,2,700.4676194397991,1.0,0.0
2026-03-22T21:10:07.745-705391-566772,98,false,8.497175677181447,2,700.4676194397991,1.0,1.0
2026-03-22T21:10:07.745-705391-566772,744,false,2.392634713600437,2,700.4676194397991,1.0,1.0
2026-03-22T21:10:07.745-705391-566772,380,false,4.041409389940851,2,700.4676194397991,1.0,1.0
2026-03-22T21:10:07.745-705391-566772,290,false,0.3447827267562331,2,700.4676194397991,1.0,1.0
2026-03-22T21:10:07.745-705391-566772,564,false,81.54046986885098,2,700.4676194397991,1.0,1.0
2026-03-22T21:10:07.745-705391-566772,51,false,58.14021612879475,2,700.4676194397991,1.0,1.0
2026-03-22T21:10:07.745-705391-566772,723,false,2.0036442658466385,2,700.4676194397991,1.0,1.0
2026-03-22T21:10:07.745-705391-566772,172,false,1.7501529010328933,2,700.4676194397991,1.0,1.0
2026-03-22T21:10:07.745-705391-566772,697,false,2.709862345215616,2,700.4676194397991,1.0,1.0
2026-03-22T21:10:07.745-705391-566772,714,false,1.4594065456632375,2,700.4676194397991,1.0,1.0
2026-03-22T21:10:07.745-705391-566772,78,false,0.028797418133028326,2,700.4676194397991,1.0,1.0
2026-03-22T21:10:07.745-705391-566772,66,true,2.1128981836384,2,698.3547212561607,1.0,0.0020000000000000018
2026-03-22T21:10:07.745-705391-566772,188,false,132.810363768449,2,698.3547212561607,1.0,1.0
2026-03-22T21:10:07.745-705391-566772,628,false,145.83362233944314,2,698.3547212561607,1.0,1.0
2026-03-22T21:10:07.745-705391-566772,828,true,0.26403062674986444,2,698.0906906294108,1.0,0.943
2026-03-22T21:10:07.745-705391-566772,197,false,40.35640064059738,2,698.0906906294108,1.0,1.0
2026-03-22T21:10:07.745-705391-566772,398,false,10.427487989377282,2,698.0906906294108,1.0,1.0
2026-03-22T21:10:07.745-705391-566772,896,false,2.8595553171017096,2,698.0906906294108,1.0,1.0
2026-03-22T21:10:07.745-705391-566772,115,false,2.1167816187586097,2,698.0906906294108,1.0,1.0
2026-03-22T21:10:07.745-705391-566772,758,false,3.9236224760062313,2,698.0906906294108,1.0,1.0
2026-03-22T21:10:07.745-705391-566772,448,false,14.581373135492257,2,698.0906906294108,1.0,1.0
2026-03-22T21:10:07.745-705391-566772,694,true,0.851505780918221,2,697.2391848484925,1.0,0.874
2026-03-22T21:10:07.745-705391-566772,868,false,4.976676017796,2,697.2391848484925,1.0,1.0
2026-03-22T21:10:07.745-705391-566772,337,false,1.4662923792693878,2,697.2391848484925,1.0,1.0
2026-03-22T21:10:07.745-705391-566772,309,false,9.29444427947593,2,697.2391848484925,1.0,1.0
2026-03-22T21:10:07.745-705391-566772,138,false,3.236664082593318,2,697.2391848484925,1.0,1.0
2026-03-22T21:10:07.745-705391-566772,393,true,19.738236603675894,2,677.5009482448166,1.0,0.0010000000000000009
2026-03-22T21:10:07.745-705391-566772,609,false,0.2311181658507372,2,677.5009482448166,1.0,1.0
2026-03-22T21:10:07.745-705391-566772,637,true,0.2824849253041125,2,677.2184633195126,1.0,0.696
2026-03-22T21:10:07.745-705391-566772,363,true,6.787843129745291,2,670.4306201897673,1.0,0.0
2026-03-22T21:10:07.745-705391-566772,872,false,0.31865268533278124,2,670.4306201897673,1.0,1.0
2026-03-22T21:10:07.745-705391-566772,696,false,0.034466613698235726,2,670.4306201897673,1.0,1.0
2026-03-22T21:10:07.745-705391-566772,467,true,4.141502142475956,2,666.2891180472914,1.0,0.0
2026-03-22T21:10:07.745-705391-566772,190,false,45.442263233716695,2,666.2891180472914,1.0,1.0
2026-03-22T21:10:07.745-705391-566772,263,true,9.217302847751737,2,657.0718151995396,1.0,0.7070000000000001
2026-03-22T21:10:07.745-705391-566772,969,false,1.6115539537944874,2,657.0718151995396,1.0,1.0
2026-03-22T21:10:07.745-705391-566772,815,false,1.2344718878176635,2,657.0718151995396,1.0,1.0
2026-03-22T21:10:07.745-705391-566772,456,true,4.637946039326263,2,652.4338691602134,1.0,0.0
2026-03-22T21:10:07.745-705391-566772,648,true,89.55305032658376,2,562.8808188336296,1.0,0.0
2026-03-22T21:10:07.745-705391-566772,171,false,0.4560419406911837,2,562.8808188336296,1.0,1.0
2026-03-22T21:10:07.745-705391-566772,349,false,1.8875848167168152,2,562.8808188336296,1.0,1.0
2026-03-22T21:10:07.745-705391-566772,134,false,145.4875896884481,2,562.8808188336296,1.0,1.0
2026-03-22T21:10:07.745-705391-566772,203,true,4.3751428470425,2,558.5056759865871,1.0,0.0010000000000000009
2026-03-22T21:10:07.745-705391-566772,701,false,0.31714176337291083,2,558.5056759865871,1.0,1.0
2026-03-22T21:10:07.745-705391-566772,236,true,16.267666610030982,2,542.2380093765561,1.0,0.0
2026-03-22T21:10:07.745-705391-566772,604,false,0.07375511802427435,2,542.2380093765561,1.0,1.0
2026-03-22T21:10:07.745-705391-566772,210,true,168.90444094150618,2,373.33356843504987,1.0,0.6910000000000001
2026-03-22T21:10:07.745-705391-566772,651,true,140.3452938812975,2,232.98827455375238,1.0,0.0
2026-03-22T21:10:07.745-705391-566772,812,false,38.66080430465538,2,232.98827455375238,1.0,1.0
2026-03-22T21:10:07.745-705391-566772,555,false,45.618106671409656,2,232.98827455375238,1.0,1.0
2026-03-22T21:10:07.745-705391-566772,863,false,3.710098651405153,2,232.98827455375238,1.0,1.0
2026-03-22T21:10:07.745-705391-566772,962,false,1.8061852794176574,2,232.98827455375238,1.0,1.0
2026-03-22T21:10:07.745-705391-566772,825,true,113.49500299220496,2,119.49327156154742,1.0,0.663
2026-03-22T21:10:07.745-705391-566772,888,false,4.026756247799651,2,119.49327156154742,1.0,1.0
2026-03-22T21:10:07.745-705391-566772,547,false,12.206271045826911,2,119.49327156154742,1.0,1.0
2026-03-22T21:10:07.745-705391-566772,373,false,1.2045955194605857,2,119.49327156154742,1.0,1.0
2026-03-22T21:10:07.745-705391-566772,169,false,0.12228997530358464,2,119.49327156154742,1.0,1.0
2026-03-22T21:10:07.745-705391-566772,130,false,0.48509957502778833,2,119.49327156154742,1.0,1.0
2026-03-22T21:10:07.745-705391-566772,369,false,1.1518401759583907,2,119.49327156154742,1.0,1.0
2026-03-22T21:10:07.745-705391-566772,131,false,0.20565985736106016,2,119.49327156154742,1.0,1.0
2026-03-22T21:10:07.745-705391-566772,353,true,7.283520197008556,2,112.20975136453886,1.0,0.883
2026-03-22T21:10:07.745-705391-566772,274,true,28.34782510249173,2,83.86192626204713,1.0,0.726
2026-03-22T21:10:07.745-705391-566772,981,false,4.865219618456861,2,83.86192626204713,1.0,1.0
2026-03-22T21:10:07.745-705391-566772,517,true,0.35701966115335365,2,83.50490660089378,1.0,0.0
2026-03-22T21:10:07.745-705391-566772,125,false,0.1790615442628847,2,83.50490660089378,1.0,1.0
2026-03-22T21:10:07.745-705391-566772,750,false,11.409985379340867,2,83.50490660089378,1.0,1.0
2026-03-22T21:10:07.745-705391-566772,118,false,471.9017799293622,2,83.50490660089378,1.0,1.0
2026-03-22T21:10:07.745-705391-566772,835,false,111.75796141058056,2,83.50490660089378,1.0,1.0
2026-03-22T21:10:07.745-705391-566772,352,true,1.6796278648784049,2,81.82527873601538,1.0,0.882
2026-03-22T21:10:07.745-705391-566772,519,false,0.025995074236575558,2,81.82527873601538,1.0,1.0
2026-03-22T21:10:07.745-705391-566772,995,false,4.295192967396788,2,81.82527873601538,1.0,1.0
2026-03-22T21:10:07.745-705391-566772,280,false,1.5990784061136802,2,81.82527873601538,1.0,1.0
2026-03-22T21:10:07.745-705391-566772,22,true,6.226169522227589,2,75.59910921378778,1.0,0.0
2026-03-22T21:10:07.745-705391-566772,339,false,3.6580465686644494,2,75.59910921378778,1.0,1.0
2026-03-22T21:10:07.745-705391-566772,870,false,5.653952157935257,2,75.59910921378778,1.0,1.0
2026-03-22T21:10:07.745-705391-566772,548,false,0.08005758990988299,2,75.59910921378778,1.0,1.0
2026-03-22T21:10:07.745-705391-566772,852,false,281.4877486803875,2,75.59910921378778,1.0,1.0
2026-03-22T21:10:07.745-705391-566772,9,false,0.7961230910836135,2,75.59910921378778,1.0,1.0
2026-03-22T21:10:07.745-705391-566772,584,false,3.839632660076494,2,75.59910921378778,1.0,1.0
2026-03-22T21:10:07.745-705391-566772,336,true,0.808845693281614,2,74.79026352050617,1.0,0.882
2026-03-22T21:10:07.745-705391-566772,311,false,43.16794886124944,2,74.79026352050617,1.0,1.0
2026-03-22T21:10:07.745-705391-566772,459,true,0.9312536379544417,2,73.85900988255173,1.0,0.0
2026-03-22T21:10:07.745-705391-566772,535,false,3.73421247676535,2,73.85900988255173,1.0,1.0
2026-03-22T21:10:07.745-705391-566772,101,false,3.8288607698282817,2,73.85900988255173,1.0,1.0
2026-03-22T21:10:07.745-705391-566772,530,false,11.763503156333543,2,73.85900988255173,1.0,1.0
2026-03-22T21:10:07.745-705391-566772,940,true,6.167339407809117,2,67.69167047474261,1.0,0.0
2026-03-22T21:10:07.745-705391-566772,109,false,22.38614626683396,2,67.69167047474261,1.0,1.0
2026-03-22T21:10:07.745-705391-566772,14,false,1.8715083349030166,2,67.69167047474261,1.0,1.0
2026-03-22T21:10:07.745-705391-566772,549,false,77.96851820113586,2,67.69167047474261,1.0,1.0
2026-03-22T21:10:07.745-705391-566772,111,false,16.127333724619625,2,67.69167047474261,1.0,1.0
2026-03-22T21:10:07.745-705391-566772,641,true,32.38376917191951,2,35.3079013028231,1.0,0.0
2026-03-22T21:10:07.745-705391-566772,890,false,0.33303708334343596,2,35.3079013028231,1.0,1.0
2026-03-22T21:10:07.745-705391-566772,982,false,4.999418874915445,2,35.3079013028231,1.0,1.0
2026-03-22T21:10:07.745-705391-566772,15,false,0.46176358377886917,2,35.3079013028231,1.0,1.0
2026-03-22T21:10:07.745-705391-566772,630,false,19.19266400727405,2,35.3079013028231,1.0,1.0
2026-03-22T21:10:07.745-705391-566772,491,true,1.0627405419721645,2,34.245160760850936,1.0,0.0
2026-03-22T21:10:07.745-705391-566772,142,false,7.534283353306548,2,34.245160760850936,1.0,1.0
2026-03-22T21:10:07.745-705391-566772,71,true,13.999990942590236,2,20.2451698182607,1.0,0.0
2026-03-22T21:10:07.745-705391-566772,944,false,0.8618426128300188,2,20.2451698182607,1.0,1.0
2026-03-22T21:10:07.745-705391-566772,561,false,2.4362303688056777,2,20.2451698182607,1.0,1.0
2026-03-22T21:10:07.745-705391-566772,873,false,1.6366905165633518,2,20.2451698182607,1.0,1.0
2026-03-22T21:10:07.745-705391-566772,57,false,2.045538524482918,2,20.2451698182607,1.0,1.0
2026-03-22T21:10:07.745-705391-566772,622,false,0.1575760767817084,2,20.2451698182607,1.0,1.0
2026-03-22T21:10:07.745-705391-566772,860,false,0.3946802986031587,2,20.2451698182607,1.0,1.0
2026-03-22T21:10:07.745-705391-566772,442,false,1.7332848364845632,2,20.2451698182607,1.0,1.0
2026-03-22T21:10:07.745-705391-566772,716,false,12.478249788031414,2,20.2451698182607,1.0,1.0
2026-03-22T21:10:07.745-705391-566772,89,false,96.28128504029111,2,20.2451698182607,1.0,1.0
2026-03-22T21:10:07.745-705391-566772,264,true,13.608960053806062,2,6.636209764454637,1.0,0.0
2026-03-22T21:10:07.745-705391-566772,676,true,0.38019979706281737,2,6.25600996739182,1.0,0.0
2026-03-22T21:10:07.745-705391-566772,639,true,1.2066080919693882,2,5.049401875422431,1.0,0.0
2026-03-22T21:10:07.745-705391-566772,340,false,34.14583584571487,2,5.049401875422431,1.0,1.0
2026-03-22T21:10:07.745-705391-566772,198,false,18.171937821700876,2,5.049401875422431,1.0,1.0
2026-03-22T21:10:07.745-705391-566772,64,true,0.4555066634464707,2,4.59389521197596,1.0,0.0
2026-03-22T21:10:07.745-705391-566772,129,false,1.8674382067106896,2,4.59389521197596,1.0,1.0
2026-03-22T21:10:07.745-705391-566772,259,false,0.2379764359793248,2,4.59389521197596,1.0,1.0
2026-03-22T21:10:07.745-705391-566772,257,false,3.1100828820579465,2,4.59389521197596,1.0,1.0
2026-03-22T21:10:07.745-705391-566772,429,false,20.634529342364594,2,4.59389521197596,1.0,1.0
2026-03-22T21:10:07.745-705391-566772,315,false,2.8424137126354725,2,4.59389521197596,1.0,1.0
2026-03-22T21:10:07.745-705391-566772,304,false,3.1232152693947035,2,4.59389521197596,1.0,1.0
2026-03-22T21:10:07.745-705391-566772,579,false,10.291975563740372,2,4.59389521197596,1.0,1.0
2026-03-22T21:10:07.745-705391-566772,273,true,19.588930414889916,2,-14.995035202913956,1.0,0.02100000000000002
2026-03-22T21:10:07.745-306470-48625,25,false,1.6603879273351254,1,3681.5553819656257,1.0,1.0
2026-03-22T21:10:07.745-306470-48625,577,true,4.71991893326357,1,3676.835463032362,1.0,0.654
2026-03-22T21:10:07.745-306470-48625,636,false,0.09469994089354804,1,3676.835463032362,1.0,1.0
2026-03-22T21:10:07.745-306470-48625,582,false,21.177913569072604,1,3676.835463032362,1.0,1.0
2026-03-22T21:10:07.745-306470-48625,98,false,0.4453519758787108,1,3676.835463032362,1.0,1.0
2026-03-22T21:10:07.745-306470-48625,8,false,0.06832711663679139,1,3676.835463032362,1.0,1.0
