2026-03-22T21:10:07.745-455326-898513,471,true,37.45845704269077,1,4524.429962705124,1.0,0.987
2026-03-22T21:10:07.745-455326-898513,142,true,1.9220366318813764,1,4522.507926073243,1.0,0.983
2026-03-22T21:10:07.745-455326-898513,97,true,0.5871383435846513,1,4521.9207877296585,1.0,0.991
2026-03-22T21:10:07.745-455326-898513,164,true,0.36742679698373226,1,4521.553360932675,1.0,0.992
2026-03-22T21:10:07.745-455326-898513,497,true,5335.624748753879,1,-814.0713878212046,0.0,0.0
2026-03-22T21:10:07.745-306470-175337,159,false,1.7413703244044396,1,3799.1906032715547,1.0,1.0
2026-03-22T21:10:07.745-306470-175337,843,false,26.19013212215437,1,3799.1906032715547,1.0,1.0
2026-03-22T21:10:07.745-306470-175337,126,false,73.67876201600684,1,3799.1906032715547,1.0,1.0
2026-03-22T21:10:07.745-306470-175337,700,false,0.9815082009763765,1,3799.1906032715547,1.0,1.0
2026-03-22T21:10:07.745-306470-175337,378,false,5.034607478346039,1,3799.1906032715547,1.0,1.0
2026-03-22T21:10:07.745-306470-175337,726,false,39.70854219136529,1,3799.1906032715547,1.0,1.0
2026-03-22T21:10:07.745-306470-175337,863,false,40.932990221599674,1,3799.1906032715547,1.0,1.0
2026-03-22T21:10:07.745-306470-175337,978,false,0.05023537806067458,1,3799.1906032715547,1.0,1.0
2026-03-22T21:10:07.745-306470-175337,10,false,2.2334730381410326,1,3799.1906032715547,1.0,1.0
2026-03-22T21:10:07.745-306470-175337,55,false,8.14738860732044,1,3799.1906032715547,1.0,1.0
2026-03-22T21:10:07.745-306470-175337,434,false,29.324527484708423,1,3799.1906032715547,1.0,1.0
2026-03-22T21:10:07.745-306470-175337,936,false,1.329619910596033,1,3799.1906032715547,1.0,1.0
2026-03-22T21:10:07.745-306470-175337,156,false,67.30731020238018,1,3799.1906032715547,1.0,1.0
2026-03-22T21:10:07.745-306470-175337,785,false,27.88713661309228,1,3799.1906032715547,1.0,1.0
2026-03-22T21:10:07.745-306470-175337,84,false,0.2576040109632174,1,3799.1906032715547,1.0,1.0
2026-03-22T21:10:07.745-306470-175337,644,false,0.996059266092826,1,3799.1906032715547,1.0,1.0
2026-03-22T21:10:07.745-306470-175337,938,false,3.989804451530277,1,3799.1906032715547,1.0,1.0
2026-03-22T21:10:07.745-306470-175337,686,false,21.783636795189693,1,3799.1906032715547,1.0,1.0
2026-03-22T21:10:07.745-306470-175337,96,false,0.16533682114147255,1,3799.1906032715547,1.0,1.0
2026-03-22T21:10:07.745-306470-175337,155,false,4.380706067144637,1,3799.1906032715547,1.0,1.0
2026-03-22T21:10:07.745-306470-175337,304,false,1.3460947487518098,1,3799.1906032715547,1.0,1.0
2026-03-22T21:10:07.745-306470-175337,202,false,0.34668798646757937,1,3799.1906032715547,1.0,1.0
2026-03-22T21:10:07.745-306470-175337,178,false,1.9033208779563489,1,3799.1906032715547,1.0,1.0
2026-03-22T21:10:07.745-306470-175337,105,false,0.7399796413956219,1,3799.1906032715547,1.0,1.0
2026-03-22T21:10:07.745-306470-175337,893,false,1.8477395156371386,1,3799.1906032715547,1.0,1.0
2026-03-22T21:10:07.745-306470-175337,3,false,1.2941258733395096,1,3799.1906032715547,1.0,1.0
2026-03-22T21:10:07.745-306470-175337,285,false,0.24978790791406785,1,3799.1906032715547,1.0,1.0
2026-03-22T21:10:07.745-306470-175337,810,true,9.277713842999182,1,3789.9128894285554,1.0,0.999
2026-03-22T21:10:07.745-306470-175337,125,false,12.067762227650917,1,3789.9128894285554,1.0,1.0
2026-03-22T21:10:07.745-306470-175337,377,false,7.288170172607094,1,3789.9128894285554,1.0,1.0
2026-03-22T21:10:07.745-306470-175337,54,false,213.80730142966007,1,3789.9128894285554,1.0,1.0
2026-03-22T21:10:07.745-306470-175337,964,false,10.170583900217002,1,3789.9128894285554,1.0,1.0
2026-03-22T21:10:07.745-306470-175337,354,false,283.578663462563,1,3789.9128894285554,1.0,1.0
2026-03-22T21:10:07.745-306470-175337,349,false,8.289081745103758,1,3789.9128894285554,1.0,1.0
2026-03-22T21:10:07.745-306470-175337,669,false,6.3860327076677965,1,3789.9128894285554,1.0,1.0
2026-03-22T21:10:07.745-306470-175337,402,false,0.1390562582310181,1,3789.9128894285554,1.0,1.0
2026-03-22T21:10:07.745-306470-175337,741,false,26.2774884026094,1,3789.9128894285554,1.0,1.0
2026-03-22T21:10:07.745-306470-175337,800,false,0.11201984645373907,1,3789.9128894285554,1.0,1.0
2026-03-22T21:10:07.745-306470-175337,447,false,5.285692118895796,1,3789.9128894285554,1.0,1.0
2026-03-22T21:10:07.745-306470-175337,844,false,15.421779695505716,1,3789.9128894285554,1.0,1.0
2026-03-22T21:10:07.745-306470-175337,838,false,0.29431442521816714,1,3789.9128894285554,1.0,1.0
2026-03-22T21:10:07.745-306470-175337,459,false,1.6465091872067001,1,3789.9128894285554,1.0,1.0
2026-03-22T21:10:07.745-306470-175337,769,false,5.3870555942556635,1,3789.9128894285554,1.0,1.0
2026-03-22T21:10:07.745-306470-175337,128,false,194.05793048972942,1,3789.9128894285554,1.0,1.0
2026-03-22T21:10:07.745-306470-175337,951,false,0.15429205470033946,1,3789.9128894285554,1.0,1.0
2026-03-22T21:10:07.745-306470-175337,993,false,3.9245406743142945,1,3789.9128894285554,1.0,1.0
2026-03-22T21:10:07.745-306470-175337,869,false,0.1686097681217919,1,3789.9128894285554,1.0,1.0
2026-03-22T21:10:07.745-306470-175337,88,false,0.9538390977761277,1,3789.9128894285554,1.0,1.0
2026-03-22T21:10:07.745-306470-175337,108,false,1.0973643590152442,1,3789.9128894285554,1.0,1.0
2026-03-22T21:10:07.745-306470-175337,260,false,0.07697447625696735,1,3789.9128894285554,1.0,1.0
2026-03-22T21:10:07.745-306470-175337,612,false,4.012344632584229,1,3789.9128894285554,1.0,1.0
2026-03-22T21:10:07.745-306470-175337,553,false,0.46624206340715785,1,3789.9128894285554,1.0,1.0
2026-03-22T21:10:07.745-306470-175337,295,false,12.165653020650272,1,3789.9128894285554,1.0,1.0
2026-03-22T21:10:07.745-306470-175337,923,false,0.4861149254512584,1,3789.9128894285554,1.0,1.0
2026-03-22T21:10:07.745-306470-175337,503,false,2.4883993676744356,1,3789.9128894285554,1.0,1.0
2026-03-22T21:10:07.745-306470-175337,1,false,0.060853489437653875,1,3789.9128894285554,1.0,1.0
2026-03-22T21:10:07.745-306470-175337,599,false,3.2747921396012165,1,3789.9128894285554,1.0,1.0
2026-03-22T21:10:07.745-306470-175337,840,false,11.130190122489088,1,3789.9128894285554,1.0,1.0
2026-03-22T21:10:07.745-306470-175337,830,false,7.044340489735619,1,3789.9128894285554,1.0,1.0
2026-03-22T21:10:07.745-306470-175337,526,false,0.9232052513367979,1,3789.9128894285554,1.0,1.0
2026-03-22T21:10:07.745-306470-175337,631,false,17.714647695159734,1,3789.9128894285554,1.0,1.0
2026-03-22T21:10:07.745-306470-175337,443,false,1.6218852412887488,1,3789.9128894285554,1.0,1.0
2026-03-22T21:10:07.745-306470-175337,421,false,0.12008858538897693,1,3789.9128894285554,1.0,1.0
2026-03-22T21:10:07.745-306470-175337,256,false,4.070077181668436,1,3789.9128894285554,1.0,1.0
2026-03-22T21:10:07.745-306470-175337,411,false,2.7093607704063323,1,3789.9128894285554,1.0,1.0
2026-03-22T21:10:07.745-306470-175337,864,false,4.141869614458755,1,3789.9128894285554,1.0,1.0
2026-03-22T21:10:07.745-306470-175337,486,false,3.75450351200289,1,3789.9128894285554,1.0,1.0
2026-03-22T21:10:07.745-306470-175337,450,false,0.1475266996395015,1,3789.9128894285554,1.0,1.0
2026-03-22T21:10:07.745-306470-175337,187,false,0.4987077499100146,1,3789.9128894285554,1.0,1.0
2026-03-22T21:10:07.745-306470-175337,691,false,6.938635260816487,1,3789.9128894285554,1.0,1.0
2026-03-22T21:10:07.745-306470-175337,430,false,30.886374669280794,1,3789.9128894285554,1.0,1.0
2026-03-22T21:10:07.745-306470-175337,763,false,113.8241939449071,1,3789.9128894285554,1.0,1.0
2026-03-22T21:10:07.745-306470-175337,633,false,1.6630833348522034,1,3789.9128894285554,1.0,1.0
2026-03-22T21:10:07.745-306470-175337,333,false,68.01633407807812,1,3789.9128894285554,1.0,1.0
2026-03-22T21:10:07.745-306470-175337,388,false,0.07397924054987001,1,3789.9128894285554,1.0,1.0
2026-03-22T21:10:07.745-306470-175337,117,false,26.550821844845046,1,3789.9128894285554,1.0,1.0
2026-03-22T21:10:07.745-306470-175337,221,false,10.330938165985089,1,3789.9128894285554,1.0,1.0
2026-03-22T21:10:07.745-306470-175337,485,false,0.5229426769868152,1,3789.9128894285554,1.0,1.0
2026-03-22T21:10:07.745-306470-175337,6,false,11.682791101751134,1,3789.9128894285554,1.0,1.0
2026-03-22T21:10:07.745-306470-175337,456,false,25.269118763298163,1,3789.9128894285554,1.0,1.0
2026-03-22T21:10:07.745-306470-175337,699,false,103.90465794300813,1,3789.9128894285554,1.0,1.0
2026-03-22T21:10:07.745-306470-175337,537,false,72.05439935673081,1,3789.9128894285554,1.0,1.0
2026-03-22T21:10:07.745-306470-175337,784,false,0.032276042690617054,1,3789.9128894285554,1.0,1.0
2026-03-22T21:10:07.745-306470-175337,130,false,64.14696482415461,1,3789.9128894285554,1.0,1.0
2026-03-22T21:10:07.745-306470-175337,578,false,3.4694400397007783,1,3789.9128894285554,1.0,1.0
2026-03-22T21:10:07.745-306470-175337,921,false,0.5726227900955622,1,3789.9128894285554,1.0,1.0
2026-03-22T21:10:07.745-306470-175337,989,false,0.4459566783688995,1,3789.9128894285554,1.0,1.0
2026-03-22T21:10:07.745-306470-175337,766,false,0.14418700430507822,1,3789.9128894285554,1.0,1.0
2026-03-22T21:10:07.745-306470-175337,425,false,2.120601243192607,1,3789.9128894285554,1.0,1.0
2026-03-22T21:10:07.745-306470-175337,827,false,52.78026732229975,1,3789.9128894285554,1.0,1.0
2026-03-22T21:10:07.745-306470-175337,538,false,1.9098180710776809,1,3789.9128894285554,1.0,1.0
2026-03-22T21:10:07.745-306470-175337,363,false,2.376141164488923,1,3789.9128894285554,1.0,1.0
2026-03-22T21:10:07.745-306470-175337,69,false,0.47163785861742735,1,3789.9128894285554,1.0,1.0
2026-03-22T21:10:07.745-306470-175337,115,false,60.039473450443445,1,3789.9128894285554,1.0,1.0
2026-03-22T21:10:07.745-306470-175337,550,false,5.491331389662305,1,3789.9128894285554,1.0,1.0
2026-03-22T21:10:07.745-306470-175337,716,false,11.201954342283845,1,3789.9128894285554,1.0,1.0
2026-03-22T21:10:07.745-306470-175337,432,false,0.7196102942680269,1,3789.9128894285554,1.0,1.0
2026-03-22T21:10:07.745-306470-175337,854,false,1.0827866944365476,1,3789.9128894285554,1.0,1.0
2026-03-22T21:10:07.745-306470-175337,252,false,230.64991828468118,1,3789.9128894285554,1.0,1.0
2026-03-22T21:10:07.745-306470-175337,89,false,27.771071568774744,1,3789.9128894285554,1.0,1.0
2026-03-22T21:10:07.745-306470-175337,345,false,2.671105252761055,1,3789.9128894285554,1.0,1.0
2026-03-22T21:10:07.745-306470-175337,772,false,3.2006544061854645,1,3789.9128894285554,1.0,1.0
2026-03-22T21:10:07.745-306470-175337,589,false,4.035788350392673,1,3789.9128894285554,1.0,1.0
2026-03-22T21:10:07.745-306470-175337,988,false,0.8557016818454652,1,3789.9128894285554,1.0,1.0
2026-03-22T21:10:07.745-306470-175337,435,false,2.1032155045660823,1,3789.9128894285554,1.0,1.0
2026-03-22T21:10:07.745-306470-175337,190,false,3.422576016019273,1,3789.9128894285554,1.0,1.0
2026-03-22T21:10:07.745-306470-175337,209,false,0.9502543370952764,1,3789.9128894285554,1.0,1.0
2026-03-22T21:10:07.745-306470-175337,224,false,2.843829760780233,1,3789.9128894285554,1.0,1.0
2026-03-22T21:10:07.745-306470-175337,979,false,0.8327603102736938,1,3789.9128894285554,1.0,1.0
2026-03-22T21:10:07.745-306470-175337,615,false,3.191490124315299,1,3789.9128894285554,1.0,1.0
2026-03-22T21:10:07.745-306470-175337,910,false,4.533739606076606,1,3789.9128894285554,1.0,1.0
2026-03-22T21:10:07.745-306470-175337,9,false,6.029728895389115,1,3789.9128894285554,1.0,1.0
2026-03-22T21:10:07.745-306470-175337,158,false,6.627455347232708,1,3789.9128894285554,1.0,1.0
2026-03-22T21:10:07.745-306470-175337,519,false,15.170868353583767,1,3789.9128894285554,1.0,1.0
2026-03-22T21:10:07.745-306470-175337,138,false,0.7180692703400321,1,3789.9128894285554,1.0,1.0
2026-03-22T21:10:07.745-306470-175337,813,true,5.305981136014729,1,3784.6069082925405,1.0,0.6990000000000001
2026-03-22T21:10:07.745-306470-175337,841,false,2.3866864036032576,1,3784.6069082925405,1.0,1.0
2026-03-22T21:10:07.745-306470-175337,783,false,4.011973209070208,1,3784.6069082925405,1.0,1.0
2026-03-22T21:10:07.745-306470-175337,291,false,14.261924266232784,1,3784.6069082925405,1.0,1.0
2026-03-22T21:10:07.745-306470-175337,150,false,0.32415066306841317,1,3784.6069082925405,1.0,1.0
2026-03-22T21:10:07.745-306470-175337,932,false,32.241984198857,1,3784.6069082925405,1.0,1.0
2026-03-22T21:10:07.745-306470-175337,897,false,9.663281265537305,1,3784.6069082925405,1.0,1.0
2026-03-22T21:10:07.745-306470-175337,944,false,0.22182395408425254,1,3784.6069082925405,1.0,1.0
2026-03-22T21:10:07.745-306470-175337,545,false,12.720940892557447,1,3784.6069082925405,1.0,1.0
2026-03-22T21:10:07.745-306470-175337,930,false,0.8983426946540807,1,3784.6069082925405,1.0,1.0
2026-03-22T21:10:07.745-306470-175337,722,false,0.6990835742473335,1,3784.6069082925405,1.0,1.0
2026-03-22T21:10:07.745-306470-175337,188,false,40.21729546529981,1,3784.6069082925405,1.0,1.0
2026-03-22T21:10:07.745-306470-175337,670,false,625.308218570759,1,3784.6069082925405,1.0,1.0
2026-03-22T21:10:07.745-306470-175337,37,false,0.14364650480864144,1,3784.6069082925405,1.0,1.0
2026-03-22T21:10:07.745-306470-175337,323,false,2.899316630931777,1,3784.6069082925405,1.0,1.0
2026-03-22T21:10:07.745-306470-175337,655,false,10.923162269675968,1,3784.6069082925405,1.0,1.0
2026-03-22T21:10:07.745-306470-175337,61,false,12.923973535764643,1,3784.6069082925405,1.0,1.0
2026-03-22T21:10:07.745-306470-175337,74,false,13.33227752214652,1,3784.6069082925405,1.0,1.0
2026-03-22T21:10:07.745-306470-175337,395,false,11.67740482972294,1,3784.6069082925405,1.0,1.0
2026-03-22T21:10:07.745-306470-175337,514,false,1.9506934811605745,1,3784.6069082925405,1.0,1.0
2026-03-22T21:10:07.745-306470-175337,41,false,2.763937212431802,1,3784.6069082925405,1.0,1.0
2026-03-22T21:10:07.745-306470-175337,794,false,4.82273189504983,1,3784.6069082925405,1.0,1.0
2026-03-22T21:10:07.745-306470-175337,488,false,0.7210434504532675,1,3784.6069082925405,1.0,1.0
2026-03-22T21:10:07.745-306470-175337,705,false,13.264646526632497,1,3784.6069082925405,1.0,1.0
2026-03-22T21:10:07.745-306470-175337,440,false,3.462805592549562,1,3784.6069082925405,1.0,1.0
2026-03-22T21:10:07.745-306470-175337,858,false,0.09512148682417265,1,3784.6069082925405,1.0,1.0
2026-03-22T21:10:07.745-306470-175337,522,false,1.5296632965886023,1,3784.6069082925405,1.0,1.0
2026-03-22T21:10:07.745-306470-175337,455,false,2.857616320434626,1,3784.6069082925405,1.0,1.0
2026-03-22T21:10:07.745-306470-175337,269,false,0.9723370566230961,1,3784.6069082925405,1.0,1.0
2026-03-22T21:10:07.745-306470-175337,569,false,1.7126653477618026,1,3784.6069082925405,1.0,1.0
2026-03-22T21:10:07.745-306470-175337,163,false,0.6799890255066504,1,3784.6069082925405,1.0,1.0
2026-03-22T21:10:07.745-306470-175337,818,false,1.7602889133135582,1,3784.6069082925405,1.0,1.0
2026-03-22T21:10:07.745-306470-175337,974,false,12.666362673270378,1,3784.6069082925405,1.0,1.0
2026-03-22T21:10:07.745-306470-175337,555,false,0.9864431382896695,1,3784.6069082925405,1.0,1.0
2026-03-22T21:10:07.745-306470-175337,298,false,0.05296599084730334,1,3784.6069082925405,1.0,1.0
2026-03-22T21:10:07.745-306470-175337,572,false,3.422712453707416,1,3784.6069082925405,1.0,1.0
2026-03-22T21:10:07.745-306470-175337,500,false,14.726795896469453,1,3784.6069082925405,1.0,1.0
2026-03-22T21:10:07.745-306470-175337,36,false,7.34237911311142,1,3784.6069082925405,1.0,1.0
2026-03-22T21:10:07.745-306470-175337,258,false,14.854061013060308,1,3784.6069082925405,1.0,1.0
2026-03-22T21:10:07.745-306470-175337,745,false,2.2091065621369523,1,3784.6069082925405,1.0,1.0
2026-03-22T21:10:07.745-306470-175337,82,false,4.67272288092273,1,3784.6069082925405,1.0,1.0
2026-03-22T21:10:07.745-306470-175337,977,false,9.583846292976249,1,3784.6069082925405,1.0,1.0
2026-03-22T21:10:07.745-306470-175337,724,false,2.543127529446701,1,3784.6069082925405,1.0,1.0
2026-03-22T21:10:07.745-306470-175337,623,false,8.999881810297213,1,3784.6069082925405,1.0,1.0
2026-03-22T21:10:07.745-306470-175337,704,false,9.847588186689055,1,3784.6069082925405,1.0,1.0
2026-03-22T21:10:07.745-306470-175337,508,false,5.256645283450104,1,3784.6069082925405,1.0,1.0
2026-03-22T21:10:07.745-306470-175337,433,false,25.562874486511824,1,3784.6069082925405,1.0,1.0
2026-03-22T21:10:07.745-306470-175337,265,false,0.2914708775861527,1,3784.6069082925405,1.0,1.0
2026-03-22T21:10:07.745-306470-175337,315,false,1.6115581621716508,1,3784.6069082925405,1.0,1.0
2026-03-22T21:10:07.745-306470-175337,635,false,0.10948637948770513,1,3784.6069082925405,1.0,1.0
2026-03-22T21:10:07.745-306470-175337,236,false,0.467543936738564,1,3784.6069082925405,1.0,1.0
2026-03-22T21:10:07.745-306470-175337,397,false,6.052333929767164,1,3784.6069082925405,1.0,1.0
2026-03-22T21:10:07.745-306470-175337,613,true,9.079648645999903,1,3775.5272596465406,1.0,0.999
2026-03-22T21:10:07.745-306470-175337,164,false,7.1823132371904395,1,3775.5272596465406,1.0,1.0
2026-03-22T21:10:07.745-306470-175337,5,false,5.303654109767851,1,3775.5272596465406,1.0,1.0
2026-03-22T21:10:07.745-306470-175337,994,false,0.24324798024788077,1,3775.5272596465406,1.0,1.0
2026-03-22T21:10:07.745-306470-175337,33,false,0.10428172412056877,1,3775.5272596465406,1.0,1.0
2026-03-22T21:10:07.745-306470-175337,380,false,9.259410788598837,1,3775.5272596465406,1.0,1.0
2026-03-22T21:10:07.745-306470-175337,513,false,41.63453543426569,1,3775.5272596465406,1.0,1.0
2026-03-22T21:10:07.745-306470-175337,308,false,1.2845865823800504,1,3775.5272596465406,1.0,1.0
2026-03-22T21:10:07.745-306470-175337,451,false,4.529763192042366,1,3775.5272596465406,1.0,1.0
2026-03-22T21:10:07.745-306470-175337,970,false,0.23665250643158078,1,3775.5272596465406,1.0,1.0
2026-03-22T21:10:07.745-306470-175337,20,false,0.7112385842725403,1,3775.5272596465406,1.0,1.0
2026-03-22T21:10:07.745-306470-175337,426,false,197.3301761081437,1,3775.5272596465406,1.0,1.0
2026-03-22T21:10:07.745-306470-175337,912,false,3.1860918418629116,1,3775.5272596465406,1.0,1.0
2026-03-22T21:10:07.745-306470-175337,727,false,1.1204082481203061,1,3775.5272596465406,1.0,1.0
2026-03-22T21:10:07.745-306470-175337,16,false,8.330504618428591,1,3775.5272596465406,1.0,1.0
2026-03-22T21:10:07.745-306470-175337,688,false,0.20622507655104916,1,3775.5272596465406,1.0,1.0
2026-03-22T21:10:07.745-306470-175337,174,false,0.023885703285328973,1,3775.5272596465406,1.0,1.0
2026-03-22T21:10:07.745-306470-175337,717,false,0.17889547384518759,1,3775.5272596465406,1.0,1.0
2026-03-22T21:10:07.745-306470-175337,723,false,9.727883463524542,1,3775.5272596465406,1.0,1.0
2026-03-22T21:10:07.745-306470-175337,232,false,2.984225027709407,1,3775.5272596465406,1.0,1.0
2026-03-22T21:10:07.745-306470-175337,563,false,0.5342095157997273,1,3775.5272596465406,1.0,1.0
2026-03-22T21:10:07.745-306470-175337,620,false,5.115909708369531,1,3775.5272596465406,1.0,1.0
2026-03-22T21:10:07.745-306470-175337,289,false,7.300617088102966,1,3775.5272596465406,1.0,1.0
2026-03-22T21:10:07.745-306470-175337,853,false,0.45548754306986455,1,3775.5272596465406,1.0,1.0
2026-03-22T21:10:07.745-306470-175337,792,false,0.017197978147695414,1,3775.5272596465406,1.0,1.0
2026-03-22T21:10:07.745-306470-175337,611,true,5.6516239780180655,1,3769.8756356685226,1.0,0.835
2026-03-22T21:10:07.745-306470-175337,205,false,367.28280115241216,1,3769.8756356685226,1.0,1.0
2026-03-22T21:10:07.745-306470-175337,473,false,0.11145725493341813,1,3769.8756356685226,1.0,1.0
2026-03-22T21:10:07.745-306470-175337,948,false,12.695537873810968,1,3769.8756356685226,1.0,1.0
2026-03-22T21:10:07.745-306470-175337,624,false,18.90274465043649,1,3769.8756356685226,1.0,1.0
2026-03-22T21:10:07.745-306470-175337,887,false,9.903864338796097,1,3769.8756356685226,1.0,1.0
2026-03-22T21:10:07.745-306470-175337,70,false,34.748084232236295,1,3769.8756356685226,1.0,1.0
2026-03-22T21:10:07.745-306470-175337,186,false,0.7664546987166238,1,3769.8756356685226,1.0,1.0
2026-03-22T21:10:07.745-306470-175337,358,false,0.22815335559055275,1,3769.8756356685226,1.0,1.0
2026-03-22T21:10:07.745-306470-175337,914,false,0.26738008621909565,1,3769.8756356685226,1.0,1.0
2026-03-22T21:10:07.745-306470-175337,650,false,0.722948475765998,1,3769.8756356685226,1.0,1.0
2026-03-22T21:10:07.745-306470-175337,181,false,1.1898288323962585,1,3769.8756356685226,1.0,1.0
2026-03-22T21:10:07.745-306470-175337,946,false,3.681442031655626,1,3769.8756356685226,1.0,1.0
2026-03-22T21:10:07.745-306470-175337,588,false,5.305189736309646,1,3769.8756356685226,1.0,1.0
2026-03-22T21:10:07.745-306470-175337,219,false,0.43789551561015605,1,3769.8756356685226,1.0,1.0
2026-03-22T21:10:07.745-306470-175337,444,false,102.55255201821403,1,3769.8756356685226,1.0,1.0
2026-03-22T21:10:07.745-306470-175337,182,false,5.257447026219733,1,3769.8756356685226,1.0,1.0
2026-03-22T21:10:07.745-306470-175337,812,true,17.6514482091894,1,3752.2241874593333,1.0,0.031000000000000028
2026-03-22T21:10:07.745-306470-175337,967,false,2.025820662974894,1,3752.2241874593333,1.0,1.0
2026-03-22T21:10:07.745-306470-175337,899,false,9.116765057183217,1,3752.2241874593333,1.0,1.0
2026-03-22T21:10:07.745-306470-175337,692,false,7.9291455057924445,1,3752.2241874593333,1.0,1.0
2026-03-22T21:10:07.745-306470-175337,311,false,67.21855120468382,1,3752.2241874593333,1.0,1.0
2026-03-22T21:10:07.745-306470-175337,334,false,75.55138600401311,1,3752.2241874593333,1.0,1.0
2026-03-22T21:10:07.745-306470-175337,708,false,0.05534536878911964,1,3752.2241874593333,1.0,1.0
2026-03-22T21:10:07.745-306470-175337,107,false,0.8673396220707928,1,3752.2241874593333,1.0,1.0
2026-03-22T21:10:07.745-306470-175337,253,false,40.24787167196677,1,3752.2241874593333,1.0,1.0
2026-03-22T21:10:07.745-306470-175337,920,false,1.0073274475209362,1,3752.2241874593333,1.0,1.0
2026-03-22T21:10:07.745-306470-175337,992,false,22.15047505680968,1,3752.2241874593333,1.0,1.0
2026-03-22T21:10:07.745-306470-175337,407,false,5.949616937385515,1,3752.2241874593333,1.0,1.0
2026-03-22T21:10:07.745-306470-175337,881,false,1.3932595038538633,1,3752.2241874593333,1.0,1.0
2026-03-22T21:10:07.745-306470-175337,359,false,15.444256361844992,1,3752.2241874593333,1.0,1.0
2026-03-22T21:10:07.745-306470-175337,347,false,2.6252276250858237,1,3752.2241874593333,1.0,1.0
2026-03-22T21:10:07.745-306470-175337,151,false,5.189704923773736,1,3752.2241874593333,1.0,1.0
2026-03-22T21:10:07.745-306470-175337,554,false,2.551086002831978,1,3752.2241874593333,1.0,1.0
2026-03-22T21:10:07.745-306470-175337,956,false,2.573712937827829,1,3752.2241874593333,1.0,1.0
2026-03-22T21:10:07.745-306470-175337,629,false,0.9826042962796956,1,3752.2241874593333,1.0,1.0
2026-03-22T21:10:07.745-306470-175337,484,false,0.20896894628420426,1,3752.2241874593333,1.0,1.0
2026-03-22T21:10:07.745-306470-175337,364,false,2.6383767318417894,1,3752.2241874593333,1.0,1.0
2026-03-22T21:10:07.745-306470-175337,898,false,0.6061786945836426,1,3752.2241874593333,1.0,1.0
2026-03-22T21:10:07.745-306470-175337,558,false,0.24352869896499307,1,3752.2241874593333,1.0,1.0
2026-03-22T21:10:07.745-306470-175337,111,false,1.9777600701257851,1,3752.2241874593333,1.0,1.0
2026-03-22T21:10:07.745-306470-175337,153,false,18.643307029396503,1,3752.2241874593333,1.0,1.0
2026-03-22T21:10:07.745-306470-175337,872,false,1.6228817542088751,1,3752.2241874593333,1.0,1.0
2026-03-22T21:10:07.745-306470-175337,52,false,19.609636278335095,1,3752.2241874593333,1.0,1.0
2026-03-22T21:10:07.745-306470-175337,855,false,0.24158846644834864,1,3752.2241874593333,1.0,1.0
2026-03-22T21:10:07.745-306470-175337,492,false,0.7257138520671801,1,3752.2241874593333,1.0,1.0
2026-03-22T21:10:07.745-306470-175337,288,false,1.2327722493919002,1,3752.2241874593333,1.0,1.0
2026-03-22T21:10:07.745-306470-175337,403,false,14.134480708383549,1,3752.2241874593333,1.0,1.0
2026-03-22T21:10:07.745-306470-175337,101,false,2.3154651580537613,1,3752.2241874593333,1.0,1.0
2026-03-22T21:10:07.745-306470-175337,614,true,7.912480288416573,1,3744.3117071709166,1.0,0.0020000000000000018
2026-03-22T21:10:07.745-306470-175337,366,false,31.383854922361994,1,3744.3117071709166,1.0,1.0
2026-03-22T21:10:07.745-306470-175337,255,false,8.680903616536261,1,3744.3117071709166,1.0,1.0
2026-03-22T21:10:07.745-306470-175337,865,false,0.41899918025535715,1,3744.3117071709166,1.0,1.0
2026-03-22T21:10:07.745-306470-175337,472,false,2.1501620518842617,1,3744.3117071709166,1.0,1.0
2026-03-22T21:10:07.745-306470-175337,317,false,5.290739221110133,1,3744.3117071709166,1.0,1.0
2026-03-22T21:10:07.745-306470-175337,845,false,1.0593866108861636,1,3744.3117071709166,1.0,1.0
2026-03-22T21:10:07.745-306470-175337,577,false,4.71991893326357,1,3744.3117071709166,1.0,1.0
2026-03-22T21:10:07.745-306470-175337,230,false,1.097884110489131,1,3744.3117071709166,1.0,1.0
2026-03-22T21:10:07.745-306470-175337,750,false,1.5343672472376548,1,3744.3117071709166,1.0,1.0
2026-03-22T21:10:07.745-306470-175337,744,false,1.1424477872794117,1,3744.3117071709166,1.0,1.0
2026-03-22T21:10:07.745-306470-175337,980,false,42.097403288491776,1,3744.3117071709166,1.0,1.0
2026-03-22T21:10:07.745-306470-175337,263,false,1.7161496267862637,1,3744.3117071709166,1.0,1.0
2026-03-22T21:10:07.745-306470-175337,28,false,11.946692974892677,1,3744.3117071709166,1.0,1.0
2026-03-22T21:10:07.745-306470-175337,357,false,56.71188884667507,1,3744.3117071709166,1.0,1.0
2026-03-22T21:10:07.745-306470-175337,584,false,6.725582750539876,1,3744.3117071709166,1.0,1.0
2026-03-22T21:10:07.745-306470-175337,573,false,0.7584684496944787,1,3744.3117071709166,1.0,1.0
2026-03-22T21:10:07.745-306470-175337,481,false,10.398254971784251,1,3744.3117071709166,1.0,1.0
2026-03-22T21:10:07.745-306470-175337,393,false,0.07646584713331535,1,3744.3117071709166,1.0,1.0
2026-03-22T21:10:07.745-306470-175337,995,false,20.228662378933162,1,3744.3117071709166,1.0,1.0
2026-03-22T21:10:07.745-306470-175337,648,false,0.7375975693849691,1,3744.3117071709166,1.0,1.0
2026-03-22T21:10:07.745-306470-175337,715,false,0.5805359586762262,1,3744.3117071709166,1.0,1.0
2026-03-22T21:10:07.745-306470-175337,510,false,8.704248806404658,1,3744.3117071709166,1.0,1.0
2026-03-22T21:10:07.745-306470-175337,146,false,0.2292818015224422,1,3744.3117071709166,1.0,1.0
2026-03-22T21:10:07.745-306470-175337,943,false,3.8549215553721528,1,3744.3117071709166,1.0,1.0
2026-03-22T21:10:07.745-306470-175337,908,false,1.3722731333223324,1,3744.3117071709166,1.0,1.0
2026-03-22T21:10:07.745-306470-175337,531,false,8.37192702731917,1,3744.3117071709166,1.0,1.0
2026-03-22T21:10:07.745-306470-175337,463,false,1.2331278327027386,1,3744.3117071709166,1.0,1.0
2026-03-22T21:10:07.745-306470-175337,743,false,3.08373755462726,1,3744.3117071709166,1.0,1.0
2026-03-22T21:10:07.745-306470-175337,736,false,5.00414432787625,1,3744.3117071709166,1.0,1.0
2026-03-22T21:10:07.745-306470-175337,95,false,113.91716033429009,1,3744.3117071709166,1.0,1.0
2026-03-22T21:10:07.745-306470-175337,62,false,0.1864472605664568,1,3744.3117071709166,1.0,1.0
2026-03-22T21:10:07.745-306470-175337,439,false,4.305320574203382,1,3744.3117071709166,1.0,1.0
2026-03-22T21:10:07.745-306470-175337,281,false,0.2556606223992947,1,3744.3117071709166,1.0,1.0
2026-03-22T21:10:07.745-306470-175337,189,false,2.5721839173062966,1,3744.3117071709166,1.0,1.0
2026-03-22T21:10:07.745-306470-175337,394,false,2.3005984599798843,1,3744.3117071709166,1.0,1.0
2026-03-22T21:10:07.745-306470-175337,965,false,0.6347508109183375,1,3744.3117071709166,1.0,1.0
2026-03-22T21:10:07.745-306470-175337,757,false,0.04546179697482064,1,3744.3117071709166,1.0,1.0
2026-03-22T21:10:07.745-306470-175337,179,false,1.0421093144407143,1,3744.3117071709166,1.0,1.0
2026-03-22T21:10:07.745-306470-175337,429,false,2.521242854502324,1,3744.3117071709166,1.0,1.0
2026-03-22T21:10:07.745-306470-175337,710,false,8.137221673065644,1,3744.3117071709166,1.0,1.0
2026-03-22T21:10:07.745-306470-175337,191,false,4.577386957734968,1,3744.3117071709166,1.0,1.0
2026-03-22T21:10:07.745-306470-175337,97,false,2.0720606459064728,1,3744.3117071709166,1.0,1.0
2026-03-22T21:10:07.745-306470-175337,344,false,15.856420868136626,1,3744.3117071709166,1.0,1.0
2026-03-22T21:10:07.745-306470-175337,72,false,0.011294211771990834,1,3744.3117071709166,1.0,1.0
2026-03-22T21:10:07.745-306470-175337,618,false,14.281261895443118,1,3744.3117071709166,1.0,1.0
2026-03-22T21:10:07.745-306470-175337,339,false,0.5784733012711613,1,3744.3117071709166,1.0,1.0
2026-03-22T21:10:07.745-306470-175337,740,false,0.2690063508953757,1,3744.3117071709166,1.0,1.0
2026-03-22T21:10:07.745-306470-175337,228,false,2.699790914211555,1,3744.3117071709166,1.0,1.0
2026-03-22T21:10:07.745-306470-175337,653,false,26.027395402321655,1,3744.3117071709166,1.0,1.0
2026-03-22T21:10:07.745-306470-175337,499,false,9.072092131826626,1,3744.3117071709166,1.0,1.0
2026-03-22T21:10:07.745-306470-175337,803,false,3.0123772754163856,1,3744.3117071709166,1.0,1.0
2026-03-22T21:10:07.745-306470-175337,441,false,0.37470476623936966,1,3744.3117071709166,1.0,1.0
2026-03-22T21:10:07.745-306470-175337,382,false,2.356571815478851,1,3744.3117071709166,1.0,1.0
2026-03-22T21:10:07.745-306470-175337,14,false,105.86501744292407,1,3744.3117071709166,1.0,1.0
2026-03-22T21:10:07.745-306470-175337,521,false,11.558538987779908,1,3744.3117071709166,1.0,1.0
2026-03-22T21:10:07.745-306470-175337,416,false,56.26680506935263,1,3744.3117071709166,1.0,1.0
2026-03-22T21:10:07.745-306470-175337,87,false,0.153078302410799,1,3744.3117071709166,1.0,1.0
2026-03-22T21:10:07.745-306470-175337,542,false,2.3969930351932764,1,3744.3117071709166,1.0,1.0
2026-03-22T21:10:07.745-306470-175337,314,false,7.014562367110955,1,3744.3117071709166,1.0,1.0
2026-03-22T21:10:07.745-306470-175337,973,false,0.20512868049730074,1,3744.3117071709166,1.0,1.0
2026-03-22T21:10:07.745-306470-175337,511,false,2.4532691099119663,1,3744.3117071709166,1.0,1.0
2026-03-22T21:10:07.745-306470-175337,197,false,6.8164679148047105,1,3744.3117071709166,1.0,1.0
2026-03-22T21:10:07.745-306470-175337,498,false,0.39897788561502173,1,3744.3117071709166,1.0,1.0
2026-03-22T21:10:07.745-306470-175337,957,false,2.967068374822296,1,3744.3117071709166,1.0,1.0
2026-03-22T21:10:07.745-306470-175337,44,false,8.854124472756025,1,3744.3117071709166,1.0,1.0
2026-03-22T21:10:07.745-306470-175337,261,false,0.286426624931226,1,3744.3117071709166,1.0,1.0
2026-03-22T21:10:07.745-306470-175337,114,false,49.4525662999022,1,3744.3117071709166,1.0,1.0
2026-03-22T21:10:07.745-306470-175337,885,false,0.6516343065686077,1,3744.3117071709166,1.0,1.0
2026-03-22T21:10:07.745-306470-175337,945,false,119.85589148698486,1,3744.3117071709166,1.0,1.0
2026-03-22T21:10:07.745-306470-175337,234,false,1.4434501919333789,1,3744.3117071709166,1.0,1.0
2026-03-22T21:10:07.745-306470-175337,518,false,6.800830742882721,1,3744.3117071709166,1.0,1.0
2026-03-22T21:10:07.745-306470-175337,316,false,1.0835414444482443,1,3744.3117071709166,1.0,1.0
2026-03-22T21:10:07.745-306470-175337,244,false,4.871743463986952,1,3744.3117071709166,1.0,1.0
2026-03-22T21:10:07.745-306470-175337,133,false,0.3590468212253234,1,3744.3117071709166,1.0,1.0
2026-03-22T21:10:07.745-306470-175337,85,false,46.11494050697065,1,3744.3117071709166,1.0,1.0
2026-03-22T21:10:07.745-306470-175337,277,false,22.199124296903467,1,3744.3117071709166,1.0,1.0
2026-03-22T21:10:07.745-306470-175337,68,true,135.37332318380902,1,3608.9383839871075,1.0,0.999
2026-03-22T21:10:07.745-306470-175337,560,false,148.32953629531912,1,3608.9383839871075,1.0,1.0
2026-03-22T21:10:07.745-306470-175337,479,false,0.19130410638430131,1,3608.9383839871075,1.0,1.0
2026-03-22T21:10:07.745-306470-175337,177,false,1.0037303157440554,1,3608.9383839871075,1.0,1.0
2026-03-22T21:10:07.745-306470-175337,103,true,1.969947385342843,1,3606.9684366017646,1.0,0.857
2026-03-22T21:10:07.745-306470-175337,235,false,1.9742625665582816,1,3606.9684366017646,1.0,1.0
2026-03-22T21:10:07.745-306470-175337,351,false,7.044512822089037,1,3606.9684366017646,1.0,1.0
2026-03-22T21:10:07.745-306470-175337,251,false,0.7388383066086225,1,3606.9684366017646,1.0,1.0
2026-03-22T21:10:07.745-306470-175337,515,false,2.725152655368621,1,3606.9684366017646,1.0,1.0
2026-03-22T21:10:07.745-306470-175337,145,false,0.9354604183039126,1,3606.9684366017646,1.0,1.0
2026-03-22T21:10:07.745-306470-175337,420,false,1.8903647144968851,1,3606.9684366017646,1.0,1.0
2026-03-22T21:10:07.745-306470-175337,760,false,27.416805130659355,1,3606.9684366017646,1.0,1.0
2026-03-22T21:10:07.745-306470-175337,423,false,1.6191553111441812,1,3606.9684366017646,1.0,1.0
2026-03-22T21:10:07.745-306470-175337,867,false,0.22015592607064807,1,3606.9684366017646,1.0,1.0
2026-03-22T21:10:07.745-306470-175337,694,false,3.4054229583854534,1,3606.9684366017646,1.0,1.0
2026-03-22T21:10:07.745-306470-175337,25,false,1.6603879273351254,1,3606.9684366017646,1.0,1.0
2026-03-22T21:10:07.745-306470-175337,50,false,68.60405851173981,1,3606.9684366017646,1.0,1.0
2026-03-22T21:10:07.745-306470-175337,336,false,3.831674449109413,1,3606.9684366017646,1.0,1.0
2026-03-22T21:10:07.745-306470-175337,719,false,1.3659370847930434,1,3606.9684366017646,1.0,1.0
2026-03-22T21:10:07.745-306470-175337,246,false,0.4298796783026876,1,3606.9684366017646,1.0,1.0
2026-03-22T21:10:07.745-306470-175337,802,false,15.903468560272104,1,3606.9684366017646,1.0,1.0
2026-03-22T21:10:07.745-306470-175337,335,false,1.8973384798742259,1,3606.9684366017646,1.0,1.0
2026-03-22T21:10:07.745-306470-175337,846,false,4.693403897077417,1,3606.9684366017646,1.0,1.0
2026-03-22T21:10:07.745-306470-175337,911,false,6.637812936607587,1,3606.9684366017646,1.0,1.0
2026-03-22T21:10:07.745-306470-175337,418,false,0.0808033348347085,1,3606.9684366017646,1.0,1.0
2026-03-22T21:10:07.745-306470-175337,559,false,0.20173282154834812,1,3606.9684366017646,1.0,1.0
2026-03-22T21:10:07.745-306470-175337,721,false,11.750971846055156,1,3606.9684366017646,1.0,1.0
2026-03-22T21:10:07.745-306470-175337,969,false,958.2520733010073,1,3606.9684366017646,1.0,1.0
2026-03-22T21:10:07.745-306470-175337,809,true,18.294203073861453,1,3588.674233527903,1.0,0.0040000000000000036
2026-03-22T21:10:07.745-306470-175337,39,false,60.65962720247165,1,3588.674233527903,1.0,1.0
2026-03-22T21:10:07.745-306470-175337,919,false,1.1224616398929435,1,3588.674233527903,1.0,1.0
2026-03-22T21:10:07.745-306470-175337,591,false,5.1711690693675445,1,3588.674233527903,1.0,1.0
2026-03-22T21:10:07.745-306470-175337,118,false,27.778138912022158,1,3588.674233527903,1.0,1.0
2026-03-22T21:10:07.745-306470-175337,172,false,1.61324112898815,1,3588.674233527903,1.0,1.0
2026-03-22T21:10:07.745-306470-175337,328,false,93.13718534472517,1,3588.674233527903,1.0,1.0
2026-03-22T21:10:07.745-306470-175337,43,false,0.06450510407441125,1,3588.674233527903,1.0,1.0
2026-03-22T21:10:07.745-306470-175337,731,false,3.001995721241173,1,3588.674233527903,1.0,1.0
2026-03-22T21:10:07.745-306470-175337,626,false,4.109020871389726,1,3588.674233527903,1.0,1.0
2026-03-22T21:10:07.745-306470-175337,822,false,6.965147211178522,1,3588.674233527903,1.0,1.0
2026-03-22T21:10:07.745-306470-175337,598,false,0.6895840117945236,1,3588.674233527903,1.0,1.0
2026-03-22T21:10:07.745-306470-175337,124,false,5.520069765142573,1,3588.674233527903,1.0,1.0
2026-03-22T21:10:07.745-306470-175337,552,false,0.20739542481139808,1,3588.674233527903,1.0,1.0
2026-03-22T21:10:07.745-306470-175337,556,false,16.787942858415615,1,3588.674233527903,1.0,1.0
2026-03-22T21:10:07.745-306470-175337,639,false,0.38446739024827337,1,3588.674233527903,1.0,1.0
2026-03-22T21:10:07.745-306470-175337,476,false,26.869020476116994,1,3588.674233527903,1.0,1.0
2026-03-22T21:10:07.745-306470-175337,389,false,1.229662745039511,1,3588.674233527903,1.0,1.0
2026-03-22T21:10:07.745-306470-175337,963,false,5.685757082300936,1,3588.674233527903,1.0,1.0
2026-03-22T21:10:07.745-306470-175337,279,false,0.1766828915579233,1,3588.674233527903,1.0,1.0
2026-03-22T21:10:07.745-306470-175337,795,false,0.5436518153201697,1,3588.674233527903,1.0,1.0
2026-03-22T21:10:07.745-306470-175337,362,false,77.82326948480298,1,3588.674233527903,1.0,1.0
2026-03-22T21:10:07.745-306470-175337,601,false,0.6802711850126221,1,3588.674233527903,1.0,1.0
2026-03-22T21:10:07.745-306470-175337,410,false,1.3595676790607456,1,3588.674233527903,1.0,1.0
2026-03-22T21:10:07.745-306470-175337,422,false,0.760514262982967,1,3588.674233527903,1.0,1.0
2026-03-22T21:10:07.745-306470-175337,535,false,2.061778957309091,1,3588.674233527903,1.0,1.0
2026-03-22T21:10:07.745-306470-175337,983,false,0.846262875119938,1,3588.674233527903,1.0,1.0
2026-03-22T21:10:07.745-306470-175337,702,false,6.953843122723019,1,3588.674233527903,1.0,1.0
2026-03-22T21:10:07.745-306470-175337,12,false,3.5121230191551143,1,3588.674233527903,1.0,1.0
2026-03-22T21:10:07.745-306470-175337,652,false,1.620931866887502,1,3588.674233527903,1.0,1.0
2026-03-22T21:10:07.745-306470-175337,654,false,2.0270873673048593,1,3588.674233527903,1.0,1.0
2026-03-22T21:10:07.745-306470-175337,137,false,0.037451495759419653,1,3588.674233527903,1.0,1.0
2026-03-22T21:10:07.745-306470-175337,985,false,1.215588655280294,1,3588.674233527903,1.0,1.0
2026-03-22T21:10:07.745-306470-175337,99,false,2.2062933136101495,1,3588.674233527903,1.0,1.0
2026-03-22T21:10:07.745-306470-175337,842,false,4.76612426918816,1,3588.674233527903,1.0,1.0
2026-03-22T21:10:07.745-306470-175337,200,false,0.3491910859939894,1,3588.674233527903,1.0,1.0
2026-03-22T21:10:07.745-306470-175337,2,false,1.0124591892564863,1,3588.674233527903,1.0,1.0
2026-03-22T21:10:07.745-306470-175337,493,false,15.244693019097742,1,3588.674233527903,1.0,1.0
2026-03-22T21:10:07.745-306470-175337,375,false,20.728612056029192,1,3588.674233527903,1.0,1.0
2026-03-22T21:10:07.745-306470-175337,839,false,4.757966496905932,1,3588.674233527903,1.0,1.0
2026-03-22T21:10:07.745-306470-175337,220,false,1.8676665056081685,1,3588.674233527903,1.0,1.0
2026-03-22T21:10:07.745-306470-175337,21,false,99.01596443879777,1,3588.674233527903,1.0,1.0
2026-03-22T21:10:07.745-306470-175337,806,true,2.3050889353869635,1,3586.369144592516,1.0,0.7
2026-03-22T21:10:07.745-306470-175337,753,false,0.11391520726364249,1,3586.369144592516,1.0,1.0
2026-03-22T21:10:07.745-306470-175337,831,false,14.817893433254396,1,3586.369144592516,1.0,1.0
2026-03-22T21:10:07.745-306470-175337,658,false,0.3174819431400819,1,3586.369144592516,1.0,1.0
2026-03-22T21:10:07.745-306470-175337,19,false,1.2149918851718362,1,3586.369144592516,1.0,1.0
2026-03-22T21:10:07.745-306470-175337,879,false,5.961579788346774,1,3586.369144592516,1.0,1.0
2026-03-22T21:10:07.745-306470-175337,814,false,0.02692997122331092,1,3586.369144592516,1.0,1.0
2026-03-22T21:10:07.745-306470-175337,546,false,1.7732640035405995,1,3586.369144592516,1.0,1.0
2026-03-22T21:10:07.745-306470-175337,77,false,15.66875931812166,1,3586.369144592516,1.0,1.0
2026-03-22T21:10:07.745-306470-175337,790,false,11.234591852310679,1,3586.369144592516,1.0,1.0
2026-03-22T21:10:07.745-306470-175337,583,false,0.47255342084547347,1,3586.369144592516,1.0,1.0
2026-03-22T21:10:07.745-306470-175337,29,false,0.31399940240457863,1,3586.369144592516,1.0,1.0
2026-03-22T21:10:07.745-306470-175337,767,false,12.108321789353884,1,3586.369144592516,1.0,1.0
2026-03-22T21:10:07.745-306470-175337,909,false,3.0329622570126524,1,3586.369144592516,1.0,1.0
2026-03-22T21:10:07.745-306470-175337,602,false,13.191320375045228,1,3586.369144592516,1.0,1.0
2026-03-22T21:10:07.745-306470-175337,391,false,3.848200512672071,1,3586.369144592516,1.0,1.0
2026-03-22T21:10:07.745-306470-175337,718,false,5.046991946839368,1,3586.369144592516,1.0,1.0
2026-03-22T21:10:07.745-306470-175337,250,false,7.37999416540718,1,3586.369144592516,1.0,1.0
2026-03-22T21:10:07.745-306470-175337,331,false,55.4498312744133,1,3586.369144592516,1.0,1.0
2026-03-22T21:10:07.745-306470-175337,356,false,36.50825415541735,1,3586.369144592516,1.0,1.0
2026-03-22T21:10:07.745-306470-175337,404,false,0.01752511476552468,1,3586.369144592516,1.0,1.0
2026-03-22T21:10:07.745-306470-175337,460,false,8.851710425112769,1,3586.369144592516,1.0,1.0
2026-03-22T21:10:07.745-306470-175337,990,false,3.151538515606438,1,3586.369144592516,1.0,1.0
2026-03-22T21:10:07.745-306470-175337,997,false,2.4631875252889692,1,3586.369144592516,1.0,1.0
2026-03-22T21:10:07.745-306470-175337,400,false,0.3359578221761422,1,3586.369144592516,1.0,1.0
2026-03-22T21:10:07.745-306470-175337,981,false,0.15209048012309018,1,3586.369144592516,1.0,1.0
2026-03-22T21:10:07.745-306470-175337,240,false,7.903160574939918,1,3586.369144592516,1.0,1.0
2026-03-22T21:10:07.745-306470-175337,343,false,3.2888138402112763,1,3586.369144592516,1.0,1.0
2026-03-22T21:10:07.745-306470-175337,859,false,1.0153092442637313,1,3586.369144592516,1.0,1.0
2026-03-22T21:10:07.745-306470-175337,582,false,21.177913569072604,1,3586.369144592516,1.0,1.0
2026-03-22T21:10:07.745-306470-175337,729,false,1.0150976260227125,1,3586.369144592516,1.0,1.0
2026-03-22T21:10:07.745-306470-175337,307,false,0.027035733056691196,1,3586.369144592516,1.0,1.0
2026-03-22T21:10:07.745-306470-175337,778,false,2.4307051014661836,1,3586.369144592516,1.0,1.0
2026-03-22T21:10:07.745-306470-175337,247,false,0.3846769242194851,1,3586.369144592516,1.0,1.0
2026-03-22T21:10:07.745-306470-175337,480,false,0.36327515516135184,1,3586.369144592516,1.0,1.0
2026-03-22T21:10:07.745-306470-175337,34,false,0.3327569586722379,1,3586.369144592516,1.0,1.0
2026-03-22T21:10:07.745-306470-175337,327,false,0.5765881955809888,1,3586.369144592516,1.0,1.0
2026-03-22T21:10:07.745-306470-175337,132,false,1.8563315653596355,1,3586.369144592516,1.0,1.0
2026-03-22T21:10:07.745-306470-175337,952,false,0.3353709452945862,1,3586.369144592516,1.0,1.0
2026-03-22T21:10:07.745-306470-175337,254,false,2.134640903563689,1,3586.369144592516,1.0,1.0
2026-03-22T21:10:07.745-306470-175337,561,false,0.07829341118950092,1,3586.369144592516,1.0,1.0
2026-03-22T21:10:07.745-306470-175337,918,false,0.7484230400420523,1,3586.369144592516,1.0,1.0
2026-03-22T21:10:07.745-306470-175337,237,false,3.6831651102694862,1,3586.369144592516,1.0,1.0
2026-03-22T21:10:07.745-306470-175337,524,false,0.49723989499261106,1,3586.369144592516,1.0,1.0
2026-03-22T21:10:07.745-306470-175337,7,false,2.790811243716747,1,3586.369144592516,1.0,1.0
2026-03-22T21:10:07.745-306470-175337,587,false,51.67046832197618,1,3586.369144592516,1.0,1.0
2026-03-22T21:10:07.745-306470-175337,595,false,0.25036271556000417,1,3586.369144592516,1.0,1.0
2026-03-22T21:10:07.745-306470-175337,762,false,1.4346661387312527,1,3586.369144592516,1.0,1.0
2026-03-22T21:10:07.745-306470-175337,90,false,0.23143026678480816,1,3586.369144592516,1.0,1.0
2026-03-22T21:10:07.745-306470-175337,100,true,5.76893769850646,1,3580.6002068940097,1.0,0.724
2026-03-22T21:10:07.745-306470-175337,528,false,3.986495985669932,1,3580.6002068940097,1.0,1.0
2026-03-22T21:10:07.745-306470-175337,310,true,0.4456442284698077,1,3580.1545626655397,1.0,0.855
2026-03-22T21:10:07.745-306470-175337,959,false,0.643815378374547,1,3580.1545626655397,1.0,1.0
2026-03-22T21:10:07.745-306470-175337,924,false,1.5666598175715682,1,3580.1545626655397,1.0,1.0
2026-03-22T21:10:07.745-306470-175337,113,false,87.8797962241374,1,3580.1545626655397,1.0,1.0
2026-03-22T21:10:07.745-306470-175337,98,true,0.4453519758787108,1,3579.709210689661,1.0,0.698
2026-03-22T21:10:07.745-306470-175337,437,false,34.208134869183475,1,3579.709210689661,1.0,1.0
2026-03-22T21:10:07.745-306470-175337,625,false,5.391632070335249,1,3579.709210689661,1.0,1.0
2026-03-22T21:10:07.745-306470-175337,689,false,0.12853849235622625,1,3579.709210689661,1.0,1.0
2026-03-22T21:10:07.745-306470-175337,73,false,0.09283470484586283,1,3579.709210689661,1.0,1.0
2026-03-22T21:10:07.745-306470-175337,798,false,133.84596658186464,1,3579.709210689661,1.0,1.0
2026-03-22T21:10:07.745-306470-175337,833,false,6.8823472215605,1,3579.709210689661,1.0,1.0
2026-03-22T21:10:07.745-306470-175337,676,false,0.4023692051336463,1,3579.709210689661,1.0,1.0
2026-03-22T21:10:07.745-306470-175337,271,false,114.60493327177012,1,3579.709210689661,1.0,1.0
2026-03-22T21:10:07.745-306470-175337,543,false,3.9665907952931696,1,3579.709210689661,1.0,1.0
2026-03-22T21:10:07.745-306470-175337,642,false,0.5298972899506708,1,3579.709210689661,1.0,1.0
2026-03-22T21:10:07.745-306470-175337,523,false,0.6126708711117171,1,3579.709210689661,1.0,1.0
2026-03-22T21:10:07.745-306470-175337,445,false,0.3604154014702086,1,3579.709210689661,1.0,1.0
2026-03-22T21:10:07.745-306470-175337,927,false,4.545312483805656,1,3579.709210689661,1.0,1.0
2026-03-22T21:10:07.745-306470-175337,982,false,221.78476836325953,1,3579.709210689661,1.0,1.0
2026-03-22T21:10:07.745-306470-175337,576,false,10.386625490331017,1,3579.709210689661,1.0,1.0
2026-03-22T21:10:07.745-306470-175337,396,false,194.26471149346614,1,3579.709210689661,1.0,1.0
2026-03-22T21:10:07.745-306470-175337,636,false,0.09469994089354804,1,3579.709210689661,1.0,1.0
2026-03-22T21:10:07.745-306470-175337,65,false,0.05488676644312715,1,3579.709210689661,1.0,1.0
2026-03-22T21:10:07.745-306470-175337,282,false,7.46294583037329,1,3579.709210689661,1.0,1.0
2026-03-22T21:10:07.745-306470-175337,532,false,0.2636828702720477,1,3579.709210689661,1.0,1.0
2026-03-22T21:10:07.745-306470-175337,210,false,29.169955904240016,1,3579.709210689661,1.0,1.0
2026-03-22T21:10:07.745-306470-175337,180,false,4.178094804216122,1,3579.709210689661,1.0,1.0
2026-03-22T21:10:07.745-306470-175337,687,false,247.956147042013,1,3579.709210689661,1.0,1.0
2026-03-22T21:10:07.745-306470-175337,373,false,7.639331817631423,1,3579.709210689661,1.0,1.0
2026-03-22T21:10:07.745-306470-175337,668,false,4.267785776539625,1,3579.709210689661,1.0,1.0
2026-03-22T21:10:07.745-306470-175337,968,false,10.487062002740053,1,3579.709210689661,1.0,1.0
2026-03-22T21:10:07.745-306470-175337,707,false,15.027442065047188,1,3579.709210689661,1.0,1.0
2026-03-22T21:10:07.745-306470-175337,483,false,0.3483441502008498,1,3579.709210689661,1.0,1.0
2026-03-22T21:10:07.745-306470-175337,63,false,0.41561360852634716,1,3579.709210689661,1.0,1.0
2026-03-22T21:10:07.745-306470-175337,593,false,4.794211111162179,1,3579.709210689661,1.0,1.0
2026-03-22T21:10:07.745-306470-175337,231,false,0.04014570693798341,1,3579.709210689661,1.0,1.0
2026-03-22T21:10:07.745-306470-175337,106,false,0.06871359881491816,1,3579.709210689661,1.0,1.0
2026-03-22T21:10:07.745-306470-175337,482,false,4.560746185875722,1,3579.709210689661,1.0,1.0
2026-03-22T21:10:07.745-306470-175337,273,false,11.63048058862244,1,3579.709210689661,1.0,1.0
2026-03-22T21:10:07.745-306470-175337,300,false,37.505580757926985,1,3579.709210689661,1.0,1.0
2026-03-22T21:10:07.745-306470-175337,478,false,21.200282227171733,1,3579.709210689661,1.0,1.0
2026-03-22T21:10:07.745-306470-175337,414,false,4.237111267138292,1,3579.709210689661,1.0,1.0
2026-03-22T21:10:07.745-306470-175337,305,false,3.3417503689299273,1,3579.709210689661,1.0,1.0
2026-03-22T21:10:07.745-306470-175337,278,false,5.092311541007456,1,3579.709210689661,1.0,1.0
2026-03-22T21:10:07.745-306470-175337,544,false,0.2682005904978204,1,3579.709210689661,1.0,1.0
2026-03-22T21:10:07.745-306470-175337,773,false,0.5350034003896338,1,3579.709210689661,1.0,1.0
2026-03-22T21:10:07.745-306470-175337,776,false,0.29210407159583096,1,3579.709210689661,1.0,1.0
2026-03-22T21:10:07.745-306470-175337,786,false,2.9088567789738997,1,3579.709210689661,1.0,1.0
2026-03-22T21:10:07.745-306470-175337,168,false,4.681586517462168,1,3579.709210689661,1.0,1.0
2026-03-22T21:10:07.745-306470-175337,675,false,14.197713609696955,1,3579.709210689661,1.0,1.0
2026-03-22T21:10:07.745-306470-175337,504,false,4.010683042633171,1,3579.709210689661,1.0,1.0
2026-03-22T21:10:07.745-306470-175337,796,false,5.296841494322285,1,3579.709210689661,1.0,1.0
2026-03-22T21:10:07.745-306470-175337,999,false,3.425707161192764,1,3579.709210689661,1.0,1.0
2026-03-22T21:10:07.745-306470-175337,227,false,0.12279519773609965,1,3579.709210689661,1.0,1.0
2026-03-22T21:10:07.745-306470-175337,38,false,0.21909916681471908,1,3579.709210689661,1.0,1.0
2026-03-22T21:10:07.745-306470-175337,468,false,0.11019180790501877,1,3579.709210689661,1.0,1.0
2026-03-22T21:10:07.745-306470-175337,294,false,0.18483561268491633,1,3579.709210689661,1.0,1.0
2026-03-22T21:10:07.745-306470-175337,516,false,4.91444134522495,1,3579.709210689661,1.0,1.0
2026-03-22T21:10:07.745-306470-175337,630,false,0.13539340587402596,1,3579.709210689661,1.0,1.0
2026-03-22T21:10:07.745-306470-175337,607,false,1.987776630043402,1,3579.709210689661,1.0,1.0
2026-03-22T21:10:07.745-306470-175337,53,false,21.59465767613492,1,3579.709210689661,1.0,1.0
2026-03-22T21:10:07.745-306470-175337,206,false,0.27705150962198616,1,3579.709210689661,1.0,1.0
2026-03-22T21:10:07.745-306470-175337,739,false,0.14238853824410883,1,3579.709210689661,1.0,1.0
2026-03-22T21:10:07.745-306470-175337,663,false,2.6589974846025775,1,3579.709210689661,1.0,1.0
2026-03-22T21:10:07.745-306470-175337,166,false,0.8680981205375208,1,3579.709210689661,1.0,1.0
2026-03-22T21:10:07.745-306470-175337,329,false,76.55376945898442,1,3579.709210689661,1.0,1.0
2026-03-22T21:10:07.745-306470-175337,141,false,0.4671498220195218,1,3579.709210689661,1.0,1.0
2026-03-22T21:10:07.745-306470-175337,449,false,3.065291019820431,1,3579.709210689661,1.0,1.0
2026-03-22T21:10:07.745-306470-175337,144,false,2.1840284826767147,1,3579.709210689661,1.0,1.0
2026-03-22T21:10:07.745-306470-175337,953,false,0.04121873399192991,1,3579.709210689661,1.0,1.0
2026-03-22T21:10:07.745-306470-175337,257,false,0.12791814586934652,1,3579.709210689661,1.0,1.0
2026-03-22T21:10:07.745-306470-175337,976,false,4.249349057800708,1,3579.709210689661,1.0,1.0
2026-03-22T21:10:07.745-306470-175337,326,false,2.259253872788954,1,3579.709210689661,1.0,1.0
2026-03-22T21:10:07.745-306470-175337,325,false,0.21457795204963082,1,3579.709210689661,1.0,1.0
2026-03-22T21:10:07.745-306470-175337,913,false,10.167485021492041,1,3579.709210689661,1.0,1.0
2026-03-22T21:10:07.745-306470-175337,886,false,9.073175818523632,1,3579.709210689661,1.0,1.0
2026-03-22T21:10:07.745-306470-175337,467,false,5.453257828507434,1,3579.709210689661,1.0,1.0
2026-03-22T21:10:07.745-306470-175337,129,false,4.23371365421336,1,3579.709210689661,1.0,1.0
2026-03-22T21:10:07.745-306470-175337,46,false,1.3882501355943115,1,3579.709210689661,1.0,1.0
2026-03-22T21:10:07.745-306470-175337,991,false,2.6586106948657435,1,3579.709210689661,1.0,1.0
2026-03-22T21:10:07.745-306470-175337,302,false,1.1751499174072861,1,3579.709210689661,1.0,1.0
2026-03-22T21:10:07.745-306470-175337,950,false,75.52445293280842,1,3579.709210689661,1.0,1.0
2026-03-22T21:10:07.745-306470-175337,892,false,2.401251665979939,1,3579.709210689661,1.0,1.0
2026-03-22T21:10:07.745-306470-175337,884,false,62.50942611349904,1,3579.709210689661,1.0,1.0
2026-03-22T21:10:07.745-306470-175337,501,false,13.133915051297981,1,3579.709210689661,1.0,1.0
2026-03-22T21:10:07.745-306470-175337,171,false,6.698158723421939,1,3579.709210689661,1.0,1.0
2026-03-22T21:10:07.745-306470-175337,616,true,0.8534796085752742,1,3578.855731081086,1.0,0.028000000000000025
2026-03-22T21:10:07.745-306470-175337,312,true,14.287608619976421,1,3564.56812246111,1.0,0.926
2026-03-22T21:10:07.745-306470-175337,45,false,6.039441871695574,1,3564.56812246111,1.0,1.0
2026-03-22T21:10:07.745-306470-175337,79,false,12.451972867349944,1,3564.56812246111,1.0,1.0
2026-03-22T21:10:07.745-306470-175337,701,false,2.7656655586551953,1,3564.56812246111,1.0,1.0
2026-03-22T21:10:07.745-306470-175337,641,false,10.301094623264214,1,3564.56812246111,1.0,1.0
2026-03-22T21:10:07.745-306470-175337,949,false,37.19212237984747,1,3564.56812246111,1.0,1.0
2026-03-22T21:10:07.745-306470-175337,819,false,17.378061756591084,1,3564.56812246111,1.0,1.0
2026-03-22T21:10:07.745-306470-175337,832,false,7.623290859709899,1,3564.56812246111,1.0,1.0
2026-03-22T21:10:07.745-306470-175337,505,false,0.7111878775006484,1,3564.56812246111,1.0,1.0
2026-03-22T21:10:07.745-306470-175337,891,false,5.7127060065298085,1,3564.56812246111,1.0,1.0
2026-03-22T21:10:07.745-306470-175337,86,false,0.16582950324109358,1,3564.56812246111,1.0,1.0
2026-03-22T21:10:07.745-306470-175337,732,false,9.598392397222025,1,3564.56812246111,1.0,1.0
2026-03-22T21:10:07.745-306470-175337,600,false,9.286618942950788,1,3564.56812246111,1.0,1.0
2026-03-22T21:10:07.745-306470-175337,35,false,10.737274935748232,1,3564.56812246111,1.0,1.0
2026-03-22T21:10:07.745-306470-175337,66,true,1.1616883846461679,1,3563.4064340764635,1.0,0.6950000000000001
2026-03-22T21:10:07.745-306470-175337,706,false,3.9740126421726716,1,3563.4064340764635,1.0,1.0
2026-03-22T21:10:07.745-306470-175337,780,false,24.167225288451817,1,3563.4064340764635,1.0,1.0
2026-03-22T21:10:07.745-306470-175337,768,false,151.96419355589026,1,3563.4064340764635,1.0,1.0
2026-03-22T21:10:07.745-306470-175337,104,true,3.172921096196889,1,3560.2335129802664,1.0,0.927
2026-03-22T21:10:07.745-306470-175337,627,false,9.123117800686904,1,3560.2335129802664,1.0,1.0
2026-03-22T21:10:07.745-306470-175337,649,false,7.751932969075615,1,3560.2335129802664,1.0,1.0
2026-03-22T21:10:07.745-306470-175337,60,false,10.357140109420689,1,3560.2335129802664,1.0,1.0
2026-03-22T21:10:07.745-306470-175337,360,false,43.72239693305552,1,3560.2335129802664,1.0,1.0
2026-03-22T21:10:07.745-306470-175337,170,false,6.0598855660431985,1,3560.2335129802664,1.0,1.0
2026-03-22T21:10:07.745-306470-175337,384,false,6.236899413638735,1,3560.2335129802664,1.0,1.0
2026-03-22T21:10:07.745-306470-175337,781,false,2.2694027976822126,1,3560.2335129802664,1.0,1.0
2026-03-22T21:10:07.745-306470-175337,461,false,30.774600582124464,1,3560.2335129802664,1.0,1.0
2026-03-22T21:10:07.745-306470-175337,696,false,0.4336237415325325,1,3560.2335129802664,1.0,1.0
2026-03-22T21:10:07.745-306470-175337,634,false,0.0903663969140901,1,3560.2335129802664,1.0,1.0
2026-03-22T21:10:07.745-306470-175337,313,true,5.9063662920768545,1,3554.3271466881897,1.0,0.0010000000000000009
2026-03-22T21:10:07.745-306470-175337,121,false,3.469653042365534,1,3554.3271466881897,1.0,1.0
2026-03-22T21:10:07.745-306470-175337,947,false,9.823106078030703,1,3554.3271466881897,1.0,1.0
2026-03-22T21:10:07.745-306470-175337,585,false,7.176560739474964,1,3554.3271466881897,1.0,1.0
2026-03-22T21:10:07.745-306470-175337,157,false,0.014879650496411602,1,3554.3271466881897,1.0,1.0
2026-03-22T21:10:07.745-306470-175337,11,false,7.753841956520938,1,3554.3271466881897,1.0,1.0
2026-03-22T21:10:07.745-306470-175337,217,false,3.2905275582086038,1,3554.3271466881897,1.0,1.0
2026-03-22T21:10:07.745-306470-175337,458,false,8.393371942246986,1,3554.3271466881897,1.0,1.0
2026-03-22T21:10:07.745-306470-175337,58,false,20.295614440507148,1,3554.3271466881897,1.0,1.0
2026-03-22T21:10:07.745-306470-175337,734,false,36.42537221817004,1,3554.3271466881897,1.0,1.0
2026-03-22T21:10:07.745-306470-175337,204,false,116.18401696917167,1,3554.3271466881897,1.0,1.0
2026-03-22T21:10:07.745-306470-175337,685,false,1.1797255678877767,1,3554.3271466881897,1.0,1.0
2026-03-22T21:10:07.745-306470-175337,580,false,5.337420974182477,1,3554.3271466881897,1.0,1.0
2026-03-22T21:10:07.745-306470-175337,233,true,1.2325526399242597,1,3553.0945940482657,1.0,0.999
2026-03-22T21:10:07.745-306470-175337,387,false,0.044152738554869134,1,3553.0945940482657,1.0,1.0
2026-03-22T21:10:07.745-306470-175337,541,false,997.4648777948793,1,3553.0945940482657,1.0,1.0
2026-03-22T21:10:07.745-306470-175337,218,false,2.8802176353290587,1,3553.0945940482657,1.0,1.0
2026-03-22T21:10:07.745-306470-175337,466,false,17.388688675232753,1,3553.0945940482657,1.0,1.0
2026-03-22T21:10:07.745-306470-175337,996,false,5.77259410834463,1,3553.0945940482657,1.0,1.0
2026-03-22T21:10:07.745-306470-175337,789,false,0.05064122161378792,1,3553.0945940482657,1.0,1.0
2026-03-22T21:10:07.745-306470-175337,823,false,5.69883308060338,1,3553.0945940482657,1.0,1.0
2026-03-22T21:10:07.745-306470-175337,746,false,530.9294248355461,1,3553.0945940482657,1.0,1.0
2026-03-22T21:10:07.745-306470-175337,290,false,0.8081924537522789,1,3553.0945940482657,1.0,1.0
2026-03-22T21:10:07.745-306470-175337,713,false,4.026891812107857,1,3553.0945940482657,1.0,1.0
2026-03-22T21:10:07.745-306470-175337,525,false,13.170145849354038,1,3553.0945940482657,1.0,1.0
2026-03-22T21:10:07.745-306470-175337,836,false,0.6653502793597419,1,3553.0945940482657,1.0,1.0
2026-03-22T21:10:07.745-306470-175337,764,false,4.005841278366793,1,3553.0945940482657,1.0,1.0
2026-03-22T21:10:07.745-306470-175337,225,false,0.4016843240496364,1,3553.0945940482657,1.0,1.0
2026-03-22T21:10:07.745-306470-175337,239,false,17.46452097874271,1,3553.0945940482657,1.0,1.0
2026-03-22T21:10:07.745-306470-175337,245,false,0.8704468590938073,1,3553.0945940482657,1.0,1.0
2026-03-22T21:10:07.745-306470-175337,590,false,0.863627857079405,1,3553.0945940482657,1.0,1.0
2026-03-22T21:10:07.745-306470-175337,249,false,31.596927166440093,1,3553.0945940482657,1.0,1.0
2026-03-22T21:10:07.745-306470-175337,376,false,1.4164497349753509,1,3553.0945940482657,1.0,1.0
2026-03-22T21:10:07.745-306470-175337,346,false,2.609275173272096,1,3553.0945940482657,1.0,1.0
2026-03-22T21:10:07.745-306470-175337,120,false,72.96060585941831,1,3553.0945940482657,1.0,1.0
2026-03-22T21:10:07.745-306470-175337,324,false,1.3520246686719197,1,3553.0945940482657,1.0,1.0
2026-03-22T21:10:07.745-306470-175337,490,false,8.792594602435985,1,3553.0945940482657,1.0,1.0
2026-03-22T21:10:07.745-306470-175337,517,false,1.9677076909493807,1,3553.0945940482657,1.0,1.0
2026-03-22T21:10:07.745-306470-175337,212,false,17.9988619426128,1,3553.0945940482657,1.0,1.0
2026-03-22T21:10:07.745-306470-175337,15,false,5.549072958941276,1,3553.0945940482657,1.0,1.0
2026-03-22T21:10:07.745-306470-175337,594,false,2.3526626412718157,1,3553.0945940482657,1.0,1.0
2026-03-22T21:10:07.745-306470-175337,475,false,0.9220196145048055,1,3553.0945940482657,1.0,1.0
2026-03-22T21:10:07.745-306470-175337,413,false,12.205754981572179,1,3553.0945940482657,1.0,1.0
2026-03-22T21:10:07.745-306470-175337,681,false,119.81483285254616,1,3553.0945940482657,1.0,1.0
2026-03-22T21:10:07.745-306470-175337,348,false,24.94342324598658,1,3553.0945940482657,1.0,1.0
2026-03-22T21:10:07.745-306470-175337,372,false,0.1312123751485949,1,3553.0945940482657,1.0,1.0
2026-03-22T21:10:07.745-306470-175337,835,false,0.7635874970834806,1,3553.0945940482657,1.0,1.0
2026-03-22T21:10:07.745-306470-175337,664,false,0.04050248273495601,1,3553.0945940482657,1.0,1.0
2026-03-22T21:10:07.745-306470-175337,149,false,0.20966727730880833,1,3553.0945940482657,1.0,1.0
2026-03-22T21:10:07.745-306470-175337,292,false,1.6924924203953775,1,3553.0945940482657,1.0,1.0
2026-03-22T21:10:07.745-306470-175337,355,false,26.275651988256634,1,3553.0945940482657,1.0,1.0
2026-03-22T21:10:07.745-306470-175337,661,false,11.839191078901209,1,3553.0945940482657,1.0,1.0
2026-03-22T21:10:07.745-306470-175337,136,false,0.9271017906315098,1,3553.0945940482657,1.0,1.0
2026-03-22T21:10:07.745-306470-175337,961,false,28.27964431987213,1,3553.0945940482657,1.0,1.0
2026-03-22T21:10:07.745-306470-175337,877,false,11.543668360175932,1,3553.0945940482657,1.0,1.0
2026-03-22T21:10:07.745-306470-175337,112,false,17.952551441865666,1,3553.0945940482657,1.0,1.0
2026-03-22T21:10:07.745-306470-175337,638,false,28.20147739060569,1,3553.0945940482657,1.0,1.0
2026-03-22T21:10:07.745-306470-175337,176,false,0.6056786469456098,1,3553.0945940482657,1.0,1.0
2026-03-22T21:10:07.745-306470-175337,567,false,1.5564395464793461,1,3553.0945940482657,1.0,1.0
2026-03-22T21:10:07.745-306470-175337,30,false,0.3334745028176119,1,3553.0945940482657,1.0,1.0
2026-03-22T21:10:07.745-306470-175337,925,false,3.9501908380770803,1,3553.0945940482657,1.0,1.0
2026-03-22T21:10:07.745-306470-175337,446,false,5.091265385248055,1,3553.0945940482657,1.0,1.0
2026-03-22T21:10:07.745-306470-175337,110,false,1.316870391872028,1,3553.0945940482657,1.0,1.0
2026-03-22T21:10:07.745-306470-175337,241,false,0.9890214580030023,1,3553.0945940482657,1.0,1.0
2026-03-22T21:10:07.745-306470-175337,340,false,0.5020613841429944,1,3553.0945940482657,1.0,1.0
2026-03-22T21:10:07.745-306470-175337,876,false,2.394401418835015,1,3553.0945940482657,1.0,1.0
2026-03-22T21:10:07.745-306470-175337,903,false,4.657769333748462,1,3553.0945940482657,1.0,1.0
2026-03-22T21:10:07.745-306470-175337,824,false,0.3435134803859159,1,3553.0945940482657,1.0,1.0
2026-03-22T21:10:07.745-306470-175337,361,false,0.0454446335490605,1,3553.0945940482657,1.0,1.0
2026-03-22T21:10:07.745-306470-175337,368,false,0.5905287580238531,1,3553.0945940482657,1.0,1.0
2026-03-22T21:10:07.745-306470-175337,566,false,1.9341332479350974,1,3553.0945940482657,1.0,1.0
2026-03-22T21:10:07.745-306470-175337,436,false,12.16261274452484,1,3553.0945940482657,1.0,1.0
2026-03-22T21:10:07.745-306470-175337,647,false,366.1899320062711,1,3553.0945940482657,1.0,1.0
2026-03-22T21:10:07.745-306470-175337,26,false,0.026831666797777712,1,3553.0945940482657,1.0,1.0
2026-03-22T21:10:07.745-306470-175337,321,false,0.9213799222847443,1,3553.0945940482657,1.0,1.0
2026-03-22T21:10:07.745-306470-175337,272,false,13.41151027113721,1,3553.0945940482657,1.0,1.0
2026-03-22T21:10:07.745-306470-175337,283,false,3.10221816456602,1,3553.0945940482657,1.0,1.0
2026-03-22T21:10:07.745-306470-175337,646,false,2.1661090203783884,1,3553.0945940482657,1.0,1.0
2026-03-22T21:10:07.745-306470-175337,565,false,2.6386581625048846,1,3553.0945940482657,1.0,1.0
2026-03-22T21:10:07.745-306470-175337,462,false,0.025737997443292387,1,3553.0945940482657,1.0,1.0
2026-03-22T21:10:07.745-306470-175337,534,false,1.4021567905539698,1,3553.0945940482657,1.0,1.0
2026-03-22T21:10:07.745-306470-175337,883,false,5.230523584213893,1,3553.0945940482657,1.0,1.0
2026-03-22T21:10:07.745-306470-175337,59,false,0.3093909613051489,1,3553.0945940482657,1.0,1.0
2026-03-22T21:10:07.745-306470-175337,207,false,1.48742087613154,1,3553.0945940482657,1.0,1.0
2026-03-22T21:10:07.745-306470-175337,208,false,1.792909346771138,1,3553.0945940482657,1.0,1.0
2026-03-22T21:10:07.745-306470-175337,906,false,1.3986470920008298,1,3553.0945940482657,1.0,1.0
2026-03-22T21:10:07.745-306470-175337,666,false,0.6638759988897446,1,3553.0945940482657,1.0,1.0
2026-03-22T21:10:07.745-306470-175337,91,false,1.2041213166494813,1,3553.0945940482657,1.0,1.0
2026-03-22T21:10:07.745-306470-175337,609,true,1.1705091891274433,1,3551.924084859138,1.0,0.726
2026-03-22T21:10:07.745-306470-175337,987,false,0.4808792551915372,1,3551.924084859138,1.0,1.0
2026-03-22T21:10:07.745-306470-175337,431,false,9.636878688320458,1,3551.924084859138,1.0,1.0
2026-03-22T21:10:07.745-306470-175337,374,false,6.303194466646583,1,3551.924084859138,1.0,1.0
2026-03-22T21:10:07.745-306470-175337,788,false,15.830847720775377,1,3551.924084859138,1.0,1.0
2026-03-22T21:10:07.745-306470-175337,725,false,0.9514805343959227,1,3551.924084859138,1.0,1.0
2026-03-22T21:10:07.745-306470-175337,419,false,2.3994749144695358,1,3551.924084859138,1.0,1.0
2026-03-22T21:10:07.745-306470-175337,735,false,1.8118306498799317,1,3551.924084859138,1.0,1.0
2026-03-22T21:10:07.745-306470-175337,751,false,112.49410135496834,1,3551.924084859138,1.0,1.0
2026-03-22T21:10:07.745-306470-175337,409,false,1.3471430865061305,1,3551.924084859138,1.0,1.0
2026-03-22T21:10:07.745-306470-175337,83,false,0.5568467847703775,1,3551.924084859138,1.0,1.0
2026-03-22T21:10:07.745-306470-175337,4,false,22.36948429031452,1,3551.924084859138,1.0,1.0
2026-03-22T21:10:07.745-306470-175337,286,false,164.17143289785528,1,3551.924084859138,1.0,1.0
2026-03-22T21:10:07.745-306470-175337,791,false,10.59352826055162,1,3551.924084859138,1.0,1.0
2026-03-22T21:10:07.745-306470-175337,860,false,2.8406231693872837,1,3551.924084859138,1.0,1.0
2026-03-22T21:10:07.745-306470-175337,761,false,13.365955300333436,1,3551.924084859138,1.0,1.0
2026-03-22T21:10:07.745-306470-175337,428,false,263.356938624043,1,3551.924084859138,1.0,1.0
2026-03-22T21:10:07.745-306470-175337,808,true,0.7488619818931175,1,3551.175222877245,1.0,0.0
2026-03-22T21:10:07.745-306470-175337,656,false,0.03195021195350039,1,3551.175222877245,1.0,1.0
2026-03-22T21:10:07.745-306470-175337,477,false,1.8720141602294003,1,3551.175222877245,1.0,1.0
2026-03-22T21:10:07.745-306470-175337,470,false,1.9331524274057608,1,3551.175222877245,1.0,1.0
2026-03-22T21:10:07.745-306470-175337,937,false,3.5423542302853965,1,3551.175222877245,1.0,1.0
2026-03-22T21:10:07.745-306470-175337,453,false,57.42644776592359,1,3551.175222877245,1.0,1.0
2026-03-22T21:10:07.745-306470-175337,826,false,4.200589209709803,1,3551.175222877245,1.0,1.0
2026-03-22T21:10:07.745-306470-175337,847,false,0.1285905610397327,1,3551.175222877245,1.0,1.0
2026-03-22T21:10:07.745-306470-175337,169,false,0.3118177453300579,1,3551.175222877245,1.0,1.0
2026-03-22T21:10:07.745-306470-175337,606,true,14.345474578554846,1,3536.82974829869,1.0,0.704
2026-03-22T21:10:07.745-306470-175337,799,false,31.10985782103056,1,3536.82974829869,1.0,1.0
2026-03-22T21:10:07.745-306470-175337,102,false,0.06230335906278018,1,3536.82974829869,1.0,1.0
2026-03-22T21:10:07.745-306470-175337,27,false,1.6072882079227624,1,3536.82974829869,1.0,1.0
2026-03-22T21:10:07.745-306470-175337,183,false,55.63071448293287,1,3536.82974829869,1.0,1.0
2026-03-22T21:10:07.745-306470-175337,303,false,0.3373616074628009,1,3536.82974829869,1.0,1.0
2026-03-22T21:10:07.745-306470-175337,51,false,130.55894041465842,1,3536.82974829869,1.0,1.0
2026-03-22T21:10:07.745-306470-175337,438,false,23.08407624490266,1,3536.82974829869,1.0,1.0
2026-03-22T21:10:07.745-306470-175337,242,false,31.955139352201353,1,3536.82974829869,1.0,1.0
2026-03-22T21:10:07.745-306470-175337,287,false,7.041538259811142,1,3536.82974829869,1.0,1.0
2026-03-22T21:10:07.745-306470-175337,971,false,31.848309470955943,1,3536.82974829869,1.0,1.0
2026-03-22T21:10:07.745-306470-175337,408,false,265.57031748078276,1,3536.82974829869,1.0,1.0
2026-03-22T21:10:07.745-306470-175337,195,false,1.7074801520621763,1,3536.82974829869,1.0,1.0
2026-03-22T21:10:07.745-306470-175337,804,true,13.455778463557413,1,3523.3739698351324,1.0,0.73
2026-03-22T21:10:07.745-306470-175337,78,false,1.6111031727451364,1,3523.3739698351324,1.0,1.0
2026-03-22T21:10:07.745-306470-175337,454,false,116.11063762198752,1,3523.3739698351324,1.0,1.0
2026-03-22T21:10:07.745-306470-175337,427,false,4.559022688985615,1,3523.3739698351324,1.0,1.0
2026-03-22T21:10:07.745-306470-175337,651,false,0.42976758268191695,1,3523.3739698351324,1.0,1.0
2026-03-22T21:10:07.745-306470-175337,540,false,3.6909126133523595,1,3523.3739698351324,1.0,1.0
2026-03-22T21:10:07.745-306470-175337,154,false,41.91514973388657,1,3523.3739698351324,1.0,1.0
2026-03-22T21:10:07.745-306470-175337,119,false,3.8131026124301255,1,3523.3739698351324,1.0,1.0
2026-03-22T21:10:07.745-306470-175337,674,false,0.17737833420804636,1,3523.3739698351324,1.0,1.0
2026-03-22T21:10:07.745-306470-175337,733,false,2.076527683894214,1,3523.3739698351324,1.0,1.0
2026-03-22T21:10:07.745-306470-175337,268,false,1.764856018821513,1,3523.3739698351324,1.0,1.0
2026-03-22T21:10:07.745-306470-175337,866,false,81.58036258906012,1,3523.3739698351324,1.0,1.0
2026-03-22T21:10:07.745-306470-175337,222,false,0.546814798643393,1,3523.3739698351324,1.0,1.0
2026-03-22T21:10:07.745-306470-175337,412,false,0.23987962510358468,1,3523.3739698351324,1.0,1.0
2026-03-22T21:10:07.745-306470-175337,679,false,1.1956580769093184,1,3523.3739698351324,1.0,1.0
2026-03-22T21:10:07.745-306470-175337,267,false,19.610520469650584,1,3523.3739698351324,1.0,1.0
2026-03-22T21:10:07.745-306470-175337,693,false,4.9469314010089205,1,3523.3739698351324,1.0,1.0
2026-03-22T21:10:07.745-306470-175337,895,false,3.7710587538019977,1,3523.3739698351324,1.0,1.0
2026-03-22T21:10:07.745-306470-175337,173,false,1.2815282559784043,1,3523.3739698351324,1.0,1.0
2026-03-22T21:10:07.745-306470-175337,135,false,20.186392412414893,1,3523.3739698351324,1.0,1.0
2026-03-22T21:10:07.745-306470-175337,199,false,1.3283030158310334,1,3523.3739698351324,1.0,1.0
2026-03-22T21:10:07.745-306470-175337,405,false,10.511290207292642,1,3523.3739698351324,1.0,1.0
2026-03-22T21:10:07.745-306470-175337,603,true,3.839356778616693,1,3519.534613056516,1.0,0.7150000000000001
2026-03-22T21:10:07.745-306470-175337,264,false,3.856674416516124,1,3519.534613056516,1.0,1.0
2026-03-22T21:10:07.745-306470-175337,955,false,22.93234491118716,1,3519.534613056516,1.0,1.0
2026-03-22T21:10:07.745-306470-175337,471,false,0.07242167686288571,1,3519.534613056516,1.0,1.0
2026-03-22T21:10:07.745-306470-175337,142,false,1.1214605224921201,1,3519.534613056516,1.0,1.0
2026-03-22T21:10:07.745-306470-175337,203,false,29.398395179213015,1,3519.534613056516,1.0,1.0
2026-03-22T21:10:07.745-306470-175337,928,false,0.3361715159391615,1,3519.534613056516,1.0,1.0
2026-03-22T21:10:07.745-306470-175337,711,false,13.269979292922441,1,3519.534613056516,1.0,1.0
2026-03-22T21:10:07.745-306470-175337,931,false,1.2164141362026724,1,3519.534613056516,1.0,1.0
2026-03-22T21:10:07.745-306470-175337,805,true,4.311311615672319,1,3515.2233014408434,1.0,0.0
2026-03-22T21:10:07.745-306470-175337,266,false,0.6062314959080751,1,3515.2233014408434,1.0,1.0
2026-03-22T21:10:07.745-306470-175337,1000,false,21.525046859343657,1,3515.2233014408434,1.0,1.0
2026-03-22T21:10:07.745-306470-175337,379,false,0.9393965353710219,1,3515.2233014408434,1.0,1.0
2026-03-22T21:10:07.745-306470-175337,935,false,0.07483485491814706,1,3515.2233014408434,1.0,1.0
2026-03-22T21:10:07.745-306470-175337,896,false,0.12139684144403523,1,3515.2233014408434,1.0,1.0
2026-03-22T21:10:07.745-306470-175337,622,false,63.62728455550925,1,3515.2233014408434,1.0,1.0
2026-03-22T21:10:07.745-306470-175337,720,false,53.59331736018206,1,3515.2233014408434,1.0,1.0
2026-03-22T21:10:07.745-306470-175337,496,false,0.033642706619330214,1,3515.2233014408434,1.0,1.0
2026-03-22T21:10:07.745-306470-175337,75,false,4.1927063290153015,1,3515.2233014408434,1.0,1.0
2026-03-22T21:10:07.745-306470-175337,390,false,12.881360498658927,1,3515.2233014408434,1.0,1.0
2026-03-22T21:10:07.745-306470-175337,131,false,0.28756589229586865,1,3515.2233014408434,1.0,1.0
2026-03-22T21:10:07.745-306470-175337,198,false,1.3731432565111783,1,3515.2233014408434,1.0,1.0
2026-03-22T21:10:07.745-306470-175337,643,false,926.6214876236359,1,3515.2233014408434,1.0,1.0
2026-03-22T21:10:07.745-306470-175337,147,false,0.3897422256636567,1,3515.2233014408434,1.0,1.0
2026-03-22T21:10:07.745-306470-175337,274,false,35.691223749967016,1,3515.2233014408434,1.0,1.0
2026-03-22T21:10:07.745-306470-175337,533,false,0.31064950490456106,1,3515.2233014408434,1.0,1.0
2026-03-22T21:10:07.745-306470-175337,509,false,8.36905532157308,1,3515.2233014408434,1.0,1.0
2026-03-22T21:10:07.745-306470-175337,369,false,0.5676788391315555,1,3515.2233014408434,1.0,1.0
2026-03-22T21:10:07.745-306470-175337,406,false,3.345506145810389,1,3515.2233014408434,1.0,1.0
2026-03-22T21:10:07.745-306470-175337,608,true,56.23389347491748,1,3458.989407965926,1.0,0.0
2026-03-22T21:10:07.745-306470-175337,214,false,0.3226165757662237,1,3458.989407965926,1.0,1.0
2026-03-22T21:10:07.745-306470-175337,597,false,2.0197122507243197,1,3458.989407965926,1.0,1.0
2026-03-22T21:10:07.745-306470-175337,320,false,10.234455608956917,1,3458.989407965926,1.0,1.0
2026-03-22T21:10:07.745-306470-175337,512,false,0.8875292698935728,1,3458.989407965926,1.0,1.0
2026-03-22T21:10:07.745-306470-175337,259,false,0.36059782910665944,1,3458.989407965926,1.0,1.0
2026-03-22T21:10:07.745-306470-175337,93,false,0.3241540922357982,1,3458.989407965926,1.0,1.0
2026-03-22T21:10:07.745-306470-175337,878,false,37.893905705842805,1,3458.989407965926,1.0,1.0
2026-03-22T21:10:07.745-306470-175337,383,false,0.7129867277076896,1,3458.989407965926,1.0,1.0
2026-03-22T21:10:07.745-306470-175337,821,false,22.4809317296092,1,3458.989407965926,1.0,1.0
2026-03-22T21:10:07.745-306470-175337,610,true,2.0791419465417533,1,3456.9102660193844,1.0,0.0
2026-03-22T21:10:07.745-306470-175337,215,false,0.1387281972921988,1,3456.9102660193844,1.0,1.0
2026-03-22T21:10:07.745-306470-175337,678,false,7.3517981556511725,1,3456.9102660193844,1.0,1.0
2026-03-22T21:10:07.745-306470-175337,820,false,0.09046447223253465,1,3456.9102660193844,1.0,1.0
2026-03-22T21:10:07.745-306470-175337,94,false,2.104995643553066,1,3456.9102660193844,1.0,1.0
2026-03-22T21:10:07.745-306470-175337,829,false,0.32931524263334905,1,3456.9102660193844,1.0,1.0
2026-03-22T21:10:07.745-306470-175337,81,false,3.6083161831112225,1,3456.9102660193844,1.0,1.0
2026-03-22T21:10:07.745-306470-175337,793,false,6.76797976007192,1,3456.9102660193844,1.0,1.0
2026-03-22T21:10:07.745-306470-175337,194,false,6.76823293395174,1,3456.9102660193844,1.0,1.0
2026-03-22T21:10:07.745-306470-175337,852,false,39.048244118367776,1,3456.9102660193844,1.0,1.0
2026-03-22T21:10:07.745-306470-175337,338,false,1.212278865334867,1,3456.9102660193844,1.0,1.0
2026-03-22T21:10:07.745-306470-175337,890,false,0.837679030208071,1,3456.9102660193844,1.0,1.0
2026-03-22T21:10:07.745-306470-175337,683,false,0.05201694919393775,1,3456.9102660193844,1.0,1.0
2026-03-22T21:10:07.745-306470-175337,682,false,1.1785670375668245,1,3456.9102660193844,1.0,1.0
2026-03-22T21:10:07.745-306470-175337,712,false,3.7687134591802676,1,3456.9102660193844,1.0,1.0
2026-03-22T21:10:07.745-306470-175337,880,false,11.247131095153183,1,3456.9102660193844,1.0,1.0
2026-03-22T21:10:07.745-306470-175337,306,false,3.6229227164019027,1,3456.9102660193844,1.0,1.0
2026-03-22T21:10:07.745-306470-175337,49,false,33.66189461607885,1,3456.9102660193844,1.0,1.0
2026-03-22T21:10:07.745-306470-175337,755,false,1.9422313518531742,1,3456.9102660193844,1.0,1.0
2026-03-22T21:10:07.745-306470-175337,167,false,31.831059063072242,1,3456.9102660193844,1.0,1.0
2026-03-22T21:10:07.745-306470-175337,529,false,142.864614082296,1,3456.9102660193844,1.0,1.0
2026-03-22T21:10:07.745-306470-175337,31,false,9.998911671798492,1,3456.9102660193844,1.0,1.0
2026-03-22T21:10:07.745-306470-175337,216,false,1.0192218603564054,1,3456.9102660193844,1.0,1.0
2026-03-22T21:10:07.745-306470-175337,939,false,4.332690066116355,1,3456.9102660193844,1.0,1.0
2026-03-22T21:10:07.745-306470-175337,934,false,0.18189028996951465,1,3456.9102660193844,1.0,1.0
2026-03-22T21:10:07.745-306470-175337,442,false,0.9109675938963316,1,3456.9102660193844,1.0,1.0
2026-03-22T21:10:07.745-306470-175337,672,false,0.17579732846357368,1,3456.9102660193844,1.0,1.0
2026-03-22T21:10:07.745-306470-175337,749,false,1.8184092543777732,1,3456.9102660193844,1.0,1.0
2026-03-22T21:10:07.745-306470-175337,161,false,2.48590681174818,1,3456.9102660193844,1.0,1.0
2026-03-22T21:10:07.745-306470-175337,698,false,1.0847945747594332,1,3456.9102660193844,1.0,1.0
2026-03-22T21:10:07.745-306470-175337,64,true,1003.3983698421481,1,2453.5118961772364,1.0,0.363
2026-03-22T21:10:07.745-306470-175337,350,false,2.2066343697837394,1,2453.5118961772364,1.0,1.0
2026-03-22T21:10:07.745-306470-175337,837,false,0.12762013050280652,1,2453.5118961772364,1.0,1.0
2026-03-22T21:10:07.745-306470-175337,297,false,31.645868289098672,1,2453.5118961772364,1.0,1.0
2026-03-22T21:10:07.745-306470-175337,122,false,0.17368332810494577,1,2453.5118961772364,1.0,1.0
2026-03-22T21:10:07.745-306470-175337,665,false,29.264896235904246,1,2453.5118961772364,1.0,1.0
2026-03-22T21:10:07.745-306470-175337,737,false,5.370482639721943,1,2453.5118961772364,1.0,1.0
2026-03-22T21:10:07.745-306470-175337,109,false,26.068164709130368,1,2453.5118961772364,1.0,1.0
2026-03-22T21:10:07.745-306470-175337,192,false,1.7358335524731492,1,2453.5118961772364,1.0,1.0
2026-03-22T21:10:07.745-306470-175337,341,false,7.8706098375338165,1,2453.5118961772364,1.0,1.0
2026-03-22T21:10:07.745-306470-175337,933,false,2.3880967005988283,1,2453.5118961772364,1.0,1.0
2026-03-22T21:10:07.745-306470-175337,386,false,0.19614331408923752,1,2453.5118961772364,1.0,1.0
2026-03-22T21:10:07.745-306470-175337,76,false,7.413929089387639,1,2453.5118961772364,1.0,1.0
2026-03-22T21:10:07.745-306470-175337,22,false,0.6019341207250474,1,2453.5118961772364,1.0,1.0
2026-03-22T21:10:07.745-306470-175337,229,false,9.035327179191954,1,2453.5118961772364,1.0,1.0
2026-03-22T21:10:07.745-306470-175337,901,false,70.20552919992775,1,2453.5118961772364,1.0,1.0
2026-03-22T21:10:07.745-306470-175337,714,false,9.200017786630454,1,2453.5118961772364,1.0,1.0
2026-03-22T21:10:07.745-306470-175337,491,false,13.645795027051577,1,2453.5118961772364,1.0,1.0
2026-03-22T21:10:07.745-306470-175337,756,false,11.782319898525492,1,2453.5118961772364,1.0,1.0
2026-03-22T21:10:07.745-306470-175337,888,false,4.8396936794983,1,2453.5118961772364,1.0,1.0
2026-03-22T21:10:07.745-306470-175337,301,false,0.10997988831273817,1,2453.5118961772364,1.0,1.0
2026-03-22T21:10:07.745-306470-175337,185,false,1.0547121104971822,1,2453.5118961772364,1.0,1.0
2026-03-22T21:10:07.745-306470-175337,632,false,16.839393859523522,1,2453.5118961772364,1.0,1.0
2026-03-22T21:10:07.745-306470-175337,807,true,5.750370924626885,1,2447.7615252526093,1.0,0.0
2026-03-22T21:10:07.745-306470-175337,398,false,1.003428576904679,1,2447.7615252526093,1.0,1.0
2026-03-22T21:10:07.745-306470-175337,570,false,5.710743400178645,1,2447.7615252526093,1.0,1.0
2026-03-22T21:10:07.745-306470-175337,904,false,31.8280786340371,1,2447.7615252526093,1.0,1.0
2026-03-22T21:10:07.745-306470-175337,160,false,0.04206598492700165,1,2447.7615252526093,1.0,1.0
2026-03-22T21:10:07.745-306470-175337,645,false,6.220449949419782,1,2447.7615252526093,1.0,1.0
2026-03-22T21:10:07.745-306470-175337,469,false,2.463492009869665,1,2447.7615252526093,1.0,1.0
2026-03-22T21:10:07.745-306470-175337,765,false,21.73123682568564,1,2447.7615252526093,1.0,1.0
2026-03-22T21:10:07.745-306470-175337,201,false,10.152704244633808,1,2447.7615252526093,1.0,1.0
2026-03-22T21:10:07.745-306470-175337,703,false,0.012616209526724067,1,2447.7615252526093,1.0,1.0
2026-03-22T21:10:07.745-306470-175337,848,false,108.20114534832037,1,2447.7615252526093,1.0,1.0
2026-03-22T21:10:07.745-306470-175337,941,false,11.162332863970775,1,2447.7615252526093,1.0,1.0
2026-03-22T21:10:07.745-306470-175337,680,false,1.135617982323655,1,2447.7615252526093,1.0,1.0
2026-03-22T21:10:07.745-306470-175337,42,false,0.1316142715962861,1,2447.7615252526093,1.0,1.0
2026-03-22T21:10:07.745-306470-175337,270,false,0.019476600501962968,1,2447.7615252526093,1.0,1.0
2026-03-22T21:10:07.745-306470-175337,211,false,10.938211865199687,1,2447.7615252526093,1.0,1.0
2026-03-22T21:10:07.745-306470-175337,916,false,0.09443174253738859,1,2447.7615252526093,1.0,1.0
2026-03-22T21:10:07.745-306470-175337,127,false,1.5860276008369352,1,2447.7615252526093,1.0,1.0
2026-03-22T21:10:07.745-306470-175337,448,false,4.6332953878277685,1,2447.7615252526093,1.0,1.0
2026-03-22T21:10:07.745-306470-175337,998,false,5.8026952326215016,1,2447.7615252526093,1.0,1.0
2026-03-22T21:10:07.745-306470-175337,465,false,0.4608675125656168,1,2447.7615252526093,1.0,1.0
2026-03-22T21:10:07.745-306470-175337,709,false,30.050982787268495,1,2447.7615252526093,1.0,1.0
2026-03-22T21:10:07.745-306470-175337,275,false,0.270303774782326,1,2447.7615252526093,1.0,1.0
2026-03-22T21:10:07.745-306470-175337,662,false,6.734476280565104,1,2447.7615252526093,1.0,1.0
2026-03-22T21:10:07.745-306470-175337,900,false,1.3771392182236177,1,2447.7615252526093,1.0,1.0
2026-03-22T21:10:07.745-306470-175337,296,false,0.7194793597328828,1,2447.7615252526093,1.0,1.0
2026-03-22T21:10:07.745-306470-175337,530,false,7.062896025665983,1,2447.7615252526093,1.0,1.0
2026-03-22T21:10:07.745-306470-175337,677,false,20.08754400058449,1,2447.7615252526093,1.0,1.0
2026-03-22T21:10:07.745-306470-175337,747,false,0.16325577720000348,1,2447.7615252526093,1.0,1.0
2026-03-22T21:10:07.745-306470-175337,40,false,2.953452735519701,1,2447.7615252526093,1.0,1.0
2026-03-22T21:10:07.745-306470-175337,637,false,0.5172110881001936,1,2447.7615252526093,1.0,1.0
2026-03-22T21:10:07.745-306470-175337,56,false,10.369304915353334,1,2447.7615252526093,1.0,1.0
2026-03-22T21:10:07.745-306470-175337,276,false,0.6457267679141033,1,2447.7615252526093,1.0,1.0
2026-03-22T21:10:07.745-306470-175337,23,false,60.095643371151986,1,2447.7615252526093,1.0,1.0
2026-03-22T21:10:07.745-306470-175337,581,false,11.569052850267655,1,2447.7615252526093,1.0,1.0
2026-03-22T21:10:07.745-306470-175337,143,false,9.835910534532552,1,2447.7615252526093,1.0,1.0
2026-03-22T21:10:07.745-306470-175337,617,true,0.6724918478369932,1,2447.089033404772,1.0,0.0030000000000000027
2026-03-22T21:10:07.745-306470-175337,551,false,0.5623048452335656,1,2447.089033404772,1.0,1.0
2026-03-22T21:10:07.745-306470-175337,13,false,9.257206967324857,1,2447.089033404772,1.0,1.0
2026-03-22T21:10:07.745-306470-175337,857,false,9.532793179379055,1,2447.089033404772,1.0,1.0
2026-03-22T21:10:07.745-306470-175337,332,false,15.589253932171,1,2447.089033404772,1.0,1.0
2026-03-22T21:10:07.745-306470-175337,690,false,0.6752200664965698,1,2447.089033404772,1.0,1.0
2026-03-22T21:10:07.745-306470-175337,889,false,10.745879665704397,1,2447.089033404772,1.0,1.0
2026-03-22T21:10:07.745-306470-175337,940,false,3.0392399652256987,1,2447.089033404772,1.0,1.0
2026-03-22T21:10:07.745-306470-175337,48,false,19.606666554029722,1,2447.089033404772,1.0,1.0
2026-03-22T21:10:07.745-306470-175337,564,false,6.6192730524487615,1,2447.089033404772,1.0,1.0
2026-03-22T21:10:07.745-306470-175337,874,false,51.43370886852584,1,2447.089033404772,1.0,1.0
2026-03-22T21:10:07.745-306470-175337,697,false,1.3360739701188817,1,2447.089033404772,1.0,1.0
2026-03-22T21:10:07.745-306470-175337,8,false,0.06832711663679139,1,2447.089033404772,1.0,1.0
2026-03-22T21:10:07.745-306470-175337,816,true,11.959006375859996,1,2435.130027028912,1.0,0.7
2026-03-22T21:10:07.745-306470-175337,557,false,16.04435066300026,1,2435.130027028912,1.0,1.0
2026-03-22T21:10:07.745-306470-175337,851,false,6.700801243819289,1,2435.130027028912,1.0,1.0
2026-03-22T21:10:07.745-306470-175337,942,false,0.9699990236057043,1,2435.130027028912,1.0,1.0
2026-03-22T21:10:07.745-306470-175337,322,false,0.8045080263637386,1,2435.130027028912,1.0,1.0
2026-03-22T21:10:07.745-306470-175337,352,false,0.15009157396379322,1,2435.130027028912,1.0,1.0
2026-03-22T21:10:07.745-306470-175337,92,false,26.823404580350786,1,2435.130027028912,1.0,1.0
2026-03-22T21:10:07.745-306470-175337,815,true,3.5439446100671446,1,2431.586082418845,1.0,0.0
2026-03-22T21:10:07.745-306470-175337,958,false,0.7314309279495391,1,2431.586082418845,1.0,1.0
2026-03-22T21:10:07.745-306470-175337,605,true,1.277429612735912,1,2430.308652806109,1.0,0.0
2026-03-22T21:10:07.745-306470-175337,527,false,0.52849916354147,1,2430.308652806109,1.0,1.0
2026-03-22T21:10:07.745-306470-175337,371,false,1.592932722278015,1,2430.308652806109,1.0,1.0
2026-03-22T21:10:07.745-306470-175337,742,false,90.07470430648573,1,2430.308652806109,1.0,1.0
2026-03-22T21:10:07.745-306470-175337,628,false,2.294343606052729,1,2430.308652806109,1.0,1.0
2026-03-22T21:10:07.745-306470-175337,966,false,0.4250529227303376,1,2430.308652806109,1.0,1.0
2026-03-22T21:10:07.745-306470-175337,148,true,1.9681022372112063,1,2428.340550568898,1.0,0.942
2026-03-22T21:10:07.745-306470-175337,474,false,0.2623645109102727,1,2428.340550568898,1.0,1.0
2026-03-22T21:10:07.745-306470-175337,424,false,1.6530043602630484,1,2428.340550568898,1.0,1.0
2026-03-22T21:10:07.745-306470-175337,868,false,10.26987432448396,1,2428.340550568898,1.0,1.0
2026-03-22T21:10:07.745-306470-175337,123,false,0.5155245538950954,1,2428.340550568898,1.0,1.0
2026-03-22T21:10:07.745-306470-175337,280,false,0.12462827129233894,1,2428.340550568898,1.0,1.0
2026-03-22T21:10:07.745-306470-175337,875,false,7.969210778024255,1,2428.340550568898,1.0,1.0
2026-03-22T21:10:07.745-306470-175337,299,false,2.0013570718939278,1,2428.340550568898,1.0,1.0
2026-03-22T21:10:07.745-306470-175337,738,false,0.18513430661191693,1,2428.340550568898,1.0,1.0
2026-03-22T21:10:07.745-306470-175337,116,false,0.2949390319326179,1,2428.340550568898,1.0,1.0
2026-03-22T21:10:07.745-306470-175337,758,false,0.6082835280412063,1,2428.340550568898,1.0,1.0
2026-03-22T21:10:07.745-306470-175337,457,false,5.081670120581521,1,2428.340550568898,1.0,1.0
2026-03-22T21:10:07.745-306470-175337,507,false,0.8369596877403958,1,2428.340550568898,1.0,1.0
2026-03-22T21:10:07.745-306470-175337,489,false,4.751605922822709,1,2428.340550568898,1.0,1.0
2026-03-22T21:10:07.745-306470-175337,152,false,9.22330204220396,1,2428.340550568898,1.0,1.0
2026-03-22T21:10:07.745-306470-175337,18,false,2.2919669564981997,1,2428.340550568898,1.0,1.0
2026-03-22T21:10:07.745-306470-175337,57,false,134.850121560006,1,2428.340550568898,1.0,1.0
2026-03-22T21:10:07.745-306470-175337,502,false,0.3086493274442268,1,2428.340550568898,1.0,1.0
2026-03-22T21:10:07.745-306470-175337,140,false,5.33642439711018,1,2428.340550568898,1.0,1.0
2026-03-22T21:10:07.745-306470-175337,907,false,0.5630993252847595,1,2428.340550568898,1.0,1.0
2026-03-22T21:10:07.745-306470-175337,657,false,0.5431202430252028,1,2428.340550568898,1.0,1.0
2026-03-22T21:10:07.745-306470-175337,771,false,1.256994279246137,1,2428.340550568898,1.0,1.0
2026-03-22T21:10:07.745-306470-175337,984,false,18.274317799026775,1,2428.340550568898,1.0,1.0
2026-03-22T21:10:07.745-306470-175337,954,false,0.5807726229686939,1,2428.340550568898,1.0,1.0
2026-03-22T21:10:07.745-306470-175337,24,false,0.9511169574197609,1,2428.340550568898,1.0,1.0
2026-03-22T21:10:07.745-306470-175337,330,false,0.7774805105994698,1,2428.340550568898,1.0,1.0
2026-03-22T21:10:07.745-306470-175337,196,false,17.07845852510467,1,2428.340550568898,1.0,1.0
2026-03-22T21:10:07.745-306470-175337,353,false,49.76455656474191,1,2428.340550568898,1.0,1.0
2026-03-22T21:10:07.745-306470-175337,592,false,2.3273183654178706,1,2428.340550568898,1.0,1.0
2026-03-22T21:10:07.745-306470-175337,464,false,60.77839879094486,1,2428.340550568898,1.0,1.0
2026-03-22T21:10:07.745-306470-175337,381,false,4.631914416549218,1,2428.340550568898,1.0,1.0
2026-03-22T21:10:07.745-306470-175337,417,false,69.99531840381661,1,2428.340550568898,1.0,1.0
2026-03-22T21:10:07.745-306470-175337,175,false,22.63632166353267,1,2428.340550568898,1.0,1.0
2026-03-22T21:10:07.745-306470-175337,248,false,1.0607612482626902,1,2428.340550568898,1.0,1.0
2026-03-22T21:10:07.745-306470-175337,811,true,11.659650549678403,1,2416.6809000192197,1.0,0.0
2026-03-22T21:10:07.745-306470-175337,223,false,8.148812651754643,1,2416.6809000192197,1.0,1.0
2026-03-22T21:10:07.745-306470-175337,193,false,9.681419557998568,1,2416.6809000192197,1.0,1.0
2026-03-22T21:10:07.745-306470-175337,975,false,15.56868815511087,1,2416.6809000192197,1.0,1.0
2026-03-22T21:10:07.745-306470-175337,392,false,12.865099065056526,1,2416.6809000192197,1.0,1.0
2026-03-22T21:10:07.745-306470-175337,213,false,2.6741927807881103,1,2416.6809000192197,1.0,1.0
2026-03-22T21:10:07.745-306470-175337,309,true,32.822872226179186,1,2383.8580277930405,1.0,0.031000000000000028
2026-03-22T21:10:07.745-306470-175337,71,true,5.056463554633777,1,2378.8015642384066,1.0,0.8280000000000001
2026-03-22T21:10:07.745-306470-175337,986,false,0.36403196262857884,1,2378.8015642384066,1.0,1.0
2026-03-22T21:10:07.745-306470-175337,575,false,10.176147192667488,1,2378.8015642384066,1.0,1.0
2026-03-22T21:10:07.745-306470-175337,774,false,1.1305009893675895,1,2378.8015642384066,1.0,1.0
2026-03-22T21:10:07.745-306470-175337,777,false,10.401953928554066,1,2378.8015642384066,1.0,1.0
2026-03-22T21:10:07.745-306470-175337,604,true,1.4297200609105818,1,2377.371844177496,1.0,0.0
2026-03-22T21:10:07.745-306470-175337,495,false,6.666477065171741,1,2377.371844177496,1.0,1.0
2026-03-22T21:10:07.745-306470-175337,797,false,0.49509673978179886,1,2377.371844177496,1.0,1.0
2026-03-22T21:10:07.745-306470-175337,929,false,5.824285758965627,1,2377.371844177496,1.0,1.0
2026-03-22T21:10:07.745-306470-175337,922,false,12.961370313864427,1,2377.371844177496,1.0,1.0
2026-03-22T21:10:07.745-306470-175337,365,false,1.116581196818153,1,2377.371844177496,1.0,1.0
2026-03-22T21:10:07.745-306470-175337,850,false,23.68945779329216,1,2377.371844177496,1.0,1.0
2026-03-22T21:10:07.745-306470-175337,579,false,1.8953827604500444,1,2377.371844177496,1.0,1.0
2026-03-22T21:10:07.745-306470-175337,779,false,5.220473987851645,1,2377.371844177496,1.0,1.0
2026-03-22T21:10:07.745-306470-175337,238,false,2.1454058654511674,1,2377.371844177496,1.0,1.0
2026-03-22T21:10:07.745-306470-175337,337,false,88.61225441334896,1,2377.371844177496,1.0,1.0
2026-03-22T21:10:07.745-306470-175337,917,false,1.7641246072252241,1,2377.371844177496,1.0,1.0
2026-03-22T21:10:07.745-306470-175337,547,false,1.4177827329270634,1,2377.371844177496,1.0,1.0
2026-03-22T21:10:07.745-306470-175337,415,false,11.016944525600023,1,2377.371844177496,1.0,1.0
2026-03-22T21:10:07.745-306470-175337,262,false,0.23324723032993494,1,2377.371844177496,1.0,1.0
2026-03-22T21:10:07.745-306470-175337,370,false,0.16047511203928425,1,2377.371844177496,1.0,1.0
2026-03-22T21:10:07.745-306470-175337,849,false,9.272311215561135,1,2377.371844177496,1.0,1.0
2026-03-22T21:10:07.745-306470-175337,318,false,2.9232620207098416,1,2377.371844177496,1.0,1.0
2026-03-22T21:10:07.745-306470-175337,960,false,1.603152442356628,1,2377.371844177496,1.0,1.0
2026-03-22T21:10:07.745-306470-175337,894,false,3.789005013536959,1,2377.371844177496,1.0,1.0
2026-03-22T21:10:07.745-306470-175337,574,false,0.5109347299637149,1,2377.371844177496,1.0,1.0
2026-03-22T21:10:07.745-306470-175337,640,false,77.87983532800666,1,2377.371844177496,1.0,1.0
2026-03-22T21:10:07.745-306470-175337,162,false,3.8677476656012937,1,2377.371844177496,1.0,1.0
2026-03-22T21:10:07.745-306470-175337,730,false,18.50302348932452,1,2377.371844177496,1.0,1.0
2026-03-22T21:10:07.745-306470-175337,385,false,23.692705917630274,1,2377.371844177496,1.0,1.0
2026-03-22T21:10:07.745-306470-175337,659,false,0.1240724247237477,1,2377.371844177496,1.0,1.0
2026-03-22T21:10:07.745-306470-175337,861,false,6.659165150966899,1,2377.371844177496,1.0,1.0
2026-03-22T21:10:07.745-306470-175337,284,false,2.171944070009299,1,2377.371844177496,1.0,1.0
2026-03-22T21:10:07.745-306470-175337,660,false,0.028028045865002887,1,2377.371844177496,1.0,1.0
2026-03-22T21:10:07.745-306470-175337,342,false,6.2557777943878055,1,2377.371844177496,1.0,1.0
2026-03-22T21:10:07.745-306470-175337,695,false,3.229888746308792,1,2377.371844177496,1.0,1.0
2026-03-22T21:10:07.745-306470-175337,568,false,5.765611110918745,1,2377.371844177496,1.0,1.0
2026-03-22T21:10:07.745-306470-175337,972,false,3.0572204296131535,1,2377.371844177496,1.0,1.0
2026-03-22T21:10:07.745-306470-175337,165,false,1.510451896666136,1,2377.371844177496,1.0,1.0
2026-03-22T21:10:07.745-306470-175337,915,false,5.112385206622479,1,2377.371844177496,1.0,1.0
2026-03-22T21:10:07.745-306470-175337,671,false,5.294312393443923,1,2377.371844177496,1.0,1.0
2026-03-22T21:10:07.745-306470-175337,962,false,37.11755066368949,1,2377.371844177496,1.0,1.0
2026-03-22T21:10:07.745-306470-175337,882,false,0.09851980486002658,1,2377.371844177496,1.0,1.0
2026-03-22T21:10:07.745-306470-175337,520,false,50.76660142679231,1,2377.371844177496,1.0,1.0
2026-03-22T21:10:07.745-306470-175337,80,false,2.209819087762252,1,2377.371844177496,1.0,1.0
2026-03-22T21:10:07.745-306470-175337,226,false,4.058608654630161,1,2377.371844177496,1.0,1.0
2026-03-22T21:10:07.745-306470-175337,549,false,3.940423103920218,1,2377.371844177496,1.0,1.0
2026-03-22T21:10:07.745-306470-175337,748,false,3.4663072372929196,1,2377.371844177496,1.0,1.0
2026-03-22T21:10:07.745-306470-175337,536,false,9.22690854628826,1,2377.371844177496,1.0,1.0
2026-03-22T21:10:07.745-306470-175337,319,false,1.7877689708490898,1,2377.371844177496,1.0,1.0
2026-03-22T21:10:07.745-306470-175337,399,false,3.8280050212519385,1,2377.371844177496,1.0,1.0
2026-03-22T21:10:07.745-306470-175337,905,false,0.29574065200592026,1,2377.371844177496,1.0,1.0
2026-03-22T21:10:07.745-306470-175337,539,false,12.109236039343237,1,2377.371844177496,1.0,1.0
2026-03-22T21:10:07.745-306470-175337,32,false,0.820641250999208,1,2377.371844177496,1.0,1.0
2026-03-22T21:10:07.745-306470-175337,139,false,17.256676704484274,1,2377.371844177496,1.0,1.0
2026-03-22T21:10:07.745-306470-175337,828,false,0.39307623735580344,1,2377.371844177496,1.0,1.0
2026-03-22T21:10:07.745-306470-175337,487,false,4.3550466873767055,1,2377.371844177496,1.0,1.0
2026-03-22T21:10:07.745-306470-175337,586,false,0.26102527099730105,1,2377.371844177496,1.0,1.0
2026-03-22T21:10:07.745-306470-175337,243,false,34.855838661331745,1,2377.371844177496,1.0,1.0
2026-03-22T21:10:07.745-306470-175337,497,false,12.828004752851003,1,2377.371844177496,1.0,1.0
2026-03-22T21:10:07.745-306470-175337,870,false,13.92643655504969,1,2377.371844177496,1.0,1.0
2026-03-22T21:10:07.745-306470-175337,801,true,5.257525356544034,1,2372.1143188209517,1.0,0.835
2026-03-22T21:10:07.745-306470-175337,862,false,94.23198725104551,1,2372.1143188209517,1.0,1.0
2026-03-22T21:10:07.745-306470-175337,684,false,0.4447616830484702,1,2372.1143188209517,1.0,1.0
2026-03-22T21:10:07.745-306470-175337,873,false,4.36392170278445,1,2372.1143188209517,1.0,1.0
2026-03-22T21:10:07.745-306470-175337,817,true,0.3258625928866412,1,2371.788456228065,1.0,0.0040000000000000036
2026-03-22T21:10:07.745-306470-175337,134,false,1.0452943491984807,1,2371.788456228065,1.0,1.0
2026-03-22T21:10:07.745-306470-175337,759,false,0.43465359638295537,1,2371.788456228065,1.0,1.0
2026-03-22T21:10:07.745-306470-175337,548,true,12.08962868939768,1,2359.6988275386675,1.0,0.999
2026-03-22T21:10:07.745-306470-175337,571,false,3.5548221302310767,1,2359.6988275386675,1.0,1.0
2026-03-22T21:10:07.745-306470-175337,871,false,2.431989121827234,1,2359.6988275386675,1.0,1.0
2026-03-22T21:10:07.745-306470-175337,926,false,19.948291597759432,1,2359.6988275386675,1.0,1.0
2026-03-22T21:10:07.745-306470-175337,184,false,3.2343654946525193,1,2359.6988275386675,1.0,1.0
2026-03-22T21:10:07.745-306470-175337,782,false,0.5544847308875093,1,2359.6988275386675,1.0,1.0
2026-03-22T21:10:07.745-306470-175337,856,false,6.967592870334068,1,2359.6988275386675,1.0,1.0
2026-03-22T21:10:07.745-306470-175337,619,true,4.36996564196784,1,2355.3288618966994,1.0,0.0030000000000000027
2026-03-22T21:10:07.745-306470-175337,775,false,4.548648854185988,1,2355.3288618966994,1.0,1.0
2026-03-22T21:10:07.745-306470-175337,67,true,1.9225615212459348,1,2353.4063003754536,1.0,0.0
2026-03-22T21:10:07.745-306470-175337,506,false,1.1999063035219828,1,2353.4063003754536,1.0,1.0
2026-03-22T21:10:07.745-306470-175337,667,false,1.1728654325555357,1,2353.4063003754536,1.0,1.0
2026-03-22T21:10:07.745-306470-175337,728,false,0.3805956823865515,1,2353.4063003754536,1.0,1.0
2026-03-22T21:10:07.745-306470-175337,754,false,0.021268799123955504,1,2353.4063003754536,1.0,1.0
2026-03-22T21:10:07.745-306470-175337,293,false,0.029574496940839013,1,2353.4063003754536,1.0,1.0
2026-03-22T21:10:07.745-306470-175337,834,false,1.5132900964003355,1,2353.4063003754536,1.0,1.0
2026-03-22T21:10:07.745-306470-175337,494,false,22.755797026822446,1,2353.4063003754536,1.0,1.0
2026-03-22T21:10:07.745-306470-175337,787,false,0.40321294677688974,1,2353.4063003754536,1.0,1.0
2026-03-22T21:10:07.745-306470-175337,17,false,0.5495094748343455,1,2353.4063003754536,1.0,1.0
2026-03-22T21:10:07.745-306470-175337,752,false,12.498404420709374,1,2353.4063003754536,1.0,1.0
2026-03-22T21:10:07.745-306470-175337,825,false,1.5907161102492082,1,2353.4063003754536,1.0,1.0
2026-03-22T21:10:07.745-306470-175337,621,true,2.785438512676974,1,2350.6208618627766,1.0,0.706
2026-03-22T21:10:07.745-306470-175337,596,false,36.47793386727565,1,2350.6208618627766,1.0,1.0
2026-03-22T21:10:07.745-306470-175337,401,false,0.1732070283031552,1,2350.6208618627766,1.0,1.0
2026-03-22T21:10:07.745-306470-175337,673,false,4.562623142212451,1,2350.6208618627766,1.0,1.0
2026-03-22T21:10:07.745-306470-175337,902,false,1.5558566035792196,1,2350.6208618627766,1.0,1.0
2026-03-22T21:10:07.745-306470-175337,47,false,11.43265242967136,1,2350.6208618627766,1.0,1.0
2026-03-22T21:10:07.745-306470-175337,562,false,0.29294447625463776,1,2350.6208618627766,1.0,1.0
2026-03-22T21:10:07.745-306470-175337,452,true,0.8043844525652537,1,2349.8164774102115,1.0,0.879
2026-03-22T21:10:07.745-306470-175337,367,false,7.946043416505447,1,2349.8164774102115,1.0,1.0
2026-03-22T21:10:07.745-306470-175337,770,false,0.15031500021875047,1,2349.8164774102115,1.0,1.0
2026-03-22T21:10:07.745-306470-175337,248,false,1.0607612482626902,2,2349.8164774102115,1.0,1.0
2026-03-22T21:10:07.745-306470-175337,719,false,1.3659370847930434,2,2349.8164774102115,1.0,1.0
2026-03-22T21:10:07.745-306470-175337,131,false,0.28756589229586865,2,2349.8164774102115,1.0,1.0
2026-03-22T21:10:07.745-306470-175337,7,false,2.790811243716747,2,2349.8164774102115,1.0,1.0
2026-03-22T21:10:07.745-306470-175337,946,false,3.681442031655626,2,2349.8164774102115,1.0,1.0
2026-03-22T21:10:07.745-306470-175337,557,false,16.04435066300026,2,2349.8164774102115,1.0,1.0
2026-03-22T21:10:07.745-306470-175337,376,false,1.4164497349753509,2,2349.8164774102115,1.0,1.0
2026-03-22T21:10:07.745-306470-175337,390,false,12.881360498658927,2,2349.8164774102115,1.0,1.0
2026-03-22T21:10:07.745-306470-175337,940,false,3.0392399652256987,2,2349.8164774102115,1.0,1.0
2026-03-22T21:10:07.745-306470-175337,337,false,88.61225441334896,2,2349.8164774102115,1.0,1.0
2026-03-22T21:10:07.745-306470-175337,922,false,12.961370313864427,2,2349.8164774102115,1.0,1.0
2026-03-22T21:10:07.745-306470-175337,423,false,1.6191553111441812,2,2349.8164774102115,1.0,1.0
2026-03-22T21:10:07.745-306470-175337,21,false,99.01596443879777,2,2349.8164774102115,1.0,1.0
2026-03-22T21:10:07.745-306470-175337,596,false,36.47793386727565,2,2349.8164774102115,1.0,1.0
2026-03-22T21:10:07.745-306470-175337,244,false,4.871743463986952,2,2349.8164774102115,1.0,1.0
2026-03-22T21:10:07.745-306470-175337,286,false,164.17143289785528,2,2349.8164774102115,1.0,1.0
2026-03-22T21:10:07.745-306470-175337,3,true,1.2941258733395096,2,2348.522351536872,1.0,0.999
2026-03-22T21:10:07.745-306470-175337,453,true,57.42644776592359,2,2291.0959037709486,1.0,0.85
2026-03-22T21:10:07.745-306470-175337,19,false,1.2149918851718362,2,2291.0959037709486,1.0,1.0
2026-03-22T21:10:07.745-306470-175337,513,false,41.63453543426569,2,2291.0959037709486,1.0,1.0
2026-03-22T21:10:07.745-306470-175337,377,false,7.288170172607094,2,2291.0959037709486,1.0,1.0
2026-03-22T21:10:07.745-306470-175337,774,false,1.1305009893675895,2,2291.0959037709486,1.0,1.0
2026-03-22T21:10:07.745-306470-175337,572,false,3.422712453707416,2,2291.0959037709486,1.0,1.0
2026-03-22T21:10:07.745-306470-175337,36,false,7.34237911311142,2,2291.0959037709486,1.0,1.0
2026-03-22T21:10:07.745-306470-175337,163,false,0.6799890255066504,2,2291.0959037709486,1.0,1.0
2026-03-22T21:10:07.745-306470-175337,515,false,2.725152655368621,2,2291.0959037709486,1.0,1.0
2026-03-22T21:10:07.745-306470-175337,262,false,0.23324723032993494,2,2291.0959037709486,1.0,1.0
2026-03-22T21:10:07.745-306470-175337,406,false,3.345506145810389,2,2291.0959037709486,1.0,1.0
2026-03-22T21:10:07.745-306470-175337,973,false,0.20512868049730074,2,2291.0959037709486,1.0,1.0
2026-03-22T21:10:07.745-306470-175337,441,false,0.37470476623936966,2,2291.0959037709486,1.0,1.0
2026-03-22T21:10:07.745-306470-175337,689,false,0.12853849235622625,2,2291.0959037709486,1.0,1.0
2026-03-22T21:10:07.745-306470-175337,686,false,21.783636795189693,2,2291.0959037709486,1.0,1.0
2026-03-22T21:10:07.745-306470-175337,856,false,6.967592870334068,2,2291.0959037709486,1.0,1.0
2026-03-22T21:10:07.745-306470-175337,718,false,5.046991946839368,2,2291.0959037709486,1.0,1.0
2026-03-22T21:10:07.745-306470-175337,196,false,17.07845852510467,2,2291.0959037709486,1.0,1.0
2026-03-22T21:10:07.745-306470-175337,378,false,5.034607478346039,2,2291.0959037709486,1.0,1.0
2026-03-22T21:10:07.745-306470-175337,507,false,0.8369596877403958,2,2291.0959037709486,1.0,1.0
2026-03-22T21:10:07.745-306470-175337,643,false,926.6214876236359,2,2291.0959037709486,1.0,1.0
2026-03-22T21:10:07.745-306470-175337,499,false,9.072092131826626,2,2291.0959037709486,1.0,1.0
2026-03-22T21:10:07.745-306470-175337,360,false,43.72239693305552,2,2291.0959037709486,1.0,1.0
2026-03-22T21:10:07.745-306470-175337,541,false,997.4648777948793,2,2291.0959037709486,1.0,1.0
2026-03-22T21:10:07.745-306470-175337,427,false,4.559022688985615,2,2291.0959037709486,1.0,1.0
2026-03-22T21:10:07.745-306470-175337,600,true,9.286618942950788,2,2281.8092848279975,1.0,0.734
2026-03-22T21:10:07.745-306470-175337,881,false,1.3932595038538633,2,2281.8092848279975,1.0,1.0
2026-03-22T21:10:07.745-306470-175337,270,false,0.019476600501962968,2,2281.8092848279975,1.0,1.0
2026-03-22T21:10:07.745-306470-175337,563,false,0.5342095157997273,2,2281.8092848279975,1.0,1.0
2026-03-22T21:10:07.745-306470-175337,700,false,0.9815082009763765,2,2281.8092848279975,1.0,1.0
2026-03-22T21:10:07.745-306470-175337,534,false,1.4021567905539698,2,2281.8092848279975,1.0,1.0
2026-03-22T21:10:07.745-306470-175337,651,false,0.42976758268191695,2,2281.8092848279975,1.0,1.0
2026-03-22T21:10:07.745-306470-175337,242,false,31.955139352201353,2,2281.8092848279975,1.0,1.0
2026-03-22T21:10:07.745-306470-175337,105,true,0.7399796413956219,2,2281.069305186602,1.0,0.04200000000000004
2026-03-22T21:10:07.745-306470-175337,404,false,0.01752511476552468,2,2281.069305186602,1.0,1.0
2026-03-22T21:10:07.745-306470-175337,966,false,0.4250529227303376,2,2281.069305186602,1.0,1.0
2026-03-22T21:10:07.745-306470-175337,268,false,1.764856018821513,2,2281.069305186602,1.0,1.0
2026-03-22T21:10:07.745-306470-175337,202,false,0.34668798646757937,2,2281.069305186602,1.0,1.0
2026-03-22T21:10:07.745-306470-175337,12,false,3.5121230191551143,2,2281.069305186602,1.0,1.0
2026-03-22T21:10:07.745-306470-175337,707,false,15.027442065047188,2,2281.069305186602,1.0,1.0
2026-03-22T21:10:07.745-306470-175337,160,false,0.04206598492700165,2,2281.069305186602,1.0,1.0
2026-03-22T21:10:07.745-306470-175337,418,false,0.0808033348347085,2,2281.069305186602,1.0,1.0
2026-03-22T21:10:07.745-306470-175337,740,false,0.2690063508953757,2,2281.069305186602,1.0,1.0
2026-03-22T21:10:07.745-306470-175337,661,false,11.839191078901209,2,2281.069305186602,1.0,1.0
2026-03-22T21:10:07.745-306470-175337,926,false,19.948291597759432,2,2281.069305186602,1.0,1.0
2026-03-22T21:10:07.745-306470-175337,840,false,11.130190122489088,2,2281.069305186602,1.0,1.0
2026-03-22T21:10:07.745-306470-175337,741,false,26.2774884026094,2,2281.069305186602,1.0,1.0
2026-03-22T21:10:07.745-306470-175337,850,false,23.68945779329216,2,2281.069305186602,1.0,1.0
2026-03-22T21:10:07.745-306470-175337,664,false,0.04050248273495601,2,2281.069305186602,1.0,1.0
2026-03-22T21:10:07.745-306470-175337,218,false,2.8802176353290587,2,2281.069305186602,1.0,1.0
2026-03-22T21:10:07.745-306470-175337,576,false,10.386625490331017,2,2281.069305186602,1.0,1.0
2026-03-22T21:10:07.745-306470-175337,1000,true,21.525046859343657,2,2259.5442583272584,1.0,0.73
2026-03-22T21:10:07.745-306470-175337,555,false,0.9864431382896695,2,2259.5442583272584,1.0,1.0
2026-03-22T21:10:07.745-306470-175337,656,false,0.03195021195350039,2,2259.5442583272584,1.0,1.0
2026-03-22T21:10:07.745-306470-175337,979,false,0.8327603102736938,2,2259.5442583272584,1.0,1.0
2026-03-22T21:10:07.745-306470-175337,419,false,2.3994749144695358,2,2259.5442583272584,1.0,1.0
2026-03-22T21:10:07.745-306470-175337,382,false,2.356571815478851,2,2259.5442583272584,1.0,1.0
2026-03-22T21:10:07.745-306470-175337,675,false,14.197713609696955,2,2259.5442583272584,1.0,1.0
2026-03-22T21:10:07.745-306470-175337,294,false,0.18483561268491633,2,2259.5442583272584,1.0,1.0
2026-03-22T21:10:07.745-306470-175337,269,false,0.9723370566230961,2,2259.5442583272584,1.0,1.0
2026-03-22T21:10:07.745-306470-175337,820,false,0.09046447223253465,2,2259.5442583272584,1.0,1.0
2026-03-22T21:10:07.745-306470-175337,111,false,1.9777600701257851,2,2259.5442583272584,1.0,1.0
2026-03-22T21:10:07.745-306470-175337,260,false,0.07697447625696735,2,2259.5442583272584,1.0,1.0
2026-03-22T21:10:07.745-306470-175337,430,false,30.886374669280794,2,2259.5442583272584,1.0,1.0
2026-03-22T21:10:07.745-306470-175337,503,false,2.4883993676744356,2,2259.5442583272584,1.0,1.0
2026-03-22T21:10:07.745-306470-175337,892,false,2.401251665979939,2,2259.5442583272584,1.0,1.0
2026-03-22T21:10:07.745-306470-175337,465,false,0.4608675125656168,2,2259.5442583272584,1.0,1.0
2026-03-22T21:10:07.745-306470-175337,358,false,0.22815335559055275,2,2259.5442583272584,1.0,1.0
2026-03-22T21:10:07.745-306470-175337,894,false,3.789005013536959,2,2259.5442583272584,1.0,1.0
2026-03-22T21:10:07.745-306470-175337,177,false,1.0037303157440554,2,2259.5442583272584,1.0,1.0
2026-03-22T21:10:07.745-306470-175337,139,false,17.256676704484274,2,2259.5442583272584,1.0,1.0
2026-03-22T21:10:07.745-306470-175337,833,false,6.8823472215605,2,2259.5442583272584,1.0,1.0
2026-03-22T21:10:07.745-306470-175337,505,false,0.7111878775006484,2,2259.5442583272584,1.0,1.0
2026-03-22T21:10:07.745-306470-175337,318,false,2.9232620207098416,2,2259.5442583272584,1.0,1.0
2026-03-22T21:10:07.745-306470-175337,372,false,0.1312123751485949,2,2259.5442583272584,1.0,1.0
2026-03-22T21:10:07.745-306470-175337,956,false,2.573712937827829,2,2259.5442583272584,1.0,1.0
2026-03-22T21:10:07.745-306470-175337,157,false,0.014879650496411602,2,2259.5442583272584,1.0,1.0
2026-03-22T21:10:07.745-306470-175337,140,false,5.33642439711018,2,2259.5442583272584,1.0,1.0
2026-03-22T21:10:07.745-306470-175337,866,false,81.58036258906012,2,2259.5442583272584,1.0,1.0
2026-03-22T21:10:07.745-306470-175337,908,false,1.3722731333223324,2,2259.5442583272584,1.0,1.0
2026-03-22T21:10:07.745-306470-175337,58,false,20.295614440507148,2,2259.5442583272584,1.0,1.0
2026-03-22T21:10:07.745-306470-175337,283,true,3.10221816456602,2,2256.442040162692,1.0,0.999
2026-03-22T21:10:07.745-306470-175337,383,false,0.7129867277076896,2,2256.442040162692,1.0,1.0
2026-03-22T21:10:07.745-306470-175337,112,false,17.952551441865666,2,2256.442040162692,1.0,1.0
2026-03-22T21:10:07.745-306470-175337,633,false,1.6630833348522034,2,2256.442040162692,1.0,1.0
2026-03-22T21:10:07.745-306470-175337,338,false,1.212278865334867,2,2256.442040162692,1.0,1.0
2026-03-22T21:10:07.745-306470-175337,330,false,0.7774805105994698,2,2256.442040162692,1.0,1.0
2026-03-22T21:10:07.745-306470-175337,677,false,20.08754400058449,2,2256.442040162692,1.0,1.0
2026-03-22T21:10:07.745-306470-175337,646,false,2.1661090203783884,2,2256.442040162692,1.0,1.0
2026-03-22T21:10:07.745-306470-175337,948,false,12.695537873810968,2,2256.442040162692,1.0,1.0
2026-03-22T21:10:07.745-306470-175337,654,false,2.0270873673048593,2,2256.442040162692,1.0,1.0
2026-03-22T21:10:07.745-306470-175337,898,false,0.6061786945836426,2,2256.442040162692,1.0,1.0
2026-03-22T21:10:07.745-306470-175337,81,false,3.6083161831112225,2,2256.442040162692,1.0,1.0
2026-03-22T21:10:07.745-306470-175337,882,false,0.09851980486002658,2,2256.442040162692,1.0,1.0
2026-03-22T21:10:07.745-306470-175337,25,false,1.6603879273351254,2,2256.442040162692,1.0,1.0
2026-03-22T21:10:07.745-306470-175337,934,false,0.18189028996951465,2,2256.442040162692,1.0,1.0
2026-03-22T21:10:07.745-306470-175337,915,false,5.112385206622479,2,2256.442040162692,1.0,1.0
2026-03-22T21:10:07.745-306470-175337,662,false,6.734476280565104,2,2256.442040162692,1.0,1.0
2026-03-22T21:10:07.745-306470-175337,695,false,3.229888746308792,2,2256.442040162692,1.0,1.0
2026-03-22T21:10:07.745-306470-175337,391,false,3.848200512672071,2,2256.442040162692,1.0,1.0
2026-03-22T21:10:07.745-306470-175337,211,false,10.938211865199687,2,2256.442040162692,1.0,1.0
2026-03-22T21:10:07.745-306470-175337,145,true,0.9354604183039126,2,2255.506579744388,1.0,0.692
2026-03-22T21:10:07.745-306470-175337,180,false,4.178094804216122,2,2255.506579744388,1.0,1.0
2026-03-22T21:10:07.745-306470-175337,57,false,134.850121560006,2,2255.506579744388,1.0,1.0
2026-03-22T21:10:07.745-306470-175337,593,false,4.794211111162179,2,2255.506579744388,1.0,1.0
2026-03-22T21:10:07.745-306470-175337,696,false,0.4336237415325325,2,2255.506579744388,1.0,1.0
2026-03-22T21:10:07.745-306470-175337,15,false,5.549072958941276,2,2255.506579744388,1.0,1.0
2026-03-22T21:10:07.745-306470-175337,298,false,0.05296599084730334,2,2255.506579744388,1.0,1.0
2026-03-22T21:10:07.745-306470-175337,236,true,0.467543936738564,2,2255.0390358076497,1.0,0.704
2026-03-22T21:10:07.745-306470-175337,942,false,0.9699990236057043,2,2255.0390358076497,1.0,1.0
2026-03-22T21:10:07.745-306470-175337,512,false,0.8875292698935728,2,2255.0390358076497,1.0,1.0
2026-03-22T21:10:07.745-306470-175337,412,false,0.23987962510358468,2,2255.0390358076497,1.0,1.0
2026-03-22T21:10:07.745-306470-175337,424,false,1.6530043602630484,2,2255.0390358076497,1.0,1.0
2026-03-22T21:10:07.745-306470-175337,823,false,5.69883308060338,2,2255.0390358076497,1.0,1.0
2026-03-22T21:10:07.745-306470-175337,173,false,1.2815282559784043,2,2255.0390358076497,1.0,1.0
2026-03-22T21:10:07.745-306470-175337,146,true,0.2292818015224422,2,2254.809754006127,1.0,0.04300000000000004
2026-03-22T21:10:07.745-306470-175337,117,false,26.550821844845046,2,2254.809754006127,1.0,1.0
2026-03-22T21:10:07.745-306470-175337,997,true,2.4631875252889692,2,2252.346566480838,1.0,0.714
2026-03-22T21:10:07.745-306470-175337,333,false,68.01633407807812,2,2252.346566480838,1.0,1.0
2026-03-22T21:10:07.745-306470-175337,586,false,0.26102527099730105,2,2252.346566480838,1.0,1.0
2026-03-22T21:10:07.745-306470-175337,919,false,1.1224616398929435,2,2252.346566480838,1.0,1.0
2026-03-22T21:10:07.745-306470-175337,73,false,0.09283470484586283,2,2252.346566480838,1.0,1.0
2026-03-22T21:10:07.745-306470-175337,279,false,0.1766828915579233,2,2252.346566480838,1.0,1.0
2026-03-22T21:10:07.745-306470-175337,511,false,2.4532691099119663,2,2252.346566480838,1.0,1.0
2026-03-22T21:10:07.745-306470-175337,51,false,130.55894041465842,2,2252.346566480838,1.0,1.0
2026-03-22T21:10:07.745-306470-175337,935,false,0.07483485491814706,2,2252.346566480838,1.0,1.0
2026-03-22T21:10:07.745-306470-175337,649,false,7.751932969075615,2,2252.346566480838,1.0,1.0
2026-03-22T21:10:07.745-306470-175337,226,false,4.058608654630161,2,2252.346566480838,1.0,1.0
2026-03-22T21:10:07.745-306470-175337,328,false,93.13718534472517,2,2252.346566480838,1.0,1.0
2026-03-22T21:10:07.745-306470-175337,747,false,0.16325577720000348,2,2252.346566480838,1.0,1.0
2026-03-22T21:10:07.745-306470-175337,287,false,7.041538259811142,2,2252.346566480838,1.0,1.0
2026-03-22T21:10:07.745-306470-175337,263,false,1.7161496267862637,2,2252.346566480838,1.0,1.0
2026-03-22T21:10:07.745-306470-175337,347,false,2.6252276250858237,2,2252.346566480838,1.0,1.0
2026-03-22T21:10:07.745-306470-175337,630,false,0.13539340587402596,2,2252.346566480838,1.0,1.0
2026-03-22T21:10:07.745-306470-175337,549,true,3.940423103920218,2,2248.406143376918,1.0,0.73
2026-03-22T21:10:07.745-306470-175337,323,false,2.899316630931777,2,2248.406143376918,1.0,1.0
2026-03-22T21:10:07.745-306470-175337,640,false,77.87983532800666,2,2248.406143376918,1.0,1.0
2026-03-22T21:10:07.745-306470-175337,278,false,5.092311541007456,2,2248.406143376918,1.0,1.0
2026-03-22T21:10:07.745-306470-175337,783,false,4.011973209070208,2,2248.406143376918,1.0,1.0
2026-03-22T21:10:07.745-306470-175337,108,true,1.0973643590152442,2,2247.308779017903,1.0,0.6859999999999999
2026-03-22T21:10:07.745-306470-175337,855,false,0.24158846644834864,2,2247.308779017903,1.0,1.0
2026-03-22T21:10:07.745-306470-175337,535,false,2.061778957309091,2,2247.308779017903,1.0,1.0
2026-03-22T21:10:07.745-306470-175337,626,false,4.109020871389726,2,2247.308779017903,1.0,1.0
2026-03-22T21:10:07.745-306470-175337,574,false,0.5109347299637149,2,2247.308779017903,1.0,1.0
2026-03-22T21:10:07.745-306470-175337,631,false,17.714647695159734,2,2247.308779017903,1.0,1.0
2026-03-22T21:10:07.745-306470-175337,710,false,8.137221673065644,2,2247.308779017903,1.0,1.0
2026-03-22T21:10:07.745-306470-175337,474,false,0.2623645109102727,2,2247.308779017903,1.0,1.0
2026-03-22T21:10:07.745-306470-175337,641,false,10.301094623264214,2,2247.308779017903,1.0,1.0
2026-03-22T21:10:07.745-306470-175337,364,false,2.6383767318417894,2,2247.308779017903,1.0,1.0
2026-03-22T21:10:07.745-306470-175337,691,false,6.938635260816487,2,2247.308779017903,1.0,1.0
2026-03-22T21:10:07.745-306470-175337,752,false,12.498404420709374,2,2247.308779017903,1.0,1.0
2026-03-22T21:10:07.745-306470-175337,568,false,5.765611110918745,2,2247.308779017903,1.0,1.0
2026-03-22T21:10:07.745-306470-175337,768,false,151.96419355589026,2,2247.308779017903,1.0,1.0
2026-03-22T21:10:07.745-306470-175337,581,false,11.569052850267655,2,2247.308779017903,1.0,1.0
2026-03-22T21:10:07.745-306470-175337,17,false,0.5495094748343455,2,2247.308779017903,1.0,1.0
2026-03-22T21:10:07.745-306470-175337,327,false,0.5765881955809888,2,2247.308779017903,1.0,1.0
2026-03-22T21:10:07.745-306470-175337,492,false,0.7257138520671801,2,2247.308779017903,1.0,1.0
2026-03-22T21:10:07.745-306470-175337,91,false,1.2041213166494813,2,2247.308779017903,1.0,1.0
2026-03-22T21:10:07.745-306470-175337,386,false,0.19614331408923752,2,2247.308779017903,1.0,1.0
2026-03-22T21:10:07.745-306470-175337,220,false,1.8676665056081685,2,2247.308779017903,1.0,1.0
2026-03-22T21:10:07.745-306470-175337,272,false,13.41151027113721,2,2247.308779017903,1.0,1.0
2026-03-22T21:10:07.745-306470-175337,302,false,1.1751499174072861,2,2247.308779017903,1.0,1.0
2026-03-22T21:10:07.745-306470-175337,190,false,3.422576016019273,2,2247.308779017903,1.0,1.0
2026-03-22T21:10:07.745-306470-175337,708,false,0.05534536878911964,2,2247.308779017903,1.0,1.0
2026-03-22T21:10:07.745-306470-175337,728,false,0.3805956823865515,2,2247.308779017903,1.0,1.0
2026-03-22T21:10:07.745-306470-175337,325,false,0.21457795204963082,2,2247.308779017903,1.0,1.0
2026-03-22T21:10:07.745-306470-175337,62,false,0.1864472605664568,2,2247.308779017903,1.0,1.0
2026-03-22T21:10:07.745-306470-175337,918,false,0.7484230400420523,2,2247.308779017903,1.0,1.0
2026-03-22T21:10:07.745-306470-175337,490,false,8.792594602435985,2,2247.308779017903,1.0,1.0
2026-03-22T21:10:07.745-306470-175337,245,false,0.8704468590938073,2,2247.308779017903,1.0,1.0
2026-03-22T21:10:07.745-306470-175337,477,false,1.8720141602294003,2,2247.308779017903,1.0,1.0
2026-03-22T21:10:07.745-306470-175337,371,false,1.592932722278015,2,2247.308779017903,1.0,1.0
2026-03-22T21:10:07.745-306470-175337,784,false,0.032276042690617054,2,2247.308779017903,1.0,1.0
2026-03-22T21:10:07.745-306470-175337,207,false,1.48742087613154,2,2247.308779017903,1.0,1.0
2026-03-22T21:10:07.745-306470-175337,546,true,1.7732640035405995,2,2245.5355150143623,1.0,0.03300000000000003
2026-03-22T21:10:07.745-306470-175337,652,false,1.620931866887502,2,2245.5355150143623,1.0,1.0
2026-03-22T21:10:07.745-306470-175337,437,true,34.208134869183475,2,2211.3273801451787,1.0,0.84
2026-03-22T21:10:07.745-306470-175337,962,false,37.11755066368949,2,2211.3273801451787,1.0,1.0
2026-03-22T21:10:07.745-306470-175337,315,true,1.6115581621716508,2,2209.715821983007,1.0,0.0020000000000000018
2026-03-22T21:10:07.745-306470-175337,907,false,0.5630993252847595,2,2209.715821983007,1.0,1.0
2026-03-22T21:10:07.745-306470-175337,732,false,9.598392397222025,2,2209.715821983007,1.0,1.0
2026-03-22T21:10:07.745-306470-175337,35,false,10.737274935748232,2,2209.715821983007,1.0,1.0
2026-03-22T21:10:07.745-306470-175337,110,true,1.316870391872028,2,2208.3989515911353,1.0,0.722
2026-03-22T21:10:07.745-306470-175337,469,false,2.463492009869665,2,2208.3989515911353,1.0,1.0
2026-03-22T21:10:07.745-306470-175337,682,true,1.1785670375668245,2,2207.2203845535687,1.0,0.92
2026-03-22T21:10:07.745-306470-175337,362,false,77.82326948480298,2,2207.2203845535687,1.0,1.0
2026-03-22T21:10:07.745-306470-175337,129,false,4.23371365421336,2,2207.2203845535687,1.0,1.0
2026-03-22T21:10:07.745-306470-175337,551,true,0.5623048452335656,2,2206.658079708335,1.0,0.038000000000000034
2026-03-22T21:10:07.745-306470-175337,296,false,0.7194793597328828,2,2206.658079708335,1.0,1.0
2026-03-22T21:10:07.745-306470-175337,590,false,0.863627857079405,2,2206.658079708335,1.0,1.0
2026-03-22T21:10:07.745-306470-175337,39,false,60.65962720247165,2,2206.658079708335,1.0,1.0
2026-03-22T21:10:07.745-306470-175337,924,false,1.5666598175715682,2,2206.658079708335,1.0,1.0
2026-03-22T21:10:07.745-306470-175337,289,false,7.300617088102966,2,2206.658079708335,1.0,1.0
2026-03-22T21:10:07.745-306470-175337,506,false,1.1999063035219828,2,2206.658079708335,1.0,1.0
2026-03-22T21:10:07.745-306470-175337,46,false,1.3882501355943115,2,2206.658079708335,1.0,1.0
2026-03-22T21:10:07.745-306470-175337,514,false,1.9506934811605745,2,2206.658079708335,1.0,1.0
2026-03-22T21:10:07.745-306470-175337,904,false,31.8280786340371,2,2206.658079708335,1.0,1.0
2026-03-22T21:10:07.745-306470-175337,858,false,0.09512148682417265,2,2206.658079708335,1.0,1.0
2026-03-22T21:10:07.745-306470-175337,897,false,9.663281265537305,2,2206.658079708335,1.0,1.0
2026-03-22T21:10:07.745-306470-175337,749,false,1.8184092543777732,2,2206.658079708335,1.0,1.0
2026-03-22T21:10:07.745-306470-175337,63,true,0.41561360852634716,2,2206.242466099809,1.0,0.0
2026-03-22T21:10:07.745-306470-175337,727,false,1.1204082481203061,2,2206.242466099809,1.0,1.0
2026-03-22T21:10:07.745-306470-175337,763,false,113.8241939449071,2,2206.242466099809,1.0,1.0
2026-03-22T21:10:07.745-306470-175337,150,true,0.32415066306841317,2,2205.9183154367406,1.0,0.7150000000000001
2026-03-22T21:10:07.745-306470-175337,986,false,0.36403196262857884,2,2205.9183154367406,1.0,1.0
2026-03-22T21:10:07.745-306470-175337,116,false,0.2949390319326179,2,2205.9183154367406,1.0,1.0
2026-03-22T21:10:07.745-306470-175337,428,false,263.356938624043,2,2205.9183154367406,1.0,1.0
2026-03-22T21:10:07.745-306470-175337,192,false,1.7358335524731492,2,2205.9183154367406,1.0,1.0
2026-03-22T21:10:07.745-306470-175337,348,false,24.94342324598658,2,2205.9183154367406,1.0,1.0
2026-03-22T21:10:07.745-306470-175337,31,false,9.998911671798492,2,2205.9183154367406,1.0,1.0
2026-03-22T21:10:07.745-306470-175337,281,true,0.2556606223992947,2,2205.6626548143413,1.0,0.721
2026-03-22T21:10:07.745-306470-175337,887,true,9.903864338796097,2,2195.758790475545,1.0,0.849
2026-03-22T21:10:07.745-306470-175337,290,false,0.8081924537522789,2,2195.758790475545,1.0,1.0
2026-03-22T21:10:07.745-306470-175337,802,true,15.903468560272104,2,2179.855321915273,1.0,0.0
2026-03-22T21:10:07.745-306470-175337,690,false,0.6752200664965698,2,2179.855321915273,1.0,1.0
2026-03-22T21:10:07.745-306470-175337,95,true,113.91716033429009,2,2065.938161580983,1.0,0.675
2026-03-22T21:10:07.745-306470-175337,229,false,9.035327179191954,2,2065.938161580983,1.0,1.0
2026-03-22T21:10:07.745-306470-175337,426,false,197.3301761081437,2,2065.938161580983,1.0,1.0
2026-03-22T21:10:07.745-306470-175337,394,false,2.3005984599798843,2,2065.938161580983,1.0,1.0
2026-03-22T21:10:07.745-306470-175337,792,false,0.017197978147695414,2,2065.938161580983,1.0,1.0
2026-03-22T21:10:07.745-306470-175337,536,false,9.22690854628826,2,2065.938161580983,1.0,1.0
2026-03-22T21:10:07.745-306470-175337,497,false,12.828004752851003,2,2065.938161580983,1.0,1.0
2026-03-22T21:10:07.745-306470-175337,411,false,2.7093607704063323,2,2065.938161580983,1.0,1.0
2026-03-22T21:10:07.745-306470-175337,709,false,30.050982787268495,2,2065.938161580983,1.0,1.0
2026-03-22T21:10:07.745-306470-175337,669,false,6.3860327076677965,2,2065.938161580983,1.0,1.0
2026-03-22T21:10:07.745-306470-175337,844,false,15.421779695505716,2,2065.938161580983,1.0,1.0
2026-03-22T21:10:07.745-306470-175337,472,false,2.1501620518842617,2,2065.938161580983,1.0,1.0
2026-03-22T21:10:07.745-306470-175337,570,false,5.710743400178645,2,2065.938161580983,1.0,1.0
2026-03-22T21:10:07.745-306470-175337,539,false,12.109236039343237,2,2065.938161580983,1.0,1.0
2026-03-22T21:10:07.745-306470-175337,457,false,5.081670120581521,2,2065.938161580983,1.0,1.0
2026-03-22T21:10:07.745-306470-175337,673,false,4.562623142212451,2,2065.938161580983,1.0,1.0
2026-03-22T21:10:07.745-306470-175337,627,false,9.123117800686904,2,2065.938161580983,1.0,1.0
2026-03-22T21:10:07.745-306470-175337,487,false,4.3550466873767055,2,2065.938161580983,1.0,1.0
2026-03-22T21:10:07.745-306470-175337,580,false,5.337420974182477,2,2065.938161580983,1.0,1.0
2026-03-22T21:10:07.745-306470-175337,50,false,68.60405851173981,2,2065.938161580983,1.0,1.0
2026-03-22T21:10:07.745-306470-175337,612,true,4.012344632584229,2,2061.9258169483987,1.0,0.0
2026-03-22T21:10:07.745-306470-175337,16,false,8.330504618428591,2,2061.9258169483987,1.0,1.0
2026-03-22T21:10:07.745-306470-175337,350,false,2.2066343697837394,2,2061.9258169483987,1.0,1.0
2026-03-22T21:10:07.745-306470-175337,99,true,2.2062933136101495,2,2059.7195236347884,1.0,0.0010000000000000009
2026-03-22T21:10:07.745-306470-175337,884,true,62.50942611349904,2,1997.2100975212893,1.0,0.731
2026-03-22T21:10:07.745-306470-175337,13,false,9.257206967324857,2,1997.2100975212893,1.0,1.0
2026-03-22T21:10:07.745-306470-175337,43,false,0.06450510407441125,2,1997.2100975212893,1.0,1.0
2026-03-22T21:10:07.745-306470-175337,470,false,1.9331524274057608,2,1997.2100975212893,1.0,1.0
2026-03-22T21:10:07.745-306470-175337,793,false,6.76797976007192,2,1997.2100975212893,1.0,1.0
2026-03-22T21:10:07.745-306470-175337,999,true,3.425707161192764,2,1993.7843903600965,1.0,0.0030000000000000027
2026-03-22T21:10:07.745-306470-175337,280,false,0.12462827129233894,2,1993.7843903600965,1.0,1.0
2026-03-22T21:10:07.745-306470-175337,106,false,0.06871359881491816,2,1993.7843903600965,1.0,1.0
2026-03-22T21:10:07.745-306470-175337,14,false,105.86501744292407,2,1993.7843903600965,1.0,1.0
2026-03-22T21:10:07.745-306470-175337,912,false,3.1860918418629116,2,1993.7843903600965,1.0,1.0
2026-03-22T21:10:07.745-306470-175337,182,false,5.257447026219733,2,1993.7843903600965,1.0,1.0
2026-03-22T21:10:07.745-306470-175337,361,false,0.0454446335490605,2,1993.7843903600965,1.0,1.0
2026-03-22T21:10:07.745-306470-175337,706,false,3.9740126421726716,2,1993.7843903600965,1.0,1.0
2026-03-22T21:10:07.745-306470-175337,895,false,3.7710587538019977,2,1993.7843903600965,1.0,1.0
2026-03-22T21:10:07.745-306470-175337,83,false,0.5568467847703775,2,1993.7843903600965,1.0,1.0
2026-03-22T21:10:07.745-306470-175337,618,true,14.281261895443118,2,1979.5031284646534,1.0,0.0
2026-03-22T21:10:07.745-306470-175337,343,false,3.2888138402112763,2,1979.5031284646534,1.0,1.0
2026-03-22T21:10:07.745-306470-175337,988,false,0.8557016818454652,2,1979.5031284646534,1.0,1.0
2026-03-22T21:10:07.745-306470-175337,49,false,33.66189461607885,2,1979.5031284646534,1.0,1.0
2026-03-22T21:10:07.745-306470-175337,913,false,10.167485021492041,2,1979.5031284646534,1.0,1.0
2026-03-22T21:10:07.745-306470-175337,660,false,0.028028045865002887,2,1979.5031284646534,1.0,1.0
2026-03-22T21:10:07.745-306470-175337,55,false,8.14738860732044,2,1979.5031284646534,1.0,1.0
2026-03-22T21:10:07.745-306470-175337,101,true,2.3154651580537613,2,1977.1876633065997,1.0,0.0
2026-03-22T21:10:07.745-306470-175337,655,false,10.923162269675968,2,1977.1876633065997,1.0,1.0
2026-03-22T21:10:07.745-306470-175337,85,false,46.11494050697065,2,1977.1876633065997,1.0,1.0
2026-03-22T21:10:07.745-306470-175337,121,false,3.469653042365534,2,1977.1876633065997,1.0,1.0
2026-03-22T21:10:07.745-306470-175337,891,false,5.7127060065298085,2,1977.1876633065997,1.0,1.0
2026-03-22T21:10:07.745-306470-175337,9,false,6.029728895389115,2,1977.1876633065997,1.0,1.0
2026-03-22T21:10:07.745-306470-175337,647,false,366.1899320062711,2,1977.1876633065997,1.0,1.0
2026-03-22T21:10:07.745-306470-175337,243,false,34.855838661331745,2,1977.1876633065997,1.0,1.0
2026-03-22T21:10:07.745-306470-175337,717,false,0.17889547384518759,2,1977.1876633065997,1.0,1.0
2026-03-22T21:10:07.745-306470-175337,885,true,0.6516343065686077,2,1976.536029000031,1.0,0.0020000000000000018
2026-03-22T21:10:07.745-306470-175337,970,false,0.23665250643158078,2,1976.536029000031,1.0,1.0
2026-03-22T21:10:07.745-306470-175337,414,false,4.237111267138292,2,1976.536029000031,1.0,1.0
2026-03-22T21:10:07.745-306470-175337,80,false,2.209819087762252,2,1976.536029000031,1.0,1.0
2026-03-22T21:10:07.745-306470-175337,240,false,7.903160574939918,2,1976.536029000031,1.0,1.0
2026-03-22T21:10:07.745-306470-175337,135,false,20.186392412414893,2,1976.536029000031,1.0,1.0
2026-03-22T21:10:07.745-306470-175337,132,false,1.8563315653596355,2,1976.536029000031,1.0,1.0
2026-03-22T21:10:07.745-306470-175337,602,true,13.191320375045228,2,1963.3447086249857,1.0,0.0
2026-03-22T21:10:07.745-306470-175337,737,false,5.370482639721943,2,1963.3447086249857,1.0,1.0
2026-03-22T21:10:07.745-306470-175337,558,false,0.24352869896499307,2,1963.3447086249857,1.0,1.0
2026-03-22T21:10:07.745-306470-175337,374,false,6.303194466646583,2,1963.3447086249857,1.0,1.0
2026-03-22T21:10:07.745-306470-175337,133,false,0.3590468212253234,2,1963.3447086249857,1.0,1.0
2026-03-22T21:10:07.745-306470-175337,958,false,0.7314309279495391,2,1963.3447086249857,1.0,1.0
2026-03-22T21:10:07.745-306470-175337,357,false,56.71188884667507,2,1963.3447086249857,1.0,1.0
2026-03-22T21:10:07.745-306470-175337,779,false,5.220473987851645,2,1963.3447086249857,1.0,1.0
2026-03-22T21:10:07.745-306470-175337,775,false,4.548648854185988,2,1963.3447086249857,1.0,1.0
2026-03-22T21:10:07.745-306470-175337,620,true,5.115909708369531,2,1958.2287989166161,1.0,0.0
2026-03-22T21:10:07.745-306470-175337,205,false,367.28280115241216,2,1958.2287989166161,1.0,1.0
2026-03-22T21:10:07.745-306470-175337,671,false,5.294312393443923,2,1958.2287989166161,1.0,1.0
2026-03-22T21:10:07.745-306470-175337,393,false,0.07646584713331535,2,1958.2287989166161,1.0,1.0
2026-03-22T21:10:07.745-306470-175337,353,false,49.76455656474191,2,1958.2287989166161,1.0,1.0
2026-03-22T21:10:07.745-306470-175337,799,true,31.10985782103056,2,1927.1189410955856,1.0,0.0
2026-03-22T21:10:07.745-306470-175337,831,false,14.817893433254396,2,1927.1189410955856,1.0,1.0
2026-03-22T21:10:07.745-306470-175337,212,false,17.9988619426128,2,1927.1189410955856,1.0,1.0
2026-03-22T21:10:07.745-306470-175337,2,true,1.0124591892564863,2,1926.106481906329,1.0,0.0
2026-03-22T21:10:07.745-306470-175337,650,false,0.722948475765998,2,1926.106481906329,1.0,1.0
2026-03-22T21:10:07.745-306470-175337,20,false,0.7112385842725403,2,1926.106481906329,1.0,1.0
2026-03-22T21:10:07.745-306470-175337,346,false,2.609275173272096,2,1926.106481906329,1.0,1.0
2026-03-22T21:10:07.745-306470-175337,181,false,1.1898288323962585,2,1926.106481906329,1.0,1.0
2026-03-22T21:10:07.745-306470-175337,959,false,0.643815378374547,2,1926.106481906329,1.0,1.0
2026-03-22T21:10:07.745-306470-175337,8,false,0.06832711663679139,2,1926.106481906329,1.0,1.0
2026-03-22T21:10:07.745-306470-175337,949,false,37.19212237984747,2,1926.106481906329,1.0,1.0
2026-03-22T21:10:07.745-306470-175337,931,false,1.2164141362026724,2,1926.106481906329,1.0,1.0
2026-03-22T21:10:07.745-306470-175337,509,false,8.36905532157308,2,1926.106481906329,1.0,1.0
2026-03-22T21:10:07.745-306470-175337,760,false,27.416805130659355,2,1926.106481906329,1.0,1.0
2026-03-22T21:10:07.745-306470-175337,223,false,8.148812651754643,2,1926.106481906329,1.0,1.0
2026-03-22T21:10:07.745-306470-175337,316,true,1.0835414444482443,2,1925.0229404618808,1.0,0.0020000000000000018
2026-03-22T21:10:07.745-306470-175337,162,false,3.8677476656012937,2,1925.0229404618808,1.0,1.0
2026-03-22T21:10:07.745-306470-175337,517,false,1.9677076909493807,2,1925.0229404618808,1.0,1.0
2026-03-22T21:10:07.745-306470-175337,800,false,0.11201984645373907,2,1925.0229404618808,1.0,1.0
2026-03-22T21:10:07.745-306470-175337,835,false,0.7635874970834806,2,1925.0229404618808,1.0,1.0
2026-03-22T21:10:07.745-306470-175337,853,false,0.45548754306986455,2,1925.0229404618808,1.0,1.0
2026-03-22T21:10:07.745-306470-175337,848,false,108.20114534832037,2,1925.0229404618808,1.0,1.0
2026-03-22T21:10:07.745-306470-175337,277,false,22.199124296903467,2,1925.0229404618808,1.0,1.0
2026-03-22T21:10:07.745-306470-175337,756,false,11.782319898525492,2,1925.0229404618808,1.0,1.0
2026-03-22T21:10:07.745-306470-175337,255,false,8.680903616536261,2,1925.0229404618808,1.0,1.0
2026-03-22T21:10:07.745-306470-175337,90,false,0.23143026678480816,2,1925.0229404618808,1.0,1.0
2026-03-22T21:10:07.745-306470-175337,625,false,5.391632070335249,2,1925.0229404618808,1.0,1.0
2026-03-22T21:10:07.745-306470-175337,730,false,18.50302348932452,2,1925.0229404618808,1.0,1.0
2026-03-22T21:10:07.745-306470-175337,408,false,265.57031748078276,2,1925.0229404618808,1.0,1.0
2026-03-22T21:10:07.745-306470-175337,790,false,11.234591852310679,2,1925.0229404618808,1.0,1.0
2026-03-22T21:10:07.745-306470-175337,520,false,50.76660142679231,2,1925.0229404618808,1.0,1.0
2026-03-22T21:10:07.745-306470-175337,967,false,2.025820662974894,2,1925.0229404618808,1.0,1.0
2026-03-22T21:10:07.745-306470-175337,878,false,37.893905705842805,2,1925.0229404618808,1.0,1.0
2026-03-22T21:10:07.745-306470-175337,516,false,4.91444134522495,2,1925.0229404618808,1.0,1.0
2026-03-22T21:10:07.745-306470-175337,787,false,0.40321294677688974,2,1925.0229404618808,1.0,1.0
2026-03-22T21:10:07.745-306470-175337,488,false,0.7210434504532675,2,1925.0229404618808,1.0,1.0
2026-03-22T21:10:07.745-306470-175337,88,true,0.9538390977761277,2,1924.0691013641047,1.0,0.842
2026-03-22T21:10:07.745-306470-175337,462,false,0.025737997443292387,2,1924.0691013641047,1.0,1.0
2026-03-22T21:10:07.745-306470-175337,758,false,0.6082835280412063,2,1924.0691013641047,1.0,1.0
2026-03-22T21:10:07.745-306470-175337,521,false,11.558538987779908,2,1924.0691013641047,1.0,1.0
2026-03-22T21:10:07.745-306470-175337,975,false,15.56868815511087,2,1924.0691013641047,1.0,1.0
2026-03-22T21:10:07.745-306470-175337,953,false,0.04121873399192991,2,1924.0691013641047,1.0,1.0
2026-03-22T21:10:07.745-306470-175337,388,false,0.07397924054987001,2,1924.0691013641047,1.0,1.0
2026-03-22T21:10:07.745-306470-175337,722,false,0.6990835742473335,2,1924.0691013641047,1.0,1.0
2026-03-22T21:10:07.745-306470-175337,890,true,0.837679030208071,2,1923.2314223338965,1.0,0.72
2026-03-22T21:10:07.745-306470-175337,188,false,40.21729546529981,2,1923.2314223338965,1.0,1.0
2026-03-22T21:10:07.745-306470-175337,271,false,114.60493327177012,2,1923.2314223338965,1.0,1.0
2026-03-22T21:10:07.745-306470-175337,47,false,11.43265242967136,2,1923.2314223338965,1.0,1.0
2026-03-22T21:10:07.745-306470-175337,963,true,5.685757082300936,2,1917.5456652515957,1.0,0.855
2026-03-22T21:10:07.745-306470-175337,266,false,0.6062314959080751,2,1917.5456652515957,1.0,1.0
2026-03-22T21:10:07.745-306470-175337,738,false,0.18513430661191693,2,1917.5456652515957,1.0,1.0
2026-03-22T21:10:07.745-306470-175337,624,true,18.90274465043649,2,1898.6429206011592,1.0,0.7010000000000001
2026-03-22T21:10:07.745-306470-175337,402,false,0.1390562582310181,2,1898.6429206011592,1.0,1.0
2026-03-22T21:10:07.745-306470-175337,589,false,4.035788350392673,2,1898.6429206011592,1.0,1.0
2026-03-22T21:10:07.745-306470-175337,152,true,9.22330204220396,2,1889.419618558955,1.0,0.7
2026-03-22T21:10:07.745-306470-175337,251,false,0.7388383066086225,2,1889.419618558955,1.0,1.0
2026-03-22T21:10:07.745-306470-175337,951,false,0.15429205470033946,2,1889.419618558955,1.0,1.0
2026-03-22T21:10:07.745-306470-175337,508,false,5.256645283450104,2,1889.419618558955,1.0,1.0
2026-03-22T21:10:07.745-306470-175337,149,true,0.20966727730880833,2,1889.2099512816462,1.0,0.0
2026-03-22T21:10:07.745-306470-175337,826,false,4.200589209709803,2,1889.2099512816462,1.0,1.0
2026-03-22T21:10:07.745-306470-175337,540,false,3.6909126133523595,2,1889.2099512816462,1.0,1.0
2026-03-22T21:10:07.745-306470-175337,659,false,0.1240724247237477,2,1889.2099512816462,1.0,1.0
2026-03-22T21:10:07.745-306470-175337,425,false,2.120601243192607,2,1889.2099512816462,1.0,1.0
2026-03-22T21:10:07.745-306470-175337,167,false,31.831059063072242,2,1889.2099512816462,1.0,1.0
2026-03-22T21:10:07.745-306470-175337,54,false,213.80730142966007,2,1889.2099512816462,1.0,1.0
2026-03-22T21:10:07.745-306470-175337,332,false,15.589253932171,2,1889.2099512816462,1.0,1.0
2026-03-22T21:10:07.745-306470-175337,156,false,67.30731020238018,2,1889.2099512816462,1.0,1.0
2026-03-22T21:10:07.745-306470-175337,115,false,60.039473450443445,2,1889.2099512816462,1.0,1.0
2026-03-22T21:10:07.745-306470-175337,250,true,7.37999416540718,2,1881.829957116239,1.0,0.907
2026-03-22T21:10:07.745-306470-175337,416,false,56.26680506935263,2,1881.829957116239,1.0,1.0
2026-03-22T21:10:07.745-306470-175337,179,false,1.0421093144407143,2,1881.829957116239,1.0,1.0
2026-03-22T21:10:07.745-306470-175337,797,true,0.49509673978179886,2,1881.3348603764573,1.0,0.7030000000000001
2026-03-22T21:10:07.745-306470-175337,830,false,7.044340489735619,2,1881.3348603764573,1.0,1.0
2026-03-22T21:10:07.745-306470-175337,56,false,10.369304915353334,2,1881.3348603764573,1.0,1.0
2026-03-22T21:10:07.745-306470-175337,859,false,1.0153092442637313,2,1881.3348603764573,1.0,1.0
2026-03-22T21:10:07.745-306470-175337,698,false,1.0847945747594332,2,1881.3348603764573,1.0,1.0
2026-03-22T21:10:07.745-306470-175337,473,false,0.11145725493341813,2,1881.3348603764573,1.0,1.0
2026-03-22T21:10:07.745-306470-175337,788,false,15.830847720775377,2,1881.3348603764573,1.0,1.0
2026-03-22T21:10:07.745-306470-175337,845,false,1.0593866108861636,2,1881.3348603764573,1.0,1.0
2026-03-22T21:10:07.745-306470-175337,837,false,0.12762013050280652,2,1881.3348603764573,1.0,1.0
2026-03-22T21:10:07.745-306470-175337,854,false,1.0827866944365476,2,1881.3348603764573,1.0,1.0
2026-03-22T21:10:07.745-306470-175337,980,false,42.097403288491776,2,1881.3348603764573,1.0,1.0
2026-03-22T21:10:07.745-306470-175337,238,true,2.1454058654511674,2,1879.189454511006,1.0,0.857
2026-03-22T21:10:07.745-306470-175337,306,true,3.6229227164019027,2,1875.566531794604,1.0,0.712
2026-03-22T21:10:07.745-306470-175337,130,false,64.14696482415461,2,1875.566531794604,1.0,1.0
2026-03-22T21:10:07.745-306470-175337,89,true,27.771071568774744,2,1847.7954602258294,1.0,0.041000000000000036
2026-03-22T21:10:07.745-306470-175337,778,false,2.4307051014661836,2,1847.7954602258294,1.0,1.0
2026-03-22T21:10:07.745-306470-175337,356,false,36.50825415541735,2,1847.7954602258294,1.0,1.0
2026-03-22T21:10:07.745-306470-175337,5,true,5.303654109767851,2,1842.4918061160615,1.0,0.0020000000000000018
2026-03-22T21:10:07.745-306470-175337,974,false,12.666362673270378,2,1842.4918061160615,1.0,1.0
2026-03-22T21:10:07.745-306470-175337,158,false,6.627455347232708,2,1842.4918061160615,1.0,1.0
2026-03-22T21:10:07.745-306470-175337,6,true,11.682791101751134,2,1830.8090150143105,1.0,0.0020000000000000018
2026-03-22T21:10:07.745-306470-175337,552,false,0.20739542481139808,2,1830.8090150143105,1.0,1.0
2026-03-22T21:10:07.745-306470-175337,893,true,1.8477395156371386,2,1828.9612754986733,1.0,0.7070000000000001
2026-03-22T21:10:07.745-306470-175337,692,false,7.9291455057924445,2,1828.9612754986733,1.0,1.0
2026-03-22T21:10:07.745-306470-175337,530,false,7.062896025665983,2,1828.9612754986733,1.0,1.0
2026-03-22T21:10:07.745-306470-175337,454,true,116.11063762198752,2,1712.8506378766858,1.0,0.0020000000000000018
2026-03-22T21:10:07.745-306470-175337,601,true,0.6802711850126221,2,1712.1703666916733,1.0,0.0
2026-03-22T21:10:07.745-306470-175337,582,true,21.177913569072604,2,1690.9924531226006,1.0,0.852
2026-03-22T21:10:07.745-306470-175337,11,false,7.753841956520938,2,1690.9924531226006,1.0,1.0
2026-03-22T21:10:07.745-306470-175337,876,false,2.394401418835015,2,1690.9924531226006,1.0,1.0
2026-03-22T21:10:07.745-306470-175337,324,false,1.3520246686719197,2,1690.9924531226006,1.0,1.0
2026-03-22T21:10:07.745-306470-175337,252,true,230.64991828468118,2,1460.3425348379194,1.0,0.637
2026-03-22T21:10:07.745-306470-175337,909,false,3.0329622570126524,2,1460.3425348379194,1.0,1.0
2026-03-22T21:10:07.745-306470-175337,670,false,625.308218570759,2,1460.3425348379194,1.0,1.0
2026-03-22T21:10:07.745-306470-175337,274,false,35.691223749967016,2,1460.3425348379194,1.0,1.0
2026-03-22T21:10:07.745-306470-175337,877,false,11.543668360175932,2,1460.3425348379194,1.0,1.0
2026-03-22T21:10:07.745-306470-175337,981,false,0.15209048012309018,2,1460.3425348379194,1.0,1.0
2026-03-22T21:10:07.745-306470-175337,403,false,14.134480708383549,2,1460.3425348379194,1.0,1.0
2026-03-22T21:10:07.745-306470-175337,222,false,0.546814798643393,2,1460.3425348379194,1.0,1.0
2026-03-22T21:10:07.745-306470-175337,276,false,0.6457267679141033,2,1460.3425348379194,1.0,1.0
2026-03-22T21:10:07.745-306470-175337,450,false,0.1475266996395015,2,1460.3425348379194,1.0,1.0
2026-03-22T21:10:07.745-306470-175337,770,false,0.15031500021875047,2,1460.3425348379194,1.0,1.0
2026-03-22T21:10:07.745-306470-175337,828,false,0.39307623735580344,2,1460.3425348379194,1.0,1.0
2026-03-22T21:10:07.745-306470-175337,239,true,17.46452097874271,2,1442.8780138591767,1.0,0.0010000000000000009
2026-03-22T21:10:07.745-306470-175337,456,true,25.269118763298163,2,1417.6088950958786,1.0,0.0010000000000000009
2026-03-22T21:10:07.745-306470-175337,284,true,2.171944070009299,2,1415.4369510258693,1.0,0.0040000000000000036
2026-03-22T21:10:07.745-306470-175337,301,false,0.10997988831273817,2,1415.4369510258693,1.0,1.0
2026-03-22T21:10:07.745-306470-175337,901,false,70.20552919992775,2,1415.4369510258693,1.0,1.0
2026-03-22T21:10:07.745-306470-175337,300,false,37.505580757926985,2,1415.4369510258693,1.0,1.0
2026-03-22T21:10:07.745-306470-175337,968,false,10.487062002740053,2,1415.4369510258693,1.0,1.0
2026-03-22T21:10:07.745-306470-175337,257,false,0.12791814586934652,2,1415.4369510258693,1.0,1.0
2026-03-22T21:10:07.745-306470-175337,943,false,3.8549215553721528,2,1415.4369510258693,1.0,1.0
2026-03-22T21:10:07.745-306470-175337,538,false,1.9098180710776809,2,1415.4369510258693,1.0,1.0
2026-03-22T21:10:07.745-306470-175337,764,false,4.005841278366793,2,1415.4369510258693,1.0,1.0
2026-03-22T21:10:07.745-306470-175337,577,false,4.71991893326357,2,1415.4369510258693,1.0,1.0
2026-03-22T21:10:07.745-306470-175337,256,false,4.070077181668436,2,1415.4369510258693,1.0,1.0
2026-03-22T21:10:07.745-306470-175337,847,false,0.1285905610397327,2,1415.4369510258693,1.0,1.0
2026-03-22T21:10:07.745-306470-175337,187,false,0.4987077499100146,2,1415.4369510258693,1.0,1.0
2026-03-22T21:10:07.745-306470-175337,711,false,13.269979292922441,2,1415.4369510258693,1.0,1.0
2026-03-22T21:10:07.745-306470-175337,680,true,1.135617982323655,2,1414.3013330435456,1.0,0.7070000000000001
2026-03-22T21:10:07.745-306470-175337,147,true,0.3897422256636567,2,1413.911590817882,1.0,0.0
2026-03-22T21:10:07.745-306470-175337,867,false,0.22015592607064807,2,1413.911590817882,1.0,1.0
2026-03-22T21:10:07.745-306470-175337,819,true,17.378061756591084,2,1396.533529061291,1.0,0.0040000000000000036
2026-03-22T21:10:07.745-306470-175337,118,false,27.778138912022158,2,1396.533529061291,1.0,1.0
2026-03-22T21:10:07.745-306470-175337,336,false,3.831674449109413,2,1396.533529061291,1.0,1.0
2026-03-22T21:10:07.745-306470-175337,653,false,26.027395402321655,2,1396.533529061291,1.0,1.0
2026-03-22T21:10:07.745-306470-175337,794,true,4.82273189504983,2,1391.710797166241,1.0,0.7010000000000001
2026-03-22T21:10:07.745-306470-175337,107,true,0.8673396220707928,2,1390.8434575441702,1.0,0.0
2026-03-22T21:10:07.745-306470-175337,742,false,90.07470430648573,2,1390.8434575441702,1.0,1.0
2026-03-22T21:10:07.745-306470-175337,367,false,7.946043416505447,2,1390.8434575441702,1.0,1.0
2026-03-22T21:10:07.745-306470-175337,373,false,7.639331817631423,2,1390.8434575441702,1.0,1.0
2026-03-22T21:10:07.745-306470-175337,219,false,0.43789551561015605,2,1390.8434575441702,1.0,1.0
2026-03-22T21:10:07.745-306470-175337,870,false,13.92643655504969,2,1390.8434575441702,1.0,1.0
2026-03-22T21:10:07.745-306470-175337,42,false,0.1316142715962861,2,1390.8434575441702,1.0,1.0
2026-03-22T21:10:07.745-306470-175337,607,true,1.987776630043402,2,1388.8556809141269,1.0,0.0
2026-03-22T21:10:07.745-306470-175337,397,false,6.052333929767164,2,1388.8556809141269,1.0,1.0
2026-03-22T21:10:07.745-306470-175337,109,true,26.068164709130368,2,1362.7875162049966,1.0,0.0
2026-03-22T21:10:07.745-306470-175337,587,false,51.67046832197618,2,1362.7875162049966,1.0,1.0
2026-03-22T21:10:07.745-306470-175337,739,false,0.14238853824410883,2,1362.7875162049966,1.0,1.0
2026-03-22T21:10:07.745-306470-175337,326,false,2.259253872788954,2,1362.7875162049966,1.0,1.0
2026-03-22T21:10:07.745-306470-175337,352,false,0.15009157396379322,2,1362.7875162049966,1.0,1.0
2026-03-22T21:10:07.745-306470-175337,201,false,10.152704244633808,2,1362.7875162049966,1.0,1.0
2026-03-22T21:10:07.745-306470-175337,385,false,23.692705917630274,2,1362.7875162049966,1.0,1.0
2026-03-22T21:10:07.745-306470-175337,950,false,75.52445293280842,2,1362.7875162049966,1.0,1.0
2026-03-22T21:10:07.745-306470-175337,27,false,1.6072882079227624,2,1362.7875162049966,1.0,1.0
2026-03-22T21:10:07.745-306470-175337,125,false,12.067762227650917,2,1362.7875162049966,1.0,1.0
2026-03-22T21:10:07.745-306470-175337,578,false,3.4694400397007783,2,1362.7875162049966,1.0,1.0
2026-03-22T21:10:07.745-306470-175337,571,false,3.5548221302310767,2,1362.7875162049966,1.0,1.0
2026-03-22T21:10:07.745-306470-175337,448,false,4.6332953878277685,2,1362.7875162049966,1.0,1.0
2026-03-22T21:10:07.745-306470-175337,930,false,0.8983426946540807,2,1362.7875162049966,1.0,1.0
2026-03-22T21:10:07.745-306470-175337,307,false,0.027035733056691196,2,1362.7875162049966,1.0,1.0
2026-03-22T21:10:07.745-306470-175337,927,false,4.545312483805656,2,1362.7875162049966,1.0,1.0
2026-03-22T21:10:07.745-306470-175337,947,false,9.823106078030703,2,1362.7875162049966,1.0,1.0
2026-03-22T21:10:07.745-306470-175337,445,false,0.3604154014702086,2,1362.7875162049966,1.0,1.0
2026-03-22T21:10:07.745-306470-175337,657,false,0.5431202430252028,2,1362.7875162049966,1.0,1.0
2026-03-22T21:10:07.745-306470-175337,359,false,15.444256361844992,2,1362.7875162049966,1.0,1.0
2026-03-22T21:10:07.745-306470-175337,435,true,2.1032155045660823,2,1360.6843007004304,1.0,0.7170000000000001
2026-03-22T21:10:07.745-306470-175337,76,false,7.413929089387639,2,1360.6843007004304,1.0,1.0
2026-03-22T21:10:07.745-306470-175337,791,true,10.59352826055162,2,1350.0907724398787,1.0,0.708
2026-03-22T21:10:07.745-306470-175337,178,false,1.9033208779563489,2,1350.0907724398787,1.0,1.0
2026-03-22T21:10:07.745-306470-175337,993,false,3.9245406743142945,2,1350.0907724398787,1.0,1.0
2026-03-22T21:10:07.745-306470-175337,79,false,12.451972867349944,2,1350.0907724398787,1.0,1.0
2026-03-22T21:10:07.745-306470-175337,880,false,11.247131095153183,2,1350.0907724398787,1.0,1.0
2026-03-22T21:10:07.745-306470-175337,565,false,2.6386581625048846,2,1350.0907724398787,1.0,1.0
2026-03-22T21:10:07.745-306470-175337,588,false,5.305189736309646,2,1350.0907724398787,1.0,1.0
2026-03-22T21:10:07.745-306470-175337,566,false,1.9341332479350974,2,1350.0907724398787,1.0,1.0
2026-03-22T21:10:07.745-306470-175337,444,false,102.55255201821403,2,1350.0907724398787,1.0,1.0
2026-03-22T21:10:07.745-306470-175337,203,false,29.398395179213015,2,1350.0907724398787,1.0,1.0
2026-03-22T21:10:07.745-306470-175337,713,false,4.026891812107857,2,1350.0907724398787,1.0,1.0
2026-03-22T21:10:07.745-306470-175337,264,false,3.856674416516124,2,1350.0907724398787,1.0,1.0
2026-03-22T21:10:07.745-306470-175337,413,false,12.205754981572179,2,1350.0907724398787,1.0,1.0
2026-03-22T21:10:07.745-306470-175337,900,false,1.3771392182236177,2,1350.0907724398787,1.0,1.0
2026-03-22T21:10:07.745-306470-175337,849,false,9.272311215561135,2,1350.0907724398787,1.0,1.0
2026-03-22T21:10:07.745-306470-175337,579,true,1.8953827604500444,2,1348.1953896794287,1.0,0.729
2026-03-22T21:10:07.745-306470-175337,547,true,1.4177827329270634,2,1346.7776069465017,1.0,0.0
2026-03-22T21:10:07.745-306470-175337,432,true,0.7196102942680269,2,1346.0579966522337,1.0,0.7010000000000001
2026-03-22T21:10:07.745-306470-175337,872,false,1.6228817542088751,2,1346.0579966522337,1.0,1.0
2026-03-22T21:10:07.745-306470-175337,556,false,16.787942858415615,2,1346.0579966522337,1.0,1.0
2026-03-22T21:10:07.745-306470-175337,199,false,1.3283030158310334,2,1346.0579966522337,1.0,1.0
2026-03-22T21:10:07.745-306470-175337,433,true,25.562874486511824,2,1320.4951221657218,1.0,0.0030000000000000027
2026-03-22T21:10:07.745-306470-175337,903,false,4.657769333748462,2,1320.4951221657218,1.0,1.0
2026-03-22T21:10:07.745-306470-175337,489,false,4.751605922822709,2,1320.4951221657218,1.0,1.0
2026-03-22T21:10:07.745-306470-175337,524,false,0.49723989499261106,2,1320.4951221657218,1.0,1.0
2026-03-22T21:10:07.745-306470-175337,964,true,10.170583900217002,2,1310.3245382655048,1.0,0.712
2026-03-22T21:10:07.745-306470-175337,475,false,0.9220196145048055,2,1310.3245382655048,1.0,1.0
2026-03-22T21:10:07.745-306470-175337,529,false,142.864614082296,2,1310.3245382655048,1.0,1.0
2026-03-22T21:10:07.745-306470-175337,567,false,1.5564395464793461,2,1310.3245382655048,1.0,1.0
2026-03-22T21:10:07.745-306470-175337,232,true,2.984225027709407,2,1307.3403132377953,1.0,0.727
2026-03-22T21:10:07.745-306470-175337,363,false,2.376141164488923,2,1307.3403132377953,1.0,1.0
2026-03-22T21:10:07.745-306470-175337,785,false,27.88713661309228,2,1307.3403132377953,1.0,1.0
2026-03-22T21:10:07.745-306470-175337,216,false,1.0192218603564054,2,1307.3403132377953,1.0,1.0
2026-03-22T21:10:07.745-306470-175337,295,false,12.165653020650272,2,1307.3403132377953,1.0,1.0
2026-03-22T21:10:07.745-306470-175337,637,false,0.5172110881001936,2,1307.3403132377953,1.0,1.0
2026-03-22T21:10:07.745-306470-175337,734,false,36.42537221817004,2,1307.3403132377953,1.0,1.0
2026-03-22T21:10:07.745-306470-175337,527,false,0.52849916354147,2,1307.3403132377953,1.0,1.0
2026-03-22T21:10:07.745-306470-175337,668,false,4.267785776539625,2,1307.3403132377953,1.0,1.0
2026-03-22T21:10:07.745-306470-175337,339,false,0.5784733012711613,2,1307.3403132377953,1.0,1.0
2026-03-22T21:10:07.745-306470-175337,537,false,72.05439935673081,2,1307.3403132377953,1.0,1.0
2026-03-22T21:10:07.745-306470-175337,684,true,0.4447616830484702,2,1306.8955515547468,1.0,0.841
2026-03-22T21:10:07.745-306470-175337,227,false,0.12279519773609965,2,1306.8955515547468,1.0,1.0
2026-03-22T21:10:07.745-306470-175337,53,false,21.59465767613492,2,1306.8955515547468,1.0,1.0
2026-03-22T21:10:07.745-306470-175337,225,false,0.4016843240496364,2,1306.8955515547468,1.0,1.0
2026-03-22T21:10:07.745-306470-175337,519,false,15.170868353583767,2,1306.8955515547468,1.0,1.0
2026-03-22T21:10:07.745-306470-175337,341,false,7.8706098375338165,2,1306.8955515547468,1.0,1.0
2026-03-22T21:10:07.745-306470-175337,230,true,1.097884110489131,2,1305.7976674442577,1.0,0.0050000000000000044
2026-03-22T21:10:07.745-306470-175337,113,true,87.8797962241374,2,1217.9178712201203,1.0,0.688
2026-03-22T21:10:07.745-306470-175337,745,false,2.2091065621369523,2,1217.9178712201203,1.0,1.0
2026-03-22T21:10:07.745-306470-175337,4,true,22.36948429031452,2,1195.5483869298057,1.0,0.0
2026-03-22T21:10:07.745-306470-175337,911,false,6.637812936607587,2,1195.5483869298057,1.0,1.0
2026-03-22T21:10:07.745-306470-175337,905,false,0.29574065200592026,2,1195.5483869298057,1.0,1.0
2026-03-22T21:10:07.745-306470-175337,449,true,3.065291019820431,2,1192.4830959099852,1.0,0.7170000000000001
2026-03-22T21:10:07.745-306470-175337,861,false,6.659165150966899,2,1192.4830959099852,1.0,1.0
2026-03-22T21:10:07.745-306470-175337,923,false,0.4861149254512584,2,1192.4830959099852,1.0,1.0
2026-03-22T21:10:07.745-306470-175337,84,false,0.2576040109632174,2,1192.4830959099852,1.0,1.0
2026-03-22T21:10:07.745-306470-175337,355,false,26.275651988256634,2,1192.4830959099852,1.0,1.0
2026-03-22T21:10:07.745-306470-175337,725,false,0.9514805343959227,2,1192.4830959099852,1.0,1.0
2026-03-22T21:10:07.745-306470-175337,883,true,5.230523584213893,2,1187.2525723257713,1.0,0.0040000000000000036
2026-03-22T21:10:07.745-306470-175337,871,false,2.431989121827234,2,1187.2525723257713,1.0,1.0
2026-03-22T21:10:07.745-306470-175337,123,false,0.5155245538950954,2,1187.2525723257713,1.0,1.0
2026-03-22T21:10:07.745-306470-175337,523,false,0.6126708711117171,2,1187.2525723257713,1.0,1.0
2026-03-22T21:10:07.745-306470-175337,293,false,0.029574496940839013,2,1187.2525723257713,1.0,1.0
2026-03-22T21:10:07.745-306470-175337,723,false,9.727883463524542,2,1187.2525723257713,1.0,1.0
2026-03-22T21:10:07.745-306470-175337,259,false,0.36059782910665944,2,1187.2525723257713,1.0,1.0
2026-03-22T21:10:07.745-306470-175337,234,true,1.4434501919333789,2,1185.809122133838,1.0,0.0
2026-03-22T21:10:07.745-306470-175337,998,true,5.8026952326215016,2,1180.0064269012164,1.0,0.0
2026-03-22T21:10:07.745-306470-175337,863,false,40.932990221599674,2,1180.0064269012164,1.0,1.0
2026-03-22T21:10:07.745-306470-175337,195,false,1.7074801520621763,2,1180.0064269012164,1.0,1.0
2026-03-22T21:10:07.745-306470-175337,486,false,3.75450351200289,2,1180.0064269012164,1.0,1.0
2026-03-22T21:10:07.745-306470-175337,733,false,2.076527683894214,2,1180.0064269012164,1.0,1.0
2026-03-22T21:10:07.745-306470-175337,197,false,6.8164679148047105,2,1180.0064269012164,1.0,1.0
2026-03-22T21:10:07.745-306470-175337,45,false,6.039441871695574,2,1180.0064269012164,1.0,1.0
2026-03-22T21:10:07.745-306470-175337,954,false,0.5807726229686939,2,1180.0064269012164,1.0,1.0
2026-03-22T21:10:07.745-306470-175337,766,false,0.14418700430507822,2,1180.0064269012164,1.0,1.0
2026-03-22T21:10:07.745-306470-175337,78,false,1.6111031727451364,2,1180.0064269012164,1.0,1.0
2026-03-22T21:10:07.745-306470-175337,365,false,1.116581196818153,2,1180.0064269012164,1.0,1.0
2026-03-22T21:10:07.745-306470-175337,502,false,0.3086493274442268,2,1180.0064269012164,1.0,1.0
2026-03-22T21:10:07.745-306470-175337,345,false,2.671105252761055,2,1180.0064269012164,1.0,1.0
2026-03-22T21:10:07.745-306470-175337,522,false,1.5296632965886023,2,1180.0064269012164,1.0,1.0
2026-03-22T21:10:07.745-306470-175337,224,false,2.843829760780233,2,1180.0064269012164,1.0,1.0
2026-03-22T21:10:07.745-306470-175337,138,false,0.7180692703400321,2,1180.0064269012164,1.0,1.0
2026-03-22T21:10:07.745-306470-175337,335,false,1.8973384798742259,2,1180.0064269012164,1.0,1.0
2026-03-22T21:10:07.745-306470-175337,392,false,12.865099065056526,2,1180.0064269012164,1.0,1.0
2026-03-22T21:10:07.745-306470-175337,299,false,2.0013570718939278,2,1180.0064269012164,1.0,1.0
2026-03-22T21:10:07.745-306470-175337,846,false,4.693403897077417,2,1180.0064269012164,1.0,1.0
2026-03-22T21:10:07.745-306470-175337,681,true,119.81483285254616,2,1060.1915940486701,1.0,0.0
2026-03-22T21:10:07.745-306470-175337,944,false,0.22182395408425254,2,1060.1915940486701,1.0,1.0
2026-03-22T21:10:07.745-306470-175337,769,false,5.3870555942556635,2,1060.1915940486701,1.0,1.0
2026-03-22T21:10:07.745-306470-175337,829,false,0.32931524263334905,2,1060.1915940486701,1.0,1.0
2026-03-22T21:10:07.745-306470-175337,658,false,0.3174819431400819,2,1060.1915940486701,1.0,1.0
2026-03-22T21:10:07.745-306470-175337,638,false,28.20147739060569,2,1060.1915940486701,1.0,1.0
2026-03-22T21:10:07.745-306470-175337,994,true,0.24324798024788077,2,1059.9483460684223,1.0,0.736
2026-03-22T21:10:07.745-306470-175337,712,false,3.7687134591802676,2,1059.9483460684223,1.0,1.0
2026-03-22T21:10:07.745-306470-175337,751,false,112.49410135496834,2,1059.9483460684223,1.0,1.0
2026-03-22T21:10:07.745-306470-175337,228,true,2.699790914211555,2,1057.2485551542109,1.0,0.7110000000000001
2026-03-22T21:10:07.745-306470-175337,415,false,11.016944525600023,2,1057.2485551542109,1.0,1.0
2026-03-22T21:10:07.745-306470-175337,322,false,0.8045080263637386,2,1057.2485551542109,1.0,1.0
2026-03-22T21:10:07.745-306470-175337,172,false,1.61324112898815,2,1057.2485551542109,1.0,1.0
2026-03-22T21:10:07.745-306470-175337,26,false,0.026831666797777712,2,1057.2485551542109,1.0,1.0
2026-03-22T21:10:07.745-306470-175337,827,false,52.78026732229975,2,1057.2485551542109,1.0,1.0
2026-03-22T21:10:07.745-306470-175337,304,true,1.3460947487518098,2,1055.9024604054591,1.0,0.72
2026-03-22T21:10:07.745-306470-175337,938,false,3.989804451530277,2,1055.9024604054591,1.0,1.0
2026-03-22T21:10:07.745-306470-175337,122,false,0.17368332810494577,2,1055.9024604054591,1.0,1.0
2026-03-22T21:10:07.745-306470-175337,525,false,13.170145849354038,2,1055.9024604054591,1.0,1.0
2026-03-22T21:10:07.745-306470-175337,694,false,3.4054229583854534,2,1055.9024604054591,1.0,1.0
2026-03-22T21:10:07.745-306470-175337,494,false,22.755797026822446,2,1055.9024604054591,1.0,1.0
2026-03-22T21:10:07.745-306470-175337,598,true,0.6895840117945236,2,1055.2128763936646,1.0,0.0030000000000000027
2026-03-22T21:10:07.745-306470-175337,23,false,60.095643371151986,2,1055.2128763936646,1.0,1.0
2026-03-22T21:10:07.745-306470-175337,955,false,22.93234491118716,2,1055.2128763936646,1.0,1.0
2026-03-22T21:10:07.745-306470-175337,663,false,2.6589974846025775,2,1055.2128763936646,1.0,1.0
2026-03-22T21:10:07.745-306470-175337,206,false,0.27705150962198616,2,1055.2128763936646,1.0,1.0
2026-03-22T21:10:07.745-306470-175337,928,false,0.3361715159391615,2,1055.2128763936646,1.0,1.0
2026-03-22T21:10:07.745-306470-175337,984,false,18.274317799026775,2,1055.2128763936646,1.0,1.0
2026-03-22T21:10:07.745-306470-175337,899,false,9.116765057183217,2,1055.2128763936646,1.0,1.0
2026-03-22T21:10:07.745-306470-175337,478,false,21.200282227171733,2,1055.2128763936646,1.0,1.0
2026-03-22T21:10:07.745-306470-175337,705,false,13.264646526632497,2,1055.2128763936646,1.0,1.0
2026-03-22T21:10:07.745-306470-175337,960,true,1.603152442356628,2,1053.609723951308,1.0,0.7090000000000001
2026-03-22T21:10:07.745-306470-175337,678,true,7.3517981556511725,2,1046.257925795657,1.0,0.0
2026-03-22T21:10:07.745-306470-175337,902,false,1.5558566035792196,2,1046.257925795657,1.0,1.0
2026-03-22T21:10:07.745-306470-175337,971,false,31.848309470955943,2,1046.257925795657,1.0,1.0
2026-03-22T21:10:07.745-306470-175337,273,false,11.63048058862244,2,1046.257925795657,1.0,1.0
2026-03-22T21:10:07.745-306470-175337,154,true,41.91514973388657,2,1004.3427760617705,1.0,0.836
2026-03-22T21:10:07.745-306470-175337,235,true,1.9742625665582816,2,1002.3685134952121,1.0,0.0
2026-03-22T21:10:07.745-306470-175337,114,true,49.4525662999022,2,952.91594719531,1.0,0.846
2026-03-22T21:10:07.745-306470-175337,544,true,0.2682005904978204,2,952.6477466048121,1.0,0.0020000000000000018
2026-03-22T21:10:07.745-306470-175337,194,false,6.76823293395174,2,952.6477466048121,1.0,1.0
2026-03-22T21:10:07.745-306470-175337,748,false,3.4663072372929196,2,952.6477466048121,1.0,1.0
2026-03-22T21:10:07.745-306470-175337,860,false,2.8406231693872837,2,952.6477466048121,1.0,1.0
2026-03-22T21:10:07.745-306470-175337,208,false,1.792909346771138,2,952.6477466048121,1.0,1.0
2026-03-22T21:10:07.745-306470-175337,354,true,283.578663462563,2,669.0690831422492,1.0,0.876
2026-03-22T21:10:07.745-306470-175337,282,true,7.46294583037329,2,661.6061373118758,1.0,0.0
2026-03-22T21:10:07.745-306470-175337,533,false,0.31064950490456106,2,661.6061373118758,1.0,1.0
2026-03-22T21:10:07.745-306470-175337,86,false,0.16582950324109358,2,661.6061373118758,1.0,1.0
2026-03-22T21:10:07.745-306470-175337,952,false,0.3353709452945862,2,661.6061373118758,1.0,1.0
2026-03-22T21:10:07.745-306470-175337,933,false,2.3880967005988283,2,661.6061373118758,1.0,1.0
2026-03-22T21:10:07.745-306470-175337,743,true,3.08373755462726,2,658.5223997572485,1.0,0.999
2026-03-22T21:10:07.745-306470-175337,731,false,3.001995721241173,2,658.5223997572485,1.0,1.0
2026-03-22T21:10:07.745-306470-175337,822,true,6.965147211178522,2,651.55725254607,1.0,0.7090000000000001
2026-03-22T21:10:07.745-306470-175337,33,false,0.10428172412056877,2,651.55725254607,1.0,1.0
2026-03-22T21:10:07.745-306470-175337,672,false,0.17579732846357368,2,651.55725254607,1.0,1.0
2026-03-22T21:10:07.745-306470-175337,629,false,0.9826042962796956,2,651.55725254607,1.0,1.0
2026-03-22T21:10:07.745-306470-175337,124,false,5.520069765142573,2,651.55725254607,1.0,1.0
2026-03-22T21:10:07.745-306470-175337,832,false,7.623290859709899,2,651.55725254607,1.0,1.0
2026-03-22T21:10:07.745-306470-175337,746,true,530.9294248355461,2,120.62782771052389,1.0,0.5349999999999999
2026-03-22T21:10:07.745-306470-175337,937,false,3.5423542302853965,2,120.62782771052389,1.0,1.0
2026-03-22T21:10:07.745-306470-175337,183,false,55.63071448293287,2,120.62782771052389,1.0,1.0
2026-03-22T21:10:07.745-306470-175337,126,false,73.67876201600684,2,120.62782771052389,1.0,1.0
2026-03-22T21:10:07.745-306470-175337,210,false,29.169955904240016,2,120.62782771052389,1.0,1.0
2026-03-22T21:10:07.745-306470-175337,599,true,3.2747921396012165,2,117.35303557092267,1.0,0.0
2026-03-22T21:10:07.745-306470-175337,94,true,2.104995643553066,2,115.2480399273696,1.0,0.6859999999999999
2026-03-22T21:10:07.745-306470-175337,214,false,0.3226165757662237,2,115.2480399273696,1.0,1.0
2026-03-22T21:10:07.745-306470-175337,772,false,3.2006544061854645,2,115.2480399273696,1.0,1.0
2026-03-22T21:10:07.745-306470-175337,59,false,0.3093909613051489,2,115.2480399273696,1.0,1.0
2026-03-22T21:10:07.745-306470-175337,821,true,22.4809317296092,2,92.76710819776041,1.0,0.0
2026-03-22T21:10:07.745-306470-175337,932,false,32.241984198857,2,92.76710819776041,1.0,1.0
2026-03-22T21:10:07.745-306470-175337,175,false,22.63632166353267,2,92.76710819776041,1.0,1.0
2026-03-22T21:10:07.745-306470-175337,151,true,5.189704923773736,2,87.57740327398668,1.0,0.0
2026-03-22T21:10:07.745-306470-175337,468,false,0.11019180790501877,2,87.57740327398668,1.0,1.0
2026-03-22T21:10:07.745-306470-175337,560,false,148.32953629531912,2,87.57740327398668,1.0,1.0
2026-03-22T21:10:07.745-306470-175337,765,false,21.73123682568564,2,87.57740327398668,1.0,1.0
2026-03-22T21:10:07.745-306470-175337,921,false,0.5726227900955622,2,87.57740327398668,1.0,1.0
2026-03-22T21:10:07.745-306470-175337,977,false,9.583846292976249,2,87.57740327398668,1.0,1.0
2026-03-22T21:10:07.745-306470-175337,366,false,31.383854922361994,2,87.57740327398668,1.0,1.0
2026-03-22T21:10:07.745-306470-175337,209,false,0.9502543370952764,2,87.57740327398668,1.0,1.0
2026-03-22T21:10:07.745-306470-175337,285,true,0.24978790791406785,2,87.3276153660726,1.0,0.0
2026-03-22T21:10:07.745-306470-175337,569,false,1.7126653477618026,2,87.3276153660726,1.0,1.0
2026-03-22T21:10:07.745-306470-175337,275,false,0.270303774782326,2,87.3276153660726,1.0,1.0
2026-03-22T21:10:07.745-306470-175337,961,true,28.27964431987213,2,59.04797104620047,1.0,0.0
2026-03-22T21:10:07.745-306470-175337,97,true,2.0720606459064728,2,56.975910400294,1.0,0.0
2026-03-22T21:10:07.745-306470-175337,838,false,0.29431442521816714,2,56.975910400294,1.0,1.0
2026-03-22T21:10:07.745-306470-175337,483,false,0.3483441502008498,2,56.975910400294,1.0,1.0
2026-03-22T21:10:07.745-306470-175337,253,true,40.24787167196677,2,16.728038728327228,1.0,0.02300000000000002
2026-03-22T21:10:07.745-306470-175337,634,false,0.0903663969140901,2,16.728038728327228,1.0,1.0
2026-03-22T21:10:07.745-306470-175337,550,true,5.491331389662305,2,11.236707338664923,1.0,0.0
2026-03-22T21:10:07.745-306470-175337,65,false,0.05488676644312715,2,11.236707338664923,1.0,1.0
2026-03-22T21:10:07.745-306470-175337,407,false,5.949616937385515,2,11.236707338664923,1.0,1.0
2026-03-22T21:10:07.745-306470-175337,395,false,11.67740482972294,2,11.236707338664923,1.0,1.0
2026-03-22T21:10:07.745-306470-175337,990,false,3.151538515606438,2,11.236707338664923,1.0,1.0
2026-03-22T21:10:07.745-306470-175337,754,false,0.021268799123955504,2,11.236707338664923,1.0,1.0
2026-03-22T21:10:07.745-306470-175337,254,true,2.134640903563689,2,9.102066435101234,1.0,0.0010000000000000009
2026-03-22T21:10:07.745-306470-175337,701,false,2.7656655586551953,2,9.102066435101234,1.0,1.0
2026-03-22T21:10:07.745-306470-175337,753,false,0.11391520726364249,2,9.102066435101234,1.0,1.0
2026-03-22T21:10:07.745-306470-175337,170,false,6.0598855660431985,2,9.102066435101234,1.0,1.0
2026-03-22T21:10:07.745-306470-175337,780,false,24.167225288451817,2,9.102066435101234,1.0,1.0
2026-03-22T21:10:07.745-306470-175337,721,true,11.750971846055156,2,-2.6489054109539225,1.0,0.851
2026-03-22T21:10:07.745-705391-778512,452,false,1.2318222398012013,1,3942.3942804180183,1.0,1.0
2026-03-22T21:10:07.745-705391-778512,17,false,2.1526570724308782,1,3942.3942804180183,1.0,1.0
2026-03-22T21:10:07.745-705391-778512,35,false,13.95902538344086,1,3942.3942804180183,1.0,1.0
2026-03-22T21:10:07.745-705391-778512,202,false,2.5614687797113977,1,3942.3942804180183,1.0,1.0
2026-03-22T21:10:07.745-705391-778512,990,false,0.2496569551154959,1,3942.3942804180183,1.0,1.0
2026-03-22T21:10:07.745-705391-778512,212,false,0.5312440467708707,1,3942.3942804180183,1.0,1.0
2026-03-22T21:10:07.745-705391-778512,75,false,17.99772817391174,1,3942.3942804180183,1.0,1.0
2026-03-22T21:10:07.745-705391-778512,7,false,2.3807179149716826,1,3942.3942804180183,1.0,1.0
2026-03-22T21:10:07.745-705391-778512,970,false,0.8995120846238864,1,3942.3942804180183,1.0,1.0
2026-03-22T21:10:07.745-705391-778512,806,false,4.802534303235588,1,3942.3942804180183,1.0,1.0
2026-03-22T21:10:07.745-705391-778512,284,false,0.7188960177886009,1,3942.3942804180183,1.0,1.0
2026-03-22T21:10:07.745-705391-778512,769,false,0.41693729046719424,1,3942.3942804180183,1.0,1.0
2026-03-22T21:10:07.745-705391-778512,708,false,1.4262145443993355,1,3942.3942804180183,1.0,1.0
2026-03-22T21:10:07.745-705391-778512,336,false,0.808845693281614,1,3942.3942804180183,1.0,1.0
2026-03-22T21:10:07.745-705391-778512,836,false,18.908690411212127,1,3942.3942804180183,1.0,1.0
2026-03-22T21:10:07.745-705391-778512,590,false,1.578212187704368,1,3942.3942804180183,1.0,1.0
2026-03-22T21:10:07.745-705391-778512,76,false,1.7601237816454862,1,3942.3942804180183,1.0,1.0
2026-03-22T21:10:07.745-705391-778512,479,false,3.420013623612523,1,3942.3942804180183,1.0,1.0
2026-03-22T21:10:07.745-705391-778512,417,false,1.9030534865633018,1,3942.3942804180183,1.0,1.0
2026-03-22T21:10:07.745-705391-778512,553,false,363.9031022723775,1,3942.3942804180183,1.0,1.0
2026-03-22T21:10:07.745-705391-778512,871,false,0.17741117728688577,1,3942.3942804180183,1.0,1.0
2026-03-22T21:10:07.745-705391-778512,237,false,0.8128755751266646,1,3942.3942804180183,1.0,1.0
2026-03-22T21:10:07.745-705391-778512,363,false,6.787843129745291,1,3942.3942804180183,1.0,1.0
2026-03-22T21:10:07.745-705391-778512,315,false,2.8424137126354725,1,3942.3942804180183,1.0,1.0
2026-03-22T21:10:07.745-705391-778512,639,false,1.2066080919693882,1,3942.3942804180183,1.0,1.0
2026-03-22T21:10:07.745-705391-778512,570,false,10.249156956946193,1,3942.3942804180183,1.0,1.0
2026-03-22T21:10:07.745-705391-778512,904,false,1.0226174415233098,1,3942.3942804180183,1.0,1.0
2026-03-22T21:10:07.745-705391-778512,865,false,0.5447497573560545,1,3942.3942804180183,1.0,1.0
2026-03-22T21:10:07.745-705391-778512,62,false,0.18176040880439492,1,3942.3942804180183,1.0,1.0
2026-03-22T21:10:07.745-705391-778512,863,false,3.710098651405153,1,3942.3942804180183,1.0,1.0
2026-03-22T21:10:07.745-705391-778512,583,false,1.2958025505615192,1,3942.3942804180183,1.0,1.0
2026-03-22T21:10:07.745-705391-778512,485,false,1.2783922303249202,1,3942.3942804180183,1.0,1.0
2026-03-22T21:10:07.745-705391-778512,646,true,2.6130983485347286,1,3939.7811820694837,1.0,0.7090000000000001
2026-03-22T21:10:07.745-705391-778512,671,false,10.013272910881788,1,3939.7811820694837,1.0,1.0
2026-03-22T21:10:07.745-705391-778512,752,false,0.49981598590001036,1,3939.7811820694837,1.0,1.0
2026-03-22T21:10:07.745-705391-778512,261,false,203.8397960736547,1,3939.7811820694837,1.0,1.0
2026-03-22T21:10:07.745-705391-778512,817,false,0.2891691968241543,1,3939.7811820694837,1.0,1.0
2026-03-22T21:10:07.745-705391-778512,255,false,6.91960907583798,1,3939.7811820694837,1.0,1.0
2026-03-22T21:10:07.745-705391-778512,248,false,22.624988306780395,1,3939.7811820694837,1.0,1.0
2026-03-22T21:10:07.745-705391-778512,615,false,12.50226284795505,1,3939.7811820694837,1.0,1.0
2026-03-22T21:10:07.745-705391-778512,864,false,0.32418553911402415,1,3939.7811820694837,1.0,1.0
2026-03-22T21:10:07.745-705391-778512,839,false,11.421199157243617,1,3939.7811820694837,1.0,1.0
2026-03-22T21:10:07.745-705391-778512,622,false,0.1575760767817084,1,3939.7811820694837,1.0,1.0
2026-03-22T21:10:07.745-705391-778512,400,false,6.919912875638601,1,3939.7811820694837,1.0,1.0
2026-03-22T21:10:07.745-705391-778512,578,false,17.829567919586474,1,3939.7811820694837,1.0,1.0
2026-03-22T21:10:07.745-705391-778512,828,false,0.26403062674986444,1,3939.7811820694837,1.0,1.0
2026-03-22T21:10:07.745-705391-778512,493,false,16.32710163038801,1,3939.7811820694837,1.0,1.0
2026-03-22T21:10:07.745-705391-778512,933,false,11.460617729981312,1,3939.7811820694837,1.0,1.0
2026-03-22T21:10:07.745-705391-778512,471,true,1.3691570674559248,1,3938.412025002028,1.0,0.687
2026-03-22T21:10:07.745-705391-778512,200,false,6.148558671940507,1,3938.412025002028,1.0,1.0
2026-03-22T21:10:07.745-705391-778512,338,false,49.02540082535722,1,3938.412025002028,1.0,1.0
2026-03-22T21:10:07.745-705391-778512,207,false,35.15727797700483,1,3938.412025002028,1.0,1.0
2026-03-22T21:10:07.745-705391-778512,826,false,9.030593792158262,1,3938.412025002028,1.0,1.0
2026-03-22T21:10:07.745-705391-778512,290,false,0.3447827267562331,1,3938.412025002028,1.0,1.0
2026-03-22T21:10:07.745-705391-778512,395,false,1.2766731331742613,1,3938.412025002028,1.0,1.0
2026-03-22T21:10:07.745-705391-778512,110,false,0.330806743424727,1,3938.412025002028,1.0,1.0
2026-03-22T21:10:07.745-705391-778512,813,false,0.6526505319886574,1,3938.412025002028,1.0,1.0
2026-03-22T21:10:07.745-705391-778512,596,false,6.31556695099873,1,3938.412025002028,1.0,1.0
2026-03-22T21:10:07.745-705391-778512,397,false,0.1298169336604557,1,3938.412025002028,1.0,1.0
2026-03-22T21:10:07.745-705391-778512,821,false,0.4440725807334803,1,3938.412025002028,1.0,1.0
2026-03-22T21:10:07.745-705391-778512,660,false,4.6716143367655265,1,3938.412025002028,1.0,1.0
2026-03-22T21:10:07.745-705391-778512,664,false,0.3503910594696029,1,3938.412025002028,1.0,1.0
2026-03-22T21:10:07.745-705391-778512,63,false,28.111636395315994,1,3938.412025002028,1.0,1.0
2026-03-22T21:10:07.745-705391-778512,745,false,11.837848664663941,1,3938.412025002028,1.0,1.0
2026-03-22T21:10:07.745-705391-778512,24,false,16.16448221845528,1,3938.412025002028,1.0,1.0
2026-03-22T21:10:07.745-705391-778512,729,false,17.247394982161627,1,3938.412025002028,1.0,1.0
2026-03-22T21:10:07.745-705391-778512,909,false,2.3498617800041024,1,3938.412025002028,1.0,1.0
2026-03-22T21:10:07.745-705391-778512,762,false,22.65084432815142,1,3938.412025002028,1.0,1.0
2026-03-22T21:10:07.745-705391-778512,905,false,0.7649355100544734,1,3938.412025002028,1.0,1.0
2026-03-22T21:10:07.745-705391-778512,240,false,0.527329924670112,1,3938.412025002028,1.0,1.0
2026-03-22T21:10:07.745-705391-778512,653,false,0.5993285559341995,1,3938.412025002028,1.0,1.0
2026-03-22T21:10:07.745-705391-778512,71,false,13.999990942590236,1,3938.412025002028,1.0,1.0
2026-03-22T21:10:07.745-705391-778512,28,false,0.06684698676473981,1,3938.412025002028,1.0,1.0
2026-03-22T21:10:07.745-705391-778512,883,false,8.324218902752726,1,3938.412025002028,1.0,1.0
2026-03-22T21:10:07.745-705391-778512,480,false,3.9075117518921014,1,3938.412025002028,1.0,1.0
2026-03-22T21:10:07.745-705391-778512,430,false,13.286296179875958,1,3938.412025002028,1.0,1.0
2026-03-22T21:10:07.745-705391-778512,802,false,1.7804062089994082,1,3938.412025002028,1.0,1.0
2026-03-22T21:10:07.745-705391-778512,368,false,0.006424366577212016,1,3938.412025002028,1.0,1.0
2026-03-22T21:10:07.745-705391-778512,529,false,143.69206817981973,1,3938.412025002028,1.0,1.0
2026-03-22T21:10:07.745-705391-778512,873,false,1.6366905165633518,1,3938.412025002028,1.0,1.0
2026-03-22T21:10:07.745-705391-778512,267,false,3.639532011257398,1,3938.412025002028,1.0,1.0
2026-03-22T21:10:07.745-705391-778512,370,false,0.455275066291987,1,3938.412025002028,1.0,1.0
2026-03-22T21:10:07.745-705391-778512,473,true,0.33808719550151756,1,3938.0739378065264,1.0,0.0
2026-03-22T21:10:07.745-705391-778512,221,false,588.728943788081,1,3938.0739378065264,1.0,1.0
2026-03-22T21:10:07.745-705391-778512,352,false,1.6796278648784049,1,3938.0739378065264,1.0,1.0
2026-03-22T21:10:07.745-705391-778512,367,false,3.1798947218385227,1,3938.0739378065264,1.0,1.0
2026-03-22T21:10:07.745-705391-778512,684,false,17.894671196165806,1,3938.0739378065264,1.0,1.0
2026-03-22T21:10:07.745-705391-778512,376,false,0.058011716858659974,1,3938.0739378065264,1.0,1.0
2026-03-22T21:10:07.745-705391-778512,695,false,0.345276736900684,1,3938.0739378065264,1.0,1.0
2026-03-22T21:10:07.745-705391-778512,955,false,18.72641784371998,1,3938.0739378065264,1.0,1.0
2026-03-22T21:10:07.745-705391-778512,14,false,1.8715083349030166,1,3938.0739378065264,1.0,1.0
2026-03-22T21:10:07.745-705391-778512,561,false,2.4362303688056777,1,3938.0739378065264,1.0,1.0
2026-03-22T21:10:07.745-705391-778512,330,false,2.761432585646215,1,3938.0739378065264,1.0,1.0
2026-03-22T21:10:07.745-705391-778512,741,false,4.742941873981703,1,3938.0739378065264,1.0,1.0
2026-03-22T21:10:07.745-705391-778512,820,false,47.98305736982665,1,3938.0739378065264,1.0,1.0
2026-03-22T21:10:07.745-705391-778512,403,false,18.881035761588272,1,3938.0739378065264,1.0,1.0
2026-03-22T21:10:07.745-705391-778512,349,false,1.8875848167168152,1,3938.0739378065264,1.0,1.0
2026-03-22T21:10:07.745-705391-778512,894,false,0.7882880832752737,1,3938.0739378065264,1.0,1.0
2026-03-22T21:10:07.745-705391-778512,56,false,2.062581388770672,1,3938.0739378065264,1.0,1.0
2026-03-22T21:10:07.745-705391-778512,635,false,0.431077909853368,1,3938.0739378065264,1.0,1.0
2026-03-22T21:10:07.745-705391-778512,551,false,0.3445428731772904,1,3938.0739378065264,1.0,1.0
2026-03-22T21:10:07.745-705391-778512,468,true,19.615594855560193,1,3918.458342950966,1.0,0.0
2026-03-22T21:10:07.745-705391-778512,778,false,284.7273320323958,1,3918.458342950966,1.0,1.0
2026-03-22T21:10:07.745-705391-778512,348,false,0.49992855004003295,1,3918.458342950966,1.0,1.0
2026-03-22T21:10:07.745-705391-778512,311,false,43.16794886124944,1,3918.458342950966,1.0,1.0
2026-03-22T21:10:07.745-705391-778512,482,false,25.11472811434918,1,3918.458342950966,1.0,1.0
2026-03-22T21:10:07.745-705391-778512,935,false,31.243659086032327,1,3918.458342950966,1.0,1.0
2026-03-22T21:10:07.745-705391-778512,797,false,0.46206685204525955,1,3918.458342950966,1.0,1.0
2026-03-22T21:10:07.745-705391-778512,972,false,2.278280159214959,1,3918.458342950966,1.0,1.0
2026-03-22T21:10:07.745-705391-778512,80,true,371.55167488519413,1,3546.906668065772,1.0,0.999
2026-03-22T21:10:07.745-705391-778512,2,false,4.929503358732801,1,3546.906668065772,1.0,1.0
2026-03-22T21:10:07.745-705391-778512,755,false,143.17145650812623,1,3546.906668065772,1.0,1.0
2026-03-22T21:10:07.745-705391-778512,830,false,0.07993994733999629,1,3546.906668065772,1.0,1.0
2026-03-22T21:10:07.745-705391-778512,850,false,0.25874147035601086,1,3546.906668065772,1.0,1.0
2026-03-22T21:10:07.745-705391-778512,234,false,47.154121862049614,1,3546.906668065772,1.0,1.0
2026-03-22T21:10:07.745-705391-778512,524,false,0.876143357517225,1,3546.906668065772,1.0,1.0
2026-03-22T21:10:07.745-705391-778512,605,false,0.07902748435278523,1,3546.906668065772,1.0,1.0
2026-03-22T21:10:07.745-705391-778512,321,false,77.82891836054681,1,3546.906668065772,1.0,1.0
2026-03-22T21:10:07.745-705391-778512,571,false,65.82362662507163,1,3546.906668065772,1.0,1.0
2026-03-22T21:10:07.745-705391-778512,907,false,0.5855526464476795,1,3546.906668065772,1.0,1.0
2026-03-22T21:10:07.745-705391-778512,851,false,18.437147832707378,1,3546.906668065772,1.0,1.0
2026-03-22T21:10:07.745-705391-778512,131,false,0.20565985736106016,1,3546.906668065772,1.0,1.0
2026-03-22T21:10:07.745-705391-778512,1000,false,3.887490649058654,1,3546.906668065772,1.0,1.0
2026-03-22T21:10:07.745-705391-778512,896,false,2.8595553171017096,1,3546.906668065772,1.0,1.0
2026-03-22T21:10:07.745-705391-778512,104,false,1.4282404731212308,1,3546.906668065772,1.0,1.0
2026-03-22T21:10:07.745-705391-778512,649,true,23.48602079670801,1,3523.420647269064,1.0,0.0010000000000000009
2026-03-22T21:10:07.745-705391-778512,272,true,0.3689128905940395,1,3523.05173437847,1.0,0.6739999999999999
2026-03-22T21:10:07.745-705391-778512,673,false,8.175926028335528,1,3523.05173437847,1.0,1.0
2026-03-22T21:10:07.745-705391-778512,930,false,1.045767779584904,1,3523.05173437847,1.0,1.0
2026-03-22T21:10:07.745-705391-778512,335,false,1.2865422292277733,1,3523.05173437847,1.0,1.0
2026-03-22T21:10:07.745-705391-778512,722,false,0.4276085057855987,1,3523.05173437847,1.0,1.0
2026-03-22T21:10:07.745-705391-778512,34,false,5.194278231268618,1,3523.05173437847,1.0,1.0
2026-03-22T21:10:07.745-705391-778512,72,false,0.09012510691296881,1,3523.05173437847,1.0,1.0
2026-03-22T21:10:07.745-705391-778512,641,false,32.38376917191951,1,3523.05173437847,1.0,1.0
2026-03-22T21:10:07.745-705391-778512,438,false,16.156112085660883,1,3523.05173437847,1.0,1.0
2026-03-22T21:10:07.745-705391-778512,38,false,8.659185907720394,1,3523.05173437847,1.0,1.0
2026-03-22T21:10:07.745-705391-778512,687,false,0.7647632641941472,1,3523.05173437847,1.0,1.0
2026-03-22T21:10:07.745-705391-778512,775,false,0.22150495359748448,1,3523.05173437847,1.0,1.0
2026-03-22T21:10:07.745-705391-778512,789,false,1.0876706399673974,1,3523.05173437847,1.0,1.0
2026-03-22T21:10:07.745-705391-778512,190,false,45.442263233716695,1,3523.05173437847,1.0,1.0
2026-03-22T21:10:07.745-705391-778512,112,false,280.6692601348524,1,3523.05173437847,1.0,1.0
2026-03-22T21:10:07.745-705391-778512,503,false,2.7019245021584344,1,3523.05173437847,1.0,1.0
2026-03-22T21:10:07.745-705391-778512,310,false,0.24180882969340634,1,3523.05173437847,1.0,1.0
2026-03-22T21:10:07.745-705391-778512,171,false,0.4560419406911837,1,3523.05173437847,1.0,1.0
2026-03-22T21:10:07.745-705391-778512,716,false,12.478249788031414,1,3523.05173437847,1.0,1.0
2026-03-22T21:10:07.745-705391-778512,366,false,0.07149525703389206,1,3523.05173437847,1.0,1.0
2026-03-22T21:10:07.745-705391-778512,241,false,17.791497931246862,1,3523.05173437847,1.0,1.0
2026-03-22T21:10:07.745-705391-778512,899,false,4.427313364800087,1,3523.05173437847,1.0,1.0
2026-03-22T21:10:07.745-705391-778512,549,false,77.96851820113586,1,3523.05173437847,1.0,1.0
2026-03-22T21:10:07.745-705391-778512,111,false,16.127333724619625,1,3523.05173437847,1.0,1.0
2026-03-22T21:10:07.745-705391-778512,177,false,1.2994050640278312,1,3523.05173437847,1.0,1.0
2026-03-22T21:10:07.745-705391-778512,247,false,2.434005694498513,1,3523.05173437847,1.0,1.0
2026-03-22T21:10:07.745-705391-778512,791,false,6.144871100041226,1,3523.05173437847,1.0,1.0
2026-03-22T21:10:07.745-705391-778512,627,false,271.39250505235685,1,3523.05173437847,1.0,1.0
2026-03-22T21:10:07.745-705391-778512,757,false,0.007799451822109971,1,3523.05173437847,1.0,1.0
2026-03-22T21:10:07.745-705391-778512,767,false,0.3397498787549837,1,3523.05173437847,1.0,1.0
2026-03-22T21:10:07.745-705391-778512,929,false,0.34410127419331776,1,3523.05173437847,1.0,1.0
2026-03-22T21:10:07.745-705391-778512,166,false,1.069076404543371,1,3523.05173437847,1.0,1.0
2026-03-22T21:10:07.745-705391-778512,402,false,16.716736102225795,1,3523.05173437847,1.0,1.0
2026-03-22T21:10:07.745-705391-778512,859,false,1.73283551357954,1,3523.05173437847,1.0,1.0
2026-03-22T21:10:07.745-705391-778512,505,false,0.3428680340133247,1,3523.05173437847,1.0,1.0
2026-03-22T21:10:07.745-705391-778512,326,false,2.573895636071308,1,3523.05173437847,1.0,1.0
2026-03-22T21:10:07.745-705391-778512,819,false,4.452157267909671,1,3523.05173437847,1.0,1.0
2026-03-22T21:10:07.745-705391-778512,287,false,20.145018424045006,1,3523.05173437847,1.0,1.0
2026-03-22T21:10:07.745-705391-778512,626,false,26.493913200383716,1,3523.05173437847,1.0,1.0
2026-03-22T21:10:07.745-705391-778512,364,false,0.8858721986548278,1,3523.05173437847,1.0,1.0
2026-03-22T21:10:07.745-705391-778512,440,false,68.87811123463263,1,3523.05173437847,1.0,1.0
2026-03-22T21:10:07.745-705391-778512,133,false,47.73140704842661,1,3523.05173437847,1.0,1.0
2026-03-22T21:10:07.745-705391-778512,286,false,20.776602574214632,1,3523.05173437847,1.0,1.0
2026-03-22T21:10:07.745-705391-778512,882,false,39.82509748033517,1,3523.05173437847,1.0,1.0
2026-03-22T21:10:07.745-705391-778512,327,false,0.08106527786127464,1,3523.05173437847,1.0,1.0
2026-03-22T21:10:07.745-705391-778512,572,false,2.9323128231377353,1,3523.05173437847,1.0,1.0
2026-03-22T21:10:07.745-705391-778512,925,false,150.40323209992258,1,3523.05173437847,1.0,1.0
2026-03-22T21:10:07.745-705391-778512,868,false,4.976676017796,1,3523.05173437847,1.0,1.0
2026-03-22T21:10:07.745-705391-778512,893,false,0.24291974517929102,1,3523.05173437847,1.0,1.0
2026-03-22T21:10:07.745-705391-778512,753,false,0.25270525260846893,1,3523.05173437847,1.0,1.0
2026-03-22T21:10:07.745-705391-778512,180,false,3.1978115324219485,1,3523.05173437847,1.0,1.0
2026-03-22T21:10:07.745-705391-778512,434,false,4.507604693979131,1,3523.05173437847,1.0,1.0
2026-03-22T21:10:07.745-705391-778512,481,false,0.3594958920403815,1,3523.05173437847,1.0,1.0
2026-03-22T21:10:07.745-705391-778512,656,false,15.514858285278539,1,3523.05173437847,1.0,1.0
2026-03-22T21:10:07.745-705391-778512,301,true,133.11852225263718,1,3389.9332121258326,1.0,0.8049999999999999
2026-03-22T21:10:07.745-705391-778512,10,false,3.523976082622552,1,3389.9332121258326,1.0,1.0
2026-03-22T21:10:07.745-705391-778512,902,false,0.8550235382023549,1,3389.9332121258326,1.0,1.0
2026-03-22T21:10:07.745-705391-778512,574,false,0.6367354613916949,1,3389.9332121258326,1.0,1.0
2026-03-22T21:10:07.745-705391-778512,446,false,9.67957980576936,1,3389.9332121258326,1.0,1.0
2026-03-22T21:10:07.745-705391-778512,96,false,0.012362080400195444,1,3389.9332121258326,1.0,1.0
2026-03-22T21:10:07.745-705391-778512,25,false,0.5194475023321625,1,3389.9332121258326,1.0,1.0
2026-03-22T21:10:07.745-705391-778512,773,false,0.37150451081786506,1,3389.9332121258326,1.0,1.0
2026-03-22T21:10:07.745-705391-778512,312,false,11.861556838198577,1,3389.9332121258326,1.0,1.0
2026-03-22T21:10:07.745-705391-778512,36,false,16.620892956686433,1,3389.9332121258326,1.0,1.0
2026-03-22T21:10:07.745-705391-778512,372,false,80.31203427833132,1,3389.9332121258326,1.0,1.0
2026-03-22T21:10:07.745-705391-778512,956,false,132.95042693984726,1,3389.9332121258326,1.0,1.0
2026-03-22T21:10:07.745-705391-778512,339,false,3.6580465686644494,1,3389.9332121258326,1.0,1.0
2026-03-22T21:10:07.745-705391-778512,658,false,0.19562004430843122,1,3389.9332121258326,1.0,1.0
2026-03-22T21:10:07.745-705391-778512,280,false,1.5990784061136802,1,3389.9332121258326,1.0,1.0
2026-03-22T21:10:07.745-705391-778512,589,false,0.17421458643498902,1,3389.9332121258326,1.0,1.0
2026-03-22T21:10:07.745-705391-778512,794,false,121.10201714462838,1,3389.9332121258326,1.0,1.0
2026-03-22T21:10:07.745-705391-778512,727,false,1.0065254087643425,1,3389.9332121258326,1.0,1.0
2026-03-22T21:10:07.745-705391-778512,513,false,0.2819754383086005,1,3389.9332121258326,1.0,1.0
2026-03-22T21:10:07.745-705391-778512,436,false,3.655807324511779,1,3389.9332121258326,1.0,1.0
2026-03-22T21:10:07.745-705391-778512,94,false,0.8551931004928124,1,3389.9332121258326,1.0,1.0
2026-03-22T21:10:07.745-705391-778512,170,false,2.4731718428692253,1,3389.9332121258326,1.0,1.0
2026-03-22T21:10:07.745-705391-778512,183,false,1.6447601512828236,1,3389.9332121258326,1.0,1.0
2026-03-22T21:10:07.745-705391-778512,657,false,0.08765577252369557,1,3389.9332121258326,1.0,1.0
2026-03-22T21:10:07.745-705391-778512,424,false,0.25739216766247125,1,3389.9332121258326,1.0,1.0
2026-03-22T21:10:07.745-705391-778512,705,false,29.140929599954855,1,3389.9332121258326,1.0,1.0
2026-03-22T21:10:07.745-705391-778512,948,false,3.393961741592155,1,3389.9332121258326,1.0,1.0
2026-03-22T21:10:07.745-705391-778512,333,false,1.6399584727512722,1,3389.9332121258326,1.0,1.0
2026-03-22T21:10:07.745-705391-778512,135,true,0.32390122685375367,1,3389.609310898979,1.0,0.704
2026-03-22T21:10:07.745-705391-778512,592,false,11.494725561222218,1,3389.609310898979,1.0,1.0
2026-03-22T21:10:07.745-705391-778512,788,false,3.9560297856669484,1,3389.609310898979,1.0,1.0
2026-03-22T21:10:07.745-705391-778512,232,false,5.959537967209211,1,3389.609310898979,1.0,1.0
2026-03-22T21:10:07.745-705391-778512,371,false,0.3212291890628636,1,3389.609310898979,1.0,1.0
2026-03-22T21:10:07.745-705391-778512,650,true,0.548496026253707,1,3389.060814872725,1.0,0.0
2026-03-22T21:10:07.745-705391-778512,11,false,2.126166649408002,1,3389.060814872725,1.0,1.0
2026-03-22T21:10:07.745-705391-778512,195,false,105.57849673604775,1,3389.060814872725,1.0,1.0
2026-03-22T21:10:07.745-705391-778512,359,false,0.44272848459536723,1,3389.060814872725,1.0,1.0
2026-03-22T21:10:07.745-705391-778512,91,false,4.687304173793552,1,3389.060814872725,1.0,1.0
2026-03-22T21:10:07.745-705391-778512,691,false,0.6009050796701064,1,3389.060814872725,1.0,1.0
2026-03-22T21:10:07.745-705391-778512,682,false,0.7427444237778825,1,3389.060814872725,1.0,1.0
2026-03-22T21:10:07.745-705391-778512,22,false,6.226169522227589,1,3389.060814872725,1.0,1.0
2026-03-22T21:10:07.745-705391-778512,427,false,1.5853325498267585,1,3389.060814872725,1.0,1.0
2026-03-22T21:10:07.745-705391-778512,706,false,0.13542930680693874,1,3389.060814872725,1.0,1.0
2026-03-22T21:10:07.745-705391-778512,21,false,13.869764927513152,1,3389.060814872725,1.0,1.0
2026-03-22T21:10:07.745-705391-778512,289,false,1.3555940792619006,1,3389.060814872725,1.0,1.0
2026-03-22T21:10:07.745-705391-778512,563,false,5.224106639865615,1,3389.060814872725,1.0,1.0
2026-03-22T21:10:07.745-705391-778512,120,false,12.167791977623137,1,3389.060814872725,1.0,1.0
2026-03-22T21:10:07.745-705391-778512,967,false,8.935583025747338,1,3389.060814872725,1.0,1.0
2026-03-22T21:10:07.745-705391-778512,191,false,10.485205469266427,1,3389.060814872725,1.0,1.0
2026-03-22T21:10:07.745-705391-778512,724,false,15.401544342687993,1,3389.060814872725,1.0,1.0
2026-03-22T21:10:07.745-705391-778512,749,false,2.470333156901956,1,3389.060814872725,1.0,1.0
2026-03-22T21:10:07.745-705391-778512,265,false,0.03096058810649929,1,3389.060814872725,1.0,1.0
2026-03-22T21:10:07.745-705391-778512,164,false,0.5171648777964695,1,3389.060814872725,1.0,1.0
2026-03-22T21:10:07.745-705391-778512,824,false,2.814339121053035,1,3389.060814872725,1.0,1.0
2026-03-22T21:10:07.745-705391-778512,663,false,15.641613326251084,1,3389.060814872725,1.0,1.0
2026-03-22T21:10:07.745-705391-778512,199,false,0.41385350904536333,1,3389.060814872725,1.0,1.0
2026-03-22T21:10:07.745-705391-778512,95,false,1.1592071685792267,1,3389.060814872725,1.0,1.0
2026-03-22T21:10:07.745-705391-778512,239,false,0.5944433695756158,1,3389.060814872725,1.0,1.0
2026-03-22T21:10:07.745-705391-778512,47,false,75.48135102307697,1,3389.060814872725,1.0,1.0
2026-03-22T21:10:07.745-705391-778512,812,false,38.66080430465538,1,3389.060814872725,1.0,1.0
2026-03-22T21:10:07.745-705391-778512,85,false,0.708638679337331,1,3389.060814872725,1.0,1.0
2026-03-22T21:10:07.745-705391-778512,373,false,1.2045955194605857,1,3389.060814872725,1.0,1.0
2026-03-22T21:10:07.745-705391-778512,285,false,0.4820844545838496,1,3389.060814872725,1.0,1.0
2026-03-22T21:10:07.745-705391-778512,360,false,1.6975555470038177,1,3389.060814872725,1.0,1.0
2026-03-22T21:10:07.745-705391-778512,941,false,6.785153311060745,1,3389.060814872725,1.0,1.0
2026-03-22T21:10:07.745-705391-778512,849,false,0.17004464050548815,1,3389.060814872725,1.0,1.0
2026-03-22T21:10:07.745-705391-778512,786,false,27.257283841482085,1,3389.060814872725,1.0,1.0
2026-03-22T21:10:07.745-705391-778512,145,false,123.72511456893265,1,3389.060814872725,1.0,1.0
2026-03-22T21:10:07.745-705391-778512,576,false,9.851167633549395,1,3389.060814872725,1.0,1.0
2026-03-22T21:10:07.745-705391-778512,949,false,0.07600120789018865,1,3389.060814872725,1.0,1.0
2026-03-22T21:10:07.745-705391-778512,640,false,16.008411367355237,1,3389.060814872725,1.0,1.0
2026-03-22T21:10:07.745-705391-778512,709,false,4.621082716193305,1,3389.060814872725,1.0,1.0
2026-03-22T21:10:07.745-705391-778512,23,false,1.674780287921748,1,3389.060814872725,1.0,1.0
2026-03-22T21:10:07.745-705391-778512,231,false,0.12192278369656803,1,3389.060814872725,1.0,1.0
2026-03-22T21:10:07.745-705391-778512,193,false,4.339040221827739,1,3389.060814872725,1.0,1.0
2026-03-22T21:10:07.745-705391-778512,428,false,0.2359587975881567,1,3389.060814872725,1.0,1.0
2026-03-22T21:10:07.745-705391-778512,453,false,0.1737340820165882,1,3389.060814872725,1.0,1.0
2026-03-22T21:10:07.745-705391-778512,488,false,0.014801557030331295,1,3389.060814872725,1.0,1.0
2026-03-22T21:10:07.745-705391-778512,968,false,16.207358957804168,1,3389.060814872725,1.0,1.0
2026-03-22T21:10:07.745-705391-778512,442,false,1.7332848364845632,1,3389.060814872725,1.0,1.0
2026-03-22T21:10:07.745-705391-778512,522,false,13.858078665621129,1,3389.060814872725,1.0,1.0
2026-03-22T21:10:07.745-705391-778512,103,false,6.981699054519706,1,3389.060814872725,1.0,1.0
2026-03-22T21:10:07.745-705391-778512,205,false,0.35908318543511586,1,3389.060814872725,1.0,1.0
2026-03-22T21:10:07.745-705391-778512,585,false,0.4008496655351925,1,3389.060814872725,1.0,1.0
2026-03-22T21:10:07.745-705391-778512,690,false,2.0954354044309507,1,3389.060814872725,1.0,1.0
2026-03-22T21:10:07.745-705391-778512,714,false,1.4594065456632375,1,3389.060814872725,1.0,1.0
2026-03-22T21:10:07.745-705391-778512,748,false,1.315039580521356,1,3389.060814872725,1.0,1.0
2026-03-22T21:10:07.745-705391-778512,121,false,10.227359505887879,1,3389.060814872725,1.0,1.0
2026-03-22T21:10:07.745-705391-778512,754,false,0.32083011912747234,1,3389.060814872725,1.0,1.0
2026-03-22T21:10:07.745-705391-778512,43,false,0.8698448689844943,1,3389.060814872725,1.0,1.0
2026-03-22T21:10:07.745-705391-778512,132,true,201.8799245536153,1,3187.18089031911,1.0,0.591
2026-03-22T21:10:07.745-705391-778512,88,false,5.448731167044563,1,3187.18089031911,1.0,1.0
2026-03-22T21:10:07.745-705391-778512,552,false,0.8259498496000761,1,3187.18089031911,1.0,1.0
2026-03-22T21:10:07.745-705391-778512,26,false,0.18216613873850845,1,3187.18089031911,1.0,1.0
2026-03-22T21:10:07.745-705391-778512,739,false,48.634728033038165,1,3187.18089031911,1.0,1.0
2026-03-22T21:10:07.745-705391-778512,736,false,0.3469395782350323,1,3187.18089031911,1.0,1.0
2026-03-22T21:10:07.745-705391-778512,912,false,1.1319372857392265,1,3187.18089031911,1.0,1.0
2026-03-22T21:10:07.745-705391-778512,814,false,1.9055849978599186,1,3187.18089031911,1.0,1.0
2026-03-22T21:10:07.745-705391-778512,18,false,0.24829536855209114,1,3187.18089031911,1.0,1.0
2026-03-22T21:10:07.745-705391-778512,316,false,32.413475954176434,1,3187.18089031911,1.0,1.0
2026-03-22T21:10:07.745-705391-778512,532,false,45.366876572871206,1,3187.18089031911,1.0,1.0
2026-03-22T21:10:07.745-705391-778512,41,false,8.5102974805684,1,3187.18089031911,1.0,1.0
2026-03-22T21:10:07.745-705391-778512,476,true,8.26392958353601,1,3178.916960735574,1.0,0.694
2026-03-22T21:10:07.745-705391-778512,985,false,6.35631041739686,1,3178.916960735574,1.0,1.0
2026-03-22T21:10:07.745-705391-778512,152,false,6.300714868000377,1,3178.916960735574,1.0,1.0
2026-03-22T21:10:07.745-705391-778512,703,false,0.03496224719172578,1,3178.916960735574,1.0,1.0
2026-03-22T21:10:07.745-705391-778512,793,false,4.043067272197129,1,3178.916960735574,1.0,1.0
2026-03-22T21:10:07.745-705391-778512,461,false,1.08534678977286,1,3178.916960735574,1.0,1.0
2026-03-22T21:10:07.745-705391-778512,68,false,0.03606662116538796,1,3178.916960735574,1.0,1.0
2026-03-22T21:10:07.745-705391-778512,165,false,3.7281365410284146,1,3178.916960735574,1.0,1.0
2026-03-22T21:10:07.745-705391-778512,884,false,0.6971444917764155,1,3178.916960735574,1.0,1.0
2026-03-22T21:10:07.745-705391-778512,908,false,0.48631586315328623,1,3178.916960735574,1.0,1.0
2026-03-22T21:10:07.745-705391-778512,962,false,1.8061852794176574,1,3178.916960735574,1.0,1.0
2026-03-22T21:10:07.745-705391-778512,141,true,0.2971233605834004,1,3178.6198373749903,1.0,0.663
2026-03-22T21:10:07.745-705391-778512,496,false,0.07807480841302372,1,3178.6198373749903,1.0,1.0
2026-03-22T21:10:07.745-705391-778512,566,false,1.7576674906533232,1,3178.6198373749903,1.0,1.0
2026-03-22T21:10:07.745-705391-778512,891,false,6.636122360533035,1,3178.6198373749903,1.0,1.0
2026-03-22T21:10:07.745-705391-778512,108,false,5.906853219771336,1,3178.6198373749903,1.0,1.0
2026-03-22T21:10:07.745-705391-778512,139,true,1.0601558056271434,1,3177.559681569363,1.0,0.0010000000000000009
2026-03-22T21:10:07.745-705391-778512,500,false,0.747688293320291,1,3177.559681569363,1.0,1.0
2026-03-22T21:10:07.745-705391-778512,540,false,3.4064464317540155,1,3177.559681569363,1.0,1.0
2026-03-22T21:10:07.745-705391-778512,378,false,3.9873656031603377,1,3177.559681569363,1.0,1.0
2026-03-22T21:10:07.745-705391-778512,456,false,4.637946039326263,1,3177.559681569363,1.0,1.0
2026-03-22T21:10:07.745-705391-778512,620,false,21.167221537717264,1,3177.559681569363,1.0,1.0
2026-03-22T21:10:07.745-705391-778512,39,false,5.994537417930549,1,3177.559681569363,1.0,1.0
2026-03-22T21:10:07.745-705391-778512,632,false,0.29698368226545074,1,3177.559681569363,1.0,1.0
2026-03-22T21:10:07.745-705391-778512,116,false,411.5006961473316,1,3177.559681569363,1.0,1.0
2026-03-22T21:10:07.745-705391-778512,616,false,12.138612477148799,1,3177.559681569363,1.0,1.0
2026-03-22T21:10:07.745-705391-778512,536,false,44.752454862465235,1,3177.559681569363,1.0,1.0
2026-03-22T21:10:07.745-705391-778512,910,false,2.655034315410995,1,3177.559681569363,1.0,1.0
2026-03-22T21:10:07.745-705391-778512,355,false,1.2002373347498796,1,3177.559681569363,1.0,1.0
2026-03-22T21:10:07.745-705391-778512,197,false,40.35640064059738,1,3177.559681569363,1.0,1.0
2026-03-22T21:10:07.745-705391-778512,236,false,16.267666610030982,1,3177.559681569363,1.0,1.0
2026-03-22T21:10:07.745-705391-778512,734,false,0.09293795512803324,1,3177.559681569363,1.0,1.0
2026-03-22T21:10:07.745-705391-778512,174,false,2.37635146402505,1,3177.559681569363,1.0,1.0
2026-03-22T21:10:07.745-705391-778512,254,false,0.3050315348855947,1,3177.559681569363,1.0,1.0
2026-03-22T21:10:07.745-705391-778512,126,false,2.761907801871941,1,3177.559681569363,1.0,1.0
2026-03-22T21:10:07.745-705391-778512,220,false,573.2330433442321,1,3177.559681569363,1.0,1.0
2026-03-22T21:10:07.745-705391-778512,146,false,0.4895034829540222,1,3177.559681569363,1.0,1.0
2026-03-22T21:10:07.745-705391-778512,416,false,0.5424647101330629,1,3177.559681569363,1.0,1.0
2026-03-22T21:10:07.745-705391-778512,808,false,6.275885636469353,1,3177.559681569363,1.0,1.0
2026-03-22T21:10:07.745-705391-778512,519,false,0.025995074236575558,1,3177.559681569363,1.0,1.0
2026-03-22T21:10:07.745-705391-778512,702,false,56.73102836941645,1,3177.559681569363,1.0,1.0
2026-03-22T21:10:07.745-705391-778512,825,false,113.49500299220496,1,3177.559681569363,1.0,1.0
2026-03-22T21:10:07.745-705391-778512,281,false,0.043280243392969354,1,3177.559681569363,1.0,1.0
2026-03-22T21:10:07.745-705391-778512,804,false,71.49841527799906,1,3177.559681569363,1.0,1.0
2026-03-22T21:10:07.745-705391-778512,347,false,3.2537470454654716,1,3177.559681569363,1.0,1.0
2026-03-22T21:10:07.745-705391-778512,987,false,0.21549488731606306,1,3177.559681569363,1.0,1.0
2026-03-22T21:10:07.745-705391-778512,92,false,12.03429475257343,1,3177.559681569363,1.0,1.0
2026-03-22T21:10:07.745-705391-778512,447,false,2.284494438978894,1,3177.559681569363,1.0,1.0
2026-03-22T21:10:07.745-705391-778512,329,false,0.09276595937434375,1,3177.559681569363,1.0,1.0
2026-03-22T21:10:07.745-705391-778512,448,false,14.581373135492257,1,3177.559681569363,1.0,1.0
2026-03-22T21:10:07.745-705391-778512,895,false,2.747431459578426,1,3177.559681569363,1.0,1.0
2026-03-22T21:10:07.745-705391-778512,494,false,1020.8571526357057,1,3177.559681569363,1.0,1.0
2026-03-22T21:10:07.745-705391-778512,13,false,692.2084317802942,1,3177.559681569363,1.0,1.0
2026-03-22T21:10:07.745-705391-778512,584,false,3.839632660076494,1,3177.559681569363,1.0,1.0
2026-03-22T21:10:07.745-705391-778512,262,false,19.309723574636372,1,3177.559681569363,1.0,1.0
2026-03-22T21:10:07.745-705391-778512,721,false,0.10925871857676396,1,3177.559681569363,1.0,1.0
2026-03-22T21:10:07.745-705391-778512,541,false,0.12068483055945409,1,3177.559681569363,1.0,1.0
2026-03-22T21:10:07.745-705391-778512,857,false,6.983359527647262,1,3177.559681569363,1.0,1.0
2026-03-22T21:10:07.745-705391-778512,913,false,0.01086809615669902,1,3177.559681569363,1.0,1.0
2026-03-22T21:10:07.745-705391-778512,380,false,4.041409389940851,1,3177.559681569363,1.0,1.0
2026-03-22T21:10:07.745-705391-778512,253,false,2.4707874685426034,1,3177.559681569363,1.0,1.0
2026-03-22T21:10:07.745-705391-778512,556,false,2.9834533595038124,1,3177.559681569363,1.0,1.0
2026-03-22T21:10:07.745-705391-778512,651,true,140.3452938812975,1,3037.2143876880655,1.0,0.0010000000000000009
2026-03-22T21:10:07.745-705391-778512,222,false,0.25280126427017563,1,3037.2143876880655,1.0,1.0
2026-03-22T21:10:07.745-705391-778512,601,false,37.10926947410101,1,3037.2143876880655,1.0,1.0
2026-03-22T21:10:07.745-705391-778512,594,false,0.07896096825631362,1,3037.2143876880655,1.0,1.0
2026-03-22T21:10:07.745-705391-778512,168,false,33.125623354878826,1,3037.2143876880655,1.0,1.0
2026-03-22T21:10:07.745-705391-778512,410,false,5.900503931165975,1,3037.2143876880655,1.0,1.0
2026-03-22T21:10:07.745-705391-778512,127,true,2.6941332384765104,1,3034.520254449589,1.0,0.999
2026-03-22T21:10:07.745-705391-778512,554,false,109.63956010049343,1,3034.520254449589,1.0,1.0
2026-03-22T21:10:07.745-705391-778512,293,false,0.42200143606189183,1,3034.520254449589,1.0,1.0
2026-03-22T21:10:07.745-705391-778512,218,false,60.351321800979136,1,3034.520254449589,1.0,1.0
2026-03-22T21:10:07.745-705391-778512,460,false,2.4553073831541,1,3034.520254449589,1.0,1.0
2026-03-22T21:10:07.745-705391-778512,16,false,32.48146661342596,1,3034.520254449589,1.0,1.0
2026-03-22T21:10:07.745-705391-778512,965,false,805.7415040923354,1,3034.520254449589,1.0,1.0
2026-03-22T21:10:07.745-705391-778512,593,false,6.686030522616271,1,3034.520254449589,1.0,1.0
2026-03-22T21:10:07.745-705391-778512,545,false,50.88935330654989,1,3034.520254449589,1.0,1.0
2026-03-22T21:10:07.745-705391-778512,215,false,0.23049624596400156,1,3034.520254449589,1.0,1.0
2026-03-22T21:10:07.745-705391-778512,150,false,2.8192058184040603,1,3034.520254449589,1.0,1.0
2026-03-22T21:10:07.745-705391-778512,155,false,26.80824220995783,1,3034.520254449589,1.0,1.0
2026-03-22T21:10:07.745-705391-778512,15,false,0.46176358377886917,1,3034.520254449589,1.0,1.0
2026-03-22T21:10:07.745-705391-778512,947,false,0.36001572880737104,1,3034.520254449589,1.0,1.0
2026-03-22T21:10:07.745-705391-778512,751,false,5.312202500432841,1,3034.520254449589,1.0,1.0
2026-03-22T21:10:07.745-705391-778512,48,false,34.87029790447723,1,3034.520254449589,1.0,1.0
2026-03-22T21:10:07.745-705391-778512,726,false,208.46632184310974,1,3034.520254449589,1.0,1.0
2026-03-22T21:10:07.745-705391-778512,128,false,0.1321470395971316,1,3034.520254449589,1.0,1.0
2026-03-22T21:10:07.745-705391-778512,20,false,0.9470045661838447,1,3034.520254449589,1.0,1.0
2026-03-22T21:10:07.745-705391-778512,431,false,2.8026692052520756,1,3034.520254449589,1.0,1.0
2026-03-22T21:10:07.745-705391-778512,345,false,1.1298671558485713,1,3034.520254449589,1.0,1.0
2026-03-22T21:10:07.745-705391-778512,362,false,32.015273755784186,1,3034.520254449589,1.0,1.0
2026-03-22T21:10:07.745-705391-778512,411,false,41.20129910375564,1,3034.520254449589,1.0,1.0
2026-03-22T21:10:07.745-705391-778512,766,false,0.2004092468442416,1,3034.520254449589,1.0,1.0
2026-03-22T21:10:07.745-705391-778512,796,false,0.14425121093447607,1,3034.520254449589,1.0,1.0
2026-03-22T21:10:07.745-705391-778512,29,false,0.35202063291612845,1,3034.520254449589,1.0,1.0
2026-03-22T21:10:07.745-705391-778512,242,false,0.43299125113337894,1,3034.520254449589,1.0,1.0
2026-03-22T21:10:07.745-705391-778512,201,false,0.7850300058182592,1,3034.520254449589,1.0,1.0
2026-03-22T21:10:07.745-705391-778512,214,false,3.8876948796416233,1,3034.520254449589,1.0,1.0
2026-03-22T21:10:07.745-705391-778512,633,false,6.003765458193208,1,3034.520254449589,1.0,1.0
2026-03-22T21:10:07.745-705391-778512,803,false,2.0893216216558934,1,3034.520254449589,1.0,1.0
2026-03-22T21:10:07.745-705391-778512,84,false,12.67755175768424,1,3034.520254449589,1.0,1.0
2026-03-22T21:10:07.745-705391-778512,422,false,34.02637833378249,1,3034.520254449589,1.0,1.0
2026-03-22T21:10:07.745-705391-778512,46,false,1.7086531168434298,1,3034.520254449589,1.0,1.0
2026-03-22T21:10:07.745-705391-778512,881,false,7.665909033424325,1,3034.520254449589,1.0,1.0
2026-03-22T21:10:07.745-705391-778512,719,false,2.79545727329066,1,3034.520254449589,1.0,1.0
2026-03-22T21:10:07.745-705391-778512,186,false,4.000762735333742,1,3034.520254449589,1.0,1.0
2026-03-22T21:10:07.745-705391-778512,404,false,1.0466572750208147,1,3034.520254449589,1.0,1.0
2026-03-22T21:10:07.745-705391-778512,587,false,2.7397392714279922,1,3034.520254449589,1.0,1.0
2026-03-22T21:10:07.745-705391-778512,659,false,3.276584504753522,1,3034.520254449589,1.0,1.0
2026-03-22T21:10:07.745-705391-778512,51,false,58.14021612879475,1,3034.520254449589,1.0,1.0
2026-03-22T21:10:07.745-705391-778512,83,true,3.5200961696859205,1,3031.000158279903,1.0,0.583
2026-03-22T21:10:07.745-705391-778512,523,false,1.8624626272046443,1,3031.000158279903,1.0,1.0
2026-03-22T21:10:07.745-705391-778512,408,false,0.8874417940964936,1,3031.000158279903,1.0,1.0
2026-03-22T21:10:07.745-705391-778512,100,false,1.1822412781999974,1,3031.000158279903,1.0,1.0
2026-03-22T21:10:07.745-705391-778512,870,false,5.653952157935257,1,3031.000158279903,1.0,1.0
2026-03-22T21:10:07.745-705391-778512,547,false,12.206271045826911,1,3031.000158279903,1.0,1.0
2026-03-22T21:10:07.745-705391-778512,969,false,1.6115539537944874,1,3031.000158279903,1.0,1.0
2026-03-22T21:10:07.745-705391-778512,977,false,13.479539782662437,1,3031.000158279903,1.0,1.0
2026-03-22T21:10:07.745-705391-778512,783,false,6.653529616136644,1,3031.000158279903,1.0,1.0
2026-03-22T21:10:07.745-705391-778512,642,false,4.048909388561331,1,3031.000158279903,1.0,1.0
2026-03-22T21:10:07.745-705391-778512,477,false,0.1128708548335929,1,3031.000158279903,1.0,1.0
2026-03-22T21:10:07.745-705391-778512,543,false,3.868876328166667,1,3031.000158279903,1.0,1.0
2026-03-22T21:10:07.745-705391-778512,588,false,4.251245430339052,1,3031.000158279903,1.0,1.0
2026-03-22T21:10:07.745-705391-778512,644,true,3.5750863792980745,1,3027.425071900605,1.0,0.0020000000000000018
2026-03-22T21:10:07.745-705391-778512,533,false,1.1752416574976359,1,3027.425071900605,1.0,1.0
2026-03-22T21:10:07.745-705391-778512,742,false,7.124182095685166,1,3027.425071900605,1.0,1.0
2026-03-22T21:10:07.745-705391-778512,621,false,11.803010523912848,1,3027.425071900605,1.0,1.0
2026-03-22T21:10:07.745-705391-778512,674,false,16.44124337621498,1,3027.425071900605,1.0,1.0
2026-03-22T21:10:07.745-705391-778512,606,false,10.642055664298422,1,3027.425071900605,1.0,1.0
2026-03-22T21:10:07.745-705391-778512,102,false,3.517447393317081,1,3027.425071900605,1.0,1.0
2026-03-22T21:10:07.745-705391-778512,537,false,31.106940061892384,1,3027.425071900605,1.0,1.0
2026-03-22T21:10:07.745-705391-778512,872,false,0.31865268533278124,1,3027.425071900605,1.0,1.0
2026-03-22T21:10:07.745-705391-778512,867,false,0.6958012497066478,1,3027.425071900605,1.0,1.0
2026-03-22T21:10:07.745-705391-778512,712,false,1.4862083197948748,1,3027.425071900605,1.0,1.0
2026-03-22T21:10:07.745-705391-778512,976,false,1.1178176571307912,1,3027.425071900605,1.0,1.0
2026-03-22T21:10:07.745-705391-778512,107,false,9.547297215688893,1,3027.425071900605,1.0,1.0
2026-03-22T21:10:07.745-705391-778512,45,false,38.47361568059578,1,3027.425071900605,1.0,1.0
2026-03-22T21:10:07.745-705391-778512,361,false,7.328913931662084,1,3027.425071900605,1.0,1.0
2026-03-22T21:10:07.745-705391-778512,562,false,1.028040907256136,1,3027.425071900605,1.0,1.0
2026-03-22T21:10:07.745-705391-778512,264,false,13.608960053806062,1,3027.425071900605,1.0,1.0
2026-03-22T21:10:07.745-705391-778512,283,false,66.18792913634974,1,3027.425071900605,1.0,1.0
2026-03-22T21:10:07.745-705391-778512,49,false,0.5133140915345198,1,3027.425071900605,1.0,1.0
2026-03-22T21:10:07.745-705391-778512,665,false,3.1933618843393714,1,3027.425071900605,1.0,1.0
2026-03-22T21:10:07.745-705391-778512,614,false,79.84871193720429,1,3027.425071900605,1.0,1.0
2026-03-22T21:10:07.745-705391-778512,511,false,1.462366328173537,1,3027.425071900605,1.0,1.0
2026-03-22T21:10:07.745-705391-778512,227,false,0.03211366590158662,1,3027.425071900605,1.0,1.0
2026-03-22T21:10:07.745-705391-778512,897,false,16.15133284645288,1,3027.425071900605,1.0,1.0
2026-03-22T21:10:07.745-705391-778512,527,false,326.2430424671285,1,3027.425071900605,1.0,1.0
2026-03-22T21:10:07.745-705391-778512,759,false,0.23673811609581247,1,3027.425071900605,1.0,1.0
2026-03-22T21:10:07.745-705391-778512,805,false,0.4263283779697809,1,3027.425071900605,1.0,1.0
2026-03-22T21:10:07.745-705391-778512,211,false,0.621961997381977,1,3027.425071900605,1.0,1.0
2026-03-22T21:10:07.745-705391-778512,689,false,17.682292349923937,1,3027.425071900605,1.0,1.0
2026-03-22T21:10:07.745-705391-778512,194,false,0.17286877967085737,1,3027.425071900605,1.0,1.0
2026-03-22T21:10:07.745-705391-778512,185,false,19.355647167142884,1,3027.425071900605,1.0,1.0
2026-03-22T21:10:07.745-705391-778512,780,false,4.163160107718866,1,3027.425071900605,1.0,1.0
2026-03-22T21:10:07.745-705391-778512,324,false,0.35547431052501655,1,3027.425071900605,1.0,1.0
2026-03-22T21:10:07.745-705391-778512,707,false,0.08808486427235963,1,3027.425071900605,1.0,1.0
2026-03-22T21:10:07.745-705391-778512,546,false,2.4991772282140348,1,3027.425071900605,1.0,1.0
2026-03-22T21:10:07.745-705391-778512,57,false,2.045538524482918,1,3027.425071900605,1.0,1.0
2026-03-22T21:10:07.745-705391-778512,966,false,3.173597302362691,1,3027.425071900605,1.0,1.0
2026-03-22T21:10:07.745-705391-778512,878,false,0.38618886459508694,1,3027.425071900605,1.0,1.0
2026-03-22T21:10:07.745-705391-778512,351,false,5.676057321852458,1,3027.425071900605,1.0,1.0
2026-03-22T21:10:07.745-705391-778512,694,false,0.851505780918221,1,3027.425071900605,1.0,1.0
2026-03-22T21:10:07.745-705391-778512,495,false,17.13168272988117,1,3027.425071900605,1.0,1.0
2026-03-22T21:10:07.745-705391-778512,391,false,0.08811934226962224,1,3027.425071900605,1.0,1.0
2026-03-22T21:10:07.745-705391-778512,732,false,0.12960871720093828,1,3027.425071900605,1.0,1.0
2026-03-22T21:10:07.745-705391-778512,832,false,21.01603879678058,1,3027.425071900605,1.0,1.0
2026-03-22T21:10:07.745-705391-778512,937,false,4.675348247321787,1,3027.425071900605,1.0,1.0
2026-03-22T21:10:07.745-705391-778512,638,false,2.6303305761076365,1,3027.425071900605,1.0,1.0
2026-03-22T21:10:07.745-705391-778512,693,false,1.6077857168207828,1,3027.425071900605,1.0,1.0
2026-03-22T21:10:07.745-705391-778512,233,false,20.837252138084033,1,3027.425071900605,1.0,1.0
2026-03-22T21:10:07.745-705391-778512,928,false,5.856659157946014,1,3027.425071900605,1.0,1.0
2026-03-22T21:10:07.745-705391-778512,328,false,1.350581687489538,1,3027.425071900605,1.0,1.0
2026-03-22T21:10:07.745-705391-778512,973,false,36.935968713396555,1,3027.425071900605,1.0,1.0
2026-03-22T21:10:07.745-705391-778512,880,false,5.114928076067367,1,3027.425071900605,1.0,1.0
2026-03-22T21:10:07.745-705391-778512,680,false,0.6537951573227191,1,3027.425071900605,1.0,1.0
2026-03-22T21:10:07.745-705391-778512,415,false,2.1323820111586382,1,3027.425071900605,1.0,1.0
2026-03-22T21:10:07.745-705391-778512,387,false,5.789493444050574,1,3027.425071900605,1.0,1.0
2026-03-22T21:10:07.745-705391-778512,652,true,42.872804421347695,1,2984.5522674792574,1.0,0.0
2026-03-22T21:10:07.745-705391-778512,374,false,264.9111207472448,1,2984.5522674792574,1.0,1.0
2026-03-22T21:10:07.745-705391-778512,159,false,2.6210350632590202,1,2984.5522674792574,1.0,1.0
2026-03-22T21:10:07.745-705391-778512,506,true,2.016889607666353,1,2982.535377871591,1.0,0.917
2026-03-22T21:10:07.745-705391-778512,838,false,10.811852478263996,1,2982.535377871591,1.0,1.0
2026-03-22T21:10:07.745-705391-778512,401,false,0.0440146272458555,1,2982.535377871591,1.0,1.0
2026-03-22T21:10:07.745-705391-778512,74,false,4.75899504403669,1,2982.535377871591,1.0,1.0
2026-03-22T21:10:07.745-705391-778512,396,false,102.60196841149454,1,2982.535377871591,1.0,1.0
2026-03-22T21:10:07.745-705391-778512,365,false,6.936500779413696,1,2982.535377871591,1.0,1.0
2026-03-22T21:10:07.745-705391-778512,465,true,5.490380204276872,1,2977.0449976673144,1.0,0.663
2026-03-22T21:10:07.745-705391-778512,210,false,168.90444094150618,1,2977.0449976673144,1.0,1.0
2026-03-22T21:10:07.745-705391-778512,305,false,2.9258512149568032,1,2977.0449976673144,1.0,1.0
2026-03-22T21:10:07.745-705391-778512,764,false,2.370592721823537,1,2977.0449976673144,1.0,1.0
2026-03-22T21:10:07.745-705391-778512,557,false,1.6303469181756798,1,2977.0449976673144,1.0,1.0
2026-03-22T21:10:07.745-705391-778512,701,false,0.31714176337291083,1,2977.0449976673144,1.0,1.0
2026-03-22T21:10:07.745-705391-778512,579,false,10.291975563740372,1,2977.0449976673144,1.0,1.0
2026-03-22T21:10:07.745-705391-778512,161,false,1.6987202713943255,1,2977.0449976673144,1.0,1.0
2026-03-22T21:10:07.745-705391-778512,982,false,4.999418874915445,1,2977.0449976673144,1.0,1.0
2026-03-22T21:10:07.745-705391-778512,512,false,1.9130726206441986,1,2977.0449976673144,1.0,1.0
2026-03-22T21:10:07.745-705391-778512,331,false,0.20708443366499946,1,2977.0449976673144,1.0,1.0
2026-03-22T21:10:07.745-705391-778512,407,false,2.925776136414453,1,2977.0449976673144,1.0,1.0
2026-03-22T21:10:07.745-705391-778512,472,true,17.668058757993617,1,2959.376938909321,1.0,0.0
2026-03-22T21:10:07.745-705391-778512,711,false,67.16232331005891,1,2959.376938909321,1.0,1.0
2026-03-22T21:10:07.745-705391-778512,313,false,0.8272541179831536,1,2959.376938909321,1.0,1.0
2026-03-22T21:10:07.745-705391-778512,934,false,0.007096822000976472,1,2959.376938909321,1.0,1.0
2026-03-22T21:10:07.745-705391-778512,182,false,12.925241725382168,1,2959.376938909321,1.0,1.0
2026-03-22T21:10:07.745-705391-778512,389,false,127.23314061585369,1,2959.376938909321,1.0,1.0
2026-03-22T21:10:07.745-705391-778512,829,false,8.844427921433748,1,2959.376938909321,1.0,1.0
2026-03-22T21:10:07.745-705391-778512,763,false,0.06391821601937044,1,2959.376938909321,1.0,1.0
2026-03-22T21:10:07.745-705391-778512,414,false,0.6494158637702558,1,2959.376938909321,1.0,1.0
2026-03-22T21:10:07.745-705391-778512,257,false,3.1100828820579465,1,2959.376938909321,1.0,1.0
2026-03-22T21:10:07.745-705391-778512,922,false,4.242163837066739,1,2959.376938909321,1.0,1.0
2026-03-22T21:10:07.745-705391-778512,984,false,0.571329801408348,1,2959.376938909321,1.0,1.0
2026-03-22T21:10:07.745-705391-778512,251,false,4.165366586421712,1,2959.376938909321,1.0,1.0
2026-03-22T21:10:07.745-705391-778512,648,true,89.55305032658376,1,2869.8238885827373,1.0,0.0
2026-03-22T21:10:07.745-705391-778512,782,false,0.9584582589382894,1,2869.8238885827373,1.0,1.0
2026-03-22T21:10:07.745-705391-778512,433,false,1.026381735590014,1,2869.8238885827373,1.0,1.0
2026-03-22T21:10:07.745-705391-778512,874,false,25.35762673448201,1,2869.8238885827373,1.0,1.0
2026-03-22T21:10:07.745-705391-778512,229,false,7.402856856739421,1,2869.8238885827373,1.0,1.0
2026-03-22T21:10:07.745-705391-778512,381,false,6.550136177952692,1,2869.8238885827373,1.0,1.0
2026-03-22T21:10:07.745-705391-778512,746,false,3.2035676406156144,1,2869.8238885827373,1.0,1.0
2026-03-22T21:10:07.745-705391-778512,259,false,0.2379764359793248,1,2869.8238885827373,1.0,1.0
2026-03-22T21:10:07.745-705391-778512,357,false,85.28049973367109,1,2869.8238885827373,1.0,1.0
2026-03-22T21:10:07.745-705391-778512,981,false,4.865219618456861,1,2869.8238885827373,1.0,1.0
2026-03-22T21:10:07.745-705391-778512,858,false,16.67220529443344,1,2869.8238885827373,1.0,1.0
2026-03-22T21:10:07.745-705391-778512,277,true,20.731679079252995,1,2849.0922095034844,1.0,0.8160000000000001
2026-03-22T21:10:07.745-705391-778512,288,false,1.3464874940621556,1,2849.0922095034844,1.0,1.0
2026-03-22T21:10:07.745-705391-778512,852,false,281.4877486803875,1,2849.0922095034844,1.0,1.0
2026-03-22T21:10:07.745-705391-778512,617,false,4.119711105454922,1,2849.0922095034844,1.0,1.0
2026-03-22T21:10:07.745-705391-778512,497,false,3.6989991332902505,1,2849.0922095034844,1.0,1.0
2026-03-22T21:10:07.745-705391-778512,93,false,8.481740244205344,1,2849.0922095034844,1.0,1.0
2026-03-22T21:10:07.745-705391-778512,733,false,1.436253628161437,1,2849.0922095034844,1.0,1.0
2026-03-22T21:10:07.745-705391-778512,9,false,0.7961230910836135,1,2849.0922095034844,1.0,1.0
2026-03-22T21:10:07.745-705391-778512,58,false,2.4121201769168326,1,2849.0922095034844,1.0,1.0
2026-03-22T21:10:07.745-705391-778512,998,false,16.081252370793496,1,2849.0922095034844,1.0,1.0
2026-03-22T21:10:07.745-705391-778512,953,false,1.1001109764859096,1,2849.0922095034844,1.0,1.0
2026-03-22T21:10:07.745-705391-778512,667,false,30.79337091059363,1,2849.0922095034844,1.0,1.0
2026-03-22T21:10:07.745-705391-778512,918,false,1.4122089845231178,1,2849.0922095034844,1.0,1.0
2026-03-22T21:10:07.745-705391-778512,833,false,1.266692978834421,1,2849.0922095034844,1.0,1.0
2026-03-22T21:10:07.745-705391-778512,60,false,2.005769316020363,1,2849.0922095034844,1.0,1.0
2026-03-22T21:10:07.745-705391-778512,176,false,7.549436655045313,1,2849.0922095034844,1.0,1.0
2026-03-22T21:10:07.745-705391-778512,940,false,6.167339407809117,1,2849.0922095034844,1.0,1.0
2026-03-22T21:10:07.745-705391-778512,521,false,29.352322732565508,1,2849.0922095034844,1.0,1.0
2026-03-22T21:10:07.745-705391-778512,144,true,4.555208240196926,1,2844.5370012632875,1.0,0.6990000000000001
2026-03-22T21:10:07.745-705391-778512,768,false,0.05121282886818905,1,2844.5370012632875,1.0,1.0
2026-03-22T21:10:07.745-705391-778512,510,false,4.449930537085176,1,2844.5370012632875,1.0,1.0
2026-03-22T21:10:07.745-705391-778512,602,false,9.330866957876333,1,2844.5370012632875,1.0,1.0
2026-03-22T21:10:07.745-705391-778512,475,true,0.655778866301393,1,2843.8812223969862,1.0,0.0
2026-03-22T21:10:07.745-705391-778512,681,false,2.715494588732909,1,2843.8812223969862,1.0,1.0
2026-03-22T21:10:07.745-705391-778512,692,false,0.9318645408584387,1,2843.8812223969862,1.0,1.0
2026-03-22T21:10:07.745-705391-778512,101,false,3.8288607698282817,1,2843.8812223969862,1.0,1.0
2026-03-22T21:10:07.745-705391-778512,980,false,0.7682380558448235,1,2843.8812223969862,1.0,1.0
2026-03-22T21:10:07.745-705391-778512,346,false,0.5001444615036272,1,2843.8812223969862,1.0,1.0
2026-03-22T21:10:07.745-705391-778512,669,false,14.217331758107363,1,2843.8812223969862,1.0,1.0
2026-03-22T21:10:07.745-705391-778512,151,false,7.246156725731645,1,2843.8812223969862,1.0,1.0
2026-03-22T21:10:07.745-705391-778512,70,false,4.787017607196713,1,2843.8812223969862,1.0,1.0
2026-03-22T21:10:07.745-705391-778512,464,true,0.8703948868409183,1,2843.010827510145,1.0,0.698
2026-03-22T21:10:07.745-705391-778512,114,false,0.16918503421691006,1,2843.010827510145,1.0,1.0
2026-03-22T21:10:07.745-705391-778512,445,false,0.10025807810066724,1,2843.010827510145,1.0,1.0
2026-03-22T21:10:07.745-705391-778512,678,false,4.83414074530609,1,2843.010827510145,1.0,1.0
2026-03-22T21:10:07.745-705391-778512,612,false,2.2819867956964317,1,2843.010827510145,1.0,1.0
2026-03-22T21:10:07.745-705391-778512,53,false,79.75035099660434,1,2843.010827510145,1.0,1.0
2026-03-22T21:10:07.745-705391-778512,718,false,0.7736593341552855,1,2843.010827510145,1.0,1.0
2026-03-22T21:10:07.745-705391-778512,992,false,4.851856439950143,1,2843.010827510145,1.0,1.0
2026-03-22T21:10:07.745-705391-778512,877,false,0.49896147329740853,1,2843.010827510145,1.0,1.0
2026-03-22T21:10:07.745-705391-778512,44,false,21.266444410910804,1,2843.010827510145,1.0,1.0
2026-03-22T21:10:07.745-705391-778512,923,false,4.096779329685129,1,2843.010827510145,1.0,1.0
2026-03-22T21:10:07.745-705391-778512,799,false,17.79894320560212,1,2843.010827510145,1.0,1.0
2026-03-22T21:10:07.745-705391-778512,483,false,0.8073945817463656,1,2843.010827510145,1.0,1.0
2026-03-22T21:10:07.745-705391-778512,853,false,15.36798738820812,1,2843.010827510145,1.0,1.0
2026-03-22T21:10:07.745-705391-778512,206,false,0.8772221888712277,1,2843.010827510145,1.0,1.0
2026-03-22T21:10:07.745-705391-778512,437,false,8.087329655718854,1,2843.010827510145,1.0,1.0
2026-03-22T21:10:07.745-705391-778512,559,false,1.3203501525575263,1,2843.010827510145,1.0,1.0
2026-03-22T21:10:07.745-705391-778512,518,false,0.2023974927565166,1,2843.010827510145,1.0,1.0
2026-03-22T21:10:07.745-705391-778512,302,true,1.5680561333695509,1,2841.4427713767755,1.0,0.648
2026-03-22T21:10:07.745-705391-778512,845,false,0.09734696530420216,1,2841.4427713767755,1.0,1.0
2026-03-22T21:10:07.745-705391-778512,295,true,0.2531116784691171,1,2841.1896596983065,1.0,0.694
2026-03-22T21:10:07.745-705391-778512,406,false,0.10923884099556513,1,2841.1896596983065,1.0,1.0
2026-03-22T21:10:07.745-705391-778512,386,false,0.5041869497397752,1,2841.1896596983065,1.0,1.0
2026-03-22T21:10:07.745-705391-778512,634,true,2.0603372291878745,1,2839.1293224691185,1.0,0.8240000000000001
2026-03-22T21:10:07.745-705391-778512,697,false,2.709862345215616,1,2839.1293224691185,1.0,1.0
2026-03-22T21:10:07.745-705391-778512,915,false,31.791887634963707,1,2839.1293224691185,1.0,1.0
2026-03-22T21:10:07.745-705391-778512,275,true,41.548547003477374,1,2797.580775465641,1.0,0.0
2026-03-22T21:10:07.745-705391-778512,575,false,1.1033160979637278,1,2797.580775465641,1.0,1.0
2026-03-22T21:10:07.745-705391-778512,950,false,0.2906942194386634,1,2797.580775465641,1.0,1.0
2026-03-22T21:10:07.745-705391-778512,192,false,0.4960229058295362,1,2797.580775465641,1.0,1.0
2026-03-22T21:10:07.745-705391-778512,837,false,0.12885729389295025,1,2797.580775465641,1.0,1.0
2026-03-22T21:10:07.745-705391-778512,989,false,0.1260853915943898,1,2797.580775465641,1.0,1.0
2026-03-22T21:10:07.745-705391-778512,668,false,3.3210121096341036,1,2797.580775465641,1.0,1.0
2026-03-22T21:10:07.745-705391-778512,90,false,184.1377391840587,1,2797.580775465641,1.0,1.0
2026-03-22T21:10:07.745-705391-778512,454,false,31.0586844735249,1,2797.580775465641,1.0,1.0
2026-03-22T21:10:07.745-705391-778512,509,true,1.8787134716078095,1,2795.7020619940336,1.0,0.687
2026-03-22T21:10:07.745-705391-778512,160,false,0.5135469057890681,1,2795.7020619940336,1.0,1.0
2026-03-22T21:10:07.745-705391-778512,399,false,3.457405009172285,1,2795.7020619940336,1.0,1.0
2026-03-22T21:10:07.745-705391-778512,655,true,68.3038607033267,1,2727.3982012907068,1.0,0.653
2026-03-22T21:10:07.745-705391-778512,118,false,471.9017799293622,1,2727.3982012907068,1.0,1.0
2026-03-22T21:10:07.745-705391-778512,514,false,0.1315036921861316,1,2727.3982012907068,1.0,1.0
2026-03-22T21:10:07.745-705391-778512,173,false,0.7181792522544402,1,2727.3982012907068,1.0,1.0
2026-03-22T21:10:07.745-705391-778512,19,false,16.145256334111185,1,2727.3982012907068,1.0,1.0
2026-03-22T21:10:07.745-705391-778512,539,false,10.32152490600892,1,2727.3982012907068,1.0,1.0
2026-03-22T21:10:07.745-705391-778512,856,false,0.07479375386432871,1,2727.3982012907068,1.0,1.0
2026-03-22T21:10:07.745-705391-778512,486,false,10.515150925694332,1,2727.3982012907068,1.0,1.0
2026-03-22T21:10:07.745-705391-778512,198,false,18.171937821700876,1,2727.3982012907068,1.0,1.0
2026-03-22T21:10:07.745-705391-778512,855,false,8.255640940477324,1,2727.3982012907068,1.0,1.0
2026-03-22T21:10:07.745-705391-778512,610,false,9.92958990052836,1,2727.3982012907068,1.0,1.0
2026-03-22T21:10:07.745-705391-778512,670,false,2.1221174449037266,1,2727.3982012907068,1.0,1.0
2026-03-22T21:10:07.745-705391-778512,720,false,0.8613957798906664,1,2727.3982012907068,1.0,1.0
2026-03-22T21:10:07.745-705391-778512,978,false,7.875118404709419,1,2727.3982012907068,1.0,1.0
2026-03-22T21:10:07.745-705391-778512,292,true,0.2227505863154569,1,2727.175450704391,1.0,0.9359999999999999
2026-03-22T21:10:07.745-705391-778512,337,false,1.4662923792693878,1,2727.175450704391,1.0,1.0
2026-03-22T21:10:07.745-705391-778512,846,false,9.114187904343478,1,2727.175450704391,1.0,1.0
2026-03-22T21:10:07.745-705391-778512,886,false,70.74056312038397,1,2727.175450704391,1.0,1.0
2026-03-22T21:10:07.745-705391-778512,216,false,2.993467406180006,1,2727.175450704391,1.0,1.0
2026-03-22T21:10:07.745-705391-778512,297,true,2.2917102201743367,1,2724.8837404842166,1.0,0.0
2026-03-22T21:10:07.745-705391-778512,319,false,3.6636899049077454,1,2724.8837404842166,1.0,1.0
2026-03-22T21:10:07.745-705391-778512,974,false,2.3838322435756942,1,2724.8837404842166,1.0,1.0
2026-03-22T21:10:07.745-705391-778512,816,false,2.9543873203367945,1,2724.8837404842166,1.0,1.0
2026-03-22T21:10:07.745-705391-778512,892,false,50.624670525885286,1,2724.8837404842166,1.0,1.0
2026-03-22T21:10:07.745-705391-778512,735,false,0.393313878790096,1,2724.8837404842166,1.0,1.0
2026-03-22T21:10:07.745-705391-778512,603,false,11.331870469411653,1,2724.8837404842166,1.0,1.0
2026-03-22T21:10:07.745-705391-778512,517,false,0.35701966115335365,1,2724.8837404842166,1.0,1.0
2026-03-22T21:10:07.745-705391-778512,204,false,0.2684757607740775,1,2724.8837404842166,1.0,1.0
2026-03-22T21:10:07.745-705391-778512,398,false,10.427487989377282,1,2724.8837404842166,1.0,1.0
2026-03-22T21:10:07.745-705391-778512,50,false,12.071410018735776,1,2724.8837404842166,1.0,1.0
2026-03-22T21:10:07.745-705391-778512,676,false,0.38019979706281737,1,2724.8837404842166,1.0,1.0
2026-03-22T21:10:07.745-705391-778512,119,false,2.2933242457883707,1,2724.8837404842166,1.0,1.0
2026-03-22T21:10:07.745-705391-778512,32,false,1.188083941278349,1,2724.8837404842166,1.0,1.0
2026-03-22T21:10:07.745-705391-778512,988,false,2.5429979150945794,1,2724.8837404842166,1.0,1.0
2026-03-22T21:10:07.745-705391-778512,713,false,0.9447568803076356,1,2724.8837404842166,1.0,1.0
2026-03-22T21:10:07.745-705391-778512,322,false,10.202953136642682,1,2724.8837404842166,1.0,1.0
2026-03-22T21:10:07.745-705391-778512,756,false,10.00134994246106,1,2724.8837404842166,1.0,1.0
2026-03-22T21:10:07.745-705391-778512,876,false,0.9706855480646489,1,2724.8837404842166,1.0,1.0
2026-03-22T21:10:07.745-705391-778512,243,false,11.54780287532133,1,2724.8837404842166,1.0,1.0
2026-03-22T21:10:07.745-705391-778512,375,false,0.24164805596109082,1,2724.8837404842166,1.0,1.0
2026-03-22T21:10:07.745-705391-778512,425,false,3.1770473798994097,1,2724.8837404842166,1.0,1.0
2026-03-22T21:10:07.745-705391-778512,156,false,0.2595098045520182,1,2724.8837404842166,1.0,1.0
2026-03-22T21:10:07.745-705391-778512,421,false,12.260835239162752,1,2724.8837404842166,1.0,1.0
2026-03-22T21:10:07.745-705391-778512,123,false,16.43973439122964,1,2724.8837404842166,1.0,1.0
2026-03-22T21:10:07.745-705391-778512,130,true,0.48509957502778833,1,2724.398640909189,1.0,0.0
2026-03-22T21:10:07.745-705391-778512,777,false,2.5498711884722227,1,2724.398640909189,1.0,1.0
2026-03-22T21:10:07.745-705391-778512,875,false,0.9698057568565885,1,2724.398640909189,1.0,1.0
2026-03-22T21:10:07.745-705391-778512,983,false,0.25346212988914496,1,2724.398640909189,1.0,1.0
2026-03-22T21:10:07.745-705391-778512,528,false,0.4400379699851233,1,2724.398640909189,1.0,1.0
2026-03-22T21:10:07.745-705391-778512,595,false,2.123610933794825,1,2724.398640909189,1.0,1.0
2026-03-22T21:10:07.745-705391-778512,52,false,6.007900734023112,1,2724.398640909189,1.0,1.0
2026-03-22T21:10:07.745-705391-778512,917,false,2.486656848439989,1,2724.398640909189,1.0,1.0
2026-03-22T21:10:07.745-705391-778512,507,true,5.6085798476189535,1,2718.79006106157,1.0,0.0
2026-03-22T21:10:07.745-705391-778512,625,false,7.753171669860294,1,2718.79006106157,1.0,1.0
2026-03-22T21:10:07.745-705391-778512,99,false,13.984741621128249,1,2718.79006106157,1.0,1.0
2026-03-22T21:10:07.745-705391-778512,704,false,21.505672763172274,1,2718.79006106157,1.0,1.0
2026-03-22T21:10:07.745-705391-778512,504,true,15.413793955626224,1,2703.376267105944,1.0,0.0010000000000000009
2026-03-22T21:10:07.745-705391-778512,79,true,2.087761799341929,1,2701.288505306602,1.0,0.569
2026-03-22T21:10:07.745-705391-778512,187,false,16.233162113923754,1,2701.288505306602,1.0,1.0
2026-03-22T21:10:07.745-705391-778512,889,false,3.243501456929971,1,2701.288505306602,1.0,1.0
2026-03-22T21:10:07.745-705391-778512,303,true,6.36172500848262,1,2694.9267802981194,1.0,0.0
2026-03-22T21:10:07.745-705391-778512,573,false,0.7674247868641857,1,2694.9267802981194,1.0,1.0
2026-03-22T21:10:07.745-705391-778512,916,false,4.897607324552943,1,2694.9267802981194,1.0,1.0
2026-03-22T21:10:07.745-705391-778512,885,false,4.318783523715369,1,2694.9267802981194,1.0,1.0
2026-03-22T21:10:07.745-705391-778512,520,false,10.322774045923959,1,2694.9267802981194,1.0,1.0
2026-03-22T21:10:07.745-705391-778512,42,false,1.9136185464477584,1,2694.9267802981194,1.0,1.0
2026-03-22T21:10:07.745-705391-778512,439,false,2.346866506888885,1,2694.9267802981194,1.0,1.0
2026-03-22T21:10:07.745-705391-778512,73,false,15.967538140425273,1,2694.9267802981194,1.0,1.0
2026-03-22T21:10:07.745-705391-778512,383,false,3.742404683416628,1,2694.9267802981194,1.0,1.0
2026-03-22T21:10:07.745-705391-778512,903,false,3.1867495351261153,1,2694.9267802981194,1.0,1.0
2026-03-22T21:10:07.745-705391-778512,568,false,3.2525161513144094,1,2694.9267802981194,1.0,1.0
2026-03-22T21:10:07.745-705391-778512,263,false,9.217302847751737,1,2694.9267802981194,1.0,1.0
2026-03-22T21:10:07.745-705391-778512,770,false,15.474928313306654,1,2694.9267802981194,1.0,1.0
2026-03-22T21:10:07.745-705391-778512,269,true,0.6478072850043864,1,2694.278973013115,1.0,0.6990000000000001
2026-03-22T21:10:07.745-705391-778512,926,false,2.0375098126047217,1,2694.278973013115,1.0,1.0
2026-03-22T21:10:07.745-705391-778512,142,true,7.534283353306548,1,2686.7446896598085,1.0,0.0
2026-03-22T21:10:07.745-705391-778512,623,false,0.14157489487235572,1,2686.7446896598085,1.0,1.0
2026-03-22T21:10:07.745-705391-778512,86,true,0.9778212248248047,1,2685.7668684349837,1.0,0.685
2026-03-22T21:10:07.745-705391-778512,564,false,81.54046986885098,1,2685.7668684349837,1.0,1.0
2026-03-22T21:10:07.745-705391-778512,429,false,20.634529342364594,1,2685.7668684349837,1.0,1.0
2026-03-22T21:10:07.745-705391-778512,758,false,3.9236224760062313,1,2685.7668684349837,1.0,1.0
2026-03-22T21:10:07.745-705391-778512,235,false,179.86855773034424,1,2685.7668684349837,1.0,1.0
2026-03-22T21:10:07.745-705391-778512,560,false,28.62305910246693,1,2685.7668684349837,1.0,1.0
2026-03-22T21:10:07.745-705391-778512,306,true,0.5762835157218456,1,2685.1905849192617,1.0,0.687
2026-03-22T21:10:07.745-705391-778512,69,true,0.2435435076011594,1,2684.9470414116604,1.0,0.834
2026-03-22T21:10:07.745-705391-778512,835,false,111.75796141058056,1,2684.9470414116604,1.0,1.0
2026-03-22T21:10:07.745-705391-778512,675,false,2.12834830078783,1,2684.9470414116604,1.0,1.0
2026-03-22T21:10:07.745-705391-778512,795,false,5.498839840810027,1,2684.9470414116604,1.0,1.0
2026-03-22T21:10:07.745-705391-778512,932,false,3.6186471190991196,1,2684.9470414116604,1.0,1.0
2026-03-22T21:10:07.745-705391-778512,738,false,1.7777955035734885,1,2684.9470414116604,1.0,1.0
2026-03-22T21:10:07.745-705391-778512,172,false,1.7501529010328933,1,2684.9470414116604,1.0,1.0
2026-03-22T21:10:07.745-705391-778512,148,false,1.3582026209237192,1,2684.9470414116604,1.0,1.0
2026-03-22T21:10:07.745-705391-778512,699,false,0.7408272000753642,1,2684.9470414116604,1.0,1.0
2026-03-22T21:10:07.745-705391-778512,598,false,0.2997719442195736,1,2684.9470414116604,1.0,1.0
2026-03-22T21:10:07.745-705391-778512,862,false,2.8262992524076833,1,2684.9470414116604,1.0,1.0
2026-03-22T21:10:07.745-705391-778512,317,false,1.275749966264462,1,2684.9470414116604,1.0,1.0
2026-03-22T21:10:07.745-705391-778512,282,false,1.352033513030362,1,2684.9470414116604,1.0,1.0
2026-03-22T21:10:07.745-705391-778512,502,true,0.21910752417337406,1,2684.727933887487,1.0,0.85
2026-03-22T21:10:07.745-705391-778512,149,false,8.677569394295245,1,2684.727933887487,1.0,1.0
2026-03-22T21:10:07.745-705391-778512,97,false,10.115479984971762,1,2684.727933887487,1.0,1.0
2026-03-22T21:10:07.745-705391-778512,273,true,19.588930414889916,1,2665.139003472597,1.0,0.0
2026-03-22T21:10:07.745-705391-778512,341,false,3.0145183660915493,1,2665.139003472597,1.0,1.0
2026-03-22T21:10:07.745-705391-778512,54,false,0.7703630639468677,1,2665.139003472597,1.0,1.0
2026-03-22T21:10:07.745-705391-778512,723,false,2.0036442658466385,1,2665.139003472597,1.0,1.0
2026-03-22T21:10:07.745-705391-778512,920,false,0.09209507866432091,1,2665.139003472597,1.0,1.0
2026-03-22T21:10:07.745-705391-778512,474,true,5.321922131777158,1,2659.8170813408196,1.0,0.0
2026-03-22T21:10:07.745-705391-778512,3,false,6.930616170909713,1,2659.8170813408196,1.0,1.0
2026-03-22T21:10:07.745-705391-778512,459,false,0.9312536379544417,1,2659.8170813408196,1.0,1.0
2026-03-22T21:10:07.745-705391-778512,993,false,0.1545224647278,1,2659.8170813408196,1.0,1.0
2026-03-22T21:10:07.745-705391-778512,491,false,1.0627405419721645,1,2659.8170813408196,1.0,1.0
2026-03-22T21:10:07.745-705391-778512,661,false,1.0684820007500435,1,2659.8170813408196,1.0,1.0
2026-03-22T21:10:07.745-705391-778512,307,true,18.273577958544482,1,2641.543503382275,1.0,0.837
2026-03-22T21:10:07.745-705391-778512,515,false,20.607971758101662,1,2641.543503382275,1.0,1.0
2026-03-22T21:10:07.745-705391-778512,534,false,15.218436933678845,1,2641.543503382275,1.0,1.0
2026-03-22T21:10:07.745-705391-778512,451,false,20.83470105028958,1,2641.543503382275,1.0,1.0
2026-03-22T21:10:07.745-705391-778512,296,true,4.855178922813361,1,2636.688324459462,1.0,0.0
2026-03-22T21:10:07.745-705391-778512,137,true,1.2580643244544942,1,2635.4302601350073,1.0,0.0
2026-03-22T21:10:07.745-705391-778512,924,false,19.729885475883602,1,2635.4302601350073,1.0,1.0
2026-03-22T21:10:07.745-705391-778512,945,false,0.8020789100721744,1,2635.4302601350073,1.0,1.0
2026-03-22T21:10:07.745-705391-778512,117,false,1.3706110720322968,1,2635.4302601350073,1.0,1.0
2026-03-22T21:10:07.745-705391-778512,405,false,1.8321728963631208,1,2635.4302601350073,1.0,1.0
2026-03-22T21:10:07.745-705391-778512,848,false,2.3634477488505445,1,2635.4302601350073,1.0,1.0
2026-03-22T21:10:07.745-705391-778512,743,false,36.797439086601685,1,2635.4302601350073,1.0,1.0
2026-03-22T21:10:07.745-705391-778512,946,false,0.48181432992205775,1,2635.4302601350073,1.0,1.0
2026-03-22T21:10:07.745-705391-778512,291,true,29.49733093406343,1,2605.932929200944,1.0,0.6699999999999999
2026-03-22T21:10:07.745-705391-778512,109,false,22.38614626683396,1,2605.932929200944,1.0,1.0
2026-03-22T21:10:07.745-705391-778512,542,false,0.7049888368341347,1,2605.932929200944,1.0,1.0
2026-03-22T21:10:07.745-705391-778512,654,true,11.11827057770224,1,2594.8146586232415,1.0,0.0
2026-03-22T21:10:07.745-705391-778512,224,false,256.4639769962439,1,2594.8146586232415,1.0,1.0
2026-03-22T21:10:07.745-705391-778512,959,false,2.924618204325779,1,2594.8146586232415,1.0,1.0
2026-03-22T21:10:07.745-705391-778512,954,false,0.20458943283136397,1,2594.8146586232415,1.0,1.0
2026-03-22T21:10:07.745-705391-778512,392,false,1.0899005894200722,1,2594.8146586232415,1.0,1.0
2026-03-22T21:10:07.745-705391-778512,961,false,4.044524521613997,1,2594.8146586232415,1.0,1.0
2026-03-22T21:10:07.745-705391-778512,228,false,2.6955399987022393,1,2594.8146586232415,1.0,1.0
2026-03-22T21:10:07.745-705391-778512,136,true,0.2821953743279373,1,2594.5324632489137,1.0,0.0
2026-03-22T21:10:07.745-705391-778512,790,false,0.40068496684155347,1,2594.5324632489137,1.0,1.0
2026-03-22T21:10:07.745-705391-778512,944,false,0.8618426128300188,1,2594.5324632489137,1.0,1.0
2026-03-22T21:10:07.745-705391-778512,887,false,3.5501642588508604,1,2594.5324632489137,1.0,1.0
2026-03-22T21:10:07.745-705391-778512,65,false,6.081843299893097,1,2594.5324632489137,1.0,1.0
2026-03-22T21:10:07.745-705391-778512,696,false,0.034466613698235726,1,2594.5324632489137,1.0,1.0
2026-03-22T21:10:07.745-705391-778512,672,false,1.361992601860068,1,2594.5324632489137,1.0,1.0
2026-03-22T21:10:07.745-705391-778512,869,false,21.47724613620119,1,2594.5324632489137,1.0,1.0
2026-03-22T21:10:07.745-705391-778512,879,false,4.927048796577631,1,2594.5324632489137,1.0,1.0
2026-03-22T21:10:07.745-705391-778512,936,false,0.3029364839926084,1,2594.5324632489137,1.0,1.0
2026-03-22T21:10:07.745-705391-778512,861,false,7.850110638342334,1,2594.5324632489137,1.0,1.0
2026-03-22T21:10:07.745-705391-778512,238,false,4.482288119619136,1,2594.5324632489137,1.0,1.0
2026-03-22T21:10:07.745-705391-778512,963,false,4.354877783909594,1,2594.5324632489137,1.0,1.0
2026-03-22T21:10:07.745-705391-778512,463,true,6.741404147007978,1,2587.791059101906,1.0,0.0010000000000000009
2026-03-22T21:10:07.745-705391-778512,266,true,1.7549288082012011,1,2586.0361302937044,1.0,0.6599999999999999
2026-03-22T21:10:07.745-705391-778512,957,false,0.6142416188022196,1,2586.0361302937044,1.0,1.0
2026-03-22T21:10:07.745-705391-778512,484,false,2.258358936191398,1,2586.0361302937044,1.0,1.0
2026-03-22T21:10:07.745-705391-778512,467,true,4.141502142475956,1,2581.8946281512285,1.0,0.0
2026-03-22T21:10:07.745-705391-778512,666,false,10.328607763052192,1,2581.8946281512285,1.0,1.0
2026-03-22T21:10:07.745-705391-778512,975,false,0.22843466922010006,1,2581.8946281512285,1.0,1.0
2026-03-22T21:10:07.745-705391-778512,270,true,0.2898114030003131,1,2581.604816748228,1.0,0.0
2026-03-22T21:10:07.745-705391-778512,779,false,24.033646154706563,1,2581.604816748228,1.0,1.0
2026-03-22T21:10:07.745-705391-778512,717,false,7.205660765163737,1,2581.604816748228,1.0,1.0
2026-03-22T21:10:07.745-705391-778512,994,false,9.420214557680847,1,2581.604816748228,1.0,1.0
2026-03-22T21:10:07.745-705391-778512,105,false,24.02858970637838,1,2581.604816748228,1.0,1.0
2026-03-22T21:10:07.745-705391-778512,618,false,4.8223786749418265,1,2581.604816748228,1.0,1.0
2026-03-22T21:10:07.745-705391-778512,662,false,68.29993060218092,1,2581.604816748228,1.0,1.0
2026-03-22T21:10:07.745-705391-778512,995,false,4.295192967396788,1,2581.604816748228,1.0,1.0
2026-03-22T21:10:07.745-705391-778512,997,false,0.8314983865048666,1,2581.604816748228,1.0,1.0
2026-03-22T21:10:07.745-705391-778512,498,false,0.013079484412033436,1,2581.604816748228,1.0,1.0
2026-03-22T21:10:07.745-705391-778512,613,false,0.4187054237347065,1,2581.604816748228,1.0,1.0
2026-03-22T21:10:07.745-705391-778512,469,false,0.1383380775879653,1,2581.604816748228,1.0,1.0
2026-03-22T21:10:07.745-705391-778512,179,false,1.3887444873454018,1,2581.604816748228,1.0,1.0
2026-03-22T21:10:07.745-705391-778512,531,false,3.901589204458293,1,2581.604816748228,1.0,1.0
2026-03-22T21:10:07.745-705391-778512,725,false,84.8706771520772,1,2581.604816748228,1.0,1.0
2026-03-22T21:10:07.745-705391-778512,631,true,28.135006672496257,1,2553.469810075732,1.0,0.681
2026-03-22T21:10:07.745-705391-778512,382,false,299.00840064612714,1,2553.469810075732,1.0,1.0
2026-03-22T21:10:07.745-705391-778512,217,false,0.3110879525521728,1,2553.469810075732,1.0,1.0
2026-03-22T21:10:07.745-705391-778512,64,false,0.4555066634464707,1,2553.469810075732,1.0,1.0
2026-03-22T21:10:07.745-705391-778512,188,false,132.810363768449,1,2553.469810075732,1.0,1.0
2026-03-22T21:10:07.745-705391-778512,203,false,4.3751428470425,1,2553.469810075732,1.0,1.0
2026-03-22T21:10:07.745-705391-778512,555,false,45.618106671409656,1,2553.469810075732,1.0,1.0
2026-03-22T21:10:07.745-705391-778512,61,false,0.3032919231341881,1,2553.469810075732,1.0,1.0
2026-03-22T21:10:07.745-705391-778512,854,false,7.13747273227921,1,2553.469810075732,1.0,1.0
2026-03-22T21:10:07.745-705391-778512,432,false,25.030749656928084,1,2553.469810075732,1.0,1.0
2026-03-22T21:10:07.745-705391-778512,818,false,6.375993496080675,1,2553.469810075732,1.0,1.0
2026-03-22T21:10:07.745-705391-778512,979,false,6.422436581110646,1,2553.469810075732,1.0,1.0
2026-03-22T21:10:07.745-705391-778512,550,false,16.35189291808195,1,2553.469810075732,1.0,1.0
2026-03-22T21:10:07.745-705391-778512,377,false,4.58457273719442,1,2553.469810075732,1.0,1.0
2026-03-22T21:10:07.745-705391-778512,323,false,8.149342521047902,1,2553.469810075732,1.0,1.0
2026-03-22T21:10:07.745-705391-778512,308,true,8.871333663753033,1,2544.598476411979,1.0,0.01200000000000001
2026-03-22T21:10:07.745-705391-778512,591,false,0.13102763334498127,1,2544.598476411979,1.0,1.0
2026-03-22T21:10:07.745-705391-778512,268,true,0.3303828188327724,1,2544.268093593146,1.0,0.0
2026-03-22T21:10:07.745-705391-778512,609,false,0.2311181658507372,1,2544.268093593146,1.0,1.0
2026-03-22T21:10:07.745-705391-778512,807,false,1.5595806387531481,1,2544.268093593146,1.0,1.0
2026-03-22T21:10:07.745-705391-778512,157,false,6.945173575160431,1,2544.268093593146,1.0,1.0
2026-03-22T21:10:07.745-705391-778512,196,false,21.865492173916795,1,2544.268093593146,1.0,1.0
2026-03-22T21:10:07.745-705391-778512,710,false,6.52095710935753,1,2544.268093593146,1.0,1.0
2026-03-22T21:10:07.745-705391-778512,379,false,5.30999137777233,1,2544.268093593146,1.0,1.0
2026-03-22T21:10:07.745-705391-778512,213,false,0.8326578858009823,1,2544.268093593146,1.0,1.0
2026-03-22T21:10:07.745-705391-778512,450,false,6.472906428916398,1,2544.268093593146,1.0,1.0
2026-03-22T21:10:07.745-705391-778512,906,false,2.5605554101314416,1,2544.268093593146,1.0,1.0
2026-03-22T21:10:07.745-705391-778512,230,false,6.766813575508707,1,2544.268093593146,1.0,1.0
2026-03-22T21:10:07.745-705391-778512,226,false,0.2898548045410527,1,2544.268093593146,1.0,1.0
2026-03-22T21:10:07.745-705391-778512,89,true,96.28128504029111,1,2447.986808552855,1.0,0.853
2026-03-22T21:10:07.745-705391-778512,501,true,0.8243423399994155,1,2447.1624662128556,1.0,0.0010000000000000009
2026-03-22T21:10:07.745-705391-778512,624,false,3.795219686845285,1,2447.1624662128556,1.0,1.0
2026-03-22T21:10:07.745-705391-778512,320,false,1.8826162063092942,1,2447.1624662128556,1.0,1.0
2026-03-22T21:10:07.745-705391-778512,455,false,0.9686545147841239,1,2447.1624662128556,1.0,1.0
2026-03-22T21:10:07.745-705391-778512,258,false,1.3466383749155446,1,2447.1624662128556,1.0,1.0
2026-03-22T21:10:07.745-705391-778512,834,false,95.63917128174496,1,2447.1624662128556,1.0,1.0
2026-03-22T21:10:07.745-705391-778512,178,false,0.9336481761435554,1,2447.1624662128556,1.0,1.0
2026-03-22T21:10:07.745-705391-778512,811,false,12.929996956154271,1,2447.1624662128556,1.0,1.0
2026-03-22T21:10:07.745-705391-778512,325,false,0.2927720760118918,1,2447.1624662128556,1.0,1.0
2026-03-22T21:10:07.745-705391-778512,435,false,1.0417808327621183,1,2447.1624662128556,1.0,1.0
2026-03-22T21:10:07.745-705391-778512,728,false,0.7943245770572168,1,2447.1624662128556,1.0,1.0
2026-03-22T21:10:07.745-705391-778512,525,false,0.4170670102963931,1,2447.1624662128556,1.0,1.0
2026-03-22T21:10:07.745-705391-778512,645,true,1.3058545160305608,1,2445.856611696825,1.0,0.0
2026-03-22T21:10:07.745-705391-778512,535,false,3.73421247676535,1,2445.856611696825,1.0,1.0
2026-03-22T21:10:07.745-705391-778512,394,false,81.08337441466125,1,2445.856611696825,1.0,1.0
2026-03-22T21:10:07.745-705391-778512,423,false,0.4775685860575959,1,2445.856611696825,1.0,1.0
2026-03-22T21:10:07.745-705391-778512,800,false,17.488888810694647,1,2445.856611696825,1.0,1.0
2026-03-22T21:10:07.745-705391-778512,943,false,224.5394395769499,1,2445.856611696825,1.0,1.0
2026-03-22T21:10:07.745-705391-778512,679,false,16.11957361686336,1,2445.856611696825,1.0,1.0
2026-03-22T21:10:07.745-705391-778512,294,true,112.99418851125843,1,2332.8624231855665,1.0,0.0
2026-03-22T21:10:07.745-705391-778512,122,false,11.44897463181801,1,2332.8624231855665,1.0,1.0
2026-03-22T21:10:07.745-705391-778512,822,false,115.2032067966923,1,2332.8624231855665,1.0,1.0
2026-03-22T21:10:07.745-705391-778512,774,false,1.2387029229061972,1,2332.8624231855665,1.0,1.0
2026-03-22T21:10:07.745-705391-778512,246,false,1.286228495518437,1,2332.8624231855665,1.0,1.0
2026-03-22T21:10:07.745-705391-778512,181,false,567.7160090852877,1,2332.8624231855665,1.0,1.0
2026-03-22T21:10:07.745-705391-778512,986,false,0.15052926517728732,1,2332.8624231855665,1.0,1.0
2026-03-22T21:10:07.745-705391-778512,244,false,5.4649753577808395,1,2332.8624231855665,1.0,1.0
2026-03-22T21:10:07.745-705391-778512,444,false,0.1571131779473026,1,2332.8624231855665,1.0,1.0
2026-03-22T21:10:07.745-705391-778512,6,false,16.34352531768148,1,2332.8624231855665,1.0,1.0
2026-03-22T21:10:07.745-705391-778512,66,true,2.1128981836384,1,2330.7495250019283,1.0,0.7050000000000001
2026-03-22T21:10:07.745-705391-778512,900,false,33.766046301811194,1,2330.7495250019283,1.0,1.0
2026-03-22T21:10:07.745-705391-778512,971,false,1.0963477848874958,1,2330.7495250019283,1.0,1.0
2026-03-22T21:10:07.745-705391-778512,340,false,34.14583584571487,1,2330.7495250019283,1.0,1.0
2026-03-22T21:10:07.745-705391-778512,78,false,0.028797418133028326,1,2330.7495250019283,1.0,1.0
2026-03-22T21:10:07.745-705391-778512,457,false,5.136082121154161,1,2330.7495250019283,1.0,1.0
2026-03-22T21:10:07.745-705391-778512,490,false,2.6861999315070095,1,2330.7495250019283,1.0,1.0
2026-03-22T21:10:07.745-705391-778512,245,false,6.325632199108378,1,2330.7495250019283,1.0,1.0
2026-03-22T21:10:07.745-705391-778512,526,false,3.523654674334309,1,2330.7495250019283,1.0,1.0
2026-03-22T21:10:07.745-705391-778512,115,false,2.1167816187586097,1,2330.7495250019283,1.0,1.0
2026-03-22T21:10:07.745-705391-778512,577,false,11.22177570363263,1,2330.7495250019283,1.0,1.0
2026-03-22T21:10:07.745-705391-778512,5,false,13.249334300001705,1,2330.7495250019283,1.0,1.0
2026-03-22T21:10:07.745-705391-778512,538,false,0.43282234878772324,1,2330.7495250019283,1.0,1.0
2026-03-22T21:10:07.745-705391-778512,784,false,8.892495807546766,1,2330.7495250019283,1.0,1.0
2026-03-22T21:10:07.745-705391-778512,787,false,10.812181957717865,1,2330.7495250019283,1.0,1.0
2026-03-22T21:10:07.745-705391-778512,688,false,0.12059079638521643,1,2330.7495250019283,1.0,1.0
2026-03-22T21:10:07.745-705391-778512,420,false,0.15083740733717882,1,2330.7495250019283,1.0,1.0
2026-03-22T21:10:07.745-705391-778512,225,false,0.11018060862122957,1,2330.7495250019283,1.0,1.0
2026-03-22T21:10:07.745-705391-778512,499,true,0.7650697545554068,1,2329.984455247373,1.0,0.0010000000000000009
2026-03-22T21:10:07.745-705391-778512,914,false,0.889142696598138,1,2329.984455247373,1.0,1.0
2026-03-22T21:10:07.745-705391-778512,999,false,3.7775031152107714,1,2329.984455247373,1.0,1.0
2026-03-22T21:10:07.745-705391-778512,124,true,0.419785617601962,1,2329.564669629771,1.0,0.06999999999999995
2026-03-22T21:10:07.745-705391-778512,487,false,1.1271377271048948,1,2329.564669629771,1.0,1.0
2026-03-22T21:10:07.745-705391-778512,384,false,5.08467317085039,1,2329.564669629771,1.0,1.0
2026-03-22T21:10:07.745-705391-778512,443,false,1.7801782771867347,1,2329.564669629771,1.0,1.0
2026-03-22T21:10:07.745-705391-778512,960,false,33.35551661313415,1,2329.564669629771,1.0,1.0
2026-03-22T21:10:07.745-705391-778512,761,false,0.4819891944502774,1,2329.564669629771,1.0,1.0
2026-03-22T21:10:07.745-705391-778512,419,false,26.787555185252195,1,2329.564669629771,1.0,1.0
2026-03-22T21:10:07.745-705391-778512,765,false,0.5987487283683178,1,2329.564669629771,1.0,1.0
2026-03-22T21:10:07.745-705391-778512,299,true,1.4398413381748005,1,2328.1248282915963,1.0,0.0
2026-03-22T21:10:07.745-705391-778512,208,false,8.181052223617279,1,2328.1248282915963,1.0,1.0
2026-03-22T21:10:07.745-705391-778512,27,false,0.3155600544546705,1,2328.1248282915963,1.0,1.0
2026-03-22T21:10:07.745-705391-778512,860,false,0.3946802986031587,1,2328.1248282915963,1.0,1.0
2026-03-22T21:10:07.745-705391-778512,129,true,1.8674382067106896,1,2326.2573900848856,1.0,0.0
2026-03-22T21:10:07.745-705391-778512,55,false,26.775448458960664,1,2326.2573900848856,1.0,1.0
2026-03-22T21:10:07.745-705391-778512,113,false,0.9338496369385243,1,2326.2573900848856,1.0,1.0
2026-03-22T21:10:07.745-705391-778512,353,false,7.283520197008556,1,2326.2573900848856,1.0,1.0
2026-03-22T21:10:07.745-705391-778512,842,false,1.3701346151803964,1,2326.2573900848856,1.0,1.0
2026-03-22T21:10:07.745-705391-778512,279,false,0.18526072235217642,1,2326.2573900848856,1.0,1.0
2026-03-22T21:10:07.745-705391-778512,831,false,2.719242561463027,1,2326.2573900848856,1.0,1.0
2026-03-22T21:10:07.745-705391-778512,927,false,9.921809597094336,1,2326.2573900848856,1.0,1.0
2026-03-22T21:10:07.745-705391-778512,369,false,1.1518401759583907,1,2326.2573900848856,1.0,1.0
2026-03-22T21:10:07.745-705391-778512,441,false,0.7790468018432034,1,2326.2573900848856,1.0,1.0
2026-03-22T21:10:07.745-705391-778512,843,false,16.00450476530031,1,2326.2573900848856,1.0,1.0
2026-03-22T21:10:07.745-705391-778512,737,false,0.6908514210652733,1,2326.2573900848856,1.0,1.0
2026-03-22T21:10:07.745-705391-778512,685,false,5.6780470117530495,1,2326.2573900848856,1.0,1.0
2026-03-22T21:10:07.745-705391-778512,890,false,0.33303708334343596,1,2326.2573900848856,1.0,1.0
2026-03-22T21:10:07.745-705391-778512,683,false,2.0619587589393937,1,2326.2573900848856,1.0,1.0
2026-03-22T21:10:07.745-705391-778512,314,false,16.640510062044957,1,2326.2573900848856,1.0,1.0
2026-03-22T21:10:07.745-705391-778512,567,false,0.5577316860823651,1,2326.2573900848856,1.0,1.0
2026-03-22T21:10:07.745-705391-778512,418,false,0.5309409741501743,1,2326.2573900848856,1.0,1.0
2026-03-22T21:10:07.745-705391-778512,731,false,1.1137209806628716,1,2326.2573900848856,1.0,1.0
2026-03-22T21:10:07.745-705391-778512,921,false,1.4146971894389968,1,2326.2573900848856,1.0,1.0
2026-03-22T21:10:07.745-705391-778512,125,false,0.1790615442628847,1,2326.2573900848856,1.0,1.0
2026-03-22T21:10:07.745-705391-778512,776,false,5.3252095319409465,1,2326.2573900848856,1.0,1.0
2026-03-22T21:10:07.745-705391-778512,604,false,0.07375511802427435,1,2326.2573900848856,1.0,1.0
2026-03-22T21:10:07.745-705391-778512,958,false,1.5089648299279248,1,2326.2573900848856,1.0,1.0
2026-03-22T21:10:07.745-705391-778512,844,false,5.040749897462861,1,2326.2573900848856,1.0,1.0
2026-03-22T21:10:07.745-705391-778512,600,false,1.16965876734914,1,2326.2573900848856,1.0,1.0
2026-03-22T21:10:07.745-705391-778512,354,false,0.0870060957948659,1,2326.2573900848856,1.0,1.0
2026-03-22T21:10:07.745-705391-778512,586,false,0.16514595776901908,1,2326.2573900848856,1.0,1.0
2026-03-22T21:10:07.745-705391-778512,730,false,4.166114528767926,1,2326.2573900848856,1.0,1.0
2026-03-22T21:10:07.745-705391-778512,798,false,3.62356904311635,1,2326.2573900848856,1.0,1.0
2026-03-22T21:10:07.745-705391-778512,169,false,0.12228997530358464,1,2326.2573900848856,1.0,1.0
2026-03-22T21:10:07.745-705391-778512,951,false,1.0455125018524847,1,2326.2573900848856,1.0,1.0
2026-03-22T21:10:07.745-705391-778512,939,false,0.5382403764566931,1,2326.2573900848856,1.0,1.0
2026-03-22T21:10:07.745-705391-778512,158,false,1.6641404192238445,1,2326.2573900848856,1.0,1.0
2026-03-22T21:10:07.745-705391-778512,413,false,92.2408025707112,1,2326.2573900848856,1.0,1.0
2026-03-22T21:10:07.745-705391-778512,67,true,10.875458038248189,1,2315.3819320466373,1.0,0.0010000000000000009
2026-03-22T21:10:07.745-705391-778512,184,false,0.9026664202446166,1,2315.3819320466373,1.0,1.0
2026-03-22T21:10:07.745-705391-778512,478,true,1.303900991699101,1,2314.078031054938,1.0,0.0010000000000000009
2026-03-22T21:10:07.745-705391-778512,888,false,4.026756247799651,1,2314.078031054938,1.0,1.0
2026-03-22T21:10:07.745-705391-778512,636,true,37.89181026693182,1,2276.1862207880063,1.0,0.6819999999999999
2026-03-22T21:10:07.745-705391-778512,82,true,0.298340145381416,1,2275.887880642625,1.0,0.0
2026-03-22T21:10:07.745-705391-778512,143,true,4.067525296804368,1,2271.8203553458206,1.0,0.0
2026-03-22T21:10:07.745-705391-778512,309,true,9.29444427947593,1,2262.5259110663446,1.0,0.0
2026-03-22T21:10:07.745-705391-778512,629,true,4.6189916118201415,1,2257.9069194545245,1.0,0.688
2026-03-22T21:10:07.745-705391-778512,356,false,31.17459336007428,1,2257.9069194545245,1.0,1.0
2026-03-22T21:10:07.745-705391-778512,715,false,3.837002337154213,1,2257.9069194545245,1.0,1.0
2026-03-22T21:10:07.745-705391-778512,744,false,2.392634713600437,1,2257.9069194545245,1.0,1.0
2026-03-22T21:10:07.745-705391-778512,77,true,3.6814451554921326,1,2254.2254742990326,1.0,0.0
2026-03-22T21:10:07.745-705391-778512,252,false,2.739977875090556,1,2254.2254742990326,1.0,1.0
2026-03-22T21:10:07.745-705391-778512,901,false,2.3400046795927945,1,2254.2254742990326,1.0,1.0
2026-03-22T21:10:07.745-705391-778512,823,false,0.5538270127985354,1,2254.2254742990326,1.0,1.0
2026-03-22T21:10:07.745-705391-778512,580,false,0.6216487695721509,1,2254.2254742990326,1.0,1.0
2026-03-22T21:10:07.745-705391-778512,747,false,3.9362072176366754,1,2254.2254742990326,1.0,1.0
2026-03-22T21:10:07.745-705391-778512,785,false,11.260039734350967,1,2254.2254742990326,1.0,1.0
2026-03-22T21:10:07.745-705391-778512,388,false,0.09532254601935593,1,2254.2254742990326,1.0,1.0
2026-03-22T21:10:07.745-705391-778512,385,false,3.2027893987886653,1,2254.2254742990326,1.0,1.0
2026-03-22T21:10:07.745-705391-778512,458,false,8.003880760172933,1,2254.2254742990326,1.0,1.0
2026-03-22T21:10:07.745-705391-778512,991,false,99.17049944095847,1,2254.2254742990326,1.0,1.0
2026-03-22T21:10:07.745-705391-778512,344,false,0.6494037991583756,1,2254.2254742990326,1.0,1.0
2026-03-22T21:10:07.745-705391-778512,698,false,8.07499668187817,1,2254.2254742990326,1.0,1.0
2026-03-22T21:10:07.745-705391-778512,318,false,0.37357003150108836,1,2254.2254742990326,1.0,1.0
2026-03-22T21:10:07.745-705391-778512,815,false,1.2344718878176635,1,2254.2254742990326,1.0,1.0
2026-03-22T21:10:07.745-705391-778512,996,true,12.755798902525141,1,2241.4696753965077,1.0,0.924
2026-03-22T21:10:07.745-705391-778512,619,false,3.466401472818745,1,2241.4696753965077,1.0,1.0
2026-03-22T21:10:07.745-705391-778512,87,true,1.0719090400109568,1,2240.3977663564965,1.0,0.0010000000000000009
2026-03-22T21:10:07.745-705391-778512,300,false,0.06273962160624028,1,2240.3977663564965,1.0,1.0
2026-03-22T21:10:07.745-705391-778512,163,false,4.60258855405028,1,2240.3977663564965,1.0,1.0
2026-03-22T21:10:07.745-705391-778512,343,false,3.262891709520272,1,2240.3977663564965,1.0,1.0
2026-03-22T21:10:07.745-705391-778512,250,true,87.24143379812726,1,2153.1563325583693,1.0,0.999
2026-03-22T21:10:07.745-705391-778512,332,false,0.14498570942337158,1,2153.1563325583693,1.0,1.0
2026-03-22T21:10:07.745-705391-778512,462,true,4.5768851432343745,1,2148.579447415135,1.0,0.0
2026-03-22T21:10:07.745-705391-778512,30,false,11.727948654106642,1,2148.579447415135,1.0,1.0
2026-03-22T21:10:07.745-705391-778512,781,false,46.592005853464,1,2148.579447415135,1.0,1.0
2026-03-22T21:10:07.745-705391-778512,771,false,3.3252845588224904,1,2148.579447415135,1.0,1.0
2026-03-22T21:10:07.745-705391-778512,412,false,20.852155149437117,1,2148.579447415135,1.0,1.0
2026-03-22T21:10:07.745-705391-778512,256,false,3.2125988798050074,1,2148.579447415135,1.0,1.0
2026-03-22T21:10:07.745-705391-778512,249,false,0.07938138277058072,1,2148.579447415135,1.0,1.0
2026-03-22T21:10:07.745-705391-778512,919,false,26.498538745627027,1,2148.579447415135,1.0,1.0
2026-03-22T21:10:07.745-705391-778512,358,false,10.237154560045376,1,2148.579447415135,1.0,1.0
2026-03-22T21:10:07.745-705391-778512,4,false,3.435811222352665,1,2148.579447415135,1.0,1.0
2026-03-22T21:10:07.745-705391-778512,628,true,145.83362233944314,1,2002.7458250756918,1.0,0.0
2026-03-22T21:10:07.745-705391-778512,607,false,1.0404020893954191,1,2002.7458250756918,1.0,1.0
2026-03-22T21:10:07.745-705391-778512,952,false,4.312026994102476,1,2002.7458250756918,1.0,1.0
2026-03-22T21:10:07.745-705391-778512,558,false,3.6285838386195386,1,2002.7458250756918,1.0,1.0
2026-03-22T21:10:07.745-705391-778512,544,false,36.88948477380908,1,2002.7458250756918,1.0,1.0
2026-03-22T21:10:07.745-705391-778512,167,false,0.24342499043637503,1,2002.7458250756918,1.0,1.0
2026-03-22T21:10:07.745-705391-778512,37,false,3.7710278259098526,1,2002.7458250756918,1.0,1.0
2026-03-22T21:10:07.745-705391-778512,162,false,1.7833729264413738,1,2002.7458250756918,1.0,1.0
2026-03-22T21:10:07.745-705391-778512,565,false,0.4492322018391292,1,2002.7458250756918,1.0,1.0
2026-03-22T21:10:07.745-705391-778512,219,false,2.472488401879144,1,2002.7458250756918,1.0,1.0
2026-03-22T21:10:07.745-705391-778512,154,false,0.5847080120060795,1,2002.7458250756918,1.0,1.0
2026-03-22T21:10:07.745-705391-778512,260,false,2.0650448281447504,1,2002.7458250756918,1.0,1.0
2026-03-22T21:10:07.745-705391-778512,59,false,0.019041666462398243,1,2002.7458250756918,1.0,1.0
2026-03-22T21:10:07.745-705391-778512,98,false,8.497175677181447,1,2002.7458250756918,1.0,1.0
2026-03-22T21:10:07.745-705391-778512,931,false,16.447679081648406,1,2002.7458250756918,1.0,1.0
2026-03-22T21:10:07.745-705391-778512,569,false,0.3163819823969464,1,2002.7458250756918,1.0,1.0
2026-03-22T21:10:07.745-705391-778512,686,false,6.624405867685696,1,2002.7458250756918,1.0,1.0
2026-03-22T21:10:07.745-705391-778512,278,true,3.3058669967683323,1,1999.4399580789234,1.0,0.0020000000000000018
2026-03-22T21:10:07.745-705391-778512,175,false,6.485573739790171,1,1999.4399580789234,1.0,1.0
2026-03-22T21:10:07.745-705391-778512,643,true,0.667471645643324,1,1998.7724864332802,1.0,0.0
2026-03-22T21:10:07.745-705391-778512,611,false,0.17135721083170466,1,1998.7724864332802,1.0,1.0
2026-03-22T21:10:07.745-705391-778512,841,false,0.9622911050202765,1,1998.7724864332802,1.0,1.0
2026-03-22T21:10:07.745-705391-778512,827,false,3.2922046727537744,1,1998.7724864332802,1.0,1.0
2026-03-22T21:10:07.745-705391-778512,911,false,5.7626864485151215,1,1998.7724864332802,1.0,1.0
2026-03-22T21:10:07.745-705391-778512,581,false,23.240430275562268,1,1998.7724864332802,1.0,1.0
2026-03-22T21:10:07.745-705391-778512,153,false,0.8649166394318472,1,1998.7724864332802,1.0,1.0
2026-03-22T21:10:07.745-705391-778512,31,false,59.81146328105262,1,1998.7724864332802,1.0,1.0
2026-03-22T21:10:07.745-705391-778512,750,false,11.409985379340867,1,1998.7724864332802,1.0,1.0
2026-03-22T21:10:07.745-705391-778512,740,false,0.5344293216757185,1,1998.7724864332802,1.0,1.0
2026-03-22T21:10:07.745-705391-778512,223,false,14.794652988947151,1,1998.7724864332802,1.0,1.0
2026-03-22T21:10:07.745-705391-778512,582,true,0.6689568352778574,1,1998.1035295980023,1.0,0.84
2026-03-22T21:10:07.745-705391-778512,81,true,1.0218223919722658,1,1997.08170720603,1.0,0.0
2026-03-22T21:10:07.745-705391-778512,489,false,0.011265530765529627,1,1997.08170720603,1.0,1.0
2026-03-22T21:10:07.745-705391-778512,809,false,0.6501838074642188,1,1997.08170720603,1.0,1.0
2026-03-22T21:10:07.745-705391-778512,597,false,0.19756168503696483,1,1997.08170720603,1.0,1.0
2026-03-22T21:10:07.745-705391-778512,810,false,0.01714237613336699,1,1997.08170720603,1.0,1.0
2026-03-22T21:10:07.745-705391-778512,548,false,0.08005758990988299,1,1997.08170720603,1.0,1.0
2026-03-22T21:10:07.745-705391-778512,33,false,6.326697165219337,1,1997.08170720603,1.0,1.0
2026-03-22T21:10:07.745-705391-778512,140,true,59.73844615288378,1,1937.343261053146,1.0,0.0
2026-03-22T21:10:07.745-705391-778512,938,false,14.036688990655662,1,1937.343261053146,1.0,1.0
2026-03-22T21:10:07.745-705391-778512,390,false,60.33843311195316,1,1937.343261053146,1.0,1.0
2026-03-22T21:10:07.745-705391-778512,12,false,1.6385076729832933,1,1937.343261053146,1.0,1.0
2026-03-22T21:10:07.745-705391-778512,492,false,9.886807213912705,1,1937.343261053146,1.0,1.0
2026-03-22T21:10:07.745-705391-778512,409,false,4.576995547516114,1,1937.343261053146,1.0,1.0
2026-03-22T21:10:07.745-705391-778512,516,false,6.730911073452621,1,1937.343261053146,1.0,1.0
2026-03-22T21:10:07.745-705391-778512,700,false,54.60795151752243,1,1937.343261053146,1.0,1.0
2026-03-22T21:10:07.745-705391-778512,840,false,0.019682003790160375,1,1937.343261053146,1.0,1.0
2026-03-22T21:10:07.745-705391-778512,466,true,0.47587110470665916,1,1936.8673899484395,1.0,0.0
2026-03-22T21:10:07.745-705391-778512,147,true,3.4066247741670526,1,1933.4607651742724,1.0,0.685
2026-03-22T21:10:07.745-705391-778512,898,false,0.8101217192482091,1,1933.4607651742724,1.0,1.0
2026-03-22T21:10:07.745-705391-778512,276,true,0.781325525687858,1,1932.6794396485845,1.0,0.0
2026-03-22T21:10:07.745-705391-778512,772,false,15.751052339899164,1,1932.6794396485845,1.0,1.0
2026-03-22T21:10:07.745-705391-778512,342,false,0.6202467495073115,1,1932.6794396485845,1.0,1.0
2026-03-22T21:10:07.745-705391-778512,134,true,145.4875896884481,1,1787.1918499601366,1.0,0.0
2026-03-22T21:10:07.745-705391-778512,209,false,2.9444584686299535,1,1787.1918499601366,1.0,1.0
2026-03-22T21:10:07.745-705391-778512,801,false,10.927915139391262,1,1787.1918499601366,1.0,1.0
2026-03-22T21:10:07.745-705391-778512,304,true,3.1232152693947035,1,1784.0686346907419,1.0,0.0
2026-03-22T21:10:07.745-705391-778512,760,false,90.80677145987259,1,1784.0686346907419,1.0,1.0
2026-03-22T21:10:07.745-705391-778512,271,true,5.837615714426172,1,1778.2310189763157,1.0,0.0
2026-03-22T21:10:07.745-705391-778512,608,false,9.807670969325022,1,1778.2310189763157,1.0,1.0
2026-03-22T21:10:07.745-705391-778512,350,false,1.5829671133067929,1,1778.2310189763157,1.0,1.0
2026-03-22T21:10:07.745-705391-778512,1,false,1.3978993299621665,1,1778.2310189763157,1.0,1.0
2026-03-22T21:10:07.745-705391-778512,106,true,15.531758371419942,1,1762.6992606048957,1.0,0.851
2026-03-22T21:10:07.745-705391-778512,508,true,3.318574239046523,1,1759.3806863658492,1.0,0.0
2026-03-22T21:10:07.745-705391-778512,393,false,19.738236603675894,1,1759.3806863658492,1.0,1.0
2026-03-22T21:10:07.745-705391-778512,637,true,0.2824849253041125,1,1759.0982014405452,1.0,0.0
2026-03-22T21:10:07.745-705391-778512,334,false,0.10910484515440032,1,1759.0982014405452,1.0,1.0
2026-03-22T21:10:07.745-705391-778512,792,false,7.445796750017285,1,1759.0982014405452,1.0,1.0
2026-03-22T21:10:07.745-705391-778512,866,false,0.24755038484687206,1,1759.0982014405452,1.0,1.0
2026-03-22T21:10:07.745-705391-778512,847,false,0.5891477485878618,1,1759.0982014405452,1.0,1.0
2026-03-22T21:10:07.745-705391-778512,40,false,3.7797845997214834,1,1759.0982014405452,1.0,1.0
2026-03-22T21:10:07.745-705391-778512,426,false,0.8535671304764344,1,1759.0982014405452,1.0,1.0
2026-03-22T21:10:07.745-705391-778512,599,false,0.36536687842237886,1,1759.0982014405452,1.0,1.0
2026-03-22T21:10:07.745-705391-778512,677,false,34.13270641472483,1,1759.0982014405452,1.0,1.0
2026-03-22T21:10:07.745-705391-778512,530,false,11.763503156333543,1,1759.0982014405452,1.0,1.0
2026-03-22T21:10:07.745-705391-778512,189,false,0.3851920614042378,1,1759.0982014405452,1.0,1.0
2026-03-22T21:10:07.745-705391-778512,630,true,19.19266400727405,1,1739.905537433271,1.0,0.0
2026-03-22T21:10:07.745-705391-778512,942,false,11.599189345820976,1,1739.905537433271,1.0,1.0
2026-03-22T21:10:07.745-705391-778512,449,false,8.919324324298799,1,1739.905537433271,1.0,1.0
2026-03-22T21:10:07.745-705391-778512,8,false,14.541265641952771,1,1739.905537433271,1.0,1.0
2026-03-22T21:10:07.745-705391-778512,964,false,0.44123899728534366,1,1739.905537433271,1.0,1.0
2026-03-22T21:10:07.745-705391-778512,383,false,3.742404683416628,2,1739.905537433271,1.0,1.0
2026-03-22T21:10:07.745-705391-778512,944,false,0.8618426128300188,2,1739.905537433271,1.0,1.0
2026-03-22T21:10:07.745-705391-778512,149,true,8.677569394295245,2,1731.2279680389759,1.0,0.71
2026-03-22T21:10:07.745-705391-778512,812,false,38.66080430465538,2,1731.2279680389759,1.0,1.0
2026-03-22T21:10:07.745-705391-778512,792,false,7.445796750017285,2,1731.2279680389759,1.0,1.0
2026-03-22T21:10:07.745-705391-778512,722,false,0.4276085057855987,2,1731.2279680389759,1.0,1.0
2026-03-22T21:10:07.745-705391-778512,805,false,0.4263283779697809,2,1731.2279680389759,1.0,1.0
2026-03-22T21:10:07.745-705391-778512,608,false,9.807670969325022,2,1731.2279680389759,1.0,1.0
2026-03-22T21:10:07.745-705391-778512,226,false,0.2898548045410527,2,1731.2279680389759,1.0,1.0
2026-03-22T21:10:07.745-705391-778512,488,false,0.014801557030331295,2,1731.2279680389759,1.0,1.0
2026-03-22T21:10:07.745-705391-778512,836,false,18.908690411212127,2,1731.2279680389759,1.0,1.0
2026-03-22T21:10:07.745-705391-778512,168,false,33.125623354878826,2,1731.2279680389759,1.0,1.0
2026-03-22T21:10:07.745-705391-778512,672,false,1.361992601860068,2,1731.2279680389759,1.0,1.0
2026-03-22T21:10:07.745-705391-778512,746,false,3.2035676406156144,2,1731.2279680389759,1.0,1.0
2026-03-22T21:10:07.745-705391-778512,483,false,0.8073945817463656,2,1731.2279680389759,1.0,1.0
2026-03-22T21:10:07.745-705391-778512,516,false,6.730911073452621,2,1731.2279680389759,1.0,1.0
2026-03-22T21:10:07.745-705391-778512,853,false,15.36798738820812,2,1731.2279680389759,1.0,1.0
2026-03-22T21:10:07.745-705391-778512,578,false,17.829567919586474,2,1731.2279680389759,1.0,1.0
2026-03-22T21:10:07.745-705391-778512,1,false,1.3978993299621665,2,1731.2279680389759,1.0,1.0
2026-03-22T21:10:07.745-705391-778512,960,false,33.35551661313415,2,1731.2279680389759,1.0,1.0
2026-03-22T21:10:07.745-705391-778512,731,false,1.1137209806628716,2,1731.2279680389759,1.0,1.0
2026-03-22T21:10:07.745-705391-778512,450,false,6.472906428916398,2,1731.2279680389759,1.0,1.0
2026-03-22T21:10:07.745-705391-778512,360,false,1.6975555470038177,2,1731.2279680389759,1.0,1.0
2026-03-22T21:10:07.745-705391-778512,756,false,10.00134994246106,2,1731.2279680389759,1.0,1.0
2026-03-22T21:10:07.745-705391-778512,285,false,0.4820844545838496,2,1731.2279680389759,1.0,1.0
2026-03-22T21:10:07.745-705391-778512,859,false,1.73283551357954,2,1731.2279680389759,1.0,1.0
2026-03-22T21:10:07.745-705391-778512,525,false,0.4170670102963931,2,1731.2279680389759,1.0,1.0
2026-03-22T21:10:07.745-705391-778512,458,false,8.003880760172933,2,1731.2279680389759,1.0,1.0
2026-03-22T21:10:07.745-705391-778512,215,false,0.23049624596400156,2,1731.2279680389759,1.0,1.0
2026-03-22T21:10:07.745-705391-778512,999,true,3.7775031152107714,2,1727.4504649237651,1.0,0.694
2026-03-22T21:10:07.745-705391-778512,896,false,2.8595553171017096,2,1727.4504649237651,1.0,1.0
2026-03-22T21:10:07.745-705391-778512,698,false,8.07499668187817,2,1727.4504649237651,1.0,1.0
2026-03-22T21:10:07.745-705391-778512,613,false,0.4187054237347065,2,1727.4504649237651,1.0,1.0
2026-03-22T21:10:07.745-705391-778512,283,false,66.18792913634974,2,1727.4504649237651,1.0,1.0
2026-03-22T21:10:07.745-705391-778512,220,false,573.2330433442321,2,1727.4504649237651,1.0,1.0
2026-03-22T21:10:07.745-705391-778512,863,false,3.710098651405153,2,1727.4504649237651,1.0,1.0
2026-03-22T21:10:07.745-705391-778512,586,false,0.16514595776901908,2,1727.4504649237651,1.0,1.0
2026-03-22T21:10:07.745-705391-778512,615,false,12.50226284795505,2,1727.4504649237651,1.0,1.0
2026-03-22T21:10:07.745-705391-778512,543,false,3.868876328166667,2,1727.4504649237651,1.0,1.0
2026-03-22T21:10:07.745-705391-778512,684,false,17.894671196165806,2,1727.4504649237651,1.0,1.0
2026-03-22T21:10:07.745-705391-778512,42,false,1.9136185464477584,2,1727.4504649237651,1.0,1.0
2026-03-22T21:10:07.745-705391-778512,336,false,0.808845693281614,2,1727.4504649237651,1.0,1.0
2026-03-22T21:10:07.745-705391-778512,531,false,3.901589204458293,2,1727.4504649237651,1.0,1.0
2026-03-22T21:10:07.745-705391-778512,547,false,12.206271045826911,2,1727.4504649237651,1.0,1.0
2026-03-22T21:10:07.745-705391-778512,117,false,1.3706110720322968,2,1727.4504649237651,1.0,1.0
2026-03-22T21:10:07.745-705391-778512,844,false,5.040749897462861,2,1727.4504649237651,1.0,1.0
2026-03-22T21:10:07.745-705391-778512,748,false,1.315039580521356,2,1727.4504649237651,1.0,1.0
2026-03-22T21:10:07.745-705391-778512,211,false,0.621961997381977,2,1727.4504649237651,1.0,1.0
2026-03-22T21:10:07.745-705391-778512,906,false,2.5605554101314416,2,1727.4504649237651,1.0,1.0
2026-03-22T21:10:07.745-705391-778512,146,true,0.4895034829540222,2,1726.9609614408112,1.0,0.0
2026-03-22T21:10:07.745-705391-778512,777,false,2.5498711884722227,2,1726.9609614408112,1.0,1.0
2026-03-22T21:10:07.745-705391-778512,839,false,11.421199157243617,2,1726.9609614408112,1.0,1.0
2026-03-22T21:10:07.745-705391-778512,878,false,0.38618886459508694,2,1726.9609614408112,1.0,1.0
2026-03-22T21:10:07.745-705391-778512,901,false,2.3400046795927945,2,1726.9609614408112,1.0,1.0
2026-03-22T21:10:07.745-705391-778512,438,false,16.156112085660883,2,1726.9609614408112,1.0,1.0
2026-03-22T21:10:07.745-705391-778512,193,false,4.339040221827739,2,1726.9609614408112,1.0,1.0
2026-03-22T21:10:07.745-705391-778512,31,false,59.81146328105262,2,1726.9609614408112,1.0,1.0
2026-03-22T21:10:07.745-705391-778512,779,false,24.033646154706563,2,1726.9609614408112,1.0,1.0
2026-03-22T21:10:07.745-705391-778512,376,false,0.058011716858659974,2,1726.9609614408112,1.0,1.0
2026-03-22T21:10:07.745-705391-778512,815,false,1.2344718878176635,2,1726.9609614408112,1.0,1.0
2026-03-22T21:10:07.745-705391-778512,542,false,0.7049888368341347,2,1726.9609614408112,1.0,1.0
2026-03-22T21:10:07.745-705391-778512,64,true,0.4555066634464707,2,1726.5054547773648,1.0,0.0
2026-03-22T21:10:07.745-705391-778512,736,false,0.3469395782350323,2,1726.5054547773648,1.0,1.0
2026-03-22T21:10:07.745-705391-778512,361,false,7.328913931662084,2,1726.5054547773648,1.0,1.0
2026-03-22T21:10:07.745-705391-778512,913,false,0.01086809615669902,2,1726.5054547773648,1.0,1.0
2026-03-22T21:10:07.745-705391-778512,766,false,0.2004092468442416,2,1726.5054547773648,1.0,1.0
2026-03-22T21:10:07.745-705391-778512,968,false,16.207358957804168,2,1726.5054547773648,1.0,1.0
2026-03-22T21:10:07.745-705391-778512,159,false,2.6210350632590202,2,1726.5054547773648,1.0,1.0
2026-03-22T21:10:07.745-705391-778512,953,false,1.1001109764859096,2,1726.5054547773648,1.0,1.0
2026-03-22T21:10:07.745-705391-778512,48,false,34.87029790447723,2,1726.5054547773648,1.0,1.0
2026-03-22T21:10:07.745-705391-778512,758,false,3.9236224760062313,2,1726.5054547773648,1.0,1.0
2026-03-22T21:10:07.745-705391-778512,886,false,70.74056312038397,2,1726.5054547773648,1.0,1.0
2026-03-22T21:10:07.745-705391-778512,553,false,363.9031022723775,2,1726.5054547773648,1.0,1.0
2026-03-22T21:10:07.745-705391-778512,838,false,10.811852478263996,2,1726.5054547773648,1.0,1.0
2026-03-22T21:10:07.745-705391-778512,568,false,3.2525161513144094,2,1726.5054547773648,1.0,1.0
2026-03-22T21:10:07.745-705391-778512,831,false,2.719242561463027,2,1726.5054547773648,1.0,1.0
2026-03-22T21:10:07.745-705391-778512,565,false,0.4492322018391292,2,1726.5054547773648,1.0,1.0
2026-03-22T21:10:07.745-705391-778512,300,false,0.06273962160624028,2,1726.5054547773648,1.0,1.0
2026-03-22T21:10:07.745-705391-778512,248,true,22.624988306780395,2,1703.8804664705845,1.0,0.675
2026-03-22T21:10:07.745-705391-778512,939,false,0.5382403764566931,2,1703.8804664705845,1.0,1.0
2026-03-22T21:10:07.745-705391-778512,244,true,5.4649753577808395,2,1698.4154911128037,1.0,0.967
2026-03-22T21:10:07.745-705391-778512,39,false,5.994537417930549,2,1698.4154911128037,1.0,1.0
2026-03-22T21:10:07.745-705391-778512,982,false,4.999418874915445,2,1698.4154911128037,1.0,1.0
2026-03-22T21:10:07.745-705391-778512,107,true,9.547297215688893,2,1688.868193897115,1.0,0.683
2026-03-22T21:10:07.745-705391-778512,314,false,16.640510062044957,2,1688.868193897115,1.0,1.0
2026-03-22T21:10:07.745-705391-778512,767,false,0.3397498787549837,2,1688.868193897115,1.0,1.0
2026-03-22T21:10:07.745-705391-778512,92,true,12.03429475257343,2,1676.8338991445414,1.0,0.631
2026-03-22T21:10:07.745-705391-778512,795,false,5.498839840810027,2,1676.8338991445414,1.0,1.0
2026-03-22T21:10:07.745-705391-778512,254,false,0.3050315348855947,2,1676.8338991445414,1.0,1.0
2026-03-22T21:10:07.745-705391-778512,617,false,4.119711105454922,2,1676.8338991445414,1.0,1.0
2026-03-22T21:10:07.745-705391-778512,934,false,0.007096822000976472,2,1676.8338991445414,1.0,1.0
2026-03-22T21:10:07.745-705391-778512,503,true,2.7019245021584344,2,1674.131974642383,1.0,0.0
2026-03-22T21:10:07.745-705391-778512,709,false,4.621082716193305,2,1674.131974642383,1.0,1.0
2026-03-22T21:10:07.745-705391-778512,663,false,15.641613326251084,2,1674.131974642383,1.0,1.0
2026-03-22T21:10:07.745-705391-778512,174,false,2.37635146402505,2,1674.131974642383,1.0,1.0
2026-03-22T21:10:07.745-705391-778512,832,false,21.01603879678058,2,1674.131974642383,1.0,1.0
2026-03-22T21:10:07.745-705391-778512,262,false,19.309723574636372,2,1674.131974642383,1.0,1.0
2026-03-22T21:10:07.745-705391-778512,604,false,0.07375511802427435,2,1674.131974642383,1.0,1.0
2026-03-22T21:10:07.745-705391-778512,711,false,67.16232331005891,2,1674.131974642383,1.0,1.0
2026-03-22T21:10:07.745-705391-778512,26,false,0.18216613873850845,2,1674.131974642383,1.0,1.0
2026-03-22T21:10:07.745-705391-778512,946,false,0.48181432992205775,2,1674.131974642383,1.0,1.0
2026-03-22T21:10:07.745-705391-778512,671,false,10.013272910881788,2,1674.131974642383,1.0,1.0
2026-03-22T21:10:07.745-705391-778512,830,false,0.07993994733999629,2,1674.131974642383,1.0,1.0
2026-03-22T21:10:07.745-705391-778512,784,false,8.892495807546766,2,1674.131974642383,1.0,1.0
2026-03-22T21:10:07.745-705391-778512,967,false,8.935583025747338,2,1674.131974642383,1.0,1.0
2026-03-22T21:10:07.745-705391-778512,544,false,36.88948477380908,2,1674.131974642383,1.0,1.0
2026-03-22T21:10:07.745-705391-778512,518,false,0.2023974927565166,2,1674.131974642383,1.0,1.0
2026-03-22T21:10:07.745-705391-778512,108,true,5.906853219771336,2,1668.2251214226117,1.0,0.0
2026-03-22T21:10:07.745-705391-778512,536,false,44.752454862465235,2,1668.2251214226117,1.0,1.0
2026-03-22T21:10:07.745-705391-778512,898,false,0.8101217192482091,2,1668.2251214226117,1.0,1.0
2026-03-22T21:10:07.745-705391-778512,5,false,13.249334300001705,2,1668.2251214226117,1.0,1.0
2026-03-22T21:10:07.745-705391-778512,486,false,10.515150925694332,2,1668.2251214226117,1.0,1.0
2026-03-22T21:10:07.745-705391-778512,236,false,16.267666610030982,2,1668.2251214226117,1.0,1.0
2026-03-22T21:10:07.745-705391-778512,7,false,2.3807179149716826,2,1668.2251214226117,1.0,1.0
2026-03-22T21:10:07.745-705391-778512,522,false,13.858078665621129,2,1668.2251214226117,1.0,1.0
2026-03-22T21:10:07.745-705391-778512,171,false,0.4560419406911837,2,1668.2251214226117,1.0,1.0
2026-03-22T21:10:07.745-705391-778512,669,false,14.217331758107363,2,1668.2251214226117,1.0,1.0
2026-03-22T21:10:07.745-705391-778512,68,false,0.03606662116538796,2,1668.2251214226117,1.0,1.0
2026-03-22T21:10:07.745-705391-778512,385,false,3.2027893987886653,2,1668.2251214226117,1.0,1.0
2026-03-22T21:10:07.745-705391-778512,740,false,0.5344293216757185,2,1668.2251214226117,1.0,1.0
2026-03-22T21:10:07.745-705391-778512,348,false,0.49992855004003295,2,1668.2251214226117,1.0,1.0
2026-03-22T21:10:07.745-705391-778512,744,false,2.392634713600437,2,1668.2251214226117,1.0,1.0
2026-03-22T21:10:07.745-705391-778512,952,false,4.312026994102476,2,1668.2251214226117,1.0,1.0
2026-03-22T21:10:07.745-705391-778512,715,false,3.837002337154213,2,1668.2251214226117,1.0,1.0
2026-03-22T21:10:07.745-705391-778512,950,false,0.2906942194386634,2,1668.2251214226117,1.0,1.0
2026-03-22T21:10:07.745-705391-778512,535,false,3.73421247676535,2,1668.2251214226117,1.0,1.0
2026-03-22T21:10:07.745-705391-778512,372,false,80.31203427833132,2,1668.2251214226117,1.0,1.0
2026-03-22T21:10:07.745-705391-778512,84,true,12.67755175768424,2,1655.5475696649273,1.0,0.0
2026-03-22T21:10:07.745-705391-778512,310,true,0.24180882969340634,2,1655.305760835234,1.0,0.0
2026-03-22T21:10:07.745-705391-778512,811,false,12.929996956154271,2,1655.305760835234,1.0,1.0
2026-03-22T21:10:07.745-705391-778512,540,false,3.4064464317540155,2,1655.305760835234,1.0,1.0
2026-03-22T21:10:07.745-705391-778512,205,false,0.35908318543511586,2,1655.305760835234,1.0,1.0
2026-03-22T21:10:07.745-705391-778512,569,false,0.3163819823969464,2,1655.305760835234,1.0,1.0
2026-03-22T21:10:07.745-705391-778512,404,false,1.0466572750208147,2,1655.305760835234,1.0,1.0
2026-03-22T21:10:07.745-705391-778512,342,false,0.6202467495073115,2,1655.305760835234,1.0,1.0
2026-03-22T21:10:07.745-705391-778512,877,false,0.49896147329740853,2,1655.305760835234,1.0,1.0
2026-03-22T21:10:07.745-705391-778512,665,false,3.1933618843393714,2,1655.305760835234,1.0,1.0
2026-03-22T21:10:07.745-705391-778512,683,true,2.0619587589393937,2,1653.2438020762945,1.0,0.851
2026-03-22T21:10:07.745-705391-778512,797,false,0.46206685204525955,2,1653.2438020762945,1.0,1.0
2026-03-22T21:10:07.745-705391-778512,120,false,12.167791977623137,2,1653.2438020762945,1.0,1.0
2026-03-22T21:10:07.745-705391-778512,50,false,12.071410018735776,2,1653.2438020762945,1.0,1.0
2026-03-22T21:10:07.745-705391-778512,616,false,12.138612477148799,2,1653.2438020762945,1.0,1.0
2026-03-22T21:10:07.745-705391-778512,448,false,14.581373135492257,2,1653.2438020762945,1.0,1.0
2026-03-22T21:10:07.745-705391-778512,111,true,16.127333724619625,2,1637.116468351675,1.0,0.6859999999999999
2026-03-22T21:10:07.745-705391-778512,381,false,6.550136177952692,2,1637.116468351675,1.0,1.0
2026-03-22T21:10:07.745-705391-778512,392,false,1.0899005894200722,2,1637.116468351675,1.0,1.0
2026-03-22T21:10:07.745-705391-778512,429,false,20.634529342364594,2,1637.116468351675,1.0,1.0
2026-03-22T21:10:07.745-705391-778512,56,false,2.062581388770672,2,1637.116468351675,1.0,1.0
2026-03-22T21:10:07.745-705391-778512,419,false,26.787555185252195,2,1637.116468351675,1.0,1.0
2026-03-22T21:10:07.745-705391-778512,375,false,0.24164805596109082,2,1637.116468351675,1.0,1.0
2026-03-22T21:10:07.745-705391-778512,769,false,0.41693729046719424,2,1637.116468351675,1.0,1.0
2026-03-22T21:10:07.745-705391-778512,633,true,6.003765458193208,2,1631.1127028934818,1.0,0.0
2026-03-22T21:10:07.745-705391-778512,533,false,1.1752416574976359,2,1631.1127028934818,1.0,1.0
2026-03-22T21:10:07.745-705391-778512,123,true,16.43973439122964,2,1614.6729685022522,1.0,0.679
2026-03-22T21:10:07.745-705391-778512,221,false,588.728943788081,2,1614.6729685022522,1.0,1.0
2026-03-22T21:10:07.745-705391-778512,695,false,0.345276736900684,2,1614.6729685022522,1.0,1.0
2026-03-22T21:10:07.745-705391-778512,635,true,0.431077909853368,2,1614.2418905923987,1.0,0.0
2026-03-22T21:10:07.745-705391-778512,290,true,0.3447827267562331,2,1613.8971078656425,1.0,0.0
2026-03-22T21:10:07.745-705391-778512,590,false,1.578212187704368,2,1613.8971078656425,1.0,1.0
2026-03-22T21:10:07.745-705391-778512,408,false,0.8874417940964936,2,1613.8971078656425,1.0,1.0
2026-03-22T21:10:07.745-705391-778512,341,false,3.0145183660915493,2,1613.8971078656425,1.0,1.0
2026-03-22T21:10:07.745-705391-778512,513,false,0.2819754383086005,2,1613.8971078656425,1.0,1.0
2026-03-22T21:10:07.745-705391-778512,461,true,1.08534678977286,2,1612.8117610758698,1.0,0.0
2026-03-22T21:10:07.745-705391-778512,105,true,24.02858970637838,2,1588.7831713694914,1.0,0.0
2026-03-22T21:10:07.745-705391-778512,186,false,4.000762735333742,2,1588.7831713694914,1.0,1.0
2026-03-22T21:10:07.745-705391-778512,354,false,0.0870060957948659,2,1588.7831713694914,1.0,1.0
2026-03-22T21:10:07.745-705391-778512,821,true,0.4440725807334803,2,1588.3390987887578,1.0,0.846
2026-03-22T21:10:07.745-705391-778512,595,false,2.123610933794825,2,1588.3390987887578,1.0,1.0
2026-03-22T21:10:07.745-705391-778512,388,false,0.09532254601935593,2,1588.3390987887578,1.0,1.0
2026-03-22T21:10:07.745-705391-778512,760,false,90.80677145987259,2,1588.3390987887578,1.0,1.0
2026-03-22T21:10:07.745-705391-778512,93,true,8.481740244205344,2,1579.8573585445524,1.0,0.675
2026-03-22T21:10:07.745-705391-778512,908,false,0.48631586315328623,2,1579.8573585445524,1.0,1.0
2026-03-22T21:10:07.745-705391-778512,131,false,0.20565985736106016,2,1579.8573585445524,1.0,1.0
2026-03-22T21:10:07.745-705391-778512,208,false,8.181052223617279,2,1579.8573585445524,1.0,1.0
2026-03-22T21:10:07.745-705391-778512,639,true,1.2066080919693882,2,1578.650750452583,1.0,0.0
2026-03-22T21:10:07.745-705391-778512,717,false,7.205660765163737,2,1578.650750452583,1.0,1.0
2026-03-22T21:10:07.745-705391-778512,699,true,0.7408272000753642,2,1577.9099232525077,1.0,0.918
2026-03-22T21:10:07.745-705391-778512,469,false,0.1383380775879653,2,1577.9099232525077,1.0,1.0
2026-03-22T21:10:07.745-705391-778512,802,false,1.7804062089994082,2,1577.9099232525077,1.0,1.0
2026-03-22T21:10:07.745-705391-778512,413,false,92.2408025707112,2,1577.9099232525077,1.0,1.0
2026-03-22T21:10:07.745-705391-778512,318,false,0.37357003150108836,2,1577.9099232525077,1.0,1.0
2026-03-22T21:10:07.745-705391-778512,337,false,1.4662923792693878,2,1577.9099232525077,1.0,1.0
2026-03-22T21:10:07.745-705391-778512,33,false,6.326697165219337,2,1577.9099232525077,1.0,1.0
2026-03-22T21:10:07.745-705391-778512,625,true,7.753171669860294,2,1570.1567515826475,1.0,0.635
2026-03-22T21:10:07.745-705391-778512,241,true,17.791497931246862,2,1552.3652536514007,1.0,0.633
2026-03-22T21:10:07.745-705391-778512,820,true,47.98305736982665,2,1504.3821962815741,1.0,0.673
2026-03-22T21:10:07.745-705391-778512,551,false,0.3445428731772904,2,1504.3821962815741,1.0,1.0
2026-03-22T21:10:07.745-705391-778512,61,true,0.3032919231341881,2,1504.07890435844,1.0,0.7130000000000001
2026-03-22T21:10:07.745-705391-778512,675,false,2.12834830078783,2,1504.07890435844,1.0,1.0
2026-03-22T21:10:07.745-705391-778512,410,false,5.900503931165975,2,1504.07890435844,1.0,1.0
2026-03-22T21:10:07.745-705391-778512,230,false,6.766813575508707,2,1504.07890435844,1.0,1.0
2026-03-22T21:10:07.745-705391-778512,370,false,0.455275066291987,2,1504.07890435844,1.0,1.0
2026-03-22T21:10:07.745-705391-778512,187,false,16.233162113923754,2,1504.07890435844,1.0,1.0
2026-03-22T21:10:07.745-705391-778512,570,false,10.249156956946193,2,1504.07890435844,1.0,1.0
2026-03-22T21:10:07.745-705391-778512,15,false,0.46176358377886917,2,1504.07890435844,1.0,1.0
2026-03-22T21:10:07.745-705391-778512,827,false,3.2922046727537744,2,1504.07890435844,1.0,1.0
2026-03-22T21:10:07.745-705391-778512,78,false,0.028797418133028326,2,1504.07890435844,1.0,1.0
2026-03-22T21:10:07.745-705391-778512,986,false,0.15052926517728732,2,1504.07890435844,1.0,1.0
2026-03-22T21:10:07.745-705391-778512,759,false,0.23673811609581247,2,1504.07890435844,1.0,1.0
2026-03-22T21:10:07.745-705391-778512,537,false,31.106940061892384,2,1504.07890435844,1.0,1.0
2026-03-22T21:10:07.745-705391-778512,30,false,11.727948654106642,2,1504.07890435844,1.0,1.0
2026-03-22T21:10:07.745-705391-778512,389,false,127.23314061585369,2,1504.07890435844,1.0,1.0
2026-03-22T21:10:07.745-705391-778512,393,false,19.738236603675894,2,1504.07890435844,1.0,1.0
2026-03-22T21:10:07.745-705391-778512,511,true,1.462366328173537,2,1502.6165380302664,1.0,0.0
2026-03-22T21:10:07.745-705391-778512,232,false,5.959537967209211,2,1502.6165380302664,1.0,1.0
2026-03-22T21:10:07.745-705391-778512,816,false,2.9543873203367945,2,1502.6165380302664,1.0,1.0
2026-03-22T21:10:07.745-705391-778512,76,true,1.7601237816454862,2,1500.856414248621,1.0,0.0
2026-03-22T21:10:07.745-705391-778512,658,false,0.19562004430843122,2,1500.856414248621,1.0,1.0
2026-03-22T21:10:07.745-705391-778512,659,false,3.276584504753522,2,1500.856414248621,1.0,1.0
2026-03-22T21:10:07.745-705391-778512,754,false,0.32083011912747234,2,1500.856414248621,1.0,1.0
2026-03-22T21:10:07.745-705391-778512,641,true,32.38376917191951,2,1468.4726450767014,1.0,0.0
2026-03-22T21:10:07.745-705391-778512,813,false,0.6526505319886574,2,1468.4726450767014,1.0,1.0
2026-03-22T21:10:07.745-705391-778512,546,false,2.4991772282140348,2,1468.4726450767014,1.0,1.0
2026-03-22T21:10:07.745-705391-778512,368,false,0.006424366577212016,2,1468.4726450767014,1.0,1.0
2026-03-22T21:10:07.745-705391-778512,555,false,45.618106671409656,2,1468.4726450767014,1.0,1.0
2026-03-22T21:10:07.745-705391-778512,234,false,47.154121862049614,2,1468.4726450767014,1.0,1.0
2026-03-22T21:10:07.745-705391-778512,489,false,0.011265530765529627,2,1468.4726450767014,1.0,1.0
2026-03-22T21:10:07.745-705391-778512,104,true,1.4282404731212308,2,1467.0444046035802,1.0,0.0
2026-03-22T21:10:07.745-705391-778512,401,false,0.0440146272458555,2,1467.0444046035802,1.0,1.0
2026-03-22T21:10:07.745-705391-778512,165,false,3.7281365410284146,2,1467.0444046035802,1.0,1.0
2026-03-22T21:10:07.745-705391-778512,411,false,41.20129910375564,2,1467.0444046035802,1.0,1.0
2026-03-22T21:10:07.745-705391-778512,891,false,6.636122360533035,2,1467.0444046035802,1.0,1.0
2026-03-22T21:10:07.745-705391-778512,222,false,0.25280126427017563,2,1467.0444046035802,1.0,1.0
2026-03-22T21:10:07.745-705391-778512,706,false,0.13542930680693874,2,1467.0444046035802,1.0,1.0
2026-03-22T21:10:07.745-705391-778512,574,false,0.6367354613916949,2,1467.0444046035802,1.0,1.0
2026-03-22T21:10:07.745-705391-778512,876,true,0.9706855480646489,2,1466.0737190555155,1.0,0.849
2026-03-22T21:10:07.745-705391-778512,52,false,6.007900734023112,2,1466.0737190555155,1.0,1.0
2026-03-22T21:10:07.745-705391-778512,62,false,0.18176040880439492,2,1466.0737190555155,1.0,1.0
2026-03-22T21:10:07.745-705391-778512,856,false,0.07479375386432871,2,1466.0737190555155,1.0,1.0
2026-03-22T21:10:07.745-705391-778512,603,false,11.331870469411653,2,1466.0737190555155,1.0,1.0
2026-03-22T21:10:07.745-705391-778512,732,false,0.12960871720093828,2,1466.0737190555155,1.0,1.0
2026-03-22T21:10:07.745-705391-778512,359,false,0.44272848459536723,2,1466.0737190555155,1.0,1.0
2026-03-22T21:10:07.745-705391-778512,484,false,2.258358936191398,2,1466.0737190555155,1.0,1.0
2026-03-22T21:10:07.745-705391-778512,920,false,0.09209507866432091,2,1466.0737190555155,1.0,1.0
2026-03-22T21:10:07.745-705391-778512,804,false,71.49841527799906,2,1466.0737190555155,1.0,1.0
2026-03-22T21:10:07.745-705391-778512,363,false,6.787843129745291,2,1466.0737190555155,1.0,1.0
2026-03-22T21:10:07.745-705391-778512,203,false,4.3751428470425,2,1466.0737190555155,1.0,1.0
2026-03-22T21:10:07.745-705391-778512,971,false,1.0963477848874958,2,1466.0737190555155,1.0,1.0
2026-03-22T21:10:07.745-705391-778512,160,false,0.5135469057890681,2,1466.0737190555155,1.0,1.0
2026-03-22T21:10:07.745-705391-778512,822,true,115.2032067966923,2,1350.8705122588233,1.0,0.0
2026-03-22T21:10:07.745-705391-778512,263,true,9.217302847751737,2,1341.6532094110717,1.0,0.6890000000000001
2026-03-22T21:10:07.745-705391-778512,415,false,2.1323820111586382,2,1341.6532094110717,1.0,1.0
2026-03-22T21:10:07.745-705391-778512,660,false,4.6716143367655265,2,1341.6532094110717,1.0,1.0
2026-03-22T21:10:07.745-705391-778512,152,true,6.300714868000377,2,1335.3524945430713,1.0,0.6819999999999999
2026-03-22T21:10:07.745-705391-778512,961,false,4.044524521613997,2,1335.3524945430713,1.0,1.0
2026-03-22T21:10:07.745-705391-778512,587,false,2.7397392714279922,2,1335.3524945430713,1.0,1.0
2026-03-22T21:10:07.745-705391-778512,799,false,17.79894320560212,2,1335.3524945430713,1.0,1.0
2026-03-22T21:10:07.745-705391-778512,741,false,4.742941873981703,2,1335.3524945430713,1.0,1.0
2026-03-22T21:10:07.745-705391-778512,20,true,0.9470045661838447,2,1334.4054899768876,1.0,0.855
2026-03-22T21:10:07.745-705391-778512,115,false,2.1167816187586097,2,1334.4054899768876,1.0,1.0
2026-03-22T21:10:07.745-705391-778512,940,false,6.167339407809117,2,1334.4054899768876,1.0,1.0
2026-03-22T21:10:07.745-705391-778512,9,false,0.7961230910836135,2,1334.4054899768876,1.0,1.0
2026-03-22T21:10:07.745-705391-778512,240,true,0.527329924670112,2,1333.8781600522175,1.0,0.694
2026-03-22T21:10:07.745-705391-778512,995,true,4.295192967396788,2,1329.5829670848207,1.0,0.671
2026-03-22T21:10:07.745-705391-778512,981,false,4.865219618456861,2,1329.5829670848207,1.0,1.0
2026-03-22T21:10:07.745-705391-778512,356,false,31.17459336007428,2,1329.5829670848207,1.0,1.0
2026-03-22T21:10:07.745-705391-778512,591,false,0.13102763334498127,2,1329.5829670848207,1.0,1.0
2026-03-22T21:10:07.745-705391-778512,573,false,0.7674247868641857,2,1329.5829670848207,1.0,1.0
2026-03-22T21:10:07.745-705391-778512,237,true,0.8128755751266646,2,1328.770091509694,1.0,0.863
2026-03-22T21:10:07.745-705391-778512,183,false,1.6447601512828236,2,1328.770091509694,1.0,1.0
2026-03-22T21:10:07.745-705391-778512,545,false,50.88935330654989,2,1328.770091509694,1.0,1.0
2026-03-22T21:10:07.745-705391-778512,387,false,5.789493444050574,2,1328.770091509694,1.0,1.0
2026-03-22T21:10:07.745-705391-778512,638,true,2.6303305761076365,2,1326.1397609335866,1.0,0.0
2026-03-22T21:10:07.745-705391-778512,313,true,0.8272541179831536,2,1325.3125068156035,1.0,0.6799999999999999
2026-03-22T21:10:07.745-705391-778512,534,false,15.218436933678845,2,1325.3125068156035,1.0,1.0
2026-03-22T21:10:07.745-705391-778512,1000,true,3.887490649058654,2,1321.4250161665448,1.0,0.675
2026-03-22T21:10:07.745-705391-778512,3,true,6.930616170909713,2,1314.4943999956351,1.0,0.696
2026-03-22T21:10:07.745-705391-778512,948,false,3.393961741592155,2,1314.4943999956351,1.0,1.0
2026-03-22T21:10:07.745-705391-778512,459,true,0.9312536379544417,2,1313.5631463576808,1.0,0.08999999999999997
2026-03-22T21:10:07.745-705391-778512,626,true,26.493913200383716,2,1287.069233157297,1.0,0.0
2026-03-22T21:10:07.745-705391-778512,793,false,4.043067272197129,2,1287.069233157297,1.0,1.0
2026-03-22T21:10:07.745-705391-778512,823,true,0.5538270127985354,2,1286.5154061444985,1.0,0.0
2026-03-22T21:10:07.745-705391-778512,790,false,0.40068496684155347,2,1286.5154061444985,1.0,1.0
2026-03-22T21:10:07.745-705391-778512,930,false,1.045767779584904,2,1286.5154061444985,1.0,1.0
2026-03-22T21:10:07.745-705391-778512,202,false,2.5614687797113977,2,1286.5154061444985,1.0,1.0
2026-03-22T21:10:07.745-705391-778512,879,true,4.927048796577631,2,1281.588357347921,1.0,0.688
2026-03-22T21:10:07.745-705391-778512,119,false,2.2933242457883707,2,1281.588357347921,1.0,1.0
2026-03-22T21:10:07.745-705391-778512,972,false,2.278280159214959,2,1281.588357347921,1.0,1.0
2026-03-22T21:10:07.745-705391-778512,374,false,264.9111207472448,2,1281.588357347921,1.0,1.0
2026-03-22T21:10:07.745-705391-778512,852,false,281.4877486803875,2,1281.588357347921,1.0,1.0
2026-03-22T21:10:07.745-705391-778512,862,false,2.8262992524076833,2,1281.588357347921,1.0,1.0
2026-03-22T21:10:07.745-705391-778512,558,false,3.6285838386195386,2,1281.588357347921,1.0,1.0
2026-03-22T21:10:07.745-705391-778512,884,false,0.6971444917764155,2,1281.588357347921,1.0,1.0
2026-03-22T21:10:07.745-705391-778512,209,false,2.9444584686299535,2,1281.588357347921,1.0,1.0
2026-03-22T21:10:07.745-705391-778512,712,false,1.4862083197948748,2,1281.588357347921,1.0,1.0
2026-03-22T21:10:07.745-705391-778512,378,false,3.9873656031603377,2,1281.588357347921,1.0,1.0
2026-03-22T21:10:07.745-705391-778512,287,true,20.145018424045006,2,1261.443338923876,1.0,0.673
2026-03-22T21:10:07.745-705391-778512,563,false,5.224106639865615,2,1261.443338923876,1.0,1.0
2026-03-22T21:10:07.745-705391-778512,959,false,2.924618204325779,2,1261.443338923876,1.0,1.0
2026-03-22T21:10:07.745-705391-778512,85,true,0.708638679337331,2,1260.7347002445385,1.0,0.0
2026-03-22T21:10:07.745-705391-778512,128,false,0.1321470395971316,2,1260.7347002445385,1.0,1.0
2026-03-22T21:10:07.745-705391-778512,524,false,0.876143357517225,2,1260.7347002445385,1.0,1.0
2026-03-22T21:10:07.745-705391-778512,345,false,1.1298671558485713,2,1260.7347002445385,1.0,1.0
2026-03-22T21:10:07.745-705391-778512,870,false,5.653952157935257,2,1260.7347002445385,1.0,1.0
2026-03-22T21:10:07.745-705391-778512,597,false,0.19756168503696483,2,1260.7347002445385,1.0,1.0
2026-03-22T21:10:07.745-705391-778512,500,true,0.747688293320291,2,1259.9870119512182,1.0,0.0
2026-03-22T21:10:07.745-705391-778512,796,false,0.14425121093447607,2,1259.9870119512182,1.0,1.0
2026-03-22T21:10:07.745-705391-778512,857,false,6.983359527647262,2,1259.9870119512182,1.0,1.0
2026-03-22T21:10:07.745-705391-778512,431,false,2.8026692052520756,2,1259.9870119512182,1.0,1.0
2026-03-22T21:10:07.745-705391-778512,397,false,0.1298169336604557,2,1259.9870119512182,1.0,1.0
2026-03-22T21:10:07.745-705391-778512,58,true,2.4121201769168326,2,1257.5748917743012,1.0,0.8109999999999999
2026-03-22T21:10:07.745-705391-778512,942,false,11.599189345820976,2,1257.5748917743012,1.0,1.0
2026-03-22T21:10:07.745-705391-778512,441,false,0.7790468018432034,2,1257.5748917743012,1.0,1.0
2026-03-22T21:10:07.745-705391-778512,826,true,9.030593792158262,2,1248.544297982143,1.0,0.848
2026-03-22T21:10:07.745-705391-778512,998,true,16.081252370793496,2,1232.4630456113496,1.0,0.0
2026-03-22T21:10:07.745-705391-778512,126,true,2.761907801871941,2,1229.7011378094776,1.0,0.0
2026-03-22T21:10:07.745-705391-778512,157,false,6.945173575160431,2,1229.7011378094776,1.0,1.0
2026-03-22T21:10:07.745-705391-778512,405,false,1.8321728963631208,2,1229.7011378094776,1.0,1.0
2026-03-22T21:10:07.745-705391-778512,190,false,45.442263233716695,2,1229.7011378094776,1.0,1.0
2026-03-22T21:10:07.745-705391-778512,768,false,0.05121282886818905,2,1229.7011378094776,1.0,1.0
2026-03-22T21:10:07.745-705391-778512,63,true,28.111636395315994,2,1201.5895014141615,1.0,0.0
2026-03-22T21:10:07.745-705391-778512,36,false,16.620892956686433,2,1201.5895014141615,1.0,1.0
2026-03-22T21:10:07.745-705391-778512,632,true,0.29698368226545074,2,1201.2925177318962,1.0,0.0
2026-03-22T21:10:07.745-705391-778512,145,true,123.72511456893265,2,1077.5674031629635,1.0,0.0
2026-03-22T21:10:07.745-705391-778512,281,false,0.043280243392969354,2,1077.5674031629635,1.0,1.0
2026-03-22T21:10:07.745-705391-778512,935,false,31.243659086032327,2,1077.5674031629635,1.0,1.0
2026-03-22T21:10:07.745-705391-778512,13,false,692.2084317802942,2,1077.5674031629635,1.0,1.0
2026-03-22T21:10:07.745-705391-778512,315,true,2.8424137126354725,2,1074.724989450328,1.0,0.6859999999999999
2026-03-22T21:10:07.745-705391-778512,170,false,2.4731718428692253,2,1074.724989450328,1.0,1.0
2026-03-22T21:10:07.745-705391-778512,214,false,3.8876948796416233,2,1074.724989450328,1.0,1.0
2026-03-22T21:10:07.745-705391-778512,305,true,2.9258512149568032,2,1071.7991382353712,1.0,0.0
2026-03-22T21:10:07.745-705391-778512,247,true,2.434005694498513,2,1069.3651325408728,1.0,0.0
2026-03-22T21:10:07.745-705391-778512,992,true,4.851856439950143,2,1064.5132761009227,1.0,0.688
2026-03-22T21:10:07.745-705391-778512,439,false,2.346866506888885,2,1064.5132761009227,1.0,1.0
2026-03-22T21:10:07.745-705391-778512,21,true,13.869764927513152,2,1050.6435111734095,1.0,0.642
2026-03-22T21:10:07.745-705391-778512,49,false,0.5133140915345198,2,1050.6435111734095,1.0,1.0
2026-03-22T21:10:07.745-705391-778512,874,true,25.35762673448201,2,1025.2858844389275,1.0,0.642
2026-03-22T21:10:07.745-705391-778512,702,true,56.73102836941645,2,968.5548560695111,1.0,0.017000000000000015
2026-03-22T21:10:07.745-705391-778512,425,false,3.1770473798994097,2,968.5548560695111,1.0,1.0
2026-03-22T21:10:07.745-705391-778512,917,false,2.486656848439989,2,968.5548560695111,1.0,1.0
2026-03-22T21:10:07.745-705391-778512,914,false,0.889142696598138,2,968.5548560695111,1.0,1.0
2026-03-22T21:10:07.745-705391-778512,783,false,6.653529616136644,2,968.5548560695111,1.0,1.0
2026-03-22T21:10:07.745-705391-778512,477,false,0.1128708548335929,2,968.5548560695111,1.0,1.0
2026-03-22T21:10:07.745-705391-778512,987,false,0.21549488731606306,2,968.5548560695111,1.0,1.0
2026-03-22T21:10:07.745-705391-778512,718,true,0.7736593341552855,2,967.7811967353558,1.0,0.851
2026-03-22T21:10:07.745-705391-778512,714,false,1.4594065456632375,2,967.7811967353558,1.0,1.0
2026-03-22T21:10:07.745-705391-778512,984,false,0.571329801408348,2,967.7811967353558,1.0,1.0
2026-03-22T21:10:07.745-705391-778512,334,false,0.10910484515440032,2,967.7811967353558,1.0,1.0
2026-03-22T21:10:07.745-705391-778512,955,false,18.72641784371998,2,967.7811967353558,1.0,1.0
2026-03-22T21:10:07.745-705391-778512,320,false,1.8826162063092942,2,967.7811967353558,1.0,1.0
2026-03-22T21:10:07.745-705391-778512,390,false,60.33843311195316,2,967.7811967353558,1.0,1.0
2026-03-22T21:10:07.745-705391-778512,720,true,0.8613957798906664,2,966.9198009554651,1.0,0.685
2026-03-22T21:10:07.745-705391-778512,854,false,7.13747273227921,2,966.9198009554651,1.0,1.0
2026-03-22T21:10:07.745-705391-778512,976,true,1.1178176571307912,2,965.8019832983343,1.0,0.83
2026-03-22T21:10:07.745-705391-778512,34,false,5.194278231268618,2,965.8019832983343,1.0,1.0
2026-03-22T21:10:07.745-705391-778512,819,true,4.452157267909671,2,961.3498260304247,1.0,0.0
2026-03-22T21:10:07.745-705391-778512,229,false,7.402856856739421,2,961.3498260304247,1.0,1.0
2026-03-22T21:10:07.745-705391-778512,529,false,143.69206817981973,2,961.3498260304247,1.0,1.0
2026-03-22T21:10:07.745-705391-778512,35,false,13.95902538344086,2,961.3498260304247,1.0,1.0
2026-03-22T21:10:07.745-705391-778512,255,false,6.91960907583798,2,961.3498260304247,1.0,1.0
2026-03-22T21:10:07.745-705391-778512,192,false,0.4960229058295362,2,961.3498260304247,1.0,1.0
2026-03-22T21:10:07.745-705391-778512,866,false,0.24755038484687206,2,961.3498260304247,1.0,1.0
2026-03-22T21:10:07.745-705391-778512,785,false,11.260039734350967,2,961.3498260304247,1.0,1.0
2026-03-22T21:10:07.745-705391-778512,101,true,3.8288607698282817,2,957.5209652605963,1.0,0.6779999999999999
2026-03-22T21:10:07.745-705391-778512,579,true,10.291975563740372,2,947.2289896968559,1.0,0.692
2026-03-22T21:10:07.745-705391-778512,845,false,0.09734696530420216,2,947.2289896968559,1.0,1.0
2026-03-22T21:10:07.745-705391-778512,678,false,4.83414074530609,2,947.2289896968559,1.0,1.0
2026-03-22T21:10:07.745-705391-778512,556,false,2.9834533595038124,2,947.2289896968559,1.0,1.0
2026-03-22T21:10:07.745-705391-778512,943,false,224.5394395769499,2,947.2289896968559,1.0,1.0
2026-03-22T21:10:07.745-705391-778512,685,true,5.6780470117530495,2,941.5509426851029,1.0,0.07699999999999996
2026-03-22T21:10:07.745-705391-778512,601,false,37.10926947410101,2,941.5509426851029,1.0,1.0
2026-03-22T21:10:07.745-705391-778512,197,false,40.35640064059738,2,941.5509426851029,1.0,1.0
2026-03-22T21:10:07.745-705391-778512,889,false,3.243501456929971,2,941.5509426851029,1.0,1.0
2026-03-22T21:10:07.745-705391-778512,195,false,105.57849673604775,2,941.5509426851029,1.0,1.0
2026-03-22T21:10:07.745-705391-778512,523,false,1.8624626272046443,2,941.5509426851029,1.0,1.0
2026-03-22T21:10:07.745-705391-778512,456,true,4.637946039326263,2,936.9129966457766,1.0,0.6799999999999999
2026-03-22T21:10:07.745-705391-778512,725,false,84.8706771520772,2,936.9129966457766,1.0,1.0
2026-03-22T21:10:07.745-705391-778512,810,false,0.01714237613336699,2,936.9129966457766,1.0,1.0
2026-03-22T21:10:07.745-705391-778512,324,false,0.35547431052501655,2,936.9129966457766,1.0,1.0
2026-03-22T21:10:07.745-705391-778512,358,false,10.237154560045376,2,936.9129966457766,1.0,1.0
2026-03-22T21:10:07.745-705391-778512,528,false,0.4400379699851233,2,936.9129966457766,1.0,1.0
2026-03-22T21:10:07.745-705391-778512,789,false,1.0876706399673974,2,936.9129966457766,1.0,1.0
2026-03-22T21:10:07.745-705391-778512,12,false,1.6385076729832933,2,936.9129966457766,1.0,1.0
2026-03-22T21:10:07.745-705391-778512,985,false,6.35631041739686,2,936.9129966457766,1.0,1.0
2026-03-22T21:10:07.745-705391-778512,532,false,45.366876572871206,2,936.9129966457766,1.0,1.0
2026-03-22T21:10:07.745-705391-778512,176,false,7.549436655045313,2,936.9129966457766,1.0,1.0
2026-03-22T21:10:07.745-705391-778512,892,false,50.624670525885286,2,936.9129966457766,1.0,1.0
2026-03-22T21:10:07.745-705391-778512,860,false,0.3946802986031587,2,936.9129966457766,1.0,1.0
2026-03-22T21:10:07.745-705391-778512,988,false,2.5429979150945794,2,936.9129966457766,1.0,1.0
2026-03-22T21:10:07.745-705391-778512,322,false,10.202953136642682,2,936.9129966457766,1.0,1.0
2026-03-22T21:10:07.745-705391-778512,172,false,1.7501529010328933,2,936.9129966457766,1.0,1.0
2026-03-22T21:10:07.745-705391-778512,788,false,3.9560297856669484,2,936.9129966457766,1.0,1.0
2026-03-22T21:10:07.745-705391-778512,447,false,2.284494438978894,2,936.9129966457766,1.0,1.0
2026-03-22T21:10:07.745-705391-778512,607,false,1.0404020893954191,2,936.9129966457766,1.0,1.0
2026-03-22T21:10:07.745-705391-778512,828,true,0.26403062674986444,2,936.6489660190267,1.0,0.927
2026-03-22T21:10:07.745-705391-778512,614,false,79.84871193720429,2,936.6489660190267,1.0,1.0
2026-03-22T21:10:07.745-705391-778512,328,false,1.350581687489538,2,936.6489660190267,1.0,1.0
2026-03-22T21:10:07.745-705391-778512,282,false,1.352033513030362,2,936.6489660190267,1.0,1.0
2026-03-22T21:10:07.745-705391-778512,747,false,3.9362072176366754,2,936.6489660190267,1.0,1.0
2026-03-22T21:10:07.745-705391-778512,402,false,16.716736102225795,2,936.6489660190267,1.0,1.0
2026-03-22T21:10:07.745-705391-778512,206,false,0.8772221888712277,2,936.6489660190267,1.0,1.0
2026-03-22T21:10:07.745-705391-778512,895,false,2.747431459578426,2,936.6489660190267,1.0,1.0
2026-03-22T21:10:07.745-705391-778512,964,false,0.44123899728534366,2,936.6489660190267,1.0,1.0
2026-03-22T21:10:07.745-705391-778512,560,false,28.62305910246693,2,936.6489660190267,1.0,1.0
2026-03-22T21:10:07.745-705391-778512,559,false,1.3203501525575263,2,936.6489660190267,1.0,1.0
2026-03-22T21:10:07.745-705391-778512,161,false,1.6987202713943255,2,936.6489660190267,1.0,1.0
2026-03-22T21:10:07.745-705391-778512,412,false,20.852155149437117,2,936.6489660190267,1.0,1.0
2026-03-22T21:10:07.745-705391-778512,482,true,25.11472811434918,2,911.5342379046775,1.0,0.868
2026-03-22T21:10:07.745-705391-778512,451,false,20.83470105028958,2,911.5342379046775,1.0,1.0
2026-03-22T21:10:07.745-705391-778512,657,false,0.08765577252369557,2,911.5342379046775,1.0,1.0
2026-03-22T21:10:07.745-705391-778512,4,true,3.435811222352665,2,908.0984266823249,1.0,0.673
2026-03-22T21:10:07.745-705391-778512,670,false,2.1221174449037266,2,908.0984266823249,1.0,1.0
2026-03-22T21:10:07.745-705391-778512,781,false,46.592005853464,2,908.0984266823249,1.0,1.0
2026-03-22T21:10:07.745-705391-778512,928,false,5.856659157946014,2,908.0984266823249,1.0,1.0
2026-03-22T21:10:07.745-705391-778512,494,false,1020.8571526357057,2,908.0984266823249,1.0,1.0
2026-03-22T21:10:07.745-705391-778512,399,false,3.457405009172285,2,908.0984266823249,1.0,1.0
2026-03-22T21:10:07.745-705391-778512,865,false,0.5447497573560545,2,908.0984266823249,1.0,1.0
2026-03-22T21:10:07.745-705391-778512,96,false,0.012362080400195444,2,908.0984266823249,1.0,1.0
2026-03-22T21:10:07.745-705391-778512,37,false,3.7710278259098526,2,908.0984266823249,1.0,1.0
2026-03-22T21:10:07.745-705391-778512,610,false,9.92958990052836,2,908.0984266823249,1.0,1.0
2026-03-22T21:10:07.745-705391-778512,977,true,13.479539782662437,2,894.6188868996625,1.0,0.653
2026-03-22T21:10:07.745-705391-778512,924,false,19.729885475883602,2,894.6188868996625,1.0,1.0
2026-03-22T21:10:07.745-705391-778512,521,false,29.352322732565508,2,894.6188868996625,1.0,1.0
2026-03-22T21:10:07.745-705391-778512,871,false,0.17741117728688577,2,894.6188868996625,1.0,1.0
2026-03-22T21:10:07.745-705391-778512,293,true,0.42200143606189183,2,894.1968854636006,1.0,0.0
2026-03-22T21:10:07.745-705391-778512,495,true,17.13168272988117,2,877.0652027337194,1.0,0.924
2026-03-22T21:10:07.745-705391-778512,180,false,3.1978115324219485,2,877.0652027337194,1.0,1.0
2026-03-22T21:10:07.745-705391-778512,16,false,32.48146661342596,2,877.0652027337194,1.0,1.0
2026-03-22T21:10:07.745-705391-778512,890,false,0.33303708334343596,2,877.0652027337194,1.0,1.0
2026-03-22T21:10:07.745-705391-778512,520,false,10.322774045923959,2,877.0652027337194,1.0,1.0
2026-03-22T21:10:07.745-705391-778512,167,false,0.24342499043637503,2,877.0652027337194,1.0,1.0
2026-03-22T21:10:07.745-705391-778512,596,false,6.31556695099873,2,877.0652027337194,1.0,1.0
2026-03-22T21:10:07.745-705391-778512,803,false,2.0893216216558934,2,877.0652027337194,1.0,1.0
2026-03-22T21:10:07.745-705391-778512,256,false,3.2125988798050074,2,877.0652027337194,1.0,1.0
2026-03-22T21:10:07.745-705391-778512,349,false,1.8875848167168152,2,877.0652027337194,1.0,1.0
2026-03-22T21:10:07.745-705391-778512,14,false,1.8715083349030166,2,877.0652027337194,1.0,1.0
2026-03-22T21:10:07.745-705391-778512,642,true,4.048909388561331,2,873.016293345158,1.0,0.0
2026-03-22T21:10:07.745-705391-778512,338,false,49.02540082535722,2,873.016293345158,1.0,1.0
2026-03-22T21:10:07.745-705391-778512,729,false,17.247394982161627,2,873.016293345158,1.0,1.0
2026-03-22T21:10:07.745-705391-778512,380,false,4.041409389940851,2,873.016293345158,1.0,1.0
2026-03-22T21:10:07.745-705391-778512,435,false,1.0417808327621183,2,873.016293345158,1.0,1.0
2026-03-22T21:10:07.745-705391-778512,177,false,1.2994050640278312,2,873.016293345158,1.0,1.0
2026-03-22T21:10:07.745-705391-778512,90,true,184.1377391840587,2,688.8785541610994,1.0,0.0
2026-03-22T21:10:07.745-705391-778512,800,false,17.488888810694647,2,688.8785541610994,1.0,1.0
2026-03-22T21:10:07.745-705391-778512,562,false,1.028040907256136,2,688.8785541610994,1.0,1.0
2026-03-22T21:10:07.745-705391-778512,701,true,0.31714176337291083,2,688.5614123977265,1.0,0.0
2026-03-22T21:10:07.745-705391-778512,2,true,4.929503358732801,2,683.6319090389937,1.0,0.0
2026-03-22T21:10:07.745-705391-778512,71,true,13.999990942590236,2,669.6319180964035,1.0,0.867
2026-03-22T21:10:07.745-705391-778512,557,false,1.6303469181756798,2,669.6319180964035,1.0,1.0
2026-03-22T21:10:07.745-705391-778512,667,false,30.79337091059363,2,669.6319180964035,1.0,1.0
2026-03-22T21:10:07.745-705391-778512,907,false,0.5855526464476795,2,669.6319180964035,1.0,1.0
2026-03-22T21:10:07.745-705391-778512,319,false,3.6636899049077454,2,669.6319180964035,1.0,1.0
2026-03-22T21:10:07.745-705391-778512,391,false,0.08811934226962224,2,669.6319180964035,1.0,1.0
2026-03-22T21:10:07.745-705391-778512,794,false,121.10201714462838,2,669.6319180964035,1.0,1.0
2026-03-22T21:10:07.745-705391-778512,492,true,9.886807213912705,2,659.7451108824908,1.0,0.659
2026-03-22T21:10:07.745-705391-778512,280,true,1.5990784061136802,2,658.1460324763772,1.0,0.0020000000000000018
2026-03-22T21:10:07.745-705391-778512,842,false,1.3701346151803964,2,658.1460324763772,1.0,1.0
2026-03-22T21:10:07.745-705391-778512,923,false,4.096779329685129,2,658.1460324763772,1.0,1.0
2026-03-22T21:10:07.745-705391-778512,420,false,0.15083740733717882,2,658.1460324763772,1.0,1.0
2026-03-22T21:10:07.745-705391-778512,905,false,0.7649355100544734,2,658.1460324763772,1.0,1.0
2026-03-22T21:10:07.745-705391-778512,687,true,0.7647632641941472,2,657.381269212183,1.0,0.010000000000000009
2026-03-22T21:10:07.745-705391-778512,150,true,2.8192058184040603,2,654.562063393779,1.0,0.0
2026-03-22T21:10:07.745-705391-778512,325,false,0.2927720760118918,2,654.562063393779,1.0,1.0
2026-03-22T21:10:07.745-705391-778512,979,true,6.422436581110646,2,648.1396268126683,1.0,0.0
2026-03-22T21:10:07.745-705391-778512,394,false,81.08337441466125,2,648.1396268126683,1.0,1.0
2026-03-22T21:10:07.745-705391-778512,593,false,6.686030522616271,2,648.1396268126683,1.0,1.0
2026-03-22T21:10:07.745-705391-778512,446,false,9.67957980576936,2,648.1396268126683,1.0,1.0
2026-03-22T21:10:07.745-705391-778512,440,false,68.87811123463263,2,648.1396268126683,1.0,1.0
2026-03-22T21:10:07.745-705391-778512,817,true,0.2891691968241543,2,647.8504576158442,1.0,0.0
2026-03-22T21:10:07.745-705391-778512,938,false,14.036688990655662,2,647.8504576158442,1.0,1.0
2026-03-22T21:10:07.745-705391-778512,179,false,1.3887444873454018,2,647.8504576158442,1.0,1.0
2026-03-22T21:10:07.745-705391-778512,316,true,32.413475954176434,2,615.4369816616678,1.0,0.0
2026-03-22T21:10:07.745-705391-778512,733,false,1.436253628161437,2,615.4369816616678,1.0,1.0
2026-03-22T21:10:07.745-705391-778512,693,false,1.6077857168207828,2,615.4369816616678,1.0,1.0
2026-03-22T21:10:07.745-705391-778512,786,false,27.257283841482085,2,615.4369816616678,1.0,1.0
2026-03-22T21:10:07.745-705391-778512,848,false,2.3634477488505445,2,615.4369816616678,1.0,1.0
2026-03-22T21:10:07.745-705391-778512,780,false,4.163160107718866,2,615.4369816616678,1.0,1.0
2026-03-22T21:10:07.745-705391-778512,734,false,0.09293795512803324,2,615.4369816616678,1.0,1.0
2026-03-22T21:10:07.745-705391-778512,773,false,0.37150451081786506,2,615.4369816616678,1.0,1.0
2026-03-22T21:10:07.745-705391-778512,818,true,6.375993496080675,2,609.0609881655871,1.0,0.0
2026-03-22T21:10:07.745-705391-778512,801,false,10.927915139391262,2,609.0609881655871,1.0,1.0
2026-03-22T21:10:07.745-705391-778512,498,false,0.013079484412033436,2,609.0609881655871,1.0,1.0
2026-03-22T21:10:07.745-705391-778512,576,true,9.851167633549395,2,599.2098205320377,1.0,0.844
2026-03-22T21:10:07.745-705391-778512,327,false,0.08106527786127464,2,599.2098205320377,1.0,1.0
2026-03-22T21:10:07.745-705391-778512,912,false,1.1319372857392265,2,599.2098205320377,1.0,1.0
2026-03-22T21:10:07.745-705391-778512,980,true,0.7682380558448235,2,598.4415824761929,1.0,0.0
2026-03-22T21:10:07.745-705391-778512,772,false,15.751052339899164,2,598.4415824761929,1.0,1.0
2026-03-22T21:10:07.745-705391-778512,750,false,11.409985379340867,2,598.4415824761929,1.0,1.0
2026-03-22T21:10:07.745-705391-778512,154,true,0.5847080120060795,2,597.8568744641868,1.0,0.868
2026-03-22T21:10:07.745-705391-778512,837,false,0.12885729389295025,2,597.8568744641868,1.0,1.0
2026-03-22T21:10:07.745-705391-778512,396,false,102.60196841149454,2,597.8568744641868,1.0,1.0
2026-03-22T21:10:07.745-705391-778512,231,false,0.12192278369656803,2,597.8568744641868,1.0,1.0
2026-03-22T21:10:07.745-705391-778512,218,false,60.351321800979136,2,597.8568744641868,1.0,1.0
2026-03-22T21:10:07.745-705391-778512,416,false,0.5424647101330629,2,597.8568744641868,1.0,1.0
2026-03-22T21:10:07.745-705391-778512,398,false,10.427487989377282,2,597.8568744641868,1.0,1.0
2026-03-22T21:10:07.745-705391-778512,163,false,4.60258855405028,2,597.8568744641868,1.0,1.0
2026-03-22T21:10:07.745-705391-778512,849,false,0.17004464050548815,2,597.8568744641868,1.0,1.0
2026-03-22T21:10:07.745-705391-778512,259,false,0.2379764359793248,2,597.8568744641868,1.0,1.0
2026-03-22T21:10:07.745-705391-778512,949,false,0.07600120789018865,2,597.8568744641868,1.0,1.0
2026-03-22T21:10:07.745-705391-778512,357,false,85.28049973367109,2,597.8568744641868,1.0,1.0
2026-03-22T21:10:07.745-705391-778512,861,false,7.850110638342334,2,597.8568744641868,1.0,1.0
2026-03-22T21:10:07.745-705391-778512,505,true,0.3428680340133247,2,597.5140064301735,1.0,0.0
2026-03-22T21:10:07.745-705391-778512,580,true,0.6216487695721509,2,596.8923576606013,1.0,0.0010000000000000009
2026-03-22T21:10:07.745-705391-778512,51,false,58.14021612879475,2,596.8923576606013,1.0,1.0
2026-03-22T21:10:07.745-705391-778512,284,true,0.7188960177886009,2,596.1734616428128,1.0,0.655
2026-03-22T21:10:07.745-705391-778512,954,false,0.20458943283136397,2,596.1734616428128,1.0,1.0
2026-03-22T21:10:07.745-705391-778512,808,false,6.275885636469353,2,596.1734616428128,1.0,1.0
2026-03-22T21:10:07.745-705391-778512,364,false,0.8858721986548278,2,596.1734616428128,1.0,1.0
2026-03-22T21:10:07.745-705391-778512,606,false,10.642055664298422,2,596.1734616428128,1.0,1.0
2026-03-22T21:10:07.745-705391-778512,814,true,1.9055849978599186,2,594.2678766449528,1.0,0.685
2026-03-22T21:10:07.745-705391-778512,8,true,14.541265641952771,2,579.726611003,1.0,0.812
2026-03-22T21:10:07.745-705391-778512,455,true,0.9686545147841239,2,578.7579564882159,1.0,0.657
2026-03-22T21:10:07.745-705391-778512,182,false,12.925241725382168,2,578.7579564882159,1.0,1.0
2026-03-22T21:10:07.745-705391-778512,44,false,21.266444410910804,2,578.7579564882159,1.0,1.0
2026-03-22T21:10:07.745-705391-778512,945,false,0.8020789100721744,2,578.7579564882159,1.0,1.0
2026-03-22T21:10:07.745-705391-778512,664,false,0.3503910594696029,2,578.7579564882159,1.0,1.0
2026-03-22T21:10:07.745-705391-778512,765,false,0.5987487283683178,2,578.7579564882159,1.0,1.0
2026-03-22T21:10:07.745-705391-778512,449,false,8.919324324298799,2,578.7579564882159,1.0,1.0
2026-03-22T21:10:07.745-705391-778512,510,true,4.449930537085176,2,574.3080259511307,1.0,0.0
2026-03-22T21:10:07.745-705391-778512,689,true,17.682292349923937,2,556.6257336012068,1.0,0.914
2026-03-22T21:10:07.745-705391-778512,969,false,1.6115539537944874,2,556.6257336012068,1.0,1.0
2026-03-22T21:10:07.745-705391-778512,384,false,5.08467317085039,2,556.6257336012068,1.0,1.0
2026-03-22T21:10:07.745-705391-778512,242,true,0.43299125113337894,2,556.1927423500734,1.0,0.0
2026-03-22T21:10:07.745-705391-778512,228,false,2.6955399987022393,2,556.1927423500734,1.0,1.0
2026-03-22T21:10:07.745-705391-778512,421,false,12.260835239162752,2,556.1927423500734,1.0,1.0
2026-03-22T21:10:07.745-705391-778512,721,false,0.10925871857676396,2,556.1927423500734,1.0,1.0
2026-03-22T21:10:07.745-705391-778512,243,true,11.54780287532133,2,544.6449394747522,1.0,0.0
2026-03-22T21:10:07.745-705391-778512,10,true,3.523976082622552,2,541.1209633921296,1.0,0.669
2026-03-22T21:10:07.745-705391-778512,921,false,1.4146971894389968,2,541.1209633921296,1.0,1.0
2026-03-22T21:10:07.745-705391-778512,757,false,0.007799451822109971,2,541.1209633921296,1.0,1.0
2026-03-22T21:10:07.745-705391-778512,851,false,18.437147832707378,2,541.1209633921296,1.0,1.0
2026-03-22T21:10:07.745-705391-778512,24,true,16.16448221845528,2,524.9564811736743,1.0,0.6930000000000001
2026-03-22T21:10:07.745-705391-778512,674,false,16.44124337621498,2,524.9564811736743,1.0,1.0
2026-03-22T21:10:07.745-705391-778512,723,true,2.0036442658466385,2,522.9528369078276,1.0,0.685
2026-03-22T21:10:07.745-705391-778512,958,false,1.5089648299279248,2,522.9528369078276,1.0,1.0
2026-03-22T21:10:07.745-705391-778512,332,false,0.14498570942337158,2,522.9528369078276,1.0,1.0
2026-03-22T21:10:07.745-705391-778512,994,true,9.420214557680847,2,513.5326223501468,1.0,0.0
2026-03-22T21:10:07.745-705391-778512,114,false,0.16918503421691006,2,513.5326223501468,1.0,1.0
2026-03-22T21:10:07.745-705391-778512,103,true,6.981699054519706,2,506.55092329562706,1.0,0.0
2026-03-22T21:10:07.745-705391-778512,258,false,1.3466383749155446,2,506.55092329562706,1.0,1.0
2026-03-22T21:10:07.745-705391-778512,973,true,36.935968713396555,2,469.6149545822305,1.0,0.652
2026-03-22T21:10:07.745-705391-778512,355,false,1.2002373347498796,2,469.6149545822305,1.0,1.0
2026-03-22T21:10:07.745-705391-778512,716,true,12.478249788031414,2,457.1367047941991,1.0,0.679
2026-03-22T21:10:07.745-705391-778512,552,false,0.8259498496000761,2,457.1367047941991,1.0,1.0
2026-03-22T21:10:07.745-705391-778512,437,false,8.087329655718854,2,457.1367047941991,1.0,1.0
2026-03-22T21:10:07.745-705391-778512,902,false,0.8550235382023549,2,457.1367047941991,1.0,1.0
2026-03-22T21:10:07.745-705391-778512,72,false,0.09012510691296881,2,457.1367047941991,1.0,1.0
2026-03-22T21:10:07.745-705391-778512,148,true,1.3582026209237192,2,455.7785021732754,1.0,0.0
2026-03-22T21:10:07.745-705391-778512,692,true,0.9318645408584387,2,454.84663763241696,1.0,0.6990000000000001
2026-03-22T21:10:07.745-705391-778512,539,false,10.32152490600892,2,454.84663763241696,1.0,1.0
2026-03-22T21:10:07.745-705391-778512,809,false,0.6501838074642188,2,454.84663763241696,1.0,1.0
2026-03-22T21:10:07.745-705391-778512,311,true,43.16794886124944,2,411.6786887711675,1.0,0.0
2026-03-22T21:10:07.745-705391-778512,379,false,5.30999137777233,2,411.6786887711675,1.0,1.0
2026-03-22T21:10:07.745-705391-778512,566,false,1.7576674906533232,2,411.6786887711675,1.0,1.0
2026-03-22T21:10:07.745-705391-778512,219,false,2.472488401879144,2,411.6786887711675,1.0,1.0
2026-03-22T21:10:07.745-705391-778512,121,true,10.227359505887879,2,401.45132926527964,1.0,0.0010000000000000009
2026-03-22T21:10:07.745-705391-778512,983,true,0.25346212988914496,2,401.1978671353905,1.0,0.734
2026-03-22T21:10:07.745-705391-778512,512,true,1.9130726206441986,2,399.2847945147463,1.0,0.0
2026-03-22T21:10:07.745-705391-778512,428,false,0.2359587975881567,2,399.2847945147463,1.0,1.0
2026-03-22T21:10:07.745-705391-778512,335,false,1.2865422292277733,2,399.2847945147463,1.0,1.0
2026-03-22T21:10:07.745-705391-778512,612,false,2.2819867956964317,2,399.2847945147463,1.0,1.0
2026-03-22T21:10:07.745-705391-778512,32,false,1.188083941278349,2,399.2847945147463,1.0,1.0
2026-03-22T21:10:07.745-705391-778512,899,false,4.427313364800087,2,399.2847945147463,1.0,1.0
2026-03-22T21:10:07.745-705391-778512,918,false,1.4122089845231178,2,399.2847945147463,1.0,1.0
2026-03-22T21:10:07.745-705391-778512,888,false,4.026756247799651,2,399.2847945147463,1.0,1.0
2026-03-22T21:10:07.745-705391-778512,253,true,2.4707874685426034,2,396.8140070462037,1.0,0.014000000000000012
2026-03-22T21:10:07.745-705391-778512,198,false,18.171937821700876,2,396.8140070462037,1.0,1.0
2026-03-22T21:10:07.745-705391-778512,109,true,22.38614626683396,2,374.4278607793697,1.0,0.0
2026-03-22T21:10:07.745-705391-778512,704,true,21.505672763172274,2,352.9221880161974,1.0,0.0
2026-03-22T21:10:07.745-705391-778512,738,false,1.7777955035734885,2,352.9221880161974,1.0,1.0
2026-03-22T21:10:07.745-705391-778512,575,true,1.1033160979637278,2,351.8188719182337,1.0,0.673
2026-03-22T21:10:07.745-705391-778512,989,false,0.1260853915943898,2,351.8188719182337,1.0,1.0
2026-03-22T21:10:07.745-705391-778512,583,true,1.2958025505615192,2,350.5230693676722,1.0,0.013000000000000012
2026-03-22T21:10:07.745-705391-778512,623,false,0.14157489487235572,2,350.5230693676722,1.0,1.0
2026-03-22T21:10:07.745-705391-778512,611,false,0.17135721083170466,2,350.5230693676722,1.0,1.0
2026-03-22T21:10:07.745-705391-778512,726,true,208.46632184310974,2,142.05674752456244,1.0,0.010000000000000009
2026-03-22T21:10:07.745-705391-778512,627,true,271.39250505235685,2,-129.3357575277944,1.0,0.0
2026-03-22T21:10:07.745-455326-354736,819,true,1.7344081911024527,1,4569.642785857098,1.0,0.992
2026-03-22T21:10:07.745-455326-354736,268,true,0.8036444184549482,1,4568.839141438643,1.0,0.988
2026-03-22T21:10:07.745-455326-354736,672,false,0.04136672820846778,1,4568.839141438643,1.0,1.0
2026-03-22T21:10:07.745-455326-354736,944,true,26.418045724085527,1,4542.421095714558,1.0,0.992
2026-03-22T21:10:07.745-455326-354736,953,true,51.714345629539885,1,4490.706750085018,1.0,0.993
2026-03-22T21:10:07.745-455326-354736,333,true,2.056733950263455,1,4488.650016134755,1.0,0.99
2026-03-22T21:10:07.745-455326-354736,39,true,62.65066183459725,1,4425.999354300157,1.0,0.99
2026-03-22T21:10:07.745-455326-354736,102,true,10.371481697162931,1,4415.627872602994,1.0,0.993
2026-03-22T21:10:07.745-455326-354736,757,true,29.455521750199456,1,4386.172350852795,1.0,0.991
2026-03-22T21:10:07.745-455326-354736,343,true,0.22796396458111207,1,4385.944386888214,1.0,0.994
2026-03-22T21:10:07.745-455326-354736,270,true,5.309428828256816,1,4380.634958059957,1.0,0.765
2026-03-22T21:10:07.745-455326-354736,924,true,48.27215088850979,1,4332.3628071714475,1.0,0.996
2026-03-22T21:10:07.745-455326-354736,408,true,1.0306757277448426,1,4331.332131443703,1.0,0.991
2026-03-22T21:10:07.745-455326-354736,829,true,7.653594531174116,1,4323.678536912528,1.0,0.988
2026-03-22T21:10:07.745-455326-354736,341,true,27.840765170010716,1,4295.837771742517,1.0,0.8220000000000001
2026-03-22T21:10:07.745-455326-354736,14,false,0.14384089511747628,1,4295.837771742517,1.0,1.0
2026-03-22T21:10:07.745-455326-354736,195,false,0.0883791778323398,1,4295.837771742517,1.0,1.0
2026-03-22T21:10:07.745-455326-354736,237,true,2.7000757538350477,1,4293.137695988682,1.0,0.99
2026-03-22T21:10:07.745-455326-354736,496,true,1.169408682371011,1,4291.968287306311,1.0,0.993
2026-03-22T21:10:07.745-455326-354736,796,false,0.15720680502466267,1,4291.968287306311,1.0,1.0
2026-03-22T21:10:07.745-455326-354736,633,true,0.3506901762483065,1,4291.617597130063,1.0,0.997
2026-03-22T21:10:07.745-455326-354736,693,true,3.846679891812352,1,4287.77091723825,1.0,0.99
2026-03-22T21:10:07.745-455326-354736,7,true,3.02236557466581,1,4284.748551663584,1.0,0.994
2026-03-22T21:10:07.745-455326-354736,762,true,2.330603038400544,1,4282.417948625184,1.0,0.988
2026-03-22T21:10:07.745-455326-354736,222,true,30.410559339532593,1,4252.007389285652,1.0,0.992
2026-03-22T21:10:07.745-455326-354736,670,true,1.2419068979605281,1,4250.765482387691,1.0,0.989
2026-03-22T21:10:07.745-455326-354736,992,true,75.95912941004208,1,4174.806352977649,1.0,0.993
2026-03-22T21:10:07.745-455326-354736,411,true,0.6763044390388415,1,4174.13004853861,1.0,0.76
2026-03-22T21:10:07.745-455326-354736,680,true,16.050679206072118,1,4158.079369332538,1.0,0.989
2026-03-22T21:10:07.745-455326-354736,306,false,0.15488076612255458,1,4158.079369332538,1.0,1.0
2026-03-22T21:10:07.745-455326-354736,229,true,66.91901800423746,1,4091.1603513283003,1.0,0.997
2026-03-22T21:10:07.745-455326-354736,430,false,0.17302879858283976,1,4091.1603513283003,1.0,1.0
2026-03-22T21:10:07.745-455326-354736,120,true,0.37356800971386317,1,4090.7867833185865,1.0,0.988
2026-03-22T21:10:07.745-455326-354736,879,true,1.7979757129907141,1,4088.988807605596,1.0,0.996
2026-03-22T21:10:07.745-455326-354736,88,true,0.7872076821818751,1,4088.201599923414,1.0,0.992
2026-03-22T21:10:07.745-455326-354736,932,true,0.5298336096960744,1,4087.671766313718,1.0,0.995
2026-03-22T21:10:07.745-455326-354736,80,true,1.7226015752090962,1,4085.949164738509,1.0,0.996
2026-03-22T21:10:07.745-455326-354736,90,true,9.902345017686612,1,4076.0468197208224,1.0,0.817
2026-03-22T21:10:07.745-455326-354736,479,true,4.391585701428077,1,4071.6552340193944,1.0,0.99
2026-03-22T21:10:07.745-455326-354736,929,true,6.770089386260153,1,4064.885144633134,1.0,0.74
2026-03-22T21:10:07.745-455326-354736,449,true,56.85333585993034,1,4008.031808773204,1.0,0.745
2026-03-22T21:10:07.745-455326-354736,622,true,3.2061512216576857,1,4004.825657551546,1.0,0.989
2026-03-22T21:10:07.745-455326-354736,340,true,50.42726135385057,1,3954.3983961976955,1.0,0.06999999999999995
2026-03-22T21:10:07.745-455326-354736,157,true,3.147173287123171,1,3951.2512229105723,1.0,0.986
2026-03-22T21:10:07.745-455326-354736,412,true,4.211262532597728,1,3947.0399603779747,1.0,0.823
2026-03-22T21:10:07.745-455326-354736,56,true,85.21143398507553,1,3861.828526392899,1.0,0.992
2026-03-22T21:10:07.745-455326-354736,870,true,1.4632795811034462,1,3860.3652468117957,1.0,0.988
2026-03-22T21:10:07.745-455326-354736,420,true,1.5752405516686916,1,3858.790006260127,1.0,0.984
2026-03-22T21:10:07.745-455326-354736,706,true,1.5396868918338082,1,3857.2503193682933,1.0,0.988
2026-03-22T21:10:07.745-455326-354736,843,true,33.38150146523891,1,3823.868817903054,1.0,0.991
2026-03-22T21:10:07.745-455326-354736,24,true,6.623657813446859,1,3817.2451600896075,1.0,0.993
2026-03-22T21:10:07.745-455326-354736,81,true,1.594986708466325,1,3815.650173381141,1.0,0.8160000000000001
2026-03-22T21:10:07.745-455326-354736,324,true,271.17675428756684,1,3544.473419093574,1.0,0.992
2026-03-22T21:10:07.745-455326-354736,925,true,1.3287952768978366,1,3543.1446238166764,1.0,0.7150000000000001
2026-03-22T21:10:07.745-455326-354736,155,true,1.86190724197484,1,3541.2827165747017,1.0,0.8109999999999999
2026-03-22T21:10:07.745-455326-354736,852,true,5.492692850599063,1,3535.7900237241024,1.0,0.99
2026-03-22T21:10:07.745-455326-354736,76,false,0.10826373987356347,1,3535.7900237241024,1.0,1.0
2026-03-22T21:10:07.745-455326-354736,983,true,8.156865778458899,1,3527.6331579456437,1.0,0.985
2026-03-22T21:10:07.745-455326-354736,3,true,0.2279950555279545,1,3527.4051628901157,1.0,0.99
2026-03-22T21:10:07.745-455326-354736,143,true,1.0773673631118026,1,3526.3277955270037,1.0,0.989
2026-03-22T21:10:07.745-455326-354736,814,true,4.171405464088288,1,3522.1563900629153,1.0,0.989
2026-03-22T21:10:07.745-455326-354736,500,true,0.8167345132560495,1,3521.3396555496593,1.0,0.989
2026-03-22T21:10:07.745-455326-354736,589,true,16.684330917551044,1,3504.655324632108,1.0,0.986
2026-03-22T21:10:07.745-455326-354736,668,true,0.6399192487476174,1,3504.0154053833608,1.0,0.849
2026-03-22T21:10:07.745-455326-354736,25,true,1.6273166300570117,1,3502.3880887533037,1.0,0.741
2026-03-22T21:10:07.745-455326-354736,296,true,37.67280799377505,1,3464.7152807595285,1.0,0.99
2026-03-22T21:10:07.745-455326-354736,9,true,0.21492036238263257,1,3464.500360397146,1.0,0.755
2026-03-22T21:10:07.745-455326-354736,638,true,0.9346483369253814,1,3463.5657120602204,1.0,0.986
2026-03-22T21:10:07.745-455326-354736,874,true,34.248164839093334,1,3429.317547221127,1.0,0.988
2026-03-22T21:10:07.745-455326-354736,557,true,28.671811327812833,1,3400.645735893314,1.0,0.993
2026-03-22T21:10:07.745-455326-354736,766,true,6.112186441536777,1,3394.533549451777,1.0,0.99
2026-03-22T21:10:07.745-455326-354736,916,true,0.23296126179278756,1,3394.3005881899844,1.0,0.993
2026-03-22T21:10:07.745-455326-354736,122,true,1.915818985529776,1,3392.3847692044546,1.0,0.815
2026-03-22T21:10:07.745-455326-354736,964,true,9.653087875027326,1,3382.7316813294274,1.0,0.995
2026-03-22T21:10:07.745-455326-354736,387,false,0.06466060882209751,1,3382.7316813294274,1.0,1.0
2026-03-22T21:10:07.745-455326-354736,511,true,1.0558117163875718,1,3381.6758696130396,1.0,0.989
2026-03-22T21:10:07.745-455326-354736,697,true,0.8239699577011251,1,3380.8518996553385,1.0,0.989
2026-03-22T21:10:07.745-455326-354736,876,true,1.6587548224561441,1,3379.1931448328824,1.0,0.23399999999999999
2026-03-22T21:10:07.745-455326-354736,978,true,3.9452641003525444,1,3375.2478807325297,1.0,0.8180000000000001
2026-03-22T21:10:07.745-455326-354736,515,true,0.36553411513661627,1,3374.882346617393,1.0,0.988
2026-03-22T21:10:07.745-455326-354736,881,true,43.635191942078016,1,3331.247154675315,1.0,0.8109999999999999
2026-03-22T21:10:07.745-455326-354736,241,true,1.4598116305794209,1,3329.7873430447357,1.0,0.99
2026-03-22T21:10:07.745-455326-354736,381,true,1.1569313434655302,1,3328.63041170127,1.0,0.984
2026-03-22T21:10:07.745-455326-354736,830,true,0.8862520712478882,1,3327.7441596300223,1.0,0.745
2026-03-22T21:10:07.745-455326-354736,850,true,8.5102672144093,1,3319.233892415613,1.0,0.804
2026-03-22T21:10:07.745-455326-354736,720,true,17.87940593122181,1,3301.354486484391,1.0,0.988
2026-03-22T21:10:07.745-455326-354736,620,true,4.223687288692217,1,3297.1307991956987,1.0,0.792
2026-03-22T21:10:07.745-455326-354736,740,false,0.08343521708422155,1,3297.1307991956987,1.0,1.0
2026-03-22T21:10:07.745-455326-354736,258,true,1.7007352757155796,1,3295.4300639199832,1.0,0.986
2026-03-22T21:10:07.745-455326-354736,560,false,0.14013975982661933,1,3295.4300639199832,1.0,1.0
2026-03-22T21:10:07.745-455326-354736,23,true,42.84496534744814,1,3252.585098572535,1.0,0.21399999999999997
2026-03-22T21:10:07.745-455326-354736,907,true,0.38386004781441957,1,3252.201238524721,1.0,0.99
2026-03-22T21:10:07.745-455326-354736,34,true,91.9768785554511,1,3160.2243599692697,1.0,0.862
2026-03-22T21:10:07.745-455326-354736,325,true,4.798231191491332,1,3155.4261287777786,1.0,0.729
2026-03-22T21:10:07.745-455326-354736,373,true,13.025762431534465,1,3142.400366346244,1.0,0.992
2026-03-22T21:10:07.745-455326-354736,817,true,0.22609166677892328,1,3142.1742746794653,1.0,0.06999999999999995
2026-03-22T21:10:07.745-455326-354736,984,true,9.437025281757991,1,3132.7372493977073,1.0,0.734
2026-03-22T21:10:07.745-455326-354736,505,true,1.2952992496167735,1,3131.4419501480907,1.0,0.987
2026-03-22T21:10:07.745-455326-354736,361,true,1.7084840982056628,1,3129.733466049885,1.0,0.827
2026-03-22T21:10:07.745-455326-354736,732,true,0.4034304980735556,1,3129.3300355518113,1.0,0.995
2026-03-22T21:10:07.745-455326-354736,595,true,57.53514677013538,1,3071.794888781676,1.0,0.995
2026-03-22T21:10:07.745-455326-354736,798,true,6.514350844004753,1,3065.2805379376714,1.0,0.989
2026-03-22T21:10:07.745-455326-354736,755,true,18.442410271594618,1,3046.8381276660766,1.0,0.732
2026-03-22T21:10:07.745-455326-354736,761,true,10.611329925091907,1,3036.2267977409847,1.0,0.752
2026-03-22T21:10:07.745-455326-354736,828,true,20.127606892121936,1,3016.0991908488627,1.0,0.392
2026-03-22T21:10:07.745-455326-354736,196,true,2.385117101162649,1,3013.7140737477002,1.0,0.992
2026-03-22T21:10:07.745-455326-354736,578,true,103.62991589254266,1,2910.0841578551576,1.0,0.987
2026-03-22T21:10:07.745-455326-354736,679,true,1.2284652001449192,1,2908.8556926550127,1.0,0.732
2026-03-22T21:10:07.745-455326-354736,639,true,10.92450688934389,1,2897.931185765669,1.0,0.771
2026-03-22T21:10:07.745-455326-354736,772,false,0.10867287009178715,1,2897.931185765669,1.0,1.0
2026-03-22T21:10:07.745-455326-354736,516,true,122.2875898850854,1,2775.6435958805837,1.0,0.84
2026-03-22T21:10:07.745-455326-354736,55,true,36.41416510024438,1,2739.2294307803395,1.0,0.741
2026-03-22T21:10:07.745-455326-354736,236,true,0.3770686602702399,1,2738.8523621200693,1.0,0.752
2026-03-22T21:10:07.745-455326-354736,689,true,1.1833085563319161,1,2737.669053563737,1.0,0.992
2026-03-22T21:10:07.745-455326-354736,695,true,4.80113271037888,1,2732.867920853358,1.0,0.07199999999999995
2026-03-22T21:10:07.745-455326-354736,360,true,3.8342572509809463,1,2729.033663602377,1.0,0.825
2026-03-22T21:10:07.745-455326-354736,910,true,0.5552617822014995,1,2728.478401820176,1.0,0.783
2026-03-22T21:10:07.745-455326-354736,908,true,5.932609416535073,1,2722.545792403641,1.0,0.07899999999999996
2026-03-22T21:10:07.745-455326-354736,877,true,164.07127366680552,1,2558.4745187368353,1.0,0.0
2026-03-22T21:10:07.745-455326-354736,197,true,68.30759982775989,1,2490.1669189090753,1.0,0.761
2026-03-22T21:10:07.745-455326-354736,522,true,4.739125300838345,1,2485.427793608237,1.0,0.8049999999999999
2026-03-22T21:10:07.745-455326-354736,94,true,0.24465002967693386,1,2485.1831435785602,1.0,0.993
2026-03-22T21:10:07.745-455326-354736,656,true,2.1880094902395255,1,2482.995134088321,1.0,0.993
2026-03-22T21:10:07.745-455326-354736,913,true,4.8999155047823075,1,2478.0952185835386,1.0,0.08099999999999996
2026-03-22T21:10:07.745-455326-354736,961,true,8.685811893729046,1,2469.4094066898097,1.0,0.768
2026-03-22T21:10:07.745-455326-354736,66,true,55.07831914619575,1,2414.331087543614,1.0,0.988
2026-03-22T21:10:07.745-455326-354736,779,true,0.2189653754861641,1,2414.112122168128,1.0,0.989
2026-03-22T21:10:07.745-455326-354736,603,true,3.2815773455431656,1,2410.8305448225847,1.0,0.99
2026-03-22T21:10:07.745-455326-354736,612,true,11.361465859091938,1,2399.469078963493,1.0,0.995
2026-03-22T21:10:07.745-455326-354736,503,true,0.44490901998591387,1,2399.024169943507,1.0,0.07499999999999996
2026-03-22T21:10:07.745-455326-354736,244,false,0.13721410669331202,1,2399.024169943507,1.0,1.0
2026-03-22T21:10:07.745-455326-354736,350,true,6.5664427889461905,1,2392.457727154561,1.0,0.994
2026-03-22T21:10:07.745-455326-354736,498,true,14.043054490604408,1,2378.4146726639565,1.0,0.06999999999999995
2026-03-22T21:10:07.745-455326-354736,455,true,1.5333648036155305,1,2376.881307860341,1.0,0.99
2026-03-22T21:10:07.745-455326-354736,742,true,7.736764123696195,1,2369.144543736645,1.0,0.992
2026-03-22T21:10:07.745-455326-354736,42,true,3.813512113540473,1,2365.3310316231045,1.0,0.764
2026-03-22T21:10:07.745-455326-354736,253,true,1.7837884925348704,1,2363.5472431305698,1.0,0.836
2026-03-22T21:10:07.745-455326-354736,699,true,30.525884298861843,1,2333.021358831708,1.0,0.366
2026-03-22T21:10:07.745-455326-354736,970,true,166.74727152604027,1,2166.2740873056678,1.0,0.743
2026-03-22T21:10:07.745-455326-354736,832,true,3.5553937045074133,1,2162.7186936011603,1.0,0.06499999999999995
2026-03-22T21:10:07.745-455326-354736,704,true,0.29939390512480696,1,2162.4192996960355,1.0,0.737
2026-03-22T21:10:07.745-455326-354736,305,true,0.9510648856220506,1,2161.4682348104134,1.0,0.986
2026-03-22T21:10:07.745-455326-354736,795,false,0.11648761909541604,1,2161.4682348104134,1.0,1.0
2026-03-22T21:10:07.745-455326-354736,112,true,0.3277324903510568,1,2161.1405023200623,1.0,0.75
2026-03-22T21:10:07.745-455326-354736,243,true,6.607704347295723,1,2154.5327979727667,1.0,0.745
2026-03-22T21:10:07.745-455326-354736,946,true,7.213026687802827,1,2147.3197712849637,1.0,0.729
2026-03-22T21:10:07.745-455326-354736,708,false,0.14870951578038072,1,2147.3197712849637,1.0,1.0
2026-03-22T21:10:07.745-455326-354736,260,false,0.15346196187135397,1,2147.3197712849637,1.0,1.0
2026-03-22T21:10:07.745-455326-354736,354,true,1.118950537865071,1,2146.2008207470985,1.0,0.992
2026-03-22T21:10:07.745-455326-354736,181,true,4.926690008219772,1,2141.2741307388787,1.0,0.992
2026-03-22T21:10:07.745-455326-354736,442,true,66.85794258446026,1,2074.4161881544187,1.0,0.991
2026-03-22T21:10:07.745-455326-354736,362,true,0.2829916759700175,1,2074.1331964784486,1.0,0.08199999999999996
2026-03-22T21:10:07.745-455326-354736,617,true,1.1183055140629816,1,2073.0148909643854,1.0,0.765
2026-03-22T21:10:07.745-455326-354736,805,true,0.3979866974104556,1,2072.616904266975,1.0,0.992
2026-03-22T21:10:07.745-455326-354736,535,true,55.36341211911228,1,2017.2534921478625,1.0,0.987
2026-03-22T21:10:07.745-455326-354736,135,true,2.4272373198050343,1,2014.8262548280575,1.0,0.985
2026-03-22T21:10:07.745-455326-354736,245,true,1.2382210556223385,1,2013.5880337724352,1.0,0.06499999999999995
2026-03-22T21:10:07.745-455326-354736,793,true,2.3257469499570127,1,2011.2622868224782,1.0,0.987
2026-03-22T21:10:07.745-455326-354736,524,true,32.7040754861529,1,1978.5582113363253,1.0,0.19799999999999995
2026-03-22T21:10:07.745-455326-354736,311,true,15.62171103897522,1,1962.93650029735,1.0,0.988
2026-03-22T21:10:07.745-455326-354736,948,true,4.528544540816557,1,1958.4079557565335,1.0,0.75
2026-03-22T21:10:07.745-455326-354736,185,true,157.63612541385157,1,1800.7718303426818,1.0,0.991
2026-03-22T21:10:07.745-455326-354736,677,true,0.35931589750184184,1,1800.41251444518,1.0,0.22799999999999998
2026-03-22T21:10:07.745-455326-354736,330,true,0.6211778214215129,1,1799.7913366237585,1.0,0.747
2026-03-22T21:10:07.745-455326-354736,427,true,24.420077003775994,1,1775.3712596199825,1.0,0.993
2026-03-22T21:10:07.745-455326-354736,986,true,0.9180199773246933,1,1774.4532396426578,1.0,0.236
2026-03-22T21:10:07.745-455326-354736,995,true,10.9814368240215,1,1763.4718028186362,1.0,0.735
2026-03-22T21:10:07.745-455326-354736,939,true,1.6991744752668092,1,1761.7726283433694,1.0,0.815
2026-03-22T21:10:07.745-455326-354736,993,true,2.3009202535928757,1,1759.4717080897765,1.0,0.07099999999999995
2026-03-22T21:10:07.745-455326-354736,35,true,2.6388343804923196,1,1756.832873709284,1.0,0.794
2026-03-22T21:10:07.745-455326-354736,512,true,0.5113103351921638,1,1756.321563374092,1.0,0.06899999999999995
2026-03-22T21:10:07.745-455326-354736,541,true,1.3908522571494566,1,1754.9307111169426,1.0,0.987
2026-03-22T21:10:07.745-455326-354736,651,true,1.8775971690710036,1,1753.0531139478717,1.0,0.99
2026-03-22T21:10:07.745-455326-354736,831,false,0.12561932718359206,1,1753.0531139478717,1.0,1.0
2026-03-22T21:10:07.745-455326-354736,279,true,1.3249130898741226,1,1751.7282008579975,1.0,0.859
2026-03-22T21:10:07.745-455326-354736,309,true,22.034334910326283,1,1729.6938659476712,1.0,0.8029999999999999
2026-03-22T21:10:07.745-455326-354736,957,true,1.8423502196486572,1,1727.8515157280226,1.0,0.993
2026-03-22T21:10:07.745-455326-354736,748,true,0.510845604044293,1,1727.3406701239783,1.0,0.991
2026-03-22T21:10:07.745-455326-354736,584,false,0.0342137457658645,1,1727.3406701239783,1.0,1.0
2026-03-22T21:10:07.745-455326-354736,450,false,0.005259703456642781,1,1727.3406701239783,1.0,1.0
2026-03-22T21:10:07.745-455326-354736,113,true,1.253608124219994,1,1726.0870619997584,1.0,0.07599999999999996
2026-03-22T21:10:07.745-455326-354736,891,true,3.8069877848250733,1,1722.2800742149334,1.0,0.989
2026-03-22T21:10:07.745-455326-354736,203,true,2.7717009663474625,1,1719.508373248586,1.0,0.992
2026-03-22T21:10:07.745-455326-354736,457,true,0.9949669571626792,1,1718.5134062914233,1.0,0.747
2026-03-22T21:10:07.745-455326-354736,144,true,1.3393588248476234,1,1717.1740474665758,1.0,0.766
2026-03-22T21:10:07.745-455326-354736,959,true,1.698863417791989,1,1715.4751840487838,1.0,0.06799999999999995
2026-03-22T21:10:07.745-455326-354736,652,false,0.12043055923685657,1,1715.4751840487838,1.0,1.0
2026-03-22T21:10:07.745-455326-354736,701,true,9.126602191436207,1,1706.3485818573477,1.0,0.06399999999999995
2026-03-22T21:10:07.745-455326-354736,530,true,0.42225105257732365,1,1705.9263308047703,1.0,0.988
2026-03-22T21:10:07.745-455326-354736,650,false,0.15974087882552196,1,1705.9263308047703,1.0,1.0
2026-03-22T21:10:07.745-455326-354736,561,true,0.24915425935649319,1,1705.6771765454137,1.0,0.987
2026-03-22T21:10:07.745-455326-354736,894,true,0.2682981331203301,1,1705.4088784122932,1.0,0.757
2026-03-22T21:10:07.745-455326-354736,952,true,34.11858786348336,1,1671.29029054881,1.0,0.754
2026-03-22T21:10:07.745-455326-354736,440,false,0.046783345750932834,1,1671.29029054881,1.0,1.0
2026-03-22T21:10:07.745-455326-354736,207,true,4.070444731724512,1,1667.2198458170853,1.0,0.995
2026-03-22T21:10:07.745-455326-354736,367,true,34.1067884792043,1,1633.113057337881,1.0,0.986
2026-03-22T21:10:07.745-455326-354736,778,true,5.721580684480314,1,1627.3914766534006,1.0,0.758
2026-03-22T21:10:07.745-455326-354736,464,true,0.5778022695522845,1,1626.8136743838484,1.0,0.987
2026-03-22T21:10:07.745-455326-354736,204,true,32.224248824522256,1,1594.5894255593262,1.0,0.06799999999999995
2026-03-22T21:10:07.745-455326-354736,147,false,0.18438861104259394,1,1594.5894255593262,1.0,1.0
2026-03-22T21:10:07.745-455326-354736,60,true,67.21197358116363,1,1527.3774519781625,1.0,0.862
2026-03-22T21:10:07.745-455326-354736,364,true,28.90901389476218,1,1498.4684380834003,1.0,0.0
2026-03-22T21:10:07.745-455326-354736,439,true,0.47100514697621343,1,1497.997432936424,1.0,0.775
2026-03-22T21:10:07.745-455326-354736,389,true,29.28503888852906,1,1468.712394047895,1.0,0.987
2026-03-22T21:10:07.745-455326-354736,587,true,2.102429757725076,1,1466.60996429017,1.0,0.737
2026-03-22T21:10:07.745-455326-354736,750,true,14.237575749445039,1,1452.3723885407248,1.0,0.757
2026-03-22T21:10:07.745-455326-354736,170,true,37.4480515778581,1,1414.9243369628668,1.0,0.992
2026-03-22T21:10:07.745-455326-354736,22,true,0.35191425110448643,1,1414.5724227117623,1.0,0.0
2026-03-22T21:10:07.745-455326-354736,152,true,4.576790533669847,1,1409.9956321780926,1.0,0.752
2026-03-22T21:10:07.745-455326-354736,813,false,0.052560244077798426,1,1409.9956321780926,1.0,1.0
2026-03-22T21:10:07.745-455326-354736,788,true,4.44598247003922,1,1405.5496497080533,1.0,0.989
2026-03-22T21:10:07.745-455326-354736,812,true,8.222425919396018,1,1397.3272237886572,1.0,0.8109999999999999
2026-03-22T21:10:07.745-455326-354736,558,true,46.18776166299813,1,1351.139462125659,1.0,0.049000000000000044
2026-03-22T21:10:07.745-455326-354736,994,true,3.9597432404543045,1,1347.1797188852047,1.0,0.0
2026-03-22T21:10:07.745-455326-354736,476,true,2.8283836223303536,1,1344.3513352628743,1.0,0.746
2026-03-22T21:10:07.745-455326-354736,103,true,5.564293492923132,1,1338.7870417699512,1.0,0.835
2026-03-22T21:10:07.745-455326-354736,782,true,1.9478208881559698,1,1336.8392208817952,1.0,0.746
2026-03-22T21:10:07.745-455326-354736,871,true,1.2046893062226283,1,1335.6345315755725,1.0,0.07399999999999995
2026-03-22T21:10:07.745-455326-354736,357,true,26.1914964244361,1,1309.4430351511364,1.0,0.06299999999999994
2026-03-22T21:10:07.745-455326-354736,594,true,18.189213085663457,1,1291.253822065473,1.0,0.806
2026-03-22T21:10:07.745-455326-354736,673,true,2.599882996475221,1,1288.653939068998,1.0,0.22199999999999998
2026-03-22T21:10:07.745-455326-354736,211,true,2.1668075667010203,1,1286.487131502297,1.0,0.989
2026-03-22T21:10:07.745-455326-354736,146,true,13.063437162076996,1,1273.42369434022,1.0,0.24
2026-03-22T21:10:07.745-455326-354736,384,true,0.41601519987998015,1,1273.00767914034,1.0,0.743
2026-03-22T21:10:07.745-455326-354736,255,true,4.535483418521226,1,1268.472195721819,1.0,0.05700000000000005
2026-03-22T21:10:07.745-455326-354736,208,true,24.99892138028632,1,1243.4732743415327,1.0,0.07599999999999996
2026-03-22T21:10:07.745-455326-354736,872,true,2.8115080112971786,1,1240.6617663302354,1.0,0.0
2026-03-22T21:10:07.745-455326-354736,104,false,0.08507463697670584,1,1240.6617663302354,1.0,1.0
2026-03-22T21:10:07.745-455326-354736,4,true,0.9088079081800136,1,1239.7529584220554,1.0,0.06000000000000005
2026-03-22T21:10:07.745-455326-354736,150,false,0.17866351697868055,1,1239.7529584220554,1.0,1.0
2026-03-22T21:10:07.745-455326-354736,87,true,1.4569555256639368,1,1238.2960028963914,1.0,0.08199999999999996
2026-03-22T21:10:07.745-455326-354736,962,true,26.616914731639703,1,1211.6790881647516,1.0,0.0
2026-03-22T21:10:07.745-455326-354736,82,true,1.4950384499410878,1,1210.1840497148105,1.0,0.062000000000000055
2026-03-22T21:10:07.745-455326-354736,624,true,8.623666484119838,1,1201.5603832306906,1.0,0.756
2026-03-22T21:10:07.745-455326-354736,97,true,0.5871383435846513,1,1200.973244887106,1.0,0.808
2026-03-22T21:10:07.745-455326-354736,989,true,1.1234403474172647,1,1199.8498045396886,1.0,0.05700000000000005
2026-03-22T21:10:07.745-455326-354736,70,true,13.27737582786043,1,1186.5724287118283,1.0,0.8109999999999999
2026-03-22T21:10:07.745-455326-354736,475,true,119.663070167286,1,1066.9093585445423,1.0,0.739
2026-03-22T21:10:07.745-455326-354736,967,true,3.004998346712918,1,1063.9043601978294,1.0,0.05700000000000005
2026-03-22T21:10:07.745-455326-354736,126,true,0.3144859303894216,1,1063.58987426744,1.0,0.986
2026-03-22T21:10:07.745-455326-354736,136,true,2.8417652559731885,1,1060.748109011467,1.0,0.773
2026-03-22T21:10:07.745-455326-354736,691,false,0.14158606161306966,1,1060.748109011467,1.0,1.0
2026-03-22T21:10:07.745-455326-354736,780,true,47.09631205284542,1,1013.6517969586216,1.0,0.0
2026-03-22T21:10:07.745-455326-354736,504,true,2.0165337360171547,1,1011.6352632226044,1.0,0.07699999999999996
2026-03-22T21:10:07.745-455326-354736,435,true,78.97956003965153,1,932.6557031829528,1.0,0.992
2026-03-22T21:10:07.745-455326-354736,388,false,0.1840402957582678,1,932.6557031829528,1.0,1.0
2026-03-22T21:10:07.745-455326-354736,153,true,1.1389413248372677,1,931.5167618581156,1.0,0.06599999999999995
2026-03-22T21:10:07.745-455326-354736,359,false,0.025170359061536696,1,931.5167618581156,1.0,1.0
2026-03-22T21:10:07.745-455326-354736,141,true,8.541868988226819,1,922.9748928698888,1.0,0.08299999999999996
2026-03-22T21:10:07.745-455326-354736,239,true,0.43208755791326625,1,922.5428053119755,1.0,0.0
2026-03-22T21:10:07.745-455326-354736,380,true,4.453756288049168,1,918.0890490239263,1.0,0.859
2026-03-22T21:10:07.745-455326-354736,91,true,1.1154275807729883,1,916.9736214431533,1.0,0.0
2026-03-22T21:10:07.745-455326-354736,124,true,2.2220527744923473,1,914.751568668661,1.0,0.01100000000000001
2026-03-22T21:10:07.745-455326-354736,729,true,0.3240700340936843,1,914.4274986345673,1.0,0.763
2026-03-22T21:10:07.745-455326-354736,573,true,7.060991901590458,1,907.3665067329769,1.0,0.994
2026-03-22T21:10:07.745-455326-354736,860,true,0.29826223563962406,1,907.0682444973372,1.0,0.989
2026-03-22T21:10:07.745-455326-354736,453,true,1.279172865622355,1,905.7890716317148,1.0,0.808
2026-03-22T21:10:07.745-455326-354736,654,true,1446.245463338327,1,-540.4563917066122,1.0,0.0
