2026-03-22T21:10:07.745-455326-795449,253,true,1.7837884925348704,1,4579.180214607965,1.0,0.991
2026-03-22T21:10:07.745-455326-795449,546,true,3.017500741309157,1,4576.162713866656,1.0,0.991
2026-03-22T21:10:07.745-455326-795449,681,true,0.42804422973929007,1,4575.734669636917,1.0,0.99
2026-03-22T21:10:07.745-455326-795449,189,true,1.254318953276962,1,4574.48035068364,1.0,0.984
2026-03-22T21:10:07.745-455326-795449,218,true,4.847251138340362,1,4569.633099545299,1.0,0.992
2026-03-22T21:10:07.745-455326-795449,764,true,0.9771473286959076,1,4568.6559522166035,1.0,0.988
2026-03-22T21:10:07.745-455326-795449,298,true,12.090690599098892,1,4556.565261617505,1.0,0.993
2026-03-22T21:10:07.745-455326-795449,669,true,11.35056165458624,1,4545.2146999629185,1.0,0.737
2026-03-22T21:10:07.745-455326-795449,324,true,271.17675428756684,1,4274.037945675352,1.0,0.99
2026-03-22T21:10:07.745-455326-795449,603,true,3.2815773455431656,1,4270.7563683298085,1.0,0.99
2026-03-22T21:10:07.745-455326-795449,878,true,0.9513581769857024,1,4269.805010152822,1.0,0.987
2026-03-22T21:10:07.745-455326-795449,51,true,13.915230239932882,1,4255.88977991289,1.0,0.987
2026-03-22T21:10:07.745-455326-795449,535,true,55.36341211911228,1,4200.526367793777,1.0,0.991
2026-03-22T21:10:07.745-455326-795449,245,true,1.2382210556223385,1,4199.288146738155,1.0,0.992
2026-03-22T21:10:07.745-455326-795449,618,false,0.11259881691820965,1,4199.288146738155,1.0,1.0
2026-03-22T21:10:07.745-455326-795449,710,true,2.3446726662503896,1,4196.943474071904,1.0,0.997
2026-03-22T21:10:07.745-455326-795449,486,false,0.1566688017909914,1,4196.943474071904,1.0,1.0
2026-03-22T21:10:07.745-455326-795449,911,true,1.3260081454079786,1,4195.617465926496,1.0,0.99
2026-03-22T21:10:07.745-455326-795449,793,true,2.3257469499570127,1,4193.291718976539,1.0,0.987
2026-03-22T21:10:07.745-455326-795449,989,true,1.1234403474172647,1,4192.168278629122,1.0,0.992
2026-03-22T21:10:07.745-455326-795449,534,true,0.6889686572178482,1,4191.4793099719045,1.0,0.744
2026-03-22T21:10:07.745-455326-795449,215,true,11.345060785539525,1,4180.134249186365,1.0,0.777
2026-03-22T21:10:07.745-455326-795449,318,true,0.22595468475430783,1,4179.908294501611,1.0,0.989
2026-03-22T21:10:07.745-455326-795449,28,true,2.9082693698494912,1,4177.0000251317615,1.0,0.986
2026-03-22T21:10:07.745-455326-795449,609,true,17.43287842043514,1,4159.567146711326,1.0,0.992
2026-03-22T21:10:07.745-455326-795449,868,true,154.41028137596498,1,4005.156865335361,1.0,0.99
2026-03-22T21:10:07.745-455326-795449,27,true,0.2289893007238882,1,4004.9278760346374,1.0,0.725
2026-03-22T21:10:07.745-455326-795449,361,true,1.7084840982056628,1,4003.2193919364317,1.0,0.987
2026-03-22T21:10:07.745-455326-795449,827,true,7.522285188771767,1,3995.69710674766,1.0,0.995
2026-03-22T21:10:07.745-455326-795449,278,true,5.682611326125863,1,3990.0144954215343,1.0,0.994
2026-03-22T21:10:07.745-455326-795449,706,true,1.5396868918338082,1,3988.4748085297006,1.0,0.984
2026-03-22T21:10:07.745-455326-795449,544,true,4.092065349561353,1,3984.382743180139,1.0,0.747
2026-03-22T21:10:07.745-455326-795449,740,false,0.08343521708422155,1,3984.382743180139,1.0,1.0
2026-03-22T21:10:07.745-455326-795449,142,true,1.9220366318813764,1,3982.460706548258,1.0,0.988
2026-03-22T21:10:07.745-455326-795449,743,true,3.1160808007824166,1,3979.344625747475,1.0,0.988
2026-03-22T21:10:07.745-455326-795449,587,true,2.102429757725076,1,3977.24219598975,1.0,0.995
2026-03-22T21:10:07.745-455326-795449,832,true,3.5553937045074133,1,3973.6868022852427,1.0,0.983
2026-03-22T21:10:07.745-455326-795449,843,true,33.38150146523891,1,3940.3053008200036,1.0,0.991
2026-03-22T21:10:07.745-455326-795449,944,true,26.418045724085527,1,3913.887255095918,1.0,0.99
2026-03-22T21:10:07.745-455326-795449,757,true,29.455521750199456,1,3884.431733345719,1.0,0.993
2026-03-22T21:10:07.745-455326-795449,33,true,106.44545769921338,1,3777.9862756465054,1.0,0.991
2026-03-22T21:10:07.745-455326-795449,904,false,0.1451450431194091,1,3777.9862756465054,1.0,1.0
2026-03-22T21:10:07.745-455326-795449,429,true,0.503769573585858,1,3777.4825060729195,1.0,0.992
2026-03-22T21:10:07.745-455326-795449,626,true,2.6743178917374473,1,3774.8081881811822,1.0,0.995
2026-03-22T21:10:07.745-455326-795449,48,true,1.2265138061712193,1,3773.581674375011,1.0,0.823
2026-03-22T21:10:07.745-455326-795449,622,true,3.2061512216576857,1,3770.3755231533532,1.0,0.992
2026-03-22T21:10:07.745-455326-795449,547,false,0.19722764299540393,1,3770.3755231533532,1.0,1.0
2026-03-22T21:10:07.745-455326-795449,645,true,3.054800627471079,1,3767.320722525882,1.0,0.99
2026-03-22T21:10:07.745-455326-795449,715,true,2.797556679597218,1,3764.523165846285,1.0,0.994
2026-03-22T21:10:07.745-455326-795449,825,true,0.7969406219393641,1,3763.7262252243454,1.0,0.736
2026-03-22T21:10:07.745-455326-795449,99,true,0.9235175616931139,1,3762.802707662652,1.0,0.993
2026-03-22T21:10:07.745-455326-795449,341,true,27.840765170010716,1,3734.9619424926414,1.0,0.996
2026-03-22T21:10:07.745-455326-795449,999,false,0.11499556925278595,1,3734.9619424926414,1.0,1.0
2026-03-22T21:10:07.745-455326-795449,855,true,29.55901788596033,1,3705.402924606681,1.0,0.992
2026-03-22T21:10:07.745-455326-795449,230,true,0.6877603412035233,1,3704.7151642654776,1.0,0.991
2026-03-22T21:10:07.745-455326-795449,820,true,0.2751379387998263,1,3704.440026326678,1.0,0.993
2026-03-22T21:10:07.745-455326-795449,721,true,15.237567689552389,1,3689.202458637126,1.0,0.99
2026-03-22T21:10:07.745-455326-795449,181,true,4.926690008219772,1,3684.275768628906,1.0,0.993
2026-03-22T21:10:07.745-455326-795449,277,true,18.004661242565973,1,3666.27110738634,1.0,0.825
2026-03-22T21:10:07.745-455326-795449,917,true,0.381476255953427,1,3665.889631130387,1.0,0.99
2026-03-22T21:10:07.745-455326-795449,60,true,67.21197358116363,1,3598.6776575492236,1.0,0.994
2026-03-22T21:10:07.745-455326-795449,559,true,2.694523095600204,1,3595.9831344536233,1.0,0.995
2026-03-22T21:10:07.745-455326-795449,57,false,0.0557166415136122,1,3595.9831344536233,1.0,1.0
2026-03-22T21:10:07.745-455326-795449,950,true,9.85308045783836,1,3586.1300539957847,1.0,0.987
2026-03-22T21:10:07.745-455326-795449,494,false,0.0673997909578897,1,3586.1300539957847,1.0,1.0
2026-03-22T21:10:07.745-455326-795449,650,false,0.15974087882552196,1,3586.1300539957847,1.0,1.0
2026-03-22T21:10:07.745-455326-795449,601,true,0.24829863351025347,1,3585.8817553622744,1.0,0.763
2026-03-22T21:10:07.745-455326-795449,566,true,47.00358201870675,1,3538.8781733435676,1.0,0.992
2026-03-22T21:10:07.745-455326-795449,923,true,0.5917092705890927,1,3538.2864640729786,1.0,0.992
2026-03-22T21:10:07.745-455326-795449,370,true,109.38372914966713,1,3428.9027349233115,1.0,0.996
2026-03-22T21:10:07.745-455326-795449,47,true,1.5258721922756666,1,3427.376862731036,1.0,0.73
2026-03-22T21:10:07.745-455326-795449,205,true,6.169257323075051,1,3421.2076054079607,1.0,0.989
2026-03-22T21:10:07.745-455326-795449,294,true,14.391539709611633,1,3406.816065698349,1.0,0.988
2026-03-22T21:10:07.745-455326-795449,326,true,3.7835608903031144,1,3403.032504808046,1.0,0.718
2026-03-22T21:10:07.745-455326-795449,826,true,34.1467967992838,1,3368.885708008762,1.0,0.22899999999999998
2026-03-22T21:10:07.745-455326-795449,126,true,0.3144859303894216,1,3368.5712220783726,1.0,0.992
2026-03-22T21:10:07.745-455326-795449,105,true,0.587666078487881,1,3367.9835559998846,1.0,0.985
2026-03-22T21:10:07.745-455326-795449,487,true,0.38573476244676613,1,3367.597821237438,1.0,0.991
2026-03-22T21:10:07.745-455326-795449,474,true,58.65889451068365,1,3308.9389267267543,1.0,0.994
2026-03-22T21:10:07.745-455326-795449,648,true,3.743404556799789,1,3305.1955221699545,1.0,0.758
2026-03-22T21:10:07.745-455326-795449,135,true,2.4272373198050343,1,3302.7682848501495,1.0,0.993
2026-03-22T21:10:07.745-455326-795449,728,true,54.250760430703295,1,3248.517524419446,1.0,0.993
2026-03-22T21:10:07.745-455326-795449,542,true,2.733848591509713,1,3245.7836758279363,1.0,0.766
2026-03-22T21:10:07.745-455326-795449,251,true,3.5661577758420626,1,3242.2175180520944,1.0,0.08699999999999997
2026-03-22T21:10:07.745-455326-795449,591,true,7.976329990581429,1,3234.241188061513,1.0,0.991
2026-03-22T21:10:07.745-455326-795449,784,true,157.25801848736904,1,3076.983169574144,1.0,0.991
2026-03-22T21:10:07.745-455326-795449,929,true,6.770089386260153,1,3070.213080187884,1.0,0.993
2026-03-22T21:10:07.745-455326-795449,18,true,5.677345846037299,1,3064.5357343418464,1.0,0.991
2026-03-22T21:10:07.745-455326-795449,629,true,0.5868964184472087,1,3063.948837923399,1.0,0.757
2026-03-22T21:10:07.745-455326-795449,169,false,0.16960922996086028,1,3063.948837923399,1.0,1.0
2026-03-22T21:10:07.745-455326-795449,500,true,0.8167345132560495,1,3063.132103410143,1.0,0.994
2026-03-22T21:10:07.745-455326-795449,62,true,27.0653318093069,1,3036.066771600836,1.0,0.804
2026-03-22T21:10:07.745-455326-795449,376,true,0.4464961219500012,1,3035.620275478886,1.0,0.776
2026-03-22T21:10:07.745-455326-795449,666,true,0.8091253049656554,1,3034.8111501739204,1.0,0.81
2026-03-22T21:10:07.745-455326-795449,336,false,0.03970386087166084,1,3034.8111501739204,1.0,1.0
2026-03-22T21:10:07.745-455326-795449,461,true,21.237796198423034,1,3013.5733539754974,1.0,0.993
2026-03-22T21:10:07.745-455326-795449,959,true,1.698863417791989,1,3011.8744905577055,1.0,0.993
2026-03-22T21:10:07.745-455326-795449,133,true,16.05266658265549,1,2995.82182397505,1.0,0.749
2026-03-22T21:10:07.745-455326-795449,288,false,0.06240128047663344,1,2995.82182397505,1.0,1.0
2026-03-22T21:10:07.745-455326-795449,434,true,4.45712610898063,1,2991.3646978660695,1.0,0.99
2026-03-22T21:10:07.745-455326-795449,244,false,0.13721410669331202,1,2991.3646978660695,1.0,1.0
2026-03-22T21:10:07.745-455326-795449,466,true,37.39715860624678,1,2953.967539259823,1.0,0.992
2026-03-22T21:10:07.745-455326-795449,708,false,0.14870951578038072,1,2953.967539259823,1.0,1.0
2026-03-22T21:10:07.745-455326-795449,692,true,63.2861960071371,1,2890.6813432526856,1.0,0.987
2026-03-22T21:10:07.745-455326-795449,658,true,3.3754423403397995,1,2887.305900912346,1.0,0.99
2026-03-22T21:10:07.745-455326-795449,611,false,0.07924846493304159,1,2887.305900912346,1.0,1.0
2026-03-22T21:10:07.745-455326-795449,927,true,3.1794181777576593,1,2884.126482734588,1.0,0.761
2026-03-22T21:10:07.745-455326-795449,802,true,1.2830585030254713,1,2882.8434242315625,1.0,0.987
2026-03-22T21:10:07.745-455326-795449,217,true,6.360159831464542,1,2876.483264400098,1.0,0.061000000000000054
2026-03-22T21:10:07.745-455326-795449,812,true,8.222425919396018,1,2868.260838480702,1.0,0.986
2026-03-22T21:10:07.745-455326-795449,287,true,0.5382075398628413,1,2867.7226309408393,1.0,0.991
2026-03-22T21:10:07.745-455326-795449,307,true,0.8566224684765632,1,2866.866008472363,1.0,0.8109999999999999
2026-03-22T21:10:07.745-455326-795449,808,true,22.983470170441993,1,2843.8825383019207,1.0,0.989
2026-03-22T21:10:07.745-455326-795449,810,true,5.3626159718694115,1,2838.5199223300515,1.0,0.007000000000000006
2026-03-22T21:10:07.745-455326-795449,774,true,6.565632664704338,1,2831.954289665347,1.0,0.991
2026-03-22T21:10:07.745-455326-795449,560,false,0.14013975982661933,1,2831.954289665347,1.0,1.0
2026-03-22T21:10:07.745-455326-795449,221,true,0.5114002617560894,1,2831.442889403591,1.0,0.749
2026-03-22T21:10:07.745-455326-795449,252,true,2.009974718001869,1,2829.432914685589,1.0,0.0
2026-03-22T21:10:07.745-455326-795449,402,true,15.539383020666389,1,2813.8935316649226,1.0,0.986
2026-03-22T21:10:07.745-455326-795449,539,true,2.100606271943706,1,2811.7929253929788,1.0,0.777
2026-03-22T21:10:07.745-455326-795449,817,true,0.22609166677892328,1,2811.5668337262,1.0,0.774
2026-03-22T21:10:07.745-455326-795449,113,true,1.253608124219994,1,2810.31322560198,1.0,0.772
2026-03-22T21:10:07.745-455326-795449,97,true,0.5871383435846513,1,2809.726087258395,1.0,0.831
2026-03-22T21:10:07.745-455326-795449,652,false,0.12043055923685657,1,2809.726087258395,1.0,1.0
2026-03-22T21:10:07.745-455326-795449,78,true,16.942883738625564,1,2792.78320351977,1.0,0.992
2026-03-22T21:10:07.745-455326-795449,519,true,44.09011623804141,1,2748.6930872817284,1.0,0.988
2026-03-22T21:10:07.745-455326-795449,403,true,0.2421001082440035,1,2748.4509871734845,1.0,0.775
2026-03-22T21:10:07.745-455326-795449,589,true,16.684330917551044,1,2731.7666562559334,1.0,0.06299999999999994
2026-03-22T21:10:07.745-455326-795449,545,true,0.875152102973606,1,2730.89150415296,1.0,0.0
2026-03-22T21:10:07.745-455326-795449,511,true,1.0558117163875718,1,2729.835692436572,1.0,0.995
2026-03-22T21:10:07.745-455326-795449,605,true,7.006884545412259,1,2722.82880789116,1.0,0.749
2026-03-22T21:10:07.745-455326-795449,639,true,10.92450688934389,1,2711.9043010018163,1.0,0.993
2026-03-22T21:10:07.745-455326-795449,525,true,16.796142324402204,1,2695.108158677414,1.0,0.992
2026-03-22T21:10:07.745-455326-795449,66,true,55.07831914619575,1,2640.0298395312184,1.0,0.994
2026-03-22T21:10:07.745-455326-795449,543,true,51.60475066176317,1,2588.425088869455,1.0,0.0
2026-03-22T21:10:07.745-455326-795449,472,true,0.32673789248783686,1,2588.098350976967,1.0,0.745
2026-03-22T21:10:07.745-455326-795449,889,true,5.7739989606801085,1,2582.324352016287,1.0,0.862
2026-03-22T21:10:07.745-455326-795449,64,true,1.4057913316178559,1,2580.918560684669,1.0,0.06799999999999995
2026-03-22T21:10:07.745-455326-795449,132,true,1.277952199544194,1,2579.6406084851246,1.0,0.07199999999999995
2026-03-22T21:10:07.745-455326-795449,974,true,3.816145221623426,1,2575.824463263501,1.0,0.989
2026-03-22T21:10:07.745-455326-795449,834,true,4.851641780135681,1,2570.9728214833654,1.0,0.742
2026-03-22T21:10:07.745-455326-795449,735,true,2.8131545643059925,1,2568.1596669190594,1.0,0.989
2026-03-22T21:10:07.745-455326-795449,745,true,1.0322342040632182,1,2567.1274327149963,1.0,0.76
2026-03-22T21:10:07.745-455326-795449,82,true,1.4950384499410878,1,2565.632394265055,1.0,0.994
2026-03-22T21:10:07.745-455326-795449,972,true,0.47031803969650343,1,2565.1620762253588,1.0,0.777
2026-03-22T21:10:07.745-455326-795449,790,true,1.8234373562911204,1,2563.338638869068,1.0,0.76
2026-03-22T21:10:07.745-455326-795449,495,false,0.08488238283127732,1,2563.338638869068,1.0,1.0
2026-03-22T21:10:07.745-455326-795449,722,true,2.904915275032743,1,2560.433723594035,1.0,0.754
2026-03-22T21:10:07.745-455326-795449,479,true,4.391585701428077,1,2556.042137892607,1.0,0.827
2026-03-22T21:10:07.745-455326-795449,528,true,1.9797364719184072,1,2554.0624014206887,1.0,0.758
2026-03-22T21:10:07.745-455326-795449,624,true,8.623666484119838,1,2545.438734936569,1.0,0.06999999999999995
2026-03-22T21:10:07.745-455326-795449,261,true,0.21871186592077135,1,2545.220023070648,1.0,0.993
2026-03-22T21:10:07.745-455326-795449,501,true,2.2809409711161597,1,2542.939082099532,1.0,0.75
2026-03-22T21:10:07.745-455326-795449,134,true,17.258641357952317,1,2525.6804407415793,1.0,0.0010000000000000009
2026-03-22T21:10:07.745-455326-795449,470,true,4.208340571249038,1,2521.47210017033,1.0,0.74
2026-03-22T21:10:07.745-455326-795449,507,false,0.16788612180311158,1,2521.47210017033,1.0,1.0
2026-03-22T21:10:07.745-455326-795449,396,true,0.4331922699230784,1,2521.038907900407,1.0,0.994
2026-03-22T21:10:07.745-455326-795449,686,true,74.15183640086723,1,2446.88707149954,1.0,0.988
2026-03-22T21:10:07.745-455326-795449,600,true,34.154739542568755,1,2412.7323319569714,1.0,0.07099999999999995
2026-03-22T21:10:07.745-455326-795449,577,true,6.528463117223086,1,2406.2038688397483,1.0,0.991
2026-03-22T21:10:07.745-455326-795449,329,true,3.7932502271783886,1,2402.41061861257,1.0,0.725
2026-03-22T21:10:07.745-455326-795449,894,true,0.2682981331203301,1,2402.1423204794496,1.0,0.989
2026-03-22T21:10:07.745-455326-795449,411,true,0.6763044390388415,1,2401.466016040411,1.0,0.992
2026-03-22T21:10:07.745-455326-795449,312,true,43.82894035227151,1,2357.6370756881392,1.0,0.844
2026-03-22T21:10:07.745-455326-795449,737,false,0.0061089442997766565,1,2357.6370756881392,1.0,1.0
2026-03-22T21:10:07.745-455326-795449,4,true,0.9088079081800136,1,2356.7282677799594,1.0,0.99
2026-03-22T21:10:07.745-455326-795449,25,true,1.6273166300570117,1,2355.1009511499024,1.0,0.06699999999999995
2026-03-22T21:10:07.745-455326-795449,888,true,0.6971308570219475,1,2354.4038202928805,1.0,0.756
2026-03-22T21:10:07.745-455326-795449,407,true,0.8246894106135699,1,2353.579130882267,1.0,0.989
2026-03-22T21:10:07.745-455326-795449,17,true,2.4487343603623133,1,2351.1303965219045,1.0,0.762
2026-03-22T21:10:07.745-455326-795449,798,true,6.514350844004753,1,2344.6160456779,1.0,0.985
2026-03-22T21:10:07.745-455326-795449,986,true,0.9180199773246933,1,2343.6980257005753,1.0,0.813
2026-03-22T21:10:07.745-455326-795449,427,true,24.420077003775994,1,2319.2779486967993,1.0,0.727
2026-03-22T21:10:07.745-455326-795449,892,true,7.033688851260357,1,2312.244259845539,1.0,0.07899999999999996
2026-03-22T21:10:07.745-455326-795449,532,true,21.59952802274971,1,2290.6447318227893,1.0,0.374
2026-03-22T21:10:07.745-455326-795449,36,true,8.129787082770248,1,2282.514944740019,1.0,0.736
2026-03-22T21:10:07.745-455326-795449,259,true,8.442291516280807,1,2274.072653223738,1.0,0.76
2026-03-22T21:10:07.745-455326-795449,152,true,4.576790533669847,1,2269.4958626900684,1.0,0.987
2026-03-22T21:10:07.745-455326-795449,882,true,5.057623631672235,1,2264.438239058396,1.0,0.991
2026-03-22T21:10:07.745-455326-795449,35,true,2.6388343804923196,1,2261.7994046779036,1.0,0.21599999999999997
2026-03-22T21:10:07.745-455326-795449,257,true,1.5586027331780945,1,2260.2408019447253,1.0,0.744
2026-03-22T21:10:07.745-455326-795449,220,true,12.341297348365448,1,2247.8995045963597,1.0,0.0
2026-03-22T21:10:07.745-455326-795449,676,true,51.37461948425552,1,2196.524885112104,1.0,0.988
2026-03-22T21:10:07.745-455326-795449,439,true,0.47100514697621343,1,2196.053879965128,1.0,0.989
2026-03-22T21:10:07.745-455326-795449,693,true,3.846679891812352,1,2192.2072000733156,1.0,0.737
2026-03-22T21:10:07.745-455326-795449,350,true,6.5664427889461905,1,2185.6407572843696,1.0,0.992
2026-03-22T21:10:07.745-455326-795449,3,true,0.2279950555279545,1,2185.4127622288415,1.0,0.752
2026-03-22T21:10:07.745-455326-795449,77,true,7.610179787532706,1,2177.802582441309,1.0,0.74
2026-03-22T21:10:07.745-455326-795449,203,true,2.7717009663474625,1,2175.0308814749615,1.0,0.756
2026-03-22T21:10:07.745-455326-795449,70,true,13.27737582786043,1,2161.753505647101,1.0,0.996
2026-03-22T21:10:07.745-455326-795449,607,true,15.434237470522381,1,2146.3192681765786,1.0,0.06399999999999995
2026-03-22T21:10:07.745-455326-795449,976,true,0.9064775796422617,1,2145.4127905969362,1.0,0.812
2026-03-22T21:10:07.745-455326-795449,925,true,1.3287952768978366,1,2144.0839953200384,1.0,0.07799999999999996
2026-03-22T21:10:07.745-455326-795449,401,true,2.3132312478208092,1,2141.7707640722174,1.0,0.06000000000000005
2026-03-22T21:10:07.745-455326-795449,583,true,1.5531900233506843,1,2140.2175740488665,1.0,0.989
2026-03-22T21:10:07.745-455326-795449,805,true,0.3979866974104556,1,2139.819587351456,1.0,0.387
2026-03-22T21:10:07.745-455326-795449,522,true,4.739125300838345,1,2135.080462050618,1.0,0.241
2026-03-22T21:10:07.745-455326-795449,280,true,6.487539558387049,1,2128.5929224922306,1.0,0.06799999999999995
2026-03-22T21:10:07.745-455326-795449,683,true,19.08318025484804,1,2109.5097422373824,1.0,0.22399999999999998
2026-03-22T21:10:07.745-455326-795449,435,true,78.97956003965153,1,2030.530182197731,1.0,0.743
2026-03-22T21:10:07.745-455326-795449,94,true,0.24465002967693386,1,2030.285532168054,1.0,0.763
2026-03-22T21:10:07.745-455326-795449,164,true,0.36742679698373226,1,2029.9181053710704,1.0,0.986
2026-03-22T21:10:07.745-455326-795449,497,true,5335.624748753879,1,-3305.706643382809,0.0,0.0
2026-03-22T21:10:07.745-306470-621794,935,false,0.07483485491814706,1,3713.0116720997416,1.0,1.0
2026-03-22T21:10:07.745-306470-621794,712,false,3.7687134591802676,1,3713.0116720997416,1.0,1.0
2026-03-22T21:10:07.745-306470-621794,190,false,3.422576016019273,1,3713.0116720997416,1.0,1.0
2026-03-22T21:10:07.745-306470-621794,769,false,5.3870555942556635,1,3713.0116720997416,1.0,1.0
2026-03-22T21:10:07.745-306470-621794,293,false,0.029574496940839013,1,3713.0116720997416,1.0,1.0
2026-03-22T21:10:07.745-306470-621794,619,false,4.36996564196784,1,3713.0116720997416,1.0,1.0
2026-03-22T21:10:07.745-306470-621794,384,false,6.236899413638735,1,3713.0116720997416,1.0,1.0
2026-03-22T21:10:07.745-306470-621794,459,false,1.6465091872067001,1,3713.0116720997416,1.0,1.0
2026-03-22T21:10:07.745-306470-621794,658,false,0.3174819431400819,1,3713.0116720997416,1.0,1.0
2026-03-22T21:10:07.745-306470-621794,329,false,76.55376945898442,1,3713.0116720997416,1.0,1.0
2026-03-22T21:10:07.745-306470-621794,685,false,1.1797255678877767,1,3713.0116720997416,1.0,1.0
2026-03-22T21:10:07.745-306470-621794,816,true,11.959006375859996,1,3701.0526657238815,1.0,0.671
2026-03-22T21:10:07.745-306470-621794,2,false,1.0124591892564863,1,3701.0526657238815,1.0,1.0
2026-03-22T21:10:07.745-306470-621794,177,false,1.0037303157440554,1,3701.0526657238815,1.0,1.0
2026-03-22T21:10:07.745-306470-621794,520,false,50.76660142679231,1,3701.0526657238815,1.0,1.0
2026-03-22T21:10:07.745-306470-621794,265,false,0.2914708775861527,1,3701.0526657238815,1.0,1.0
2026-03-22T21:10:07.745-306470-621794,584,false,6.725582750539876,1,3701.0526657238815,1.0,1.0
2026-03-22T21:10:07.745-306470-621794,416,false,56.26680506935263,1,3701.0526657238815,1.0,1.0
2026-03-22T21:10:07.745-306470-621794,567,false,1.5564395464793461,1,3701.0526657238815,1.0,1.0
2026-03-22T21:10:07.745-306470-621794,511,false,2.4532691099119663,1,3701.0526657238815,1.0,1.0
2026-03-22T21:10:07.745-306470-621794,24,false,0.9511169574197609,1,3701.0526657238815,1.0,1.0
2026-03-22T21:10:07.745-306470-621794,814,false,0.02692997122331092,1,3701.0526657238815,1.0,1.0
2026-03-22T21:10:07.745-306470-621794,192,false,1.7358335524731492,1,3701.0526657238815,1.0,1.0
2026-03-22T21:10:07.745-306470-621794,946,false,3.681442031655626,1,3701.0526657238815,1.0,1.0
2026-03-22T21:10:07.745-306470-621794,986,false,0.36403196262857884,1,3701.0526657238815,1.0,1.0
2026-03-22T21:10:07.745-306470-621794,521,false,11.558538987779908,1,3701.0526657238815,1.0,1.0
2026-03-22T21:10:07.745-306470-621794,678,false,7.3517981556511725,1,3701.0526657238815,1.0,1.0
2026-03-22T21:10:07.745-306470-621794,824,false,0.3435134803859159,1,3701.0526657238815,1.0,1.0
2026-03-22T21:10:07.745-306470-621794,30,false,0.3334745028176119,1,3701.0526657238815,1.0,1.0
2026-03-22T21:10:07.745-306470-621794,578,false,3.4694400397007783,1,3701.0526657238815,1.0,1.0
2026-03-22T21:10:07.745-306470-621794,768,false,151.96419355589026,1,3701.0526657238815,1.0,1.0
2026-03-22T21:10:07.745-306470-621794,446,true,5.091265385248055,1,3695.9614003386337,1.0,0.667
2026-03-22T21:10:07.745-306470-621794,168,false,4.681586517462168,1,3695.9614003386337,1.0,1.0
2026-03-22T21:10:07.745-306470-621794,507,false,0.8369596877403958,1,3695.9614003386337,1.0,1.0
2026-03-22T21:10:07.745-306470-621794,313,false,5.9063662920768545,1,3695.9614003386337,1.0,1.0
2026-03-22T21:10:07.745-306470-621794,588,false,5.305189736309646,1,3695.9614003386337,1.0,1.0
2026-03-22T21:10:07.745-306470-621794,514,false,1.9506934811605745,1,3695.9614003386337,1.0,1.0
2026-03-22T21:10:07.745-306470-621794,530,false,7.062896025665983,1,3695.9614003386337,1.0,1.0
2026-03-22T21:10:07.745-306470-621794,101,false,2.3154651580537613,1,3695.9614003386337,1.0,1.0
2026-03-22T21:10:07.745-306470-621794,412,false,0.23987962510358468,1,3695.9614003386337,1.0,1.0
2026-03-22T21:10:07.745-306470-621794,668,false,4.267785776539625,1,3695.9614003386337,1.0,1.0
2026-03-22T21:10:07.745-306470-621794,397,false,6.052333929767164,1,3695.9614003386337,1.0,1.0
2026-03-22T21:10:07.745-306470-621794,306,false,3.6229227164019027,1,3695.9614003386337,1.0,1.0
2026-03-22T21:10:07.745-306470-621794,171,false,6.698158723421939,1,3695.9614003386337,1.0,1.0
2026-03-22T21:10:07.745-306470-621794,18,false,2.2919669564981997,1,3695.9614003386337,1.0,1.0
2026-03-22T21:10:07.745-306470-621794,458,false,8.393371942246986,1,3695.9614003386337,1.0,1.0
2026-03-22T21:10:07.745-306470-621794,943,false,3.8549215553721528,1,3695.9614003386337,1.0,1.0
2026-03-22T21:10:07.745-306470-621794,285,false,0.24978790791406785,1,3695.9614003386337,1.0,1.0
2026-03-22T21:10:07.745-306470-621794,237,false,3.6831651102694862,1,3695.9614003386337,1.0,1.0
2026-03-22T21:10:07.745-306470-621794,365,false,1.116581196818153,1,3695.9614003386337,1.0,1.0
2026-03-22T21:10:07.745-306470-621794,513,false,41.63453543426569,1,3695.9614003386337,1.0,1.0
2026-03-22T21:10:07.745-306470-621794,246,false,0.4298796783026876,1,3695.9614003386337,1.0,1.0
2026-03-22T21:10:07.745-306470-621794,100,false,5.76893769850646,1,3695.9614003386337,1.0,1.0
2026-03-22T21:10:07.745-306470-621794,224,false,2.843829760780233,1,3695.9614003386337,1.0,1.0
2026-03-22T21:10:07.745-306470-621794,107,false,0.8673396220707928,1,3695.9614003386337,1.0,1.0
2026-03-22T21:10:07.745-306470-621794,872,false,1.6228817542088751,1,3695.9614003386337,1.0,1.0
2026-03-22T21:10:07.745-306470-621794,426,false,197.3301761081437,1,3695.9614003386337,1.0,1.0
2026-03-22T21:10:07.745-306470-621794,962,false,37.11755066368949,1,3695.9614003386337,1.0,1.0
2026-03-22T21:10:07.745-306470-621794,97,false,2.0720606459064728,1,3695.9614003386337,1.0,1.0
2026-03-22T21:10:07.745-306470-621794,268,false,1.764856018821513,1,3695.9614003386337,1.0,1.0
2026-03-22T21:10:07.745-306470-621794,478,false,21.200282227171733,1,3695.9614003386337,1.0,1.0
2026-03-22T21:10:07.745-306470-621794,878,false,37.893905705842805,1,3695.9614003386337,1.0,1.0
2026-03-22T21:10:07.745-306470-621794,69,false,0.47163785861742735,1,3695.9614003386337,1.0,1.0
2026-03-22T21:10:07.745-306470-621794,587,false,51.67046832197618,1,3695.9614003386337,1.0,1.0
2026-03-22T21:10:07.745-306470-621794,28,false,11.946692974892677,1,3695.9614003386337,1.0,1.0
2026-03-22T21:10:07.745-306470-621794,753,false,0.11391520726364249,1,3695.9614003386337,1.0,1.0
2026-03-22T21:10:07.745-306470-621794,379,false,0.9393965353710219,1,3695.9614003386337,1.0,1.0
2026-03-22T21:10:07.745-306470-621794,885,false,0.6516343065686077,1,3695.9614003386337,1.0,1.0
2026-03-22T21:10:07.745-306470-621794,662,false,6.734476280565104,1,3695.9614003386337,1.0,1.0
2026-03-22T21:10:07.745-306470-621794,931,false,1.2164141362026724,1,3695.9614003386337,1.0,1.0
2026-03-22T21:10:07.745-306470-621794,919,false,1.1224616398929435,1,3695.9614003386337,1.0,1.0
2026-03-22T21:10:07.745-306470-621794,621,false,2.785438512676974,1,3695.9614003386337,1.0,1.0
2026-03-22T21:10:07.745-306470-621794,617,false,0.6724918478369932,1,3695.9614003386337,1.0,1.0
2026-03-22T21:10:07.745-306470-621794,311,false,67.21855120468382,1,3695.9614003386337,1.0,1.0
2026-03-22T21:10:07.745-306470-621794,257,false,0.12791814586934652,1,3695.9614003386337,1.0,1.0
2026-03-22T21:10:07.745-306470-621794,732,false,9.598392397222025,1,3695.9614003386337,1.0,1.0
2026-03-22T21:10:07.745-306470-621794,794,false,4.82273189504983,1,3695.9614003386337,1.0,1.0
2026-03-22T21:10:07.745-306470-621794,308,false,1.2845865823800504,1,3695.9614003386337,1.0,1.0
2026-03-22T21:10:07.745-306470-621794,408,false,265.57031748078276,1,3695.9614003386337,1.0,1.0
2026-03-22T21:10:07.745-306470-621794,693,false,4.9469314010089205,1,3695.9614003386337,1.0,1.0
2026-03-22T21:10:07.745-306470-621794,345,false,2.671105252761055,1,3695.9614003386337,1.0,1.0
2026-03-22T21:10:07.745-306470-621794,119,false,3.8131026124301255,1,3695.9614003386337,1.0,1.0
2026-03-22T21:10:07.745-306470-621794,863,false,40.932990221599674,1,3695.9614003386337,1.0,1.0
2026-03-22T21:10:07.745-306470-621794,670,false,625.308218570759,1,3695.9614003386337,1.0,1.0
2026-03-22T21:10:07.745-306470-621794,999,false,3.425707161192764,1,3695.9614003386337,1.0,1.0
2026-03-22T21:10:07.745-306470-621794,757,false,0.04546179697482064,1,3695.9614003386337,1.0,1.0
2026-03-22T21:10:07.745-306470-621794,649,false,7.751932969075615,1,3695.9614003386337,1.0,1.0
2026-03-22T21:10:07.745-306470-621794,539,false,12.109236039343237,1,3695.9614003386337,1.0,1.0
2026-03-22T21:10:07.745-306470-621794,321,false,0.9213799222847443,1,3695.9614003386337,1.0,1.0
2026-03-22T21:10:07.745-306470-621794,125,false,12.067762227650917,1,3695.9614003386337,1.0,1.0
2026-03-22T21:10:07.745-306470-621794,687,false,247.956147042013,1,3695.9614003386337,1.0,1.0
2026-03-22T21:10:07.745-306470-621794,472,false,2.1501620518842617,1,3695.9614003386337,1.0,1.0
2026-03-22T21:10:07.745-306470-621794,278,false,5.092311541007456,1,3695.9614003386337,1.0,1.0
2026-03-22T21:10:07.745-306470-621794,392,false,12.865099065056526,1,3695.9614003386337,1.0,1.0
2026-03-22T21:10:07.745-306470-621794,245,false,0.8704468590938073,1,3695.9614003386337,1.0,1.0
2026-03-22T21:10:07.745-306470-621794,439,false,4.305320574203382,1,3695.9614003386337,1.0,1.0
2026-03-22T21:10:07.745-306470-621794,496,false,0.033642706619330214,1,3695.9614003386337,1.0,1.0
2026-03-22T21:10:07.745-306470-621794,260,false,0.07697447625696735,1,3695.9614003386337,1.0,1.0
2026-03-22T21:10:07.745-306470-621794,484,false,0.20896894628420426,1,3695.9614003386337,1.0,1.0
2026-03-22T21:10:07.745-306470-621794,352,false,0.15009157396379322,1,3695.9614003386337,1.0,1.0
2026-03-22T21:10:07.745-306470-621794,201,false,10.152704244633808,1,3695.9614003386337,1.0,1.0
2026-03-22T21:10:07.745-306470-621794,271,false,114.60493327177012,1,3695.9614003386337,1.0,1.0
2026-03-22T21:10:07.745-306470-621794,259,true,0.36059782910665944,1,3695.600802509527,1.0,0.6679999999999999
2026-03-22T21:10:07.745-306470-621794,786,false,2.9088567789738997,1,3695.600802509527,1.0,1.0
2026-03-22T21:10:07.745-306470-621794,995,false,20.228662378933162,1,3695.600802509527,1.0,1.0
2026-03-22T21:10:07.745-306470-621794,417,false,69.99531840381661,1,3695.600802509527,1.0,1.0
2026-03-22T21:10:07.745-306470-621794,490,false,8.792594602435985,1,3695.600802509527,1.0,1.0
2026-03-22T21:10:07.745-306470-621794,62,false,0.1864472605664568,1,3695.600802509527,1.0,1.0
2026-03-22T21:10:07.745-306470-621794,194,false,6.76823293395174,1,3695.600802509527,1.0,1.0
2026-03-22T21:10:07.745-306470-621794,902,false,1.5558566035792196,1,3695.600802509527,1.0,1.0
2026-03-22T21:10:07.745-306470-621794,418,false,0.0808033348347085,1,3695.600802509527,1.0,1.0
2026-03-22T21:10:07.745-306470-621794,916,false,0.09443174253738859,1,3695.600802509527,1.0,1.0
2026-03-22T21:10:07.745-306470-621794,56,false,10.369304915353334,1,3695.600802509527,1.0,1.0
2026-03-22T21:10:07.745-306470-621794,460,false,8.851710425112769,1,3695.600802509527,1.0,1.0
2026-03-22T21:10:07.745-306470-621794,967,false,2.025820662974894,1,3695.600802509527,1.0,1.0
2026-03-22T21:10:07.745-306470-621794,751,false,112.49410135496834,1,3695.600802509527,1.0,1.0
2026-03-22T21:10:07.745-306470-621794,96,false,0.16533682114147255,1,3695.600802509527,1.0,1.0
2026-03-22T21:10:07.745-306470-621794,380,false,9.259410788598837,1,3695.600802509527,1.0,1.0
2026-03-22T21:10:07.745-306470-621794,571,false,3.5548221302310767,1,3695.600802509527,1.0,1.0
2026-03-22T21:10:07.745-306470-621794,112,false,17.952551441865666,1,3695.600802509527,1.0,1.0
2026-03-22T21:10:07.745-306470-621794,764,false,4.005841278366793,1,3695.600802509527,1.0,1.0
2026-03-22T21:10:07.745-306470-621794,955,false,22.93234491118716,1,3695.600802509527,1.0,1.0
2026-03-22T21:10:07.745-306470-621794,147,false,0.3897422256636567,1,3695.600802509527,1.0,1.0
2026-03-22T21:10:07.745-306470-621794,63,false,0.41561360852634716,1,3695.600802509527,1.0,1.0
2026-03-22T21:10:07.745-306470-621794,176,false,0.6056786469456098,1,3695.600802509527,1.0,1.0
2026-03-22T21:10:07.745-306470-621794,328,false,93.13718534472517,1,3695.600802509527,1.0,1.0
2026-03-22T21:10:07.745-306470-621794,47,false,11.43265242967136,1,3695.600802509527,1.0,1.0
2026-03-22T21:10:07.745-306470-621794,772,false,3.2006544061854645,1,3695.600802509527,1.0,1.0
2026-03-22T21:10:07.745-306470-621794,232,false,2.984225027709407,1,3695.600802509527,1.0,1.0
2026-03-22T21:10:07.745-306470-621794,528,false,3.986495985669932,1,3695.600802509527,1.0,1.0
2026-03-22T21:10:07.745-306470-621794,683,false,0.05201694919393775,1,3695.600802509527,1.0,1.0
2026-03-22T21:10:07.745-306470-621794,633,false,1.6630833348522034,1,3695.600802509527,1.0,1.0
2026-03-22T21:10:07.745-306470-621794,624,false,18.90274465043649,1,3695.600802509527,1.0,1.0
2026-03-22T21:10:07.745-306470-621794,836,false,0.6653502793597419,1,3695.600802509527,1.0,1.0
2026-03-22T21:10:07.745-306470-621794,990,false,3.151538515606438,1,3695.600802509527,1.0,1.0
2026-03-22T21:10:07.745-306470-621794,310,false,0.4456442284698077,1,3695.600802509527,1.0,1.0
2026-03-22T21:10:07.745-306470-621794,599,false,3.2747921396012165,1,3695.600802509527,1.0,1.0
2026-03-22T21:10:07.745-306470-621794,89,false,27.771071568774744,1,3695.600802509527,1.0,1.0
2026-03-22T21:10:07.745-306470-621794,536,false,9.22690854628826,1,3695.600802509527,1.0,1.0
2026-03-22T21:10:07.745-306470-621794,808,false,0.7488619818931175,1,3695.600802509527,1.0,1.0
2026-03-22T21:10:07.745-306470-621794,59,false,0.3093909613051489,1,3695.600802509527,1.0,1.0
2026-03-22T21:10:07.745-306470-621794,623,false,8.999881810297213,1,3695.600802509527,1.0,1.0
2026-03-22T21:10:07.745-306470-621794,646,true,2.1661090203783884,1,3693.4346934891487,1.0,0.6930000000000001
2026-03-22T21:10:07.745-306470-621794,734,false,36.42537221817004,1,3693.4346934891487,1.0,1.0
2026-03-22T21:10:07.745-306470-621794,977,false,9.583846292976249,1,3693.4346934891487,1.0,1.0
2026-03-22T21:10:07.745-306470-621794,700,false,0.9815082009763765,1,3693.4346934891487,1.0,1.0
2026-03-22T21:10:07.745-306470-621794,877,false,11.543668360175932,1,3693.4346934891487,1.0,1.0
2026-03-22T21:10:07.745-306470-621794,188,false,40.21729546529981,1,3693.4346934891487,1.0,1.0
2026-03-22T21:10:07.745-306470-621794,180,false,4.178094804216122,1,3693.4346934891487,1.0,1.0
2026-03-22T21:10:07.745-306470-621794,488,false,0.7210434504532675,1,3693.4346934891487,1.0,1.0
2026-03-22T21:10:07.745-306470-621794,791,false,10.59352826055162,1,3693.4346934891487,1.0,1.0
2026-03-22T21:10:07.745-306470-621794,579,false,1.8953827604500444,1,3693.4346934891487,1.0,1.0
2026-03-22T21:10:07.745-306470-621794,783,false,4.011973209070208,1,3693.4346934891487,1.0,1.0
2026-03-22T21:10:07.745-306470-621794,713,false,4.026891812107857,1,3693.4346934891487,1.0,1.0
2026-03-22T21:10:07.745-306470-621794,450,false,0.1475266996395015,1,3693.4346934891487,1.0,1.0
2026-03-22T21:10:07.745-306470-621794,920,false,1.0073274475209362,1,3693.4346934891487,1.0,1.0
2026-03-22T21:10:07.745-306470-621794,844,false,15.421779695505716,1,3693.4346934891487,1.0,1.0
2026-03-22T21:10:07.745-306470-621794,10,false,2.2334730381410326,1,3693.4346934891487,1.0,1.0
2026-03-22T21:10:07.745-306470-621794,680,false,1.135617982323655,1,3693.4346934891487,1.0,1.0
2026-03-22T21:10:07.745-306470-621794,247,false,0.3846769242194851,1,3693.4346934891487,1.0,1.0
2026-03-22T21:10:07.745-306470-621794,569,false,1.7126653477618026,1,3693.4346934891487,1.0,1.0
2026-03-22T21:10:07.745-306470-621794,210,true,29.169955904240016,1,3664.2647375849087,1.0,0.69
2026-03-22T21:10:07.745-306470-621794,776,true,0.29210407159583096,1,3663.9726335133128,1.0,0.654
2026-03-22T21:10:07.745-306470-621794,206,true,0.27705150962198616,1,3663.6955820036906,1.0,0.6819999999999999
2026-03-22T21:10:07.745-306470-621794,110,false,1.316870391872028,1,3663.6955820036906,1.0,1.0
2026-03-22T21:10:07.745-306470-621794,565,false,2.6386581625048846,1,3663.6955820036906,1.0,1.0
2026-03-22T21:10:07.745-306470-621794,585,false,7.176560739474964,1,3663.6955820036906,1.0,1.0
2026-03-22T21:10:07.745-306470-621794,64,true,1003.3983698421481,1,2660.2972121615426,1.0,0.999
2026-03-22T21:10:07.745-306470-621794,111,false,1.9777600701257851,1,2660.2972121615426,1.0,1.0
2026-03-22T21:10:07.745-306470-621794,35,false,10.737274935748232,1,2660.2972121615426,1.0,1.0
2026-03-22T21:10:07.745-306470-621794,349,true,8.289081745103758,1,2652.0081304164387,1.0,0.998
2026-03-22T21:10:07.745-306470-621794,719,false,1.3659370847930434,1,2652.0081304164387,1.0,1.0
2026-03-22T21:10:07.745-306470-621794,443,true,1.6218852412887488,1,2650.3862451751497,1.0,0.0010000000000000009
2026-03-22T21:10:07.745-306470-621794,724,false,2.543127529446701,1,2650.3862451751497,1.0,1.0
2026-03-22T21:10:07.745-306470-621794,581,false,11.569052850267655,1,2650.3862451751497,1.0,1.0
2026-03-22T21:10:07.745-306470-621794,866,false,81.58036258906012,1,2650.3862451751497,1.0,1.0
2026-03-22T21:10:07.745-306470-621794,471,false,0.07242167686288571,1,2650.3862451751497,1.0,1.0
2026-03-22T21:10:07.745-306470-621794,451,false,4.529763192042366,1,2650.3862451751497,1.0,1.0
2026-03-22T21:10:07.745-306470-621794,978,false,0.05023537806067458,1,2650.3862451751497,1.0,1.0
2026-03-22T21:10:07.745-306470-621794,576,false,10.386625490331017,1,2650.3862451751497,1.0,1.0
2026-03-22T21:10:07.745-306470-621794,525,false,13.170145849354038,1,2650.3862451751497,1.0,1.0
2026-03-22T21:10:07.745-306470-621794,76,false,7.413929089387639,1,2650.3862451751497,1.0,1.0
2026-03-22T21:10:07.745-306470-621794,457,false,5.081670120581521,1,2650.3862451751497,1.0,1.0
2026-03-22T21:10:07.745-306470-621794,659,false,0.1240724247237477,1,2650.3862451751497,1.0,1.0
2026-03-22T21:10:07.745-306470-621794,846,false,4.693403897077417,1,2650.3862451751497,1.0,1.0
2026-03-22T21:10:07.745-306470-621794,934,false,0.18189028996951465,1,2650.3862451751497,1.0,1.0
2026-03-22T21:10:07.745-306470-621794,887,false,9.903864338796097,1,2650.3862451751497,1.0,1.0
2026-03-22T21:10:07.745-306470-621794,272,false,13.41151027113721,1,2650.3862451751497,1.0,1.0
2026-03-22T21:10:07.745-306470-621794,43,false,0.06450510407441125,1,2650.3862451751497,1.0,1.0
2026-03-22T21:10:07.745-306470-621794,473,false,0.11145725493341813,1,2650.3862451751497,1.0,1.0
2026-03-22T21:10:07.745-306470-621794,869,false,0.1686097681217919,1,2650.3862451751497,1.0,1.0
2026-03-22T21:10:07.745-306470-621794,739,false,0.14238853824410883,1,2650.3862451751497,1.0,1.0
2026-03-22T21:10:07.745-306470-621794,213,true,2.6741927807881103,1,2647.7120523943618,1.0,0.6910000000000001
2026-03-22T21:10:07.745-306470-621794,230,false,1.097884110489131,1,2647.7120523943618,1.0,1.0
2026-03-22T21:10:07.745-306470-621794,320,false,10.234455608956917,1,2647.7120523943618,1.0,1.0
2026-03-22T21:10:07.745-306470-621794,918,false,0.7484230400420523,1,2647.7120523943618,1.0,1.0
2026-03-22T21:10:07.745-306470-621794,454,false,116.11063762198752,1,2647.7120523943618,1.0,1.0
2026-03-22T21:10:07.745-306470-621794,351,true,7.044512822089037,1,2640.6675395722727,1.0,0.708
2026-03-22T21:10:07.745-306470-621794,187,false,0.4987077499100146,1,2640.6675395722727,1.0,1.0
2026-03-22T21:10:07.745-306470-621794,287,false,7.041538259811142,1,2640.6675395722727,1.0,1.0
2026-03-22T21:10:07.745-306470-621794,654,false,2.0270873673048593,1,2640.6675395722727,1.0,1.0
2026-03-22T21:10:07.745-306470-621794,144,false,2.1840284826767147,1,2640.6675395722727,1.0,1.0
2026-03-22T21:10:07.745-306470-621794,207,true,1.48742087613154,1,2639.180118696141,1.0,0.0
2026-03-22T21:10:07.745-306470-621794,717,false,0.17889547384518759,1,2639.180118696141,1.0,1.0
2026-03-22T21:10:07.745-306470-621794,903,false,4.657769333748462,1,2639.180118696141,1.0,1.0
2026-03-22T21:10:07.745-306470-621794,994,false,0.24324798024788077,1,2639.180118696141,1.0,1.0
2026-03-22T21:10:07.745-306470-621794,288,false,1.2327722493919002,1,2639.180118696141,1.0,1.0
2026-03-22T21:10:07.745-306470-621794,428,false,263.356938624043,1,2639.180118696141,1.0,1.0
2026-03-22T21:10:07.745-306470-621794,407,false,5.949616937385515,1,2639.180118696141,1.0,1.0
2026-03-22T21:10:07.745-306470-621794,95,false,113.91716033429009,1,2639.180118696141,1.0,1.0
2026-03-22T21:10:07.745-306470-621794,374,false,6.303194466646583,1,2639.180118696141,1.0,1.0
2026-03-22T21:10:07.745-306470-621794,27,false,1.6072882079227624,1,2639.180118696141,1.0,1.0
2026-03-22T21:10:07.745-306470-621794,709,false,30.050982787268495,1,2639.180118696141,1.0,1.0
2026-03-22T21:10:07.745-306470-621794,235,false,1.9742625665582816,1,2639.180118696141,1.0,1.0
2026-03-22T21:10:07.745-306470-621794,850,false,23.68945779329216,1,2639.180118696141,1.0,1.0
2026-03-22T21:10:07.745-306470-621794,415,false,11.016944525600023,1,2639.180118696141,1.0,1.0
2026-03-22T21:10:07.745-306470-621794,963,false,5.685757082300936,1,2639.180118696141,1.0,1.0
2026-03-22T21:10:07.745-306470-621794,631,false,17.714647695159734,1,2639.180118696141,1.0,1.0
2026-03-22T21:10:07.745-306470-621794,72,false,0.011294211771990834,1,2639.180118696141,1.0,1.0
2026-03-22T21:10:07.745-306470-621794,557,false,16.04435066300026,1,2639.180118696141,1.0,1.0
2026-03-22T21:10:07.745-306470-621794,729,false,1.0150976260227125,1,2639.180118696141,1.0,1.0
2026-03-22T21:10:07.745-306470-621794,888,false,4.8396936794983,1,2639.180118696141,1.0,1.0
2026-03-22T21:10:07.745-306470-621794,139,false,17.256676704484274,1,2639.180118696141,1.0,1.0
2026-03-22T21:10:07.745-306470-621794,855,false,0.24158846644834864,1,2639.180118696141,1.0,1.0
2026-03-22T21:10:07.745-306470-621794,132,false,1.8563315653596355,1,2639.180118696141,1.0,1.0
2026-03-22T21:10:07.745-306470-621794,325,false,0.21457795204963082,1,2639.180118696141,1.0,1.0
2026-03-22T21:10:07.745-306470-621794,909,false,3.0329622570126524,1,2639.180118696141,1.0,1.0
2026-03-22T21:10:07.745-306470-621794,153,false,18.643307029396503,1,2639.180118696141,1.0,1.0
2026-03-22T21:10:07.745-306470-621794,22,false,0.6019341207250474,1,2639.180118696141,1.0,1.0
2026-03-22T21:10:07.745-306470-621794,338,false,1.212278865334867,1,2639.180118696141,1.0,1.0
2026-03-22T21:10:07.745-306470-621794,124,false,5.520069765142573,1,2639.180118696141,1.0,1.0
2026-03-22T21:10:07.745-306470-621794,470,false,1.9331524274057608,1,2639.180118696141,1.0,1.0
2026-03-22T21:10:07.745-306470-621794,996,false,5.77259410834463,1,2639.180118696141,1.0,1.0
2026-03-22T21:10:07.745-306470-621794,636,false,0.09469994089354804,1,2639.180118696141,1.0,1.0
2026-03-22T21:10:07.745-306470-621794,892,false,2.401251665979939,1,2639.180118696141,1.0,1.0
2026-03-22T21:10:07.745-306470-621794,431,false,9.636878688320458,1,2639.180118696141,1.0,1.0
2026-03-22T21:10:07.745-306470-621794,781,true,2.2694027976822126,1,2636.910715898459,1.0,0.675
2026-03-22T21:10:07.745-306470-621794,161,false,2.48590681174818,1,2636.910715898459,1.0,1.0
2026-03-22T21:10:07.745-306470-621794,492,false,0.7257138520671801,1,2636.910715898459,1.0,1.0
2026-03-22T21:10:07.745-306470-621794,647,true,366.1899320062711,1,2270.7207838921877,1.0,0.0
2026-03-22T21:10:07.745-306470-621794,304,true,1.3460947487518098,1,2269.3746891434357,1.0,0.696
2026-03-22T21:10:07.745-306470-621794,32,false,0.820641250999208,1,2269.3746891434357,1.0,1.0
2026-03-22T21:10:07.745-306470-621794,697,false,1.3360739701188817,1,2269.3746891434357,1.0,1.0
2026-03-22T21:10:07.745-306470-621794,570,false,5.710743400178645,1,2269.3746891434357,1.0,1.0
2026-03-22T21:10:07.745-306470-621794,949,false,37.19212237984747,1,2269.3746891434357,1.0,1.0
2026-03-22T21:10:07.745-306470-621794,681,false,119.81483285254616,1,2269.3746891434357,1.0,1.0
2026-03-22T21:10:07.745-306470-621794,937,false,3.5423542302853965,1,2269.3746891434357,1.0,1.0
2026-03-22T21:10:07.745-306470-621794,635,false,0.10948637948770513,1,2269.3746891434357,1.0,1.0
2026-03-22T21:10:07.745-306470-621794,217,false,3.2905275582086038,1,2269.3746891434357,1.0,1.0
2026-03-22T21:10:07.745-306470-621794,477,false,1.8720141602294003,1,2269.3746891434357,1.0,1.0
2026-03-22T21:10:07.745-306470-621794,73,false,0.09283470484586283,1,2269.3746891434357,1.0,1.0
2026-03-22T21:10:07.745-306470-621794,842,false,4.76612426918816,1,2269.3746891434357,1.0,1.0
2026-03-22T21:10:07.745-306470-621794,640,false,77.87983532800666,1,2269.3746891434357,1.0,1.0
2026-03-22T21:10:07.745-306470-621794,410,false,1.3595676790607456,1,2269.3746891434357,1.0,1.0
2026-03-22T21:10:07.745-306470-621794,875,false,7.969210778024255,1,2269.3746891434357,1.0,1.0
2026-03-22T21:10:07.745-306470-621794,469,false,2.463492009869665,1,2269.3746891434357,1.0,1.0
2026-03-22T21:10:07.745-306470-621794,254,false,2.134640903563689,1,2269.3746891434357,1.0,1.0
2026-03-22T21:10:07.745-306470-621794,455,false,2.857616320434626,1,2269.3746891434357,1.0,1.0
2026-03-22T21:10:07.745-306470-621794,820,false,0.09046447223253465,1,2269.3746891434357,1.0,1.0
2026-03-22T21:10:07.745-306470-621794,160,false,0.04206598492700165,1,2269.3746891434357,1.0,1.0
2026-03-22T21:10:07.745-306470-621794,839,false,4.757966496905932,1,2269.3746891434357,1.0,1.0
2026-03-22T21:10:07.745-306470-621794,413,false,12.205754981572179,1,2269.3746891434357,1.0,1.0
2026-03-22T21:10:07.745-306470-621794,806,false,2.3050889353869635,1,2269.3746891434357,1.0,1.0
2026-03-22T21:10:07.745-306470-621794,491,false,13.645795027051577,1,2269.3746891434357,1.0,1.0
2026-03-22T21:10:07.745-306470-621794,777,true,10.401953928554066,1,2258.9727352148816,1.0,0.0010000000000000009
2026-03-22T21:10:07.745-306470-621794,714,false,9.200017786630454,1,2258.9727352148816,1.0,1.0
2026-03-22T21:10:07.745-306470-621794,682,false,1.1785670375668245,1,2258.9727352148816,1.0,1.0
2026-03-22T21:10:07.745-306470-621794,292,false,1.6924924203953775,1,2258.9727352148816,1.0,1.0
2026-03-22T21:10:07.745-306470-621794,793,false,6.76797976007192,1,2258.9727352148816,1.0,1.0
2026-03-22T21:10:07.745-306470-621794,7,false,2.790811243716747,1,2258.9727352148816,1.0,1.0
2026-03-22T21:10:07.745-306470-621794,907,false,0.5630993252847595,1,2258.9727352148816,1.0,1.0
2026-03-22T21:10:07.745-306470-621794,899,false,9.116765057183217,1,2258.9727352148816,1.0,1.0
2026-03-22T21:10:07.745-306470-621794,645,true,6.220449949419782,1,2252.752285265462,1.0,0.0
2026-03-22T21:10:07.745-306470-621794,874,false,51.43370886852584,1,2252.752285265462,1.0,1.0
2026-03-22T21:10:07.745-306470-621794,360,false,43.72239693305552,1,2252.752285265462,1.0,1.0
2026-03-22T21:10:07.745-306470-621794,343,false,3.2888138402112763,1,2252.752285265462,1.0,1.0
2026-03-22T21:10:07.745-306470-621794,303,true,0.3373616074628009,1,2252.414923657999,1.0,0.0020000000000000018
2026-03-22T21:10:07.745-306470-621794,366,false,31.383854922361994,1,2252.414923657999,1.0,1.0
2026-03-22T21:10:07.745-306470-621794,8,false,0.06832711663679139,1,2252.414923657999,1.0,1.0
2026-03-22T21:10:07.745-306470-621794,372,false,0.1312123751485949,1,2252.414923657999,1.0,1.0
2026-03-22T21:10:07.745-306470-621794,720,false,53.59331736018206,1,2252.414923657999,1.0,1.0
2026-03-22T21:10:07.745-306470-621794,15,false,5.549072958941276,1,2252.414923657999,1.0,1.0
2026-03-22T21:10:07.745-306470-621794,837,false,0.12762013050280652,1,2252.414923657999,1.0,1.0
2026-03-22T21:10:07.745-306470-621794,534,false,1.4021567905539698,1,2252.414923657999,1.0,1.0
2026-03-22T21:10:07.745-306470-621794,868,false,10.26987432448396,1,2252.414923657999,1.0,1.0
2026-03-22T21:10:07.745-306470-621794,350,true,2.2066343697837394,1,2250.2082892882154,1.0,0.0
2026-03-22T21:10:07.745-306470-621794,582,false,21.177913569072604,1,2250.2082892882154,1.0,1.0
2026-03-22T21:10:07.745-306470-621794,39,false,60.65962720247165,1,2250.2082892882154,1.0,1.0
2026-03-22T21:10:07.745-306470-621794,159,false,1.7413703244044396,1,2250.2082892882154,1.0,1.0
2026-03-22T21:10:07.745-306470-621794,369,false,0.5676788391315555,1,2250.2082892882154,1.0,1.0
2026-03-22T21:10:07.745-306470-621794,543,false,3.9665907952931696,1,2250.2082892882154,1.0,1.0
2026-03-22T21:10:07.745-306470-621794,135,false,20.186392412414893,1,2250.2082892882154,1.0,1.0
2026-03-22T21:10:07.745-306470-621794,49,false,33.66189461607885,1,2250.2082892882154,1.0,1.0
2026-03-22T21:10:07.745-306470-621794,48,false,19.606666554029722,1,2250.2082892882154,1.0,1.0
2026-03-22T21:10:07.745-306470-621794,718,false,5.046991946839368,1,2250.2082892882154,1.0,1.0
2026-03-22T21:10:07.745-306470-621794,489,false,4.751605922822709,1,2250.2082892882154,1.0,1.0
2026-03-22T21:10:07.745-306470-621794,914,false,0.26738008621909565,1,2250.2082892882154,1.0,1.0
2026-03-22T21:10:07.745-306470-621794,737,false,5.370482639721943,1,2250.2082892882154,1.0,1.0
2026-03-22T21:10:07.745-306470-621794,726,false,39.70854219136529,1,2250.2082892882154,1.0,1.0
2026-03-22T21:10:07.745-306470-621794,305,true,3.3417503689299273,1,2246.8665389192856,1.0,0.030000000000000027
2026-03-22T21:10:07.745-306470-621794,87,false,0.153078302410799,1,2246.8665389192856,1.0,1.0
2026-03-22T21:10:07.745-306470-621794,66,true,1.1616883846461679,1,2245.7048505346393,1.0,0.33599999999999997
2026-03-22T21:10:07.745-306470-621794,537,false,72.05439935673081,1,2245.7048505346393,1.0,1.0
2026-03-22T21:10:07.745-306470-621794,650,true,0.722948475765998,1,2244.9819020588734,1.0,0.5680000000000001
2026-03-22T21:10:07.745-306470-621794,707,false,15.027442065047188,1,2244.9819020588734,1.0,1.0
2026-03-22T21:10:07.745-306470-621794,930,false,0.8983426946540807,1,2244.9819020588734,1.0,1.0
2026-03-22T21:10:07.745-306470-621794,928,false,0.3361715159391615,1,2244.9819020588734,1.0,1.0
2026-03-22T21:10:07.745-306470-621794,566,false,1.9341332479350974,1,2244.9819020588734,1.0,1.0
2026-03-22T21:10:07.745-306470-621794,897,false,9.663281265537305,1,2244.9819020588734,1.0,1.0
2026-03-22T21:10:07.745-306470-621794,71,false,5.056463554633777,1,2244.9819020588734,1.0,1.0
2026-03-22T21:10:07.745-306470-621794,468,false,0.11019180790501877,1,2244.9819020588734,1.0,1.0
2026-03-22T21:10:07.745-306470-621794,942,false,0.9699990236057043,1,2244.9819020588734,1.0,1.0
2026-03-22T21:10:07.745-306470-621794,283,false,3.10221816456602,1,2244.9819020588734,1.0,1.0
2026-03-22T21:10:07.745-306470-621794,725,false,0.9514805343959227,1,2244.9819020588734,1.0,1.0
2026-03-22T21:10:07.745-306470-621794,993,false,3.9245406743142945,1,2244.9819020588734,1.0,1.0
2026-03-22T21:10:07.745-306470-621794,827,true,52.78026732229975,1,2192.201634736574,1.0,0.671
2026-03-22T21:10:07.745-306470-621794,141,false,0.4671498220195218,1,2192.201634736574,1.0,1.0
2026-03-22T21:10:07.745-306470-621794,622,false,63.62728455550925,1,2192.201634736574,1.0,1.0
2026-03-22T21:10:07.745-306470-621794,932,false,32.241984198857,1,2192.201634736574,1.0,1.0
2026-03-22T21:10:07.745-306470-621794,526,false,0.9232052513367979,1,2192.201634736574,1.0,1.0
2026-03-22T21:10:07.745-306470-621794,677,false,20.08754400058449,1,2192.201634736574,1.0,1.0
2026-03-22T21:10:07.745-306470-621794,239,false,17.46452097874271,1,2192.201634736574,1.0,1.0
2026-03-22T21:10:07.745-306470-621794,109,true,26.068164709130368,1,2166.1334700274433,1.0,0.8109999999999999
2026-03-22T21:10:07.745-306470-621794,627,false,9.123117800686904,1,2166.1334700274433,1.0,1.0
2026-03-22T21:10:07.745-306470-621794,314,false,7.014562367110955,1,2166.1334700274433,1.0,1.0
2026-03-22T21:10:07.745-306470-621794,51,false,130.55894041465842,1,2166.1334700274433,1.0,1.0
2026-03-22T21:10:07.745-306470-621794,629,false,0.9826042962796956,1,2166.1334700274433,1.0,1.0
2026-03-22T21:10:07.745-306470-621794,879,false,5.961579788346774,1,2166.1334700274433,1.0,1.0
2026-03-22T21:10:07.745-306470-621794,432,false,0.7196102942680269,1,2166.1334700274433,1.0,1.0
2026-03-22T21:10:07.745-306470-621794,738,false,0.18513430661191693,1,2166.1334700274433,1.0,1.0
2026-03-22T21:10:07.745-306470-621794,291,false,14.261924266232784,1,2166.1334700274433,1.0,1.0
2026-03-22T21:10:07.745-306470-621794,243,false,34.855838661331745,1,2166.1334700274433,1.0,1.0
2026-03-22T21:10:07.745-306470-621794,436,false,12.16261274452484,1,2166.1334700274433,1.0,1.0
2026-03-22T21:10:07.745-306470-621794,150,false,0.32415066306841317,1,2166.1334700274433,1.0,1.0
2026-03-22T21:10:07.745-306470-621794,449,true,3.065291019820431,1,2163.068179007623,1.0,0.675
2026-03-22T21:10:07.745-306470-621794,976,false,4.249349057800708,1,2163.068179007623,1.0,1.0
2026-03-22T21:10:07.745-306470-621794,164,false,7.1823132371904395,1,2163.068179007623,1.0,1.0
2026-03-22T21:10:07.745-306470-621794,86,false,0.16582950324109358,1,2163.068179007623,1.0,1.0
2026-03-22T21:10:07.745-306470-621794,348,true,24.94342324598658,1,2138.124755761636,1.0,0.0
2026-03-22T21:10:07.745-306470-621794,799,false,31.10985782103056,1,2138.124755761636,1.0,1.0
2026-03-22T21:10:07.745-306470-621794,244,false,4.871743463986952,1,2138.124755761636,1.0,1.0
2026-03-22T21:10:07.745-306470-621794,905,false,0.29574065200592026,1,2138.124755761636,1.0,1.0
2026-03-22T21:10:07.745-306470-621794,221,false,10.330938165985089,1,2138.124755761636,1.0,1.0
2026-03-22T21:10:07.745-306470-621794,53,false,21.59465767613492,1,2138.124755761636,1.0,1.0
2026-03-22T21:10:07.745-306470-621794,915,false,5.112385206622479,1,2138.124755761636,1.0,1.0
2026-03-22T21:10:07.745-306470-621794,266,false,0.6062314959080751,1,2138.124755761636,1.0,1.0
2026-03-22T21:10:07.745-306470-621794,510,false,8.704248806404658,1,2138.124755761636,1.0,1.0
2026-03-22T21:10:07.745-306470-621794,368,false,0.5905287580238531,1,2138.124755761636,1.0,1.0
2026-03-22T21:10:07.745-306470-621794,750,false,1.5343672472376548,1,2138.124755761636,1.0,1.0
2026-03-22T21:10:07.745-306470-621794,145,false,0.9354604183039126,1,2138.124755761636,1.0,1.0
2026-03-22T21:10:07.745-306470-621794,900,false,1.3771392182236177,1,2138.124755761636,1.0,1.0
2026-03-22T21:10:07.745-306470-621794,535,false,2.061778957309091,1,2138.124755761636,1.0,1.0
2026-03-22T21:10:07.745-306470-621794,860,false,2.8406231693872837,1,2138.124755761636,1.0,1.0
2026-03-22T21:10:07.745-306470-621794,70,false,34.748084232236295,1,2138.124755761636,1.0,1.0
2026-03-22T21:10:07.745-306470-621794,503,false,2.4883993676744356,1,2138.124755761636,1.0,1.0
2026-03-22T21:10:07.745-306470-621794,138,false,0.7180692703400321,1,2138.124755761636,1.0,1.0
2026-03-22T21:10:07.745-306470-621794,375,false,20.728612056029192,1,2138.124755761636,1.0,1.0
2026-03-22T21:10:07.745-306470-621794,610,false,2.0791419465417533,1,2138.124755761636,1.0,1.0
2026-03-22T21:10:07.745-306470-621794,270,false,0.019476600501962968,1,2138.124755761636,1.0,1.0
2026-03-22T21:10:07.745-306470-621794,870,false,13.92643655504969,1,2138.124755761636,1.0,1.0
2026-03-22T21:10:07.745-306470-621794,641,true,10.301094623264214,1,2127.823661138372,1.0,0.6910000000000001
2026-03-22T21:10:07.745-306470-621794,381,false,4.631914416549218,1,2127.823661138372,1.0,1.0
2026-03-22T21:10:07.745-306470-621794,151,false,5.189704923773736,1,2127.823661138372,1.0,1.0
2026-03-22T21:10:07.745-306470-621794,556,false,16.787942858415615,1,2127.823661138372,1.0,1.0
2026-03-22T21:10:07.745-306470-621794,933,false,2.3880967005988283,1,2127.823661138372,1.0,1.0
2026-03-22T21:10:07.745-306470-621794,173,false,1.2815282559784043,1,2127.823661138372,1.0,1.0
2026-03-22T21:10:07.745-306470-621794,544,false,0.2682005904978204,1,2127.823661138372,1.0,1.0
2026-03-22T21:10:07.745-306470-621794,559,false,0.20173282154834812,1,2127.823661138372,1.0,1.0
2026-03-22T21:10:07.745-306470-621794,522,false,1.5296632965886023,1,2127.823661138372,1.0,1.0
2026-03-22T21:10:07.745-306470-621794,26,false,0.026831666797777712,1,2127.823661138372,1.0,1.0
2026-03-22T21:10:07.745-306470-621794,803,false,3.0123772754163856,1,2127.823661138372,1.0,1.0
2026-03-22T21:10:07.745-306470-621794,215,false,0.1387281972921988,1,2127.823661138372,1.0,1.0
2026-03-22T21:10:07.745-306470-621794,3,false,1.2941258733395096,1,2127.823661138372,1.0,1.0
2026-03-22T21:10:07.745-306470-621794,337,false,88.61225441334896,1,2127.823661138372,1.0,1.0
2026-03-22T21:10:07.745-306470-621794,226,false,4.058608654630161,1,2127.823661138372,1.0,1.0
2026-03-22T21:10:07.745-306470-621794,388,false,0.07397924054987001,1,2127.823661138372,1.0,1.0
2026-03-22T21:10:07.745-306470-621794,974,false,12.666362673270378,1,2127.823661138372,1.0,1.0
2026-03-22T21:10:07.745-306470-621794,927,false,4.545312483805656,1,2127.823661138372,1.0,1.0
2026-03-22T21:10:07.745-306470-621794,175,false,22.63632166353267,1,2127.823661138372,1.0,1.0
2026-03-22T21:10:07.745-306470-621794,889,true,10.745879665704397,1,2117.0777814726675,1.0,0.898
2026-03-22T21:10:07.745-306470-621794,560,false,148.32953629531912,1,2117.0777814726675,1.0,1.0
2026-03-22T21:10:07.745-306470-621794,409,false,1.3471430865061305,1,2117.0777814726675,1.0,1.0
2026-03-22T21:10:07.745-306470-621794,253,false,40.24787167196677,1,2117.0777814726675,1.0,1.0
2026-03-22T21:10:07.745-306470-621794,890,true,0.837679030208071,1,2116.2401024424594,1.0,0.679
2026-03-22T21:10:07.745-306470-621794,252,false,230.64991828468118,1,2116.2401024424594,1.0,1.0
2026-03-22T21:10:07.745-306470-621794,326,false,2.259253872788954,1,2116.2401024424594,1.0,1.0
2026-03-22T21:10:07.745-306470-621794,140,false,5.33642439711018,1,2116.2401024424594,1.0,1.0
2026-03-22T21:10:07.745-306470-621794,612,false,4.012344632584229,1,2116.2401024424594,1.0,1.0
2026-03-22T21:10:07.745-306470-621794,179,false,1.0421093144407143,1,2116.2401024424594,1.0,1.0
2026-03-22T21:10:07.745-306470-621794,474,false,0.2623645109102727,1,2116.2401024424594,1.0,1.0
2026-03-22T21:10:07.745-306470-621794,639,true,0.38446739024827337,1,2115.8556350522113,1.0,0.669
2026-03-22T21:10:07.745-306470-621794,118,false,27.778138912022158,1,2115.8556350522113,1.0,1.0
2026-03-22T21:10:07.745-306470-621794,896,false,0.12139684144403523,1,2115.8556350522113,1.0,1.0
2026-03-22T21:10:07.745-306470-621794,616,false,0.8534796085752742,1,2115.8556350522113,1.0,1.0
2026-03-22T21:10:07.745-306470-621794,694,false,3.4054229583854534,1,2115.8556350522113,1.0,1.0
2026-03-22T21:10:07.745-306470-621794,214,true,0.3226165757662237,1,2115.5330184764452,1.0,0.698
2026-03-22T21:10:07.745-306470-621794,186,false,0.7664546987166238,1,2115.5330184764452,1.0,1.0
2026-03-22T21:10:07.745-306470-621794,276,false,0.6457267679141033,1,2115.5330184764452,1.0,1.0
2026-03-22T21:10:07.745-306470-621794,699,false,103.90465794300813,1,2115.5330184764452,1.0,1.0
2026-03-22T21:10:07.745-306470-621794,970,false,0.23665250643158078,1,2115.5330184764452,1.0,1.0
2026-03-22T21:10:07.745-306470-621794,984,false,18.274317799026775,1,2115.5330184764452,1.0,1.0
2026-03-22T21:10:07.745-306470-621794,196,false,17.07845852510467,1,2115.5330184764452,1.0,1.0
2026-03-22T21:10:07.745-306470-621794,126,false,73.67876201600684,1,2115.5330184764452,1.0,1.0
2026-03-22T21:10:07.745-306470-621794,577,false,4.71991893326357,1,2115.5330184764452,1.0,1.0
2026-03-22T21:10:07.745-306470-621794,780,true,24.167225288451817,1,2091.3657931879934,1.0,0.0
2026-03-22T21:10:07.745-306470-621794,609,false,1.1705091891274433,1,2091.3657931879934,1.0,1.0
2026-03-22T21:10:07.745-306470-621794,652,true,1.620931866887502,1,2089.744861321106,1.0,0.832
2026-03-22T21:10:07.745-306470-621794,420,false,1.8903647144968851,1,2089.744861321106,1.0,1.0
2026-03-22T21:10:07.745-306470-621794,222,false,0.546814798643393,1,2089.744861321106,1.0,1.0
2026-03-22T21:10:07.745-306470-621794,502,false,0.3086493274442268,1,2089.744861321106,1.0,1.0
2026-03-22T21:10:07.745-306470-621794,58,false,20.295614440507148,1,2089.744861321106,1.0,1.0
2026-03-22T21:10:07.745-306470-621794,908,false,1.3722731333223324,1,2089.744861321106,1.0,1.0
2026-03-22T21:10:07.745-306470-621794,671,true,5.294312393443923,1,2084.450548927662,1.0,0.832
2026-03-22T21:10:07.745-306470-621794,959,false,0.643815378374547,1,2084.450548927662,1.0,1.0
2026-03-22T21:10:07.745-306470-621794,264,false,3.856674416516124,1,2084.450548927662,1.0,1.0
2026-03-22T21:10:07.745-306470-621794,129,false,4.23371365421336,1,2084.450548927662,1.0,1.0
2026-03-22T21:10:07.745-306470-621794,167,false,31.831059063072242,1,2084.450548927662,1.0,1.0
2026-03-22T21:10:07.745-306470-621794,467,true,5.453257828507434,1,2078.9972910991546,1.0,0.633
2026-03-22T21:10:07.745-306470-621794,782,true,0.5544847308875093,1,2078.442806368267,1.0,0.0
2026-03-22T21:10:07.745-306470-621794,501,false,13.133915051297981,1,2078.442806368267,1.0,1.0
2026-03-22T21:10:07.745-306470-621794,498,false,0.39897788561502173,1,2078.442806368267,1.0,1.0
2026-03-22T21:10:07.745-306470-621794,297,false,31.645868289098672,1,2078.442806368267,1.0,1.0
2026-03-22T21:10:07.745-306470-621794,238,false,2.1454058654511674,1,2078.442806368267,1.0,1.0
2026-03-22T21:10:07.745-306470-621794,596,false,36.47793386727565,1,2078.442806368267,1.0,1.0
2026-03-22T21:10:07.745-306470-621794,741,false,26.2774884026094,1,2078.442806368267,1.0,1.0
2026-03-22T21:10:07.745-306470-621794,393,false,0.07646584713331535,1,2078.442806368267,1.0,1.0
2026-03-22T21:10:07.745-306470-621794,267,false,19.610520469650584,1,2078.442806368267,1.0,1.0
2026-03-22T21:10:07.745-306470-621794,548,false,12.08962868939768,1,2078.442806368267,1.0,1.0
2026-03-22T21:10:07.745-306470-621794,997,false,2.4631875252889692,1,2078.442806368267,1.0,1.0
2026-03-22T21:10:07.745-306470-621794,225,false,0.4016843240496364,1,2078.442806368267,1.0,1.0
2026-03-22T21:10:07.745-306470-621794,444,true,102.55255201821403,1,1975.890254350053,1.0,0.0
2026-03-22T21:10:07.745-306470-621794,804,false,13.455778463557413,1,1975.890254350053,1.0,1.0
2026-03-22T21:10:07.745-306470-621794,317,false,5.290739221110133,1,1975.890254350053,1.0,1.0
2026-03-22T21:10:07.745-306470-621794,982,false,221.78476836325953,1,1975.890254350053,1.0,1.0
2026-03-22T21:10:07.745-306470-621794,353,true,49.76455656474191,1,1926.125697785311,1.0,0.018000000000000016
2026-03-22T21:10:07.745-306470-621794,315,false,1.6115581621716508,1,1926.125697785311,1.0,1.0
2026-03-22T21:10:07.745-306470-621794,797,false,0.49509673978179886,1,1926.125697785311,1.0,1.0
2026-03-22T21:10:07.745-306470-621794,830,true,7.044340489735619,1,1919.0813572955756,1.0,0.0020000000000000018
2026-03-22T21:10:07.745-306470-621794,123,false,0.5155245538950954,1,1919.0813572955756,1.0,1.0
2026-03-22T21:10:07.745-306470-621794,745,false,2.2091065621369523,1,1919.0813572955756,1.0,1.0
2026-03-22T21:10:07.745-306470-621794,376,false,1.4164497349753509,1,1919.0813572955756,1.0,1.0
2026-03-22T21:10:07.745-306470-621794,546,false,1.7732640035405995,1,1919.0813572955756,1.0,1.0
2026-03-22T21:10:07.745-306470-621794,651,true,0.42976758268191695,1,1918.6515897128936,1.0,0.0
2026-03-22T21:10:07.745-306470-621794,904,false,31.8280786340371,1,1918.6515897128936,1.0,1.0
2026-03-22T21:10:07.745-306470-621794,93,false,0.3241540922357982,1,1918.6515897128936,1.0,1.0
2026-03-22T21:10:07.745-306470-621794,527,false,0.52849916354147,1,1918.6515897128936,1.0,1.0
2026-03-22T21:10:07.745-306470-621794,362,false,77.82326948480298,1,1918.6515897128936,1.0,1.0
2026-03-22T21:10:07.745-306470-621794,98,false,0.4453519758787108,1,1918.6515897128936,1.0,1.0
2026-03-22T21:10:07.745-306470-621794,515,false,2.725152655368621,1,1918.6515897128936,1.0,1.0
2026-03-22T21:10:07.745-306470-621794,227,false,0.12279519773609965,1,1918.6515897128936,1.0,1.0
2026-03-22T21:10:07.745-306470-621794,88,false,0.9538390977761277,1,1918.6515897128936,1.0,1.0
2026-03-22T21:10:07.745-306470-621794,854,false,1.0827866944365476,1,1918.6515897128936,1.0,1.0
2026-03-22T21:10:07.745-306470-621794,263,false,1.7161496267862637,1,1918.6515897128936,1.0,1.0
2026-03-22T21:10:07.745-306470-621794,821,false,22.4809317296092,1,1918.6515897128936,1.0,1.0
2026-03-22T21:10:07.745-306470-621794,723,false,9.727883463524542,1,1918.6515897128936,1.0,1.0
2026-03-22T21:10:07.745-306470-621794,706,false,3.9740126421726716,1,1918.6515897128936,1.0,1.0
2026-03-22T21:10:07.745-306470-621794,973,false,0.20512868049730074,1,1918.6515897128936,1.0,1.0
2026-03-22T21:10:07.745-306470-621794,553,false,0.46624206340715785,1,1918.6515897128936,1.0,1.0
2026-03-22T21:10:07.745-306470-621794,61,true,12.923973535764643,1,1905.727616177129,1.0,0.30700000000000005
2026-03-22T21:10:07.745-306470-621794,494,false,22.755797026822446,1,1905.727616177129,1.0,1.0
2026-03-22T21:10:07.745-306470-621794,29,false,0.31399940240457863,1,1905.727616177129,1.0,1.0
2026-03-22T21:10:07.745-306470-621794,626,false,4.109020871389726,1,1905.727616177129,1.0,1.0
2026-03-22T21:10:07.745-306470-621794,796,false,5.296841494322285,1,1905.727616177129,1.0,1.0
2026-03-22T21:10:07.745-306470-621794,910,false,4.533739606076606,1,1905.727616177129,1.0,1.0
2026-03-22T21:10:07.745-306470-621794,605,false,1.277429612735912,1,1905.727616177129,1.0,1.0
2026-03-22T21:10:07.745-306470-621794,980,true,42.097403288491776,1,1863.6302128886373,1.0,0.999
2026-03-22T21:10:07.745-306470-621794,865,false,0.41899918025535715,1,1863.6302128886373,1.0,1.0
2026-03-22T21:10:07.745-306470-621794,762,false,1.4346661387312527,1,1863.6302128886373,1.0,1.0
2026-03-22T21:10:07.745-306470-621794,547,false,1.4177827329270634,1,1863.6302128886373,1.0,1.0
2026-03-22T21:10:07.745-306470-621794,881,false,1.3932595038538633,1,1863.6302128886373,1.0,1.0
2026-03-22T21:10:07.745-306470-621794,848,false,108.20114534832037,1,1863.6302128886373,1.0,1.0
2026-03-22T21:10:07.745-306470-621794,746,false,530.9294248355461,1,1863.6302128886373,1.0,1.0
2026-03-22T21:10:07.745-306470-621794,722,false,0.6990835742473335,1,1863.6302128886373,1.0,1.0
2026-03-22T21:10:07.745-306470-621794,255,true,8.680903616536261,1,1854.9493092721011,1.0,0.6579999999999999
2026-03-22T21:10:07.745-306470-621794,130,false,64.14696482415461,1,1854.9493092721011,1.0,1.0
2026-03-22T21:10:07.745-306470-621794,829,true,0.32931524263334905,1,1854.6199940294678,1.0,0.0
2026-03-22T21:10:07.745-306470-621794,234,false,1.4434501919333789,1,1854.6199940294678,1.0,1.0
2026-03-22T21:10:07.745-306470-621794,46,false,1.3882501355943115,1,1854.6199940294678,1.0,1.0
2026-03-22T21:10:07.745-306470-621794,211,true,10.938211865199687,1,1843.681782164268,1.0,0.0
2026-03-22T21:10:07.745-306470-621794,65,false,0.05488676644312715,1,1843.681782164268,1.0,1.0
2026-03-22T21:10:07.745-306470-621794,9,false,6.029728895389115,1,1843.681782164268,1.0,1.0
2026-03-22T21:10:07.745-306470-621794,554,false,2.551086002831978,1,1843.681782164268,1.0,1.0
2026-03-22T21:10:07.745-306470-621794,475,false,0.9220196145048055,1,1843.681782164268,1.0,1.0
2026-03-22T21:10:07.745-306470-621794,690,false,0.6752200664965698,1,1843.681782164268,1.0,1.0
2026-03-22T21:10:07.745-306470-621794,452,true,0.8043844525652537,1,1842.8773977117028,1.0,0.8280000000000001
2026-03-22T21:10:07.745-306470-621794,274,false,35.691223749967016,1,1842.8773977117028,1.0,1.0
2026-03-22T21:10:07.745-306470-621794,954,false,0.5807726229686939,1,1842.8773977117028,1.0,1.0
2026-03-22T21:10:07.745-306470-621794,90,false,0.23143026678480816,1,1842.8773977117028,1.0,1.0
2026-03-22T21:10:07.745-306470-621794,992,false,22.15047505680968,1,1842.8773977117028,1.0,1.0
2026-03-22T21:10:07.745-306470-621794,698,false,1.0847945747594332,1,1842.8773977117028,1.0,1.0
2026-03-22T21:10:07.745-306470-621794,422,false,0.760514262982967,1,1842.8773977117028,1.0,1.0
2026-03-22T21:10:07.745-306470-621794,406,false,3.345506145810389,1,1842.8773977117028,1.0,1.0
2026-03-22T21:10:07.745-306470-621794,385,false,23.692705917630274,1,1842.8773977117028,1.0,1.0
2026-03-22T21:10:07.745-306470-621794,675,false,14.197713609696955,1,1842.8773977117028,1.0,1.0
2026-03-22T21:10:07.745-306470-621794,282,false,7.46294583037329,1,1842.8773977117028,1.0,1.0
2026-03-22T21:10:07.745-306470-621794,787,false,0.40321294677688974,1,1842.8773977117028,1.0,1.0
2026-03-22T21:10:07.745-306470-621794,512,false,0.8875292698935728,1,1842.8773977117028,1.0,1.0
2026-03-22T21:10:07.745-306470-621794,336,false,3.831674449109413,1,1842.8773977117028,1.0,1.0
2026-03-22T21:10:07.745-306470-621794,704,false,9.847588186689055,1,1842.8773977117028,1.0,1.0
2026-03-22T21:10:07.745-306470-621794,435,false,2.1032155045660823,1,1842.8773977117028,1.0,1.0
2026-03-22T21:10:07.745-306470-621794,761,false,13.365955300333436,1,1842.8773977117028,1.0,1.0
2026-03-22T21:10:07.745-306470-621794,743,false,3.08373755462726,1,1842.8773977117028,1.0,1.0
2026-03-22T21:10:07.745-306470-621794,509,false,8.36905532157308,1,1842.8773977117028,1.0,1.0
2026-03-22T21:10:07.745-306470-621794,604,false,1.4297200609105818,1,1842.8773977117028,1.0,1.0
2026-03-22T21:10:07.745-306470-621794,5,false,5.303654109767851,1,1842.8773977117028,1.0,1.0
2026-03-22T21:10:07.745-306470-621794,75,false,4.1927063290153015,1,1842.8773977117028,1.0,1.0
2026-03-22T21:10:07.745-306470-621794,442,true,0.9109675938963316,1,1841.9664301178063,1.0,0.0
2026-03-22T21:10:07.745-306470-621794,669,true,6.3860327076677965,1,1835.5803974101386,1.0,0.665
2026-03-22T21:10:07.745-306470-621794,957,false,2.967068374822296,1,1835.5803974101386,1.0,1.0
2026-03-22T21:10:07.745-306470-621794,476,false,26.869020476116994,1,1835.5803974101386,1.0,1.0
2026-03-22T21:10:07.745-306470-621794,137,false,0.037451495759419653,1,1835.5803974101386,1.0,1.0
2026-03-22T21:10:07.745-306470-621794,54,false,213.80730142966007,1,1835.5803974101386,1.0,1.0
2026-03-22T21:10:07.745-306470-621794,847,false,0.1285905610397327,1,1835.5803974101386,1.0,1.0
2026-03-22T21:10:07.745-306470-621794,841,false,2.3866864036032576,1,1835.5803974101386,1.0,1.0
2026-03-22T21:10:07.745-306470-621794,81,false,3.6083161831112225,1,1835.5803974101386,1.0,1.0
2026-03-22T21:10:07.745-306470-621794,856,false,6.967592870334068,1,1835.5803974101386,1.0,1.0
2026-03-22T21:10:07.745-306470-621794,661,false,11.839191078901209,1,1835.5803974101386,1.0,1.0
2026-03-22T21:10:07.745-306470-621794,36,false,7.34237911311142,1,1835.5803974101386,1.0,1.0
2026-03-22T21:10:07.745-306470-621794,433,false,25.562874486511824,1,1835.5803974101386,1.0,1.0
2026-03-22T21:10:07.745-306470-621794,77,false,15.66875931812166,1,1835.5803974101386,1.0,1.0
2026-03-22T21:10:07.745-306470-621794,495,false,6.666477065171741,1,1835.5803974101386,1.0,1.0
2026-03-22T21:10:07.745-306470-621794,701,false,2.7656655586551953,1,1835.5803974101386,1.0,1.0
2026-03-22T21:10:07.745-306470-621794,240,false,7.903160574939918,1,1835.5803974101386,1.0,1.0
2026-03-22T21:10:07.745-306470-621794,688,false,0.20622507655104916,1,1835.5803974101386,1.0,1.0
2026-03-22T21:10:07.745-306470-621794,894,false,3.789005013536959,1,1835.5803974101386,1.0,1.0
2026-03-22T21:10:07.745-306470-621794,883,false,5.230523584213893,1,1835.5803974101386,1.0,1.0
2026-03-22T21:10:07.745-306470-621794,377,false,7.288170172607094,1,1835.5803974101386,1.0,1.0
2026-03-22T21:10:07.745-306470-621794,926,false,19.948291597759432,1,1835.5803974101386,1.0,1.0
2026-03-22T21:10:07.745-306470-621794,497,false,12.828004752851003,1,1835.5803974101386,1.0,1.0
2026-03-22T21:10:07.745-306470-621794,85,false,46.11494050697065,1,1835.5803974101386,1.0,1.0
2026-03-22T21:10:07.745-306470-621794,532,true,0.2636828702720477,1,1835.3167145398666,1.0,0.915
2026-03-22T21:10:07.745-306470-621794,279,false,0.1766828915579233,1,1835.3167145398666,1.0,1.0
2026-03-22T21:10:07.745-306470-621794,386,false,0.19614331408923752,1,1835.3167145398666,1.0,1.0
2026-03-22T21:10:07.745-306470-621794,744,false,1.1424477872794117,1,1835.3167145398666,1.0,1.0
2026-03-22T21:10:07.745-306470-621794,891,true,5.7127060065298085,1,1829.6040085333368,1.0,0.0010000000000000009
2026-03-22T21:10:07.745-306470-621794,170,false,6.0598855660431985,1,1829.6040085333368,1.0,1.0
2026-03-22T21:10:07.745-306470-621794,597,false,2.0197122507243197,1,1829.6040085333368,1.0,1.0
2026-03-22T21:10:07.745-306470-621794,861,false,6.659165150966899,1,1829.6040085333368,1.0,1.0
2026-03-22T21:10:07.745-306470-621794,630,false,0.13539340587402596,1,1829.6040085333368,1.0,1.0
2026-03-22T21:10:07.745-306470-621794,41,false,2.763937212431802,1,1829.6040085333368,1.0,1.0
2026-03-22T21:10:07.745-306470-621794,715,false,0.5805359586762262,1,1829.6040085333368,1.0,1.0
2026-03-22T21:10:07.745-306470-621794,637,true,0.5172110881001936,1,1829.0867974452367,1.0,0.688
2026-03-22T21:10:07.745-306470-621794,52,false,19.609636278335095,1,1829.0867974452367,1.0,1.0
2026-03-22T21:10:07.745-306470-621794,812,true,17.6514482091894,1,1811.4353492360474,1.0,0.837
2026-03-22T21:10:07.745-306470-621794,182,false,5.257447026219733,1,1811.4353492360474,1.0,1.0
2026-03-22T21:10:07.745-306470-621794,985,false,1.215588655280294,1,1811.4353492360474,1.0,1.0
2026-03-22T21:10:07.745-306470-621794,545,false,12.720940892557447,1,1811.4353492360474,1.0,1.0
2026-03-22T21:10:07.745-306470-621794,747,false,0.16325577720000348,1,1811.4353492360474,1.0,1.0
2026-03-22T21:10:07.745-306470-621794,614,false,7.912480288416573,1,1811.4353492360474,1.0,1.0
2026-03-22T21:10:07.745-306470-621794,390,false,12.881360498658927,1,1811.4353492360474,1.0,1.0
2026-03-22T21:10:07.745-306470-621794,223,false,8.148812651754643,1,1811.4353492360474,1.0,1.0
2026-03-22T21:10:07.745-306470-621794,82,false,4.67272288092273,1,1811.4353492360474,1.0,1.0
2026-03-22T21:10:07.745-306470-621794,953,false,0.04121873399192991,1,1811.4353492360474,1.0,1.0
2026-03-22T21:10:07.745-306470-621794,364,false,2.6383767318417894,1,1811.4353492360474,1.0,1.0
2026-03-22T21:10:07.745-306470-621794,34,false,0.3327569586722379,1,1811.4353492360474,1.0,1.0
2026-03-22T21:10:07.745-306470-621794,57,false,134.850121560006,1,1811.4353492360474,1.0,1.0
2026-03-22T21:10:07.745-306470-621794,319,false,1.7877689708490898,1,1811.4353492360474,1.0,1.0
2026-03-22T21:10:07.745-306470-621794,251,false,0.7388383066086225,1,1811.4353492360474,1.0,1.0
2026-03-22T21:10:07.745-306470-621794,19,false,1.2149918851718362,1,1811.4353492360474,1.0,1.0
2026-03-22T21:10:07.745-306470-621794,802,false,15.903468560272104,1,1811.4353492360474,1.0,1.0
2026-03-22T21:10:07.745-306470-621794,143,false,9.835910534532552,1,1811.4353492360474,1.0,1.0
2026-03-22T21:10:07.745-306470-621794,423,false,1.6191553111441812,1,1811.4353492360474,1.0,1.0
2026-03-22T21:10:07.745-306470-621794,558,false,0.24352869896499307,1,1811.4353492360474,1.0,1.0
2026-03-22T21:10:07.745-306470-621794,735,false,1.8118306498799317,1,1811.4353492360474,1.0,1.0
2026-03-22T21:10:07.745-306470-621794,198,false,1.3731432565111783,1,1811.4353492360474,1.0,1.0
2026-03-22T21:10:07.745-306470-621794,740,false,0.2690063508953757,1,1811.4353492360474,1.0,1.0
2026-03-22T21:10:07.745-306470-621794,40,false,2.953452735519701,1,1811.4353492360474,1.0,1.0
2026-03-22T21:10:07.745-306470-621794,765,false,21.73123682568564,1,1811.4353492360474,1.0,1.0
2026-03-22T21:10:07.745-306470-621794,598,false,0.6895840117945236,1,1811.4353492360474,1.0,1.0
2026-03-22T21:10:07.745-306470-621794,663,false,2.6589974846025775,1,1811.4353492360474,1.0,1.0
2026-03-22T21:10:07.745-306470-621794,618,false,14.281261895443118,1,1811.4353492360474,1.0,1.0
2026-03-22T21:10:07.745-306470-621794,284,false,2.171944070009299,1,1811.4353492360474,1.0,1.0
2026-03-22T21:10:07.745-306470-621794,766,false,0.14418700430507822,1,1811.4353492360474,1.0,1.0
2026-03-22T21:10:07.745-306470-621794,169,false,0.3118177453300579,1,1811.4353492360474,1.0,1.0
2026-03-22T21:10:07.745-306470-621794,770,false,0.15031500021875047,1,1811.4353492360474,1.0,1.0
2026-03-22T21:10:07.745-306470-621794,286,false,164.17143289785528,1,1811.4353492360474,1.0,1.0
2026-03-22T21:10:07.745-306470-621794,664,false,0.04050248273495601,1,1811.4353492360474,1.0,1.0
2026-03-22T21:10:07.745-306470-621794,756,false,11.782319898525492,1,1811.4353492360474,1.0,1.0
2026-03-22T21:10:07.745-306470-621794,106,false,0.06871359881491816,1,1811.4353492360474,1.0,1.0
2026-03-22T21:10:07.745-306470-621794,483,false,0.3483441502008498,1,1811.4353492360474,1.0,1.0
2026-03-22T21:10:07.745-306470-621794,290,false,0.8081924537522789,1,1811.4353492360474,1.0,1.0
2026-03-22T21:10:07.745-306470-621794,981,false,0.15209048012309018,1,1811.4353492360474,1.0,1.0
2026-03-22T21:10:07.745-306470-621794,149,false,0.20966727730880833,1,1811.4353492360474,1.0,1.0
2026-03-22T21:10:07.745-306470-621794,689,false,0.12853849235622625,1,1811.4353492360474,1.0,1.0
2026-03-22T21:10:07.745-306470-621794,884,false,62.50942611349904,1,1811.4353492360474,1.0,1.0
2026-03-22T21:10:07.745-306470-621794,551,false,0.5623048452335656,1,1811.4353492360474,1.0,1.0
2026-03-22T21:10:07.745-306470-621794,13,false,9.257206967324857,1,1811.4353492360474,1.0,1.0
2026-03-22T21:10:07.745-306470-621794,330,false,0.7774805105994698,1,1811.4353492360474,1.0,1.0
2026-03-22T21:10:07.745-306470-621794,382,false,2.356571815478851,1,1811.4353492360474,1.0,1.0
2026-03-22T21:10:07.745-306470-621794,487,false,4.3550466873767055,1,1811.4353492360474,1.0,1.0
2026-03-22T21:10:07.745-306470-621794,440,true,3.462805592549562,1,1807.9725436434978,1.0,0.0010000000000000009
2026-03-22T21:10:07.745-306470-621794,341,false,7.8706098375338165,1,1807.9725436434978,1.0,1.0
2026-03-22T21:10:07.745-306470-621794,250,false,7.37999416540718,1,1807.9725436434978,1.0,1.0
2026-03-22T21:10:07.745-306470-621794,825,true,1.5907161102492082,1,1806.3818275332487,1.0,0.0010000000000000009
2026-03-22T21:10:07.745-306470-621794,16,false,8.330504618428591,1,1806.3818275332487,1.0,1.0
2026-03-22T21:10:07.745-306470-621794,79,false,12.451972867349944,1,1806.3818275332487,1.0,1.0
2026-03-22T21:10:07.745-306470-621794,482,false,4.560746185875722,1,1806.3818275332487,1.0,1.0
2026-03-22T21:10:07.745-306470-621794,602,false,13.191320375045228,1,1806.3818275332487,1.0,1.0
2026-03-22T21:10:07.745-306470-621794,465,true,0.4608675125656168,1,1805.9209600206832,1.0,0.0010000000000000009
2026-03-22T21:10:07.745-306470-621794,742,false,90.07470430648573,1,1805.9209600206832,1.0,1.0
2026-03-22T21:10:07.745-306470-621794,340,false,0.5020613841429944,1,1805.9209600206832,1.0,1.0
2026-03-22T21:10:07.745-306470-621794,42,false,0.1316142715962861,1,1805.9209600206832,1.0,1.0
2026-03-22T21:10:07.745-306470-621794,220,false,1.8676665056081685,1,1805.9209600206832,1.0,1.0
2026-03-22T21:10:07.745-306470-621794,74,false,13.33227752214652,1,1805.9209600206832,1.0,1.0
2026-03-22T21:10:07.745-306470-621794,595,false,0.25036271556000417,1,1805.9209600206832,1.0,1.0
2026-03-22T21:10:07.745-306470-621794,971,false,31.848309470955943,1,1805.9209600206832,1.0,1.0
2026-03-22T21:10:07.745-306470-621794,91,false,1.2041213166494813,1,1805.9209600206832,1.0,1.0
2026-03-22T21:10:07.745-306470-621794,23,false,60.095643371151986,1,1805.9209600206832,1.0,1.0
2026-03-22T21:10:07.745-306470-621794,229,false,9.035327179191954,1,1805.9209600206832,1.0,1.0
2026-03-22T21:10:07.745-306470-621794,611,false,5.6516239780180655,1,1805.9209600206832,1.0,1.0
2026-03-22T21:10:07.745-306470-621794,833,true,6.8823472215605,1,1799.0386127991228,1.0,0.6779999999999999
2026-03-22T21:10:07.745-306470-621794,819,true,17.378061756591084,1,1781.6605510425318,1.0,0.6739999999999999
2026-03-22T21:10:07.745-306470-621794,789,false,0.05064122161378792,1,1781.6605510425318,1.0,1.0
2026-03-22T21:10:07.745-306470-621794,241,false,0.9890214580030023,1,1781.6605510425318,1.0,1.0
2026-03-22T21:10:07.745-306470-621794,191,false,4.577386957734968,1,1781.6605510425318,1.0,1.0
2026-03-22T21:10:07.745-306470-621794,945,false,119.85589148698486,1,1781.6605510425318,1.0,1.0
2026-03-22T21:10:07.745-306470-621794,307,false,0.027035733056691196,1,1781.6605510425318,1.0,1.0
2026-03-22T21:10:07.745-306470-621794,505,false,0.7111878775006484,1,1781.6605510425318,1.0,1.0
2026-03-22T21:10:07.745-306470-621794,925,false,3.9501908380770803,1,1781.6605510425318,1.0,1.0
2026-03-22T21:10:07.745-306470-621794,275,false,0.270303774782326,1,1781.6605510425318,1.0,1.0
2026-03-22T21:10:07.745-306470-621794,921,false,0.5726227900955622,1,1781.6605510425318,1.0,1.0
2026-03-22T21:10:07.745-306470-621794,402,false,0.1390562582310181,1,1781.6605510425318,1.0,1.0
2026-03-22T21:10:07.745-306470-621794,357,false,56.71188884667507,1,1781.6605510425318,1.0,1.0
2026-03-22T21:10:07.745-306470-621794,166,false,0.8680981205375208,1,1781.6605510425318,1.0,1.0
2026-03-22T21:10:07.745-306470-621794,857,false,9.532793179379055,1,1781.6605510425318,1.0,1.0
2026-03-22T21:10:07.745-306470-621794,200,false,0.3491910859939894,1,1781.6605510425318,1.0,1.0
2026-03-22T21:10:07.745-306470-621794,666,true,0.6638759988897446,1,1780.996675043642,1.0,0.84
2026-03-22T21:10:07.745-306470-621794,142,false,1.1214605224921201,1,1780.996675043642,1.0,1.0
2026-03-22T21:10:07.745-306470-621794,657,false,0.5431202430252028,1,1780.996675043642,1.0,1.0
2026-03-22T21:10:07.745-306470-621794,156,false,67.30731020238018,1,1780.996675043642,1.0,1.0
2026-03-22T21:10:07.745-306470-621794,359,false,15.444256361844992,1,1780.996675043642,1.0,1.0
2026-03-22T21:10:07.745-306470-621794,67,true,1.9225615212459348,1,1779.0741135223961,1.0,0.0
2026-03-22T21:10:07.745-306470-621794,430,false,30.886374669280794,1,1779.0741135223961,1.0,1.0
2026-03-22T21:10:07.745-306470-621794,784,false,0.032276042690617054,1,1779.0741135223961,1.0,1.0
2026-03-22T21:10:07.745-306470-621794,684,false,0.4447616830484702,1,1779.0741135223961,1.0,1.0
2026-03-22T21:10:07.745-306470-621794,334,false,75.55138600401311,1,1779.0741135223961,1.0,1.0
2026-03-22T21:10:07.745-306470-621794,33,false,0.10428172412056877,1,1779.0741135223961,1.0,1.0
2026-03-22T21:10:07.745-306470-621794,711,false,13.269979292922441,1,1779.0741135223961,1.0,1.0
2026-03-22T21:10:07.745-306470-621794,370,false,0.16047511203928425,1,1779.0741135223961,1.0,1.0
2026-03-22T21:10:07.745-306470-621794,134,false,1.0452943491984807,1,1779.0741135223961,1.0,1.0
2026-03-22T21:10:07.745-306470-621794,398,false,1.003428576904679,1,1779.0741135223961,1.0,1.0
2026-03-22T21:10:07.745-306470-621794,835,true,0.7635874970834806,1,1778.3105260253126,1.0,0.679
2026-03-22T21:10:07.745-306470-621794,795,false,0.5436518153201697,1,1778.3105260253126,1.0,1.0
2026-03-22T21:10:07.745-306470-621794,676,false,0.4023692051336463,1,1778.3105260253126,1.0,1.0
2026-03-22T21:10:07.745-306470-621794,728,false,0.3805956823865515,1,1778.3105260253126,1.0,1.0
2026-03-22T21:10:07.745-306470-621794,538,false,1.9098180710776809,1,1778.3105260253126,1.0,1.0
2026-03-22T21:10:07.745-306470-621794,705,false,13.264646526632497,1,1778.3105260253126,1.0,1.0
2026-03-22T21:10:07.745-306470-621794,606,false,14.345474578554846,1,1778.3105260253126,1.0,1.0
2026-03-22T21:10:07.745-306470-621794,396,false,194.26471149346614,1,1778.3105260253126,1.0,1.0
2026-03-22T21:10:07.745-306470-621794,346,true,2.609275173272096,1,1775.7012508520404,1.0,0.017000000000000015
2026-03-22T21:10:07.745-306470-621794,730,false,18.50302348932452,1,1775.7012508520404,1.0,1.0
2026-03-22T21:10:07.745-306470-621794,189,false,2.5721839173062966,1,1775.7012508520404,1.0,1.0
2026-03-22T21:10:07.745-306470-621794,832,true,7.623290859709899,1,1768.0779599923305,1.0,0.0
2026-03-22T21:10:07.745-306470-621794,800,false,0.11201984645373907,1,1768.0779599923305,1.0,1.0
2026-03-22T21:10:07.745-306470-621794,674,false,0.17737833420804636,1,1768.0779599923305,1.0,1.0
2026-03-22T21:10:07.745-306470-621794,871,false,2.431989121827234,1,1768.0779599923305,1.0,1.0
2026-03-22T21:10:07.745-306470-621794,763,false,113.8241939449071,1,1768.0779599923305,1.0,1.0
2026-03-22T21:10:07.745-306470-621794,983,true,0.846262875119938,1,1767.2316971172106,1.0,0.6779999999999999
2026-03-22T21:10:07.745-306470-621794,358,false,0.22815335559055275,1,1767.2316971172106,1.0,1.0
2026-03-22T21:10:07.745-306470-621794,113,false,87.8797962241374,1,1767.2316971172106,1.0,1.0
2026-03-22T21:10:07.745-306470-621794,810,true,9.277713842999182,1,1757.9539832742114,1.0,0.10499999999999998
2026-03-22T21:10:07.745-306470-621794,249,false,31.596927166440093,1,1757.9539832742114,1.0,1.0
2026-03-22T21:10:07.745-306470-621794,405,false,10.511290207292642,1,1757.9539832742114,1.0,1.0
2026-03-22T21:10:07.745-306470-621794,128,false,194.05793048972942,1,1757.9539832742114,1.0,1.0
2026-03-22T21:10:07.745-306470-621794,12,false,3.5121230191551143,1,1757.9539832742114,1.0,1.0
2026-03-22T21:10:07.745-306470-621794,529,true,142.864614082296,1,1615.0893691919155,1.0,0.648
2026-03-22T21:10:07.745-306470-621794,912,false,3.1860918418629116,1,1615.0893691919155,1.0,1.0
2026-03-22T21:10:07.745-306470-621794,4,false,22.36948429031452,1,1615.0893691919155,1.0,1.0
2026-03-22T21:10:07.745-306470-621794,607,false,1.987776630043402,1,1615.0893691919155,1.0,1.0
2026-03-22T21:10:07.745-306470-621794,103,true,1.969947385342843,1,1613.1194218065725,1.0,0.8029999999999999
2026-03-22T21:10:07.745-306470-621794,632,false,16.839393859523522,1,1613.1194218065725,1.0,1.0
2026-03-22T21:10:07.745-306470-621794,318,false,2.9232620207098416,1,1613.1194218065725,1.0,1.0
2026-03-22T21:10:07.745-306470-621794,944,false,0.22182395408425254,1,1613.1194218065725,1.0,1.0
2026-03-22T21:10:07.745-306470-621794,84,false,0.2576040109632174,1,1613.1194218065725,1.0,1.0
2026-03-22T21:10:07.745-306470-621794,21,false,99.01596443879777,1,1613.1194218065725,1.0,1.0
2026-03-22T21:10:07.745-306470-621794,575,false,10.176147192667488,1,1613.1194218065725,1.0,1.0
2026-03-22T21:10:07.745-306470-621794,6,false,11.682791101751134,1,1613.1194218065725,1.0,1.0
2026-03-22T21:10:07.745-306470-621794,924,false,1.5666598175715682,1,1613.1194218065725,1.0,1.0
2026-03-22T21:10:07.745-306470-621794,771,false,1.256994279246137,1,1613.1194218065725,1.0,1.0
2026-03-22T21:10:07.745-306470-621794,893,true,1.8477395156371386,1,1611.2716822909354,1.0,0.0
2026-03-22T21:10:07.745-306470-621794,248,false,1.0607612482626902,1,1611.2716822909354,1.0,1.0
2026-03-22T21:10:07.745-306470-621794,620,false,5.115909708369531,1,1611.2716822909354,1.0,1.0
2026-03-22T21:10:07.745-306470-621794,561,false,0.07829341118950092,1,1611.2716822909354,1.0,1.0
2026-03-22T21:10:07.745-306470-621794,628,false,2.294343606052729,1,1611.2716822909354,1.0,1.0
2026-03-22T21:10:07.745-306470-621794,500,false,14.726795896469453,1,1611.2716822909354,1.0,1.0
2026-03-22T21:10:07.745-306470-621794,363,false,2.376141164488923,1,1611.2716822909354,1.0,1.0
2026-03-22T21:10:07.745-306470-621794,564,false,6.6192730524487615,1,1611.2716822909354,1.0,1.0
2026-03-22T21:10:07.745-306470-621794,975,false,15.56868815511087,1,1611.2716822909354,1.0,1.0
2026-03-22T21:10:07.745-306470-621794,506,true,1.1999063035219828,1,1610.0717759874133,1.0,0.909
2026-03-22T21:10:07.745-306470-621794,826,true,4.200589209709803,1,1605.8711867777035,1.0,0.0
2026-03-22T21:10:07.745-306470-621794,400,false,0.3359578221761422,1,1605.8711867777035,1.0,1.0
2026-03-22T21:10:07.745-306470-621794,148,false,1.9681022372112063,1,1605.8711867777035,1.0,1.0
2026-03-22T21:10:07.745-306470-621794,643,true,926.6214876236359,1,679.2496991540677,1.0,0.0
2026-03-22T21:10:07.745-306470-621794,55,false,8.14738860732044,1,679.2496991540677,1.0,1.0
2026-03-22T21:10:07.745-306470-621794,216,true,1.0192218603564054,1,678.2304772937113,1.0,0.0010000000000000009
2026-03-22T21:10:07.745-306470-621794,672,false,0.17579732846357368,1,678.2304772937113,1.0,1.0
2026-03-22T21:10:07.745-306470-621794,895,true,3.7710587538019977,1,674.4594185399093,1.0,0.6779999999999999
2026-03-22T21:10:07.745-306470-621794,60,true,10.357140109420689,1,664.1022784304886,1.0,0.899
2026-03-22T21:10:07.745-306470-621794,716,false,11.201954342283845,1,664.1022784304886,1.0,1.0
2026-03-22T21:10:07.745-306470-621794,184,false,3.2343654946525193,1,664.1022784304886,1.0,1.0
2026-03-22T21:10:07.745-306470-621794,425,false,2.120601243192607,1,664.1022784304886,1.0,1.0
2026-03-22T21:10:07.745-306470-621794,939,false,4.332690066116355,1,664.1022784304886,1.0,1.0
2026-03-22T21:10:07.745-306470-621794,462,false,0.025737997443292387,1,664.1022784304886,1.0,1.0
2026-03-22T21:10:07.745-306470-621794,774,true,1.1305009893675895,1,662.971777441121,1.0,0.025000000000000022
2026-03-22T21:10:07.745-306470-621794,572,false,3.422712453707416,1,662.971777441121,1.0,1.0
2026-03-22T21:10:07.745-306470-621794,231,false,0.04014570693798341,1,662.971777441121,1.0,1.0
2026-03-22T21:10:07.745-306470-621794,480,false,0.36327515516135184,1,662.971777441121,1.0,1.0
2026-03-22T21:10:07.745-306470-621794,355,true,26.275651988256634,1,636.6961254528644,1.0,0.8109999999999999
2026-03-22T21:10:07.745-306470-621794,760,false,27.416805130659355,1,636.6961254528644,1.0,1.0
2026-03-22T21:10:07.745-306470-621794,798,false,133.84596658186464,1,636.6961254528644,1.0,1.0
2026-03-22T21:10:07.745-306470-621794,302,true,1.1751499174072861,1,635.5209755354571,1.0,0.0
2026-03-22T21:10:07.745-306470-621794,38,true,0.21909916681471908,1,635.3018763686423,1.0,0.911
2026-03-22T21:10:07.745-306470-621794,212,true,17.9988619426128,1,617.3030144260294,1.0,0.0
2026-03-22T21:10:07.745-306470-621794,203,true,29.398395179213015,1,587.9046192468164,1.0,0.687
2026-03-22T21:10:07.745-306470-621794,344,true,15.856420868136626,1,572.0481983786798,1.0,0.65
2026-03-22T21:10:07.745-306470-621794,172,false,1.61324112898815,1,572.0481983786798,1.0,1.0
2026-03-22T21:10:07.745-306470-621794,269,false,0.9723370566230961,1,572.0481983786798,1.0,1.0
2026-03-22T21:10:07.745-306470-621794,447,true,5.285692118895796,1,566.762506259784,1.0,0.0
2026-03-22T21:10:07.745-306470-621794,504,true,4.010683042633171,1,562.7518232171508,1.0,0.6739999999999999
2026-03-22T21:10:07.745-306470-621794,941,false,11.162332863970775,1,562.7518232171508,1.0,1.0
2026-03-22T21:10:07.745-306470-621794,665,true,29.264896235904246,1,533.4869269812466,1.0,0.655
2026-03-22T21:10:07.745-306470-621794,952,false,0.3353709452945862,1,533.4869269812466,1.0,1.0
2026-03-22T21:10:07.745-306470-621794,966,false,0.4250529227303376,1,533.4869269812466,1.0,1.0
2026-03-22T21:10:07.745-306470-621794,549,false,3.940423103920218,1,533.4869269812466,1.0,1.0
2026-03-22T21:10:07.745-306470-621794,120,false,72.96060585941831,1,533.4869269812466,1.0,1.0
2026-03-22T21:10:07.745-306470-621794,807,true,5.750370924626885,1,527.7365560566197,1.0,0.914
2026-03-22T21:10:07.745-306470-621794,988,false,0.8557016818454652,1,527.7365560566197,1.0,1.0
2026-03-22T21:10:07.745-306470-621794,731,false,3.001995721241173,1,527.7365560566197,1.0,1.0
2026-03-22T21:10:07.745-306470-621794,121,false,3.469653042365534,1,527.7365560566197,1.0,1.0
2026-03-22T21:10:07.745-306470-621794,437,true,34.208134869183475,1,493.52842118743627,1.0,0.804
2026-03-22T21:10:07.745-306470-621794,656,false,0.03195021195350039,1,493.52842118743627,1.0,1.0
2026-03-22T21:10:07.745-306470-621794,114,false,49.4525662999022,1,493.52842118743627,1.0,1.0
2026-03-22T21:10:07.745-306470-621794,327,false,0.5765881955809888,1,493.52842118743627,1.0,1.0
2026-03-22T21:10:07.745-306470-621794,280,false,0.12462827129233894,1,493.52842118743627,1.0,1.0
2026-03-22T21:10:07.745-306470-621794,849,false,9.272311215561135,1,493.52842118743627,1.0,1.0
2026-03-22T21:10:07.745-306470-621794,295,false,12.165653020650272,1,493.52842118743627,1.0,1.0
2026-03-22T21:10:07.745-306470-621794,322,false,0.8045080263637386,1,493.52842118743627,1.0,1.0
2026-03-22T21:10:07.745-306470-621794,843,false,26.19013212215437,1,493.52842118743627,1.0,1.0
2026-03-22T21:10:07.745-306470-621794,11,false,7.753841956520938,1,493.52842118743627,1.0,1.0
2026-03-22T21:10:07.745-306470-621794,583,false,0.47255342084547347,1,493.52842118743627,1.0,1.0
2026-03-22T21:10:07.745-306470-621794,122,false,0.17368332810494577,1,493.52842118743627,1.0,1.0
2026-03-22T21:10:07.745-306470-621794,342,true,6.2557777943878055,1,487.27264339304844,1.0,0.838
2026-03-22T21:10:07.745-306470-621794,17,true,0.5495094748343455,1,486.7231339182141,1.0,0.999
2026-03-22T21:10:07.745-306470-621794,131,false,0.28756589229586865,1,486.7231339182141,1.0,1.0
2026-03-22T21:10:07.745-306470-621794,261,true,0.286426624931226,1,486.4367072932829,1.0,0.0020000000000000018
2026-03-22T21:10:07.745-306470-621794,324,false,1.3520246686719197,1,486.4367072932829,1.0,1.0
2026-03-22T21:10:07.745-306470-621794,204,true,116.18401696917167,1,370.2526903241112,1.0,0.0
2026-03-22T21:10:07.745-306470-621794,524,false,0.49723989499261106,1,370.2526903241112,1.0,1.0
2026-03-22T21:10:07.745-306470-621794,378,false,5.034607478346039,1,370.2526903241112,1.0,1.0
2026-03-22T21:10:07.745-306470-621794,174,false,0.023885703285328973,1,370.2526903241112,1.0,1.0
2026-03-22T21:10:07.745-306470-621794,541,false,997.4648777948793,1,370.2526903241112,1.0,1.0
2026-03-22T21:10:07.745-306470-621794,702,false,6.953843122723019,1,370.2526903241112,1.0,1.0
2026-03-22T21:10:07.745-306470-621794,858,false,0.09512148682417265,1,370.2526903241112,1.0,1.0
2026-03-22T21:10:07.745-306470-621794,929,false,5.824285758965627,1,370.2526903241112,1.0,1.0
2026-03-22T21:10:07.745-306470-621794,964,false,10.170583900217002,1,370.2526903241112,1.0,1.0
2026-03-22T21:10:07.745-306470-621794,25,false,1.6603879273351254,1,370.2526903241112,1.0,1.0
2026-03-22T21:10:07.745-306470-621794,862,false,94.23198725104551,1,370.2526903241112,1.0,1.0
2026-03-22T21:10:07.745-306470-621794,399,false,3.8280050212519385,1,370.2526903241112,1.0,1.0
2026-03-22T21:10:07.745-306470-621794,686,false,21.783636795189693,1,370.2526903241112,1.0,1.0
2026-03-22T21:10:07.745-306470-621794,801,true,5.257525356544034,1,364.9951649675672,1.0,0.8109999999999999
2026-03-22T21:10:07.745-306470-621794,127,false,1.5860276008369352,1,364.9951649675672,1.0,1.0
2026-03-22T21:10:07.745-306470-621794,44,false,8.854124472756025,1,364.9951649675672,1.0,1.0
2026-03-22T21:10:07.745-306470-621794,550,false,5.491331389662305,1,364.9951649675672,1.0,1.0
2026-03-22T21:10:07.745-306470-621794,968,false,10.487062002740053,1,364.9951649675672,1.0,1.0
2026-03-22T21:10:07.745-306470-621794,991,false,2.6586106948657435,1,364.9951649675672,1.0,1.0
2026-03-22T21:10:07.745-306470-621794,727,false,1.1204082481203061,1,364.9951649675672,1.0,1.0
2026-03-22T21:10:07.745-306470-621794,660,false,0.028028045865002887,1,364.9951649675672,1.0,1.0
2026-03-22T21:10:07.745-306470-621794,853,false,0.45548754306986455,1,364.9951649675672,1.0,1.0
2026-03-22T21:10:07.745-306470-621794,948,false,12.695537873810968,1,364.9951649675672,1.0,1.0
2026-03-22T21:10:07.745-306470-621794,775,true,4.548648854185988,1,360.44651611338116,1.0,0.0
2026-03-22T21:10:07.745-306470-621794,421,false,0.12008858538897693,1,360.44651611338116,1.0,1.0
2026-03-22T21:10:07.745-306470-621794,940,false,3.0392399652256987,1,360.44651611338116,1.0,1.0
2026-03-22T21:10:07.745-306470-621794,851,false,6.700801243819289,1,360.44651611338116,1.0,1.0
2026-03-22T21:10:07.745-306470-621794,332,false,15.589253932171,1,360.44651611338116,1.0,1.0
2026-03-22T21:10:07.745-306470-621794,695,false,3.229888746308792,1,360.44651611338116,1.0,1.0
2026-03-22T21:10:07.745-306470-621794,552,false,0.20739542481139808,1,360.44651611338116,1.0,1.0
2026-03-22T21:10:07.745-306470-621794,882,false,0.09851980486002658,1,360.44651611338116,1.0,1.0
2026-03-22T21:10:07.745-306470-621794,748,false,3.4663072372929196,1,360.44651611338116,1.0,1.0
2026-03-22T21:10:07.745-306470-621794,555,false,0.9864431382896695,1,360.44651611338116,1.0,1.0
2026-03-22T21:10:07.745-306470-621794,936,false,1.329619910596033,1,360.44651611338116,1.0,1.0
2026-03-22T21:10:07.745-306470-621794,625,false,5.391632070335249,1,360.44651611338116,1.0,1.0
2026-03-22T21:10:07.745-306470-621794,323,false,2.899316630931777,1,360.44651611338116,1.0,1.0
2026-03-22T21:10:07.745-306470-621794,950,false,75.52445293280842,1,360.44651611338116,1.0,1.0
2026-03-22T21:10:07.745-306470-621794,710,false,8.137221673065644,1,360.44651611338116,1.0,1.0
2026-03-22T21:10:07.745-306470-621794,289,false,7.300617088102966,1,360.44651611338116,1.0,1.0
2026-03-22T21:10:07.745-306470-621794,281,false,0.2556606223992947,1,360.44651611338116,1.0,1.0
2026-03-22T21:10:07.745-306470-621794,573,false,0.7584684496944787,1,360.44651611338116,1.0,1.0
2026-03-22T21:10:07.745-306470-621794,779,true,5.220473987851645,1,355.22604212552955,1.0,0.0
2026-03-22T21:10:07.745-306470-621794,256,true,4.070077181668436,1,351.15596494386114,1.0,0.0
2026-03-22T21:10:07.745-306470-621794,463,true,1.2331278327027386,1,349.9228371111584,1.0,0.0
2026-03-22T21:10:07.745-306470-621794,518,false,6.800830742882721,1,349.9228371111584,1.0,1.0
2026-03-22T21:10:07.745-306470-621794,438,true,23.08407624490266,1,326.8387608662557,1.0,0.0010000000000000009
2026-03-22T21:10:07.745-306470-621794,708,false,0.05534536878911964,1,326.8387608662557,1.0,1.0
2026-03-22T21:10:07.745-306470-621794,586,false,0.26102527099730105,1,326.8387608662557,1.0,1.0
2026-03-22T21:10:07.745-306470-621794,92,false,26.823404580350786,1,326.8387608662557,1.0,1.0
2026-03-22T21:10:07.745-306470-621794,815,true,3.5439446100671446,1,323.29481625618854,1.0,0.0
2026-03-22T21:10:07.745-306470-621794,531,true,8.37192702731917,1,314.9228892288694,1.0,0.0
2026-03-22T21:10:07.745-306470-621794,755,false,1.9422313518531742,1,314.9228892288694,1.0,1.0
2026-03-22T21:10:07.745-306470-621794,818,true,1.7602889133135582,1,313.16260031555584,1.0,0.0
2026-03-22T21:10:07.745-306470-621794,867,false,0.22015592607064807,1,313.16260031555584,1.0,1.0
2026-03-22T21:10:07.745-306470-621794,1000,false,21.525046859343657,1,313.16260031555584,1.0,1.0
2026-03-22T21:10:07.745-306470-621794,540,false,3.6909126133523595,1,313.16260031555584,1.0,1.0
2026-03-22T21:10:07.745-306470-621794,479,false,0.19130410638430131,1,313.16260031555584,1.0,1.0
2026-03-22T21:10:07.745-306470-621794,516,false,4.91444134522495,1,313.16260031555584,1.0,1.0
2026-03-22T21:10:07.745-306470-621794,185,false,1.0547121104971822,1,313.16260031555584,1.0,1.0
2026-03-22T21:10:07.745-306470-621794,78,false,1.6111031727451364,1,313.16260031555584,1.0,1.0
2026-03-22T21:10:07.745-306470-621794,648,true,0.7375975693849691,1,312.4250027461709,1.0,0.0
2026-03-22T21:10:07.745-306470-621794,733,false,2.076527683894214,1,312.4250027461709,1.0,1.0
2026-03-22T21:10:07.745-306470-621794,508,true,5.256645283450104,1,307.1683574627208,1.0,0.692
2026-03-22T21:10:07.745-306470-621794,296,false,0.7194793597328828,1,307.1683574627208,1.0,1.0
2026-03-22T21:10:07.745-306470-621794,638,true,28.20147739060569,1,278.9668800721151,1.0,0.0
2026-03-22T21:10:07.745-306470-621794,339,true,0.5784733012711613,1,278.3884067708439,1.0,0.6910000000000001
2026-03-22T21:10:07.745-306470-621794,758,false,0.6082835280412063,1,278.3884067708439,1.0,1.0
2026-03-22T21:10:07.745-306470-621794,403,false,14.134480708383549,1,278.3884067708439,1.0,1.0
2026-03-22T21:10:07.745-306470-621794,50,false,68.60405851173981,1,278.3884067708439,1.0,1.0
2026-03-22T21:10:07.745-306470-621794,356,true,36.50825415541735,1,241.88015261542657,1.0,0.0010000000000000009
2026-03-22T21:10:07.745-306470-621794,845,false,1.0593866108861636,1,241.88015261542657,1.0,1.0
2026-03-22T21:10:07.745-306470-621794,752,false,12.498404420709374,1,241.88015261542657,1.0,1.0
2026-03-22T21:10:07.745-306470-621794,767,false,12.108321789353884,1,241.88015261542657,1.0,1.0
2026-03-22T21:10:07.745-306470-621794,197,false,6.8164679148047105,1,241.88015261542657,1.0,1.0
2026-03-22T21:10:07.745-306470-621794,568,false,5.765611110918745,1,241.88015261542657,1.0,1.0
2026-03-22T21:10:07.745-306470-621794,517,false,1.9677076909493807,1,241.88015261542657,1.0,1.0
2026-03-22T21:10:07.745-306470-621794,591,false,5.1711690693675445,1,241.88015261542657,1.0,1.0
2026-03-22T21:10:07.745-306470-621794,242,false,31.955139352201353,1,241.88015261542657,1.0,1.0
2026-03-22T21:10:07.745-306470-621794,205,true,367.28280115241216,1,-125.4026485369856,1.0,0.0
2026-03-22T21:10:07.745-753714-957599,330,false,0.14020951081990024,1,6442.807033821375,1.0,1.0
2026-03-22T21:10:07.745-753714-957599,453,true,1.5909994390175288,1,6441.216034382357,1.0,0.991
2026-03-22T21:10:07.745-753714-957599,513,true,1.8788879362257809,1,6439.337146446132,1.0,0.993
2026-03-22T21:10:07.745-753714-957599,7,true,2.36802578923305,1,6436.969120656899,1.0,0.986
2026-03-22T21:10:07.745-753714-957599,577,true,32.1188578068793,1,6404.850262850019,1.0,0.989
2026-03-22T21:10:07.745-753714-957599,845,true,1.5274644432057278,1,6403.3227984068135,1.0,0.992
2026-03-22T21:10:07.745-753714-957599,287,true,6.3742971773900585,1,6396.9485012294235,1.0,0.986
2026-03-22T21:10:07.745-753714-957599,92,true,18.7800596146482,1,6378.1684416147755,1.0,0.989
2026-03-22T21:10:07.745-753714-957599,929,false,0.02677443157092489,1,6378.1684416147755,1.0,1.0
2026-03-22T21:10:07.745-753714-957599,923,true,1.9694177844437213,1,6376.1990238303315,1.0,0.99
2026-03-22T21:10:07.745-753714-957599,231,true,24.841222998008295,1,6351.357800832323,1.0,0.992
2026-03-22T21:10:07.745-753714-957599,867,true,9.405948403986093,1,6341.951852428337,1.0,0.988
2026-03-22T21:10:07.745-753714-957599,991,true,1.6111758910128202,1,6340.340676537324,1.0,0.988
2026-03-22T21:10:07.745-753714-957599,127,true,0.6055137161109665,1,6339.735162821213,1.0,0.99
2026-03-22T21:10:07.745-753714-957599,176,true,0.22444296965460003,1,6339.510719851558,1.0,0.991
2026-03-22T21:10:07.745-753714-957599,248,true,12.16440239131887,1,6327.346317460239,1.0,0.989
2026-03-22T21:10:07.745-753714-957599,977,true,0.30586679862786215,1,6327.040450661611,1.0,0.983
2026-03-22T21:10:07.745-753714-957599,714,true,0.25481238506261494,1,6326.7856382765485,1.0,0.997
2026-03-22T21:10:07.745-753714-957599,87,true,2.0086332413865318,1,6324.777005035162,1.0,0.992
2026-03-22T21:10:07.745-753714-957599,228,true,1.7425137500848031,1,6323.034491285077,1.0,0.673
2026-03-22T21:10:07.745-753714-957599,384,true,3.8595225278106153,1,6319.1749687572665,1.0,0.989
2026-03-22T21:10:07.745-753714-957599,167,true,13.306540889615833,1,6305.868427867651,1.0,0.996
2026-03-22T21:10:07.745-753714-957599,552,false,0.1896887333546263,1,6305.868427867651,1.0,1.0
2026-03-22T21:10:07.745-753714-957599,311,true,9.534660260091446,1,6296.33376760756,1.0,0.995
2026-03-22T21:10:07.745-753714-957599,309,true,1.7035343242892034,1,6294.63023328327,1.0,0.718
2026-03-22T21:10:07.745-753714-957599,941,true,41.83065502255396,1,6252.799578260716,1.0,0.993
2026-03-22T21:10:07.745-753714-957599,242,true,0.42334871325661394,1,6252.376229547459,1.0,0.99
2026-03-22T21:10:07.745-753714-957599,926,true,7.282327376333628,1,6245.093902171126,1.0,0.766
2026-03-22T21:10:07.745-753714-957599,178,true,1.946674918389127,1,6243.147227252736,1.0,0.7010000000000001
2026-03-22T21:10:07.745-753714-957599,491,true,15.799078870047776,1,6227.348148382688,1.0,0.985
2026-03-22T21:10:07.745-753714-957599,340,true,12.945826405041299,1,6214.402321977647,1.0,0.988
2026-03-22T21:10:07.745-753714-957599,620,true,10.535588989769705,1,6203.866732987877,1.0,0.995
2026-03-22T21:10:07.745-753714-957599,218,true,178.00816867737723,1,6025.8585643105,1.0,0.985
2026-03-22T21:10:07.745-753714-957599,497,true,9.320009639083107,1,6016.538554671417,1.0,0.99
2026-03-22T21:10:07.745-753714-957599,132,true,1.6954721516454132,1,6014.843082519771,1.0,0.987
2026-03-22T21:10:07.745-753714-957599,824,true,29.932176922599595,1,5984.910905597171,1.0,0.993
2026-03-22T21:10:07.745-753714-957599,883,true,555.0643562956708,1,5429.8465493015,1.0,0.987
2026-03-22T21:10:07.745-753714-957599,234,false,0.15126444488629168,1,5429.8465493015,1.0,1.0
2026-03-22T21:10:07.745-753714-957599,968,true,49.47786950679342,1,5380.368679794707,1.0,0.99
2026-03-22T21:10:07.745-753714-957599,350,true,123.75411157420456,1,5256.614568220502,1.0,0.993
2026-03-22T21:10:07.745-753714-957599,959,true,0.42245398225917663,1,5256.192114238243,1.0,0.989
2026-03-22T21:10:07.745-753714-957599,655,true,0.9968642569804956,1,5255.195249981263,1.0,0.991
2026-03-22T21:10:07.745-753714-957599,41,true,3.984278347640936,1,5251.210971633623,1.0,0.994
2026-03-22T21:10:07.745-753714-957599,879,true,1.6472265861463542,1,5249.563745047476,1.0,0.99
2026-03-22T21:10:07.745-753714-957599,673,true,0.47013394499818817,1,5249.093611102478,1.0,0.992
2026-03-22T21:10:07.745-753714-957599,917,true,17.351075928148855,1,5231.742535174329,1.0,0.995
2026-03-22T21:10:07.745-753714-957599,781,true,3.518705224790883,1,5228.2238299495375,1.0,0.989
2026-03-22T21:10:07.745-753714-957599,194,true,108.85529812326332,1,5119.368531826274,1.0,0.995
2026-03-22T21:10:07.745-753714-957599,566,true,4.15031877928309,1,5115.218213046991,1.0,0.985
2026-03-22T21:10:07.745-753714-957599,483,true,1.1863582371730985,1,5114.031854809818,1.0,0.99
2026-03-22T21:10:07.745-753714-957599,739,true,1.803307193748776,1,5112.228547616069,1.0,0.99
2026-03-22T21:10:07.745-753714-957599,522,true,4.519788153310379,1,5107.708759462758,1.0,0.984
2026-03-22T21:10:07.745-753714-957599,666,true,5.541466753635685,1,5102.167292709122,1.0,0.993
2026-03-22T21:10:07.745-753714-957599,704,false,0.08504187479787662,1,5102.167292709122,1.0,1.0
2026-03-22T21:10:07.745-753714-957599,915,true,1.6893182877749717,1,5100.477974421347,1.0,0.702
2026-03-22T21:10:07.745-753714-957599,189,true,11.862857611274807,1,5088.615116810072,1.0,0.987
2026-03-22T21:10:07.745-753714-957599,171,false,0.20341483198496063,1,5088.615116810072,1.0,1.0
2026-03-22T21:10:07.745-753714-957599,378,true,1.472926544826012,1,5087.142190265246,1.0,0.993
2026-03-22T21:10:07.745-753714-957599,485,true,5.864295565994077,1,5081.277894699252,1.0,0.775
2026-03-22T21:10:07.745-753714-957599,849,false,0.09864818706148668,1,5081.277894699252,1.0,1.0
2026-03-22T21:10:07.745-753714-957599,95,true,4.1291015079137745,1,5077.148793191338,1.0,0.675
2026-03-22T21:10:07.745-753714-957599,300,true,0.8885766330540078,1,5076.260216558284,1.0,0.991
2026-03-22T21:10:07.745-753714-957599,66,true,0.690230549902256,1,5075.569986008381,1.0,0.99
2026-03-22T21:10:07.745-753714-957599,35,true,3.075073209051162,1,5072.49491279933,1.0,0.989
2026-03-22T21:10:07.745-753714-957599,488,true,23.627224590628128,1,5048.867688208702,1.0,0.385
2026-03-22T21:10:07.745-753714-957599,558,false,0.20888798981247414,1,5048.867688208702,1.0,1.0
2026-03-22T21:10:07.745-753714-957599,177,true,47.63104657456244,1,5001.236641634139,1.0,0.366
2026-03-22T21:10:07.745-753714-957599,628,true,0.6926063936028203,1,5000.544035240537,1.0,0.986
2026-03-22T21:10:07.745-753714-957599,257,true,3.104847039768779,1,4997.439188200768,1.0,0.994
2026-03-22T21:10:07.745-753714-957599,297,true,2.7091949066786527,1,4994.729993294089,1.0,0.649
2026-03-22T21:10:07.745-753714-957599,438,false,0.20675912999870205,1,4994.729993294089,1.0,1.0
2026-03-22T21:10:07.745-753714-957599,783,true,20.15540709681722,1,4974.574586197272,1.0,0.692
2026-03-22T21:10:07.745-753714-957599,548,true,3.4124490825110647,1,4971.162137114761,1.0,0.984
2026-03-22T21:10:07.745-753714-957599,677,true,8.490278165779996,1,4962.671858948981,1.0,0.992
2026-03-22T21:10:07.745-753714-957599,211,true,5623.878514254896,1,-661.2066553059149,1.0,0.953
2026-03-22T21:10:07.745-455326-255790,378,true,0.4937311335509127,1,2752.186450993853,1.0,0.994
2026-03-22T21:10:07.745-455326-255790,645,true,3.054800627471079,1,2749.131650366382,1.0,0.995
2026-03-22T21:10:07.745-455326-255790,900,true,18.547451822609037,1,2730.584198543773,1.0,0.99
2026-03-22T21:10:07.745-455326-255790,941,true,12.52681348353089,1,2718.057385060242,1.0,0.995
2026-03-22T21:10:07.745-455326-255790,690,true,24.582773076865767,1,2693.4746119833762,1.0,0.993
2026-03-22T21:10:07.745-455326-255790,352,true,2.188747520960462,1,2691.2858644624157,1.0,0.991
2026-03-22T21:10:07.745-455326-255790,562,false,0.07508935778150023,1,2691.2858644624157,1.0,1.0
2026-03-22T21:10:07.745-455326-255790,303,true,0.8640238686177638,1,2690.421840593798,1.0,0.993
2026-03-22T21:10:07.745-455326-255790,350,true,6.5664427889461905,1,2683.855397804852,1.0,0.43999999999999995
2026-03-22T21:10:07.745-455326-255790,819,true,1.7344081911024527,1,2682.1209896137498,1.0,0.988
2026-03-22T21:10:07.745-455326-255790,766,true,6.112186441536777,1,2676.008803172213,1.0,0.99
2026-03-22T21:10:07.745-455326-255790,923,true,0.5917092705890927,1,2675.417093901624,1.0,0.99
2026-03-22T21:10:07.745-455326-255790,582,true,8.268254311173294,1,2667.1488395904507,1.0,0.995
2026-03-22T21:10:07.745-455326-255790,818,true,4.926618407734346,1,2662.2222211827166,1.0,0.618
2026-03-22T21:10:07.745-455326-255790,251,true,3.5661577758420626,1,2658.6560634068746,1.0,0.991
2026-03-22T21:10:07.745-455326-255790,558,true,46.18776166299813,1,2612.4683017438765,1.0,0.99
2026-03-22T21:10:07.745-455326-255790,591,true,7.976329990581429,1,2604.4919717532953,1.0,0.985
2026-03-22T21:10:07.745-455326-255790,823,false,0.08365754270002236,1,2604.4919717532953,1.0,1.0
2026-03-22T21:10:07.745-455326-255790,555,true,9.23875882970058,1,2595.2532129235947,1.0,0.41100000000000003
2026-03-22T21:10:07.745-455326-255790,685,true,65.40521018643959,1,2529.848002737155,1.0,0.993
2026-03-22T21:10:07.745-455326-255790,217,true,6.360159831464542,1,2523.4878429056907,1.0,0.989
2026-03-22T21:10:07.745-455326-255790,333,true,2.056733950263455,1,2521.431108955427,1.0,0.986
2026-03-22T21:10:07.745-455326-255790,211,true,2.1668075667010203,1,2519.264301388726,1.0,0.991
2026-03-22T21:10:07.745-455326-255790,875,true,2.5180780937254,1,2516.7462232950006,1.0,0.988
2026-03-22T21:10:07.745-455326-255790,876,true,1.6587548224561441,1,2515.0874684725445,1.0,0.633
2026-03-22T21:10:07.745-455326-255790,905,true,4.109541177522654,1,2510.977927295022,1.0,0.988
2026-03-22T21:10:07.745-455326-255790,859,true,17.929762988373714,1,2493.0481643066482,1.0,0.988
2026-03-22T21:10:07.745-455326-255790,389,true,29.28503888852906,1,2463.763125418119,1.0,0.992
2026-03-22T21:10:07.745-455326-255790,489,true,0.2119390099077315,1,2463.5511864082114,1.0,0.997
2026-03-22T21:10:07.745-455326-255790,546,true,3.017500741309157,1,2460.5336856669023,1.0,0.996
2026-03-22T21:10:07.745-455326-255790,188,true,2.2142183414658305,1,2458.3194673254366,1.0,0.992
2026-03-22T21:10:07.745-455326-255790,367,true,34.1067884792043,1,2424.2126788462324,1.0,0.991
2026-03-22T21:10:07.745-455326-255790,829,true,7.653594531174116,1,2416.5590843150585,1.0,0.988
2026-03-22T21:10:07.745-455326-255790,550,true,10.885991480454676,1,2405.6730928346037,1.0,0.988
2026-03-22T21:10:07.745-455326-255790,532,true,21.59952802274971,1,2384.073564811854,1.0,0.992
2026-03-22T21:10:07.745-455326-255790,849,true,1.1935390204454395,1,2382.8800257914086,1.0,0.996
2026-03-22T21:10:07.745-455326-255790,441,true,1.892449053796208,1,2380.9875767376125,1.0,0.992
2026-03-22T21:10:07.745-455326-255790,452,true,4.058220789762907,1,2376.9293559478497,1.0,0.991
2026-03-22T21:10:07.745-455326-255790,318,true,0.22595468475430783,1,2376.703401263095,1.0,0.993
2026-03-22T21:10:07.745-455326-255790,936,true,232.02226761373657,1,2144.681133649359,1.0,0.991
2026-03-22T21:10:07.745-455326-255790,268,true,0.8036444184549482,1,2143.877489230904,1.0,0.988
2026-03-22T21:10:07.745-455326-255790,513,true,2.2802926984509373,1,2141.597196532453,1.0,0.993
2026-03-22T21:10:07.745-455326-255790,180,false,0.06477570779066182,1,2141.597196532453,1.0,1.0
2026-03-22T21:10:07.745-455326-255790,599,true,3.201201373725533,1,2138.3959951587276,1.0,0.991
2026-03-22T21:10:07.745-455326-255790,322,false,0.1751215205564163,1,2138.3959951587276,1.0,1.0
2026-03-22T21:10:07.745-455326-255790,639,true,10.92450688934389,1,2127.471488269384,1.0,0.988
2026-03-22T21:10:07.745-455326-255790,606,true,33.88615885174985,1,2093.585329417634,1.0,0.99
2026-03-22T21:10:07.745-455326-255790,8,true,14.688311572575666,1,2078.8970178450586,1.0,0.988
2026-03-22T21:10:07.745-455326-255790,928,true,0.31341483841233464,1,2078.583603006646,1.0,0.997
2026-03-22T21:10:07.745-455326-255790,145,true,5.856563525639732,1,2072.7270394810066,1.0,0.993
2026-03-22T21:10:07.745-455326-255790,351,true,2.241982726582019,1,2070.4850567544245,1.0,0.0
2026-03-22T21:10:07.745-455326-255790,652,false,0.12043055923685657,1,2070.4850567544245,1.0,1.0
2026-03-22T21:10:07.745-455326-255790,469,true,2.5199988716829496,1,2067.9650578827413,1.0,0.993
2026-03-22T21:10:07.745-455326-255790,537,true,1.5637911106932916,1,2066.401266772048,1.0,0.99
2026-03-22T21:10:07.745-455326-255790,78,true,16.942883738625564,1,2049.4583830334227,1.0,0.992
2026-03-22T21:10:07.745-455326-255790,614,true,1.7732670184292274,1,2047.6851160149936,1.0,0.989
2026-03-22T21:10:07.745-455326-255790,206,true,3.400450478633585,1,2044.28466553636,1.0,0.995
2026-03-22T21:10:07.745-455326-255790,156,true,9.695842217256724,1,2034.5888233191033,1.0,0.995
2026-03-22T21:10:07.745-455326-255790,992,true,75.95912941004208,1,1958.6296939090612,1.0,0.992
2026-03-22T21:10:07.745-455326-255790,203,true,2.7717009663474625,1,1955.8579929427137,1.0,0.45199999999999996
2026-03-22T21:10:07.745-455326-255790,346,true,6.537924340628866,1,1949.3200686020848,1.0,0.989
2026-03-22T21:10:07.745-455326-255790,297,true,3.0472526925119845,1,1946.2728159095727,1.0,0.99
2026-03-22T21:10:07.745-455326-255790,799,true,18.139870992110282,1,1928.1329449174625,1.0,0.992
2026-03-22T21:10:07.745-455326-255790,884,true,15.046976971404087,1,1913.0859679460584,1.0,0.988
2026-03-22T21:10:07.745-455326-255790,660,true,1.0475496280663896,1,1912.038418317992,1.0,0.995
2026-03-22T21:10:07.745-455326-255790,913,true,4.8999155047823075,1,1907.1385028132097,1.0,0.991
2026-03-22T21:10:07.745-455326-255790,747,true,13.880914724527658,1,1893.257588088682,1.0,0.987
2026-03-22T21:10:07.745-455326-255790,648,true,3.743404556799789,1,1889.5141835318823,1.0,0.46199999999999997
2026-03-22T21:10:07.745-455326-255790,680,true,16.050679206072118,1,1873.4635043258102,1.0,0.992
2026-03-22T21:10:07.745-455326-255790,382,true,0.8032682287333286,1,1872.660236097077,1.0,0.99
2026-03-22T21:10:07.745-455326-255790,668,true,0.6399192487476174,1,1872.0203168483292,1.0,0.993
2026-03-22T21:10:07.745-455326-255790,602,true,113.66263819287516,1,1758.357678655454,1.0,0.41600000000000004
2026-03-22T21:10:07.745-455326-255790,201,false,0.09562661712891769,1,1758.357678655454,1.0,1.0
2026-03-22T21:10:07.745-455326-255790,605,true,7.006884545412259,1,1751.3507941100418,1.0,0.0
2026-03-22T21:10:07.745-455326-255790,60,true,67.21197358116363,1,1684.1388205288781,1.0,0.991
2026-03-22T21:10:07.745-455326-255790,580,false,0.024211901341918664,1,1684.1388205288781,1.0,1.0
2026-03-22T21:10:07.745-455326-255790,693,true,3.846679891812352,1,1680.2921406370658,1.0,0.45299999999999996
2026-03-22T21:10:07.745-455326-255790,243,true,6.607704347295723,1,1673.68443628977,1.0,0.991
2026-03-22T21:10:07.745-455326-255790,426,true,29.065490941639354,1,1644.6189453481306,1.0,0.991
2026-03-22T21:10:07.745-455326-255790,167,true,2.221192093897581,1,1642.397753254233,1.0,0.988
2026-03-22T21:10:07.745-455326-255790,964,true,9.653087875027326,1,1632.7446653792058,1.0,0.993
2026-03-22T21:10:07.745-455326-255790,280,true,6.487539558387049,1,1626.2571258208188,1.0,0.995
2026-03-22T21:10:07.745-455326-255790,845,true,5.170582232847982,1,1621.086543587971,1.0,0.993
2026-03-22T21:10:07.745-455326-255790,972,true,0.47031803969650343,1,1620.6162255482745,1.0,0.985
2026-03-22T21:10:07.745-455326-255790,398,true,0.27623453010796933,1,1620.3399910181665,1.0,0.988
2026-03-22T21:10:07.745-455326-255790,753,true,0.4327530402976315,1,1619.9072379778688,1.0,0.376
2026-03-22T21:10:07.745-455326-255790,369,true,75.62346101056318,1,1544.2837769673056,1.0,0.43999999999999995
2026-03-22T21:10:07.745-455326-255790,244,false,0.13721410669331202,1,1544.2837769673056,1.0,1.0
2026-03-22T21:10:07.745-455326-255790,240,true,35.71621305395996,1,1508.5675639133456,1.0,0.44099999999999995
2026-03-22T21:10:07.745-455326-255790,839,true,8.552580904619079,1,1500.0149830087264,1.0,0.988
2026-03-22T21:10:07.745-455326-255790,407,true,0.8246894106135699,1,1499.190293598113,1.0,0.99
2026-03-22T21:10:07.745-455326-255790,827,true,7.522285188771767,1,1491.6680084093412,1.0,0.46599999999999997
2026-03-22T21:10:07.745-455326-255790,275,true,3.180941264025023,1,1488.4870671453161,1.0,0.987
2026-03-22T21:10:07.745-455326-255790,510,true,0.47208343774493455,1,1488.0149837075712,1.0,0.621
2026-03-22T21:10:07.745-455326-255790,223,false,0.055806207623726053,1,1488.0149837075712,1.0,1.0
2026-03-22T21:10:07.745-455326-255790,305,true,0.9510648856220506,1,1487.063918821949,1.0,0.608
2026-03-22T21:10:07.745-455326-255790,833,true,1.827384621195261,1,1485.2365342007538,1.0,0.992
2026-03-22T21:10:07.745-455326-255790,965,true,6.5503560930873554,1,1478.6861781076664,1.0,0.627
2026-03-22T21:10:07.745-455326-255790,218,true,4.847251138340362,1,1473.838926969326,1.0,0.43999999999999995
2026-03-22T21:10:07.745-455326-255790,248,true,4.055301564559888,1,1469.783625404766,1.0,0.44099999999999995
2026-03-22T21:10:07.745-455326-255790,260,false,0.15346196187135397,1,1469.783625404766,1.0,1.0
2026-03-22T21:10:07.745-455326-255790,695,true,4.80113271037888,1,1464.9824926943872,1.0,0.46499999999999997
2026-03-22T21:10:07.745-455326-255790,61,true,3.9729552130321286,1,1461.0095374813552,1.0,0.43799999999999994
2026-03-22T21:10:07.745-455326-255790,186,true,55.23226531929677,1,1405.7772721620584,1.0,0.41800000000000004
2026-03-22T21:10:07.745-455326-255790,597,true,0.4257462072893399,1,1405.351525954769,1.0,0.45899999999999996
2026-03-22T21:10:07.745-455326-255790,706,true,1.5396868918338082,1,1403.8118390629352,1.0,0.991
2026-03-22T21:10:07.745-455326-255790,724,true,10.77145239827441,1,1393.0403866646607,1.0,0.994
2026-03-22T21:10:07.745-455326-255790,321,true,1.132730995620484,1,1391.9076556690402,1.0,0.46799999999999997
2026-03-22T21:10:07.745-455326-255790,991,true,5.847180911643443,1,1386.0604747573968,1.0,0.404
2026-03-22T21:10:07.745-455326-255790,904,false,0.1451450431194091,1,1386.0604747573968,1.0,1.0
2026-03-22T21:10:07.745-455326-255790,69,true,11.258059726586927,1,1374.80241503081,1.0,0.993
2026-03-22T21:10:07.745-455326-255790,946,true,7.213026687802827,1,1367.5893883430072,1.0,0.46199999999999997
2026-03-22T21:10:07.745-455326-255790,105,true,0.587666078487881,1,1367.0017222645192,1.0,0.992
2026-03-22T21:10:07.745-455326-255790,815,true,0.5944464204505944,1,1366.4072758440686,1.0,0.46099999999999997
2026-03-22T21:10:07.745-455326-255790,920,true,2.2722264735382276,1,1364.1350493705304,1.0,0.7070000000000001
2026-03-22T21:10:07.745-455326-255790,239,true,0.43208755791326625,1,1363.702961812617,1.0,0.46199999999999997
2026-03-22T21:10:07.745-455326-255790,966,true,749.1372464621942,1,614.5657153504229,1.0,0.0
2026-03-22T21:10:07.745-455326-255790,893,true,3.021306503214421,1,611.5444088472085,1.0,0.46799999999999997
2026-03-22T21:10:07.745-455326-255790,647,true,3.254417210275873,1,608.2899916369327,1.0,0.0
2026-03-22T21:10:07.745-455326-255790,405,true,0.4241500888696707,1,607.865841548063,1.0,0.45199999999999996
2026-03-22T21:10:07.745-455326-255790,29,true,0.5822740373011256,1,607.2835675107619,1.0,0.0
2026-03-22T21:10:07.745-455326-255790,613,true,1.1797586830867803,1,606.1038088276752,1.0,0.475
2026-03-22T21:10:07.745-455326-255790,164,true,0.36742679698373226,1,605.7363820306914,1.0,0.477
2026-03-22T21:10:07.745-455326-255790,763,true,0.8107319242639104,1,604.9256501064275,1.0,0.43600000000000005
2026-03-22T21:10:07.745-455326-255790,478,true,2.7036037505648824,1,602.2220463558626,1.0,0.989
2026-03-22T21:10:07.745-455326-255790,767,true,1.4684038089796931,1,600.7536425468829,1.0,0.45999999999999996
2026-03-22T21:10:07.745-455326-255790,651,true,1.8775971690710036,1,598.8760453778119,1.0,0.45299999999999996
2026-03-22T21:10:07.745-455326-255790,988,true,1.8916467194016968,1,596.9843986584102,1.0,0.476
2026-03-22T21:10:07.745-455326-255790,320,true,0.7263077010598769,1,596.2580909573503,1.0,0.0
2026-03-22T21:10:07.745-455326-255790,836,true,6.557895675307114,1,589.7001952820432,1.0,0.0
2026-03-22T21:10:07.745-455326-255790,863,true,0.3301677176814126,1,589.3700275643617,1.0,0.995
2026-03-22T21:10:07.745-455326-255790,377,true,4.3960815047530195,1,584.9739460596087,1.0,0.44499999999999995
2026-03-22T21:10:07.745-455326-255790,293,true,12.429673561709787,1,572.5442724978989,1.0,0.991
2026-03-22T21:10:07.745-455326-255790,633,true,0.3506901762483065,1,572.1935823216505,1.0,0.99
2026-03-22T21:10:07.745-455326-255790,464,true,0.5778022695522845,1,571.6157800520982,1.0,0.985
2026-03-22T21:10:07.745-455326-255790,480,true,5.134552416069734,1,566.4812276360285,1.0,0.43700000000000006
2026-03-22T21:10:07.745-455326-255790,939,true,1.6991744752668092,1,564.7820531607617,1.0,0.0
2026-03-22T21:10:07.745-455326-255790,1000,true,3.073941433078023,1,561.7081117276837,1.0,0.99
2026-03-22T21:10:07.745-455326-255790,844,true,0.5953849768969843,1,561.1127267507867,1.0,0.633
2026-03-22T21:10:07.745-455326-255790,869,true,7.602417915700556,1,553.5103088350861,1.0,0.993
2026-03-22T21:10:07.745-455326-255790,315,true,4.362220157680314,1,549.1480886774058,1.0,0.483
2026-03-22T21:10:07.745-455326-255790,309,true,22.034334910326283,1,527.1137537670795,1.0,0.992
2026-03-22T21:10:07.745-455326-255790,791,true,3.8634299203010176,1,523.2503238467785,1.0,0.99
2026-03-22T21:10:07.745-455326-255790,795,false,0.11648761909541604,1,523.2503238467785,1.0,1.0
2026-03-22T21:10:07.745-455326-255790,758,true,7.548179543620968,1,515.7021443031575,1.0,0.991
2026-03-22T21:10:07.745-455326-255790,765,true,1.7373541366340322,1,513.9647901665235,1.0,0.0
2026-03-22T21:10:07.745-455326-255790,481,true,2.1832134453507397,1,511.7815767211727,1.0,0.0
2026-03-22T21:10:07.745-455326-255790,621,true,0.572836765918261,1,511.20873995525443,1.0,0.995
2026-03-22T21:10:07.745-455326-255790,30,true,0.7368603819220282,1,510.4718795733324,1.0,0.46299999999999997
2026-03-22T21:10:07.745-455326-255790,2,true,8.614210591033215,1,501.8576689822992,1.0,0.472
2026-03-22T21:10:07.745-455326-255790,511,true,1.0558117163875718,1,500.8018572659116,1.0,0.0
2026-03-22T21:10:07.745-455326-255790,622,true,3.2061512216576857,1,497.5957060442539,1.0,0.495
2026-03-22T21:10:07.745-455326-255790,542,true,2.733848591509713,1,494.8618574527442,1.0,0.99
2026-03-22T21:10:07.745-455326-255790,822,true,59.30918784352646,1,435.55266960921773,1.0,0.44599999999999995
2026-03-22T21:10:07.745-455326-255790,850,true,8.5102672144093,1,427.04240239480845,1.0,0.0010000000000000009
2026-03-22T21:10:07.745-455326-255790,881,true,43.635191942078016,1,383.40721045273045,1.0,0.607
2026-03-22T21:10:07.745-455326-255790,272,true,2.2478045720768187,1,381.15940588065365,1.0,0.474
2026-03-22T21:10:07.745-455326-255790,588,true,23.421511233259803,1,357.73789464739383,1.0,0.625
2026-03-22T21:10:07.745-455326-255790,35,true,2.6388343804923196,1,355.0990602669015,1.0,0.988
2026-03-22T21:10:07.745-455326-255790,990,true,5.877743121103344,1,349.2213171457982,1.0,0.0
2026-03-22T21:10:07.745-455326-255790,75,true,53.97220312614407,1,295.24911401965414,1.0,0.0
2026-03-22T21:10:07.745-455326-255790,324,true,271.17675428756684,1,24.072359732087307,1.0,0.353
2026-03-22T21:10:07.745-455326-255790,826,true,34.1467967992838,1,-10.074437067196492,1.0,0.0010000000000000009
2026-03-22T21:10:07.745-306470-287963,352,false,0.15009157396379322,1,3796.550112798964,1.0,1.0
2026-03-22T21:10:07.745-306470-287963,755,false,1.9422313518531742,1,3796.550112798964,1.0,1.0
2026-03-22T21:10:07.745-306470-287963,355,false,26.275651988256634,1,3796.550112798964,1.0,1.0
2026-03-22T21:10:07.745-306470-287963,350,false,2.2066343697837394,1,3796.550112798964,1.0,1.0
2026-03-22T21:10:07.745-306470-287963,841,false,2.3866864036032576,1,3796.550112798964,1.0,1.0
2026-03-22T21:10:07.745-306470-287963,599,false,3.2747921396012165,1,3796.550112798964,1.0,1.0
2026-03-22T21:10:07.745-306470-287963,808,false,0.7488619818931175,1,3796.550112798964,1.0,1.0
2026-03-22T21:10:07.745-306470-287963,657,false,0.5431202430252028,1,3796.550112798964,1.0,1.0
2026-03-22T21:10:07.745-306470-287963,196,false,17.07845852510467,1,3796.550112798964,1.0,1.0
2026-03-22T21:10:07.745-306470-287963,388,false,0.07397924054987001,1,3796.550112798964,1.0,1.0
2026-03-22T21:10:07.745-306470-287963,13,false,9.257206967324857,1,3796.550112798964,1.0,1.0
2026-03-22T21:10:07.745-306470-287963,620,false,5.115909708369531,1,3796.550112798964,1.0,1.0
2026-03-22T21:10:07.745-306470-287963,517,false,1.9677076909493807,1,3796.550112798964,1.0,1.0
2026-03-22T21:10:07.745-306470-287963,781,false,2.2694027976822126,1,3796.550112798964,1.0,1.0
2026-03-22T21:10:07.745-306470-287963,458,false,8.393371942246986,1,3796.550112798964,1.0,1.0
2026-03-22T21:10:07.745-306470-287963,378,false,5.034607478346039,1,3796.550112798964,1.0,1.0
2026-03-22T21:10:07.745-306470-287963,303,false,0.3373616074628009,1,3796.550112798964,1.0,1.0
2026-03-22T21:10:07.745-306470-287963,456,false,25.269118763298163,1,3796.550112798964,1.0,1.0
2026-03-22T21:10:07.745-306470-287963,780,false,24.167225288451817,1,3796.550112798964,1.0,1.0
2026-03-22T21:10:07.745-306470-287963,436,false,12.16261274452484,1,3796.550112798964,1.0,1.0
2026-03-22T21:10:07.745-306470-287963,335,false,1.8973384798742259,1,3796.550112798964,1.0,1.0
2026-03-22T21:10:07.745-306470-287963,881,true,1.3932595038538633,1,3795.1568532951105,1.0,0.851
2026-03-22T21:10:07.745-306470-287963,542,false,2.3969930351932764,1,3795.1568532951105,1.0,1.0
2026-03-22T21:10:07.745-306470-287963,157,false,0.014879650496411602,1,3795.1568532951105,1.0,1.0
2026-03-22T21:10:07.745-306470-287963,687,false,247.956147042013,1,3795.1568532951105,1.0,1.0
2026-03-22T21:10:07.745-306470-287963,194,false,6.76823293395174,1,3795.1568532951105,1.0,1.0
2026-03-22T21:10:07.745-306470-287963,658,false,0.3174819431400819,1,3795.1568532951105,1.0,1.0
2026-03-22T21:10:07.745-306470-287963,879,true,5.961579788346774,1,3789.195273506764,1.0,0.0020000000000000018
2026-03-22T21:10:07.745-306470-287963,976,false,4.249349057800708,1,3789.195273506764,1.0,1.0
2026-03-22T21:10:07.745-306470-287963,758,false,0.6082835280412063,1,3789.195273506764,1.0,1.0
2026-03-22T21:10:07.745-306470-287963,844,false,15.421779695505716,1,3789.195273506764,1.0,1.0
2026-03-22T21:10:07.745-306470-287963,592,false,2.3273183654178706,1,3789.195273506764,1.0,1.0
2026-03-22T21:10:07.745-306470-287963,596,false,36.47793386727565,1,3789.195273506764,1.0,1.0
2026-03-22T21:10:07.745-306470-287963,46,false,1.3882501355943115,1,3789.195273506764,1.0,1.0
2026-03-22T21:10:07.745-306470-287963,570,false,5.710743400178645,1,3789.195273506764,1.0,1.0
2026-03-22T21:10:07.745-306470-287963,701,false,2.7656655586551953,1,3789.195273506764,1.0,1.0
2026-03-22T21:10:07.745-306470-287963,110,false,1.316870391872028,1,3789.195273506764,1.0,1.0
2026-03-22T21:10:07.745-306470-287963,682,false,1.1785670375668245,1,3789.195273506764,1.0,1.0
2026-03-22T21:10:07.745-306470-287963,126,false,73.67876201600684,1,3789.195273506764,1.0,1.0
2026-03-22T21:10:07.745-306470-287963,561,false,0.07829341118950092,1,3789.195273506764,1.0,1.0
2026-03-22T21:10:07.745-306470-287963,912,false,3.1860918418629116,1,3789.195273506764,1.0,1.0
2026-03-22T21:10:07.745-306470-287963,516,false,4.91444134522495,1,3789.195273506764,1.0,1.0
2026-03-22T21:10:07.745-306470-287963,177,false,1.0037303157440554,1,3789.195273506764,1.0,1.0
2026-03-22T21:10:07.745-306470-287963,792,false,0.017197978147695414,1,3789.195273506764,1.0,1.0
2026-03-22T21:10:07.745-306470-287963,863,false,40.932990221599674,1,3789.195273506764,1.0,1.0
2026-03-22T21:10:07.745-306470-287963,381,false,4.631914416549218,1,3789.195273506764,1.0,1.0
2026-03-22T21:10:07.745-306470-287963,651,false,0.42976758268191695,1,3789.195273506764,1.0,1.0
2026-03-22T21:10:07.745-306470-287963,590,false,0.863627857079405,1,3789.195273506764,1.0,1.0
2026-03-22T21:10:07.745-306470-287963,457,false,5.081670120581521,1,3789.195273506764,1.0,1.0
2026-03-22T21:10:07.745-306470-287963,815,false,3.5439446100671446,1,3789.195273506764,1.0,1.0
2026-03-22T21:10:07.745-306470-287963,668,false,4.267785776539625,1,3789.195273506764,1.0,1.0
2026-03-22T21:10:07.745-306470-287963,498,false,0.39897788561502173,1,3789.195273506764,1.0,1.0
2026-03-22T21:10:07.745-306470-287963,680,false,1.135617982323655,1,3789.195273506764,1.0,1.0
2026-03-22T21:10:07.745-306470-287963,926,false,19.948291597759432,1,3789.195273506764,1.0,1.0
2026-03-22T21:10:07.745-306470-287963,459,false,1.6465091872067001,1,3789.195273506764,1.0,1.0
2026-03-22T21:10:07.745-306470-287963,375,false,20.728612056029192,1,3789.195273506764,1.0,1.0
2026-03-22T21:10:07.745-306470-287963,480,false,0.36327515516135184,1,3789.195273506764,1.0,1.0
2026-03-22T21:10:07.745-306470-287963,964,false,10.170583900217002,1,3789.195273506764,1.0,1.0
2026-03-22T21:10:07.745-306470-287963,323,false,2.899316630931777,1,3789.195273506764,1.0,1.0
2026-03-22T21:10:07.745-306470-287963,800,false,0.11201984645373907,1,3789.195273506764,1.0,1.0
2026-03-22T21:10:07.745-306470-287963,349,false,8.289081745103758,1,3789.195273506764,1.0,1.0
2026-03-22T21:10:07.745-306470-287963,799,false,31.10985782103056,1,3789.195273506764,1.0,1.0
2026-03-22T21:10:07.745-306470-287963,696,false,0.4336237415325325,1,3789.195273506764,1.0,1.0
2026-03-22T21:10:07.745-306470-287963,951,false,0.15429205470033946,1,3789.195273506764,1.0,1.0
2026-03-22T21:10:07.745-306470-287963,281,false,0.2556606223992947,1,3789.195273506764,1.0,1.0
2026-03-22T21:10:07.745-306470-287963,192,false,1.7358335524731492,1,3789.195273506764,1.0,1.0
2026-03-22T21:10:07.745-306470-287963,936,false,1.329619910596033,1,3789.195273506764,1.0,1.0
2026-03-22T21:10:07.745-306470-287963,617,false,0.6724918478369932,1,3789.195273506764,1.0,1.0
2026-03-22T21:10:07.745-306470-287963,26,false,0.026831666797777712,1,3789.195273506764,1.0,1.0
2026-03-22T21:10:07.745-306470-287963,189,false,2.5721839173062966,1,3789.195273506764,1.0,1.0
2026-03-22T21:10:07.745-306470-287963,35,false,10.737274935748232,1,3789.195273506764,1.0,1.0
2026-03-22T21:10:07.745-306470-287963,92,false,26.823404580350786,1,3789.195273506764,1.0,1.0
2026-03-22T21:10:07.745-306470-287963,548,false,12.08962868939768,1,3789.195273506764,1.0,1.0
2026-03-22T21:10:07.745-306470-287963,25,false,1.6603879273351254,1,3789.195273506764,1.0,1.0
2026-03-22T21:10:07.745-306470-287963,979,false,0.8327603102736938,1,3789.195273506764,1.0,1.0
2026-03-22T21:10:07.745-306470-287963,164,false,7.1823132371904395,1,3789.195273506764,1.0,1.0
2026-03-22T21:10:07.745-306470-287963,939,false,4.332690066116355,1,3789.195273506764,1.0,1.0
2026-03-22T21:10:07.745-306470-287963,670,false,625.308218570759,1,3789.195273506764,1.0,1.0
2026-03-22T21:10:07.745-306470-287963,711,true,13.269979292922441,1,3775.9252942138414,1.0,0.999
2026-03-22T21:10:07.745-306470-287963,4,false,22.36948429031452,1,3775.9252942138414,1.0,1.0
2026-03-22T21:10:07.745-306470-287963,233,false,1.2325526399242597,1,3775.9252942138414,1.0,1.0
2026-03-22T21:10:07.745-306470-287963,956,false,2.573712937827829,1,3775.9252942138414,1.0,1.0
2026-03-22T21:10:07.745-306470-287963,605,false,1.277429612735912,1,3775.9252942138414,1.0,1.0
2026-03-22T21:10:07.745-306470-287963,396,false,194.26471149346614,1,3775.9252942138414,1.0,1.0
2026-03-22T21:10:07.745-306470-287963,988,false,0.8557016818454652,1,3775.9252942138414,1.0,1.0
2026-03-22T21:10:07.745-306470-287963,906,false,1.3986470920008298,1,3775.9252942138414,1.0,1.0
2026-03-22T21:10:07.745-306470-287963,158,false,6.627455347232708,1,3775.9252942138414,1.0,1.0
2026-03-22T21:10:07.745-306470-287963,77,false,15.66875931812166,1,3775.9252942138414,1.0,1.0
2026-03-22T21:10:07.745-306470-287963,582,true,21.177913569072604,1,3754.747380644769,1.0,0.999
2026-03-22T21:10:07.745-306470-287963,243,false,34.855838661331745,1,3754.747380644769,1.0,1.0
2026-03-22T21:10:07.745-306470-287963,797,false,0.49509673978179886,1,3754.747380644769,1.0,1.0
2026-03-22T21:10:07.745-306470-287963,717,false,0.17889547384518759,1,3754.747380644769,1.0,1.0
2026-03-22T21:10:07.745-306470-287963,877,true,11.543668360175932,1,3743.2037122845927,1.0,0.6930000000000001
2026-03-22T21:10:07.745-306470-287963,983,false,0.846262875119938,1,3743.2037122845927,1.0,1.0
2026-03-22T21:10:07.745-306470-287963,330,false,0.7774805105994698,1,3743.2037122845927,1.0,1.0
2026-03-22T21:10:07.745-306470-287963,597,false,2.0197122507243197,1,3743.2037122845927,1.0,1.0
2026-03-22T21:10:07.745-306470-287963,848,false,108.20114534832037,1,3743.2037122845927,1.0,1.0
2026-03-22T21:10:07.745-306470-287963,329,false,76.55376945898442,1,3743.2037122845927,1.0,1.0
2026-03-22T21:10:07.745-306470-287963,479,false,0.19130410638430131,1,3743.2037122845927,1.0,1.0
2026-03-22T21:10:07.745-306470-287963,973,false,0.20512868049730074,1,3743.2037122845927,1.0,1.0
2026-03-22T21:10:07.745-306470-287963,985,false,1.215588655280294,1,3743.2037122845927,1.0,1.0
2026-03-22T21:10:07.745-306470-287963,895,false,3.7710587538019977,1,3743.2037122845927,1.0,1.0
2026-03-22T21:10:07.745-306470-287963,417,false,69.99531840381661,1,3743.2037122845927,1.0,1.0
2026-03-22T21:10:07.745-306470-287963,10,false,2.2334730381410326,1,3743.2037122845927,1.0,1.0
2026-03-22T21:10:07.745-306470-287963,847,false,0.1285905610397327,1,3743.2037122845927,1.0,1.0
2026-03-22T21:10:07.745-306470-287963,554,false,2.551086002831978,1,3743.2037122845927,1.0,1.0
2026-03-22T21:10:07.745-306470-287963,633,false,1.6630833348522034,1,3743.2037122845927,1.0,1.0
2026-03-22T21:10:07.745-306470-287963,595,false,0.25036271556000417,1,3743.2037122845927,1.0,1.0
2026-03-22T21:10:07.745-306470-287963,594,false,2.3526626412718157,1,3743.2037122845927,1.0,1.0
2026-03-22T21:10:07.745-306470-287963,113,false,87.8797962241374,1,3743.2037122845927,1.0,1.0
2026-03-22T21:10:07.745-306470-287963,537,false,72.05439935673081,1,3743.2037122845927,1.0,1.0
2026-03-22T21:10:07.745-306470-287963,707,false,15.027442065047188,1,3743.2037122845927,1.0,1.0
2026-03-22T21:10:07.745-306470-287963,813,false,5.305981136014729,1,3743.2037122845927,1.0,1.0
2026-03-22T21:10:07.745-306470-287963,2,false,1.0124591892564863,1,3743.2037122845927,1.0,1.0
2026-03-22T21:10:07.745-306470-287963,507,false,0.8369596877403958,1,3743.2037122845927,1.0,1.0
2026-03-22T21:10:07.745-306470-287963,441,false,0.37470476623936966,1,3743.2037122845927,1.0,1.0
2026-03-22T21:10:07.745-306470-287963,559,false,0.20173282154834812,1,3743.2037122845927,1.0,1.0
2026-03-22T21:10:07.745-306470-287963,753,false,0.11391520726364249,1,3743.2037122845927,1.0,1.0
2026-03-22T21:10:07.745-306470-287963,324,false,1.3520246686719197,1,3743.2037122845927,1.0,1.0
2026-03-22T21:10:07.745-306470-287963,673,false,4.562623142212451,1,3743.2037122845927,1.0,1.0
2026-03-22T21:10:07.745-306470-287963,783,false,4.011973209070208,1,3743.2037122845927,1.0,1.0
2026-03-22T21:10:07.745-306470-287963,987,false,0.4808792551915372,1,3743.2037122845927,1.0,1.0
2026-03-22T21:10:07.745-306470-287963,466,false,17.388688675232753,1,3743.2037122845927,1.0,1.0
2026-03-22T21:10:07.745-306470-287963,894,false,3.789005013536959,1,3743.2037122845927,1.0,1.0
2026-03-22T21:10:07.745-306470-287963,392,false,12.865099065056526,1,3743.2037122845927,1.0,1.0
2026-03-22T21:10:07.745-306470-287963,439,false,4.305320574203382,1,3743.2037122845927,1.0,1.0
2026-03-22T21:10:07.745-306470-287963,816,false,11.959006375859996,1,3743.2037122845927,1.0,1.0
2026-03-22T21:10:07.745-306470-287963,738,false,0.18513430661191693,1,3743.2037122845927,1.0,1.0
2026-03-22T21:10:07.745-306470-287963,275,false,0.270303774782326,1,3743.2037122845927,1.0,1.0
2026-03-22T21:10:07.745-306470-287963,41,false,2.763937212431802,1,3743.2037122845927,1.0,1.0
2026-03-22T21:10:07.745-306470-287963,229,false,9.035327179191954,1,3743.2037122845927,1.0,1.0
2026-03-22T21:10:07.745-306470-287963,966,false,0.4250529227303376,1,3743.2037122845927,1.0,1.0
2026-03-22T21:10:07.745-306470-287963,18,false,2.2919669564981997,1,3743.2037122845927,1.0,1.0
2026-03-22T21:10:07.745-306470-287963,410,false,1.3595676790607456,1,3743.2037122845927,1.0,1.0
2026-03-22T21:10:07.745-306470-287963,587,false,51.67046832197618,1,3743.2037122845927,1.0,1.0
2026-03-22T21:10:07.745-306470-287963,577,false,4.71991893326357,1,3743.2037122845927,1.0,1.0
2026-03-22T21:10:07.745-306470-287963,82,false,4.67272288092273,1,3743.2037122845927,1.0,1.0
2026-03-22T21:10:07.745-306470-287963,861,false,6.659165150966899,1,3743.2037122845927,1.0,1.0
2026-03-22T21:10:07.745-306470-287963,348,false,24.94342324598658,1,3743.2037122845927,1.0,1.0
2026-03-22T21:10:07.745-306470-287963,539,false,12.109236039343237,1,3743.2037122845927,1.0,1.0
2026-03-22T21:10:07.745-306470-287963,557,false,16.04435066300026,1,3743.2037122845927,1.0,1.0
2026-03-22T21:10:07.745-306470-287963,775,false,4.548648854185988,1,3743.2037122845927,1.0,1.0
2026-03-22T21:10:07.745-306470-287963,448,false,4.6332953878277685,1,3743.2037122845927,1.0,1.0
2026-03-22T21:10:07.745-306470-287963,70,false,34.748084232236295,1,3743.2037122845927,1.0,1.0
2026-03-22T21:10:07.745-306470-287963,20,false,0.7112385842725403,1,3743.2037122845927,1.0,1.0
2026-03-22T21:10:07.745-306470-287963,946,false,3.681442031655626,1,3743.2037122845927,1.0,1.0
2026-03-22T21:10:07.745-306470-287963,166,false,0.8680981205375208,1,3743.2037122845927,1.0,1.0
2026-03-22T21:10:07.745-306470-287963,176,false,0.6056786469456098,1,3743.2037122845927,1.0,1.0
2026-03-22T21:10:07.745-306470-287963,769,false,5.3870555942556635,1,3743.2037122845927,1.0,1.0
2026-03-22T21:10:07.745-306470-287963,44,false,8.854124472756025,1,3743.2037122845927,1.0,1.0
2026-03-22T21:10:07.745-306470-287963,414,false,4.237111267138292,1,3743.2037122845927,1.0,1.0
2026-03-22T21:10:07.745-306470-287963,904,false,31.8280786340371,1,3743.2037122845927,1.0,1.0
2026-03-22T21:10:07.745-306470-287963,127,false,1.5860276008369352,1,3743.2037122845927,1.0,1.0
2026-03-22T21:10:07.745-306470-287963,878,true,37.893905705842805,1,3705.30980657875,1.0,0.0
2026-03-22T21:10:07.745-306470-287963,801,false,5.257525356544034,1,3705.30980657875,1.0,1.0
2026-03-22T21:10:07.745-306470-287963,752,false,12.498404420709374,1,3705.30980657875,1.0,1.0
2026-03-22T21:10:07.745-306470-287963,941,false,11.162332863970775,1,3705.30980657875,1.0,1.0
2026-03-22T21:10:07.745-306470-287963,664,false,0.04050248273495601,1,3705.30980657875,1.0,1.0
2026-03-22T21:10:07.745-306470-287963,953,false,0.04121873399192991,1,3705.30980657875,1.0,1.0
2026-03-22T21:10:07.745-306470-287963,168,false,4.681586517462168,1,3705.30980657875,1.0,1.0
2026-03-22T21:10:07.745-306470-287963,272,false,13.41151027113721,1,3705.30980657875,1.0,1.0
2026-03-22T21:10:07.745-306470-287963,389,false,1.229662745039511,1,3705.30980657875,1.0,1.0
2026-03-22T21:10:07.745-306470-287963,541,false,997.4648777948793,1,3705.30980657875,1.0,1.0
2026-03-22T21:10:07.745-306470-287963,174,false,0.023885703285328973,1,3705.30980657875,1.0,1.0
2026-03-22T21:10:07.745-306470-287963,103,false,1.969947385342843,1,3705.30980657875,1.0,1.0
2026-03-22T21:10:07.745-306470-287963,141,false,0.4671498220195218,1,3705.30980657875,1.0,1.0
2026-03-22T21:10:07.745-306470-287963,201,false,10.152704244633808,1,3705.30980657875,1.0,1.0
2026-03-22T21:10:07.745-306470-287963,760,false,27.416805130659355,1,3705.30980657875,1.0,1.0
2026-03-22T21:10:07.745-306470-287963,773,false,0.5350034003896338,1,3705.30980657875,1.0,1.0
2026-03-22T21:10:07.745-306470-287963,784,false,0.032276042690617054,1,3705.30980657875,1.0,1.0
2026-03-22T21:10:07.745-306470-287963,409,false,1.3471430865061305,1,3705.30980657875,1.0,1.0
2026-03-22T21:10:07.745-306470-287963,686,false,21.783636795189693,1,3705.30980657875,1.0,1.0
2026-03-22T21:10:07.745-306470-287963,915,false,5.112385206622479,1,3705.30980657875,1.0,1.0
2026-03-22T21:10:07.745-306470-287963,908,false,1.3722731333223324,1,3705.30980657875,1.0,1.0
2026-03-22T21:10:07.745-306470-287963,445,false,0.3604154014702086,1,3705.30980657875,1.0,1.0
2026-03-22T21:10:07.745-306470-287963,310,false,0.4456442284698077,1,3705.30980657875,1.0,1.0
2026-03-22T21:10:07.745-306470-287963,438,false,23.08407624490266,1,3705.30980657875,1.0,1.0
2026-03-22T21:10:07.745-306470-287963,565,false,2.6386581625048846,1,3705.30980657875,1.0,1.0
2026-03-22T21:10:07.745-306470-287963,123,false,0.5155245538950954,1,3705.30980657875,1.0,1.0
2026-03-22T21:10:07.745-306470-287963,499,false,9.072092131826626,1,3705.30980657875,1.0,1.0
2026-03-22T21:10:07.745-306470-287963,464,false,60.77839879094486,1,3705.30980657875,1.0,1.0
2026-03-22T21:10:07.745-306470-287963,347,false,2.6252276250858237,1,3705.30980657875,1.0,1.0
2026-03-22T21:10:07.745-306470-287963,147,false,0.3897422256636567,1,3705.30980657875,1.0,1.0
2026-03-22T21:10:07.745-306470-287963,162,false,3.8677476656012937,1,3705.30980657875,1.0,1.0
2026-03-22T21:10:07.745-306470-287963,253,false,40.24787167196677,1,3705.30980657875,1.0,1.0
2026-03-22T21:10:07.745-306470-287963,642,false,0.5298972899506708,1,3705.30980657875,1.0,1.0
2026-03-22T21:10:07.745-306470-287963,333,false,68.01633407807812,1,3705.30980657875,1.0,1.0
2026-03-22T21:10:07.745-306470-287963,259,false,0.36059782910665944,1,3705.30980657875,1.0,1.0
2026-03-22T21:10:07.745-306470-287963,65,false,0.05488676644312715,1,3705.30980657875,1.0,1.0
2026-03-22T21:10:07.745-306470-287963,777,false,10.401953928554066,1,3705.30980657875,1.0,1.0
2026-03-22T21:10:07.745-306470-287963,69,false,0.47163785861742735,1,3705.30980657875,1.0,1.0
2026-03-22T21:10:07.745-306470-287963,933,false,2.3880967005988283,1,3705.30980657875,1.0,1.0
2026-03-22T21:10:07.745-306470-287963,304,false,1.3460947487518098,1,3705.30980657875,1.0,1.0
2026-03-22T21:10:07.745-306470-287963,58,false,20.295614440507148,1,3705.30980657875,1.0,1.0
2026-03-22T21:10:07.745-306470-287963,180,false,4.178094804216122,1,3705.30980657875,1.0,1.0
2026-03-22T21:10:07.745-306470-287963,965,false,0.6347508109183375,1,3705.30980657875,1.0,1.0
2026-03-22T21:10:07.745-306470-287963,66,false,1.1616883846461679,1,3705.30980657875,1.0,1.0
2026-03-22T21:10:07.745-306470-287963,361,false,0.0454446335490605,1,3705.30980657875,1.0,1.0
2026-03-22T21:10:07.745-306470-287963,791,false,10.59352826055162,1,3705.30980657875,1.0,1.0
2026-03-22T21:10:07.745-306470-287963,78,false,1.6111031727451364,1,3705.30980657875,1.0,1.0
2026-03-22T21:10:07.745-306470-287963,172,false,1.61324112898815,1,3705.30980657875,1.0,1.0
2026-03-22T21:10:07.745-306470-287963,371,false,1.592932722278015,1,3705.30980657875,1.0,1.0
2026-03-22T21:10:07.745-306470-287963,613,false,9.079648645999903,1,3705.30980657875,1.0,1.0
2026-03-22T21:10:07.745-306470-287963,366,true,31.383854922361994,1,3673.925951656388,1.0,0.6990000000000001
2026-03-22T21:10:07.745-306470-287963,886,false,9.073175818523632,1,3673.925951656388,1.0,1.0
2026-03-22T21:10:07.745-306470-287963,995,false,20.228662378933162,1,3673.925951656388,1.0,1.0
2026-03-22T21:10:07.745-306470-287963,639,false,0.38446739024827337,1,3673.925951656388,1.0,1.0
2026-03-22T21:10:07.745-306470-287963,533,false,0.31064950490456106,1,3673.925951656388,1.0,1.0
2026-03-22T21:10:07.745-306470-287963,51,false,130.55894041465842,1,3673.925951656388,1.0,1.0
2026-03-22T21:10:07.745-306470-287963,186,false,0.7664546987166238,1,3673.925951656388,1.0,1.0
2026-03-22T21:10:07.745-306470-287963,695,false,3.229888746308792,1,3673.925951656388,1.0,1.0
2026-03-22T21:10:07.745-306470-287963,860,false,2.8406231693872837,1,3673.925951656388,1.0,1.0
2026-03-22T21:10:07.745-306470-287963,454,false,116.11063762198752,1,3673.925951656388,1.0,1.0
2026-03-22T21:10:07.745-306470-287963,175,false,22.63632166353267,1,3673.925951656388,1.0,1.0
2026-03-22T21:10:07.745-306470-287963,362,true,77.82326948480298,1,3596.102682171585,1.0,0.702
2026-03-22T21:10:07.745-306470-287963,415,false,11.016944525600023,1,3596.102682171585,1.0,1.0
2026-03-22T21:10:07.745-306470-287963,919,false,1.1224616398929435,1,3596.102682171585,1.0,1.0
2026-03-22T21:10:07.745-306470-287963,518,false,6.800830742882721,1,3596.102682171585,1.0,1.0
2026-03-22T21:10:07.745-306470-287963,646,false,2.1661090203783884,1,3596.102682171585,1.0,1.0
2026-03-22T21:10:07.745-306470-287963,503,false,2.4883993676744356,1,3596.102682171585,1.0,1.0
2026-03-22T21:10:07.745-306470-287963,327,false,0.5765881955809888,1,3596.102682171585,1.0,1.0
2026-03-22T21:10:07.745-306470-287963,102,false,0.06230335906278018,1,3596.102682171585,1.0,1.0
2026-03-22T21:10:07.745-306470-287963,376,false,1.4164497349753509,1,3596.102682171585,1.0,1.0
2026-03-22T21:10:07.745-306470-287963,234,false,1.4434501919333789,1,3596.102682171585,1.0,1.0
2026-03-22T21:10:07.745-306470-287963,641,false,10.301094623264214,1,3596.102682171585,1.0,1.0
2026-03-22T21:10:07.745-306470-287963,632,false,16.839393859523522,1,3596.102682171585,1.0,1.0
2026-03-22T21:10:07.745-306470-287963,870,false,13.92643655504969,1,3596.102682171585,1.0,1.0
2026-03-22T21:10:07.745-306470-287963,572,false,3.422712453707416,1,3596.102682171585,1.0,1.0
2026-03-22T21:10:07.745-306470-287963,970,false,0.23665250643158078,1,3596.102682171585,1.0,1.0
2026-03-22T21:10:07.745-306470-287963,217,false,3.2905275582086038,1,3596.102682171585,1.0,1.0
2026-03-22T21:10:07.745-306470-287963,515,false,2.725152655368621,1,3596.102682171585,1.0,1.0
2026-03-22T21:10:07.745-306470-287963,832,false,7.623290859709899,1,3596.102682171585,1.0,1.0
2026-03-22T21:10:07.745-306470-287963,29,false,0.31399940240457863,1,3596.102682171585,1.0,1.0
2026-03-22T21:10:07.745-306470-287963,674,false,0.17737833420804636,1,3596.102682171585,1.0,1.0
2026-03-22T21:10:07.745-306470-287963,938,false,3.989804451530277,1,3596.102682171585,1.0,1.0
2026-03-22T21:10:07.745-306470-287963,296,false,0.7194793597328828,1,3596.102682171585,1.0,1.0
2026-03-22T21:10:07.745-306470-287963,774,false,1.1305009893675895,1,3596.102682171585,1.0,1.0
2026-03-22T21:10:07.745-306470-287963,137,false,0.037451495759419653,1,3596.102682171585,1.0,1.0
2026-03-22T21:10:07.745-306470-287963,235,false,1.9742625665582816,1,3596.102682171585,1.0,1.0
2026-03-22T21:10:07.745-306470-287963,600,false,9.286618942950788,1,3596.102682171585,1.0,1.0
2026-03-22T21:10:07.745-306470-287963,833,false,6.8823472215605,1,3596.102682171585,1.0,1.0
2026-03-22T21:10:07.745-306470-287963,298,false,0.05296599084730334,1,3596.102682171585,1.0,1.0
2026-03-22T21:10:07.745-306470-287963,943,false,3.8549215553721528,1,3596.102682171585,1.0,1.0
2026-03-22T21:10:07.745-306470-287963,374,false,6.303194466646583,1,3596.102682171585,1.0,1.0
2026-03-22T21:10:07.745-306470-287963,713,true,4.026891812107857,1,3592.075790359477,1.0,0.6990000000000001
2026-03-22T21:10:07.745-306470-287963,947,false,9.823106078030703,1,3592.075790359477,1.0,1.0
2026-03-22T21:10:07.745-306470-287963,962,false,37.11755066368949,1,3592.075790359477,1.0,1.0
2026-03-22T21:10:07.745-306470-287963,163,false,0.6799890255066504,1,3592.075790359477,1.0,1.0
2026-03-22T21:10:07.745-306470-287963,463,false,1.2331278327027386,1,3592.075790359477,1.0,1.0
2026-03-22T21:10:07.745-306470-287963,705,false,13.264646526632497,1,3592.075790359477,1.0,1.0
2026-03-22T21:10:07.745-306470-287963,981,false,0.15209048012309018,1,3592.075790359477,1.0,1.0
2026-03-22T21:10:07.745-306470-287963,179,false,1.0421093144407143,1,3592.075790359477,1.0,1.0
2026-03-22T21:10:07.745-306470-287963,143,false,9.835910534532552,1,3592.075790359477,1.0,1.0
2026-03-22T21:10:07.745-306470-287963,931,false,1.2164141362026724,1,3592.075790359477,1.0,1.0
2026-03-22T21:10:07.745-306470-287963,74,false,13.33227752214652,1,3592.075790359477,1.0,1.0
2026-03-22T21:10:07.745-306470-287963,811,false,11.659650549678403,1,3592.075790359477,1.0,1.0
2026-03-22T21:10:07.745-306470-287963,318,false,2.9232620207098416,1,3592.075790359477,1.0,1.0
2026-03-22T21:10:07.745-306470-287963,435,false,2.1032155045660823,1,3592.075790359477,1.0,1.0
2026-03-22T21:10:07.745-306470-287963,843,false,26.19013212215437,1,3592.075790359477,1.0,1.0
2026-03-22T21:10:07.745-306470-287963,615,false,3.191490124315299,1,3592.075790359477,1.0,1.0
2026-03-22T21:10:07.745-306470-287963,138,false,0.7180692703400321,1,3592.075790359477,1.0,1.0
2026-03-22T21:10:07.745-306470-287963,339,false,0.5784733012711613,1,3592.075790359477,1.0,1.0
2026-03-22T21:10:07.745-306470-287963,724,false,2.543127529446701,1,3592.075790359477,1.0,1.0
2026-03-22T21:10:07.745-306470-287963,511,false,2.4532691099119663,1,3592.075790359477,1.0,1.0
2026-03-22T21:10:07.745-306470-287963,626,false,4.109020871389726,1,3592.075790359477,1.0,1.0
2026-03-22T21:10:07.745-306470-287963,591,false,5.1711690693675445,1,3592.075790359477,1.0,1.0
2026-03-22T21:10:07.745-306470-287963,748,false,3.4663072372929196,1,3592.075790359477,1.0,1.0
2026-03-22T21:10:07.745-306470-287963,221,false,10.330938165985089,1,3592.075790359477,1.0,1.0
2026-03-22T21:10:07.745-306470-287963,273,false,11.63048058862244,1,3592.075790359477,1.0,1.0
2026-03-22T21:10:07.745-306470-287963,790,false,11.234591852310679,1,3592.075790359477,1.0,1.0
2026-03-22T21:10:07.745-306470-287963,573,false,0.7584684496944787,1,3592.075790359477,1.0,1.0
2026-03-22T21:10:07.745-306470-287963,949,false,37.19212237984747,1,3592.075790359477,1.0,1.0
2026-03-22T21:10:07.745-306470-287963,971,false,31.848309470955943,1,3592.075790359477,1.0,1.0
2026-03-22T21:10:07.745-306470-287963,896,false,0.12139684144403523,1,3592.075790359477,1.0,1.0
2026-03-22T21:10:07.745-306470-287963,202,false,0.34668798646757937,1,3592.075790359477,1.0,1.0
2026-03-22T21:10:07.745-306470-287963,45,false,6.039441871695574,1,3592.075790359477,1.0,1.0
2026-03-22T21:10:07.745-306470-287963,850,false,23.68945779329216,1,3592.075790359477,1.0,1.0
2026-03-22T21:10:07.745-306470-287963,265,false,0.2914708775861527,1,3592.075790359477,1.0,1.0
2026-03-22T21:10:07.745-306470-287963,283,false,3.10221816456602,1,3592.075790359477,1.0,1.0
2026-03-22T21:10:07.745-306470-287963,959,false,0.643815378374547,1,3592.075790359477,1.0,1.0
2026-03-22T21:10:07.745-306470-287963,391,false,3.848200512672071,1,3592.075790359477,1.0,1.0
2026-03-22T21:10:07.745-306470-287963,405,false,10.511290207292642,1,3592.075790359477,1.0,1.0
2026-03-22T21:10:07.745-306470-287963,314,false,7.014562367110955,1,3592.075790359477,1.0,1.0
2026-03-22T21:10:07.745-306470-287963,161,false,2.48590681174818,1,3592.075790359477,1.0,1.0
2026-03-22T21:10:07.745-306470-287963,710,true,8.137221673065644,1,3583.9385686864116,1.0,0.0020000000000000018
2026-03-22T21:10:07.745-306470-287963,32,false,0.820641250999208,1,3583.9385686864116,1.0,1.0
2026-03-22T21:10:07.745-306470-287963,250,true,7.37999416540718,1,3576.5585745210046,1.0,0.905
2026-03-22T21:10:07.745-306470-287963,650,false,0.722948475765998,1,3576.5585745210046,1.0,1.0
2026-03-22T21:10:07.745-306470-287963,821,false,22.4809317296092,1,3576.5585745210046,1.0,1.0
2026-03-22T21:10:07.745-306470-287963,173,false,1.2815282559784043,1,3576.5585745210046,1.0,1.0
2026-03-22T21:10:07.745-306470-287963,728,false,0.3805956823865515,1,3576.5585745210046,1.0,1.0
2026-03-22T21:10:07.745-306470-287963,64,false,1003.3983698421481,1,3576.5585745210046,1.0,1.0
2026-03-22T21:10:07.745-306470-287963,519,false,15.170868353583767,1,3576.5585745210046,1.0,1.0
2026-03-22T21:10:07.745-306470-287963,917,false,1.7641246072252241,1,3576.5585745210046,1.0,1.0
2026-03-22T21:10:07.745-306470-287963,827,false,52.78026732229975,1,3576.5585745210046,1.0,1.0
2026-03-22T21:10:07.745-306470-287963,742,false,90.07470430648573,1,3576.5585745210046,1.0,1.0
2026-03-22T21:10:07.745-306470-287963,796,false,5.296841494322285,1,3576.5585745210046,1.0,1.0
2026-03-22T21:10:07.745-306470-287963,19,false,1.2149918851718362,1,3576.5585745210046,1.0,1.0
2026-03-22T21:10:07.745-306470-287963,11,false,7.753841956520938,1,3576.5585745210046,1.0,1.0
2026-03-22T21:10:07.745-306470-287963,685,false,1.1797255678877767,1,3576.5585745210046,1.0,1.0
2026-03-22T21:10:07.745-306470-287963,853,false,0.45548754306986455,1,3576.5585745210046,1.0,1.0
2026-03-22T21:10:07.745-306470-287963,134,false,1.0452943491984807,1,3576.5585745210046,1.0,1.0
2026-03-22T21:10:07.745-306470-287963,916,false,0.09443174253738859,1,3576.5585745210046,1.0,1.0
2026-03-22T21:10:07.745-306470-287963,795,false,0.5436518153201697,1,3576.5585745210046,1.0,1.0
2026-03-22T21:10:07.745-306470-287963,903,false,4.657769333748462,1,3576.5585745210046,1.0,1.0
2026-03-22T21:10:07.745-306470-287963,16,false,8.330504618428591,1,3576.5585745210046,1.0,1.0
2026-03-22T21:10:07.745-306470-287963,305,false,3.3417503689299273,1,3576.5585745210046,1.0,1.0
2026-03-22T21:10:07.745-306470-287963,504,false,4.010683042633171,1,3576.5585745210046,1.0,1.0
2026-03-22T21:10:07.745-306470-287963,950,false,75.52445293280842,1,3576.5585745210046,1.0,1.0
2026-03-22T21:10:07.745-306470-287963,588,false,5.305189736309646,1,3576.5585745210046,1.0,1.0
2026-03-22T21:10:07.745-306470-287963,292,false,1.6924924203953775,1,3576.5585745210046,1.0,1.0
2026-03-22T21:10:07.745-306470-287963,449,false,3.065291019820431,1,3576.5585745210046,1.0,1.0
2026-03-22T21:10:07.745-306470-287963,712,true,3.7687134591802676,1,3572.7898610618245,1.0,0.0
2026-03-22T21:10:07.745-306470-287963,484,false,0.20896894628420426,1,3572.7898610618245,1.0,1.0
2026-03-22T21:10:07.745-306470-287963,398,false,1.003428576904679,1,3572.7898610618245,1.0,1.0
2026-03-22T21:10:07.745-306470-287963,258,false,14.854061013060308,1,3572.7898610618245,1.0,1.0
2026-03-22T21:10:07.745-306470-287963,215,false,0.1387281972921988,1,3572.7898610618245,1.0,1.0
2026-03-22T21:10:07.745-306470-287963,568,false,5.765611110918745,1,3572.7898610618245,1.0,1.0
2026-03-22T21:10:07.745-306470-287963,154,false,41.91514973388657,1,3572.7898610618245,1.0,1.0
2026-03-22T21:10:07.745-306470-287963,586,false,0.26102527099730105,1,3572.7898610618245,1.0,1.0
2026-03-22T21:10:07.745-306470-287963,359,true,15.444256361844992,1,3557.3456046999795,1.0,0.851
2026-03-22T21:10:07.745-306470-287963,925,false,3.9501908380770803,1,3557.3456046999795,1.0,1.0
2026-03-22T21:10:07.745-306470-287963,227,false,0.12279519773609965,1,3557.3456046999795,1.0,1.0
2026-03-22T21:10:07.745-306470-287963,530,false,7.062896025665983,1,3557.3456046999795,1.0,1.0
2026-03-22T21:10:07.745-306470-287963,280,false,0.12462827129233894,1,3557.3456046999795,1.0,1.0
2026-03-22T21:10:07.745-306470-287963,17,false,0.5495094748343455,1,3557.3456046999795,1.0,1.0
2026-03-22T21:10:07.745-306470-287963,558,false,0.24352869896499307,1,3557.3456046999795,1.0,1.0
2026-03-22T21:10:07.745-306470-287963,59,false,0.3093909613051489,1,3557.3456046999795,1.0,1.0
2026-03-22T21:10:07.745-306470-287963,934,false,0.18189028996951465,1,3557.3456046999795,1.0,1.0
2026-03-22T21:10:07.745-306470-287963,842,false,4.76612426918816,1,3557.3456046999795,1.0,1.0
2026-03-22T21:10:07.745-306470-287963,379,false,0.9393965353710219,1,3557.3456046999795,1.0,1.0
2026-03-22T21:10:07.745-306470-287963,88,true,0.9538390977761277,1,3556.3917656022036,1.0,0.867
2026-03-22T21:10:07.745-306470-287963,337,false,88.61225441334896,1,3556.3917656022036,1.0,1.0
2026-03-22T21:10:07.745-306470-287963,794,false,4.82273189504983,1,3556.3917656022036,1.0,1.0
2026-03-22T21:10:07.745-306470-287963,462,false,0.025737997443292387,1,3556.3917656022036,1.0,1.0
2026-03-22T21:10:07.745-306470-287963,6,false,11.682791101751134,1,3556.3917656022036,1.0,1.0
2026-03-22T21:10:07.745-306470-287963,446,false,5.091265385248055,1,3556.3917656022036,1.0,1.0
2026-03-22T21:10:07.745-306470-287963,514,false,1.9506934811605745,1,3556.3917656022036,1.0,1.0
2026-03-22T21:10:07.745-306470-287963,531,false,8.37192702731917,1,3556.3917656022036,1.0,1.0
2026-03-22T21:10:07.745-306470-287963,598,false,0.6895840117945236,1,3556.3917656022036,1.0,1.0
2026-03-22T21:10:07.745-306470-287963,543,false,3.9665907952931696,1,3556.3917656022036,1.0,1.0
2026-03-22T21:10:07.745-306470-287963,295,false,12.165653020650272,1,3556.3917656022036,1.0,1.0
2026-03-22T21:10:07.745-306470-287963,432,false,0.7196102942680269,1,3556.3917656022036,1.0,1.0
2026-03-22T21:10:07.745-306470-287963,907,false,0.5630993252847595,1,3556.3917656022036,1.0,1.0
2026-03-22T21:10:07.745-306470-287963,299,false,2.0013570718939278,1,3556.3917656022036,1.0,1.0
2026-03-22T21:10:07.745-306470-287963,257,false,0.12791814586934652,1,3556.3917656022036,1.0,1.0
2026-03-22T21:10:07.745-306470-287963,957,false,2.967068374822296,1,3556.3917656022036,1.0,1.0
2026-03-22T21:10:07.745-306470-287963,743,false,3.08373755462726,1,3556.3917656022036,1.0,1.0
2026-03-22T21:10:07.745-306470-287963,918,false,0.7484230400420523,1,3556.3917656022036,1.0,1.0
2026-03-22T21:10:07.745-306470-287963,810,false,9.277713842999182,1,3556.3917656022036,1.0,1.0
2026-03-22T21:10:07.745-306470-287963,672,false,0.17579732846357368,1,3556.3917656022036,1.0,1.0
2026-03-22T21:10:07.745-306470-287963,512,false,0.8875292698935728,1,3556.3917656022036,1.0,1.0
2026-03-22T21:10:07.745-306470-287963,675,false,14.197713609696955,1,3556.3917656022036,1.0,1.0
2026-03-22T21:10:07.745-306470-287963,85,true,46.11494050697065,1,3510.276825095233,1.0,0.0010000000000000009
2026-03-22T21:10:07.745-306470-287963,101,false,2.3154651580537613,1,3510.276825095233,1.0,1.0
2026-03-22T21:10:07.745-306470-287963,488,false,0.7210434504532675,1,3510.276825095233,1.0,1.0
2026-03-22T21:10:07.745-306470-287963,618,false,14.281261895443118,1,3510.276825095233,1.0,1.0
2026-03-22T21:10:07.745-306470-287963,254,false,2.134640903563689,1,3510.276825095233,1.0,1.0
2026-03-22T21:10:07.745-306470-287963,998,true,5.8026952326215016,1,3504.474129862612,1.0,0.844
2026-03-22T21:10:07.745-306470-287963,346,false,2.609275173272096,1,3504.474129862612,1.0,1.0
2026-03-22T21:10:07.745-306470-287963,622,false,63.62728455550925,1,3504.474129862612,1.0,1.0
2026-03-22T21:10:07.745-306470-287963,39,false,60.65962720247165,1,3504.474129862612,1.0,1.0
2026-03-22T21:10:07.745-306470-287963,187,false,0.4987077499100146,1,3504.474129862612,1.0,1.0
2026-03-22T21:10:07.745-306470-287963,864,false,4.141869614458755,1,3504.474129862612,1.0,1.0
2026-03-22T21:10:07.745-306470-287963,399,false,3.8280050212519385,1,3504.474129862612,1.0,1.0
2026-03-22T21:10:07.745-306470-287963,945,false,119.85589148698486,1,3504.474129862612,1.0,1.0
2026-03-22T21:10:07.745-306470-287963,263,false,1.7161496267862637,1,3504.474129862612,1.0,1.0
2026-03-22T21:10:07.745-306470-287963,692,false,7.9291455057924445,1,3504.474129862612,1.0,1.0
2026-03-22T21:10:07.745-306470-287963,534,false,1.4021567905539698,1,3504.474129862612,1.0,1.0
2026-03-22T21:10:07.745-306470-287963,547,false,1.4177827329270634,1,3504.474129862612,1.0,1.0
2026-03-22T21:10:07.745-306470-287963,474,false,0.2623645109102727,1,3504.474129862612,1.0,1.0
2026-03-22T21:10:07.745-306470-287963,901,false,70.20552919992775,1,3504.474129862612,1.0,1.0
2026-03-22T21:10:07.745-306470-287963,645,false,6.220449949419782,1,3504.474129862612,1.0,1.0
2026-03-22T21:10:07.745-306470-287963,839,false,4.757966496905932,1,3504.474129862612,1.0,1.0
2026-03-22T21:10:07.745-306470-287963,804,false,13.455778463557413,1,3504.474129862612,1.0,1.0
2026-03-22T21:10:07.745-306470-287963,836,false,0.6653502793597419,1,3504.474129862612,1.0,1.0
2026-03-22T21:10:07.745-306470-287963,437,false,34.208134869183475,1,3504.474129862612,1.0,1.0
2026-03-22T21:10:07.745-306470-287963,546,false,1.7732640035405995,1,3504.474129862612,1.0,1.0
2026-03-22T21:10:07.745-306470-287963,115,false,60.039473450443445,1,3504.474129862612,1.0,1.0
2026-03-22T21:10:07.745-306470-287963,996,true,5.77259410834463,1,3498.7015357542673,1.0,0.924
2026-03-22T21:10:07.745-306470-287963,831,false,14.817893433254396,1,3498.7015357542673,1.0,1.0
2026-03-22T21:10:07.745-306470-287963,170,true,6.0598855660431985,1,3492.641650188224,1.0,0.999
2026-03-22T21:10:07.745-306470-287963,419,false,2.3994749144695358,1,3492.641650188224,1.0,1.0
2026-03-22T21:10:07.745-306470-287963,271,false,114.60493327177012,1,3492.641650188224,1.0,1.0
2026-03-22T21:10:07.745-306470-287963,131,false,0.28756589229586865,1,3492.641650188224,1.0,1.0
2026-03-22T21:10:07.745-306470-287963,840,false,11.130190122489088,1,3492.641650188224,1.0,1.0
2026-03-22T21:10:07.745-306470-287963,342,false,6.2557777943878055,1,3492.641650188224,1.0,1.0
2026-03-22T21:10:07.745-306470-287963,977,false,9.583846292976249,1,3492.641650188224,1.0,1.0
2026-03-22T21:10:07.745-306470-287963,188,false,40.21729546529981,1,3492.641650188224,1.0,1.0
2026-03-22T21:10:07.745-306470-287963,510,false,8.704248806404658,1,3492.641650188224,1.0,1.0
2026-03-22T21:10:07.745-306470-287963,805,false,4.311311615672319,1,3492.641650188224,1.0,1.0
2026-03-22T21:10:07.745-306470-287963,768,false,151.96419355589026,1,3492.641650188224,1.0,1.0
2026-03-22T21:10:07.745-306470-287963,212,false,17.9988619426128,1,3492.641650188224,1.0,1.0
2026-03-22T21:10:07.745-306470-287963,648,false,0.7375975693849691,1,3492.641650188224,1.0,1.0
2026-03-22T21:10:07.745-306470-287963,697,false,1.3360739701188817,1,3492.641650188224,1.0,1.0
2026-03-22T21:10:07.745-306470-287963,209,false,0.9502543370952764,1,3492.641650188224,1.0,1.0
2026-03-22T21:10:07.745-306470-287963,184,false,3.2343654946525193,1,3492.641650188224,1.0,1.0
2026-03-22T21:10:07.745-306470-287963,285,false,0.24978790791406785,1,3492.641650188224,1.0,1.0
2026-03-22T21:10:07.745-306470-287963,282,false,7.46294583037329,1,3492.641650188224,1.0,1.0
2026-03-22T21:10:07.745-306470-287963,929,false,5.824285758965627,1,3492.641650188224,1.0,1.0
2026-03-22T21:10:07.745-306470-287963,150,false,0.32415066306841317,1,3492.641650188224,1.0,1.0
2026-03-22T21:10:07.745-306470-287963,666,false,0.6638759988897446,1,3492.641650188224,1.0,1.0
2026-03-22T21:10:07.745-306470-287963,890,false,0.837679030208071,1,3492.641650188224,1.0,1.0
2026-03-22T21:10:07.745-306470-287963,297,false,31.645868289098672,1,3492.641650188224,1.0,1.0
2026-03-22T21:10:07.745-306470-287963,178,false,1.9033208779563489,1,3492.641650188224,1.0,1.0
2026-03-22T21:10:07.745-306470-287963,940,false,3.0392399652256987,1,3492.641650188224,1.0,1.0
2026-03-22T21:10:07.745-306470-287963,331,false,55.4498312744133,1,3492.641650188224,1.0,1.0
2026-03-22T21:10:07.745-306470-287963,528,false,3.986495985669932,1,3492.641650188224,1.0,1.0
2026-03-22T21:10:07.745-306470-287963,427,false,4.559022688985615,1,3492.641650188224,1.0,1.0
2026-03-22T21:10:07.745-306470-287963,407,false,5.949616937385515,1,3492.641650188224,1.0,1.0
2026-03-22T21:10:07.745-306470-287963,195,false,1.7074801520621763,1,3492.641650188224,1.0,1.0
2026-03-22T21:10:07.745-306470-287963,67,false,1.9225615212459348,1,3492.641650188224,1.0,1.0
2026-03-22T21:10:07.745-306470-287963,460,false,8.851710425112769,1,3492.641650188224,1.0,1.0
2026-03-22T21:10:07.745-306470-287963,216,false,1.0192218603564054,1,3492.641650188224,1.0,1.0
2026-03-22T21:10:07.745-306470-287963,852,false,39.048244118367776,1,3492.641650188224,1.0,1.0
2026-03-22T21:10:07.745-306470-287963,294,false,0.18483561268491633,1,3492.641650188224,1.0,1.0
2026-03-22T21:10:07.745-306470-287963,228,false,2.699790914211555,1,3492.641650188224,1.0,1.0
2026-03-22T21:10:07.745-306470-287963,566,false,1.9341332479350974,1,3492.641650188224,1.0,1.0
2026-03-22T21:10:07.745-306470-287963,513,false,41.63453543426569,1,3492.641650188224,1.0,1.0
2026-03-22T21:10:07.745-306470-287963,601,false,0.6802711850126221,1,3492.641650188224,1.0,1.0
2026-03-22T21:10:07.745-306470-287963,360,true,43.72239693305552,1,3448.9192532551683,1.0,0.0
2026-03-22T21:10:07.745-306470-287963,635,false,0.10948637948770513,1,3448.9192532551683,1.0,1.0
2026-03-22T21:10:07.745-306470-287963,972,false,3.0572204296131535,1,3448.9192532551683,1.0,1.0
2026-03-22T21:10:07.745-306470-287963,884,true,62.50942611349904,1,3386.409827141669,1.0,0.0
2026-03-22T21:10:07.745-306470-287963,483,false,0.3483441502008498,1,3386.409827141669,1.0,1.0
2026-03-22T21:10:07.745-306470-287963,937,false,3.5423542302853965,1,3386.409827141669,1.0,1.0
2026-03-22T21:10:07.745-306470-287963,144,false,2.1840284826767147,1,3386.409827141669,1.0,1.0
2026-03-22T21:10:07.745-306470-287963,451,false,4.529763192042366,1,3386.409827141669,1.0,1.0
2026-03-22T21:10:07.745-306470-287963,325,false,0.21457795204963082,1,3386.409827141669,1.0,1.0
2026-03-22T21:10:07.745-306470-287963,47,false,11.43265242967136,1,3386.409827141669,1.0,1.0
2026-03-22T21:10:07.745-306470-287963,317,false,5.290739221110133,1,3386.409827141669,1.0,1.0
2026-03-22T21:10:07.745-306470-287963,989,false,0.4459566783688995,1,3386.409827141669,1.0,1.0
2026-03-22T21:10:07.745-306470-287963,643,false,926.6214876236359,1,3386.409827141669,1.0,1.0
2026-03-22T21:10:07.745-306470-287963,98,false,0.4453519758787108,1,3386.409827141669,1.0,1.0
2026-03-22T21:10:07.745-306470-287963,34,false,0.3327569586722379,1,3386.409827141669,1.0,1.0
2026-03-22T21:10:07.745-306470-287963,284,false,2.171944070009299,1,3386.409827141669,1.0,1.0
2026-03-22T21:10:07.745-306470-287963,54,false,213.80730142966007,1,3386.409827141669,1.0,1.0
2026-03-22T21:10:07.745-306470-287963,238,false,2.1454058654511674,1,3386.409827141669,1.0,1.0
2026-03-22T21:10:07.745-306470-287963,394,false,2.3005984599798843,1,3386.409827141669,1.0,1.0
2026-03-22T21:10:07.745-306470-287963,12,false,3.5121230191551143,1,3386.409827141669,1.0,1.0
2026-03-22T21:10:07.745-306470-287963,764,false,4.005841278366793,1,3386.409827141669,1.0,1.0
2026-03-22T21:10:07.745-306470-287963,704,false,9.847588186689055,1,3386.409827141669,1.0,1.0
2026-03-22T21:10:07.745-306470-287963,494,false,22.755797026822446,1,3386.409827141669,1.0,1.0
2026-03-22T21:10:07.745-306470-287963,699,false,103.90465794300813,1,3386.409827141669,1.0,1.0
2026-03-22T21:10:07.745-306470-287963,757,false,0.04546179697482064,1,3386.409827141669,1.0,1.0
2026-03-22T21:10:07.745-306470-287963,433,false,25.562874486511824,1,3386.409827141669,1.0,1.0
2026-03-22T21:10:07.745-306470-287963,754,false,0.021268799123955504,1,3386.409827141669,1.0,1.0
2026-03-22T21:10:07.745-306470-287963,629,false,0.9826042962796956,1,3386.409827141669,1.0,1.0
2026-03-22T21:10:07.745-306470-287963,567,false,1.5564395464793461,1,3386.409827141669,1.0,1.0
2026-03-22T21:10:07.745-306470-287963,382,false,2.356571815478851,1,3386.409827141669,1.0,1.0
2026-03-22T21:10:07.745-306470-287963,37,false,0.14364650480864144,1,3386.409827141669,1.0,1.0
2026-03-22T21:10:07.745-306470-287963,649,false,7.751932969075615,1,3386.409827141669,1.0,1.0
2026-03-22T21:10:07.745-306470-287963,835,false,0.7635874970834806,1,3386.409827141669,1.0,1.0
2026-03-22T21:10:07.745-306470-287963,614,false,7.912480288416573,1,3386.409827141669,1.0,1.0
2026-03-22T21:10:07.745-306470-287963,206,false,0.27705150962198616,1,3386.409827141669,1.0,1.0
2026-03-22T21:10:07.745-306470-287963,475,false,0.9220196145048055,1,3386.409827141669,1.0,1.0
2026-03-22T21:10:07.745-306470-287963,485,false,0.5229426769868152,1,3386.409827141669,1.0,1.0
2026-03-22T21:10:07.745-306470-287963,636,false,0.09469994089354804,1,3386.409827141669,1.0,1.0
2026-03-22T21:10:07.745-306470-287963,520,false,50.76660142679231,1,3386.409827141669,1.0,1.0
2026-03-22T21:10:07.745-306470-287963,527,false,0.52849916354147,1,3386.409827141669,1.0,1.0
2026-03-22T21:10:07.745-306470-287963,231,false,0.04014570693798341,1,3386.409827141669,1.0,1.0
2026-03-22T21:10:07.745-306470-287963,905,false,0.29574065200592026,1,3386.409827141669,1.0,1.0
2026-03-22T21:10:07.745-306470-287963,579,true,1.8953827604500444,1,3384.514444381219,1.0,0.704
2026-03-22T21:10:07.745-306470-287963,111,false,1.9777600701257851,1,3384.514444381219,1.0,1.0
2026-03-22T21:10:07.745-306470-287963,336,false,3.831674449109413,1,3384.514444381219,1.0,1.0
2026-03-22T21:10:07.745-306470-287963,640,false,77.87983532800666,1,3384.514444381219,1.0,1.0
2026-03-22T21:10:07.745-306470-287963,869,false,0.1686097681217919,1,3384.514444381219,1.0,1.0
2026-03-22T21:10:07.745-306470-287963,311,false,67.21855120468382,1,3384.514444381219,1.0,1.0
2026-03-22T21:10:07.745-306470-287963,473,false,0.11145725493341813,1,3384.514444381219,1.0,1.0
2026-03-22T21:10:07.745-306470-287963,452,false,0.8043844525652537,1,3384.514444381219,1.0,1.0
2026-03-22T21:10:07.745-306470-287963,185,false,1.0547121104971822,1,3384.514444381219,1.0,1.0
2026-03-22T21:10:07.745-306470-287963,373,false,7.639331817631423,1,3384.514444381219,1.0,1.0
2026-03-22T21:10:07.745-306470-287963,241,false,0.9890214580030023,1,3384.514444381219,1.0,1.0
2026-03-22T21:10:07.745-306470-287963,55,false,8.14738860732044,1,3384.514444381219,1.0,1.0
2026-03-22T21:10:07.745-306470-287963,771,false,1.256994279246137,1,3384.514444381219,1.0,1.0
2026-03-22T21:10:07.745-306470-287963,556,false,16.787942858415615,1,3384.514444381219,1.0,1.0
2026-03-22T21:10:07.745-306470-287963,580,true,5.337420974182477,1,3379.177023407037,1.0,0.0020000000000000018
2026-03-22T21:10:07.745-306470-287963,453,false,57.42644776592359,1,3379.177023407037,1.0,1.0
2026-03-22T21:10:07.745-306470-287963,486,false,3.75450351200289,1,3379.177023407037,1.0,1.0
2026-03-22T21:10:07.745-306470-287963,397,false,6.052333929767164,1,3379.177023407037,1.0,1.0
2026-03-22T21:10:07.745-306470-287963,679,false,1.1956580769093184,1,3379.177023407037,1.0,1.0
2026-03-22T21:10:07.745-306470-287963,709,true,30.050982787268495,1,3349.1260406197684,1.0,0.0
2026-03-22T21:10:07.745-306470-287963,149,false,0.20966727730880833,1,3349.1260406197684,1.0,1.0
2026-03-22T21:10:07.745-306470-287963,723,false,9.727883463524542,1,3349.1260406197684,1.0,1.0
2026-03-22T21:10:07.745-306470-287963,584,true,6.725582750539876,1,3342.4004578692284,1.0,0.698
2026-03-22T21:10:07.745-306470-287963,719,false,1.3659370847930434,1,3342.4004578692284,1.0,1.0
2026-03-22T21:10:07.745-306470-287963,197,false,6.8164679148047105,1,3342.4004578692284,1.0,1.0
2026-03-22T21:10:07.745-306470-287963,422,false,0.760514262982967,1,3342.4004578692284,1.0,1.0
2026-03-22T21:10:07.745-306470-287963,383,false,0.7129867277076896,1,3342.4004578692284,1.0,1.0
2026-03-22T21:10:07.745-306470-287963,5,false,5.303654109767851,1,3342.4004578692284,1.0,1.0
2026-03-22T21:10:07.745-306470-287963,33,false,0.10428172412056877,1,3342.4004578692284,1.0,1.0
2026-03-22T21:10:07.745-306470-287963,747,false,0.16325577720000348,1,3342.4004578692284,1.0,1.0
2026-03-22T21:10:07.745-306470-287963,247,true,0.3846769242194851,1,3342.015780945009,1.0,0.726
2026-03-22T21:10:07.745-306470-287963,702,false,6.953843122723019,1,3342.015780945009,1.0,1.0
2026-03-22T21:10:07.745-306470-287963,770,false,0.15031500021875047,1,3342.015780945009,1.0,1.0
2026-03-22T21:10:07.745-306470-287963,390,false,12.881360498658927,1,3342.015780945009,1.0,1.0
2026-03-22T21:10:07.745-306470-287963,239,false,17.46452097874271,1,3342.015780945009,1.0,1.0
2026-03-22T21:10:07.745-306470-287963,551,false,0.5623048452335656,1,3342.015780945009,1.0,1.0
2026-03-22T21:10:07.745-306470-287963,426,false,197.3301761081437,1,3342.015780945009,1.0,1.0
2026-03-22T21:10:07.745-306470-287963,240,false,7.903160574939918,1,3342.015780945009,1.0,1.0
2026-03-22T21:10:07.745-306470-287963,249,true,31.596927166440093,1,3310.4188537785685,1.0,0.0010000000000000009
2026-03-22T21:10:07.745-306470-287963,380,false,9.259410788598837,1,3310.4188537785685,1.0,1.0
2026-03-22T21:10:07.745-306470-287963,430,false,30.886374669280794,1,3310.4188537785685,1.0,1.0
2026-03-22T21:10:07.745-306470-287963,321,false,0.9213799222847443,1,3310.4188537785685,1.0,1.0
2026-03-22T21:10:07.745-306470-287963,114,false,49.4525662999022,1,3310.4188537785685,1.0,1.0
2026-03-22T21:10:07.745-306470-287963,980,false,42.097403288491776,1,3310.4188537785685,1.0,1.0
2026-03-22T21:10:07.745-306470-287963,718,false,5.046991946839368,1,3310.4188537785685,1.0,1.0
2026-03-22T21:10:07.745-306470-287963,28,false,11.946692974892677,1,3310.4188537785685,1.0,1.0
2026-03-22T21:10:07.745-306470-287963,898,false,0.6061786945836426,1,3310.4188537785685,1.0,1.0
2026-03-22T21:10:07.745-306470-287963,729,false,1.0150976260227125,1,3310.4188537785685,1.0,1.0
2026-03-22T21:10:07.745-306470-287963,807,false,5.750370924626885,1,3310.4188537785685,1.0,1.0
2026-03-22T21:10:07.745-306470-287963,828,false,0.39307623735580344,1,3310.4188537785685,1.0,1.0
2026-03-22T21:10:07.745-306470-287963,720,false,53.59331736018206,1,3310.4188537785685,1.0,1.0
2026-03-22T21:10:07.745-306470-287963,242,false,31.955139352201353,1,3310.4188537785685,1.0,1.0
2026-03-22T21:10:07.745-306470-287963,656,false,0.03195021195350039,1,3310.4188537785685,1.0,1.0
2026-03-22T21:10:07.745-306470-287963,522,false,1.5296632965886023,1,3310.4188537785685,1.0,1.0
2026-03-22T21:10:07.745-306470-287963,608,false,56.23389347491748,1,3310.4188537785685,1.0,1.0
2026-03-22T21:10:07.745-306470-287963,119,false,3.8131026124301255,1,3310.4188537785685,1.0,1.0
2026-03-22T21:10:07.745-306470-287963,207,false,1.48742087613154,1,3310.4188537785685,1.0,1.0
2026-03-22T21:10:07.745-306470-287963,909,false,3.0329622570126524,1,3310.4188537785685,1.0,1.0
2026-03-22T21:10:07.745-306470-287963,434,false,29.324527484708423,1,3310.4188537785685,1.0,1.0
2026-03-22T21:10:07.745-306470-287963,237,false,3.6831651102694862,1,3310.4188537785685,1.0,1.0
2026-03-22T21:10:07.745-306470-287963,50,false,68.60405851173981,1,3310.4188537785685,1.0,1.0
2026-03-22T21:10:07.745-306470-287963,857,false,9.532793179379055,1,3310.4188537785685,1.0,1.0
2026-03-22T21:10:07.745-306470-287963,118,false,27.778138912022158,1,3310.4188537785685,1.0,1.0
2026-03-22T21:10:07.745-306470-287963,21,false,99.01596443879777,1,3310.4188537785685,1.0,1.0
2026-03-22T21:10:07.745-306470-287963,948,false,12.695537873810968,1,3310.4188537785685,1.0,1.0
2026-03-22T21:10:07.745-306470-287963,89,true,27.771071568774744,1,3282.6477822097936,1.0,0.038000000000000034
2026-03-22T21:10:07.745-306470-287963,340,false,0.5020613841429944,1,3282.6477822097936,1.0,1.0
2026-03-22T21:10:07.745-306470-287963,942,false,0.9699990236057043,1,3282.6477822097936,1.0,1.0
2026-03-22T21:10:07.745-306470-287963,990,false,3.151538515606438,1,3282.6477822097936,1.0,1.0
2026-03-22T21:10:07.745-306470-287963,205,false,367.28280115241216,1,3282.6477822097936,1.0,1.0
2026-03-22T21:10:07.745-306470-287963,49,false,33.66189461607885,1,3282.6477822097936,1.0,1.0
2026-03-22T21:10:07.745-306470-287963,386,false,0.19614331408923752,1,3282.6477822097936,1.0,1.0
2026-03-22T21:10:07.745-306470-287963,261,false,0.286426624931226,1,3282.6477822097936,1.0,1.0
2026-03-22T21:10:07.745-306470-287963,535,false,2.061778957309091,1,3282.6477822097936,1.0,1.0
2026-03-22T21:10:07.745-306470-287963,708,false,0.05534536878911964,1,3282.6477822097936,1.0,1.0
2026-03-22T21:10:07.745-306470-287963,262,false,0.23324723032993494,1,3282.6477822097936,1.0,1.0
2026-03-22T21:10:07.745-306470-287963,225,false,0.4016843240496364,1,3282.6477822097936,1.0,1.0
2026-03-22T21:10:07.745-306470-287963,220,false,1.8676665056081685,1,3282.6477822097936,1.0,1.0
2026-03-22T21:10:07.745-306470-287963,128,false,194.05793048972942,1,3282.6477822097936,1.0,1.0
2026-03-22T21:10:07.745-306470-287963,982,false,221.78476836325953,1,3282.6477822097936,1.0,1.0
2026-03-22T21:10:07.745-306470-287963,8,false,0.06832711663679139,1,3282.6477822097936,1.0,1.0
2026-03-22T21:10:07.745-306470-287963,849,false,9.272311215561135,1,3282.6477822097936,1.0,1.0
2026-03-22T21:10:07.745-306470-287963,978,false,0.05023537806067458,1,3282.6477822097936,1.0,1.0
2026-03-22T21:10:07.745-306470-287963,838,false,0.29431442521816714,1,3282.6477822097936,1.0,1.0
2026-03-22T21:10:07.745-306470-287963,612,false,4.012344632584229,1,3282.6477822097936,1.0,1.0
2026-03-22T21:10:07.745-306470-287963,647,false,366.1899320062711,1,3282.6477822097936,1.0,1.0
2026-03-22T21:10:07.745-306470-287963,286,false,164.17143289785528,1,3282.6477822097936,1.0,1.0
2026-03-22T21:10:07.745-306470-287963,203,false,29.398395179213015,1,3282.6477822097936,1.0,1.0
2026-03-22T21:10:07.745-306470-287963,789,false,0.05064122161378792,1,3282.6477822097936,1.0,1.0
2026-03-22T21:10:07.745-306470-287963,300,false,37.505580757926985,1,3282.6477822097936,1.0,1.0
2026-03-22T21:10:07.745-306470-287963,703,false,0.012616209526724067,1,3282.6477822097936,1.0,1.0
2026-03-22T21:10:07.745-306470-287963,491,false,13.645795027051577,1,3282.6477822097936,1.0,1.0
2026-03-22T21:10:07.745-306470-287963,307,false,0.027035733056691196,1,3282.6477822097936,1.0,1.0
2026-03-22T21:10:07.745-306470-287963,416,false,56.26680506935263,1,3282.6477822097936,1.0,1.0
2026-03-22T21:10:07.745-306470-287963,624,false,18.90274465043649,1,3282.6477822097936,1.0,1.0
2026-03-22T21:10:07.745-306470-287963,308,true,1.2845865823800504,1,3281.3631956274135,1.0,0.852
2026-03-22T21:10:07.745-306470-287963,244,true,4.871743463986952,1,3276.4914521634264,1.0,0.30900000000000005
2026-03-22T21:10:07.745-306470-287963,130,false,64.14696482415461,1,3276.4914521634264,1.0,1.0
2026-03-22T21:10:07.745-306470-287963,100,false,5.76893769850646,1,3276.4914521634264,1.0,1.0
2026-03-22T21:10:07.745-306470-287963,450,false,0.1475266996395015,1,3276.4914521634264,1.0,1.0
2026-03-22T21:10:07.745-306470-287963,9,false,6.029728895389115,1,3276.4914521634264,1.0,1.0
2026-03-22T21:10:07.745-306470-287963,125,false,12.067762227650917,1,3276.4914521634264,1.0,1.0
2026-03-22T21:10:07.745-306470-287963,968,false,10.487062002740053,1,3276.4914521634264,1.0,1.0
2026-03-22T21:10:07.745-306470-287963,142,false,1.1214605224921201,1,3276.4914521634264,1.0,1.0
2026-03-22T21:10:07.745-306470-287963,353,false,49.76455656474191,1,3276.4914521634264,1.0,1.0
2026-03-22T21:10:07.745-306470-287963,267,false,19.610520469650584,1,3276.4914521634264,1.0,1.0
2026-03-22T21:10:07.745-306470-287963,578,true,3.4694400397007783,1,3273.0220121237257,1.0,0.138
2026-03-22T21:10:07.745-306470-287963,387,false,0.044152738554869134,1,3273.0220121237257,1.0,1.0
2026-03-22T21:10:07.745-306470-287963,883,true,5.230523584213893,1,3267.7914885395116,1.0,0.0
2026-03-22T21:10:07.745-306470-287963,204,false,116.18401696917167,1,3267.7914885395116,1.0,1.0
2026-03-22T21:10:07.745-306470-287963,208,false,1.792909346771138,1,3267.7914885395116,1.0,1.0
2026-03-22T21:10:07.745-306470-287963,402,false,0.1390562582310181,1,3267.7914885395116,1.0,1.0
2026-03-22T21:10:07.745-306470-287963,823,false,5.69883308060338,1,3267.7914885395116,1.0,1.0
2026-03-22T21:10:07.745-306470-287963,655,false,10.923162269675968,1,3267.7914885395116,1.0,1.0
2026-03-22T21:10:07.745-306470-287963,955,false,22.93234491118716,1,3267.7914885395116,1.0,1.0
2026-03-22T21:10:07.745-306470-287963,120,false,72.96060585941831,1,3267.7914885395116,1.0,1.0
2026-03-22T21:10:07.745-306470-287963,165,false,1.510451896666136,1,3267.7914885395116,1.0,1.0
2026-03-22T21:10:07.745-306470-287963,975,false,15.56868815511087,1,3267.7914885395116,1.0,1.0
2026-03-22T21:10:07.745-306470-287963,721,false,11.750971846055156,1,3267.7914885395116,1.0,1.0
2026-03-22T21:10:07.745-306470-287963,741,false,26.2774884026094,1,3267.7914885395116,1.0,1.0
2026-03-22T21:10:07.745-306470-287963,661,false,11.839191078901209,1,3267.7914885395116,1.0,1.0
2026-03-22T21:10:07.745-306470-287963,268,false,1.764856018821513,1,3267.7914885395116,1.0,1.0
2026-03-22T21:10:07.745-306470-287963,659,false,0.1240724247237477,1,3267.7914885395116,1.0,1.0
2026-03-22T21:10:07.745-306470-287963,223,false,8.148812651754643,1,3267.7914885395116,1.0,1.0
2026-03-22T21:10:07.745-306470-287963,289,false,7.300617088102966,1,3267.7914885395116,1.0,1.0
2026-03-22T21:10:07.745-306470-287963,927,false,4.545312483805656,1,3267.7914885395116,1.0,1.0
2026-03-22T21:10:07.745-306470-287963,425,false,2.120601243192607,1,3267.7914885395116,1.0,1.0
2026-03-22T21:10:07.745-306470-287963,627,false,9.123117800686904,1,3267.7914885395116,1.0,1.0
2026-03-22T21:10:07.745-306470-287963,461,false,30.774600582124464,1,3267.7914885395116,1.0,1.0
2026-03-22T21:10:07.745-306470-287963,787,false,0.40321294677688974,1,3267.7914885395116,1.0,1.0
2026-03-22T21:10:07.745-306470-287963,623,false,8.999881810297213,1,3267.7914885395116,1.0,1.0
2026-03-22T21:10:07.745-306470-287963,607,false,1.987776630043402,1,3267.7914885395116,1.0,1.0
2026-03-22T21:10:07.745-306470-287963,57,false,134.850121560006,1,3267.7914885395116,1.0,1.0
2026-03-22T21:10:07.745-306470-287963,30,false,0.3334745028176119,1,3267.7914885395116,1.0,1.0
2026-03-22T21:10:07.745-306470-287963,798,false,133.84596658186464,1,3267.7914885395116,1.0,1.0
2026-03-22T21:10:07.745-306470-287963,1,false,0.060853489437653875,1,3267.7914885395116,1.0,1.0
2026-03-22T21:10:07.745-306470-287963,213,false,2.6741927807881103,1,3267.7914885395116,1.0,1.0
2026-03-22T21:10:07.745-306470-287963,96,false,0.16533682114147255,1,3267.7914885395116,1.0,1.0
2026-03-22T21:10:07.745-306470-287963,663,false,2.6589974846025775,1,3267.7914885395116,1.0,1.0
2026-03-22T21:10:07.745-306470-287963,368,true,0.5905287580238531,1,3267.2009597814877,1.0,0.848
2026-03-22T21:10:07.745-306470-287963,669,false,6.3860327076677965,1,3267.2009597814877,1.0,1.0
2026-03-22T21:10:07.745-306470-287963,83,true,0.5568467847703775,1,3266.6441129967175,1.0,0.0
2026-03-22T21:10:07.745-306470-287963,736,false,5.00414432787625,1,3266.6441129967175,1.0,1.0
2026-03-22T21:10:07.745-306470-287963,802,false,15.903468560272104,1,3266.6441129967175,1.0,1.0
2026-03-22T21:10:07.745-306470-287963,858,false,0.09512148682417265,1,3266.6441129967175,1.0,1.0
2026-03-22T21:10:07.745-306470-287963,837,false,0.12762013050280652,1,3266.6441129967175,1.0,1.0
2026-03-22T21:10:07.745-306470-287963,406,false,3.345506145810389,1,3266.6441129967175,1.0,1.0
2026-03-22T21:10:07.745-306470-287963,888,false,4.8396936794983,1,3266.6441129967175,1.0,1.0
2026-03-22T21:10:07.745-306470-287963,482,true,4.560746185875722,1,3262.0833668108417,1.0,0.833
2026-03-22T21:10:07.745-306470-287963,897,false,9.663281265537305,1,3262.0833668108417,1.0,1.0
2026-03-22T21:10:07.745-306470-287963,230,false,1.097884110489131,1,3262.0833668108417,1.0,1.0
2026-03-22T21:10:07.745-306470-287963,442,false,0.9109675938963316,1,3262.0833668108417,1.0,1.0
2026-03-22T21:10:07.745-306470-287963,892,false,2.401251665979939,1,3262.0833668108417,1.0,1.0
2026-03-22T21:10:07.745-306470-287963,734,true,36.42537221817004,1,3225.6579945926715,1.0,0.999
2026-03-22T21:10:07.745-306470-287963,306,true,3.6229227164019027,1,3222.0350718762697,1.0,0.712
2026-03-22T21:10:07.745-306470-287963,874,true,51.43370886852584,1,3170.601363007744,1.0,0.6739999999999999
2026-03-22T21:10:07.745-306470-287963,814,false,0.02692997122331092,1,3170.601363007744,1.0,1.0
2026-03-22T21:10:07.745-306470-287963,538,false,1.9098180710776809,1,3170.601363007744,1.0,1.0
2026-03-22T21:10:07.745-306470-287963,691,false,6.938635260816487,1,3170.601363007744,1.0,1.0
2026-03-22T21:10:07.745-306470-287963,521,false,11.558538987779908,1,3170.601363007744,1.0,1.0
2026-03-22T21:10:07.745-306470-287963,7,false,2.790811243716747,1,3170.601363007744,1.0,1.0
2026-03-22T21:10:07.745-306470-287963,665,false,29.264896235904246,1,3170.601363007744,1.0,1.0
2026-03-22T21:10:07.745-306470-287963,62,false,0.1864472605664568,1,3170.601363007744,1.0,1.0
2026-03-22T21:10:07.745-306470-287963,545,false,12.720940892557447,1,3170.601363007744,1.0,1.0
2026-03-22T21:10:07.745-306470-287963,424,false,1.6530043602630484,1,3170.601363007744,1.0,1.0
2026-03-22T21:10:07.745-306470-287963,476,false,26.869020476116994,1,3170.601363007744,1.0,1.0
2026-03-22T21:10:07.745-306470-287963,731,true,3.001995721241173,1,3167.599367286503,1.0,0.714
2026-03-22T21:10:07.745-306470-287963,264,false,3.856674416516124,1,3167.599367286503,1.0,1.0
2026-03-22T21:10:07.745-306470-287963,401,false,0.1732070283031552,1,3167.599367286503,1.0,1.0
2026-03-22T21:10:07.745-306470-287963,490,false,8.792594602435985,1,3167.599367286503,1.0,1.0
2026-03-22T21:10:07.745-306470-287963,320,false,10.234455608956917,1,3167.599367286503,1.0,1.0
2026-03-22T21:10:07.745-306470-287963,751,false,112.49410135496834,1,3167.599367286503,1.0,1.0
2026-03-22T21:10:07.745-306470-287963,923,false,0.4861149254512584,1,3167.599367286503,1.0,1.0
2026-03-22T21:10:07.745-306470-287963,214,false,0.3226165757662237,1,3167.599367286503,1.0,1.0
2026-03-22T21:10:07.745-306470-287963,31,false,9.998911671798492,1,3167.599367286503,1.0,1.0
2026-03-22T21:10:07.745-306470-287963,676,false,0.4023692051336463,1,3167.599367286503,1.0,1.0
2026-03-22T21:10:07.745-306470-287963,899,false,9.116765057183217,1,3167.599367286503,1.0,1.0
2026-03-22T21:10:07.745-306470-287963,750,true,1.5343672472376548,1,3166.065000039265,1.0,0.999
2026-03-22T21:10:07.745-306470-287963,604,false,1.4297200609105818,1,3166.065000039265,1.0,1.0
2026-03-22T21:10:07.745-306470-287963,871,true,2.431989121827234,1,3163.633010917438,1.0,0.723
2026-03-22T21:10:07.745-306470-287963,619,false,4.36996564196784,1,3163.633010917438,1.0,1.0
2026-03-22T21:10:07.745-306470-287963,540,false,3.6909126133523595,1,3163.633010917438,1.0,1.0
2026-03-22T21:10:07.745-306470-287963,412,false,0.23987962510358468,1,3163.633010917438,1.0,1.0
2026-03-22T21:10:07.745-306470-287963,887,true,9.903864338796097,1,3153.7291465786416,1.0,0.8200000000000001
2026-03-22T21:10:07.745-306470-287963,222,false,0.546814798643393,1,3153.7291465786416,1.0,1.0
2026-03-22T21:10:07.745-306470-287963,560,false,148.32953629531912,1,3153.7291465786416,1.0,1.0
2026-03-22T21:10:07.745-306470-287963,880,true,11.247131095153183,1,3142.4820154834883,1.0,0.0
2026-03-22T21:10:07.745-306470-287963,825,false,1.5907161102492082,1,3142.4820154834883,1.0,1.0
2026-03-22T21:10:07.745-306470-287963,735,true,1.8118306498799317,1,3140.6701848336083,1.0,0.6759999999999999
2026-03-22T21:10:07.745-306470-287963,553,false,0.46624206340715785,1,3140.6701848336083,1.0,1.0
2026-03-22T21:10:07.745-306470-287963,745,false,2.2091065621369523,1,3140.6701848336083,1.0,1.0
2026-03-22T21:10:07.745-306470-287963,478,false,21.200282227171733,1,3140.6701848336083,1.0,1.0
2026-03-22T21:10:07.745-306470-287963,133,false,0.3590468212253234,1,3140.6701848336083,1.0,1.0
2026-03-22T21:10:07.745-306470-287963,961,false,28.27964431987213,1,3140.6701848336083,1.0,1.0
2026-03-22T21:10:07.745-306470-287963,550,false,5.491331389662305,1,3140.6701848336083,1.0,1.0
2026-03-22T21:10:07.745-306470-287963,854,false,1.0827866944365476,1,3140.6701848336083,1.0,1.0
2026-03-22T21:10:07.745-306470-287963,199,false,1.3283030158310334,1,3140.6701848336083,1.0,1.0
2026-03-22T21:10:07.745-306470-287963,288,false,1.2327722493919002,1,3140.6701848336083,1.0,1.0
2026-03-22T21:10:07.745-306470-287963,824,false,0.3435134803859159,1,3140.6701848336083,1.0,1.0
2026-03-22T21:10:07.745-306470-287963,500,false,14.726795896469453,1,3140.6701848336083,1.0,1.0
2026-03-22T21:10:07.745-306470-287963,914,false,0.26738008621909565,1,3140.6701848336083,1.0,1.0
2026-03-22T21:10:07.745-306470-287963,395,false,11.67740482972294,1,3140.6701848336083,1.0,1.0
2026-03-22T21:10:07.745-306470-287963,621,false,2.785438512676974,1,3140.6701848336083,1.0,1.0
2026-03-22T21:10:07.745-306470-287963,997,true,2.4631875252889692,1,3138.2069973083194,1.0,0.0010000000000000009
2026-03-22T21:10:07.745-306470-287963,782,false,0.5544847308875093,1,3138.2069973083194,1.0,1.0
2026-03-22T21:10:07.745-306470-287963,654,false,2.0270873673048593,1,3138.2069973083194,1.0,1.0
2026-03-22T21:10:07.745-306470-287963,279,false,0.1766828915579233,1,3138.2069973083194,1.0,1.0
2026-03-22T21:10:07.745-306470-287963,652,false,1.620931866887502,1,3138.2069973083194,1.0,1.0
2026-03-22T21:10:07.745-306470-287963,638,false,28.20147739060569,1,3138.2069973083194,1.0,1.0
2026-03-22T21:10:07.745-306470-287963,135,false,20.186392412414893,1,3138.2069973083194,1.0,1.0
2026-03-22T21:10:07.745-306470-287963,930,false,0.8983426946540807,1,3138.2069973083194,1.0,1.0
2026-03-22T21:10:07.745-306470-287963,444,false,102.55255201821403,1,3138.2069973083194,1.0,1.0
2026-03-22T21:10:07.745-306470-287963,859,false,1.0153092442637313,1,3138.2069973083194,1.0,1.0
2026-03-22T21:10:07.745-306470-287963,875,true,7.969210778024255,1,3130.237786530295,1.0,0.0
2026-03-22T21:10:07.745-306470-287963,87,false,0.153078302410799,1,3130.237786530295,1.0,1.0
2026-03-22T21:10:07.745-306470-287963,367,true,7.946043416505447,1,3122.29174311379,1.0,0.0030000000000000027
2026-03-22T21:10:07.745-306470-287963,151,false,5.189704923773736,1,3122.29174311379,1.0,1.0
2026-03-22T21:10:07.745-306470-287963,328,false,93.13718534472517,1,3122.29174311379,1.0,1.0
2026-03-22T21:10:07.745-306470-287963,944,false,0.22182395408425254,1,3122.29174311379,1.0,1.0
2026-03-22T21:10:07.745-306470-287963,610,false,2.0791419465417533,1,3122.29174311379,1.0,1.0
2026-03-22T21:10:07.745-306470-287963,145,false,0.9354604183039126,1,3122.29174311379,1.0,1.0
2026-03-22T21:10:07.745-306470-287963,183,false,55.63071448293287,1,3122.29174311379,1.0,1.0
2026-03-22T21:10:07.745-306470-287963,291,false,14.261924266232784,1,3122.29174311379,1.0,1.0
2026-03-22T21:10:07.745-306470-287963,364,true,2.6383767318417894,1,3119.653366381948,1.0,0.0
2026-03-22T21:10:07.745-306470-287963,224,true,2.843829760780233,1,3116.809536621168,1.0,0.999
2026-03-22T21:10:07.745-306470-287963,146,false,0.2292818015224422,1,3116.809536621168,1.0,1.0
2026-03-22T21:10:07.745-306470-287963,502,false,0.3086493274442268,1,3116.809536621168,1.0,1.0
2026-03-22T21:10:07.745-306470-287963,191,false,4.577386957734968,1,3116.809536621168,1.0,1.0
2026-03-22T21:10:07.745-306470-287963,662,false,6.734476280565104,1,3116.809536621168,1.0,1.0
2026-03-22T21:10:07.745-306470-287963,60,false,10.357140109420689,1,3116.809536621168,1.0,1.0
2026-03-22T21:10:07.745-306470-287963,322,false,0.8045080263637386,1,3116.809536621168,1.0,1.0
2026-03-22T21:10:07.745-306470-287963,167,true,31.831059063072242,1,3084.9784775580956,1.0,0.738
2026-03-22T21:10:07.745-306470-287963,910,false,4.533739606076606,1,3084.9784775580956,1.0,1.0
2026-03-22T21:10:07.745-306470-287963,156,false,67.30731020238018,1,3084.9784775580956,1.0,1.0
2026-03-22T21:10:07.745-306470-287963,278,false,5.092311541007456,1,3084.9784775580956,1.0,1.0
2026-03-22T21:10:07.745-306470-287963,315,false,1.6115581621716508,1,3084.9784775580956,1.0,1.0
2026-03-22T21:10:07.745-306470-287963,492,false,0.7257138520671801,1,3084.9784775580956,1.0,1.0
2026-03-22T21:10:07.745-306470-287963,788,false,15.830847720775377,1,3084.9784775580956,1.0,1.0
2026-03-22T21:10:07.745-306470-287963,76,false,7.413929089387639,1,3084.9784775580956,1.0,1.0
2026-03-22T21:10:07.745-306470-287963,27,false,1.6072882079227624,1,3084.9784775580956,1.0,1.0
2026-03-22T21:10:07.745-306470-287963,536,false,9.22690854628826,1,3084.9784775580956,1.0,1.0
2026-03-22T21:10:07.745-306470-287963,117,false,26.550821844845046,1,3084.9784775580956,1.0,1.0
2026-03-22T21:10:07.745-306470-287963,155,true,4.380706067144637,1,3080.597771490951,1.0,0.825
2026-03-22T21:10:07.745-306470-287963,776,false,0.29210407159583096,1,3080.597771490951,1.0,1.0
2026-03-22T21:10:07.745-306470-287963,109,true,26.068164709130368,1,3054.5296067818203,1.0,0.999
2026-03-22T21:10:07.745-306470-287963,354,false,283.578663462563,1,3054.5296067818203,1.0,1.0
2026-03-22T21:10:07.745-306470-287963,148,true,1.9681022372112063,1,3052.5615045446093,1.0,0.957
2026-03-22T21:10:07.745-306470-287963,818,false,1.7602889133135582,1,3052.5615045446093,1.0,1.0
2026-03-22T21:10:07.745-306470-287963,932,false,32.241984198857,1,3052.5615045446093,1.0,1.0
2026-03-22T21:10:07.745-306470-287963,71,false,5.056463554633777,1,3052.5615045446093,1.0,1.0
2026-03-22T21:10:07.745-306470-287963,400,false,0.3359578221761422,1,3052.5615045446093,1.0,1.0
2026-03-22T21:10:07.745-306470-287963,468,false,0.11019180790501877,1,3052.5615045446093,1.0,1.0
2026-03-22T21:10:07.745-306470-287963,631,false,17.714647695159734,1,3052.5615045446093,1.0,1.0
2026-03-22T21:10:07.745-306470-287963,236,false,0.467543936738564,1,3052.5615045446093,1.0,1.0
2026-03-22T21:10:07.745-306470-287963,190,false,3.422576016019273,1,3052.5615045446093,1.0,1.0
2026-03-22T21:10:07.745-306470-287963,99,false,2.2062933136101495,1,3052.5615045446093,1.0,1.0
2026-03-22T21:10:07.745-306470-287963,660,false,0.028028045865002887,1,3052.5615045446093,1.0,1.0
2026-03-22T21:10:07.745-306470-287963,112,true,17.952551441865666,1,3034.6089531027437,1.0,0.6859999999999999
2026-03-22T21:10:07.745-306470-287963,121,false,3.469653042365534,1,3034.6089531027437,1.0,1.0
2026-03-22T21:10:07.745-306470-287963,129,false,4.23371365421336,1,3034.6089531027437,1.0,1.0
2026-03-22T21:10:07.745-306470-287963,826,true,4.200589209709803,1,3030.4083638930338,1.0,0.86
2026-03-22T21:10:07.745-306470-287963,994,true,0.24324798024788077,1,3030.165115912786,1.0,0.0030000000000000027
2026-03-22T21:10:07.745-306470-287963,786,false,2.9088567789738997,1,3030.165115912786,1.0,1.0
2026-03-22T21:10:07.745-306470-287963,75,false,4.1927063290153015,1,3030.165115912786,1.0,1.0
2026-03-22T21:10:07.745-306470-287963,260,false,0.07697447625696735,1,3030.165115912786,1.0,1.0
2026-03-22T21:10:07.745-306470-287963,885,true,0.6516343065686077,1,3029.5134816062173,1.0,0.0
2026-03-22T21:10:07.745-306470-287963,762,false,1.4346661387312527,1,3029.5134816062173,1.0,1.0
2026-03-22T21:10:07.745-306470-287963,834,false,1.5132900964003355,1,3029.5134816062173,1.0,1.0
2026-03-22T21:10:07.745-306470-287963,506,false,1.1999063035219828,1,3029.5134816062173,1.0,1.0
2026-03-22T21:10:07.745-306470-287963,319,false,1.7877689708490898,1,3029.5134816062173,1.0,1.0
2026-03-22T21:10:07.745-306470-287963,698,false,1.0847945747594332,1,3029.5134816062173,1.0,1.0
2026-03-22T21:10:07.745-306470-287963,277,false,22.199124296903467,1,3029.5134816062173,1.0,1.0
2026-03-22T21:10:07.745-306470-287963,95,false,113.91716033429009,1,3029.5134816062173,1.0,1.0
2026-03-22T21:10:07.745-306470-287963,681,false,119.81483285254616,1,3029.5134816062173,1.0,1.0
2026-03-22T21:10:07.745-306470-287963,954,false,0.5807726229686939,1,3029.5134816062173,1.0,1.0
2026-03-22T21:10:07.745-306470-287963,873,true,4.36392170278445,1,3025.149559903433,1.0,0.0
2026-03-22T21:10:07.745-306470-287963,472,false,2.1501620518842617,1,3025.149559903433,1.0,1.0
2026-03-22T21:10:07.745-306470-287963,139,false,17.256676704484274,1,3025.149559903433,1.0,1.0
2026-03-22T21:10:07.745-306470-287963,160,false,0.04206598492700165,1,3025.149559903433,1.0,1.0
2026-03-22T21:10:07.745-306470-287963,999,true,3.425707161192764,1,3021.72385274224,1.0,0.0
2026-03-22T21:10:07.745-306470-287963,700,false,0.9815082009763765,1,3021.72385274224,1.0,1.0
2026-03-22T21:10:07.745-306470-287963,891,false,5.7127060065298085,1,3021.72385274224,1.0,1.0
2026-03-22T21:10:07.745-306470-287963,678,false,7.3517981556511725,1,3021.72385274224,1.0,1.0
2026-03-22T21:10:07.745-306470-287963,575,true,10.176147192667488,1,3011.5477055495726,1.0,0.7110000000000001
2026-03-22T21:10:07.745-306470-287963,526,false,0.9232052513367979,1,3011.5477055495726,1.0,1.0
2026-03-22T21:10:07.745-306470-287963,465,false,0.4608675125656168,1,3011.5477055495726,1.0,1.0
2026-03-22T21:10:07.745-306470-287963,61,false,12.923973535764643,1,3011.5477055495726,1.0,1.0
2026-03-22T21:10:07.745-306470-287963,420,false,1.8903647144968851,1,3011.5477055495726,1.0,1.0
2026-03-22T21:10:07.745-306470-287963,505,false,0.7111878775006484,1,3011.5477055495726,1.0,1.0
2026-03-22T21:10:07.745-306470-287963,746,false,530.9294248355461,1,3011.5477055495726,1.0,1.0
2026-03-22T21:10:07.745-306470-287963,312,true,14.287608619976421,1,2997.2600969295963,1.0,0.122
2026-03-22T21:10:07.745-306470-287963,81,true,3.6083161831112225,1,2993.651780746485,1.0,0.839
2026-03-22T21:10:07.745-306470-287963,524,false,0.49723989499261106,1,2993.651780746485,1.0,1.0
2026-03-22T21:10:07.745-306470-287963,211,false,10.938211865199687,1,2993.651780746485,1.0,1.0
2026-03-22T21:10:07.745-306470-287963,136,false,0.9271017906315098,1,2993.651780746485,1.0,1.0
2026-03-22T21:10:07.745-306470-287963,344,false,15.856420868136626,1,2993.651780746485,1.0,1.0
2026-03-22T21:10:07.745-306470-287963,440,false,3.462805592549562,1,2993.651780746485,1.0,1.0
2026-03-22T21:10:07.745-306470-287963,571,false,3.5548221302310767,1,2993.651780746485,1.0,1.0
2026-03-22T21:10:07.745-306470-287963,785,false,27.88713661309228,1,2993.651780746485,1.0,1.0
2026-03-22T21:10:07.745-306470-287963,3,false,1.2941258733395096,1,2993.651780746485,1.0,1.0
2026-03-22T21:10:07.745-306470-287963,116,false,0.2949390319326179,1,2993.651780746485,1.0,1.0
2026-03-22T21:10:07.745-306470-287963,574,true,0.5109347299637149,1,2993.1408460165217,1.0,0.6990000000000001
2026-03-22T21:10:07.745-306470-287963,56,false,10.369304915353334,1,2993.1408460165217,1.0,1.0
2026-03-22T21:10:07.745-306470-287963,431,false,9.636878688320458,1,2993.1408460165217,1.0,1.0
2026-03-22T21:10:07.745-306470-287963,496,false,0.033642706619330214,1,2993.1408460165217,1.0,1.0
2026-03-22T21:10:07.745-306470-287963,122,false,0.17368332810494577,1,2993.1408460165217,1.0,1.0
2026-03-22T21:10:07.745-306470-287963,403,false,14.134480708383549,1,2993.1408460165217,1.0,1.0
2026-03-22T21:10:07.745-306470-287963,365,true,1.116581196818153,1,2992.0242648197036,1.0,0.0
2026-03-22T21:10:07.745-306470-287963,830,false,7.044340489735619,1,2992.0242648197036,1.0,1.0
2026-03-22T21:10:07.745-306470-287963,345,false,2.671105252761055,1,2992.0242648197036,1.0,1.0
2026-03-22T21:10:07.745-306470-287963,63,false,0.41561360852634716,1,2992.0242648197036,1.0,1.0
2026-03-22T21:10:07.745-306470-287963,501,false,13.133915051297981,1,2992.0242648197036,1.0,1.0
2026-03-22T21:10:07.745-306470-287963,493,false,15.244693019097742,1,2992.0242648197036,1.0,1.0
2026-03-22T21:10:07.745-306470-287963,90,true,0.23143026678480816,1,2991.792834552919,1.0,0.039000000000000035
2026-03-22T21:10:07.745-306470-287963,487,false,4.3550466873767055,1,2991.792834552919,1.0,1.0
2026-03-22T21:10:07.745-306470-287963,589,false,4.035788350392673,1,2991.792834552919,1.0,1.0
2026-03-22T21:10:07.745-306470-287963,984,false,18.274317799026775,1,2991.792834552919,1.0,1.0
2026-03-22T21:10:07.745-306470-287963,779,false,5.220473987851645,1,2991.792834552919,1.0,1.0
2026-03-22T21:10:07.745-306470-287963,338,false,1.212278865334867,1,2991.792834552919,1.0,1.0
2026-03-22T21:10:07.745-306470-287963,653,false,26.027395402321655,1,2991.792834552919,1.0,1.0
2026-03-22T21:10:07.745-306470-287963,469,false,2.463492009869665,1,2991.792834552919,1.0,1.0
2026-03-22T21:10:07.745-306470-287963,806,false,2.3050889353869635,1,2991.792834552919,1.0,1.0
2026-03-22T21:10:07.745-306470-287963,967,true,2.025820662974894,1,2989.767013889944,1.0,0.999
2026-03-22T21:10:07.745-306470-287963,80,true,2.209819087762252,1,2987.5571948021816,1.0,0.0040000000000000036
2026-03-22T21:10:07.745-306470-287963,290,false,0.8081924537522789,1,2987.5571948021816,1.0,1.0
2026-03-22T21:10:07.745-306470-287963,255,false,8.680903616536261,1,2987.5571948021816,1.0,1.0
2026-03-22T21:10:07.745-306470-287963,91,true,1.2041213166494813,1,2986.353073485532,1.0,0.0
2026-03-22T21:10:07.745-306470-287963,992,true,22.15047505680968,1,2964.2025984287225,1.0,0.6799999999999999
2026-03-22T21:10:07.745-306470-287963,219,false,0.43789551561015605,1,2964.2025984287225,1.0,1.0
2026-03-22T21:10:07.745-306470-287963,105,false,0.7399796413956219,1,2964.2025984287225,1.0,1.0
2026-03-22T21:10:07.745-306470-287963,889,true,10.745879665704397,1,2953.456718763018,1.0,0.92
2026-03-22T21:10:07.745-306470-287963,104,true,3.172921096196889,1,2950.283797666821,1.0,0.925
2026-03-22T21:10:07.745-306470-287963,182,false,5.257447026219733,1,2950.283797666821,1.0,1.0
2026-03-22T21:10:07.745-306470-287963,822,false,6.965147211178522,1,2950.283797666821,1.0,1.0
2026-03-22T21:10:07.745-306470-287963,132,false,1.8563315653596355,1,2950.283797666821,1.0,1.0
2026-03-22T21:10:07.745-306470-287963,266,false,0.6062314959080751,1,2950.283797666821,1.0,1.0
2026-03-22T21:10:07.745-306470-287963,722,false,0.6990835742473335,1,2950.283797666821,1.0,1.0
2026-03-22T21:10:07.745-306470-287963,868,true,10.26987432448396,1,2940.013923342337,1.0,0.694
2026-03-22T21:10:07.745-306470-287963,256,false,4.070077181668436,1,2940.013923342337,1.0,1.0
2026-03-22T21:10:07.745-306470-287963,763,false,113.8241939449071,1,2940.013923342337,1.0,1.0
2026-03-22T21:10:07.745-306470-287963,79,true,12.451972867349944,1,2927.561950474987,1.0,0.0010000000000000009
2026-03-22T21:10:07.745-306470-287963,356,true,36.50825415541735,1,2891.0536963195696,1.0,0.704
2026-03-22T21:10:07.745-306470-287963,902,false,1.5558566035792196,1,2891.0536963195696,1.0,1.0
2026-03-22T21:10:07.745-306470-287963,171,true,6.698158723421939,1,2884.3555375961478,1.0,0.683
2026-03-22T21:10:07.745-306470-287963,846,false,4.693403897077417,1,2884.3555375961478,1.0,1.0
2026-03-22T21:10:07.745-306470-287963,313,true,5.9063662920768545,1,2878.449171304071,1.0,0.706
2026-03-22T21:10:07.745-306470-287963,332,false,15.589253932171,1,2878.449171304071,1.0,1.0
2026-03-22T21:10:07.745-306470-287963,1000,true,21.525046859343657,1,2856.9241244447276,1.0,0.0
2026-03-22T21:10:07.745-306470-287963,952,false,0.3353709452945862,1,2856.9241244447276,1.0,1.0
2026-03-22T21:10:07.745-306470-287963,97,true,2.0720606459064728,1,2854.8520637988213,1.0,0.843
2026-03-22T21:10:07.745-306470-287963,667,false,1.1728654325555357,1,2854.8520637988213,1.0,1.0
2026-03-22T21:10:07.745-306470-287963,293,false,0.029574496940839013,1,2854.8520637988213,1.0,1.0
2026-03-22T21:10:07.745-306470-287963,251,true,0.7388383066086225,1,2854.1132254922127,1.0,0.0020000000000000018
2026-03-22T21:10:07.745-306470-287963,93,true,0.3241540922357982,1,2853.789071399977,1.0,0.0020000000000000018
2026-03-22T21:10:07.745-306470-287963,169,true,0.3118177453300579,1,2853.4772536546466,1.0,0.0
2026-03-22T21:10:07.745-306470-287963,384,false,6.236899413638735,1,2853.4772536546466,1.0,1.0
2026-03-22T21:10:07.745-306470-287963,509,false,8.36905532157308,1,2853.4772536546466,1.0,1.0
2026-03-22T21:10:07.745-306470-287963,421,false,0.12008858538897693,1,2853.4772536546466,1.0,1.0
2026-03-22T21:10:07.745-306470-287963,900,false,1.3771392182236177,1,2853.4772536546466,1.0,1.0
2026-03-22T21:10:07.745-306470-287963,920,true,1.0073274475209362,1,2852.469926207126,1.0,0.924
2026-03-22T21:10:07.745-306470-287963,385,false,23.692705917630274,1,2852.469926207126,1.0,1.0
2026-03-22T21:10:07.745-306470-287963,107,true,0.8673396220707928,1,2851.602586585055,1.0,0.0010000000000000009
2026-03-22T21:10:07.745-306470-287963,684,false,0.4447616830484702,1,2851.602586585055,1.0,1.0
2026-03-22T21:10:07.745-306470-287963,767,false,12.108321789353884,1,2851.602586585055,1.0,1.0
2026-03-22T21:10:07.745-306470-287963,960,false,1.603152442356628,1,2851.602586585055,1.0,1.0
2026-03-22T21:10:07.745-306470-287963,226,true,4.058608654630161,1,2847.543977930425,1.0,0.857
2026-03-22T21:10:07.745-306470-287963,563,false,0.5342095157997273,1,2847.543977930425,1.0,1.0
2026-03-22T21:10:07.745-306470-287963,481,true,10.398254971784251,1,2837.145722958641,1.0,0.7010000000000001
2026-03-22T21:10:07.745-306470-287963,688,false,0.20622507655104916,1,2837.145722958641,1.0,1.0
2026-03-22T21:10:07.745-306470-287963,733,true,2.076527683894214,1,2835.0691952747466,1.0,0.0
2026-03-22T21:10:07.745-306470-287963,245,true,0.8704468590938073,1,2834.198748415653,1.0,0.006000000000000005
2026-03-22T21:10:07.745-306470-287963,181,false,1.1898288323962585,1,2834.198748415653,1.0,1.0
2026-03-22T21:10:07.745-306470-287963,969,true,958.2520733010073,1,1875.9466751146456,1.0,0.385
2026-03-22T21:10:07.745-306470-287963,377,false,7.288170172607094,1,1875.9466751146456,1.0,1.0
2026-03-22T21:10:07.745-306470-287963,593,false,4.794211111162179,1,1875.9466751146456,1.0,1.0
2026-03-22T21:10:07.745-306470-287963,715,true,0.5805359586762262,1,1875.3661391559694,1.0,0.0010000000000000009
2026-03-22T21:10:07.745-306470-287963,443,false,1.6218852412887488,1,1875.3661391559694,1.0,1.0
2026-03-22T21:10:07.745-306470-287963,38,false,0.21909916681471908,1,1875.3661391559694,1.0,1.0
2026-03-22T21:10:07.745-306470-287963,866,true,81.58036258906012,1,1793.7857765669094,1.0,0.6859999999999999
2026-03-22T21:10:07.745-306470-287963,749,true,1.8184092543777732,1,1791.9673673125317,1.0,0.831
2026-03-22T21:10:07.745-306470-287963,489,false,4.751605922822709,1,1791.9673673125317,1.0,1.0
2026-03-22T21:10:07.745-306470-287963,525,false,13.170145849354038,1,1791.9673673125317,1.0,1.0
2026-03-22T21:10:07.745-306470-287963,772,false,3.2006544061854645,1,1791.9673673125317,1.0,1.0
2026-03-22T21:10:07.745-306470-287963,72,false,0.011294211771990834,1,1791.9673673125317,1.0,1.0
2026-03-22T21:10:07.745-306470-287963,564,false,6.6192730524487615,1,1791.9673673125317,1.0,1.0
2026-03-22T21:10:07.745-306470-287963,276,false,0.6457267679141033,1,1791.9673673125317,1.0,1.0
2026-03-22T21:10:07.745-306470-287963,958,false,0.7314309279495391,1,1791.9673673125317,1.0,1.0
2026-03-22T21:10:07.745-306470-287963,248,true,1.0607612482626902,1,1790.906606064269,1.0,0.0
2026-03-22T21:10:07.745-306470-287963,418,false,0.0808033348347085,1,1790.906606064269,1.0,1.0
2026-03-22T21:10:07.745-306470-287963,232,false,2.984225027709407,1,1790.906606064269,1.0,1.0
2026-03-22T21:10:07.745-306470-287963,963,true,5.685757082300936,1,1785.2208489819682,1.0,0.872
2026-03-22T21:10:07.745-306470-287963,404,false,0.01752511476552468,1,1785.2208489819682,1.0,1.0
2026-03-22T21:10:07.745-306470-287963,740,false,0.2690063508953757,1,1785.2208489819682,1.0,1.0
2026-03-22T21:10:07.745-306470-287963,552,false,0.20739542481139808,1,1785.2208489819682,1.0,1.0
2026-03-22T21:10:07.745-306470-287963,935,false,0.07483485491814706,1,1785.2208489819682,1.0,1.0
2026-03-22T21:10:07.745-306470-287963,876,true,2.394401418835015,1,1782.8264475631331,1.0,0.0
2026-03-22T21:10:07.745-306470-287963,252,true,230.64991828468118,1,1552.1765292784519,1.0,0.0
2026-03-22T21:10:07.745-306470-287963,928,false,0.3361715159391615,1,1552.1765292784519,1.0,1.0
2026-03-22T21:10:07.745-306470-287963,413,false,12.205754981572179,1,1552.1765292784519,1.0,1.0
2026-03-22T21:10:07.745-306470-287963,140,false,5.33642439711018,1,1552.1765292784519,1.0,1.0
2026-03-22T21:10:07.745-306470-287963,671,false,5.294312393443923,1,1552.1765292784519,1.0,1.0
2026-03-22T21:10:07.745-306470-287963,529,false,142.864614082296,1,1552.1765292784519,1.0,1.0
2026-03-22T21:10:07.745-306470-287963,793,false,6.76797976007192,1,1552.1765292784519,1.0,1.0
2026-03-22T21:10:07.745-306470-287963,911,false,6.637812936607587,1,1552.1765292784519,1.0,1.0
2026-03-22T21:10:07.745-306470-287963,727,false,1.1204082481203061,1,1552.1765292784519,1.0,1.0
2026-03-22T21:10:07.745-306470-287963,549,false,3.940423103920218,1,1552.1765292784519,1.0,1.0
2026-03-22T21:10:07.745-306470-287963,576,true,10.386625490331017,1,1541.789903788121,1.0,0.0
2026-03-22T21:10:07.745-306470-287963,855,false,0.24158846644834864,1,1541.789903788121,1.0,1.0
2026-03-22T21:10:07.745-306470-287963,22,false,0.6019341207250474,1,1541.789903788121,1.0,1.0
2026-03-22T21:10:07.745-306470-287963,316,true,1.0835414444482443,1,1540.7063623436727,1.0,0.719
2026-03-22T21:10:07.745-306470-287963,370,false,0.16047511203928425,1,1540.7063623436727,1.0,1.0
2026-03-22T21:10:07.745-306470-287963,343,false,3.2888138402112763,1,1540.7063623436727,1.0,1.0
2026-03-22T21:10:07.745-306470-287963,428,false,263.356938624043,1,1540.7063623436727,1.0,1.0
2026-03-22T21:10:07.745-306470-287963,124,false,5.520069765142573,1,1540.7063623436727,1.0,1.0
2026-03-22T21:10:07.745-306470-287963,497,false,12.828004752851003,1,1540.7063623436727,1.0,1.0
2026-03-22T21:10:07.745-306470-287963,693,false,4.9469314010089205,1,1540.7063623436727,1.0,1.0
2026-03-22T21:10:07.745-306470-287963,829,true,0.32931524263334905,1,1540.3770471010394,1.0,0.72
2026-03-22T21:10:07.745-306470-287963,159,false,1.7413703244044396,1,1540.3770471010394,1.0,1.0
2026-03-22T21:10:07.745-306470-287963,411,false,2.7093607704063323,1,1540.3770471010394,1.0,1.0
2026-03-22T21:10:07.745-306470-287963,694,false,3.4054229583854534,1,1540.3770471010394,1.0,1.0
2026-03-22T21:10:07.745-306470-287963,84,true,0.2576040109632174,1,1540.1194430900762,1.0,0.0
2026-03-22T21:10:07.745-306470-287963,690,false,0.6752200664965698,1,1540.1194430900762,1.0,1.0
2026-03-22T21:10:07.745-306470-287963,820,false,0.09046447223253465,1,1540.1194430900762,1.0,1.0
2026-03-22T21:10:07.745-306470-287963,301,false,0.10997988831273817,1,1540.1194430900762,1.0,1.0
2026-03-22T21:10:07.745-306470-287963,677,false,20.08754400058449,1,1540.1194430900762,1.0,1.0
2026-03-22T21:10:07.745-306470-287963,52,false,19.609636278335095,1,1540.1194430900762,1.0,1.0
2026-03-22T21:10:07.745-306470-287963,455,false,2.857616320434626,1,1540.1194430900762,1.0,1.0
2026-03-22T21:10:07.745-306470-287963,611,false,5.6516239780180655,1,1540.1194430900762,1.0,1.0
2026-03-22T21:10:07.745-306470-287963,761,false,13.365955300333436,1,1540.1194430900762,1.0,1.0
2026-03-22T21:10:07.745-306470-287963,716,true,11.201954342283845,1,1528.9174887477923,1.0,0.0010000000000000009
2026-03-22T21:10:07.745-306470-287963,817,false,0.3258625928866412,1,1528.9174887477923,1.0,1.0
2026-03-22T21:10:07.745-306470-287963,765,false,21.73123682568564,1,1528.9174887477923,1.0,1.0
2026-03-22T21:10:07.745-306470-287963,759,false,0.43465359638295537,1,1528.9174887477923,1.0,1.0
2026-03-22T21:10:07.745-306470-287963,845,false,1.0593866108861636,1,1528.9174887477923,1.0,1.0
2026-03-22T21:10:07.745-306470-287963,581,true,11.569052850267655,1,1517.3484358975247,1.0,0.0
2026-03-22T21:10:07.745-306470-287963,372,false,0.1312123751485949,1,1517.3484358975247,1.0,1.0
2026-03-22T21:10:07.745-306470-287963,867,true,0.22015592607064807,1,1517.128279971454,1.0,0.02300000000000002
2026-03-22T21:10:07.745-306470-287963,809,false,18.294203073861453,1,1517.128279971454,1.0,1.0
2026-03-22T21:10:07.745-306470-287963,14,false,105.86501744292407,1,1517.128279971454,1.0,1.0
2026-03-22T21:10:07.745-306470-287963,152,true,9.22330204220396,1,1507.90497792925,1.0,0.727
2026-03-22T21:10:07.745-306470-287963,393,false,0.07646584713331535,1,1507.90497792925,1.0,1.0
2026-03-22T21:10:07.745-306470-287963,602,false,13.191320375045228,1,1507.90497792925,1.0,1.0
2026-03-22T21:10:07.745-306470-287963,357,true,56.71188884667507,1,1451.193089082575,1.0,0.0
2026-03-22T21:10:07.745-306470-287963,714,true,9.200017786630454,1,1441.9930712959444,1.0,0.0
2026-03-22T21:10:07.745-306470-287963,42,false,0.1316142715962861,1,1441.9930712959444,1.0,1.0
2026-03-22T21:10:07.745-306470-287963,739,false,0.14238853824410883,1,1441.9930712959444,1.0,1.0
2026-03-22T21:10:07.745-306470-287963,23,false,60.095643371151986,1,1441.9930712959444,1.0,1.0
2026-03-22T21:10:07.745-306470-287963,544,false,0.2682005904978204,1,1441.9930712959444,1.0,1.0
2026-03-22T21:10:07.745-306470-287963,986,false,0.36403196262857884,1,1441.9930712959444,1.0,1.0
2026-03-22T21:10:07.745-306470-287963,766,false,0.14418700430507822,1,1441.9930712959444,1.0,1.0
2026-03-22T21:10:07.745-306470-287963,495,false,6.666477065171741,1,1441.9930712959444,1.0,1.0
2026-03-22T21:10:07.745-306470-287963,737,true,5.370482639721943,1,1436.6225886562224,1.0,0.0040000000000000036
2026-03-22T21:10:07.745-306470-287963,471,false,0.07242167686288571,1,1436.6225886562224,1.0,1.0
2026-03-22T21:10:07.745-306470-287963,812,true,17.6514482091894,1,1418.9711404470331,1.0,0.868
2026-03-22T21:10:07.745-306470-287963,616,false,0.8534796085752742,1,1418.9711404470331,1.0,1.0
2026-03-22T21:10:07.745-306470-287963,865,true,0.41899918025535715,1,1418.5521412667777,1.0,0.0
2026-03-22T21:10:07.745-306470-287963,477,false,1.8720141602294003,1,1418.5521412667777,1.0,1.0
2026-03-22T21:10:07.745-306470-287963,302,false,1.1751499174072861,1,1418.5521412667777,1.0,1.0
2026-03-22T21:10:07.745-306470-287963,706,true,3.9740126421726716,1,1414.578128624605,1.0,0.7130000000000001
2026-03-22T21:10:07.745-306470-287963,991,true,2.6586106948657435,1,1411.9195179297392,1.0,0.0040000000000000036
2026-03-22T21:10:07.745-306470-287963,689,false,0.12853849235622625,1,1411.9195179297392,1.0,1.0
2026-03-22T21:10:07.745-306470-287963,532,false,0.2636828702720477,1,1411.9195179297392,1.0,1.0
2026-03-22T21:10:07.745-306470-287963,922,true,12.961370313864427,1,1398.9581476158749,1.0,0.7130000000000001
2026-03-22T21:10:07.745-306470-287963,628,false,2.294343606052729,1,1398.9581476158749,1.0,1.0
2026-03-22T21:10:07.745-306470-287963,218,false,2.8802176353290587,1,1398.9581476158749,1.0,1.0
2026-03-22T21:10:07.745-306470-287963,470,false,1.9331524274057608,1,1398.9581476158749,1.0,1.0
2026-03-22T21:10:07.745-306470-287963,53,false,21.59465767613492,1,1398.9581476158749,1.0,1.0
2026-03-22T21:10:07.745-306470-287963,913,false,10.167485021492041,1,1398.9581476158749,1.0,1.0
2026-03-22T21:10:07.745-306470-287963,585,true,7.176560739474964,1,1391.7815868763998,1.0,0.030000000000000027
2026-03-22T21:10:07.745-306470-287963,756,true,11.782319898525492,1,1379.9992669778744,1.0,0.999
2026-03-22T21:10:07.745-306470-287963,993,true,3.9245406743142945,1,1376.07472630356,1.0,0.0
2026-03-22T21:10:07.745-306470-287963,562,false,0.29294447625463776,1,1376.07472630356,1.0,1.0
2026-03-22T21:10:07.745-306470-287963,630,false,0.13539340587402596,1,1376.07472630356,1.0,1.0
2026-03-22T21:10:07.745-306470-287963,341,false,7.8706098375338165,1,1376.07472630356,1.0,1.0
2026-03-22T21:10:07.745-306470-287963,287,false,7.041538259811142,1,1376.07472630356,1.0,1.0
2026-03-22T21:10:07.745-306470-287963,36,false,7.34237911311142,1,1376.07472630356,1.0,1.0
2026-03-22T21:10:07.745-306470-287963,569,false,1.7126653477618026,1,1376.07472630356,1.0,1.0
2026-03-22T21:10:07.745-306470-287963,921,true,0.5726227900955622,1,1375.5021035134646,1.0,0.0030000000000000027
2026-03-22T21:10:07.745-306470-287963,634,false,0.0903663969140901,1,1375.5021035134646,1.0,1.0
2026-03-22T21:10:07.745-306470-287963,200,false,0.3491910859939894,1,1375.5021035134646,1.0,1.0
2026-03-22T21:10:07.745-306470-287963,637,false,0.5172110881001936,1,1375.5021035134646,1.0,1.0
2026-03-22T21:10:07.745-306470-287963,40,false,2.953452735519701,1,1375.5021035134646,1.0,1.0
2026-03-22T21:10:07.745-306470-287963,683,false,0.05201694919393775,1,1375.5021035134646,1.0,1.0
2026-03-22T21:10:07.745-306470-287963,334,false,75.55138600401311,1,1375.5021035134646,1.0,1.0
2026-03-22T21:10:07.745-306470-287963,467,false,5.453257828507434,1,1375.5021035134646,1.0,1.0
2026-03-22T21:10:07.745-306470-287963,358,true,0.22815335559055275,1,1375.273950157874,1.0,0.0
2026-03-22T21:10:07.745-306470-287963,193,false,9.681419557998568,1,1375.273950157874,1.0,1.0
2026-03-22T21:10:07.745-306470-287963,583,true,0.47255342084547347,1,1374.8013967370284,1.0,0.0
2026-03-22T21:10:07.745-306470-287963,625,false,5.391632070335249,1,1374.8013967370284,1.0,1.0
2026-03-22T21:10:07.745-306470-287963,744,false,1.1424477872794117,1,1374.8013967370284,1.0,1.0
2026-03-22T21:10:07.745-306470-287963,408,false,265.57031748078276,1,1374.8013967370284,1.0,1.0
2026-03-22T21:10:07.745-306470-287963,246,true,0.4298796783026876,1,1374.3715170587257,1.0,0.0
2026-03-22T21:10:07.745-306470-287963,43,false,0.06450510407441125,1,1374.3715170587257,1.0,1.0
2026-03-22T21:10:07.745-306470-287963,94,true,2.104995643553066,1,1372.2665214151725,1.0,0.0
2026-03-22T21:10:07.745-306470-287963,153,true,18.643307029396503,1,1353.623214385776,1.0,0.0010000000000000009
2026-03-22T21:10:07.745-306470-287963,423,false,1.6191553111441812,1,1353.623214385776,1.0,1.0
2026-03-22T21:10:07.745-306470-287963,106,false,0.06871359881491816,1,1353.623214385776,1.0,1.0
2026-03-22T21:10:07.745-306470-287963,269,false,0.9723370566230961,1,1353.623214385776,1.0,1.0
2026-03-22T21:10:07.745-306470-287963,508,false,5.256645283450104,1,1353.623214385776,1.0,1.0
2026-03-22T21:10:07.745-306470-287963,270,false,0.019476600501962968,1,1353.623214385776,1.0,1.0
2026-03-22T21:10:07.745-306470-287963,778,false,2.4307051014661836,1,1353.623214385776,1.0,1.0
2026-03-22T21:10:07.745-306470-287963,726,true,39.70854219136529,1,1313.9146721944107,1.0,0.85
2026-03-22T21:10:07.745-306470-287963,851,false,6.700801243819289,1,1313.9146721944107,1.0,1.0
2026-03-22T21:10:07.745-306470-287963,447,false,5.285692118895796,1,1313.9146721944107,1.0,1.0
2026-03-22T21:10:07.745-306470-287963,725,true,0.9514805343959227,1,1312.963191660015,1.0,0.722
2026-03-22T21:10:07.745-306470-287963,326,false,2.259253872788954,1,1312.963191660015,1.0,1.0
2026-03-22T21:10:07.745-306470-287963,108,true,1.0973643590152442,1,1311.8658273009996,1.0,0.0010000000000000009
2026-03-22T21:10:07.745-306470-287963,429,false,2.521242854502324,1,1311.8658273009996,1.0,1.0
2026-03-22T21:10:07.745-306470-287963,603,false,3.839356778616693,1,1311.8658273009996,1.0,1.0
2026-03-22T21:10:07.745-306470-287963,730,true,18.50302348932452,1,1293.3628038116751,1.0,0.0040000000000000036
2026-03-22T21:10:07.745-306470-287963,48,false,19.606666554029722,1,1293.3628038116751,1.0,1.0
2026-03-22T21:10:07.745-306470-287963,274,false,35.691223749967016,1,1293.3628038116751,1.0,1.0
2026-03-22T21:10:07.745-306470-287963,974,false,12.666362673270378,1,1293.3628038116751,1.0,1.0
2026-03-22T21:10:07.745-306470-287963,68,false,135.37332318380902,1,1293.3628038116751,1.0,1.0
2026-03-22T21:10:07.745-306470-287963,732,true,9.598392397222025,1,1283.7644114144532,1.0,0.0
2026-03-22T21:10:07.745-306470-287963,606,false,14.345474578554846,1,1283.7644114144532,1.0,1.0
2026-03-22T21:10:07.745-306470-287963,856,false,6.967592870334068,1,1283.7644114144532,1.0,1.0
2026-03-22T21:10:07.745-306470-287963,210,false,29.169955904240016,1,1283.7644114144532,1.0,1.0
2026-03-22T21:10:07.745-306470-287963,523,false,0.6126708711117171,1,1283.7644114144532,1.0,1.0
2026-03-22T21:10:07.745-306470-287963,24,false,0.9511169574197609,1,1283.7644114144532,1.0,1.0
2026-03-22T21:10:07.745-306470-287963,351,false,7.044512822089037,1,1283.7644114144532,1.0,1.0
2026-03-22T21:10:07.745-306470-287963,198,false,1.3731432565111783,1,1283.7644114144532,1.0,1.0
2026-03-22T21:10:07.745-306470-287963,309,true,32.822872226179186,1,1250.941539188274,1.0,0.0
2026-03-22T21:10:07.745-306470-287963,15,false,5.549072958941276,1,1250.941539188274,1.0,1.0
2026-03-22T21:10:07.745-306470-287963,862,true,94.23198725104551,1,1156.7095519372285,1.0,0.7
2026-03-22T21:10:07.745-306470-287963,644,false,0.996059266092826,1,1156.7095519372285,1.0,1.0
2026-03-22T21:10:07.745-306470-287963,803,false,3.0123772754163856,1,1156.7095519372285,1.0,1.0
2026-03-22T21:10:07.745-306470-287963,872,true,1.6228817542088751,1,1155.0866701830196,1.0,0.0
2026-03-22T21:10:07.745-306470-287963,609,false,1.1705091891274433,1,1155.0866701830196,1.0,1.0
2026-03-22T21:10:07.745-306470-287963,555,false,0.9864431382896695,1,1155.0866701830196,1.0,1.0
2026-03-22T21:10:07.745-306470-287963,924,true,1.5666598175715682,1,1153.5200103654481,1.0,0.038000000000000034
2026-03-22T21:10:07.745-306470-287963,73,false,0.09283470484586283,1,1153.5200103654481,1.0,1.0
2026-03-22T21:10:07.745-306470-287963,369,true,0.5676788391315555,1,1152.9523315263166,1.0,0.0
2026-03-22T21:10:07.745-306470-287963,819,false,17.378061756591084,1,1152.9523315263166,1.0,1.0
2026-03-22T21:10:07.745-306470-287963,893,false,1.8477395156371386,1,1152.9523315263166,1.0,1.0
2026-03-22T21:10:07.745-306470-287963,671,false,5.294312393443923,2,1152.9523315263166,1.0,1.0
2026-03-22T21:10:07.745-306470-287963,412,false,0.23987962510358468,2,1152.9523315263166,1.0,1.0
2026-03-22T21:10:07.745-306470-287963,44,false,8.854124472756025,2,1152.9523315263166,1.0,1.0
2026-03-22T21:10:07.745-306470-287963,102,false,0.06230335906278018,2,1152.9523315263166,1.0,1.0
2026-03-22T21:10:07.745-306470-287963,634,false,0.0903663969140901,2,1152.9523315263166,1.0,1.0
2026-03-22T21:10:07.745-306470-287963,804,false,13.455778463557413,2,1152.9523315263166,1.0,1.0
2026-03-22T21:10:07.745-306470-287963,302,false,1.1751499174072861,2,1152.9523315263166,1.0,1.0
2026-03-22T21:10:07.745-306470-287963,466,false,17.388688675232753,2,1152.9523315263166,1.0,1.0
2026-03-22T21:10:07.745-306470-287963,755,true,1.9422313518531742,2,1151.0101001744633,1.0,0.706
2026-03-22T21:10:07.745-306470-287963,56,false,10.369304915353334,2,1151.0101001744633,1.0,1.0
2026-03-22T21:10:07.745-306470-287963,506,false,1.1999063035219828,2,1151.0101001744633,1.0,1.0
2026-03-22T21:10:07.745-306470-287963,636,false,0.09469994089354804,2,1151.0101001744633,1.0,1.0
2026-03-22T21:10:07.745-306470-287963,545,false,12.720940892557447,2,1151.0101001744633,1.0,1.0
2026-03-22T21:10:07.745-306470-287963,329,false,76.55376945898442,2,1151.0101001744633,1.0,1.0
2026-03-22T21:10:07.745-306470-287963,591,false,5.1711690693675445,2,1151.0101001744633,1.0,1.0
2026-03-22T21:10:07.745-306470-287963,770,false,0.15031500021875047,2,1151.0101001744633,1.0,1.0
2026-03-22T21:10:07.745-306470-287963,9,false,6.029728895389115,2,1151.0101001744633,1.0,1.0
2026-03-22T21:10:07.745-306470-287963,422,false,0.760514262982967,2,1151.0101001744633,1.0,1.0
2026-03-22T21:10:07.745-306470-287963,47,false,11.43265242967136,2,1151.0101001744633,1.0,1.0
2026-03-22T21:10:07.745-306470-287963,74,false,13.33227752214652,2,1151.0101001744633,1.0,1.0
2026-03-22T21:10:07.745-306470-287963,230,false,1.097884110489131,2,1151.0101001744633,1.0,1.0
2026-03-22T21:10:07.745-306470-287963,154,true,41.91514973388657,2,1109.0949504405767,1.0,0.0
2026-03-22T21:10:07.745-306470-287963,290,false,0.8081924537522789,2,1109.0949504405767,1.0,1.0
2026-03-22T21:10:07.745-306470-287963,586,true,0.26102527099730105,2,1108.8339251695793,1.0,0.0
2026-03-22T21:10:07.745-306470-287963,32,false,0.820641250999208,2,1108.8339251695793,1.0,1.0
2026-03-22T21:10:07.745-306470-287963,190,false,3.422576016019273,2,1108.8339251695793,1.0,1.0
2026-03-22T21:10:07.745-306470-287963,672,false,0.17579732846357368,2,1108.8339251695793,1.0,1.0
2026-03-22T21:10:07.745-306470-287963,347,false,2.6252276250858237,2,1108.8339251695793,1.0,1.0
2026-03-22T21:10:07.745-306470-287963,177,false,1.0037303157440554,2,1108.8339251695793,1.0,1.0
2026-03-22T21:10:07.745-306470-287963,729,true,1.0150976260227125,2,1107.8188275435566,1.0,0.0
2026-03-22T21:10:07.745-306470-287963,702,false,6.953843122723019,2,1107.8188275435566,1.0,1.0
2026-03-22T21:10:07.745-306470-287963,526,false,0.9232052513367979,2,1107.8188275435566,1.0,1.0
2026-03-22T21:10:07.745-306470-287963,650,false,0.722948475765998,2,1107.8188275435566,1.0,1.0
2026-03-22T21:10:07.745-306470-287963,523,false,0.6126708711117171,2,1107.8188275435566,1.0,1.0
2026-03-22T21:10:07.745-306470-287963,592,false,2.3273183654178706,2,1107.8188275435566,1.0,1.0
2026-03-22T21:10:07.745-306470-287963,301,false,0.10997988831273817,2,1107.8188275435566,1.0,1.0
2026-03-22T21:10:07.745-306470-287963,51,false,130.55894041465842,2,1107.8188275435566,1.0,1.0
2026-03-22T21:10:07.745-306470-287963,467,false,5.453257828507434,2,1107.8188275435566,1.0,1.0
2026-03-22T21:10:07.745-306470-287963,217,false,3.2905275582086038,2,1107.8188275435566,1.0,1.0
2026-03-22T21:10:07.745-306470-287963,869,false,0.1686097681217919,2,1107.8188275435566,1.0,1.0
2026-03-22T21:10:07.745-306470-287963,268,false,1.764856018821513,2,1107.8188275435566,1.0,1.0
2026-03-22T21:10:07.745-306470-287963,913,false,10.167485021492041,2,1107.8188275435566,1.0,1.0
2026-03-22T21:10:07.745-306470-287963,69,false,0.47163785861742735,2,1107.8188275435566,1.0,1.0
2026-03-22T21:10:07.745-306470-287963,424,false,1.6530043602630484,2,1107.8188275435566,1.0,1.0
2026-03-22T21:10:07.745-306470-287963,4,false,22.36948429031452,2,1107.8188275435566,1.0,1.0
2026-03-22T21:10:07.745-306470-287963,437,false,34.208134869183475,2,1107.8188275435566,1.0,1.0
2026-03-22T21:10:07.745-306470-287963,608,false,56.23389347491748,2,1107.8188275435566,1.0,1.0
2026-03-22T21:10:07.745-306470-287963,541,false,997.4648777948793,2,1107.8188275435566,1.0,1.0
2026-03-22T21:10:07.745-306470-287963,852,true,39.048244118367776,2,1068.7705834251888,1.0,0.838
2026-03-22T21:10:07.745-306470-287963,528,false,3.986495985669932,2,1068.7705834251888,1.0,1.0
2026-03-22T21:10:07.745-306470-287963,184,false,3.2343654946525193,2,1068.7705834251888,1.0,1.0
2026-03-22T21:10:07.745-306470-287963,663,false,2.6589974846025775,2,1068.7705834251888,1.0,1.0
2026-03-22T21:10:07.745-306470-287963,540,false,3.6909126133523595,2,1068.7705834251888,1.0,1.0
2026-03-22T21:10:07.745-306470-287963,31,false,9.998911671798492,2,1068.7705834251888,1.0,1.0
2026-03-22T21:10:07.745-306470-287963,618,false,14.281261895443118,2,1068.7705834251888,1.0,1.0
2026-03-22T21:10:07.745-306470-287963,926,true,19.948291597759432,2,1048.8222918274294,1.0,0.126
2026-03-22T21:10:07.745-306470-287963,609,false,1.1705091891274433,2,1048.8222918274294,1.0,1.0
2026-03-22T21:10:07.745-306470-287963,945,false,119.85589148698486,2,1048.8222918274294,1.0,1.0
2026-03-22T21:10:07.745-306470-287963,902,false,1.5558566035792196,2,1048.8222918274294,1.0,1.0
2026-03-22T21:10:07.745-306470-287963,426,false,197.3301761081437,2,1048.8222918274294,1.0,1.0
2026-03-22T21:10:07.745-306470-287963,445,false,0.3604154014702086,2,1048.8222918274294,1.0,1.0
2026-03-22T21:10:07.745-306470-287963,401,false,0.1732070283031552,2,1048.8222918274294,1.0,1.0
2026-03-22T21:10:07.745-306470-287963,802,false,15.903468560272104,2,1048.8222918274294,1.0,1.0
