2026-03-22T21:10:07.745-306470-798098,453,false,57.42644776592359,1,3616.459746449225,1.0,1.0
2026-03-22T21:10:07.745-306470-798098,815,false,3.5439446100671446,1,3616.459746449225,1.0,1.0
2026-03-22T21:10:07.745-306470-798098,342,false,6.2557777943878055,1,3616.459746449225,1.0,1.0
2026-03-22T21:10:07.745-306470-798098,792,false,0.017197978147695414,1,3616.459746449225,1.0,1.0
2026-03-22T21:10:07.745-306470-798098,921,false,0.5726227900955622,1,3616.459746449225,1.0,1.0
2026-03-22T21:10:07.745-306470-798098,702,false,6.953843122723019,1,3616.459746449225,1.0,1.0
2026-03-22T21:10:07.745-306470-798098,771,false,1.256994279246137,1,3616.459746449225,1.0,1.0
2026-03-22T21:10:07.745-306470-798098,252,false,230.64991828468118,1,3616.459746449225,1.0,1.0
2026-03-22T21:10:07.745-306470-798098,649,false,7.751932969075615,1,3616.459746449225,1.0,1.0
2026-03-22T21:10:07.745-306470-798098,293,false,0.029574496940839013,1,3616.459746449225,1.0,1.0
2026-03-22T21:10:07.745-306470-798098,182,false,5.257447026219733,1,3616.459746449225,1.0,1.0
2026-03-22T21:10:07.745-306470-798098,789,false,0.05064122161378792,1,3616.459746449225,1.0,1.0
2026-03-22T21:10:07.745-306470-798098,993,true,3.9245406743142945,1,3612.5352057749105,1.0,0.62
2026-03-22T21:10:07.745-306470-798098,637,false,0.5172110881001936,1,3612.5352057749105,1.0,1.0
2026-03-22T21:10:07.745-306470-798098,620,false,5.115909708369531,1,3612.5352057749105,1.0,1.0
2026-03-22T21:10:07.745-306470-798098,344,false,15.856420868136626,1,3612.5352057749105,1.0,1.0
2026-03-22T21:10:07.745-306470-798098,283,false,3.10221816456602,1,3612.5352057749105,1.0,1.0
2026-03-22T21:10:07.745-306470-798098,666,false,0.6638759988897446,1,3612.5352057749105,1.0,1.0
2026-03-22T21:10:07.745-306470-798098,580,false,5.337420974182477,1,3612.5352057749105,1.0,1.0
2026-03-22T21:10:07.745-306470-798098,665,false,29.264896235904246,1,3612.5352057749105,1.0,1.0
2026-03-22T21:10:07.745-306470-798098,236,false,0.467543936738564,1,3612.5352057749105,1.0,1.0
2026-03-22T21:10:07.745-306470-798098,274,false,35.691223749967016,1,3612.5352057749105,1.0,1.0
2026-03-22T21:10:07.745-306470-798098,703,false,0.012616209526724067,1,3612.5352057749105,1.0,1.0
2026-03-22T21:10:07.745-306470-798098,538,false,1.9098180710776809,1,3612.5352057749105,1.0,1.0
2026-03-22T21:10:07.745-306470-798098,777,false,10.401953928554066,1,3612.5352057749105,1.0,1.0
2026-03-22T21:10:07.745-306470-798098,724,false,2.543127529446701,1,3612.5352057749105,1.0,1.0
2026-03-22T21:10:07.745-306470-798098,221,true,10.330938165985089,1,3602.2042676089254,1.0,0.639
2026-03-22T21:10:07.745-306470-798098,12,false,3.5121230191551143,1,3602.2042676089254,1.0,1.0
2026-03-22T21:10:07.745-306470-798098,619,false,4.36996564196784,1,3602.2042676089254,1.0,1.0
2026-03-22T21:10:07.745-306470-798098,901,false,70.20552919992775,1,3602.2042676089254,1.0,1.0
2026-03-22T21:10:07.745-306470-798098,166,true,0.8680981205375208,1,3601.336169488388,1.0,0.63
2026-03-22T21:10:07.745-306470-798098,829,false,0.32931524263334905,1,3601.336169488388,1.0,1.0
2026-03-22T21:10:07.745-306470-798098,120,false,72.96060585941831,1,3601.336169488388,1.0,1.0
2026-03-22T21:10:07.745-306470-798098,399,false,3.8280050212519385,1,3601.336169488388,1.0,1.0
2026-03-22T21:10:07.745-306470-798098,874,false,51.43370886852584,1,3601.336169488388,1.0,1.0
2026-03-22T21:10:07.745-306470-798098,766,false,0.14418700430507822,1,3601.336169488388,1.0,1.0
2026-03-22T21:10:07.745-306470-798098,187,false,0.4987077499100146,1,3601.336169488388,1.0,1.0
2026-03-22T21:10:07.745-306470-798098,421,false,0.12008858538897693,1,3601.336169488388,1.0,1.0
2026-03-22T21:10:07.745-306470-798098,980,false,42.097403288491776,1,3601.336169488388,1.0,1.0
2026-03-22T21:10:07.745-306470-798098,86,false,0.16582950324109358,1,3601.336169488388,1.0,1.0
2026-03-22T21:10:07.745-306470-798098,374,false,6.303194466646583,1,3601.336169488388,1.0,1.0
2026-03-22T21:10:07.745-306470-798098,400,false,0.3359578221761422,1,3601.336169488388,1.0,1.0
2026-03-22T21:10:07.745-306470-798098,340,false,0.5020613841429944,1,3601.336169488388,1.0,1.0
2026-03-22T21:10:07.745-306470-798098,800,false,0.11201984645373907,1,3601.336169488388,1.0,1.0
2026-03-22T21:10:07.745-306470-798098,108,false,1.0973643590152442,1,3601.336169488388,1.0,1.0
2026-03-22T21:10:07.745-306470-798098,472,true,2.1501620518842617,1,3599.1860074365036,1.0,0.636
2026-03-22T21:10:07.745-306470-798098,535,false,2.061778957309091,1,3599.1860074365036,1.0,1.0
2026-03-22T21:10:07.745-306470-798098,296,false,0.7194793597328828,1,3599.1860074365036,1.0,1.0
2026-03-22T21:10:07.745-306470-798098,852,true,39.048244118367776,1,3560.137763318136,1.0,0.787
2026-03-22T21:10:07.745-306470-798098,799,false,31.10985782103056,1,3560.137763318136,1.0,1.0
2026-03-22T21:10:07.745-306470-798098,684,false,0.4447616830484702,1,3560.137763318136,1.0,1.0
2026-03-22T21:10:07.745-306470-798098,645,false,6.220449949419782,1,3560.137763318136,1.0,1.0
2026-03-22T21:10:07.745-306470-798098,832,false,7.623290859709899,1,3560.137763318136,1.0,1.0
2026-03-22T21:10:07.745-306470-798098,843,false,26.19013212215437,1,3560.137763318136,1.0,1.0
2026-03-22T21:10:07.745-306470-798098,462,false,0.025737997443292387,1,3560.137763318136,1.0,1.0
2026-03-22T21:10:07.745-306470-798098,796,false,5.296841494322285,1,3560.137763318136,1.0,1.0
2026-03-22T21:10:07.745-306470-798098,873,false,4.36392170278445,1,3560.137763318136,1.0,1.0
2026-03-22T21:10:07.745-306470-798098,66,false,1.1616883846461679,1,3560.137763318136,1.0,1.0
2026-03-22T21:10:07.745-306470-798098,805,false,4.311311615672319,1,3560.137763318136,1.0,1.0
2026-03-22T21:10:07.745-306470-798098,143,false,9.835910534532552,1,3560.137763318136,1.0,1.0
2026-03-22T21:10:07.745-306470-798098,871,false,2.431989121827234,1,3560.137763318136,1.0,1.0
2026-03-22T21:10:07.745-306470-798098,437,false,34.208134869183475,1,3560.137763318136,1.0,1.0
2026-03-22T21:10:07.745-306470-798098,760,false,27.416805130659355,1,3560.137763318136,1.0,1.0
2026-03-22T21:10:07.745-306470-798098,894,false,3.789005013536959,1,3560.137763318136,1.0,1.0
2026-03-22T21:10:07.745-306470-798098,313,false,5.9063662920768545,1,3560.137763318136,1.0,1.0
2026-03-22T21:10:07.745-306470-798098,639,false,0.38446739024827337,1,3560.137763318136,1.0,1.0
2026-03-22T21:10:07.745-306470-798098,125,false,12.067762227650917,1,3560.137763318136,1.0,1.0
2026-03-22T21:10:07.745-306470-798098,517,false,1.9677076909493807,1,3560.137763318136,1.0,1.0
2026-03-22T21:10:07.745-306470-798098,770,false,0.15031500021875047,1,3560.137763318136,1.0,1.0
2026-03-22T21:10:07.745-306470-798098,471,false,0.07242167686288571,1,3560.137763318136,1.0,1.0
2026-03-22T21:10:07.745-306470-798098,7,true,2.790811243716747,1,3557.3469520744193,1.0,0.631
2026-03-22T21:10:07.745-306470-798098,690,false,0.6752200664965698,1,3557.3469520744193,1.0,1.0
2026-03-22T21:10:07.745-306470-798098,373,false,7.639331817631423,1,3557.3469520744193,1.0,1.0
2026-03-22T21:10:07.745-306470-798098,315,false,1.6115581621716508,1,3557.3469520744193,1.0,1.0
2026-03-22T21:10:07.745-306470-798098,359,false,15.444256361844992,1,3557.3469520744193,1.0,1.0
2026-03-22T21:10:07.745-306470-798098,190,false,3.422576016019273,1,3557.3469520744193,1.0,1.0
2026-03-22T21:10:07.745-306470-798098,743,false,3.08373755462726,1,3557.3469520744193,1.0,1.0
2026-03-22T21:10:07.745-306470-798098,597,false,2.0197122507243197,1,3557.3469520744193,1.0,1.0
2026-03-22T21:10:07.745-306470-798098,940,false,3.0392399652256987,1,3557.3469520744193,1.0,1.0
2026-03-22T21:10:07.745-306470-798098,129,false,4.23371365421336,1,3557.3469520744193,1.0,1.0
2026-03-22T21:10:07.745-306470-798098,994,true,0.24324798024788077,1,3557.1037040941715,1.0,0.0010000000000000009
2026-03-22T21:10:07.745-306470-798098,875,false,7.969210778024255,1,3557.1037040941715,1.0,1.0
2026-03-22T21:10:07.745-306470-798098,287,false,7.041538259811142,1,3557.1037040941715,1.0,1.0
2026-03-22T21:10:07.745-306470-798098,772,false,3.2006544061854645,1,3557.1037040941715,1.0,1.0
2026-03-22T21:10:07.745-306470-798098,418,false,0.0808033348347085,1,3557.1037040941715,1.0,1.0
2026-03-22T21:10:07.745-306470-798098,745,false,2.2091065621369523,1,3557.1037040941715,1.0,1.0
2026-03-22T21:10:07.745-306470-798098,870,true,13.92643655504969,1,3543.1772675391217,1.0,0.618
2026-03-22T21:10:07.745-306470-798098,687,false,247.956147042013,1,3543.1772675391217,1.0,1.0
2026-03-22T21:10:07.745-306470-798098,681,false,119.81483285254616,1,3543.1772675391217,1.0,1.0
2026-03-22T21:10:07.745-306470-798098,284,false,2.171944070009299,1,3543.1772675391217,1.0,1.0
2026-03-22T21:10:07.745-306470-798098,395,false,11.67740482972294,1,3543.1772675391217,1.0,1.0
2026-03-22T21:10:07.745-306470-798098,464,false,60.77839879094486,1,3543.1772675391217,1.0,1.0
2026-03-22T21:10:07.745-306470-798098,266,false,0.6062314959080751,1,3543.1772675391217,1.0,1.0
2026-03-22T21:10:07.745-306470-798098,735,false,1.8118306498799317,1,3543.1772675391217,1.0,1.0
2026-03-22T21:10:07.745-306470-798098,232,false,2.984225027709407,1,3543.1772675391217,1.0,1.0
2026-03-22T21:10:07.745-306470-798098,361,false,0.0454446335490605,1,3543.1772675391217,1.0,1.0
2026-03-22T21:10:07.745-306470-798098,229,false,9.035327179191954,1,3543.1772675391217,1.0,1.0
2026-03-22T21:10:07.745-306470-798098,356,true,36.50825415541735,1,3506.669013383704,1.0,0.628
2026-03-22T21:10:07.745-306470-798098,725,false,0.9514805343959227,1,3506.669013383704,1.0,1.0
2026-03-22T21:10:07.745-306470-798098,112,false,17.952551441865666,1,3506.669013383704,1.0,1.0
2026-03-22T21:10:07.745-306470-798098,563,false,0.5342095157997273,1,3506.669013383704,1.0,1.0
2026-03-22T21:10:07.745-306470-798098,205,false,367.28280115241216,1,3506.669013383704,1.0,1.0
2026-03-22T21:10:07.745-306470-798098,881,false,1.3932595038538633,1,3506.669013383704,1.0,1.0
2026-03-22T21:10:07.745-306470-798098,62,false,0.1864472605664568,1,3506.669013383704,1.0,1.0
2026-03-22T21:10:07.745-306470-798098,814,false,0.02692997122331092,1,3506.669013383704,1.0,1.0
2026-03-22T21:10:07.745-306470-798098,788,false,15.830847720775377,1,3506.669013383704,1.0,1.0
2026-03-22T21:10:07.745-306470-798098,526,false,0.9232052513367979,1,3506.669013383704,1.0,1.0
2026-03-22T21:10:07.745-306470-798098,402,false,0.1390562582310181,1,3506.669013383704,1.0,1.0
2026-03-22T21:10:07.745-306470-798098,579,false,1.8953827604500444,1,3506.669013383704,1.0,1.0
2026-03-22T21:10:07.745-306470-798098,156,false,67.30731020238018,1,3506.669013383704,1.0,1.0
2026-03-22T21:10:07.745-306470-798098,479,false,0.19130410638430131,1,3506.669013383704,1.0,1.0
2026-03-22T21:10:07.745-306470-798098,581,false,11.569052850267655,1,3506.669013383704,1.0,1.0
2026-03-22T21:10:07.745-306470-798098,148,false,1.9681022372112063,1,3506.669013383704,1.0,1.0
2026-03-22T21:10:07.745-306470-798098,956,true,2.573712937827829,1,3504.0953004458765,1.0,0.649
2026-03-22T21:10:07.745-306470-798098,821,false,22.4809317296092,1,3504.0953004458765,1.0,1.0
2026-03-22T21:10:07.745-306470-798098,365,false,1.116581196818153,1,3504.0953004458765,1.0,1.0
2026-03-22T21:10:07.745-306470-798098,275,false,0.270303774782326,1,3504.0953004458765,1.0,1.0
2026-03-22T21:10:07.745-306470-798098,422,false,0.760514262982967,1,3504.0953004458765,1.0,1.0
2026-03-22T21:10:07.745-306470-798098,388,false,0.07397924054987001,1,3504.0953004458765,1.0,1.0
2026-03-22T21:10:07.745-306470-798098,954,true,0.5807726229686939,1,3503.514527822908,1.0,0.0
2026-03-22T21:10:07.745-306470-798098,111,false,1.9777600701257851,1,3503.514527822908,1.0,1.0
2026-03-22T21:10:07.745-306470-798098,13,false,9.257206967324857,1,3503.514527822908,1.0,1.0
2026-03-22T21:10:07.745-306470-798098,934,false,0.18189028996951465,1,3503.514527822908,1.0,1.0
2026-03-22T21:10:07.745-306470-798098,884,true,62.50942611349904,1,3441.005101709409,1.0,0.631
2026-03-22T21:10:07.745-306470-798098,54,false,213.80730142966007,1,3441.005101709409,1.0,1.0
2026-03-22T21:10:07.745-306470-798098,93,false,0.3241540922357982,1,3441.005101709409,1.0,1.0
2026-03-22T21:10:07.745-306470-798098,831,false,14.817893433254396,1,3441.005101709409,1.0,1.0
2026-03-22T21:10:07.745-306470-798098,791,false,10.59352826055162,1,3441.005101709409,1.0,1.0
2026-03-22T21:10:07.745-306470-798098,142,false,1.1214605224921201,1,3441.005101709409,1.0,1.0
2026-03-22T21:10:07.745-306470-798098,157,false,0.014879650496411602,1,3441.005101709409,1.0,1.0
2026-03-22T21:10:07.745-306470-798098,81,false,3.6083161831112225,1,3441.005101709409,1.0,1.0
2026-03-22T21:10:07.745-306470-798098,262,false,0.23324723032993494,1,3441.005101709409,1.0,1.0
2026-03-22T21:10:07.745-306470-798098,973,false,0.20512868049730074,1,3441.005101709409,1.0,1.0
2026-03-22T21:10:07.745-306470-798098,669,false,6.3860327076677965,1,3441.005101709409,1.0,1.0
2026-03-22T21:10:07.745-306470-798098,194,false,6.76823293395174,1,3441.005101709409,1.0,1.0
2026-03-22T21:10:07.745-306470-798098,877,false,11.543668360175932,1,3441.005101709409,1.0,1.0
2026-03-22T21:10:07.745-306470-798098,4,true,22.36948429031452,1,3418.635617419094,1.0,0.0
2026-03-22T21:10:07.745-306470-798098,521,false,11.558538987779908,1,3418.635617419094,1.0,1.0
2026-03-22T21:10:07.745-306470-798098,9,true,6.029728895389115,1,3412.605888523705,1.0,0.0
2026-03-22T21:10:07.745-306470-798098,986,false,0.36403196262857884,1,3412.605888523705,1.0,1.0
2026-03-22T21:10:07.745-306470-798098,617,false,0.6724918478369932,1,3412.605888523705,1.0,1.0
2026-03-22T21:10:07.745-306470-798098,87,false,0.153078302410799,1,3412.605888523705,1.0,1.0
2026-03-22T21:10:07.745-306470-798098,162,false,3.8677476656012937,1,3412.605888523705,1.0,1.0
2026-03-22T21:10:07.745-306470-798098,762,false,1.4346661387312527,1,3412.605888523705,1.0,1.0
2026-03-22T21:10:07.745-306470-798098,311,false,67.21855120468382,1,3412.605888523705,1.0,1.0
2026-03-22T21:10:07.745-306470-798098,271,false,114.60493327177012,1,3412.605888523705,1.0,1.0
2026-03-22T21:10:07.745-306470-798098,303,true,0.3373616074628009,1,3412.268526916242,1.0,0.645
2026-03-22T21:10:07.745-306470-798098,727,false,1.1204082481203061,1,3412.268526916242,1.0,1.0
2026-03-22T21:10:07.745-306470-798098,542,false,2.3969930351932764,1,3412.268526916242,1.0,1.0
2026-03-22T21:10:07.745-306470-798098,923,false,0.4861149254512584,1,3412.268526916242,1.0,1.0
2026-03-22T21:10:07.745-306470-798098,678,false,7.3517981556511725,1,3412.268526916242,1.0,1.0
2026-03-22T21:10:07.745-306470-798098,939,false,4.332690066116355,1,3412.268526916242,1.0,1.0
2026-03-22T21:10:07.745-306470-798098,14,false,105.86501744292407,1,3412.268526916242,1.0,1.0
2026-03-22T21:10:07.745-306470-798098,128,false,194.05793048972942,1,3412.268526916242,1.0,1.0
2026-03-22T21:10:07.745-306470-798098,942,false,0.9699990236057043,1,3412.268526916242,1.0,1.0
2026-03-22T21:10:07.745-306470-798098,946,false,3.681442031655626,1,3412.268526916242,1.0,1.0
2026-03-22T21:10:07.745-306470-798098,541,false,997.4648777948793,1,3412.268526916242,1.0,1.0
2026-03-22T21:10:07.745-306470-798098,20,false,0.7112385842725403,1,3412.268526916242,1.0,1.0
2026-03-22T21:10:07.745-306470-798098,576,false,10.386625490331017,1,3412.268526916242,1.0,1.0
2026-03-22T21:10:07.745-306470-798098,135,false,20.186392412414893,1,3412.268526916242,1.0,1.0
2026-03-22T21:10:07.745-306470-798098,647,false,366.1899320062711,1,3412.268526916242,1.0,1.0
2026-03-22T21:10:07.745-306470-798098,358,true,0.22815335559055275,1,3412.0403735606515,1.0,0.0040000000000000036
2026-03-22T21:10:07.745-306470-798098,748,true,3.4663072372929196,1,3408.5740663233587,1.0,0.577
2026-03-22T21:10:07.745-306470-798098,72,false,0.011294211771990834,1,3408.5740663233587,1.0,1.0
2026-03-22T21:10:07.745-306470-798098,900,false,1.3771392182236177,1,3408.5740663233587,1.0,1.0
2026-03-22T21:10:07.745-306470-798098,775,false,4.548648854185988,1,3408.5740663233587,1.0,1.0
2026-03-22T21:10:07.745-306470-798098,855,true,0.24158846644834864,1,3408.3324778569104,1.0,0.8049999999999999
2026-03-22T21:10:07.745-306470-798098,152,false,9.22330204220396,1,3408.3324778569104,1.0,1.0
2026-03-22T21:10:07.745-306470-798098,301,false,0.10997988831273817,1,3408.3324778569104,1.0,1.0
2026-03-22T21:10:07.745-306470-798098,171,false,6.698158723421939,1,3408.3324778569104,1.0,1.0
2026-03-22T21:10:07.745-306470-798098,906,false,1.3986470920008298,1,3408.3324778569104,1.0,1.0
2026-03-22T21:10:07.745-306470-798098,896,false,0.12139684144403523,1,3408.3324778569104,1.0,1.0
2026-03-22T21:10:07.745-306470-798098,455,false,2.857616320434626,1,3408.3324778569104,1.0,1.0
2026-03-22T21:10:07.745-306470-798098,459,false,1.6465091872067001,1,3408.3324778569104,1.0,1.0
2026-03-22T21:10:07.745-306470-798098,613,false,9.079648645999903,1,3408.3324778569104,1.0,1.0
2026-03-22T21:10:07.745-306470-798098,173,false,1.2815282559784043,1,3408.3324778569104,1.0,1.0
2026-03-22T21:10:07.745-306470-798098,839,false,4.757966496905932,1,3408.3324778569104,1.0,1.0
2026-03-22T21:10:07.745-306470-798098,446,false,5.091265385248055,1,3408.3324778569104,1.0,1.0
2026-03-22T21:10:07.745-306470-798098,633,false,1.6630833348522034,1,3408.3324778569104,1.0,1.0
2026-03-22T21:10:07.745-306470-798098,382,false,2.356571815478851,1,3408.3324778569104,1.0,1.0
2026-03-22T21:10:07.745-306470-798098,147,false,0.3897422256636567,1,3408.3324778569104,1.0,1.0
2026-03-22T21:10:07.745-306470-798098,276,false,0.6457267679141033,1,3408.3324778569104,1.0,1.0
2026-03-22T21:10:07.745-306470-798098,55,false,8.14738860732044,1,3408.3324778569104,1.0,1.0
2026-03-22T21:10:07.745-306470-798098,305,true,3.3417503689299273,1,3404.9907274879806,1.0,0.026000000000000023
2026-03-22T21:10:07.745-306470-798098,676,false,0.4023692051336463,1,3404.9907274879806,1.0,1.0
2026-03-22T21:10:07.745-306470-798098,917,false,1.7641246072252241,1,3404.9907274879806,1.0,1.0
2026-03-22T21:10:07.745-306470-798098,795,false,0.5436518153201697,1,3404.9907274879806,1.0,1.0
2026-03-22T21:10:07.745-306470-798098,763,false,113.8241939449071,1,3404.9907274879806,1.0,1.0
2026-03-22T21:10:07.745-306470-798098,42,false,0.1316142715962861,1,3404.9907274879806,1.0,1.0
2026-03-22T21:10:07.745-306470-798098,306,true,3.6229227164019027,1,3401.367804771579,1.0,0.0
2026-03-22T21:10:07.745-306470-798098,671,false,5.294312393443923,1,3401.367804771579,1.0,1.0
2026-03-22T21:10:07.745-306470-798098,116,false,0.2949390319326179,1,3401.367804771579,1.0,1.0
2026-03-22T21:10:07.745-306470-798098,118,false,27.778138912022158,1,3401.367804771579,1.0,1.0
2026-03-22T21:10:07.745-306470-798098,892,false,2.401251665979939,1,3401.367804771579,1.0,1.0
2026-03-22T21:10:07.745-306470-798098,74,false,13.33227752214652,1,3401.367804771579,1.0,1.0
2026-03-22T21:10:07.745-306470-798098,689,false,0.12853849235622625,1,3401.367804771579,1.0,1.0
2026-03-22T21:10:07.745-306470-798098,203,false,29.398395179213015,1,3401.367804771579,1.0,1.0
2026-03-22T21:10:07.745-306470-798098,499,false,9.072092131826626,1,3401.367804771579,1.0,1.0
2026-03-22T21:10:07.745-306470-798098,48,false,19.606666554029722,1,3401.367804771579,1.0,1.0
2026-03-22T21:10:07.745-306470-798098,68,false,135.37332318380902,1,3401.367804771579,1.0,1.0
2026-03-22T21:10:07.745-306470-798098,714,false,9.200017786630454,1,3401.367804771579,1.0,1.0
2026-03-22T21:10:07.745-306470-798098,853,true,0.45548754306986455,1,3400.912317228509,1.0,0.0
2026-03-22T21:10:07.745-306470-798098,52,false,19.609636278335095,1,3400.912317228509,1.0,1.0
2026-03-22T21:10:07.745-306470-798098,366,false,31.383854922361994,1,3400.912317228509,1.0,1.0
2026-03-22T21:10:07.745-306470-798098,151,false,5.189704923773736,1,3400.912317228509,1.0,1.0
2026-03-22T21:10:07.745-306470-798098,589,false,4.035788350392673,1,3400.912317228509,1.0,1.0
2026-03-22T21:10:07.745-306470-798098,958,true,0.7314309279495391,1,3400.1808863005595,1.0,0.632
2026-03-22T21:10:07.745-306470-798098,122,false,0.17368332810494577,1,3400.1808863005595,1.0,1.0
2026-03-22T21:10:07.745-306470-798098,289,false,7.300617088102966,1,3400.1808863005595,1.0,1.0
2026-03-22T21:10:07.745-306470-798098,903,false,4.657769333748462,1,3400.1808863005595,1.0,1.0
2026-03-22T21:10:07.745-306470-798098,113,false,87.8797962241374,1,3400.1808863005595,1.0,1.0
2026-03-22T21:10:07.745-306470-798098,708,false,0.05534536878911964,1,3400.1808863005595,1.0,1.0
2026-03-22T21:10:07.745-306470-798098,968,false,10.487062002740053,1,3400.1808863005595,1.0,1.0
2026-03-22T21:10:07.745-306470-798098,826,false,4.200589209709803,1,3400.1808863005595,1.0,1.0
2026-03-22T21:10:07.745-306470-798098,346,false,2.609275173272096,1,3400.1808863005595,1.0,1.0
2026-03-22T21:10:07.745-306470-798098,660,false,0.028028045865002887,1,3400.1808863005595,1.0,1.0
2026-03-22T21:10:07.745-306470-798098,337,false,88.61225441334896,1,3400.1808863005595,1.0,1.0
2026-03-22T21:10:07.745-306470-798098,432,true,0.7196102942680269,1,3399.4612760062914,1.0,0.999
2026-03-22T21:10:07.745-306470-798098,378,false,5.034607478346039,1,3399.4612760062914,1.0,1.0
2026-03-22T21:10:07.745-306470-798098,715,false,0.5805359586762262,1,3399.4612760062914,1.0,1.0
2026-03-22T21:10:07.745-306470-798098,547,false,1.4177827329270634,1,3399.4612760062914,1.0,1.0
2026-03-22T21:10:07.745-306470-798098,389,false,1.229662745039511,1,3399.4612760062914,1.0,1.0
2026-03-22T21:10:07.745-306470-798098,726,false,39.70854219136529,1,3399.4612760062914,1.0,1.0
2026-03-22T21:10:07.745-306470-798098,328,false,93.13718534472517,1,3399.4612760062914,1.0,1.0
2026-03-22T21:10:07.745-306470-798098,752,true,12.498404420709374,1,3386.962871585582,1.0,0.609
2026-03-22T21:10:07.745-306470-798098,491,false,13.645795027051577,1,3386.962871585582,1.0,1.0
2026-03-22T21:10:07.745-306470-798098,326,false,2.259253872788954,1,3386.962871585582,1.0,1.0
2026-03-22T21:10:07.745-306470-798098,963,true,5.685757082300936,1,3381.277114503281,1.0,0.999
2026-03-22T21:10:07.745-306470-798098,545,false,12.720940892557447,1,3381.277114503281,1.0,1.0
2026-03-22T21:10:07.745-306470-798098,720,false,53.59331736018206,1,3381.277114503281,1.0,1.0
2026-03-22T21:10:07.745-306470-798098,290,false,0.8081924537522789,1,3381.277114503281,1.0,1.0
2026-03-22T21:10:07.745-306470-798098,960,true,1.603152442356628,1,3379.6739620609246,1.0,0.0
2026-03-22T21:10:07.745-306470-798098,26,false,0.026831666797777712,1,3379.6739620609246,1.0,1.0
2026-03-22T21:10:07.745-306470-798098,206,false,0.27705150962198616,1,3379.6739620609246,1.0,1.0
2026-03-22T21:10:07.745-306470-798098,520,false,50.76660142679231,1,3379.6739620609246,1.0,1.0
2026-03-22T21:10:07.745-306470-798098,105,false,0.7399796413956219,1,3379.6739620609246,1.0,1.0
2026-03-22T21:10:07.745-306470-798098,51,false,130.55894041465842,1,3379.6739620609246,1.0,1.0
2026-03-22T21:10:07.745-306470-798098,744,false,1.1424477872794117,1,3379.6739620609246,1.0,1.0
2026-03-22T21:10:07.745-306470-798098,683,false,0.05201694919393775,1,3379.6739620609246,1.0,1.0
2026-03-22T21:10:07.745-306470-798098,732,false,9.598392397222025,1,3379.6739620609246,1.0,1.0
2026-03-22T21:10:07.745-306470-798098,175,false,22.63632166353267,1,3379.6739620609246,1.0,1.0
2026-03-22T21:10:07.745-306470-798098,230,false,1.097884110489131,1,3379.6739620609246,1.0,1.0
2026-03-22T21:10:07.745-306470-798098,991,true,2.6586106948657435,1,3377.015351366059,1.0,0.0010000000000000009
2026-03-22T21:10:07.745-306470-798098,936,false,1.329619910596033,1,3377.015351366059,1.0,1.0
2026-03-22T21:10:07.745-306470-798098,828,false,0.39307623735580344,1,3377.015351366059,1.0,1.0
2026-03-22T21:10:07.745-306470-798098,916,false,0.09443174253738859,1,3377.015351366059,1.0,1.0
2026-03-22T21:10:07.745-306470-798098,781,false,2.2694027976822126,1,3377.015351366059,1.0,1.0
2026-03-22T21:10:07.745-306470-798098,730,false,18.50302348932452,1,3377.015351366059,1.0,1.0
2026-03-22T21:10:07.745-306470-798098,514,true,1.9506934811605745,1,3375.064657884898,1.0,0.646
2026-03-22T21:10:07.745-306470-798098,261,false,0.286426624931226,1,3375.064657884898,1.0,1.0
2026-03-22T21:10:07.745-306470-798098,92,false,26.823404580350786,1,3375.064657884898,1.0,1.0
2026-03-22T21:10:07.745-306470-798098,245,false,0.8704468590938073,1,3375.064657884898,1.0,1.0
2026-03-22T21:10:07.745-306470-798098,809,false,18.294203073861453,1,3375.064657884898,1.0,1.0
2026-03-22T21:10:07.745-306470-798098,376,false,1.4164497349753509,1,3375.064657884898,1.0,1.0
2026-03-22T21:10:07.745-306470-798098,329,false,76.55376945898442,1,3375.064657884898,1.0,1.0
2026-03-22T21:10:07.745-306470-798098,57,false,134.850121560006,1,3375.064657884898,1.0,1.0
2026-03-22T21:10:07.745-306470-798098,808,false,0.7488619818931175,1,3375.064657884898,1.0,1.0
2026-03-22T21:10:07.745-306470-798098,908,false,1.3722731333223324,1,3375.064657884898,1.0,1.0
2026-03-22T21:10:07.745-306470-798098,779,false,5.220473987851645,1,3375.064657884898,1.0,1.0
2026-03-22T21:10:07.745-306470-798098,35,false,10.737274935748232,1,3375.064657884898,1.0,1.0
2026-03-22T21:10:07.745-306470-798098,189,false,2.5721839173062966,1,3375.064657884898,1.0,1.0
2026-03-22T21:10:07.745-306470-798098,774,false,1.1305009893675895,1,3375.064657884898,1.0,1.0
2026-03-22T21:10:07.745-306470-798098,70,false,34.748084232236295,1,3375.064657884898,1.0,1.0
2026-03-22T21:10:07.745-306470-798098,387,false,0.044152738554869134,1,3375.064657884898,1.0,1.0
2026-03-22T21:10:07.745-306470-798098,348,false,24.94342324598658,1,3375.064657884898,1.0,1.0
2026-03-22T21:10:07.745-306470-798098,607,false,1.987776630043402,1,3375.064657884898,1.0,1.0
2026-03-22T21:10:07.745-306470-798098,24,false,0.9511169574197609,1,3375.064657884898,1.0,1.0
2026-03-22T21:10:07.745-306470-798098,130,false,64.14696482415461,1,3375.064657884898,1.0,1.0
2026-03-22T21:10:07.745-306470-798098,75,false,4.1927063290153015,1,3375.064657884898,1.0,1.0
2026-03-22T21:10:07.745-306470-798098,31,false,9.998911671798492,1,3375.064657884898,1.0,1.0
2026-03-22T21:10:07.745-306470-798098,38,false,0.21909916681471908,1,3375.064657884898,1.0,1.0
2026-03-22T21:10:07.745-306470-798098,783,false,4.011973209070208,1,3375.064657884898,1.0,1.0
2026-03-22T21:10:07.745-306470-798098,32,false,0.820641250999208,1,3375.064657884898,1.0,1.0
2026-03-22T21:10:07.745-306470-798098,577,false,4.71991893326357,1,3375.064657884898,1.0,1.0
2026-03-22T21:10:07.745-306470-798098,505,false,0.7111878775006484,1,3375.064657884898,1.0,1.0
2026-03-22T21:10:07.745-306470-798098,149,false,0.20966727730880833,1,3375.064657884898,1.0,1.0
2026-03-22T21:10:07.745-306470-798098,742,false,90.07470430648573,1,3375.064657884898,1.0,1.0
2026-03-22T21:10:07.745-306470-798098,976,false,4.249349057800708,1,3375.064657884898,1.0,1.0
2026-03-22T21:10:07.745-306470-798098,332,false,15.589253932171,1,3375.064657884898,1.0,1.0
2026-03-22T21:10:07.745-306470-798098,536,false,9.22690854628826,1,3375.064657884898,1.0,1.0
2026-03-22T21:10:07.745-306470-798098,126,false,73.67876201600684,1,3375.064657884898,1.0,1.0
2026-03-22T21:10:07.745-306470-798098,367,false,7.946043416505447,1,3375.064657884898,1.0,1.0
2026-03-22T21:10:07.745-306470-798098,924,false,1.5666598175715682,1,3375.064657884898,1.0,1.0
2026-03-22T21:10:07.745-306470-798098,483,false,0.3483441502008498,1,3375.064657884898,1.0,1.0
2026-03-22T21:10:07.745-306470-798098,53,false,21.59465767613492,1,3375.064657884898,1.0,1.0
2026-03-22T21:10:07.745-306470-798098,295,false,12.165653020650272,1,3375.064657884898,1.0,1.0
2026-03-22T21:10:07.745-306470-798098,931,false,1.2164141362026724,1,3375.064657884898,1.0,1.0
2026-03-22T21:10:07.745-306470-798098,995,true,20.228662378933162,1,3354.835995505965,1.0,0.0
2026-03-22T21:10:07.745-306470-798098,729,false,1.0150976260227125,1,3354.835995505965,1.0,1.0
2026-03-22T21:10:07.745-306470-798098,170,true,6.0598855660431985,1,3348.7761099399218,1.0,0.8009999999999999
2026-03-22T21:10:07.745-306470-798098,590,false,0.863627857079405,1,3348.7761099399218,1.0,1.0
2026-03-22T21:10:07.745-306470-798098,596,false,36.47793386727565,1,3348.7761099399218,1.0,1.0
2026-03-22T21:10:07.745-306470-798098,288,false,1.2327722493919002,1,3348.7761099399218,1.0,1.0
2026-03-22T21:10:07.745-306470-798098,18,false,2.2919669564981997,1,3348.7761099399218,1.0,1.0
2026-03-22T21:10:07.745-306470-798098,237,false,3.6831651102694862,1,3348.7761099399218,1.0,1.0
2026-03-22T21:10:07.745-306470-798098,510,true,8.704248806404658,1,3340.071861133517,1.0,0.833
2026-03-22T21:10:07.745-306470-798098,738,false,0.18513430661191693,1,3340.071861133517,1.0,1.0
2026-03-22T21:10:07.745-306470-798098,5,true,5.303654109767851,1,3334.7682070237493,1.0,0.0
2026-03-22T21:10:07.745-306470-798098,612,false,4.012344632584229,1,3334.7682070237493,1.0,1.0
2026-03-22T21:10:07.745-306470-798098,519,false,15.170868353583767,1,3334.7682070237493,1.0,1.0
2026-03-22T21:10:07.745-306470-798098,255,false,8.680903616536261,1,3334.7682070237493,1.0,1.0
2026-03-22T21:10:07.745-306470-798098,448,false,4.6332953878277685,1,3334.7682070237493,1.0,1.0
2026-03-22T21:10:07.745-306470-798098,570,false,5.710743400178645,1,3334.7682070237493,1.0,1.0
2026-03-22T21:10:07.745-306470-798098,935,false,0.07483485491814706,1,3334.7682070237493,1.0,1.0
2026-03-22T21:10:07.745-306470-798098,609,false,1.1705091891274433,1,3334.7682070237493,1.0,1.0
2026-03-22T21:10:07.745-306470-798098,977,false,9.583846292976249,1,3334.7682070237493,1.0,1.0
2026-03-22T21:10:07.745-306470-798098,978,false,0.05023537806067458,1,3334.7682070237493,1.0,1.0
2026-03-22T21:10:07.745-306470-798098,661,false,11.839191078901209,1,3334.7682070237493,1.0,1.0
2026-03-22T21:10:07.745-306470-798098,910,false,4.533739606076606,1,3334.7682070237493,1.0,1.0
2026-03-22T21:10:07.745-306470-798098,227,false,0.12279519773609965,1,3334.7682070237493,1.0,1.0
2026-03-22T21:10:07.745-306470-798098,83,false,0.5568467847703775,1,3334.7682070237493,1.0,1.0
2026-03-22T21:10:07.745-306470-798098,930,false,0.8983426946540807,1,3334.7682070237493,1.0,1.0
2026-03-22T21:10:07.745-306470-798098,106,false,0.06871359881491816,1,3334.7682070237493,1.0,1.0
2026-03-22T21:10:07.745-306470-798098,573,false,0.7584684496944787,1,3334.7682070237493,1.0,1.0
2026-03-22T21:10:07.745-306470-798098,298,false,0.05296599084730334,1,3334.7682070237493,1.0,1.0
2026-03-22T21:10:07.745-306470-798098,705,false,13.264646526632497,1,3334.7682070237493,1.0,1.0
2026-03-22T21:10:07.745-306470-798098,860,false,2.8406231693872837,1,3334.7682070237493,1.0,1.0
2026-03-22T21:10:07.745-306470-798098,494,false,22.755797026822446,1,3334.7682070237493,1.0,1.0
2026-03-22T21:10:07.745-306470-798098,204,false,116.18401696917167,1,3334.7682070237493,1.0,1.0
2026-03-22T21:10:07.745-306470-798098,280,false,0.12462827129233894,1,3334.7682070237493,1.0,1.0
2026-03-22T21:10:07.745-306470-798098,566,false,1.9341332479350974,1,3334.7682070237493,1.0,1.0
2026-03-22T21:10:07.745-306470-798098,191,false,4.577386957734968,1,3334.7682070237493,1.0,1.0
2026-03-22T21:10:07.745-306470-798098,196,false,17.07845852510467,1,3334.7682070237493,1.0,1.0
2026-03-22T21:10:07.745-306470-798098,263,false,1.7161496267862637,1,3334.7682070237493,1.0,1.0
2026-03-22T21:10:07.745-306470-798098,584,false,6.725582750539876,1,3334.7682070237493,1.0,1.0
2026-03-22T21:10:07.745-306470-798098,248,false,1.0607612482626902,1,3334.7682070237493,1.0,1.0
2026-03-22T21:10:07.745-306470-798098,127,false,1.5860276008369352,1,3334.7682070237493,1.0,1.0
2026-03-22T21:10:07.745-306470-798098,215,false,0.1387281972921988,1,3334.7682070237493,1.0,1.0
2026-03-22T21:10:07.745-306470-798098,96,false,0.16533682114147255,1,3334.7682070237493,1.0,1.0
2026-03-22T21:10:07.745-306470-798098,268,false,1.764856018821513,1,3334.7682070237493,1.0,1.0
2026-03-22T21:10:07.745-306470-798098,281,false,0.2556606223992947,1,3334.7682070237493,1.0,1.0
2026-03-22T21:10:07.745-306470-798098,179,false,1.0421093144407143,1,3334.7682070237493,1.0,1.0
2026-03-22T21:10:07.745-306470-798098,693,false,4.9469314010089205,1,3334.7682070237493,1.0,1.0
2026-03-22T21:10:07.745-306470-798098,99,false,2.2062933136101495,1,3334.7682070237493,1.0,1.0
2026-03-22T21:10:07.745-306470-798098,842,false,4.76612426918816,1,3334.7682070237493,1.0,1.0
2026-03-22T21:10:07.745-306470-798098,856,true,6.967592870334068,1,3327.800614153415,1.0,0.0030000000000000027
2026-03-22T21:10:07.745-306470-798098,454,false,116.11063762198752,1,3327.800614153415,1.0,1.0
2026-03-22T21:10:07.745-306470-798098,60,false,10.357140109420689,1,3327.800614153415,1.0,1.0
2026-03-22T21:10:07.745-306470-798098,404,false,0.01752511476552468,1,3327.800614153415,1.0,1.0
2026-03-22T21:10:07.745-306470-798098,709,false,30.050982787268495,1,3327.800614153415,1.0,1.0
2026-03-22T21:10:07.745-306470-798098,475,true,0.9220196145048055,1,3326.8785945389104,1.0,0.0020000000000000018
2026-03-22T21:10:07.745-306470-798098,632,false,16.839393859523522,1,3326.8785945389104,1.0,1.0
2026-03-22T21:10:07.745-306470-798098,391,false,3.848200512672071,1,3326.8785945389104,1.0,1.0
2026-03-22T21:10:07.745-306470-798098,571,false,3.5548221302310767,1,3326.8785945389104,1.0,1.0
2026-03-22T21:10:07.745-306470-798098,670,false,625.308218570759,1,3326.8785945389104,1.0,1.0
2026-03-22T21:10:07.745-306470-798098,297,false,31.645868289098672,1,3326.8785945389104,1.0,1.0
2026-03-22T21:10:07.745-306470-798098,823,false,5.69883308060338,1,3326.8785945389104,1.0,1.0
2026-03-22T21:10:07.745-306470-798098,983,false,0.846262875119938,1,3326.8785945389104,1.0,1.0
2026-03-22T21:10:07.745-306470-798098,17,false,0.5495094748343455,1,3326.8785945389104,1.0,1.0
2026-03-22T21:10:07.745-306470-798098,63,false,0.41561360852634716,1,3326.8785945389104,1.0,1.0
2026-03-22T21:10:07.745-306470-798098,473,false,0.11145725493341813,1,3326.8785945389104,1.0,1.0
2026-03-22T21:10:07.745-306470-798098,659,false,0.1240724247237477,1,3326.8785945389104,1.0,1.0
2026-03-22T21:10:07.745-306470-798098,787,false,0.40321294677688974,1,3326.8785945389104,1.0,1.0
2026-03-22T21:10:07.745-306470-798098,675,false,14.197713609696955,1,3326.8785945389104,1.0,1.0
2026-03-22T21:10:07.745-306470-798098,608,false,56.23389347491748,1,3326.8785945389104,1.0,1.0
2026-03-22T21:10:07.745-306470-798098,3,true,1.2941258733395096,1,3325.584468665571,1.0,0.0
2026-03-22T21:10:07.745-306470-798098,841,false,2.3866864036032576,1,3325.584468665571,1.0,1.0
2026-03-22T21:10:07.745-306470-798098,22,false,0.6019341207250474,1,3325.584468665571,1.0,1.0
2026-03-22T21:10:07.745-306470-798098,759,false,0.43465359638295537,1,3325.584468665571,1.0,1.0
2026-03-22T21:10:07.745-306470-798098,768,false,151.96419355589026,1,3325.584468665571,1.0,1.0
2026-03-22T21:10:07.745-306470-798098,543,false,3.9665907952931696,1,3325.584468665571,1.0,1.0
2026-03-22T21:10:07.745-306470-798098,444,false,102.55255201821403,1,3325.584468665571,1.0,1.0
2026-03-22T21:10:07.745-306470-798098,648,false,0.7375975693849691,1,3325.584468665571,1.0,1.0
2026-03-22T21:10:07.745-306470-798098,585,false,7.176560739474964,1,3325.584468665571,1.0,1.0
2026-03-22T21:10:07.745-306470-798098,259,false,0.36059782910665944,1,3325.584468665571,1.0,1.0
2026-03-22T21:10:07.745-306470-798098,319,false,1.7877689708490898,1,3325.584468665571,1.0,1.0
2026-03-22T21:10:07.745-306470-798098,336,false,3.831674449109413,1,3325.584468665571,1.0,1.0
2026-03-22T21:10:07.745-306470-798098,30,false,0.3334745028176119,1,3325.584468665571,1.0,1.0
2026-03-22T21:10:07.745-306470-798098,164,true,7.1823132371904395,1,3318.4021554283804,1.0,0.0010000000000000009
2026-03-22T21:10:07.745-306470-798098,945,false,119.85589148698486,1,3318.4021554283804,1.0,1.0
2026-03-22T21:10:07.745-306470-798098,642,false,0.5298972899506708,1,3318.4021554283804,1.0,1.0
2026-03-22T21:10:07.745-306470-798098,750,true,1.5343672472376548,1,3316.8677881811427,1.0,0.0
2026-03-22T21:10:07.745-306470-798098,77,false,15.66875931812166,1,3316.8677881811427,1.0,1.0
2026-03-22T21:10:07.745-306470-798098,972,false,3.0572204296131535,1,3316.8677881811427,1.0,1.0
2026-03-22T21:10:07.745-306470-798098,824,false,0.3435134803859159,1,3316.8677881811427,1.0,1.0
2026-03-22T21:10:07.745-306470-798098,131,false,0.28756589229586865,1,3316.8677881811427,1.0,1.0
2026-03-22T21:10:07.745-306470-798098,89,false,27.771071568774744,1,3316.8677881811427,1.0,1.0
2026-03-22T21:10:07.745-306470-798098,858,false,0.09512148682417265,1,3316.8677881811427,1.0,1.0
2026-03-22T21:10:07.745-306470-798098,509,true,8.36905532157308,1,3308.49873285957,1.0,0.0
2026-03-22T21:10:07.745-306470-798098,353,true,49.76455656474191,1,3258.734176294828,1.0,0.02300000000000002
2026-03-22T21:10:07.745-306470-798098,961,true,28.27964431987213,1,3230.454531974956,1.0,0.0
2026-03-22T21:10:07.745-306470-798098,640,false,77.87983532800666,1,3230.454531974956,1.0,1.0
2026-03-22T21:10:07.745-306470-798098,562,false,0.29294447625463776,1,3230.454531974956,1.0,1.0
2026-03-22T21:10:07.745-306470-798098,354,true,283.578663462563,1,2946.875868512393,1.0,0.0
2026-03-22T21:10:07.745-306470-798098,822,false,6.965147211178522,1,2946.875868512393,1.0,1.0
2026-03-22T21:10:07.745-306470-798098,239,false,17.46452097874271,1,2946.875868512393,1.0,1.0
2026-03-22T21:10:07.745-306470-798098,604,false,1.4297200609105818,1,2946.875868512393,1.0,1.0
2026-03-22T21:10:07.745-306470-798098,181,false,1.1898288323962585,1,2946.875868512393,1.0,1.0
2026-03-22T21:10:07.745-306470-798098,887,true,9.903864338796097,1,2936.972004173597,1.0,0.019000000000000017
2026-03-22T21:10:07.745-306470-798098,784,false,0.032276042690617054,1,2936.972004173597,1.0,1.0
2026-03-22T21:10:07.745-306470-798098,933,false,2.3880967005988283,1,2936.972004173597,1.0,1.0
2026-03-22T21:10:07.745-306470-798098,790,false,11.234591852310679,1,2936.972004173597,1.0,1.0
2026-03-22T21:10:07.745-306470-798098,186,false,0.7664546987166238,1,2936.972004173597,1.0,1.0
2026-03-22T21:10:07.745-306470-798098,575,false,10.176147192667488,1,2936.972004173597,1.0,1.0
2026-03-22T21:10:07.745-306470-798098,861,false,6.659165150966899,1,2936.972004173597,1.0,1.0
2026-03-22T21:10:07.745-306470-798098,460,false,8.851710425112769,1,2936.972004173597,1.0,1.0
2026-03-22T21:10:07.745-306470-798098,461,false,30.774600582124464,1,2936.972004173597,1.0,1.0
2026-03-22T21:10:07.745-306470-798098,918,false,0.7484230400420523,1,2936.972004173597,1.0,1.0
2026-03-22T21:10:07.745-306470-798098,29,false,0.31399940240457863,1,2936.972004173597,1.0,1.0
2026-03-22T21:10:07.745-306470-798098,785,false,27.88713661309228,1,2936.972004173597,1.0,1.0
2026-03-22T21:10:07.745-306470-798098,967,false,2.025820662974894,1,2936.972004173597,1.0,1.0
2026-03-22T21:10:07.745-306470-798098,558,false,0.24352869896499307,1,2936.972004173597,1.0,1.0
2026-03-22T21:10:07.745-306470-798098,425,false,2.120601243192607,1,2936.972004173597,1.0,1.0
2026-03-22T21:10:07.745-306470-798098,943,false,3.8549215553721528,1,2936.972004173597,1.0,1.0
2026-03-22T21:10:07.745-306470-798098,291,false,14.261924266232784,1,2936.972004173597,1.0,1.0
2026-03-22T21:10:07.745-306470-798098,426,false,197.3301761081437,1,2936.972004173597,1.0,1.0
2026-03-22T21:10:07.745-306470-798098,740,false,0.2690063508953757,1,2936.972004173597,1.0,1.0
2026-03-22T21:10:07.745-306470-798098,1000,true,21.525046859343657,1,2915.4469573142533,1.0,0.0
2026-03-22T21:10:07.745-306470-798098,904,false,31.8280786340371,1,2915.4469573142533,1.0,1.0
2026-03-22T21:10:07.745-306470-798098,966,true,0.4250529227303376,1,2915.021904391523,1.0,0.653
2026-03-22T21:10:07.745-306470-798098,28,false,11.946692974892677,1,2915.021904391523,1.0,1.0
2026-03-22T21:10:07.745-306470-798098,697,false,1.3360739701188817,1,2915.021904391523,1.0,1.0
2026-03-22T21:10:07.745-306470-798098,586,false,0.26102527099730105,1,2915.021904391523,1.0,1.0
2026-03-22T21:10:07.745-306470-798098,950,true,75.52445293280842,1,2839.4974514587147,1.0,0.607
2026-03-22T21:10:07.745-306470-798098,952,true,0.3353709452945862,1,2839.1620805134203,1.0,0.0
2026-03-22T21:10:07.745-306470-798098,951,false,0.15429205470033946,1,2839.1620805134203,1.0,1.0
2026-03-22T21:10:07.745-306470-798098,776,false,0.29210407159583096,1,2839.1620805134203,1.0,1.0
2026-03-22T21:10:07.745-306470-798098,749,true,1.8184092543777732,1,2837.3436712590424,1.0,0.0
2026-03-22T21:10:07.745-306470-798098,734,true,36.42537221817004,1,2800.918299040872,1.0,0.877
2026-03-22T21:10:07.745-306470-798098,539,false,12.109236039343237,1,2800.918299040872,1.0,1.0
2026-03-22T21:10:07.745-306470-798098,574,false,0.5109347299637149,1,2800.918299040872,1.0,1.0
2026-03-22T21:10:07.745-306470-798098,363,false,2.376141164488923,1,2800.918299040872,1.0,1.0
2026-03-22T21:10:07.745-306470-798098,456,false,25.269118763298163,1,2800.918299040872,1.0,1.0
2026-03-22T21:10:07.745-306470-798098,46,false,1.3882501355943115,1,2800.918299040872,1.0,1.0
2026-03-22T21:10:07.745-306470-798098,412,false,0.23987962510358468,1,2800.918299040872,1.0,1.0
2026-03-22T21:10:07.745-306470-798098,1,false,0.060853489437653875,1,2800.918299040872,1.0,1.0
2026-03-22T21:10:07.745-306470-798098,487,false,4.3550466873767055,1,2800.918299040872,1.0,1.0
2026-03-22T21:10:07.745-306470-798098,411,false,2.7093607704063323,1,2800.918299040872,1.0,1.0
2026-03-22T21:10:07.745-306470-798098,664,false,0.04050248273495601,1,2800.918299040872,1.0,1.0
2026-03-22T21:10:07.745-306470-798098,555,false,0.9864431382896695,1,2800.918299040872,1.0,1.0
2026-03-22T21:10:07.745-306470-798098,673,false,4.562623142212451,1,2800.918299040872,1.0,1.0
2026-03-22T21:10:07.745-306470-798098,764,false,4.005841278366793,1,2800.918299040872,1.0,1.0
2026-03-22T21:10:07.745-306470-798098,155,true,4.380706067144637,1,2796.5375929737274,1.0,0.8049999999999999
2026-03-22T21:10:07.745-306470-798098,507,true,0.8369596877403958,1,2795.700633285987,1.0,0.0010000000000000009
2026-03-22T21:10:07.745-306470-798098,484,false,0.20896894628420426,1,2795.700633285987,1.0,1.0
2026-03-22T21:10:07.745-306470-798098,572,false,3.422712453707416,1,2795.700633285987,1.0,1.0
2026-03-22T21:10:07.745-306470-798098,403,false,14.134480708383549,1,2795.700633285987,1.0,1.0
2026-03-22T21:10:07.745-306470-798098,360,true,43.72239693305552,1,2751.978236352931,1.0,0.7989999999999999
2026-03-22T21:10:07.745-306470-798098,653,false,26.027395402321655,1,2751.978236352931,1.0,1.0
2026-03-22T21:10:07.745-306470-798098,965,true,0.6347508109183375,1,2751.343485542013,1.0,0.029000000000000026
2026-03-22T21:10:07.745-306470-798098,798,false,133.84596658186464,1,2751.343485542013,1.0,1.0
2026-03-22T21:10:07.745-306470-798098,761,false,13.365955300333436,1,2751.343485542013,1.0,1.0
2026-03-22T21:10:07.745-306470-798098,810,false,9.277713842999182,1,2751.343485542013,1.0,1.0
2026-03-22T21:10:07.745-306470-798098,61,false,12.923973535764643,1,2751.343485542013,1.0,1.0
2026-03-22T21:10:07.745-306470-798098,490,false,8.792594602435985,1,2751.343485542013,1.0,1.0
2026-03-22T21:10:07.745-306470-798098,207,false,1.48742087613154,1,2751.343485542013,1.0,1.0
2026-03-22T21:10:07.745-306470-798098,865,true,0.41899918025535715,1,2750.9244863617573,1.0,0.6679999999999999
2026-03-22T21:10:07.745-306470-798098,746,true,530.9294248355461,1,2219.9950615262114,1.0,0.0
2026-03-22T21:10:07.745-306470-798098,927,false,4.545312483805656,1,2219.9950615262114,1.0,1.0
2026-03-22T21:10:07.745-306470-798098,138,false,0.7180692703400321,1,2219.9950615262114,1.0,1.0
2026-03-22T21:10:07.745-306470-798098,712,false,3.7687134591802676,1,2219.9950615262114,1.0,1.0
2026-03-22T21:10:07.745-306470-798098,172,true,1.61324112898815,1,2218.3818203972232,1.0,0.665
2026-03-22T21:10:07.745-306470-798098,605,false,1.277429612735912,1,2218.3818203972232,1.0,1.0
2026-03-22T21:10:07.745-306470-798098,234,true,1.4434501919333789,1,2216.93837020529,1.0,0.897
2026-03-22T21:10:07.745-306470-798098,351,true,7.044512822089037,1,2209.893857383201,1.0,0.0010000000000000009
2026-03-22T21:10:07.745-306470-798098,598,false,0.6895840117945236,1,2209.893857383201,1.0,1.0
2026-03-22T21:10:07.745-306470-798098,540,false,3.6909126133523595,1,2209.893857383201,1.0,1.0
2026-03-22T21:10:07.745-306470-798098,180,false,4.178094804216122,1,2209.893857383201,1.0,1.0
2026-03-22T21:10:07.745-306470-798098,49,false,33.66189461607885,1,2209.893857383201,1.0,1.0
2026-03-22T21:10:07.745-306470-798098,898,false,0.6061786945836426,1,2209.893857383201,1.0,1.0
2026-03-22T21:10:07.745-306470-798098,6,true,11.682791101751134,1,2198.21106628145,1.0,0.0
2026-03-22T21:10:07.745-306470-798098,440,false,3.462805592549562,1,2198.21106628145,1.0,1.0
2026-03-22T21:10:07.745-306470-798098,377,false,7.288170172607094,1,2198.21106628145,1.0,1.0
2026-03-22T21:10:07.745-306470-798098,397,false,6.052333929767164,1,2198.21106628145,1.0,1.0
2026-03-22T21:10:07.745-306470-798098,466,false,17.388688675232753,1,2198.21106628145,1.0,1.0
2026-03-22T21:10:07.745-306470-798098,424,false,1.6530043602630484,1,2198.21106628145,1.0,1.0
2026-03-22T21:10:07.745-306470-798098,840,false,11.130190122489088,1,2198.21106628145,1.0,1.0
2026-03-22T21:10:07.745-306470-798098,132,true,1.8563315653596355,1,2196.35473471609,1.0,0.999
2026-03-22T21:10:07.745-306470-798098,219,true,0.43789551561015605,1,2195.91683920048,1.0,0.016000000000000014
2026-03-22T21:10:07.745-306470-798098,929,false,5.824285758965627,1,2195.91683920048,1.0,1.0
2026-03-22T21:10:07.745-306470-798098,615,false,3.191490124315299,1,2195.91683920048,1.0,1.0
2026-03-22T21:10:07.745-306470-798098,115,false,60.039473450443445,1,2195.91683920048,1.0,1.0
2026-03-22T21:10:07.745-306470-798098,40,false,2.953452735519701,1,2195.91683920048,1.0,1.0
2026-03-22T21:10:07.745-306470-798098,335,false,1.8973384798742259,1,2195.91683920048,1.0,1.0
2026-03-22T21:10:07.745-306470-798098,94,false,2.104995643553066,1,2195.91683920048,1.0,1.0
2026-03-22T21:10:07.745-306470-798098,470,true,1.9331524274057608,1,2193.983686773074,1.0,0.653
2026-03-22T21:10:07.745-306470-798098,527,false,0.52849916354147,1,2193.983686773074,1.0,1.0
2026-03-22T21:10:07.745-306470-798098,628,false,2.294343606052729,1,2193.983686773074,1.0,1.0
2026-03-22T21:10:07.745-306470-798098,662,false,6.734476280565104,1,2193.983686773074,1.0,1.0
2026-03-22T21:10:07.745-306470-798098,98,false,0.4453519758787108,1,2193.983686773074,1.0,1.0
2026-03-22T21:10:07.745-306470-798098,242,false,31.955139352201353,1,2193.983686773074,1.0,1.0
2026-03-22T21:10:07.745-306470-798098,819,false,17.378061756591084,1,2193.983686773074,1.0,1.0
2026-03-22T21:10:07.745-306470-798098,469,true,2.463492009869665,1,2191.5201947632045,1.0,0.0010000000000000009
2026-03-22T21:10:07.745-306470-798098,880,false,11.247131095153183,1,2191.5201947632045,1.0,1.0
2026-03-22T21:10:07.745-306470-798098,922,false,12.961370313864427,1,2191.5201947632045,1.0,1.0
2026-03-22T21:10:07.745-306470-798098,806,false,2.3050889353869635,1,2191.5201947632045,1.0,1.0
2026-03-22T21:10:07.745-306470-798098,765,false,21.73123682568564,1,2191.5201947632045,1.0,1.0
2026-03-22T21:10:07.745-306470-798098,406,false,3.345506145810389,1,2191.5201947632045,1.0,1.0
2026-03-22T21:10:07.745-306470-798098,591,false,5.1711690693675445,1,2191.5201947632045,1.0,1.0
2026-03-22T21:10:07.745-306470-798098,947,true,9.823106078030703,1,2181.6970886851736,1.0,0.644
2026-03-22T21:10:07.745-306470-798098,465,false,0.4608675125656168,1,2181.6970886851736,1.0,1.0
2026-03-22T21:10:07.745-306470-798098,308,true,1.2845865823800504,1,2180.4125021027935,1.0,0.0
2026-03-22T21:10:07.745-306470-798098,133,true,0.3590468212253234,1,2180.053455281568,1.0,0.652
2026-03-22T21:10:07.745-306470-798098,343,false,3.2888138402112763,1,2180.053455281568,1.0,1.0
2026-03-22T21:10:07.745-306470-798098,278,false,5.092311541007456,1,2180.053455281568,1.0,1.0
2026-03-22T21:10:07.745-306470-798098,544,false,0.2682005904978204,1,2180.053455281568,1.0,1.0
2026-03-22T21:10:07.745-306470-798098,150,false,0.32415066306841317,1,2180.053455281568,1.0,1.0
2026-03-22T21:10:07.745-306470-798098,551,false,0.5623048452335656,1,2180.053455281568,1.0,1.0
2026-03-22T21:10:07.745-306470-798098,249,false,31.596927166440093,1,2180.053455281568,1.0,1.0
2026-03-22T21:10:07.745-306470-798098,80,false,2.209819087762252,1,2180.053455281568,1.0,1.0
2026-03-22T21:10:07.745-306470-798098,213,false,2.6741927807881103,1,2180.053455281568,1.0,1.0
2026-03-22T21:10:07.745-306470-798098,285,false,0.24978790791406785,1,2180.053455281568,1.0,1.0
2026-03-22T21:10:07.745-306470-798098,384,false,6.236899413638735,1,2180.053455281568,1.0,1.0
2026-03-22T21:10:07.745-306470-798098,140,false,5.33642439711018,1,2180.053455281568,1.0,1.0
2026-03-22T21:10:07.745-306470-798098,198,false,1.3731432565111783,1,2180.053455281568,1.0,1.0
2026-03-22T21:10:07.745-306470-798098,85,false,46.11494050697065,1,2180.053455281568,1.0,1.0
2026-03-22T21:10:07.745-306470-798098,793,false,6.76797976007192,1,2180.053455281568,1.0,1.0
2026-03-22T21:10:07.745-306470-798098,176,true,0.6056786469456098,1,2179.447776634622,1.0,0.806
2026-03-22T21:10:07.745-306470-798098,528,false,3.986495985669932,1,2179.447776634622,1.0,1.0
2026-03-22T21:10:07.745-306470-798098,818,false,1.7602889133135582,1,2179.447776634622,1.0,1.0
2026-03-22T21:10:07.745-306470-798098,529,false,142.864614082296,1,2179.447776634622,1.0,1.0
2026-03-22T21:10:07.745-306470-798098,160,false,0.04206598492700165,1,2179.447776634622,1.0,1.0
2026-03-22T21:10:07.745-306470-798098,667,false,1.1728654325555357,1,2179.447776634622,1.0,1.0
2026-03-22T21:10:07.745-306470-798098,375,false,20.728612056029192,1,2179.447776634622,1.0,1.0
2026-03-22T21:10:07.745-306470-798098,95,false,113.91716033429009,1,2179.447776634622,1.0,1.0
2026-03-22T21:10:07.745-306470-798098,159,false,1.7413703244044396,1,2179.447776634622,1.0,1.0
2026-03-22T21:10:07.745-306470-798098,919,false,1.1224616398929435,1,2179.447776634622,1.0,1.0
2026-03-22T21:10:07.745-306470-798098,136,true,0.9271017906315098,1,2178.5206748439905,1.0,0.659
2026-03-22T21:10:07.745-306470-798098,300,true,37.505580757926985,1,2141.0150940860635,1.0,0.638
2026-03-22T21:10:07.745-306470-798098,314,false,7.014562367110955,1,2141.0150940860635,1.0,1.0
2026-03-22T21:10:07.745-306470-798098,657,false,0.5431202430252028,1,2141.0150940860635,1.0,1.0
2026-03-22T21:10:07.745-306470-798098,435,true,2.1032155045660823,1,2138.9118785814976,1.0,0.6599999999999999
2026-03-22T21:10:07.745-306470-798098,650,false,0.722948475765998,1,2138.9118785814976,1.0,1.0
2026-03-22T21:10:07.745-306470-798098,430,true,30.886374669280794,1,2108.0255039122167,1.0,0.010000000000000009
2026-03-22T21:10:07.745-306470-798098,964,true,10.170583900217002,1,2097.8549200119996,1.0,0.0
2026-03-22T21:10:07.745-306470-798098,436,true,12.16261274452484,1,2085.692307267475,1.0,0.663
2026-03-22T21:10:07.745-306470-798098,334,false,75.55138600401311,1,2085.692307267475,1.0,1.0
2026-03-22T21:10:07.745-306470-798098,694,false,3.4054229583854534,1,2085.692307267475,1.0,1.0
2026-03-22T21:10:07.745-306470-798098,699,false,103.90465794300813,1,2085.692307267475,1.0,1.0
2026-03-22T21:10:07.745-306470-798098,476,true,26.869020476116994,1,2058.823286791358,1.0,0.0
2026-03-22T21:10:07.745-306470-798098,731,true,3.001995721241173,1,2055.821291070117,1.0,0.618
2026-03-22T21:10:07.745-306470-798098,723,false,9.727883463524542,1,2055.821291070117,1.0,1.0
2026-03-22T21:10:07.745-306470-798098,396,false,194.26471149346614,1,2055.821291070117,1.0,1.0
2026-03-22T21:10:07.745-306470-798098,322,false,0.8045080263637386,1,2055.821291070117,1.0,1.0
2026-03-22T21:10:07.745-306470-798098,713,false,4.026891812107857,1,2055.821291070117,1.0,1.0
2026-03-22T21:10:07.745-306470-798098,634,false,0.0903663969140901,1,2055.821291070117,1.0,1.0
2026-03-22T21:10:07.745-306470-798098,109,true,26.068164709130368,1,2029.7531263609865,1.0,0.7969999999999999
2026-03-22T21:10:07.745-306470-798098,758,false,0.6082835280412063,1,2029.7531263609865,1.0,1.0
2026-03-22T21:10:07.745-306470-798098,891,false,5.7127060065298085,1,2029.7531263609865,1.0,1.0
2026-03-22T21:10:07.745-306470-798098,428,true,263.356938624043,1,1766.3961877369434,1.0,0.528
2026-03-22T21:10:07.745-306470-798098,502,false,0.3086493274442268,1,1766.3961877369434,1.0,1.0
2026-03-22T21:10:07.745-306470-798098,183,false,55.63071448293287,1,1766.3961877369434,1.0,1.0
2026-03-22T21:10:07.745-306470-798098,955,true,22.93234491118716,1,1743.4638428257563,1.0,0.0
2026-03-22T21:10:07.745-306470-798098,848,false,108.20114534832037,1,1743.4638428257563,1.0,1.0
2026-03-22T21:10:07.745-306470-798098,755,true,1.9422313518531742,1,1741.521611473903,1.0,0.632
2026-03-22T21:10:07.745-306470-798098,682,false,1.1785670375668245,1,1741.521611473903,1.0,1.0
2026-03-22T21:10:07.745-306470-798098,347,true,2.6252276250858237,1,1738.896383848817,1.0,0.999
2026-03-22T21:10:07.745-306470-798098,610,false,2.0791419465417533,1,1738.896383848817,1.0,1.0
2026-03-22T21:10:07.745-306470-798098,381,false,4.631914416549218,1,1738.896383848817,1.0,1.0
2026-03-22T21:10:07.745-306470-798098,812,true,17.6514482091894,1,1721.2449356396278,1.0,0.788
2026-03-22T21:10:07.745-306470-798098,427,true,4.559022688985615,1,1716.6859129506422,1.0,0.0010000000000000009
2026-03-22T21:10:07.745-306470-798098,195,false,1.7074801520621763,1,1716.6859129506422,1.0,1.0
2026-03-22T21:10:07.745-306470-798098,331,false,55.4498312744133,1,1716.6859129506422,1.0,1.0
2026-03-22T21:10:07.745-306470-798098,549,false,3.940423103920218,1,1716.6859129506422,1.0,1.0
2026-03-22T21:10:07.745-306470-798098,998,true,5.8026952326215016,1,1710.8832177180207,1.0,0.0
2026-03-22T21:10:07.745-306470-798098,753,false,0.11391520726364249,1,1710.8832177180207,1.0,1.0
2026-03-22T21:10:07.745-306470-798098,222,true,0.546814798643393,1,1710.3364029193772,1.0,0.0
2026-03-22T21:10:07.745-306470-798098,324,false,1.3520246686719197,1,1710.3364029193772,1.0,1.0
2026-03-22T21:10:07.745-306470-798098,588,false,5.305189736309646,1,1710.3364029193772,1.0,1.0
2026-03-22T21:10:07.745-306470-798098,450,false,0.1475266996395015,1,1710.3364029193772,1.0,1.0
2026-03-22T21:10:07.745-306470-798098,244,true,4.871743463986952,1,1705.4646594553901,1.0,0.908
2026-03-22T21:10:07.745-306470-798098,623,false,8.999881810297213,1,1705.4646594553901,1.0,1.0
2026-03-22T21:10:07.745-306470-798098,257,false,0.12791814586934652,1,1705.4646594553901,1.0,1.0
2026-03-22T21:10:07.745-306470-798098,477,true,1.8720141602294003,1,1703.5926452951608,1.0,0.0
2026-03-22T21:10:07.745-306470-798098,944,true,0.22182395408425254,1,1703.3708213410764,1.0,0.8200000000000001
2026-03-22T21:10:07.745-306470-798098,27,false,1.6072882079227624,1,1703.3708213410764,1.0,1.0
2026-03-22T21:10:07.745-306470-798098,728,true,0.3805956823865515,1,1702.99022565869,1.0,0.655
2026-03-22T21:10:07.745-306470-798098,872,true,1.6228817542088751,1,1701.367343904481,1.0,0.641
2026-03-22T21:10:07.745-306470-798098,534,false,1.4021567905539698,1,1701.367343904481,1.0,1.0
2026-03-22T21:10:07.745-306470-798098,899,false,9.116765057183217,1,1701.367343904481,1.0,1.0
2026-03-22T21:10:07.745-306470-798098,91,false,1.2041213166494813,1,1701.367343904481,1.0,1.0
2026-03-22T21:10:07.745-306470-798098,401,false,0.1732070283031552,1,1701.367343904481,1.0,1.0
2026-03-22T21:10:07.745-306470-798098,698,false,1.0847945747594332,1,1701.367343904481,1.0,1.0
2026-03-22T21:10:07.745-306470-798098,531,false,8.37192702731917,1,1701.367343904481,1.0,1.0
2026-03-22T21:10:07.745-306470-798098,882,false,0.09851980486002658,1,1701.367343904481,1.0,1.0
2026-03-22T21:10:07.745-306470-798098,928,false,0.3361715159391615,1,1701.367343904481,1.0,1.0
2026-03-22T21:10:07.745-306470-798098,959,true,0.643815378374547,1,1700.7235285261065,1.0,0.0
2026-03-22T21:10:07.745-306470-798098,644,false,0.996059266092826,1,1700.7235285261065,1.0,1.0
2026-03-22T21:10:07.745-306470-798098,145,false,0.9354604183039126,1,1700.7235285261065,1.0,1.0
2026-03-22T21:10:07.745-306470-798098,658,false,0.3174819431400819,1,1700.7235285261065,1.0,1.0
2026-03-22T21:10:07.745-306470-798098,307,false,0.027035733056691196,1,1700.7235285261065,1.0,1.0
2026-03-22T21:10:07.745-306470-798098,209,false,0.9502543370952764,1,1700.7235285261065,1.0,1.0
2026-03-22T21:10:07.745-306470-798098,601,false,0.6802711850126221,1,1700.7235285261065,1.0,1.0
2026-03-22T21:10:07.745-306470-798098,405,false,10.511290207292642,1,1700.7235285261065,1.0,1.0
2026-03-22T21:10:07.745-306470-798098,503,false,2.4883993676744356,1,1700.7235285261065,1.0,1.0
2026-03-22T21:10:07.745-306470-798098,247,true,0.3846769242194851,1,1700.338851601887,1.0,0.6679999999999999
2026-03-22T21:10:07.745-306470-798098,225,true,0.4016843240496364,1,1699.9371672778373,1.0,0.813
2026-03-22T21:10:07.745-306470-798098,235,true,1.9742625665582816,1,1697.962904711279,1.0,0.802
2026-03-22T21:10:07.745-306470-798098,833,false,6.8823472215605,1,1697.962904711279,1.0,1.0
2026-03-22T21:10:07.745-306470-798098,78,false,1.6111031727451364,1,1697.962904711279,1.0,1.0
2026-03-22T21:10:07.745-306470-798098,379,false,0.9393965353710219,1,1697.962904711279,1.0,1.0
2026-03-22T21:10:07.745-306470-798098,949,true,37.19212237984747,1,1660.7707823314315,1.0,0.0
2026-03-22T21:10:07.745-306470-798098,320,false,10.234455608956917,1,1660.7707823314315,1.0,1.0
2026-03-22T21:10:07.745-306470-798098,741,false,26.2774884026094,1,1660.7707823314315,1.0,1.0
2026-03-22T21:10:07.745-306470-798098,423,false,1.6191553111441812,1,1660.7707823314315,1.0,1.0
2026-03-22T21:10:07.745-306470-798098,652,false,1.620931866887502,1,1660.7707823314315,1.0,1.0
2026-03-22T21:10:07.745-306470-798098,736,true,5.00414432787625,1,1655.7666380035553,1.0,0.8029999999999999
2026-03-22T21:10:07.745-306470-798098,504,true,4.010683042633171,1,1651.755954960922,1.0,0.6659999999999999
2026-03-22T21:10:07.745-306470-798098,216,true,1.0192218603564054,1,1650.7367331005657,1.0,0.663
2026-03-22T21:10:07.745-306470-798098,692,false,7.9291455057924445,1,1650.7367331005657,1.0,1.0
2026-03-22T21:10:07.745-306470-798098,599,false,3.2747921396012165,1,1650.7367331005657,1.0,1.0
2026-03-22T21:10:07.745-306470-798098,716,false,11.201954342283845,1,1650.7367331005657,1.0,1.0
2026-03-22T21:10:07.745-306470-798098,890,true,0.837679030208071,1,1649.8990540703576,1.0,0.64
2026-03-22T21:10:07.745-306470-798098,754,false,0.021268799123955504,1,1649.8990540703576,1.0,1.0
2026-03-22T21:10:07.745-306470-798098,984,false,18.274317799026775,1,1649.8990540703576,1.0,1.0
2026-03-22T21:10:07.745-306470-798098,717,false,0.17889547384518759,1,1649.8990540703576,1.0,1.0
2026-03-22T21:10:07.745-306470-798098,79,false,12.451972867349944,1,1649.8990540703576,1.0,1.0
2026-03-22T21:10:07.745-306470-798098,69,false,0.47163785861742735,1,1649.8990540703576,1.0,1.0
2026-03-22T21:10:07.745-306470-798098,835,false,0.7635874970834806,1,1649.8990540703576,1.0,1.0
2026-03-22T21:10:07.745-306470-798098,246,true,0.4298796783026876,1,1649.4691743920548,1.0,0.0020000000000000018
2026-03-22T21:10:07.745-306470-798098,685,false,1.1797255678877767,1,1649.4691743920548,1.0,1.0
2026-03-22T21:10:07.745-306470-798098,212,false,17.9988619426128,1,1649.4691743920548,1.0,1.0
2026-03-22T21:10:07.745-306470-798098,710,false,8.137221673065644,1,1649.4691743920548,1.0,1.0
2026-03-22T21:10:07.745-306470-798098,635,false,0.10948637948770513,1,1649.4691743920548,1.0,1.0
2026-03-22T21:10:07.745-306470-798098,718,false,5.046991946839368,1,1649.4691743920548,1.0,1.0
2026-03-22T21:10:07.745-306470-798098,495,false,6.666477065171741,1,1649.4691743920548,1.0,1.0
2026-03-22T21:10:07.745-306470-798098,410,false,1.3595676790607456,1,1649.4691743920548,1.0,1.0
2026-03-22T21:10:07.745-306470-798098,333,false,68.01633407807812,1,1649.4691743920548,1.0,1.0
2026-03-22T21:10:07.745-306470-798098,119,false,3.8131026124301255,1,1649.4691743920548,1.0,1.0
2026-03-22T21:10:07.745-306470-798098,193,false,9.681419557998568,1,1649.4691743920548,1.0,1.0
2026-03-22T21:10:07.745-306470-798098,445,false,0.3604154014702086,1,1649.4691743920548,1.0,1.0
2026-03-22T21:10:07.745-306470-798098,429,true,2.521242854502324,1,1646.9479315375524,1.0,0.0
2026-03-22T21:10:07.745-306470-798098,971,false,31.848309470955943,1,1646.9479315375524,1.0,1.0
2026-03-22T21:10:07.745-306470-798098,801,false,5.257525356544034,1,1646.9479315375524,1.0,1.0
2026-03-22T21:10:07.745-306470-798098,583,false,0.47255342084547347,1,1646.9479315375524,1.0,1.0
2026-03-22T21:10:07.745-306470-798098,557,false,16.04435066300026,1,1646.9479315375524,1.0,1.0
2026-03-22T21:10:07.745-306470-798098,409,false,1.3471430865061305,1,1646.9479315375524,1.0,1.0
2026-03-22T21:10:07.745-306470-798098,97,false,2.0720606459064728,1,1646.9479315375524,1.0,1.0
2026-03-22T21:10:07.745-306470-798098,733,true,2.076527683894214,1,1644.8714038536582,1.0,0.0
2026-03-22T21:10:07.745-306470-798098,630,false,0.13539340587402596,1,1644.8714038536582,1.0,1.0
2026-03-22T21:10:07.745-306470-798098,564,false,6.6192730524487615,1,1644.8714038536582,1.0,1.0
2026-03-22T21:10:07.745-306470-798098,688,false,0.20622507655104916,1,1644.8714038536582,1.0,1.0
2026-03-22T21:10:07.745-306470-798098,548,false,12.08962868939768,1,1644.8714038536582,1.0,1.0
2026-03-22T21:10:07.745-306470-798098,802,false,15.903468560272104,1,1644.8714038536582,1.0,1.0
2026-03-22T21:10:07.745-306470-798098,701,false,2.7656655586551953,1,1644.8714038536582,1.0,1.0
2026-03-22T21:10:07.745-306470-798098,299,true,2.0013570718939278,1,1642.8700467817644,1.0,0.6
2026-03-22T21:10:07.745-306470-798098,419,false,2.3994749144695358,1,1642.8700467817644,1.0,1.0
2026-03-22T21:10:07.745-306470-798098,273,false,11.63048058862244,1,1642.8700467817644,1.0,1.0
2026-03-22T21:10:07.745-306470-798098,807,false,5.750370924626885,1,1642.8700467817644,1.0,1.0
2026-03-22T21:10:07.745-306470-798098,15,false,5.549072958941276,1,1642.8700467817644,1.0,1.0
2026-03-22T21:10:07.745-306470-798098,532,false,0.2636828702720477,1,1642.8700467817644,1.0,1.0
2026-03-22T21:10:07.745-306470-798098,907,false,0.5630993252847595,1,1642.8700467817644,1.0,1.0
2026-03-22T21:10:07.745-306470-798098,912,false,3.1860918418629116,1,1642.8700467817644,1.0,1.0
2026-03-22T21:10:07.745-306470-798098,321,false,0.9213799222847443,1,1642.8700467817644,1.0,1.0
2026-03-22T21:10:07.745-306470-798098,370,false,0.16047511203928425,1,1642.8700467817644,1.0,1.0
2026-03-22T21:10:07.745-306470-798098,36,false,7.34237911311142,1,1642.8700467817644,1.0,1.0
2026-03-22T21:10:07.745-306470-798098,380,false,9.259410788598837,1,1642.8700467817644,1.0,1.0
2026-03-22T21:10:07.745-306470-798098,618,false,14.281261895443118,1,1642.8700467817644,1.0,1.0
2026-03-22T21:10:07.745-306470-798098,11,true,7.753841956520938,1,1635.1162048252434,1.0,0.0
2026-03-22T21:10:07.745-306470-798098,948,true,12.695537873810968,1,1622.4206669514324,1.0,0.0
2026-03-22T21:10:07.745-306470-798098,498,false,0.39897788561502173,1,1622.4206669514324,1.0,1.0
2026-03-22T21:10:07.745-306470-798098,825,false,1.5907161102492082,1,1622.4206669514324,1.0,1.0
2026-03-22T21:10:07.745-306470-798098,719,false,1.3659370847930434,1,1622.4206669514324,1.0,1.0
2026-03-22T21:10:07.745-306470-798098,153,true,18.643307029396503,1,1603.7773599220359,1.0,0.617
2026-03-22T21:10:07.745-306470-798098,50,false,68.60405851173981,1,1603.7773599220359,1.0,1.0
2026-03-22T21:10:07.745-306470-798098,920,true,1.0073274475209362,1,1602.770032474515,1.0,0.894
2026-03-22T21:10:07.745-306470-798098,158,true,6.627455347232708,1,1596.1425771272823,1.0,0.667
2026-03-22T21:10:07.745-306470-798098,67,false,1.9225615212459348,1,1596.1425771272823,1.0,1.0
2026-03-22T21:10:07.745-306470-798098,492,false,0.7257138520671801,1,1596.1425771272823,1.0,1.0
2026-03-22T21:10:07.745-306470-798098,251,false,0.7388383066086225,1,1596.1425771272823,1.0,1.0
2026-03-22T21:10:07.745-306470-798098,398,false,1.003428576904679,1,1596.1425771272823,1.0,1.0
2026-03-22T21:10:07.745-306470-798098,851,true,6.700801243819289,1,1589.441775883463,1.0,0.0020000000000000018
2026-03-22T21:10:07.745-306470-798098,451,false,4.529763192042366,1,1589.441775883463,1.0,1.0
2026-03-22T21:10:07.745-306470-798098,786,false,2.9088567789738997,1,1589.441775883463,1.0,1.0
2026-03-22T21:10:07.745-306470-798098,58,false,20.295614440507148,1,1589.441775883463,1.0,1.0
2026-03-22T21:10:07.745-306470-798098,325,false,0.21457795204963082,1,1589.441775883463,1.0,1.0
2026-03-22T21:10:07.745-306470-798098,869,false,0.1686097681217919,1,1589.441775883463,1.0,1.0
2026-03-22T21:10:07.745-306470-798098,199,false,1.3283030158310334,1,1589.441775883463,1.0,1.0
2026-03-22T21:10:07.745-306470-798098,123,false,0.5155245538950954,1,1589.441775883463,1.0,1.0
2026-03-22T21:10:07.745-306470-798098,345,true,2.671105252761055,1,1586.770670630702,1.0,0.821
2026-03-22T21:10:07.745-306470-798098,937,false,3.5423542302853965,1,1586.770670630702,1.0,1.0
2026-03-22T21:10:07.745-306470-798098,863,true,40.932990221599674,1,1545.8376804091022,1.0,0.638
2026-03-22T21:10:07.745-306470-798098,218,true,2.8802176353290587,1,1542.9574627737732,1.0,0.0
2026-03-22T21:10:07.745-306470-798098,627,false,9.123117800686904,1,1542.9574627737732,1.0,1.0
2026-03-22T21:10:07.745-306470-798098,737,true,5.370482639721943,1,1537.5869801340511,1.0,0.0
2026-03-22T21:10:07.745-306470-798098,636,false,0.09469994089354804,1,1537.5869801340511,1.0,1.0
2026-03-22T21:10:07.745-306470-798098,857,true,9.532793179379055,1,1528.054186954672,1.0,0.0010000000000000009
2026-03-22T21:10:07.745-306470-798098,383,false,0.7129867277076896,1,1528.054186954672,1.0,1.0
2026-03-22T21:10:07.745-306470-798098,600,false,9.286618942950788,1,1528.054186954672,1.0,1.0
2026-03-22T21:10:07.745-306470-798098,516,true,4.91444134522495,1,1523.1397456094471,1.0,0.889
2026-03-22T21:10:07.745-306470-798098,82,false,4.67272288092273,1,1523.1397456094471,1.0,1.0
2026-03-22T21:10:07.745-306470-798098,866,true,81.58036258906012,1,1441.559383020387,1.0,0.0
2026-03-22T21:10:07.745-306470-798098,302,true,1.1751499174072861,1,1440.3842331029798,1.0,0.0
2026-03-22T21:10:07.745-306470-798098,267,false,19.610520469650584,1,1440.3842331029798,1.0,1.0
2026-03-22T21:10:07.745-306470-798098,137,false,0.037451495759419653,1,1440.3842331029798,1.0,1.0
2026-03-22T21:10:07.745-306470-798098,228,true,2.699790914211555,1,1437.6844421887683,1.0,0.637
2026-03-22T21:10:07.745-306470-798098,416,false,56.26680506935263,1,1437.6844421887683,1.0,1.0
2026-03-22T21:10:07.745-306470-798098,214,true,0.3226165757662237,1,1437.361825613002,1.0,0.6679999999999999
2026-03-22T21:10:07.745-306470-798098,184,false,3.2343654946525193,1,1437.361825613002,1.0,1.0
2026-03-22T21:10:07.745-306470-798098,282,false,7.46294583037329,1,1437.361825613002,1.0,1.0
2026-03-22T21:10:07.745-306470-798098,893,true,1.8477395156371386,1,1435.514086097365,1.0,0.637
2026-03-22T21:10:07.745-306470-798098,850,true,23.68945779329216,1,1411.8246283040728,1.0,0.0
2026-03-22T21:10:07.745-306470-798098,879,false,5.961579788346774,1,1411.8246283040728,1.0,1.0
2026-03-22T21:10:07.745-306470-798098,672,false,0.17579732846357368,1,1411.8246283040728,1.0,1.0
2026-03-22T21:10:07.745-306470-798098,107,true,0.8673396220707928,1,1410.957288682002,1.0,0.655
2026-03-22T21:10:07.745-306470-798098,897,false,9.663281265537305,1,1410.957288682002,1.0,1.0
2026-03-22T21:10:07.745-306470-798098,990,true,3.151538515606438,1,1407.8057501663955,1.0,0.0010000000000000009
2026-03-22T21:10:07.745-306470-798098,578,false,3.4694400397007783,1,1407.8057501663955,1.0,1.0
2026-03-22T21:10:07.745-306470-798098,104,true,3.172921096196889,1,1404.6328290701986,1.0,0.06399999999999995
2026-03-22T21:10:07.745-306470-798098,408,false,265.57031748078276,1,1404.6328290701986,1.0,1.0
2026-03-22T21:10:07.745-306470-798098,559,false,0.20173282154834812,1,1404.6328290701986,1.0,1.0
2026-03-22T21:10:07.745-306470-798098,350,true,2.2066343697837394,1,1402.4261947004147,1.0,0.0
2026-03-22T21:10:07.745-306470-798098,987,true,0.4808792551915372,1,1401.9453154452233,1.0,0.623
2026-03-22T21:10:07.745-306470-798098,488,false,0.7210434504532675,1,1401.9453154452233,1.0,1.0
2026-03-22T21:10:07.745-306470-798098,10,true,2.2334730381410326,1,1399.7118424070823,1.0,0.0
2026-03-22T21:10:07.745-306470-798098,629,false,0.9826042962796956,1,1399.7118424070823,1.0,1.0
2026-03-22T21:10:07.745-306470-798098,224,true,2.843829760780233,1,1396.868012646302,1.0,0.0
2026-03-22T21:10:07.745-306470-798098,323,false,2.899316630931777,1,1396.868012646302,1.0,1.0
2026-03-22T21:10:07.745-306470-798098,902,false,1.5558566035792196,1,1396.868012646302,1.0,1.0
2026-03-22T21:10:07.745-306470-798098,513,true,41.63453543426569,1,1355.2334772120364,1.0,0.0
2026-03-22T21:10:07.745-306470-798098,258,false,14.854061013060308,1,1355.2334772120364,1.0,1.0
2026-03-22T21:10:07.745-306470-798098,864,true,4.141869614458755,1,1351.0916075975776,1.0,0.0
2026-03-22T21:10:07.745-306470-798098,362,true,77.82326948480298,1,1273.2683381127747,1.0,0.5900000000000001
2026-03-22T21:10:07.745-306470-798098,997,true,2.4631875252889692,1,1270.8051505874857,1.0,0.0
2026-03-22T21:10:07.745-306470-798098,439,true,4.305320574203382,1,1266.4998300132825,1.0,0.639
2026-03-22T21:10:07.745-306470-798098,556,false,16.787942858415615,1,1266.4998300132825,1.0,1.0
2026-03-22T21:10:07.745-306470-798098,250,true,7.37999416540718,1,1259.1198358478753,1.0,0.08499999999999996
2026-03-22T21:10:07.745-306470-798098,139,true,17.256676704484274,1,1241.863159143391,1.0,0.649
2026-03-22T21:10:07.745-306470-798098,59,false,0.3093909613051489,1,1241.863159143391,1.0,1.0
2026-03-22T21:10:07.745-306470-798098,962,true,37.11755066368949,1,1204.7456084797013,1.0,0.0
2026-03-22T21:10:07.745-306470-798098,593,false,4.794211111162179,1,1204.7456084797013,1.0,1.0
2026-03-22T21:10:07.745-306470-798098,582,true,21.177913569072604,1,1183.5676949106287,1.0,0.8180000000000001
2026-03-22T21:10:07.745-306470-798098,691,false,6.938635260816487,1,1183.5676949106287,1.0,1.0
2026-03-22T21:10:07.745-306470-798098,820,false,0.09046447223253465,1,1183.5676949106287,1.0,1.0
2026-03-22T21:10:07.745-306470-798098,357,true,56.71188884667507,1,1126.8558060639537,1.0,0.0
2026-03-22T21:10:07.745-306470-798098,813,true,5.305981136014729,1,1121.549824927939,1.0,0.638
2026-03-22T21:10:07.745-306470-798098,486,false,3.75450351200289,1,1121.549824927939,1.0,1.0
2026-03-22T21:10:07.745-306470-798098,565,false,2.6386581625048846,1,1121.549824927939,1.0,1.0
2026-03-22T21:10:07.745-306470-798098,394,false,2.3005984599798843,1,1121.549824927939,1.0,1.0
2026-03-22T21:10:07.745-306470-798098,522,false,1.5296632965886023,1,1121.549824927939,1.0,1.0
2026-03-22T21:10:07.745-306470-798098,554,false,2.551086002831978,1,1121.549824927939,1.0,1.0
2026-03-22T21:10:07.745-306470-798098,277,false,22.199124296903467,1,1121.549824927939,1.0,1.0
2026-03-22T21:10:07.745-306470-798098,407,false,5.949616937385515,1,1121.549824927939,1.0,1.0
2026-03-22T21:10:07.745-306470-798098,349,true,8.289081745103758,1,1113.2607431828353,1.0,0.0
2026-03-22T21:10:07.745-306470-798098,568,false,5.765611110918745,1,1113.2607431828353,1.0,1.0
2026-03-22T21:10:07.745-306470-798098,310,true,0.4456442284698077,1,1112.8150989543656,1.0,0.825
2026-03-22T21:10:07.745-306470-798098,341,false,7.8706098375338165,1,1112.8150989543656,1.0,1.0
2026-03-22T21:10:07.745-306470-798098,913,false,10.167485021492041,1,1112.8150989543656,1.0,1.0
2026-03-22T21:10:07.745-306470-798098,524,false,0.49723989499261106,1,1112.8150989543656,1.0,1.0
2026-03-22T21:10:07.745-306470-798098,441,true,0.37470476623936966,1,1112.4403941881262,1.0,0.644
2026-03-22T21:10:07.745-306470-798098,201,false,10.152704244633808,1,1112.4403941881262,1.0,1.0
2026-03-22T21:10:07.745-306470-798098,117,false,26.550821844845046,1,1112.4403941881262,1.0,1.0
2026-03-22T21:10:07.745-306470-798098,497,false,12.828004752851003,1,1112.4403941881262,1.0,1.0
2026-03-22T21:10:07.745-306470-798098,988,true,0.8557016818454652,1,1111.5846925062808,1.0,0.0
2026-03-22T21:10:07.745-306470-798098,537,false,72.05439935673081,1,1111.5846925062808,1.0,1.0
2026-03-22T21:10:07.745-306470-798098,279,false,0.1766828915579233,1,1111.5846925062808,1.0,1.0
2026-03-22T21:10:07.745-306470-798098,656,false,0.03195021195350039,1,1111.5846925062808,1.0,1.0
2026-03-22T21:10:07.745-306470-798098,533,false,0.31064950490456106,1,1111.5846925062808,1.0,1.0
2026-03-22T21:10:07.745-306470-798098,233,true,1.2325526399242597,1,1110.3521398663565,1.0,0.0010000000000000009
2026-03-22T21:10:07.745-306470-798098,253,true,40.24787167196677,1,1070.1042681943898,1.0,0.798
2026-03-22T21:10:07.745-306470-798098,854,true,1.0827866944365476,1,1069.0214814999533,1.0,0.0
2026-03-22T21:10:07.745-306470-798098,625,false,5.391632070335249,1,1069.0214814999533,1.0,1.0
2026-03-22T21:10:07.745-306470-798098,595,false,0.25036271556000417,1,1069.0214814999533,1.0,1.0
2026-03-22T21:10:07.745-306470-798098,668,false,4.267785776539625,1,1069.0214814999533,1.0,1.0
2026-03-22T21:10:07.745-306470-798098,602,false,13.191320375045228,1,1069.0214814999533,1.0,1.0
2026-03-22T21:10:07.745-306470-798098,41,false,2.763937212431802,1,1069.0214814999533,1.0,1.0
2026-03-22T21:10:07.745-306470-798098,975,false,15.56868815511087,1,1069.0214814999533,1.0,1.0
2026-03-22T21:10:07.745-306470-798098,794,false,4.82273189504983,1,1069.0214814999533,1.0,1.0
2026-03-22T21:10:07.745-306470-798098,876,false,2.394401418835015,1,1069.0214814999533,1.0,1.0
2026-03-22T21:10:07.745-306470-798098,485,false,0.5229426769868152,1,1069.0214814999533,1.0,1.0
2026-03-22T21:10:07.745-306470-798098,294,false,0.18483561268491633,1,1069.0214814999533,1.0,1.0
2026-03-22T21:10:07.745-306470-798098,76,false,7.413929089387639,1,1069.0214814999533,1.0,1.0
2026-03-22T21:10:07.745-306470-798098,124,false,5.520069765142573,1,1069.0214814999533,1.0,1.0
2026-03-22T21:10:07.745-306470-798098,707,false,15.027442065047188,1,1069.0214814999533,1.0,1.0
2026-03-22T21:10:07.745-306470-798098,489,false,4.751605922822709,1,1069.0214814999533,1.0,1.0
2026-03-22T21:10:07.745-306470-798098,392,false,12.865099065056526,1,1069.0214814999533,1.0,1.0
2026-03-22T21:10:07.745-306470-798098,443,true,1.6218852412887488,1,1067.3995962586646,1.0,0.614
2026-03-22T21:10:07.745-306470-798098,592,false,2.3273183654178706,1,1067.3995962586646,1.0,1.0
2026-03-22T21:10:07.745-306470-798098,241,true,0.9890214580030023,1,1066.4105748006616,1.0,0.654
2026-03-22T21:10:07.745-306470-798098,957,true,2.967068374822296,1,1063.4435064258394,1.0,0.0
2026-03-22T21:10:07.745-306470-798098,686,false,21.783636795189693,1,1063.4435064258394,1.0,1.0
2026-03-22T21:10:07.745-306470-798098,493,false,15.244693019097742,1,1063.4435064258394,1.0,1.0
2026-03-22T21:10:07.745-306470-798098,243,true,34.855838661331745,1,1028.5876677645076,1.0,0.0
2026-03-22T21:10:07.745-306470-798098,804,false,13.455778463557413,1,1028.5876677645076,1.0,1.0
2026-03-22T21:10:07.745-306470-798098,169,true,0.3118177453300579,1,1028.2758500191776,1.0,0.0
2026-03-22T21:10:07.745-306470-798098,679,false,1.1956580769093184,1,1028.2758500191776,1.0,1.0
2026-03-22T21:10:07.745-306470-798098,101,true,2.3154651580537613,1,1025.9603848611239,1.0,0.647
2026-03-22T21:10:07.745-306470-798098,706,false,3.9740126421726716,1,1025.9603848611239,1.0,1.0
2026-03-22T21:10:07.745-306470-798098,177,true,1.0037303157440554,1,1024.95665454538,1.0,0.624
2026-03-22T21:10:07.745-306470-798098,830,false,7.044340489735619,1,1024.95665454538,1.0,1.0
2026-03-22T21:10:07.745-306470-798098,780,false,24.167225288451817,1,1024.95665454538,1.0,1.0
2026-03-22T21:10:07.745-306470-798098,286,false,164.17143289785528,1,1024.95665454538,1.0,1.0
2026-03-22T21:10:07.745-306470-798098,88,false,0.9538390977761277,1,1024.95665454538,1.0,1.0
2026-03-22T21:10:07.745-306470-798098,915,false,5.112385206622479,1,1024.95665454538,1.0,1.0
2026-03-22T21:10:07.745-306470-798098,37,false,0.14364650480864144,1,1024.95665454538,1.0,1.0
2026-03-22T21:10:07.745-306470-798098,16,false,8.330504618428591,1,1024.95665454538,1.0,1.0
2026-03-22T21:10:07.745-306470-798098,722,false,0.6990835742473335,1,1024.95665454538,1.0,1.0
2026-03-22T21:10:07.745-306470-798098,981,false,0.15209048012309018,1,1024.95665454538,1.0,1.0
2026-03-22T21:10:07.745-306470-798098,606,false,14.345474578554846,1,1024.95665454538,1.0,1.0
2026-03-22T21:10:07.745-306470-798098,769,false,5.3870555942556635,1,1024.95665454538,1.0,1.0
2026-03-22T21:10:07.745-306470-798098,680,false,1.135617982323655,1,1024.95665454538,1.0,1.0
2026-03-22T21:10:07.745-306470-798098,100,true,5.76893769850646,1,1019.1877168468735,1.0,0.646
2026-03-22T21:10:07.745-306470-798098,202,false,0.34668798646757937,1,1019.1877168468735,1.0,1.0
2026-03-22T21:10:07.745-306470-798098,121,false,3.469653042365534,1,1019.1877168468735,1.0,1.0
2026-03-22T21:10:07.745-306470-798098,704,false,9.847588186689055,1,1019.1877168468735,1.0,1.0
2026-03-22T21:10:07.745-306470-798098,811,true,11.659650549678403,1,1007.5280662971951,1.0,0.08199999999999996
2026-03-22T21:10:07.745-306470-798098,638,false,28.20147739060569,1,1007.5280662971951,1.0,1.0
2026-03-22T21:10:07.745-306470-798098,603,false,3.839356778616693,1,1007.5280662971951,1.0,1.0
2026-03-22T21:10:07.745-306470-798098,622,false,63.62728455550925,1,1007.5280662971951,1.0,1.0
2026-03-22T21:10:07.745-306470-798098,511,true,2.4532691099119663,1,1005.0747971872831,1.0,0.0
2026-03-22T21:10:07.745-306470-798098,886,true,9.073175818523632,1,996.0016213687595,1.0,0.0
2026-03-22T21:10:07.745-306470-798098,643,true,926.6214876236359,1,69.38013374512366,1.0,0.0020000000000000018
2026-03-22T21:10:07.745-306470-798098,700,false,0.9815082009763765,1,69.38013374512366,1.0,1.0
2026-03-22T21:10:07.745-306470-798098,911,false,6.637812936607587,1,69.38013374512366,1.0,1.0
2026-03-22T21:10:07.745-306470-798098,254,true,2.134640903563689,1,67.24549284155997,1.0,0.6679999999999999
2026-03-22T21:10:07.745-306470-798098,352,false,0.15009157396379322,1,67.24549284155997,1.0,1.0
2026-03-22T21:10:07.745-306470-798098,778,false,2.4307051014661836,1,67.24549284155997,1.0,1.0
2026-03-22T21:10:07.745-306470-798098,525,false,13.170145849354038,1,67.24549284155997,1.0,1.0
2026-03-22T21:10:07.745-306470-798098,414,false,4.237111267138292,1,67.24549284155997,1.0,1.0
2026-03-22T21:10:07.745-306470-798098,624,false,18.90274465043649,1,67.24549284155997,1.0,1.0
2026-03-22T21:10:07.745-306470-798098,386,false,0.19614331408923752,1,67.24549284155997,1.0,1.0
2026-03-22T21:10:07.745-306470-798098,530,false,7.062896025665983,1,67.24549284155997,1.0,1.0
2026-03-22T21:10:07.745-306470-798098,518,true,6.800830742882721,1,60.44466209867724,1.0,0.667
2026-03-22T21:10:07.745-306470-798098,654,false,2.0270873673048593,1,60.44466209867724,1.0,1.0
2026-03-22T21:10:07.745-306470-798098,782,false,0.5544847308875093,1,60.44466209867724,1.0,1.0
2026-03-22T21:10:07.745-306470-798098,270,false,0.019476600501962968,1,60.44466209867724,1.0,1.0
2026-03-22T21:10:07.745-306470-798098,327,false,0.5765881955809888,1,60.44466209867724,1.0,1.0
2026-03-22T21:10:07.745-306470-798098,23,false,60.095643371151986,1,60.44466209867724,1.0,1.0
2026-03-22T21:10:07.745-306470-798098,739,false,0.14238853824410883,1,60.44466209867724,1.0,1.0
2026-03-22T21:10:07.745-306470-798098,979,false,0.8327603102736938,1,60.44466209867724,1.0,1.0
2026-03-22T21:10:07.745-306470-798098,240,true,7.903160574939918,1,52.541501523737324,1.0,0.0
2026-03-22T21:10:07.745-306470-798098,626,false,4.109020871389726,1,52.541501523737324,1.0,1.0
2026-03-22T21:10:07.745-306470-798098,188,false,40.21729546529981,1,52.541501523737324,1.0,1.0
2026-03-22T21:10:07.745-306470-798098,849,true,9.272311215561135,1,43.26919030817619,1.0,0.0
2026-03-22T21:10:07.745-306470-798098,463,false,1.2331278327027386,1,43.26919030817619,1.0,1.0
2026-03-22T21:10:07.745-306470-798098,103,true,1.969947385342843,1,41.29924292283335,1.0,0.0
2026-03-22T21:10:07.745-306470-798098,146,false,0.2292818015224422,1,41.29924292283335,1.0,1.0
2026-03-22T21:10:07.745-306470-798098,817,false,0.3258625928866412,1,41.29924292283335,1.0,1.0
2026-03-22T21:10:07.745-306470-798098,192,false,1.7358335524731492,1,41.29924292283335,1.0,1.0
2026-03-22T21:10:07.745-306470-798098,938,false,3.989804451530277,1,41.29924292283335,1.0,1.0
2026-03-22T21:10:07.745-306470-798098,837,false,0.12762013050280652,1,41.29924292283335,1.0,1.0
2026-03-22T21:10:07.745-306470-798098,587,false,51.67046832197618,1,41.29924292283335,1.0,1.0
2026-03-22T21:10:07.745-306470-798098,264,false,3.856674416516124,1,41.29924292283335,1.0,1.0
2026-03-22T21:10:07.745-306470-798098,39,false,60.65962720247165,1,41.29924292283335,1.0,1.0
2026-03-22T21:10:07.745-306470-798098,925,false,3.9501908380770803,1,41.29924292283335,1.0,1.0
2026-03-22T21:10:07.745-306470-798098,834,false,1.5132900964003355,1,41.29924292283335,1.0,1.0
2026-03-22T21:10:07.745-306470-798098,932,false,32.241984198857,1,41.29924292283335,1.0,1.0
2026-03-22T21:10:07.745-306470-798098,420,false,1.8903647144968851,1,41.29924292283335,1.0,1.0
2026-03-22T21:10:07.745-306470-798098,208,false,1.792909346771138,1,41.29924292283335,1.0,1.0
2026-03-22T21:10:07.745-306470-798098,317,false,5.290739221110133,1,41.29924292283335,1.0,1.0
2026-03-22T21:10:07.745-306470-798098,836,false,0.6653502793597419,1,41.29924292283335,1.0,1.0
2026-03-22T21:10:07.745-306470-798098,364,true,2.6383767318417894,1,38.66086619099156,1.0,0.784
2026-03-22T21:10:07.745-306470-798098,651,false,0.42976758268191695,1,38.66086619099156,1.0,1.0
2026-03-22T21:10:07.745-306470-798098,614,false,7.912480288416573,1,38.66086619099156,1.0,1.0
2026-03-22T21:10:07.745-306470-798098,369,false,0.5676788391315555,1,38.66086619099156,1.0,1.0
2026-03-22T21:10:07.745-306470-798098,21,false,99.01596443879777,1,38.66086619099156,1.0,1.0
2026-03-22T21:10:07.745-306470-798098,292,false,1.6924924203953775,1,38.66086619099156,1.0,1.0
2026-03-22T21:10:07.745-306470-798098,895,true,3.7710587538019977,1,34.88980743718957,1.0,0.643
2026-03-22T21:10:07.745-306470-798098,168,true,4.681586517462168,1,30.2082209197274,1.0,0.0
2026-03-22T21:10:07.745-306470-798098,210,false,29.169955904240016,1,30.2082209197274,1.0,1.0
2026-03-22T21:10:07.745-306470-798098,110,true,1.316870391872028,1,28.891350527855373,1.0,0.0010000000000000009
2026-03-22T21:10:07.745-306470-798098,646,true,2.1661090203783884,1,26.725241507476984,1.0,0.29800000000000004
2026-03-22T21:10:07.745-306470-798098,134,true,1.0452943491984807,1,25.6799471582785,1.0,0.0
2026-03-22T21:10:07.745-306470-798098,385,false,23.692705917630274,1,25.6799471582785,1.0,1.0
2026-03-22T21:10:07.745-306470-798098,496,false,0.033642706619330214,1,25.6799471582785,1.0,1.0
2026-03-22T21:10:07.745-306470-798098,550,false,5.491331389662305,1,25.6799471582785,1.0,1.0
2026-03-22T21:10:07.745-306470-798098,909,false,3.0329622570126524,1,25.6799471582785,1.0,1.0
2026-03-22T21:10:07.745-306470-798098,185,false,1.0547121104971822,1,25.6799471582785,1.0,1.0
2026-03-22T21:10:07.745-306470-798098,260,false,0.07697447625696735,1,25.6799471582785,1.0,1.0
2026-03-22T21:10:07.745-306470-798098,560,true,148.32953629531912,1,-122.6495891370406,1.0,0.999
2026-03-22T21:10:07.745-868789-756766,283,false,1.2195511044238765,1,4656.146819028409,1.0,1.0
2026-03-22T21:10:07.745-868789-756766,103,false,9.978962348869215,1,4656.146819028409,1.0,1.0
2026-03-22T21:10:07.745-868789-756766,430,true,1.417321148905679,1,4654.729497879503,1.0,0.999
2026-03-22T21:10:07.745-868789-756766,487,false,1.087173980890657,1,4654.729497879503,1.0,1.0
2026-03-22T21:10:07.745-868789-756766,580,false,10.544979968315582,1,4654.729497879503,1.0,1.0
2026-03-22T21:10:07.745-868789-756766,381,false,2.0292603793873427,1,4654.729497879503,1.0,1.0
2026-03-22T21:10:07.745-868789-756766,516,false,3.805447654264024,1,4654.729497879503,1.0,1.0
2026-03-22T21:10:07.745-868789-756766,185,true,338.7456023562004,1,4315.983895523303,1.0,0.546
2026-03-22T21:10:07.745-868789-756766,919,false,0.17483465792637848,1,4315.983895523303,1.0,1.0
2026-03-22T21:10:07.745-868789-756766,269,true,22.300226721766716,1,4293.6836688015355,1.0,0.998
2026-03-22T21:10:07.745-868789-756766,617,true,132.5230123855755,1,4161.16065641596,1.0,0.999
2026-03-22T21:10:07.745-868789-756766,880,false,4.772792068351811,1,4161.16065641596,1.0,1.0
2026-03-22T21:10:07.745-868789-756766,690,false,3.057672206977176,1,4161.16065641596,1.0,1.0
2026-03-22T21:10:07.745-868789-756766,642,true,4.787623806106771,1,4156.373032609853,1.0,0.634
2026-03-22T21:10:07.745-868789-756766,591,false,0.36622287164429695,1,4156.373032609853,1.0,1.0
2026-03-22T21:10:07.745-868789-756766,871,false,0.025310141967854083,1,4156.373032609853,1.0,1.0
2026-03-22T21:10:07.745-868789-756766,439,false,4.154743745466927,1,4156.373032609853,1.0,1.0
2026-03-22T21:10:07.745-868789-756766,859,true,1.5015146317149897,1,4154.871517978138,1.0,0.606
2026-03-22T21:10:07.745-868789-756766,527,true,11.043712720949838,1,4143.827805257189,1.0,0.999
2026-03-22T21:10:07.745-868789-756766,735,false,16.53742549097189,1,4143.827805257189,1.0,1.0
2026-03-22T21:10:07.745-868789-756766,651,false,2.9184587010137286,1,4143.827805257189,1.0,1.0
2026-03-22T21:10:07.745-868789-756766,536,false,2.202947113703427,1,4143.827805257189,1.0,1.0
2026-03-22T21:10:07.745-868789-756766,950,false,0.9808888142762723,1,4143.827805257189,1.0,1.0
2026-03-22T21:10:07.745-868789-756766,106,false,1.9749902806931725,1,4143.827805257189,1.0,1.0
2026-03-22T21:10:07.745-868789-756766,686,false,2.46351101329789,1,4143.827805257189,1.0,1.0
2026-03-22T21:10:07.745-868789-756766,910,true,0.43330895696922667,1,4143.3944963002195,1.0,0.627
2026-03-22T21:10:07.745-868789-756766,574,false,7.269385082811567,1,4143.3944963002195,1.0,1.0
2026-03-22T21:10:07.745-868789-756766,518,false,0.08804145780194761,1,4143.3944963002195,1.0,1.0
2026-03-22T21:10:07.745-868789-756766,151,false,0.3682218941025752,1,4143.3944963002195,1.0,1.0
2026-03-22T21:10:07.745-868789-756766,769,false,64.43857135456909,1,4143.3944963002195,1.0,1.0
2026-03-22T21:10:07.745-868789-756766,941,false,0.15931422080367466,1,4143.3944963002195,1.0,1.0
2026-03-22T21:10:07.745-868789-756766,541,false,31.842060261397297,1,4143.3944963002195,1.0,1.0
2026-03-22T21:10:07.745-868789-756766,873,true,4.24511782847443,1,4139.149378471745,1.0,0.999
2026-03-22T21:10:07.745-868789-756766,739,false,16.376792167824867,1,4139.149378471745,1.0,1.0
2026-03-22T21:10:07.745-868789-756766,392,true,6.487046207430406,1,4132.6623322643145,1.0,0.762
2026-03-22T21:10:07.745-868789-756766,870,true,0.892145445254647,1,4131.77018681906,1.0,0.613
2026-03-22T21:10:07.745-868789-756766,148,false,1.0897210156828927,1,4131.77018681906,1.0,1.0
2026-03-22T21:10:07.745-868789-756766,793,true,166.60936103793094,1,3965.160825781129,1.0,0.999
2026-03-22T21:10:07.745-868789-756766,896,false,1.10005465548397,1,3965.160825781129,1.0,1.0
2026-03-22T21:10:07.745-868789-756766,435,false,4.8219297235408245,1,3965.160825781129,1.0,1.0
2026-03-22T21:10:07.745-868789-756766,477,false,0.6401739840531553,1,3965.160825781129,1.0,1.0
2026-03-22T21:10:07.745-868789-756766,423,true,10.997551915926776,1,3954.1632738652024,1.0,0.613
2026-03-22T21:10:07.745-868789-756766,293,false,0.5475295157627386,1,3954.1632738652024,1.0,1.0
2026-03-22T21:10:07.745-868789-756766,218,true,3.0604112278989994,1,3951.1028626373036,1.0,0.61
2026-03-22T21:10:07.745-868789-756766,181,false,138.5556617645493,1,3951.1028626373036,1.0,1.0
2026-03-22T21:10:07.745-868789-756766,324,false,0.8654720148532317,1,3951.1028626373036,1.0,1.0
2026-03-22T21:10:07.745-868789-756766,416,false,0.13419767820211018,1,3951.1028626373036,1.0,1.0
2026-03-22T21:10:07.745-868789-756766,450,false,4.393500436000321,1,3951.1028626373036,1.0,1.0
2026-03-22T21:10:07.745-868789-756766,618,true,2.561857409279698,1,3948.541005228024,1.0,0.5740000000000001
2026-03-22T21:10:07.745-868789-756766,503,false,2.19219597482205,1,3948.541005228024,1.0,1.0
2026-03-22T21:10:07.745-868789-756766,673,true,8.408785671741649,1,3940.1322195562825,1.0,0.75
2026-03-22T21:10:07.745-868789-756766,434,false,28.50521091497917,1,3940.1322195562825,1.0,1.0
2026-03-22T21:10:07.745-868789-756766,900,false,3.182795388233986,1,3940.1322195562825,1.0,1.0
2026-03-22T21:10:07.745-868789-756766,215,true,37.27008876128682,1,3902.8621307949957,1.0,0.009000000000000008
2026-03-22T21:10:07.745-868789-756766,960,false,3.682757222774134,1,3902.8621307949957,1.0,1.0
2026-03-22T21:10:07.745-868789-756766,274,false,0.38035070927100384,1,3902.8621307949957,1.0,1.0
2026-03-22T21:10:07.745-868789-756766,307,false,3.035101211602135,1,3902.8621307949957,1.0,1.0
2026-03-22T21:10:07.745-868789-756766,581,true,0.703529736010683,1,3902.158601058985,1.0,0.999
2026-03-22T21:10:07.745-868789-756766,39,false,0.31984309016995105,1,3902.158601058985,1.0,1.0
2026-03-22T21:10:07.745-868789-756766,310,false,1.465376047168736,1,3902.158601058985,1.0,1.0
2026-03-22T21:10:07.745-868789-756766,410,true,0.42206485649075093,1,3901.7365362024943,1.0,0.999
2026-03-22T21:10:07.745-868789-756766,354,true,2.9619215293545977,1,3898.7746146731397,1.0,0.8
2026-03-22T21:10:07.745-868789-756766,252,false,1.4564658533408221,1,3898.7746146731397,1.0,1.0
2026-03-22T21:10:07.745-868789-756766,384,false,0.7523641199197776,1,3898.7746146731397,1.0,1.0
2026-03-22T21:10:07.745-868789-756766,933,false,1.822055385828364,1,3898.7746146731397,1.0,1.0
2026-03-22T21:10:07.745-868789-756766,146,true,4.987575745717022,1,3893.7870389274226,1.0,0.743
2026-03-22T21:10:07.745-868789-756766,23,true,3.313131104695273,1,3890.473907822727,1.0,0.731
2026-03-22T21:10:07.745-868789-756766,40,true,1.0733948961127993,1,3889.4005129266143,1.0,0.999
2026-03-22T21:10:07.745-868789-756766,649,false,102.4283628279914,1,3889.4005129266143,1.0,1.0
2026-03-22T21:10:07.745-868789-756766,350,true,38.633612164121296,1,3850.766900762493,1.0,0.999
2026-03-22T21:10:07.745-868789-756766,60,false,47.00859196406027,1,3850.766900762493,1.0,1.0
2026-03-22T21:10:07.745-868789-756766,10,false,87.24464583045385,1,3850.766900762493,1.0,1.0
2026-03-22T21:10:07.745-868789-756766,951,false,4.728762371118138,1,3850.766900762493,1.0,1.0
2026-03-22T21:10:07.745-868789-756766,493,false,0.8353865167856215,1,3850.766900762493,1.0,1.0
2026-03-22T21:10:07.745-868789-756766,160,true,14.981545316628175,1,3835.7853554458648,1.0,0.013000000000000012
2026-03-22T21:10:07.745-868789-756766,201,true,0.8372574774759985,1,3834.9480979683885,1.0,0.606
2026-03-22T21:10:07.745-868789-756766,942,false,0.48183876552132276,1,3834.9480979683885,1.0,1.0
2026-03-22T21:10:07.745-868789-756766,291,true,1.2148945268804658,1,3833.733203441508,1.0,0.999
2026-03-22T21:10:07.745-868789-756766,318,false,0.9607921891254695,1,3833.733203441508,1.0,1.0
2026-03-22T21:10:07.745-868789-756766,314,false,0.09368786977920697,1,3833.733203441508,1.0,1.0
2026-03-22T21:10:07.745-868789-756766,597,true,1.6537249492226997,1,3832.0794784922855,1.0,0.998
2026-03-22T21:10:07.745-868789-756766,407,true,6.654445650260761,1,3825.425032842025,1.0,0.618
2026-03-22T21:10:07.745-868789-756766,36,false,4.120279736740068,1,3825.425032842025,1.0,1.0
2026-03-22T21:10:07.745-868789-756766,415,false,7.2532983807597144,1,3825.425032842025,1.0,1.0
2026-03-22T21:10:07.745-868789-756766,901,false,0.01657193164244239,1,3825.425032842025,1.0,1.0
2026-03-22T21:10:07.745-868789-756766,768,false,18.33225044363418,1,3825.425032842025,1.0,1.0
2026-03-22T21:10:07.745-868789-756766,442,false,11.659371634853636,1,3825.425032842025,1.0,1.0
2026-03-22T21:10:07.745-868789-756766,885,true,4.723227430913452,1,3820.7018054111113,1.0,0.5800000000000001
2026-03-22T21:10:07.745-868789-756766,899,true,1.4839800051333776,1,3819.217825405978,1.0,0.999
2026-03-22T21:10:07.745-868789-756766,263,false,8.813469440110628,1,3819.217825405978,1.0,1.0
2026-03-22T21:10:07.745-868789-756766,297,false,0.7199538616274452,1,3819.217825405978,1.0,1.0
2026-03-22T21:10:07.745-868789-756766,89,false,3.6608003263121813,1,3819.217825405978,1.0,1.0
2026-03-22T21:10:07.745-868789-756766,246,true,461.79587214644306,1,3357.4219532595353,1.0,0.999
2026-03-22T21:10:07.745-868789-756766,678,true,32.455558411727836,1,3324.9663948478074,1.0,0.634
2026-03-22T21:10:07.745-868789-756766,421,true,20.04115858065682,1,3304.9252362671505,1.0,0.579
2026-03-22T21:10:07.745-868789-756766,849,false,4.885756689673963,1,3304.9252362671505,1.0,1.0
2026-03-22T21:10:07.745-868789-756766,715,false,8.362946488238407,1,3304.9252362671505,1.0,1.0
2026-03-22T21:10:07.745-868789-756766,863,true,5.9497225230295285,1,3298.975513744121,1.0,0.631
2026-03-22T21:10:07.745-868789-756766,168,false,5.749496312547183,1,3298.975513744121,1.0,1.0
2026-03-22T21:10:07.745-868789-756766,905,false,28.68322295939213,1,3298.975513744121,1.0,1.0
2026-03-22T21:10:07.745-868789-756766,21,true,29.50414782123585,1,3269.471365922885,1.0,0.618
2026-03-22T21:10:07.745-868789-756766,327,false,3.565220240687998,1,3269.471365922885,1.0,1.0
2026-03-22T21:10:07.745-868789-756766,858,true,1.1967579555666252,1,3268.2746079673184,1.0,0.010000000000000009
2026-03-22T21:10:07.745-868789-756766,983,false,0.1810231770088266,1,3268.2746079673184,1.0,1.0
2026-03-22T21:10:07.745-868789-756766,782,false,0.18236902176566372,1,3268.2746079673184,1.0,1.0
2026-03-22T21:10:07.745-868789-756766,575,false,6.025214123447142,1,3268.2746079673184,1.0,1.0
2026-03-22T21:10:07.745-868789-756766,333,false,37.61925173634507,1,3268.2746079673184,1.0,1.0
2026-03-22T21:10:07.745-868789-756766,30,false,6.691221366729912,1,3268.2746079673184,1.0,1.0
2026-03-22T21:10:07.745-868789-756766,299,false,130.6595030222622,1,3268.2746079673184,1.0,1.0
2026-03-22T21:10:07.745-868789-756766,281,false,0.8589221966229373,1,3268.2746079673184,1.0,1.0
2026-03-22T21:10:07.745-868789-756766,248,false,0.2094849360476543,1,3268.2746079673184,1.0,1.0
2026-03-22T21:10:07.745-868789-756766,257,false,1.56605945686474,1,3268.2746079673184,1.0,1.0
2026-03-22T21:10:07.745-868789-756766,700,false,0.021502843303113205,1,3268.2746079673184,1.0,1.0
2026-03-22T21:10:07.745-868789-756766,868,true,13.016924484125445,1,3255.257683483193,1.0,0.615
2026-03-22T21:10:07.745-868789-756766,540,false,3.830443141201243,1,3255.257683483193,1.0,1.0
2026-03-22T21:10:07.745-868789-756766,730,false,16.22012183487734,1,3255.257683483193,1.0,1.0
2026-03-22T21:10:07.745-868789-756766,512,false,1.4515495490213668,1,3255.257683483193,1.0,1.0
2026-03-22T21:10:07.745-868789-756766,459,false,0.7607974794351651,1,3255.257683483193,1.0,1.0
2026-03-22T21:10:07.745-868789-756766,558,false,2.6595110046049344,1,3255.257683483193,1.0,1.0
2026-03-22T21:10:07.745-868789-756766,616,true,8.1378989032841,1,3247.119784579909,1.0,0.051000000000000045
2026-03-22T21:10:07.745-868789-756766,811,false,1.211412303502481,1,3247.119784579909,1.0,1.0
2026-03-22T21:10:07.745-868789-756766,955,false,3.5987908294908193,1,3247.119784579909,1.0,1.0
2026-03-22T21:10:07.745-868789-756766,569,false,0.31294758989327615,1,3247.119784579909,1.0,1.0
2026-03-22T21:10:07.745-868789-756766,996,false,114.32690896705311,1,3247.119784579909,1.0,1.0
2026-03-22T21:10:07.745-868789-756766,178,true,20.59096476502773,1,3226.528819814881,1.0,0.61
2026-03-22T21:10:07.745-868789-756766,509,true,27.691181623979624,1,3198.8376381909015,1.0,0.616
2026-03-22T21:10:07.745-868789-756766,751,false,7.897483424083188,1,3198.8376381909015,1.0,1.0
2026-03-22T21:10:07.745-868789-756766,187,true,8.369017187589174,1,3190.4686210033124,1.0,0.0
2026-03-22T21:10:07.745-868789-756766,884,true,9.102304515842654,1,3181.3663164874697,1.0,0.616
2026-03-22T21:10:07.745-868789-756766,397,false,7.447005203293491,1,3181.3663164874697,1.0,1.0
2026-03-22T21:10:07.745-868789-756766,155,true,1.4975272192511215,1,3179.8687892682187,1.0,0.752
2026-03-22T21:10:07.745-868789-756766,988,true,98.98321528848797,1,3080.885573979731,1.0,0.5840000000000001
2026-03-22T21:10:07.745-868789-756766,946,false,4.9620558291514,1,3080.885573979731,1.0,1.0
2026-03-22T21:10:07.745-868789-756766,546,true,2.498926591926451,1,3078.3866473878043,1.0,0.999
2026-03-22T21:10:07.745-868789-756766,208,true,12.377699216285341,1,3066.008948171519,1.0,0.601
2026-03-22T21:10:07.745-868789-756766,438,false,22.89139818234711,1,3066.008948171519,1.0,1.0
2026-03-22T21:10:07.745-868789-756766,396,false,0.625986689210854,1,3066.008948171519,1.0,1.0
2026-03-22T21:10:07.745-868789-756766,928,false,4.290897771495923,1,3066.008948171519,1.0,1.0
2026-03-22T21:10:07.745-868789-756766,225,false,0.4907253070953587,1,3066.008948171519,1.0,1.0
2026-03-22T21:10:07.745-868789-756766,812,false,40.261318908504,1,3066.008948171519,1.0,1.0
2026-03-22T21:10:07.745-868789-756766,529,true,1.3484347973860042,1,3064.660513374133,1.0,0.633
2026-03-22T21:10:07.745-868789-756766,491,false,0.22823116928984954,1,3064.660513374133,1.0,1.0
2026-03-22T21:10:07.745-868789-756766,359,false,0.49676347792538994,1,3064.660513374133,1.0,1.0
2026-03-22T21:10:07.745-868789-756766,810,false,1.6520593165332196,1,3064.660513374133,1.0,1.0
2026-03-22T21:10:07.745-868789-756766,515,false,0.8253313438961547,1,3064.660513374133,1.0,1.0
2026-03-22T21:10:07.745-868789-756766,936,false,4.790630519476075,1,3064.660513374133,1.0,1.0
2026-03-22T21:10:07.745-868789-756766,791,false,0.016343949900785484,1,3064.660513374133,1.0,1.0
2026-03-22T21:10:07.745-868789-756766,634,false,0.31687412559074757,1,3064.660513374133,1.0,1.0
2026-03-22T21:10:07.745-868789-756766,626,false,0.020360909148248577,1,3064.660513374133,1.0,1.0
2026-03-22T21:10:07.745-868789-756766,628,false,2.2501866201273018,1,3064.660513374133,1.0,1.0
2026-03-22T21:10:07.745-868789-756766,583,true,1.024045548648826,1,3063.6364678254845,1.0,0.745
2026-03-22T21:10:07.745-868789-756766,624,false,65.0837040684889,1,3063.6364678254845,1.0,1.0
2026-03-22T21:10:07.745-868789-756766,589,false,70.12932175581392,1,3063.6364678254845,1.0,1.0
2026-03-22T21:10:07.745-868789-756766,17,false,1.6271153641982352,1,3063.6364678254845,1.0,1.0
2026-03-22T21:10:07.745-868789-756766,501,false,2.833408200025209,1,3063.6364678254845,1.0,1.0
2026-03-22T21:10:07.745-868789-756766,738,false,32.93301596437199,1,3063.6364678254845,1.0,1.0
2026-03-22T21:10:07.745-868789-756766,648,false,13.652320927692813,1,3063.6364678254845,1.0,1.0
2026-03-22T21:10:07.745-868789-756766,353,true,1.546861991390297,1,3062.089605834094,1.0,0.049000000000000044
2026-03-22T21:10:07.745-868789-756766,284,true,1045.0233993498725,1,2017.0662064842215,1.0,0.998
2026-03-22T21:10:07.745-868789-756766,278,false,8.829058005157666,1,2017.0662064842215,1.0,1.0
2026-03-22T21:10:07.745-868789-756766,523,false,4.893903678385301,1,2017.0662064842215,1.0,1.0
2026-03-22T21:10:07.745-868789-756766,538,false,4.0488393213030776,1,2017.0662064842215,1.0,1.0
2026-03-22T21:10:07.745-868789-756766,329,false,3.4662627905078103,1,2017.0662064842215,1.0,1.0
2026-03-22T21:10:07.745-868789-756766,556,false,6.224110251755941,1,2017.0662064842215,1.0,1.0
2026-03-22T21:10:07.745-868789-756766,547,true,1.3984103105627692,1,2015.6677961736589,1.0,0.609
2026-03-22T21:10:07.745-868789-756766,780,false,0.16135686766505916,1,2015.6677961736589,1.0,1.0
2026-03-22T21:10:07.745-868789-756766,692,false,49.1133518867347,1,2015.6677961736589,1.0,1.0
2026-03-22T21:10:07.745-868789-756766,560,true,1.6113629127305729,1,2014.0564332609283,1.0,0.834
2026-03-22T21:10:07.745-868789-756766,958,true,36.155887667693264,1,1977.9005455932352,1.0,0.999
2026-03-22T21:10:07.745-868789-756766,772,false,26.99178498099418,1,1977.9005455932352,1.0,1.0
2026-03-22T21:10:07.745-868789-756766,243,true,1.9796810607973194,1,1975.920864532438,1.0,0.528
2026-03-22T21:10:07.745-868789-756766,319,false,0.759647216945494,1,1975.920864532438,1.0,1.0
2026-03-22T21:10:07.745-868789-756766,165,true,43.23650981731821,1,1932.6843547151198,1.0,0.635
2026-03-22T21:10:07.745-868789-756766,179,true,5.489542588841335,1,1927.1948121262785,1.0,0.010000000000000009
2026-03-22T21:10:07.745-868789-756766,889,true,17.875446217064265,1,1909.3193659092142,1.0,0.851
2026-03-22T21:10:07.745-868789-756766,615,true,0.7871136047039851,1,1908.5322523045102,1.0,0.0
2026-03-22T21:10:07.745-868789-756766,249,true,0.8706361710001724,1,1907.66161613351,1.0,0.544
2026-03-22T21:10:07.745-868789-756766,522,false,709.8137309690538,1,1907.66161613351,1.0,1.0
2026-03-22T21:10:07.745-868789-756766,931,false,1.6489868739551345,1,1907.66161613351,1.0,1.0
2026-03-22T21:10:07.745-868789-756766,105,false,0.35378622359313394,1,1907.66161613351,1.0,1.0
2026-03-22T21:10:07.745-868789-756766,837,true,4.764725627664161,1,1902.896890505846,1.0,0.753
2026-03-22T21:10:07.745-868789-756766,679,true,1.7345744469601132,1,1901.1623160588858,1.0,0.009000000000000008
2026-03-22T21:10:07.745-868789-756766,1000,false,2.197990173330015,1,1901.1623160588858,1.0,1.0
2026-03-22T21:10:07.745-868789-756766,82,false,8.704083694283003,1,1901.1623160588858,1.0,1.0
2026-03-22T21:10:07.745-868789-756766,598,true,0.43849054148879035,1,1900.723825517397,1.0,0.613
2026-03-22T21:10:07.745-868789-756766,755,false,1.0605285403742397,1,1900.723825517397,1.0,1.0
2026-03-22T21:10:07.745-868789-756766,681,true,2.3632774209107543,1,1898.3605480964864,1.0,0.009000000000000008
2026-03-22T21:10:07.745-868789-756766,286,false,0.016092890403342434,1,1898.3605480964864,1.0,1.0
2026-03-22T21:10:07.745-868789-756766,29,true,10.96035177763129,1,1887.400196318855,1.0,0.62
2026-03-22T21:10:07.745-868789-756766,183,false,0.10660960123738923,1,1887.400196318855,1.0,1.0
2026-03-22T21:10:07.745-868789-756766,45,true,1.6414624324203633,1,1885.7587338864346,1.0,0.999
2026-03-22T21:10:07.745-868789-756766,879,false,189.76597403877153,1,1885.7587338864346,1.0,1.0
2026-03-22T21:10:07.745-868789-756766,680,true,130.32525197896703,1,1755.4334819074675,1.0,0.0
2026-03-22T21:10:07.745-868789-756766,99,false,0.2626459158876699,1,1755.4334819074675,1.0,1.0
2026-03-22T21:10:07.745-868789-756766,150,false,19.06777551042407,1,1755.4334819074675,1.0,1.0
2026-03-22T21:10:07.745-868789-756766,918,false,1.2388256465760341,1,1755.4334819074675,1.0,1.0
2026-03-22T21:10:07.745-868789-756766,211,true,2.3306672250701204,1,1753.1028146823974,1.0,0.635
2026-03-22T21:10:07.745-868789-756766,577,false,9.286577289591774,1,1753.1028146823974,1.0,1.0
2026-03-22T21:10:07.745-868789-756766,141,true,0.22835734173288333,1,1752.8744573406645,1.0,0.622
2026-03-22T21:10:07.745-868789-756766,204,true,0.5908474461462349,1,1752.2836098945183,1.0,0.0
2026-03-22T21:10:07.745-868789-756766,344,false,11.347777447146724,1,1752.2836098945183,1.0,1.0
2026-03-22T21:10:07.745-868789-756766,966,false,1.9891975046729007,1,1752.2836098945183,1.0,1.0
2026-03-22T21:10:07.745-868789-756766,815,false,1.507999111378843,1,1752.2836098945183,1.0,1.0
2026-03-22T21:10:07.745-868789-756766,209,true,5.0751823118108295,1,1747.2084275827076,1.0,0.0
2026-03-22T21:10:07.745-868789-756766,804,false,1.31019017507558,1,1747.2084275827076,1.0,1.0
2026-03-22T21:10:07.745-868789-756766,67,false,0.8950085947818843,1,1747.2084275827076,1.0,1.0
2026-03-22T21:10:07.745-868789-756766,685,false,97.46607892607716,1,1747.2084275827076,1.0,1.0
2026-03-22T21:10:07.745-868789-756766,167,false,0.09698922652668436,1,1747.2084275827076,1.0,1.0
2026-03-22T21:10:07.745-868789-756766,765,false,2.5759826980806766,1,1747.2084275827076,1.0,1.0
2026-03-22T21:10:07.745-868789-756766,455,false,8.393646263304628,1,1747.2084275827076,1.0,1.0
2026-03-22T21:10:07.745-868789-756766,504,true,17.684013427177394,1,1729.5244141555302,1.0,0.603
2026-03-22T21:10:07.745-868789-756766,557,true,12.146302903448285,1,1717.378111252082,1.0,0.608
2026-03-22T21:10:07.745-868789-756766,266,false,0.135855258366204,1,1717.378111252082,1.0,1.0
2026-03-22T21:10:07.745-868789-756766,980,false,3.503444863362505,1,1717.378111252082,1.0,1.0
2026-03-22T21:10:07.745-868789-756766,420,false,0.1070657942674095,1,1717.378111252082,1.0,1.0
2026-03-22T21:10:07.745-868789-756766,609,false,0.6658831269673783,1,1717.378111252082,1.0,1.0
2026-03-22T21:10:07.745-868789-756766,594,true,18.464304425936323,1,1698.9138068261457,1.0,0.758
2026-03-22T21:10:07.745-868789-756766,338,false,0.764570928362927,1,1698.9138068261457,1.0,1.0
2026-03-22T21:10:07.745-868789-756766,979,false,23.610890300430356,1,1698.9138068261457,1.0,1.0
2026-03-22T21:10:07.745-868789-756766,762,false,11.005080606857149,1,1698.9138068261457,1.0,1.0
2026-03-22T21:10:07.745-868789-756766,636,true,37.06572160808934,1,1661.8480852180564,1.0,0.623
2026-03-22T21:10:07.745-868789-756766,406,true,6.602358855561538,1,1655.245726362495,1.0,0.88
2026-03-22T21:10:07.745-868789-756766,895,true,5.039056755743804,1,1650.2066696067511,1.0,0.999
2026-03-22T21:10:07.745-868789-756766,513,false,0.052869802207994004,1,1650.2066696067511,1.0,1.0
2026-03-22T21:10:07.745-868789-756766,957,true,0.6773113822181155,1,1649.529358224533,1.0,0.629
2026-03-22T21:10:07.745-868789-756766,220,true,0.3011892032608897,1,1649.2281690212722,1.0,0.008000000000000007
2026-03-22T21:10:07.745-868789-756766,846,false,0.1912326036776563,1,1649.2281690212722,1.0,1.0
2026-03-22T21:10:07.745-868789-756766,247,true,52.15164136522265,1,1597.0765276560494,1.0,0.0030000000000000027
2026-03-22T21:10:07.745-868789-756766,852,false,0.299071253928117,1,1597.0765276560494,1.0,1.0
2026-03-22T21:10:07.745-868789-756766,47,true,3.512509039808312,1,1593.5640186162411,1.0,0.624
2026-03-22T21:10:07.745-868789-756766,78,false,5.225125167643441,1,1593.5640186162411,1.0,1.0
2026-03-22T21:10:07.745-868789-756766,521,false,25.732511413550597,1,1593.5640186162411,1.0,1.0
2026-03-22T21:10:07.745-868789-756766,709,false,0.5022463697664458,1,1593.5640186162411,1.0,1.0
2026-03-22T21:10:07.745-868789-756766,795,true,10.944046119600895,1,1582.6199724966402,1.0,0.573
2026-03-22T21:10:07.745-868789-756766,467,false,0.165936286649068,1,1582.6199724966402,1.0,1.0
2026-03-22T21:10:07.745-868789-756766,854,false,10.979269560946156,1,1582.6199724966402,1.0,1.0
2026-03-22T21:10:07.745-868789-756766,373,false,1.9892771601881873,1,1582.6199724966402,1.0,1.0
2026-03-22T21:10:07.745-868789-756766,975,false,0.19808971862249616,1,1582.6199724966402,1.0,1.0
2026-03-22T21:10:07.745-868789-756766,388,false,57.20170280872282,1,1582.6199724966402,1.0,1.0
2026-03-22T21:10:07.745-868789-756766,157,true,1.9758437740279642,1,1580.6441287226123,1.0,0.0
2026-03-22T21:10:07.745-868789-756766,175,true,0.304920786283086,1,1580.3392079363293,1.0,0.06899999999999995
2026-03-22T21:10:07.745-868789-756766,33,false,0.12298060867290996,1,1580.3392079363293,1.0,1.0
2026-03-22T21:10:07.745-868789-756766,328,false,0.6253212638197001,1,1580.3392079363293,1.0,1.0
2026-03-22T21:10:07.745-868789-756766,666,false,4.853311201130734,1,1580.3392079363293,1.0,1.0
2026-03-22T21:10:07.745-868789-756766,357,true,0.3460269893600421,1,1579.9931809469692,1.0,0.589
2026-03-22T21:10:07.745-868789-756766,954,false,0.20163832082741295,1,1579.9931809469692,1.0,1.0
2026-03-22T21:10:07.745-868789-756766,587,false,48.65946414008208,1,1579.9931809469692,1.0,1.0
2026-03-22T21:10:07.745-868789-756766,74,false,28.51541074352429,1,1579.9931809469692,1.0,1.0
2026-03-22T21:10:07.745-868789-756766,506,true,1.3409740406180988,1,1578.6522069063512,1.0,0.0
2026-03-22T21:10:07.745-868789-756766,608,false,0.7900750943982651,1,1578.6522069063512,1.0,1.0
2026-03-22T21:10:07.745-868789-756766,579,true,23.27929500068334,1,1555.372911905668,1.0,0.638
2026-03-22T21:10:07.745-868789-756766,746,false,5.764063241914156,1,1555.372911905668,1.0,1.0
2026-03-22T21:10:07.745-868789-756766,394,true,1.3998635362626142,1,1553.9730483694054,1.0,0.73
2026-03-22T21:10:07.745-868789-756766,508,true,1.0458012093109141,1,1552.9272471600946,1.0,0.0
2026-03-22T21:10:07.745-868789-756766,463,false,50.60166085207443,1,1552.9272471600946,1.0,1.0
2026-03-22T21:10:07.745-868789-756766,346,false,0.2200113255182115,1,1552.9272471600946,1.0,1.0
2026-03-22T21:10:07.745-868789-756766,104,true,2.8571024977991364,1,1550.0701446622954,1.0,0.83
2026-03-22T21:10:07.745-868789-756766,25,true,9.797037843568681,1,1540.2731068187268,1.0,0.006000000000000005
2026-03-22T21:10:07.745-868789-756766,84,false,5.576522199744687,1,1540.2731068187268,1.0,1.0
2026-03-22T21:10:07.745-868789-756766,32,true,10.548669987680475,1,1529.7244368310462,1.0,0.618
2026-03-22T21:10:07.745-868789-756766,112,true,0.9350346875036295,1,1528.7894021435425,1.0,0.999
2026-03-22T21:10:07.745-868789-756766,773,false,12.437559653910574,1,1528.7894021435425,1.0,1.0
2026-03-22T21:10:07.745-868789-756766,669,false,14.762795204428176,1,1528.7894021435425,1.0,1.0
2026-03-22T21:10:07.745-868789-756766,184,true,38.94256675578709,1,1489.8468353877554,1.0,0.0030000000000000027
2026-03-22T21:10:07.745-868789-756766,480,false,0.1925825647886487,1,1489.8468353877554,1.0,1.0
2026-03-22T21:10:07.745-868789-756766,733,false,0.25410232138853434,1,1489.8468353877554,1.0,1.0
2026-03-22T21:10:07.745-868789-756766,705,false,4.720494541431016,1,1489.8468353877554,1.0,1.0
2026-03-22T21:10:07.745-868789-756766,833,true,55.11200956867909,1,1434.7348258190764,1.0,0.999
2026-03-22T21:10:07.745-868789-756766,596,true,20.977238394094517,1,1413.757587424982,1.0,0.0
2026-03-22T21:10:07.745-868789-756766,696,false,0.26079750721600076,1,1413.757587424982,1.0,1.0
2026-03-22T21:10:07.745-868789-756766,73,false,0.37798836382830764,1,1413.757587424982,1.0,1.0
2026-03-22T21:10:07.745-868789-756766,892,false,0.1757947226270795,1,1413.757587424982,1.0,1.0
2026-03-22T21:10:07.745-868789-756766,721,true,1.4637667509563395,1,1412.2938206740255,1.0,0.761
2026-03-22T21:10:07.745-868789-756766,486,false,1.31468599901916,1,1412.2938206740255,1.0,1.0
2026-03-22T21:10:07.745-868789-756766,847,false,0.38761607140478055,1,1412.2938206740255,1.0,1.0
2026-03-22T21:10:07.745-868789-756766,92,false,1.3675639177620997,1,1412.2938206740255,1.0,1.0
2026-03-22T21:10:07.745-868789-756766,850,false,96.14971999897708,1,1412.2938206740255,1.0,1.0
2026-03-22T21:10:07.745-868789-756766,273,false,1.0368747565848266,1,1412.2938206740255,1.0,1.0
2026-03-22T21:10:07.745-868789-756766,915,true,0.7786457769581828,1,1411.5151748970673,1.0,0.616
2026-03-22T21:10:07.745-868789-756766,932,false,13.421784706488257,1,1411.5151748970673,1.0,1.0
2026-03-22T21:10:07.745-868789-756766,743,false,29.704782119515414,1,1411.5151748970673,1.0,1.0
2026-03-22T21:10:07.745-868789-756766,119,false,0.2819599513820745,1,1411.5151748970673,1.0,1.0
2026-03-22T21:10:07.745-868789-756766,46,true,0.29315074701379795,1,1411.2220241500534,1.0,0.17200000000000004
2026-03-22T21:10:07.745-868789-756766,602,false,3.0032554593677814,1,1411.2220241500534,1.0,1.0
2026-03-22T21:10:07.745-868789-756766,801,false,0.09179901344436223,1,1411.2220241500534,1.0,1.0
2026-03-22T21:10:07.745-868789-756766,542,false,52.41693258197858,1,1411.2220241500534,1.0,1.0
2026-03-22T21:10:07.745-868789-756766,630,false,0.28184475248655083,1,1411.2220241500534,1.0,1.0
2026-03-22T21:10:07.745-868789-756766,902,true,12.609264553584307,1,1398.612759596469,1.0,0.617
2026-03-22T21:10:07.745-868789-756766,760,false,0.6336610252626967,1,1398.612759596469,1.0,1.0
2026-03-22T21:10:07.745-868789-756766,182,true,23.293889767044675,1,1375.3188698294243,1.0,0.0
2026-03-22T21:10:07.745-868789-756766,95,false,21.875802558329035,1,1375.3188698294243,1.0,1.0
2026-03-22T21:10:07.745-868789-756766,922,false,0.0726849567797146,1,1375.3188698294243,1.0,1.0
2026-03-22T21:10:07.745-868789-756766,321,true,0.5407502643150848,1,1374.7781195651091,1.0,0.999
2026-03-22T21:10:07.745-868789-756766,643,true,44.29693627316724,1,1330.481183291942,1.0,0.15200000000000002
2026-03-22T21:10:07.745-868789-756766,856,true,0.8319741051195716,1,1329.6492091868224,1.0,0.006000000000000005
2026-03-22T21:10:07.745-868789-756766,656,false,0.23163375103917155,1,1329.6492091868224,1.0,1.0
2026-03-22T21:10:07.745-868789-756766,460,false,1.850233763276554,1,1329.6492091868224,1.0,1.0
2026-03-22T21:10:07.745-868789-756766,468,false,2.193407955097247,1,1329.6492091868224,1.0,1.0
2026-03-22T21:10:07.745-868789-756766,835,false,0.06776713274225031,1,1329.6492091868224,1.0,1.0
2026-03-22T21:10:07.745-868789-756766,965,false,0.8735820647021878,1,1329.6492091868224,1.0,1.0
2026-03-22T21:10:07.745-868789-756766,502,true,8.475631862508795,1,1321.1735773243136,1.0,0.761
2026-03-22T21:10:07.745-868789-756766,872,true,2.569370397632476,1,1318.6042069266812,1.0,0.013000000000000012
2026-03-22T21:10:07.745-868789-756766,894,true,124.94993128626176,1,1193.6542756404194,1.0,0.6
2026-03-22T21:10:07.745-868789-756766,483,false,1.9101205222521704,1,1193.6542756404194,1.0,1.0
2026-03-22T21:10:07.745-868789-756766,115,true,6.370332264454288,1,1187.2839433759652,1.0,0.617
2026-03-22T21:10:07.745-868789-756766,221,true,14.892470721165846,1,1172.3914726547994,1.0,0.006000000000000005
2026-03-22T21:10:07.745-868789-756766,576,true,1.720300700320536,1,1170.6711719544787,1.0,0.753
2026-03-22T21:10:07.745-868789-756766,339,false,82.30937929560402,1,1170.6711719544787,1.0,1.0
2026-03-22T21:10:07.745-868789-756766,736,false,0.13014146961760648,1,1170.6711719544787,1.0,1.0
2026-03-22T21:10:07.745-868789-756766,991,true,0.9410696078145893,1,1169.7301023466641,1.0,0.648
2026-03-22T21:10:07.745-868789-756766,140,true,1.289323449941854,1,1168.4407788967223,1.0,0.735
2026-03-22T21:10:07.745-868789-756766,925,true,17.409959241076937,1,1151.0308196556455,1.0,0.999
2026-03-22T21:10:07.745-868789-756766,620,true,0.8621561211590375,1,1150.1686635344865,1.0,0.05600000000000005
2026-03-22T21:10:07.745-868789-756766,288,true,9.333627620134672,1,1140.835035914352,1.0,0.616
2026-03-22T21:10:07.745-868789-756766,302,false,6.626149863146193,1,1140.835035914352,1.0,1.0
2026-03-22T21:10:07.745-868789-756766,716,false,4.485858936152885,1,1140.835035914352,1.0,1.0
2026-03-22T21:10:07.745-868789-756766,754,false,0.7034882540288661,1,1140.835035914352,1.0,1.0
2026-03-22T21:10:07.745-868789-756766,561,false,0.08365119099039933,1,1140.835035914352,1.0,1.0
2026-03-22T21:10:07.745-868789-756766,54,false,0.010683388928013538,1,1140.835035914352,1.0,1.0
2026-03-22T21:10:07.745-868789-756766,729,false,27.651493511150708,1,1140.835035914352,1.0,1.0
2026-03-22T21:10:07.745-868789-756766,197,false,1.798312416303756,1,1140.835035914352,1.0,1.0
2026-03-22T21:10:07.745-868789-756766,52,false,0.4724765513490041,1,1140.835035914352,1.0,1.0
2026-03-22T21:10:07.745-868789-756766,24,true,13.59343205332975,1,1127.2416038610222,1.0,0.0
2026-03-22T21:10:07.745-868789-756766,472,false,0.021806724246925344,1,1127.2416038610222,1.0,1.0
2026-03-22T21:10:07.745-868789-756766,816,true,1.1649961283389587,1,1126.0766077326832,1.0,0.999
2026-03-22T21:10:07.745-868789-756766,191,true,0.592217024331823,1,1125.4843907083514,1.0,0.62
2026-03-22T21:10:07.745-868789-756766,262,true,1.0902141851351663,1,1124.3941765232162,1.0,0.999
2026-03-22T21:10:07.745-868789-756766,422,false,0.07529192820531605,1,1124.3941765232162,1.0,1.0
2026-03-22T21:10:07.745-868789-756766,683,false,0.04672682296204168,1,1124.3941765232162,1.0,1.0
2026-03-22T21:10:07.745-868789-756766,898,true,15.847215554244555,1,1108.5469609689717,1.0,0.0050000000000000044
2026-03-22T21:10:07.745-868789-756766,814,true,41.68060556617923,1,1066.8663554027924,1.0,0.606
2026-03-22T21:10:07.745-868789-756766,969,false,0.9437365278452768,1,1066.8663554027924,1.0,1.0
2026-03-22T21:10:07.745-868789-756766,956,true,3.8911246053531636,1,1062.9752307974393,1.0,0.0030000000000000027
2026-03-22T21:10:07.745-868789-756766,306,false,112.78973912313265,1,1062.9752307974393,1.0,1.0
2026-03-22T21:10:07.745-868789-756766,551,true,2.0812461663898163,1,1060.8939846310495,1.0,0.998
2026-03-22T21:10:07.745-868789-756766,233,true,1.613265161858475,1,1059.2807194691911,1.0,0.636
2026-03-22T21:10:07.745-868789-756766,210,true,5.254925382130376,1,1054.0257940870608,1.0,0.0
2026-03-22T21:10:07.745-868789-756766,122,true,1.7774181266473252,1,1052.2483759604136,1.0,0.742
2026-03-22T21:10:07.745-868789-756766,764,false,0.49591527878702135,1,1052.2483759604136,1.0,1.0
2026-03-22T21:10:07.745-868789-756766,8,false,5.114860721136675,1,1052.2483759604136,1.0,1.0
2026-03-22T21:10:07.745-868789-756766,578,false,0.12774819008853333,1,1052.2483759604136,1.0,1.0
2026-03-22T21:10:07.745-868789-756766,403,true,1.3634628924637473,1,1050.8849130679498,1.0,0.611
2026-03-22T21:10:07.745-868789-756766,534,false,0.9250502732997553,1,1050.8849130679498,1.0,1.0
2026-03-22T21:10:07.745-868789-756766,741,false,125.79436616870554,1,1050.8849130679498,1.0,1.0
2026-03-22T21:10:07.745-868789-756766,362,false,198.1787613547011,1,1050.8849130679498,1.0,1.0
2026-03-22T21:10:07.745-868789-756766,688,false,4.431237320906731,1,1050.8849130679498,1.0,1.0
2026-03-22T21:10:07.745-868789-756766,588,true,1.7208116227127432,1,1049.164101445237,1.0,0.999
2026-03-22T21:10:07.745-868789-756766,774,false,0.6343102764363339,1,1049.164101445237,1.0,1.0
2026-03-22T21:10:07.745-868789-756766,891,true,1.7494552034011785,1,1047.414646241836,1.0,0.0
2026-03-22T21:10:07.745-868789-756766,632,false,0.09394643992092896,1,1047.414646241836,1.0,1.0
2026-03-22T21:10:07.745-868789-756766,848,true,9.540764371345217,1,1037.8738818704908,1.0,0.74
2026-03-22T21:10:07.745-868789-756766,19,true,20.157415359910868,1,1017.71646651058,1.0,0.615
2026-03-22T21:10:07.745-868789-756766,11,false,0.7067593723353119,1,1017.71646651058,1.0,1.0
2026-03-22T21:10:07.745-868789-756766,361,false,3.7093571433161507,1,1017.71646651058,1.0,1.0
2026-03-22T21:10:07.745-868789-756766,258,true,5.431352646299578,1,1012.2851138642803,1.0,0.999
2026-03-22T21:10:07.745-868789-756766,62,true,3.94428399756354,1,1008.3408298667168,1.0,0.999
2026-03-22T21:10:07.745-868789-756766,784,false,1.6898293392594224,1,1008.3408298667168,1.0,1.0
2026-03-22T21:10:07.745-868789-756766,199,true,3.7058577856247252,1,1004.6349720810921,1.0,0.612
2026-03-22T21:10:07.745-868789-756766,440,false,0.4183258811865488,1,1004.6349720810921,1.0,1.0
2026-03-22T21:10:07.745-868789-756766,245,true,1.46890736357908,1,1003.166064717513,1.0,0.0
2026-03-22T21:10:07.745-868789-756766,777,false,1.7269490452087835,1,1003.166064717513,1.0,1.0
2026-03-22T21:10:07.745-868789-756766,853,true,2.583294068146991,1,1000.582770649366,1.0,0.614
2026-03-22T21:10:07.745-868789-756766,702,false,5.234525342623873,1,1000.582770649366,1.0,1.0
2026-03-22T21:10:07.745-868789-756766,821,false,94.72593315992766,1,1000.582770649366,1.0,1.0
2026-03-22T21:10:07.745-868789-756766,129,false,3.167454593815734,1,1000.582770649366,1.0,1.0
2026-03-22T21:10:07.745-868789-756766,543,true,17.01906742115474,1,983.5637032282112,1.0,0.62
2026-03-22T21:10:07.745-868789-756766,993,true,10.002962247956674,1,973.5607409802545,1.0,0.614
2026-03-22T21:10:07.745-868789-756766,228,false,1.0678861971308307,1,973.5607409802545,1.0,1.0
2026-03-22T21:10:07.745-868789-756766,44,true,22.894689650713893,1,950.6660513295407,1.0,0.0
2026-03-22T21:10:07.745-868789-756766,200,true,0.5628552260569121,1,950.1031961034837,1.0,0.0
2026-03-22T21:10:07.745-868789-756766,952,false,0.12660747179992973,1,950.1031961034837,1.0,1.0
2026-03-22T21:10:07.745-868789-756766,817,true,124.12470384021195,1,825.9784922632717,1.0,0.0050000000000000044
2026-03-22T21:10:07.745-868789-756766,409,false,0.19609759132679985,1,825.9784922632717,1.0,1.0
2026-03-22T21:10:07.745-868789-756766,292,true,1.8811329195459243,1,824.0973593437258,1.0,0.837
2026-03-22T21:10:07.745-868789-756766,481,true,4.053573427259978,1,820.0437859164658,1.0,0.999
2026-03-22T21:10:07.745-868789-756766,930,false,10.907542058212483,1,820.0437859164658,1.0,1.0
2026-03-22T21:10:07.745-868789-756766,676,true,19.238045014980493,1,800.8057409014854,1.0,0.0
2026-03-22T21:10:07.745-868789-756766,177,true,4.6014962402472905,1,796.204244661238,1.0,0.0
2026-03-22T21:10:07.745-868789-756766,271,true,2.239820574796984,1,793.964424086441,1.0,0.76
2026-03-22T21:10:07.745-868789-756766,797,true,37.3141074834073,1,756.6503166030337,1.0,0.607
2026-03-22T21:10:07.745-868789-756766,537,false,0.37764680006634255,1,756.6503166030337,1.0,1.0
2026-03-22T21:10:07.745-868789-756766,1,false,9.42225643182643,1,756.6503166030337,1.0,1.0
2026-03-22T21:10:07.745-868789-756766,726,true,4.4072756758014355,1,752.2430409272323,1.0,0.757
2026-03-22T21:10:07.745-868789-756766,347,true,1.5773226724920375,1,750.6657182547402,1.0,0.614
2026-03-22T21:10:07.745-868789-756766,539,false,0.01355023825288725,1,750.6657182547402,1.0,1.0
2026-03-22T21:10:07.745-868789-756766,108,false,1.1551592018155004,1,750.6657182547402,1.0,1.0
2026-03-22T21:10:07.745-868789-756766,744,false,1.317750629611664,1,750.6657182547402,1.0,1.0
2026-03-22T21:10:07.745-868789-756766,90,false,1.1101037612792524,1,750.6657182547402,1.0,1.0
2026-03-22T21:10:07.745-868789-756766,427,true,20.121578899866087,1,730.5441393548741,1.0,0.0030000000000000027
2026-03-22T21:10:07.745-868789-756766,145,true,0.32194052856363486,1,730.2221988263104,1.0,0.009000000000000008
2026-03-22T21:10:07.745-868789-756766,670,true,20.488666050390652,1,709.7335327759198,1.0,0.64
2026-03-22T21:10:07.745-868789-756766,818,true,0.3378571020356188,1,709.3956756738842,1.0,0.052000000000000046
2026-03-22T21:10:07.745-868789-756766,223,true,1.7664836597322473,1,707.629192014152,1.0,0.010000000000000009
2026-03-22T21:10:07.745-868789-756766,449,false,0.9222380540939152,1,707.629192014152,1.0,1.0
2026-03-22T21:10:07.745-868789-756766,689,false,0.8770474664386632,1,707.629192014152,1.0,1.0
2026-03-22T21:10:07.745-868789-756766,413,true,29.287572000651164,1,678.3416200135008,1.0,0.624
2026-03-22T21:10:07.745-868789-756766,132,false,0.055129468008539004,1,678.3416200135008,1.0,1.0
2026-03-22T21:10:07.745-868789-756766,548,true,5.212410150645968,1,673.1292098628549,1.0,0.0
2026-03-22T21:10:07.745-868789-756766,330,false,2.210068403835468,1,673.1292098628549,1.0,1.0
2026-03-22T21:10:07.745-868789-756766,974,false,42.35876721978124,1,673.1292098628549,1.0,1.0
2026-03-22T21:10:07.745-868789-756766,973,true,2.4861245906856846,1,670.6430852721692,1.0,0.999
2026-03-22T21:10:07.745-868789-756766,58,false,0.08356033775230243,1,670.6430852721692,1.0,1.0
2026-03-22T21:10:07.745-868789-756766,452,false,1.8296280065545805,1,670.6430852721692,1.0,1.0
2026-03-22T21:10:07.745-868789-756766,139,true,17.827114897426476,1,652.8159703747427,1.0,0.01100000000000001
2026-03-22T21:10:07.745-868789-756766,682,true,3.9321228358265192,1,648.8838475389163,1.0,0.0
2026-03-22T21:10:07.745-868789-756766,296,false,2.5129659253686922,1,648.8838475389163,1.0,1.0
2026-03-22T21:10:07.745-868789-756766,747,false,1.5054974783865638,1,648.8838475389163,1.0,1.0
2026-03-22T21:10:07.745-868789-756766,831,true,1.9787934142401127,1,646.9050541246761,1.0,0.654
2026-03-22T21:10:07.745-868789-756766,601,true,4.776470305044594,1,642.1285838196316,1.0,0.628
2026-03-22T21:10:07.745-868789-756766,917,true,12.255975252144788,1,629.8726085674867,1.0,0.754
2026-03-22T21:10:07.745-868789-756766,367,false,0.5811042739147794,1,629.8726085674867,1.0,1.0
2026-03-22T21:10:07.745-868789-756766,419,false,0.15777623062541116,1,629.8726085674867,1.0,1.0
2026-03-22T21:10:07.745-868789-756766,134,false,5.851042103548812,1,629.8726085674867,1.0,1.0
2026-03-22T21:10:07.745-868789-756766,799,true,0.2423387828325727,1,629.6302697846542,1.0,0.773
2026-03-22T21:10:07.745-868789-756766,654,false,2.8258577547865467,1,629.6302697846542,1.0,1.0
2026-03-22T21:10:07.745-868789-756766,437,true,0.9993881217321544,1,628.630881662922,1.0,0.762
2026-03-22T21:10:07.745-868789-756766,694,false,47.676774401276475,1,628.630881662922,1.0,1.0
2026-03-22T21:10:07.745-868789-756766,76,false,0.7781017913718584,1,628.630881662922,1.0,1.0
2026-03-22T21:10:07.745-868789-756766,550,true,4.1772873604848355,1,624.4535943024372,1.0,0.0
2026-03-22T21:10:07.745-868789-756766,621,true,125.88345280767446,1,498.5701414947627,1.0,0.01100000000000001
2026-03-22T21:10:07.745-868789-756766,718,true,345.00152626867293,1,153.56861522608978,1.0,0.031000000000000028
2026-03-22T21:10:07.745-868789-756766,72,false,0.04934694431792662,1,153.56861522608978,1.0,1.0
2026-03-22T21:10:07.745-868789-756766,303,false,21.380482882884728,1,153.56861522608978,1.0,1.0
2026-03-22T21:10:07.745-868789-756766,250,true,6.1969282427742485,1,147.37168698331553,1.0,0.0010000000000000009
2026-03-22T21:10:07.745-868789-756766,611,false,155.77176307591245,1,147.37168698331553,1.0,1.0
2026-03-22T21:10:07.745-868789-756766,633,true,8.85766866755634,1,138.5140183157592,1.0,0.04200000000000004
2026-03-22T21:10:07.745-868789-756766,222,true,19.804021158179506,1,118.70999715757968,1.0,0.0
2026-03-22T21:10:07.745-868789-756766,454,false,1.3939330115876316,1,118.70999715757968,1.0,1.0
2026-03-22T21:10:07.745-868789-756766,927,true,5.701874608953837,1,113.00812254862583,1.0,0.613
2026-03-22T21:10:07.745-868789-756766,568,false,3.1652790229742487,1,113.00812254862583,1.0,1.0
2026-03-22T21:10:07.745-868789-756766,893,true,9.58036819646566,1,103.42775435216018,1.0,0.0
2026-03-22T21:10:07.745-868789-756766,691,true,21.457146910645925,1,81.97060744151426,1.0,0.999
2026-03-22T21:10:07.745-868789-756766,822,true,4.3702894648792405,1,77.60031797663503,1.0,0.999
2026-03-22T21:10:07.745-868789-756766,668,true,24.71923356597801,1,52.88108441065702,1.0,0.75
2026-03-22T21:10:07.745-868789-756766,213,true,0.23355374219153233,1,52.647530668465485,1.0,0.0
2026-03-22T21:10:07.745-868789-756766,68,false,4.754958974329008,1,52.647530668465485,1.0,1.0
2026-03-22T21:10:07.745-868789-756766,637,true,23.14824230368426,1,29.499288364781226,1.0,0.007000000000000006
2026-03-22T21:10:07.745-868789-756766,226,true,0.6317549281791947,1,28.86753343660203,1.0,0.733
2026-03-22T21:10:07.745-868789-756766,136,true,9.390524733279422,1,19.47700870332261,1.0,0.622
2026-03-22T21:10:07.745-868789-756766,476,false,179.1685164719812,1,19.47700870332261,1.0,1.0
2026-03-22T21:10:07.745-868789-756766,800,false,0.14371646160083756,1,19.47700870332261,1.0,1.0
2026-03-22T21:10:07.745-868789-756766,298,false,5.786274058570767,1,19.47700870332261,1.0,1.0
2026-03-22T21:10:07.745-868789-756766,53,false,1.5135692145527262,1,19.47700870332261,1.0,1.0
2026-03-22T21:10:07.745-868789-756766,531,true,115.12433045127094,1,-95.64732174794833,1.0,0.5920000000000001
2026-03-22T21:10:07.745-753714-58067,999,true,23.774839070901965,1,6404.535941607703,1.0,0.992
2026-03-22T21:10:07.745-753714-58067,194,true,108.85529812326332,1,6295.680643484439,1.0,0.986
2026-03-22T21:10:07.745-753714-58067,180,true,55.964552742561224,1,6239.716090741878,1.0,0.99
2026-03-22T21:10:07.745-753714-58067,172,false,0.012664053112604963,1,6239.716090741878,1.0,1.0
2026-03-22T21:10:07.745-753714-58067,209,true,5.964445624619496,1,6233.751645117259,1.0,0.992
2026-03-22T21:10:07.745-753714-58067,206,true,13.657216766633864,1,6220.094428350625,1.0,0.692
2026-03-22T21:10:07.745-753714-58067,591,true,0.5644700743866681,1,6219.529958276238,1.0,0.996
2026-03-22T21:10:07.745-753714-58067,314,true,0.5077764356809099,1,6219.022181840557,1.0,0.993
2026-03-22T21:10:07.745-753714-58067,29,false,0.17162554006432168,1,6219.022181840557,1.0,1.0
2026-03-22T21:10:07.745-753714-58067,114,true,23.284277326405817,1,6195.7379045141515,1.0,0.991
2026-03-22T21:10:07.745-753714-58067,257,true,3.104847039768779,1,6192.633057474382,1.0,0.989
2026-03-22T21:10:07.745-753714-58067,228,true,1.7425137500848031,1,6190.8905437242975,1.0,0.988
2026-03-22T21:10:07.745-753714-58067,282,true,26.269418985784124,1,6164.621124738514,1.0,0.993
2026-03-22T21:10:07.745-753714-58067,289,false,0.06126003836445672,1,6164.621124738514,1.0,1.0
2026-03-22T21:10:07.745-753714-58067,773,true,3.752097250044683,1,6160.869027488469,1.0,0.991
2026-03-22T21:10:07.745-753714-58067,870,true,8.93036208431643,1,6151.938665404153,1.0,0.987
2026-03-22T21:10:07.745-753714-58067,461,true,1.4121874602479796,1,6150.526477943905,1.0,0.99
2026-03-22T21:10:07.745-753714-58067,618,true,4.788656025523485,1,6145.737821918381,1.0,0.993
2026-03-22T21:10:07.745-753714-58067,218,true,178.00816867737723,1,5967.729653241004,1.0,0.992
2026-03-22T21:10:07.745-753714-58067,92,true,18.7800596146482,1,5948.949593626356,1.0,0.994
2026-03-22T21:10:07.745-753714-58067,701,true,0.38113425718969984,1,5948.568459369166,1.0,0.985
2026-03-22T21:10:07.745-753714-58067,653,true,45.077551116653325,1,5903.490908252513,1.0,0.992
2026-03-22T21:10:07.745-753714-58067,961,true,0.3455363784308703,1,5903.145371874082,1.0,0.982
2026-03-22T21:10:07.745-753714-58067,30,true,12.352306786483615,1,5890.793065087599,1.0,0.983
2026-03-22T21:10:07.745-753714-58067,612,false,0.08046435415852381,1,5890.793065087599,1.0,1.0
2026-03-22T21:10:07.745-753714-58067,888,true,7.800135116201179,1,5882.992929971398,1.0,0.995
2026-03-22T21:10:07.745-753714-58067,336,true,4.058410181744286,1,5878.934519789654,1.0,0.996
2026-03-22T21:10:07.745-753714-58067,620,true,10.535588989769705,1,5868.398930799884,1.0,0.739
2026-03-22T21:10:07.745-753714-58067,310,true,0.9674036401317972,1,5867.431527159752,1.0,0.993
2026-03-22T21:10:07.745-753714-58067,489,true,6.553841711148208,1,5860.877685448603,1.0,0.992
2026-03-22T21:10:07.745-753714-58067,97,true,2.1607702016728387,1,5858.7169152469305,1.0,0.994
2026-03-22T21:10:07.745-753714-58067,452,true,5.956541875294691,1,5852.760373371636,1.0,0.988
2026-03-22T21:10:07.745-753714-58067,99,false,0.01691494860526253,1,5852.760373371636,1.0,1.0
2026-03-22T21:10:07.745-753714-58067,358,false,0.022453007490265055,1,5852.760373371636,1.0,1.0
2026-03-22T21:10:07.745-753714-58067,38,true,0.24163483412690537,1,5852.518738537509,1.0,0.984
2026-03-22T21:10:07.745-753714-58067,813,true,402.8490370570633,1,5449.669701480446,1.0,0.979
2026-03-22T21:10:07.745-753714-58067,421,true,151.7316837534869,1,5297.938017726959,1.0,0.988
2026-03-22T21:10:07.745-753714-58067,65,true,2.9935855714898887,1,5294.944432155468,1.0,0.992
2026-03-22T21:10:07.745-753714-58067,736,true,6.033915908903741,1,5288.910516246565,1.0,0.992
2026-03-22T21:10:07.745-753714-58067,360,true,3.223832676200491,1,5285.686683570364,1.0,0.991
2026-03-22T21:10:07.745-753714-58067,616,true,0.5974770318990195,1,5285.089206538465,1.0,0.708
2026-03-22T21:10:07.745-753714-58067,708,true,13.447260507235622,1,5271.641946031229,1.0,0.987
2026-03-22T21:10:07.745-753714-58067,280,true,1.3931141526922415,1,5270.248831878537,1.0,0.6799999999999999
2026-03-22T21:10:07.745-753714-58067,229,true,4.263732735198943,1,5265.985099143339,1.0,0.714
2026-03-22T21:10:07.745-753714-58067,772,true,21.708509472848476,1,5244.2765896704905,1.0,0.7170000000000001
2026-03-22T21:10:07.745-753714-58067,302,true,11.619702814448358,1,5232.656886856043,1.0,0.992
2026-03-22T21:10:07.745-753714-58067,357,true,11.11607810551712,1,5221.540808750526,1.0,0.6799999999999999
2026-03-22T21:10:07.745-753714-58067,592,true,7.178064732313185,1,5214.362744018213,1.0,0.671
2026-03-22T21:10:07.745-753714-58067,524,true,101.03292019332348,1,5113.329823824889,1.0,0.989
2026-03-22T21:10:07.745-753714-58067,106,true,92.61229061018177,1,5020.717533214707,1.0,0.989
2026-03-22T21:10:07.745-753714-58067,451,true,0.660213953727843,1,5020.057319260979,1.0,0.683
2026-03-22T21:10:07.745-753714-58067,349,true,0.7176581957973667,1,5019.339661065182,1.0,0.988
2026-03-22T21:10:07.745-753714-58067,9,true,3.6531872072660363,1,5015.686473857915,1.0,0.993
2026-03-22T21:10:07.745-753714-58067,7,true,2.36802578923305,1,5013.318448068682,1.0,0.6759999999999999
2026-03-22T21:10:07.745-753714-58067,67,true,7.573818719599022,1,5005.744629349083,1.0,0.696
2026-03-22T21:10:07.745-753714-58067,479,true,10461.129373413816,1,-5455.384744064733,0.0,0.0
2026-03-22T21:10:07.745-705391-712350,897,false,16.15133284645288,1,4046.474686319925,1.0,1.0
2026-03-22T21:10:07.745-705391-712350,761,true,0.4819891944502774,1,4045.9926971254745,1.0,0.6970000000000001
2026-03-22T21:10:07.745-705391-712350,566,false,1.7576674906533232,1,4045.9926971254745,1.0,1.0
2026-03-22T21:10:07.745-705391-712350,432,false,25.030749656928084,1,4045.9926971254745,1.0,1.0
2026-03-22T21:10:07.745-705391-712350,192,true,0.4960229058295362,1,4045.496674219645,1.0,0.718
2026-03-22T21:10:07.745-705391-712350,297,false,2.2917102201743367,1,4045.496674219645,1.0,1.0
2026-03-22T21:10:07.745-705391-712350,540,false,3.4064464317540155,1,4045.496674219645,1.0,1.0
2026-03-22T21:10:07.745-705391-712350,357,false,85.28049973367109,1,4045.496674219645,1.0,1.0
2026-03-22T21:10:07.745-705391-712350,440,false,68.87811123463263,1,4045.496674219645,1.0,1.0
2026-03-22T21:10:07.745-705391-712350,993,false,0.1545224647278,1,4045.496674219645,1.0,1.0
2026-03-22T21:10:07.745-705391-712350,709,false,4.621082716193305,1,4045.496674219645,1.0,1.0
2026-03-22T21:10:07.745-705391-712350,607,false,1.0404020893954191,1,4045.496674219645,1.0,1.0
2026-03-22T21:10:07.745-705391-712350,857,false,6.983359527647262,1,4045.496674219645,1.0,1.0
2026-03-22T21:10:07.745-705391-712350,978,false,7.875118404709419,1,4045.496674219645,1.0,1.0
2026-03-22T21:10:07.745-705391-712350,78,false,0.028797418133028326,1,4045.496674219645,1.0,1.0
2026-03-22T21:10:07.745-705391-712350,347,false,3.2537470454654716,1,4045.496674219645,1.0,1.0
2026-03-22T21:10:07.745-705391-712350,227,false,0.03211366590158662,1,4045.496674219645,1.0,1.0
2026-03-22T21:10:07.745-705391-712350,180,false,3.1978115324219485,1,4045.496674219645,1.0,1.0
2026-03-22T21:10:07.745-705391-712350,585,false,0.4008496655351925,1,4045.496674219645,1.0,1.0
2026-03-22T21:10:07.745-705391-712350,500,false,0.747688293320291,1,4045.496674219645,1.0,1.0
2026-03-22T21:10:07.745-705391-712350,522,false,13.858078665621129,1,4045.496674219645,1.0,1.0
2026-03-22T21:10:07.745-705391-712350,748,false,1.315039580521356,1,4045.496674219645,1.0,1.0
2026-03-22T21:10:07.745-705391-712350,244,false,5.4649753577808395,1,4045.496674219645,1.0,1.0
2026-03-22T21:10:07.745-705391-712350,912,false,1.1319372857392265,1,4045.496674219645,1.0,1.0
2026-03-22T21:10:07.745-705391-712350,632,false,0.29698368226545074,1,4045.496674219645,1.0,1.0
2026-03-22T21:10:07.745-705391-712350,959,false,2.924618204325779,1,4045.496674219645,1.0,1.0
2026-03-22T21:10:07.745-705391-712350,966,false,3.173597302362691,1,4045.496674219645,1.0,1.0
2026-03-22T21:10:07.745-705391-712350,84,false,12.67755175768424,1,4045.496674219645,1.0,1.0
2026-03-22T21:10:07.745-705391-712350,415,false,2.1323820111586382,1,4045.496674219645,1.0,1.0
2026-03-22T21:10:07.745-705391-712350,96,false,0.012362080400195444,1,4045.496674219645,1.0,1.0
2026-03-22T21:10:07.745-705391-712350,954,false,0.20458943283136397,1,4045.496674219645,1.0,1.0
2026-03-22T21:10:07.745-705391-712350,107,false,9.547297215688893,1,4045.496674219645,1.0,1.0
2026-03-22T21:10:07.745-705391-712350,535,false,3.73421247676535,1,4045.496674219645,1.0,1.0
2026-03-22T21:10:07.745-705391-712350,507,false,5.6085798476189535,1,4045.496674219645,1.0,1.0
2026-03-22T21:10:07.745-705391-712350,123,false,16.43973439122964,1,4045.496674219645,1.0,1.0
2026-03-22T21:10:07.745-705391-712350,259,false,0.2379764359793248,1,4045.496674219645,1.0,1.0
2026-03-22T21:10:07.745-705391-712350,182,false,12.925241725382168,1,4045.496674219645,1.0,1.0
2026-03-22T21:10:07.745-705391-712350,556,false,2.9834533595038124,1,4045.496674219645,1.0,1.0
2026-03-22T21:10:07.745-705391-712350,743,false,36.797439086601685,1,4045.496674219645,1.0,1.0
2026-03-22T21:10:07.745-705391-712350,990,false,0.2496569551154959,1,4045.496674219645,1.0,1.0
2026-03-22T21:10:07.745-705391-712350,910,false,2.655034315410995,1,4045.496674219645,1.0,1.0
2026-03-22T21:10:07.745-705391-712350,604,false,0.07375511802427435,1,4045.496674219645,1.0,1.0
2026-03-22T21:10:07.745-705391-712350,932,false,3.6186471190991196,1,4045.496674219645,1.0,1.0
2026-03-22T21:10:07.745-705391-712350,321,false,77.82891836054681,1,4045.496674219645,1.0,1.0
2026-03-22T21:10:07.745-705391-712350,976,false,1.1178176571307912,1,4045.496674219645,1.0,1.0
2026-03-22T21:10:07.745-705391-712350,217,false,0.3110879525521728,1,4045.496674219645,1.0,1.0
2026-03-22T21:10:07.745-705391-712350,387,false,5.789493444050574,1,4045.496674219645,1.0,1.0
2026-03-22T21:10:07.745-705391-712350,875,false,0.9698057568565885,1,4045.496674219645,1.0,1.0
2026-03-22T21:10:07.745-705391-712350,641,true,32.38376917191951,1,4013.1129050477252,1.0,0.7090000000000001
2026-03-22T21:10:07.745-705391-712350,129,false,1.8674382067106896,1,4013.1129050477252,1.0,1.0
2026-03-22T21:10:07.745-705391-712350,642,true,4.048909388561331,1,4009.063995659164,1.0,0.722
2026-03-22T21:10:07.745-705391-712350,388,false,0.09532254601935593,1,4009.063995659164,1.0,1.0
2026-03-22T21:10:07.745-705391-712350,698,false,8.07499668187817,1,4009.063995659164,1.0,1.0
2026-03-22T21:10:07.745-705391-712350,106,false,15.531758371419942,1,4009.063995659164,1.0,1.0
2026-03-22T21:10:07.745-705391-712350,828,true,0.26403062674986444,1,4008.799965032414,1.0,0.9299999999999999
2026-03-22T21:10:07.745-705391-712350,769,true,0.41693729046719424,1,4008.383027741947,1.0,0.6859999999999999
2026-03-22T21:10:07.745-705391-712350,833,true,1.266692978834421,1,4007.1163347631127,1.0,0.687
2026-03-22T21:10:07.745-705391-712350,603,false,11.331870469411653,1,4007.1163347631127,1.0,1.0
2026-03-22T21:10:07.745-705391-712350,740,false,0.5344293216757185,1,4007.1163347631127,1.0,1.0
2026-03-22T21:10:07.745-705391-712350,783,false,6.653529616136644,1,4007.1163347631127,1.0,1.0
2026-03-22T21:10:07.745-705391-712350,503,false,2.7019245021584344,1,4007.1163347631127,1.0,1.0
2026-03-22T21:10:07.745-705391-712350,985,false,6.35631041739686,1,4007.1163347631127,1.0,1.0
2026-03-22T21:10:07.745-705391-712350,1,false,1.3978993299621665,1,4007.1163347631127,1.0,1.0
2026-03-22T21:10:07.745-705391-712350,438,false,16.156112085660883,1,4007.1163347631127,1.0,1.0
2026-03-22T21:10:07.745-705391-712350,465,false,5.490380204276872,1,4007.1163347631127,1.0,1.0
2026-03-22T21:10:07.745-705391-712350,477,false,0.1128708548335929,1,4007.1163347631127,1.0,1.0
2026-03-22T21:10:07.745-705391-712350,14,false,1.8715083349030166,1,4007.1163347631127,1.0,1.0
2026-03-22T21:10:07.745-705391-712350,73,false,15.967538140425273,1,4007.1163347631127,1.0,1.0
2026-03-22T21:10:07.745-705391-712350,186,false,4.000762735333742,1,4007.1163347631127,1.0,1.0
2026-03-22T21:10:07.745-705391-712350,516,false,6.730911073452621,1,4007.1163347631127,1.0,1.0
2026-03-22T21:10:07.745-705391-712350,936,false,0.3029364839926084,1,4007.1163347631127,1.0,1.0
2026-03-22T21:10:07.745-705391-712350,134,false,145.4875896884481,1,4007.1163347631127,1.0,1.0
2026-03-22T21:10:07.745-705391-712350,630,false,19.19266400727405,1,4007.1163347631127,1.0,1.0
2026-03-22T21:10:07.745-705391-712350,905,false,0.7649355100544734,1,4007.1163347631127,1.0,1.0
2026-03-22T21:10:07.745-705391-712350,719,false,2.79545727329066,1,4007.1163347631127,1.0,1.0
2026-03-22T21:10:07.745-705391-712350,529,false,143.69206817981973,1,4007.1163347631127,1.0,1.0
2026-03-22T21:10:07.745-705391-712350,248,false,22.624988306780395,1,4007.1163347631127,1.0,1.0
2026-03-22T21:10:07.745-705391-712350,389,false,127.23314061585369,1,4007.1163347631127,1.0,1.0
2026-03-22T21:10:07.745-705391-712350,437,false,8.087329655718854,1,4007.1163347631127,1.0,1.0
2026-03-22T21:10:07.745-705391-712350,856,false,0.07479375386432871,1,4007.1163347631127,1.0,1.0
2026-03-22T21:10:07.745-705391-712350,307,false,18.273577958544482,1,4007.1163347631127,1.0,1.0
2026-03-22T21:10:07.745-705391-712350,62,false,0.18176040880439492,1,4007.1163347631127,1.0,1.0
2026-03-22T21:10:07.745-705391-712350,877,false,0.49896147329740853,1,4007.1163347631127,1.0,1.0
2026-03-22T21:10:07.745-705391-712350,51,false,58.14021612879475,1,4007.1163347631127,1.0,1.0
2026-03-22T21:10:07.745-705391-712350,407,false,2.925776136414453,1,4007.1163347631127,1.0,1.0
2026-03-22T21:10:07.745-705391-712350,133,false,47.73140704842661,1,4007.1163347631127,1.0,1.0
2026-03-22T21:10:07.745-705391-712350,977,false,13.479539782662437,1,4007.1163347631127,1.0,1.0
2026-03-22T21:10:07.745-705391-712350,536,false,44.752454862465235,1,4007.1163347631127,1.0,1.0
2026-03-22T21:10:07.745-705391-712350,132,false,201.8799245536153,1,4007.1163347631127,1.0,1.0
2026-03-22T21:10:07.745-705391-712350,279,false,0.18526072235217642,1,4007.1163347631127,1.0,1.0
2026-03-22T21:10:07.745-705391-712350,602,false,9.330866957876333,1,4007.1163347631127,1.0,1.0
2026-03-22T21:10:07.745-705391-712350,379,false,5.30999137777233,1,4007.1163347631127,1.0,1.0
2026-03-22T21:10:07.745-705391-712350,679,false,16.11957361686336,1,4007.1163347631127,1.0,1.0
2026-03-22T21:10:07.745-705391-712350,209,false,2.9444584686299535,1,4007.1163347631127,1.0,1.0
2026-03-22T21:10:07.745-705391-712350,945,true,0.8020789100721744,1,4006.3142558530403,1.0,0.723
2026-03-22T21:10:07.745-705391-712350,615,false,12.50226284795505,1,4006.3142558530403,1.0,1.0
2026-03-22T21:10:07.745-705391-712350,316,false,32.413475954176434,1,4006.3142558530403,1.0,1.0
2026-03-22T21:10:07.745-705391-712350,557,false,1.6303469181756798,1,4006.3142558530403,1.0,1.0
2026-03-22T21:10:07.745-705391-712350,190,true,45.442263233716695,1,3960.8719926193235,1.0,0.865
2026-03-22T21:10:07.745-705391-712350,471,false,1.3691570674559248,1,3960.8719926193235,1.0,1.0
2026-03-22T21:10:07.745-705391-712350,961,false,4.044524521613997,1,3960.8719926193235,1.0,1.0
2026-03-22T21:10:07.745-705391-712350,497,false,3.6989991332902505,1,3960.8719926193235,1.0,1.0
2026-03-22T21:10:07.745-705391-712350,744,false,2.392634713600437,1,3960.8719926193235,1.0,1.0
2026-03-22T21:10:07.745-705391-712350,767,true,0.3397498787549837,1,3960.5322427405686,1.0,0.0
2026-03-22T21:10:07.745-705391-712350,913,false,0.01086809615669902,1,3960.5322427405686,1.0,1.0
2026-03-22T21:10:07.745-705391-712350,25,false,0.5194475023321625,1,3960.5322427405686,1.0,1.0
2026-03-22T21:10:07.745-705391-712350,48,false,34.87029790447723,1,3960.5322427405686,1.0,1.0
2026-03-22T21:10:07.745-705391-712350,652,false,42.872804421347695,1,3960.5322427405686,1.0,1.0
2026-03-22T21:10:07.745-705391-712350,255,false,6.91960907583798,1,3960.5322427405686,1.0,1.0
2026-03-22T21:10:07.745-705391-712350,796,false,0.14425121093447607,1,3960.5322427405686,1.0,1.0
2026-03-22T21:10:07.745-705391-712350,362,false,32.015273755784186,1,3960.5322427405686,1.0,1.0
2026-03-22T21:10:07.745-705391-712350,742,false,7.124182095685166,1,3960.5322427405686,1.0,1.0
2026-03-22T21:10:07.745-705391-712350,982,false,4.999418874915445,1,3960.5322427405686,1.0,1.0
2026-03-22T21:10:07.745-705391-712350,617,false,4.119711105454922,1,3960.5322427405686,1.0,1.0
2026-03-22T21:10:07.745-705391-712350,136,false,0.2821953743279373,1,3960.5322427405686,1.0,1.0
2026-03-22T21:10:07.745-705391-712350,687,false,0.7647632641941472,1,3960.5322427405686,1.0,1.0
2026-03-22T21:10:07.745-705391-712350,64,false,0.4555066634464707,1,3960.5322427405686,1.0,1.0
2026-03-22T21:10:07.745-705391-712350,568,false,3.2525161513144094,1,3960.5322427405686,1.0,1.0
2026-03-22T21:10:07.745-705391-712350,647,false,9.137708891490915,1,3960.5322427405686,1.0,1.0
2026-03-22T21:10:07.745-705391-712350,940,true,6.167339407809117,1,3954.3649033327592,1.0,0.866
2026-03-22T21:10:07.745-705391-712350,899,false,4.427313364800087,1,3954.3649033327592,1.0,1.0
2026-03-22T21:10:07.745-705391-712350,637,true,0.2824849253041125,1,3954.082418407455,1.0,0.7130000000000001
2026-03-22T21:10:07.745-705391-712350,514,false,0.1315036921861316,1,3954.082418407455,1.0,1.0
2026-03-22T21:10:07.745-705391-712350,979,false,6.422436581110646,1,3954.082418407455,1.0,1.0
2026-03-22T21:10:07.745-705391-712350,952,false,4.312026994102476,1,3954.082418407455,1.0,1.0
2026-03-22T21:10:07.745-705391-712350,728,false,0.7943245770572168,1,3954.082418407455,1.0,1.0
2026-03-22T21:10:07.745-705391-712350,219,false,2.472488401879144,1,3954.082418407455,1.0,1.0
2026-03-22T21:10:07.745-705391-712350,378,false,3.9873656031603377,1,3954.082418407455,1.0,1.0
2026-03-22T21:10:07.745-705391-712350,405,false,1.8321728963631208,1,3954.082418407455,1.0,1.0
2026-03-22T21:10:07.745-705391-712350,299,false,1.4398413381748005,1,3954.082418407455,1.0,1.0
2026-03-22T21:10:07.745-705391-712350,101,false,3.8288607698282817,1,3954.082418407455,1.0,1.0
2026-03-22T21:10:07.745-705391-712350,404,false,1.0466572750208147,1,3954.082418407455,1.0,1.0
2026-03-22T21:10:07.745-705391-712350,538,false,0.43282234878772324,1,3954.082418407455,1.0,1.0
2026-03-22T21:10:07.745-705391-712350,98,false,8.497175677181447,1,3954.082418407455,1.0,1.0
2026-03-22T21:10:07.745-705391-712350,618,false,4.8223786749418265,1,3954.082418407455,1.0,1.0
2026-03-22T21:10:07.745-705391-712350,423,false,0.4775685860575959,1,3954.082418407455,1.0,1.0
2026-03-22T21:10:07.745-705391-712350,588,false,4.251245430339052,1,3954.082418407455,1.0,1.0
2026-03-22T21:10:07.745-705391-712350,13,false,692.2084317802942,1,3954.082418407455,1.0,1.0
2026-03-22T21:10:07.745-705391-712350,818,false,6.375993496080675,1,3954.082418407455,1.0,1.0
2026-03-22T21:10:07.745-705391-712350,306,false,0.5762835157218456,1,3954.082418407455,1.0,1.0
2026-03-22T21:10:07.745-705391-712350,6,false,16.34352531768148,1,3954.082418407455,1.0,1.0
2026-03-22T21:10:07.745-705391-712350,249,false,0.07938138277058072,1,3954.082418407455,1.0,1.0
2026-03-22T21:10:07.745-705391-712350,139,false,1.0601558056271434,1,3954.082418407455,1.0,1.0
2026-03-22T21:10:07.745-705391-712350,375,false,0.24164805596109082,1,3954.082418407455,1.0,1.0
2026-03-22T21:10:07.745-705391-712350,372,false,80.31203427833132,1,3954.082418407455,1.0,1.0
2026-03-22T21:10:07.745-705391-712350,458,false,8.003880760172933,1,3954.082418407455,1.0,1.0
2026-03-22T21:10:07.745-705391-712350,262,false,19.309723574636372,1,3954.082418407455,1.0,1.0
2026-03-22T21:10:07.745-705391-712350,695,false,0.345276736900684,1,3954.082418407455,1.0,1.0
2026-03-22T21:10:07.745-705391-712350,472,false,17.668058757993617,1,3954.082418407455,1.0,1.0
2026-03-22T21:10:07.745-705391-712350,226,true,0.2898548045410527,1,3953.792563602914,1.0,0.859
2026-03-22T21:10:07.745-705391-712350,141,false,0.2971233605834004,1,3953.792563602914,1.0,1.0
2026-03-22T21:10:07.745-705391-712350,283,false,66.18792913634974,1,3953.792563602914,1.0,1.0
2026-03-22T21:10:07.745-705391-712350,67,false,10.875458038248189,1,3953.792563602914,1.0,1.0
2026-03-22T21:10:07.745-705391-712350,629,false,4.6189916118201415,1,3953.792563602914,1.0,1.0
2026-03-22T21:10:07.745-705391-712350,240,false,0.527329924670112,1,3953.792563602914,1.0,1.0
2026-03-22T21:10:07.745-705391-712350,593,false,6.686030522616271,1,3953.792563602914,1.0,1.0
2026-03-22T21:10:07.745-705391-712350,549,false,77.96851820113586,1,3953.792563602914,1.0,1.0
2026-03-22T21:10:07.745-705391-712350,815,false,1.2344718878176635,1,3953.792563602914,1.0,1.0
2026-03-22T21:10:07.745-705391-712350,395,false,1.2766731331742613,1,3953.792563602914,1.0,1.0
2026-03-22T21:10:07.745-705391-712350,148,false,1.3582026209237192,1,3953.792563602914,1.0,1.0
2026-03-22T21:10:07.745-705391-712350,591,false,0.13102763334498127,1,3953.792563602914,1.0,1.0
2026-03-22T21:10:07.745-705391-712350,727,false,1.0065254087643425,1,3953.792563602914,1.0,1.0
2026-03-22T21:10:07.745-705391-712350,612,false,2.2819867956964317,1,3953.792563602914,1.0,1.0
2026-03-22T21:10:07.745-705391-712350,546,false,2.4991772282140348,1,3953.792563602914,1.0,1.0
2026-03-22T21:10:07.745-705391-712350,489,false,0.011265530765529627,1,3953.792563602914,1.0,1.0
2026-03-22T21:10:07.745-705391-712350,100,false,1.1822412781999974,1,3953.792563602914,1.0,1.0
2026-03-22T21:10:07.745-705391-712350,975,false,0.22843466922010006,1,3953.792563602914,1.0,1.0
2026-03-22T21:10:07.745-705391-712350,247,false,2.434005694498513,1,3953.792563602914,1.0,1.0
2026-03-22T21:10:07.745-705391-712350,174,false,2.37635146402505,1,3953.792563602914,1.0,1.0
2026-03-22T21:10:07.745-705391-712350,125,false,0.1790615442628847,1,3953.792563602914,1.0,1.0
2026-03-22T21:10:07.745-705391-712350,50,false,12.071410018735776,1,3953.792563602914,1.0,1.0
2026-03-22T21:10:07.745-705391-712350,59,false,0.019041666462398243,1,3953.792563602914,1.0,1.0
2026-03-22T21:10:07.745-705391-712350,435,false,1.0417808327621183,1,3953.792563602914,1.0,1.0
2026-03-22T21:10:07.745-705391-712350,713,false,0.9447568803076356,1,3953.792563602914,1.0,1.0
2026-03-22T21:10:07.745-705391-712350,665,false,3.1933618843393714,1,3953.792563602914,1.0,1.0
2026-03-22T21:10:07.745-705391-712350,212,false,0.5312440467708707,1,3953.792563602914,1.0,1.0
2026-03-22T21:10:07.745-705391-712350,579,false,10.291975563740372,1,3953.792563602914,1.0,1.0
2026-03-22T21:10:07.745-705391-712350,406,false,0.10923884099556513,1,3953.792563602914,1.0,1.0
2026-03-22T21:10:07.745-705391-712350,80,false,371.55167488519413,1,3953.792563602914,1.0,1.0
2026-03-22T21:10:07.745-705391-712350,233,false,20.837252138084033,1,3953.792563602914,1.0,1.0
2026-03-22T21:10:07.745-705391-712350,118,false,471.9017799293622,1,3953.792563602914,1.0,1.0
2026-03-22T21:10:07.745-705391-712350,980,false,0.7682380558448235,1,3953.792563602914,1.0,1.0
2026-03-22T21:10:07.745-705391-712350,882,false,39.82509748033517,1,3953.792563602914,1.0,1.0
2026-03-22T21:10:07.745-705391-712350,989,false,0.1260853915943898,1,3953.792563602914,1.0,1.0
2026-03-22T21:10:07.745-705391-712350,797,false,0.46206685204525955,1,3953.792563602914,1.0,1.0
2026-03-22T21:10:07.745-705391-712350,657,false,0.08765577252369557,1,3953.792563602914,1.0,1.0
2026-03-22T21:10:07.745-705391-712350,798,false,3.62356904311635,1,3953.792563602914,1.0,1.0
2026-03-22T21:10:07.745-705391-712350,988,false,2.5429979150945794,1,3953.792563602914,1.0,1.0
2026-03-22T21:10:07.745-705391-712350,79,false,2.087761799341929,1,3953.792563602914,1.0,1.0
2026-03-22T21:10:07.745-705391-712350,927,false,9.921809597094336,1,3953.792563602914,1.0,1.0
2026-03-22T21:10:07.745-705391-712350,775,false,0.22150495359748448,1,3953.792563602914,1.0,1.0
2026-03-22T21:10:07.745-705391-712350,54,false,0.7703630639468677,1,3953.792563602914,1.0,1.0
2026-03-22T21:10:07.745-705391-712350,998,false,16.081252370793496,1,3953.792563602914,1.0,1.0
2026-03-22T21:10:07.745-705391-712350,264,false,13.608960053806062,1,3953.792563602914,1.0,1.0
2026-03-22T21:10:07.745-705391-712350,46,false,1.7086531168434298,1,3953.792563602914,1.0,1.0
2026-03-22T21:10:07.745-705391-712350,222,false,0.25280126427017563,1,3953.792563602914,1.0,1.0
2026-03-22T21:10:07.745-705391-712350,287,false,20.145018424045006,1,3953.792563602914,1.0,1.0
2026-03-22T21:10:07.745-705391-712350,39,true,5.994537417930549,1,3947.7980261849834,1.0,0.687
2026-03-22T21:10:07.745-705391-712350,461,false,1.08534678977286,1,3947.7980261849834,1.0,1.0
2026-03-22T21:10:07.745-705391-712350,623,false,0.14157489487235572,1,3947.7980261849834,1.0,1.0
2026-03-22T21:10:07.745-705391-712350,705,false,29.140929599954855,1,3947.7980261849834,1.0,1.0
2026-03-22T21:10:07.745-705391-712350,156,false,0.2595098045520182,1,3947.7980261849834,1.0,1.0
2026-03-22T21:10:07.745-705391-712350,965,false,805.7415040923354,1,3947.7980261849834,1.0,1.0
2026-03-22T21:10:07.745-705391-712350,23,false,1.674780287921748,1,3947.7980261849834,1.0,1.0
2026-03-22T21:10:07.745-705391-712350,935,false,31.243659086032327,1,3947.7980261849834,1.0,1.0
2026-03-22T21:10:07.745-705391-712350,733,false,1.436253628161437,1,3947.7980261849834,1.0,1.0
2026-03-22T21:10:07.745-705391-712350,341,false,3.0145183660915493,1,3947.7980261849834,1.0,1.0
2026-03-22T21:10:07.745-705391-712350,686,false,6.624405867685696,1,3947.7980261849834,1.0,1.0
2026-03-22T21:10:07.745-705391-712350,393,false,19.738236603675894,1,3947.7980261849834,1.0,1.0
2026-03-22T21:10:07.745-705391-712350,66,false,2.1128981836384,1,3947.7980261849834,1.0,1.0
2026-03-22T21:10:07.745-705391-712350,121,false,10.227359505887879,1,3947.7980261849834,1.0,1.0
2026-03-22T21:10:07.745-705391-712350,90,false,184.1377391840587,1,3947.7980261849834,1.0,1.0
2026-03-22T21:10:07.745-705391-712350,534,false,15.218436933678845,1,3947.7980261849834,1.0,1.0
2026-03-22T21:10:07.745-705391-712350,626,false,26.493913200383716,1,3947.7980261849834,1.0,1.0
2026-03-22T21:10:07.745-705391-712350,606,false,10.642055664298422,1,3947.7980261849834,1.0,1.0
2026-03-22T21:10:07.745-705391-712350,120,false,12.167791977623137,1,3947.7980261849834,1.0,1.0
2026-03-22T21:10:07.745-705391-712350,138,false,3.236664082593318,1,3947.7980261849834,1.0,1.0
2026-03-22T21:10:07.745-705391-712350,335,false,1.2865422292277733,1,3947.7980261849834,1.0,1.0
2026-03-22T21:10:07.745-705391-712350,75,false,17.99772817391174,1,3947.7980261849834,1.0,1.0
2026-03-22T21:10:07.745-705391-712350,734,false,0.09293795512803324,1,3947.7980261849834,1.0,1.0
2026-03-22T21:10:07.745-705391-712350,807,false,1.5595806387531481,1,3947.7980261849834,1.0,1.0
2026-03-22T21:10:07.745-705391-712350,17,false,2.1526570724308782,1,3947.7980261849834,1.0,1.0
2026-03-22T21:10:07.745-705391-712350,303,false,6.36172500848262,1,3947.7980261849834,1.0,1.0
2026-03-22T21:10:07.745-705391-712350,130,false,0.48509957502778833,1,3947.7980261849834,1.0,1.0
2026-03-22T21:10:07.745-705391-712350,891,false,6.636122360533035,1,3947.7980261849834,1.0,1.0
2026-03-22T21:10:07.745-705391-712350,909,false,2.3498617800041024,1,3947.7980261849834,1.0,1.0
2026-03-22T21:10:07.745-705391-712350,238,false,4.482288119619136,1,3947.7980261849834,1.0,1.0
2026-03-22T21:10:07.745-705391-712350,397,false,0.1298169336604557,1,3947.7980261849834,1.0,1.0
2026-03-22T21:10:07.745-705391-712350,224,true,256.4639769962439,1,3691.3340491887393,1.0,0.63
2026-03-22T21:10:07.745-705391-712350,838,false,10.811852478263996,1,3691.3340491887393,1.0,1.0
2026-03-22T21:10:07.745-705391-712350,24,false,16.16448221845528,1,3691.3340491887393,1.0,1.0
2026-03-22T21:10:07.745-705391-712350,487,false,1.1271377271048948,1,3691.3340491887393,1.0,1.0
2026-03-22T21:10:07.745-705391-712350,853,false,15.36798738820812,1,3691.3340491887393,1.0,1.0
2026-03-22T21:10:07.745-705391-712350,320,true,1.8826162063092942,1,3689.45143298243,1.0,0.868
2026-03-22T21:10:07.745-705391-712350,682,false,0.7427444237778825,1,3689.45143298243,1.0,1.0
2026-03-22T21:10:07.745-705391-712350,524,false,0.876143357517225,1,3689.45143298243,1.0,1.0
2026-03-22T21:10:07.745-705391-712350,159,false,2.6210350632590202,1,3689.45143298243,1.0,1.0
2026-03-22T21:10:07.745-705391-712350,318,true,0.37357003150108836,1,3689.077862950929,1.0,0.721
2026-03-22T21:10:07.745-705391-712350,153,false,0.8649166394318472,1,3689.077862950929,1.0,1.0
2026-03-22T21:10:07.745-705391-712350,858,false,16.67220529443344,1,3689.077862950929,1.0,1.0
2026-03-22T21:10:07.745-705391-712350,146,false,0.4895034829540222,1,3689.077862950929,1.0,1.0
2026-03-22T21:10:07.745-705391-712350,183,false,1.6447601512828236,1,3689.077862950929,1.0,1.0
2026-03-22T21:10:07.745-705391-712350,403,false,18.881035761588272,1,3689.077862950929,1.0,1.0
2026-03-22T21:10:07.745-705391-712350,916,false,4.897607324552943,1,3689.077862950929,1.0,1.0
2026-03-22T21:10:07.745-705391-712350,69,false,0.2435435076011594,1,3689.077862950929,1.0,1.0
2026-03-22T21:10:07.745-705391-712350,281,false,0.043280243392969354,1,3689.077862950929,1.0,1.0
2026-03-22T21:10:07.745-705391-712350,336,false,0.808845693281614,1,3689.077862950929,1.0,1.0
2026-03-22T21:10:07.745-705391-712350,71,false,13.999990942590236,1,3689.077862950929,1.0,1.0
2026-03-22T21:10:07.745-705391-712350,520,false,10.322774045923959,1,3689.077862950929,1.0,1.0
2026-03-22T21:10:07.745-705391-712350,236,false,16.267666610030982,1,3689.077862950929,1.0,1.0
2026-03-22T21:10:07.745-705391-712350,701,false,0.31714176337291083,1,3689.077862950929,1.0,1.0
2026-03-22T21:10:07.745-705391-712350,525,false,0.4170670102963931,1,3689.077862950929,1.0,1.0
2026-03-22T21:10:07.745-705391-712350,337,false,1.4662923792693878,1,3689.077862950929,1.0,1.0
2026-03-22T21:10:07.745-705391-712350,794,false,121.10201714462838,1,3689.077862950929,1.0,1.0
2026-03-22T21:10:07.745-705391-712350,738,false,1.7777955035734885,1,3689.077862950929,1.0,1.0
2026-03-22T21:10:07.745-705391-712350,842,false,1.3701346151803964,1,3689.077862950929,1.0,1.0
2026-03-22T21:10:07.745-705391-712350,590,false,1.578212187704368,1,3689.077862950929,1.0,1.0
2026-03-22T21:10:07.745-705391-712350,533,false,1.1752416574976359,1,3689.077862950929,1.0,1.0
2026-03-22T21:10:07.745-705391-712350,349,false,1.8875848167168152,1,3689.077862950929,1.0,1.0
2026-03-22T21:10:07.745-705391-712350,592,false,11.494725561222218,1,3689.077862950929,1.0,1.0
2026-03-22T21:10:07.745-705391-712350,986,false,0.15052926517728732,1,3689.077862950929,1.0,1.0
2026-03-22T21:10:07.745-705391-712350,154,false,0.5847080120060795,1,3689.077862950929,1.0,1.0
2026-03-22T21:10:07.745-705391-712350,474,false,5.321922131777158,1,3689.077862950929,1.0,1.0
2026-03-22T21:10:07.745-705391-712350,504,false,15.413793955626224,1,3689.077862950929,1.0,1.0
2026-03-22T21:10:07.745-705391-712350,453,false,0.1737340820165882,1,3689.077862950929,1.0,1.0
2026-03-22T21:10:07.745-705391-712350,671,true,10.013272910881788,1,3679.0645900400473,1.0,0.867
2026-03-22T21:10:07.745-705391-712350,560,false,28.62305910246693,1,3679.0645900400473,1.0,1.0
2026-03-22T21:10:07.745-705391-712350,348,false,0.49992855004003295,1,3679.0645900400473,1.0,1.0
2026-03-22T21:10:07.745-705391-712350,736,false,0.3469395782350323,1,3679.0645900400473,1.0,1.0
2026-03-22T21:10:07.745-705391-712350,876,false,0.9706855480646489,1,3679.0645900400473,1.0,1.0
2026-03-22T21:10:07.745-705391-712350,9,false,0.7961230910836135,1,3679.0645900400473,1.0,1.0
2026-03-22T21:10:07.745-705391-712350,933,false,11.460617729981312,1,3679.0645900400473,1.0,1.0
2026-03-22T21:10:07.745-705391-712350,366,false,0.07149525703389206,1,3679.0645900400473,1.0,1.0
2026-03-22T21:10:07.745-705391-712350,804,false,71.49841527799906,1,3679.0645900400473,1.0,1.0
2026-03-22T21:10:07.745-705391-712350,655,false,68.3038607033267,1,3679.0645900400473,1.0,1.0
2026-03-22T21:10:07.745-705391-712350,55,false,26.775448458960664,1,3679.0645900400473,1.0,1.0
2026-03-22T21:10:07.745-705391-712350,198,false,18.171937821700876,1,3679.0645900400473,1.0,1.0
2026-03-22T21:10:07.745-705391-712350,991,false,99.17049944095847,1,3679.0645900400473,1.0,1.0
2026-03-22T21:10:07.745-705391-712350,793,false,4.043067272197129,1,3679.0645900400473,1.0,1.0
2026-03-22T21:10:07.745-705391-712350,363,false,6.787843129745291,1,3679.0645900400473,1.0,1.0
2026-03-22T21:10:07.745-705391-712350,332,false,0.14498570942337158,1,3679.0645900400473,1.0,1.0
2026-03-22T21:10:07.745-705391-712350,188,true,132.810363768449,1,3546.2542262715983,1.0,0.655
2026-03-22T21:10:07.745-705391-712350,145,false,123.72511456893265,1,3546.2542262715983,1.0,1.0
2026-03-22T21:10:07.745-705391-712350,470,false,33.61745932106752,1,3546.2542262715983,1.0,1.0
2026-03-22T21:10:07.745-705391-712350,951,false,1.0455125018524847,1,3546.2542262715983,1.0,1.0
2026-03-22T21:10:07.745-705391-712350,286,false,20.776602574214632,1,3546.2542262715983,1.0,1.0
2026-03-22T21:10:07.745-705391-712350,482,false,25.11472811434918,1,3546.2542262715983,1.0,1.0
2026-03-22T21:10:07.745-705391-712350,589,false,0.17421458643498902,1,3546.2542262715983,1.0,1.0
2026-03-22T21:10:07.745-705391-712350,741,false,4.742941873981703,1,3546.2542262715983,1.0,1.0
2026-03-22T21:10:07.745-705391-712350,724,false,15.401544342687993,1,3546.2542262715983,1.0,1.0
2026-03-22T21:10:07.745-705391-712350,327,false,0.08106527786127464,1,3546.2542262715983,1.0,1.0
2026-03-22T21:10:07.745-705391-712350,543,false,3.868876328166667,1,3546.2542262715983,1.0,1.0
2026-03-22T21:10:07.745-705391-712350,586,false,0.16514595776901908,1,3546.2542262715983,1.0,1.0
2026-03-22T21:10:07.745-705391-712350,867,false,0.6958012497066478,1,3546.2542262715983,1.0,1.0
2026-03-22T21:10:07.745-705391-712350,89,false,96.28128504029111,1,3546.2542262715983,1.0,1.0
2026-03-22T21:10:07.745-705391-712350,308,false,8.871333663753033,1,3546.2542262715983,1.0,1.0
2026-03-22T21:10:07.745-705391-712350,614,false,79.84871193720429,1,3546.2542262715983,1.0,1.0
2026-03-22T21:10:07.745-705391-712350,814,false,1.9055849978599186,1,3546.2542262715983,1.0,1.0
2026-03-22T21:10:07.745-705391-712350,684,false,17.894671196165806,1,3546.2542262715983,1.0,1.0
2026-03-22T21:10:07.745-705391-712350,981,false,4.865219618456861,1,3546.2542262715983,1.0,1.0
2026-03-22T21:10:07.745-705391-712350,650,false,0.548496026253707,1,3546.2542262715983,1.0,1.0
2026-03-22T21:10:07.745-705391-712350,433,false,1.026381735590014,1,3546.2542262715983,1.0,1.0
2026-03-22T21:10:07.745-705391-712350,880,false,5.114928076067367,1,3546.2542262715983,1.0,1.0
2026-03-22T21:10:07.745-705391-712350,963,false,4.354877783909594,1,3546.2542262715983,1.0,1.0
2026-03-22T21:10:07.745-705391-712350,605,false,0.07902748435278523,1,3546.2542262715983,1.0,1.0
2026-03-22T21:10:07.745-705391-712350,747,false,3.9362072176366754,1,3546.2542262715983,1.0,1.0
2026-03-22T21:10:07.745-705391-712350,358,false,10.237154560045376,1,3546.2542262715983,1.0,1.0
2026-03-22T21:10:07.745-705391-712350,197,true,40.35640064059738,1,3505.897825631001,1.0,0.692
2026-03-22T21:10:07.745-705391-712350,774,false,1.2387029229061972,1,3505.897825631001,1.0,1.0
2026-03-22T21:10:07.745-705391-712350,57,false,2.045538524482918,1,3505.897825631001,1.0,1.0
2026-03-22T21:10:07.745-705391-712350,56,false,2.062581388770672,1,3505.897825631001,1.0,1.0
2026-03-22T21:10:07.745-705391-712350,756,false,10.00134994246106,1,3505.897825631001,1.0,1.0
2026-03-22T21:10:07.745-705391-712350,282,false,1.352033513030362,1,3505.897825631001,1.0,1.0
2026-03-22T21:10:07.745-705391-712350,373,false,1.2045955194605857,1,3505.897825631001,1.0,1.0
2026-03-22T21:10:07.745-705391-712350,786,false,27.257283841482085,1,3505.897825631001,1.0,1.0
2026-03-22T21:10:07.745-705391-712350,944,true,0.8618426128300188,1,3505.035983018171,1.0,0.0
2026-03-22T21:10:07.745-705391-712350,544,false,36.88948477380908,1,3505.035983018171,1.0,1.0
2026-03-22T21:10:07.745-705391-712350,567,false,0.5577316860823651,1,3505.035983018171,1.0,1.0
2026-03-22T21:10:07.745-705391-712350,452,false,1.2318222398012013,1,3505.035983018171,1.0,1.0
2026-03-22T21:10:07.745-705391-712350,324,false,0.35547431052501655,1,3505.035983018171,1.0,1.0
2026-03-22T21:10:07.745-705391-712350,904,false,1.0226174415233098,1,3505.035983018171,1.0,1.0
2026-03-22T21:10:07.745-705391-712350,326,false,2.573895636071308,1,3505.035983018171,1.0,1.0
2026-03-22T21:10:07.745-705391-712350,768,false,0.05121282886818905,1,3505.035983018171,1.0,1.0
2026-03-22T21:10:07.745-705391-712350,571,false,65.82362662507163,1,3505.035983018171,1.0,1.0
2026-03-22T21:10:07.745-705391-712350,751,false,5.312202500432841,1,3505.035983018171,1.0,1.0
2026-03-22T21:10:07.745-705391-712350,730,false,4.166114528767926,1,3505.035983018171,1.0,1.0
2026-03-22T21:10:07.745-705391-712350,91,false,4.687304173793552,1,3505.035983018171,1.0,1.0
2026-03-22T21:10:07.745-705391-712350,443,false,1.7801782771867347,1,3505.035983018171,1.0,1.0
2026-03-22T21:10:07.745-705391-712350,721,false,0.10925871857676396,1,3505.035983018171,1.0,1.0
2026-03-22T21:10:07.745-705391-712350,268,false,0.3303828188327724,1,3505.035983018171,1.0,1.0
2026-03-22T21:10:07.745-705391-712350,648,false,89.55305032658376,1,3505.035983018171,1.0,1.0
2026-03-22T21:10:07.745-705391-712350,508,false,3.318574239046523,1,3505.035983018171,1.0,1.0
2026-03-22T21:10:07.745-705391-712350,460,false,2.4553073831541,1,3505.035983018171,1.0,1.0
2026-03-22T21:10:07.745-705391-712350,714,false,1.4594065456632375,1,3505.035983018171,1.0,1.0
2026-03-22T21:10:07.745-705391-712350,429,false,20.634529342364594,1,3505.035983018171,1.0,1.0
2026-03-22T21:10:07.745-705391-712350,328,false,1.350581687489538,1,3505.035983018171,1.0,1.0
2026-03-22T21:10:07.745-705391-712350,702,false,56.73102836941645,1,3505.035983018171,1.0,1.0
2026-03-22T21:10:07.745-705391-712350,802,false,1.7804062089994082,1,3505.035983018171,1.0,1.0
2026-03-22T21:10:07.745-705391-712350,216,false,2.993467406180006,1,3505.035983018171,1.0,1.0
2026-03-22T21:10:07.745-705391-712350,757,false,0.007799451822109971,1,3505.035983018171,1.0,1.0
2026-03-22T21:10:07.745-705391-712350,681,false,2.715494588732909,1,3505.035983018171,1.0,1.0
2026-03-22T21:10:07.745-705391-712350,879,false,4.927048796577631,1,3505.035983018171,1.0,1.0
2026-03-22T21:10:07.745-705391-712350,594,false,0.07896096825631362,1,3505.035983018171,1.0,1.0
2026-03-22T21:10:07.745-705391-712350,2,false,4.929503358732801,1,3505.035983018171,1.0,1.0
2026-03-22T21:10:07.745-705391-712350,137,false,1.2580643244544942,1,3505.035983018171,1.0,1.0
2026-03-22T21:10:07.745-705391-712350,816,false,2.9543873203367945,1,3505.035983018171,1.0,1.0
2026-03-22T21:10:07.745-705391-712350,492,false,9.886807213912705,1,3505.035983018171,1.0,1.0
2026-03-22T21:10:07.745-705391-712350,694,false,0.851505780918221,1,3505.035983018171,1.0,1.0
2026-03-22T21:10:07.745-705391-712350,888,false,4.026756247799651,1,3505.035983018171,1.0,1.0
2026-03-22T21:10:07.745-705391-712350,342,false,0.6202467495073115,1,3505.035983018171,1.0,1.0
2026-03-22T21:10:07.745-705391-712350,451,false,20.83470105028958,1,3505.035983018171,1.0,1.0
2026-03-22T21:10:07.745-705391-712350,958,false,1.5089648299279248,1,3505.035983018171,1.0,1.0
2026-03-22T21:10:07.745-705391-712350,260,false,2.0650448281447504,1,3505.035983018171,1.0,1.0
2026-03-22T21:10:07.745-705391-712350,377,false,4.58457273719442,1,3505.035983018171,1.0,1.0
2026-03-22T21:10:07.745-705391-712350,943,true,224.5394395769499,1,3280.496543441221,1.0,0.0
2026-03-22T21:10:07.745-705391-712350,962,false,1.8061852794176574,1,3280.496543441221,1.0,1.0
2026-03-22T21:10:07.745-705391-712350,559,false,1.3203501525575263,1,3280.496543441221,1.0,1.0
2026-03-22T21:10:07.745-705391-712350,464,false,0.8703948868409183,1,3280.496543441221,1.0,1.0
2026-03-22T21:10:07.745-705391-712350,47,false,75.48135102307697,1,3280.496543441221,1.0,1.0
2026-03-22T21:10:07.745-705391-712350,997,false,0.8314983865048666,1,3280.496543441221,1.0,1.0
2026-03-22T21:10:07.745-705391-712350,490,false,2.6861999315070095,1,3280.496543441221,1.0,1.0
2026-03-22T21:10:07.745-705391-712350,542,false,0.7049888368341347,1,3280.496543441221,1.0,1.0
2026-03-22T21:10:07.745-705391-712350,163,false,4.60258855405028,1,3280.496543441221,1.0,1.0
2026-03-22T21:10:07.745-705391-712350,599,false,0.36536687842237886,1,3280.496543441221,1.0,1.0
2026-03-22T21:10:07.745-705391-712350,172,false,1.7501529010328933,1,3280.496543441221,1.0,1.0
2026-03-22T21:10:07.745-705391-712350,103,false,6.981699054519706,1,3280.496543441221,1.0,1.0
2026-03-22T21:10:07.745-705391-712350,564,false,81.54046986885098,1,3280.496543441221,1.0,1.0
2026-03-22T21:10:07.745-705391-712350,113,false,0.9338496369385243,1,3280.496543441221,1.0,1.0
2026-03-22T21:10:07.745-705391-712350,925,false,150.40323209992258,1,3280.496543441221,1.0,1.0
2026-03-22T21:10:07.745-705391-712350,729,false,17.247394982161627,1,3280.496543441221,1.0,1.0
2026-03-22T21:10:07.745-705391-712350,26,false,0.18216613873850845,1,3280.496543441221,1.0,1.0
2026-03-22T21:10:07.745-705391-712350,654,false,11.11827057770224,1,3280.496543441221,1.0,1.0
2026-03-22T21:10:07.745-705391-712350,920,false,0.09209507866432091,1,3280.496543441221,1.0,1.0
2026-03-22T21:10:07.745-705391-712350,510,false,4.449930537085176,1,3280.496543441221,1.0,1.0
2026-03-22T21:10:07.745-705391-712350,155,false,26.80824220995783,1,3280.496543441221,1.0,1.0
2026-03-22T21:10:07.745-705391-712350,659,false,3.276584504753522,1,3280.496543441221,1.0,1.0
2026-03-22T21:10:07.745-705391-712350,38,true,8.659185907720394,1,3271.837357533501,1.0,0.9339999999999999
2026-03-22T21:10:07.745-705391-712350,168,false,33.125623354878826,1,3271.837357533501,1.0,1.0
2026-03-22T21:10:07.745-705391-712350,252,false,2.739977875090556,1,3271.837357533501,1.0,1.0
2026-03-22T21:10:07.745-705391-712350,245,false,6.325632199108378,1,3271.837357533501,1.0,1.0
2026-03-22T21:10:07.745-705391-712350,737,false,0.6908514210652733,1,3271.837357533501,1.0,1.0
2026-03-22T21:10:07.745-705391-712350,345,false,1.1298671558485713,1,3271.837357533501,1.0,1.0
2026-03-22T21:10:07.745-705391-712350,511,false,1.462366328173537,1,3271.837357533501,1.0,1.0
2026-03-22T21:10:07.745-705391-712350,619,false,3.466401472818745,1,3271.837357533501,1.0,1.0
2026-03-22T21:10:07.745-705391-712350,715,false,3.837002337154213,1,3271.837357533501,1.0,1.0
2026-03-22T21:10:07.745-705391-712350,207,false,35.15727797700483,1,3271.837357533501,1.0,1.0
2026-03-22T21:10:07.745-705391-712350,22,false,6.226169522227589,1,3271.837357533501,1.0,1.0
2026-03-22T21:10:07.745-705391-712350,621,false,11.803010523912848,1,3271.837357533501,1.0,1.0
2026-03-22T21:10:07.745-705391-712350,165,false,3.7281365410284146,1,3271.837357533501,1.0,1.0
2026-03-22T21:10:07.745-705391-712350,218,false,60.351321800979136,1,3271.837357533501,1.0,1.0
2026-03-22T21:10:07.745-705391-712350,352,false,1.6796278648784049,1,3271.837357533501,1.0,1.0
2026-03-22T21:10:07.745-705391-712350,498,false,0.013079484412033436,1,3271.837357533501,1.0,1.0
2026-03-22T21:10:07.745-705391-712350,643,true,0.667471645643324,1,3271.1698858878576,1.0,0.09599999999999997
2026-03-22T21:10:07.745-705391-712350,391,false,0.08811934226962224,1,3271.1698858878576,1.0,1.0
2026-03-22T21:10:07.745-705391-712350,806,false,4.802534303235588,1,3271.1698858878576,1.0,1.0
2026-03-22T21:10:07.745-705391-712350,688,false,0.12059079638521643,1,3271.1698858878576,1.0,1.0
2026-03-22T21:10:07.745-705391-712350,418,false,0.5309409741501743,1,3271.1698858878576,1.0,1.0
2026-03-22T21:10:07.745-705391-712350,265,false,0.03096058810649929,1,3271.1698858878576,1.0,1.0
2026-03-22T21:10:07.745-705391-712350,228,true,2.6955399987022393,1,3268.4743458891553,1.0,0.0
2026-03-22T21:10:07.745-705391-712350,800,false,17.488888810694647,1,3268.4743458891553,1.0,1.0
2026-03-22T21:10:07.745-705391-712350,311,false,43.16794886124944,1,3268.4743458891553,1.0,1.0
2026-03-22T21:10:07.745-705391-712350,131,false,0.20565985736106016,1,3268.4743458891553,1.0,1.0
2026-03-22T21:10:07.745-705391-712350,898,false,0.8101217192482091,1,3268.4743458891553,1.0,1.0
2026-03-22T21:10:07.745-705391-712350,5,false,13.249334300001705,1,3268.4743458891553,1.0,1.0
2026-03-22T21:10:07.745-705391-712350,456,false,4.637946039326263,1,3268.4743458891553,1.0,1.0
2026-03-22T21:10:07.745-705391-712350,895,false,2.747431459578426,1,3268.4743458891553,1.0,1.0
2026-03-22T21:10:07.745-705391-712350,673,true,8.175926028335528,1,3260.2984198608196,1.0,0.888
2026-03-22T21:10:07.745-705391-712350,323,true,8.149342521047902,1,3252.149077339772,1.0,0.702
2026-03-22T21:10:07.745-705391-712350,513,false,0.2819754383086005,1,3252.149077339772,1.0,1.0
2026-03-22T21:10:07.745-705391-712350,704,false,21.505672763172274,1,3252.149077339772,1.0,1.0
2026-03-22T21:10:07.745-705391-712350,416,false,0.5424647101330629,1,3252.149077339772,1.0,1.0
2026-03-22T21:10:07.745-705391-712350,987,false,0.21549488731606306,1,3252.149077339772,1.0,1.0
2026-03-22T21:10:07.745-705391-712350,964,false,0.44123899728534366,1,3252.149077339772,1.0,1.0
2026-03-22T21:10:07.745-705391-712350,957,false,0.6142416188022196,1,3252.149077339772,1.0,1.0
2026-03-22T21:10:07.745-705391-712350,196,true,21.865492173916795,1,3230.283585165855,1.0,0.010000000000000009
2026-03-22T21:10:07.745-705391-712350,874,false,25.35762673448201,1,3230.283585165855,1.0,1.0
2026-03-22T21:10:07.745-705391-712350,97,false,10.115479984971762,1,3230.283585165855,1.0,1.0
2026-03-22T21:10:07.745-705391-712350,578,false,17.829567919586474,1,3230.283585165855,1.0,1.0
2026-03-22T21:10:07.745-705391-712350,690,false,2.0954354044309507,1,3230.283585165855,1.0,1.0
2026-03-22T21:10:07.745-705391-712350,750,false,11.409985379340867,1,3230.283585165855,1.0,1.0
2026-03-22T21:10:07.745-705391-712350,85,false,0.708638679337331,1,3230.283585165855,1.0,1.0
2026-03-22T21:10:07.745-705391-712350,787,false,10.812181957717865,1,3230.283585165855,1.0,1.0
2026-03-22T21:10:07.745-705391-712350,995,false,4.295192967396788,1,3230.283585165855,1.0,1.0
2026-03-22T21:10:07.745-705391-712350,758,true,3.9236224760062313,1,3226.359962689849,1.0,0.704
2026-03-22T21:10:07.745-705391-712350,127,false,2.6941332384765104,1,3226.359962689849,1.0,1.0
2026-03-22T21:10:07.745-705391-712350,810,false,0.01714237613336699,1,3226.359962689849,1.0,1.0
2026-03-22T21:10:07.745-705391-712350,421,false,12.260835239162752,1,3226.359962689849,1.0,1.0
2026-03-22T21:10:07.745-705391-712350,595,false,2.123610933794825,1,3226.359962689849,1.0,1.0
2026-03-22T21:10:07.745-705391-712350,27,false,0.3155600544546705,1,3226.359962689849,1.0,1.0
2026-03-22T21:10:07.745-705391-712350,351,false,5.676057321852458,1,3226.359962689849,1.0,1.0
2026-03-22T21:10:07.745-705391-712350,369,false,1.1518401759583907,1,3226.359962689849,1.0,1.0
2026-03-22T21:10:07.745-705391-712350,18,false,0.24829536855209114,1,3226.359962689849,1.0,1.0
2026-03-22T21:10:07.745-705391-712350,382,false,299.00840064612714,1,3226.359962689849,1.0,1.0
2026-03-22T21:10:07.745-705391-712350,425,false,3.1770473798994097,1,3226.359962689849,1.0,1.0
2026-03-22T21:10:07.745-705391-712350,301,false,133.11852225263718,1,3226.359962689849,1.0,1.0
2026-03-22T21:10:07.745-705391-712350,863,false,3.710098651405153,1,3226.359962689849,1.0,1.0
2026-03-22T21:10:07.745-705391-712350,883,false,8.324218902752726,1,3226.359962689849,1.0,1.0
2026-03-22T21:10:07.745-705391-712350,475,false,0.655778866301393,1,3226.359962689849,1.0,1.0
2026-03-22T21:10:07.745-705391-712350,339,false,3.6580465686644494,1,3226.359962689849,1.0,1.0
2026-03-22T21:10:07.745-705391-712350,577,false,11.22177570363263,1,3226.359962689849,1.0,1.0
2026-03-22T21:10:07.745-705391-712350,439,false,2.346866506888885,1,3226.359962689849,1.0,1.0
2026-03-22T21:10:07.745-705391-712350,171,false,0.4560419406911837,1,3226.359962689849,1.0,1.0
2026-03-22T21:10:07.745-705391-712350,58,false,2.4121201769168326,1,3226.359962689849,1.0,1.0
2026-03-22T21:10:07.745-705391-712350,708,false,1.4262145443993355,1,3226.359962689849,1.0,1.0
2026-03-22T21:10:07.745-705391-712350,420,false,0.15083740733717882,1,3226.359962689849,1.0,1.0
2026-03-22T21:10:07.745-705391-712350,896,false,2.8595553171017096,1,3226.359962689849,1.0,1.0
2026-03-22T21:10:07.745-705391-712350,76,false,1.7601237816454862,1,3226.359962689849,1.0,1.0
2026-03-22T21:10:07.745-705391-712350,459,false,0.9312536379544417,1,3226.359962689849,1.0,1.0
2026-03-22T21:10:07.745-705391-712350,496,false,0.07807480841302372,1,3226.359962689849,1.0,1.0
2026-03-22T21:10:07.745-705391-712350,486,false,10.515150925694332,1,3226.359962689849,1.0,1.0
2026-03-22T21:10:07.745-705391-712350,843,false,16.00450476530031,1,3226.359962689849,1.0,1.0
2026-03-22T21:10:07.745-705391-712350,914,false,0.889142696598138,1,3226.359962689849,1.0,1.0
2026-03-22T21:10:07.745-705391-712350,304,false,3.1232152693947035,1,3226.359962689849,1.0,1.0
2026-03-22T21:10:07.745-705391-712350,52,false,6.007900734023112,1,3226.359962689849,1.0,1.0
2026-03-22T21:10:07.745-705391-712350,718,false,0.7736593341552855,1,3226.359962689849,1.0,1.0
2026-03-22T21:10:07.745-705391-712350,124,false,0.419785617601962,1,3226.359962689849,1.0,1.0
2026-03-22T21:10:07.745-705391-712350,402,false,16.716736102225795,1,3226.359962689849,1.0,1.0
2026-03-22T21:10:07.745-705391-712350,697,false,2.709862345215616,1,3226.359962689849,1.0,1.0
2026-03-22T21:10:07.745-705391-712350,918,false,1.4122089845231178,1,3226.359962689849,1.0,1.0
2026-03-22T21:10:07.745-705391-712350,302,false,1.5680561333695509,1,3226.359962689849,1.0,1.0
2026-03-22T21:10:07.745-705391-712350,394,false,81.08337441466125,1,3226.359962689849,1.0,1.0
2026-03-22T21:10:07.745-705391-712350,258,false,1.3466383749155446,1,3226.359962689849,1.0,1.0
2026-03-22T21:10:07.745-705391-712350,83,false,3.5200961696859205,1,3226.359962689849,1.0,1.0
2026-03-22T21:10:07.745-705391-712350,868,false,4.976676017796,1,3226.359962689849,1.0,1.0
2026-03-22T21:10:07.745-705391-712350,830,false,0.07993994733999629,1,3226.359962689849,1.0,1.0
2026-03-22T21:10:07.745-705391-712350,250,false,87.24143379812726,1,3226.359962689849,1.0,1.0
2026-03-22T21:10:07.745-705391-712350,448,false,14.581373135492257,1,3226.359962689849,1.0,1.0
2026-03-22T21:10:07.745-705391-712350,551,false,0.3445428731772904,1,3226.359962689849,1.0,1.0
2026-03-22T21:10:07.745-705391-712350,953,false,1.1001109764859096,1,3226.359962689849,1.0,1.0
2026-03-22T21:10:07.745-705391-712350,670,true,2.1221174449037266,1,3224.237845244945,1.0,0.0
2026-03-22T21:10:07.745-705391-712350,11,false,2.126166649408002,1,3224.237845244945,1.0,1.0
2026-03-22T21:10:07.745-705391-712350,111,false,16.127333724619625,1,3224.237845244945,1.0,1.0
2026-03-22T21:10:07.745-705391-712350,929,false,0.34410127419331776,1,3224.237845244945,1.0,1.0
2026-03-22T21:10:07.745-705391-712350,994,false,9.420214557680847,1,3224.237845244945,1.0,1.0
2026-03-22T21:10:07.745-705391-712350,72,false,0.09012510691296881,1,3224.237845244945,1.0,1.0
2026-03-22T21:10:07.745-705391-712350,271,false,5.837615714426172,1,3224.237845244945,1.0,1.0
2026-03-22T21:10:07.745-705391-712350,201,false,0.7850300058182592,1,3224.237845244945,1.0,1.0
2026-03-22T21:10:07.745-705391-712350,532,false,45.366876572871206,1,3224.237845244945,1.0,1.0
2026-03-22T21:10:07.745-705391-712350,371,false,0.3212291890628636,1,3224.237845244945,1.0,1.0
2026-03-22T21:10:07.745-705391-712350,517,false,0.35701966115335365,1,3224.237845244945,1.0,1.0
2026-03-22T21:10:07.745-705391-712350,187,true,16.233162113923754,1,3208.0046831310215,1.0,0.07899999999999996
2026-03-22T21:10:07.745-705391-712350,576,false,9.851167633549395,1,3208.0046831310215,1.0,1.0
2026-03-22T21:10:07.745-705391-712350,36,true,16.620892956686433,1,3191.383790174335,1.0,0.0020000000000000018
2026-03-22T21:10:07.745-705391-712350,344,false,0.6494037991583756,1,3191.383790174335,1.0,1.0
2026-03-22T21:10:07.745-705391-712350,277,false,20.731679079252995,1,3191.383790174335,1.0,1.0
2026-03-22T21:10:07.745-705391-712350,441,false,0.7790468018432034,1,3191.383790174335,1.0,1.0
2026-03-22T21:10:07.745-705391-712350,780,false,4.163160107718866,1,3191.383790174335,1.0,1.0
2026-03-22T21:10:07.745-705391-712350,501,false,0.8243423399994155,1,3191.383790174335,1.0,1.0
2026-03-22T21:10:07.745-705391-712350,661,false,1.0684820007500435,1,3191.383790174335,1.0,1.0
2026-03-22T21:10:07.745-705391-712350,754,false,0.32083011912747234,1,3191.383790174335,1.0,1.0
2026-03-22T21:10:07.745-705391-712350,251,false,4.165366586421712,1,3191.383790174335,1.0,1.0
2026-03-22T21:10:07.745-705391-712350,611,false,0.17135721083170466,1,3191.383790174335,1.0,1.0
2026-03-22T21:10:07.745-705391-712350,15,false,0.46176358377886917,1,3191.383790174335,1.0,1.0
2026-03-22T21:10:07.745-705391-712350,745,false,11.837848664663941,1,3191.383790174335,1.0,1.0
2026-03-22T21:10:07.745-705391-712350,835,true,111.75796141058056,1,3079.6258287637543,1.0,0.6599999999999999
2026-03-22T21:10:07.745-705391-712350,846,false,9.114187904343478,1,3079.6258287637543,1.0,1.0
2026-03-22T21:10:07.745-705391-712350,289,false,1.3555940792619006,1,3079.6258287637543,1.0,1.0
2026-03-22T21:10:07.745-705391-712350,483,false,0.8073945817463656,1,3079.6258287637543,1.0,1.0
2026-03-22T21:10:07.745-705391-712350,554,false,109.63956010049343,1,3079.6258287637543,1.0,1.0
2026-03-22T21:10:07.745-705391-712350,450,false,6.472906428916398,1,3079.6258287637543,1.0,1.0
2026-03-22T21:10:07.745-705391-712350,254,false,0.3050315348855947,1,3079.6258287637543,1.0,1.0
2026-03-22T21:10:07.745-705391-712350,419,false,26.787555185252195,1,3079.6258287637543,1.0,1.0
2026-03-22T21:10:07.745-705391-712350,384,false,5.08467317085039,1,3079.6258287637543,1.0,1.0
2026-03-22T21:10:07.745-705391-712350,356,false,31.17459336007428,1,3079.6258287637543,1.0,1.0
2026-03-22T21:10:07.745-705391-712350,19,false,16.145256334111185,1,3079.6258287637543,1.0,1.0
2026-03-22T21:10:07.745-705391-712350,193,true,4.339040221827739,1,3075.2867885419264,1.0,0.0
2026-03-22T21:10:07.745-705391-712350,445,false,0.10025807810066724,1,3075.2867885419264,1.0,1.0
2026-03-22T21:10:07.745-705391-712350,911,false,5.7626864485151215,1,3075.2867885419264,1.0,1.0
2026-03-22T21:10:07.745-705391-712350,502,false,0.21910752417337406,1,3075.2867885419264,1.0,1.0
2026-03-22T21:10:07.745-705391-712350,485,false,1.2783922303249202,1,3075.2867885419264,1.0,1.0
2026-03-22T21:10:07.745-705391-712350,866,false,0.24755038484687206,1,3075.2867885419264,1.0,1.0
2026-03-22T21:10:07.745-705391-712350,711,false,67.16232331005891,1,3075.2867885419264,1.0,1.0
2026-03-22T21:10:07.745-705391-712350,620,false,21.167221537717264,1,3075.2867885419264,1.0,1.0
2026-03-22T21:10:07.745-705391-712350,509,false,1.8787134716078095,1,3075.2867885419264,1.0,1.0
2026-03-22T21:10:07.745-705391-712350,871,false,0.17741117728688577,1,3075.2867885419264,1.0,1.0
2026-03-22T21:10:07.745-705391-712350,10,false,3.523976082622552,1,3075.2867885419264,1.0,1.0
2026-03-22T21:10:07.745-705391-712350,908,false,0.48631586315328623,1,3075.2867885419264,1.0,1.0
2026-03-22T21:10:07.745-705391-712350,473,false,0.33808719550151756,1,3075.2867885419264,1.0,1.0
2026-03-22T21:10:07.745-705391-712350,870,false,5.653952157935257,1,3075.2867885419264,1.0,1.0
2026-03-22T21:10:07.745-705391-712350,140,false,59.73844615288378,1,3075.2867885419264,1.0,1.0
2026-03-22T21:10:07.745-705391-712350,555,false,45.618106671409656,1,3075.2867885419264,1.0,1.0
2026-03-22T21:10:07.745-705391-712350,667,true,30.79337091059363,1,3044.4934176313327,1.0,0.708
2026-03-22T21:10:07.745-705391-712350,518,false,0.2023974927565166,1,3044.4934176313327,1.0,1.0
2026-03-22T21:10:07.745-705391-712350,230,true,6.766813575508707,1,3037.726604055824,1.0,0.0
2026-03-22T21:10:07.745-705391-712350,844,false,5.040749897462861,1,3037.726604055824,1.0,1.0
2026-03-22T21:10:07.745-705391-712350,999,false,3.7775031152107714,1,3037.726604055824,1.0,1.0
2026-03-22T21:10:07.745-705391-712350,273,false,19.588930414889916,1,3037.726604055824,1.0,1.0
2026-03-22T21:10:07.745-705391-712350,631,false,28.135006672496257,1,3037.726604055824,1.0,1.0
2026-03-22T21:10:07.745-705391-712350,158,false,1.6641404192238445,1,3037.726604055824,1.0,1.0
2026-03-22T21:10:07.745-705391-712350,526,false,3.523654674334309,1,3037.726604055824,1.0,1.0
2026-03-22T21:10:07.745-705391-712350,550,false,16.35189291808195,1,3037.726604055824,1.0,1.0
2026-03-22T21:10:07.745-705391-712350,114,false,0.16918503421691006,1,3037.726604055824,1.0,1.0
2026-03-22T21:10:07.745-705391-712350,608,false,9.807670969325022,1,3037.726604055824,1.0,1.0
2026-03-22T21:10:07.745-705391-712350,115,false,2.1167816187586097,1,3037.726604055824,1.0,1.0
2026-03-22T21:10:07.745-705391-712350,479,false,3.420013623612523,1,3037.726604055824,1.0,1.0
2026-03-22T21:10:07.745-705391-712350,574,false,0.6367354613916949,1,3037.726604055824,1.0,1.0
2026-03-22T21:10:07.745-705391-712350,8,false,14.541265641952771,1,3037.726604055824,1.0,1.0
2026-03-22T21:10:07.745-705391-712350,208,false,8.181052223617279,1,3037.726604055824,1.0,1.0
2026-03-22T21:10:07.745-705391-712350,970,false,0.8995120846238864,1,3037.726604055824,1.0,1.0
2026-03-22T21:10:07.745-705391-712350,845,false,0.09734696530420216,1,3037.726604055824,1.0,1.0
2026-03-22T21:10:07.745-705391-712350,791,false,6.144871100041226,1,3037.726604055824,1.0,1.0
2026-03-22T21:10:07.745-705391-712350,685,false,5.6780470117530495,1,3037.726604055824,1.0,1.0
2026-03-22T21:10:07.745-705391-712350,597,false,0.19756168503696483,1,3037.726604055824,1.0,1.0
2026-03-22T21:10:07.745-705391-712350,400,false,6.919912875638601,1,3037.726604055824,1.0,1.0
2026-03-22T21:10:07.745-705391-712350,801,false,10.927915139391262,1,3037.726604055824,1.0,1.0
2026-03-22T21:10:07.745-705391-712350,859,false,1.73283551357954,1,3037.726604055824,1.0,1.0
2026-03-22T21:10:07.745-705391-712350,864,false,0.32418553911402415,1,3037.726604055824,1.0,1.0
2026-03-22T21:10:07.745-705391-712350,449,false,8.919324324298799,1,3037.726604055824,1.0,1.0
2026-03-22T21:10:07.745-705391-712350,162,false,1.7833729264413738,1,3037.726604055824,1.0,1.0
2026-03-22T21:10:07.745-705391-712350,726,false,208.46632184310974,1,3037.726604055824,1.0,1.0
2026-03-22T21:10:07.745-705391-712350,881,false,7.665909033424325,1,3037.726604055824,1.0,1.0
2026-03-22T21:10:07.745-705391-712350,81,false,1.0218223919722658,1,3037.726604055824,1.0,1.0
2026-03-22T21:10:07.745-705391-712350,34,true,5.194278231268618,1,3032.5323258245553,1.0,0.964
2026-03-22T21:10:07.745-705391-712350,531,false,3.901589204458293,1,3032.5323258245553,1.0,1.0
2026-03-22T21:10:07.745-705391-712350,672,true,1.361992601860068,1,3031.1703332226953,1.0,0.0
2026-03-22T21:10:07.745-705391-712350,105,false,24.02858970637838,1,3031.1703332226953,1.0,1.0
2026-03-22T21:10:07.745-705391-712350,385,false,3.2027893987886653,1,3031.1703332226953,1.0,1.0
2026-03-22T21:10:07.745-705391-712350,150,false,2.8192058184040603,1,3031.1703332226953,1.0,1.0
2026-03-22T21:10:07.745-705391-712350,762,true,22.65084432815142,1,3008.519488894544,1.0,0.0010000000000000009
2026-03-22T21:10:07.745-705391-712350,309,false,9.29444427947593,1,3008.519488894544,1.0,1.0
2026-03-22T21:10:07.745-705391-712350,926,false,2.0375098126047217,1,3008.519488894544,1.0,1.0
2026-03-22T21:10:07.745-705391-712350,285,false,0.4820844545838496,1,3008.519488894544,1.0,1.0
2026-03-22T21:10:07.745-705391-712350,235,false,179.86855773034424,1,3008.519488894544,1.0,1.0
2026-03-22T21:10:07.745-705391-712350,33,true,6.326697165219337,1,3002.1927917293247,1.0,0.02400000000000002
2026-03-22T21:10:07.745-705391-712350,170,false,2.4731718428692253,1,3002.1927917293247,1.0,1.0
2026-03-22T21:10:07.745-705391-712350,329,false,0.09276595937434375,1,3002.1927917293247,1.0,1.0
2026-03-22T21:10:07.745-705391-712350,561,false,2.4362303688056777,1,3002.1927917293247,1.0,1.0
2026-03-22T21:10:07.745-705391-712350,760,true,90.80677145987259,1,2911.3860202694523,1.0,0.0
2026-03-22T21:10:07.745-705391-712350,515,false,20.607971758101662,1,2911.3860202694523,1.0,1.0
2026-03-22T21:10:07.745-705391-712350,902,false,0.8550235382023549,1,2911.3860202694523,1.0,1.0
2026-03-22T21:10:07.745-705391-712350,49,false,0.5133140915345198,1,2911.3860202694523,1.0,1.0
2026-03-22T21:10:07.745-705391-712350,854,false,7.13747273227921,1,2911.3860202694523,1.0,1.0
2026-03-22T21:10:07.745-705391-712350,294,false,112.99418851125843,1,2911.3860202694523,1.0,1.0
2026-03-22T21:10:07.745-705391-712350,947,true,0.36001572880737104,1,2911.026004540645,1.0,0.0010000000000000009
2026-03-22T21:10:07.745-705391-712350,86,false,0.9778212248248047,1,2911.026004540645,1.0,1.0
2026-03-22T21:10:07.745-705391-712350,923,false,4.096779329685129,1,2911.026004540645,1.0,1.0
2026-03-22T21:10:07.745-705391-712350,380,false,4.041409389940851,1,2911.026004540645,1.0,1.0
2026-03-22T21:10:07.745-705391-712350,469,false,0.1383380775879653,1,2911.026004540645,1.0,1.0
2026-03-22T21:10:07.745-705391-712350,82,false,0.298340145381416,1,2911.026004540645,1.0,1.0
2026-03-22T21:10:07.745-705391-712350,530,false,11.763503156333543,1,2911.026004540645,1.0,1.0
2026-03-22T21:10:07.745-705391-712350,955,false,18.72641784371998,1,2911.026004540645,1.0,1.0
2026-03-22T21:10:07.745-705391-712350,493,false,16.32710163038801,1,2911.026004540645,1.0,1.0
2026-03-22T21:10:07.745-705391-712350,666,true,10.328607763052192,1,2900.6973967775925,1.0,0.838
2026-03-22T21:10:07.745-705391-712350,811,false,12.929996956154271,1,2900.6973967775925,1.0,1.0
2026-03-22T21:10:07.745-705391-712350,829,true,8.844427921433748,1,2891.852968856159,1.0,0.0
2026-03-22T21:10:07.745-705391-712350,901,false,2.3400046795927945,1,2891.852968856159,1.0,1.0
2026-03-22T21:10:07.745-705391-712350,110,false,0.330806743424727,1,2891.852968856159,1.0,1.0
2026-03-22T21:10:07.745-705391-712350,210,false,168.90444094150618,1,2891.852968856159,1.0,1.0
2026-03-22T21:10:07.745-705391-712350,948,true,3.393961741592155,1,2888.4590071145667,1.0,0.0
2026-03-22T21:10:07.745-705391-712350,87,false,1.0719090400109568,1,2888.4590071145667,1.0,1.0
2026-03-22T21:10:07.745-705391-712350,463,false,6.741404147007978,1,2888.4590071145667,1.0,1.0
2026-03-22T21:10:07.745-705391-712350,759,true,0.23673811609581247,1,2888.222268998471,1.0,0.0
2026-03-22T21:10:07.745-705391-712350,455,false,0.9686545147841239,1,2888.222268998471,1.0,1.0
2026-03-22T21:10:07.745-705391-712350,390,false,60.33843311195316,1,2888.222268998471,1.0,1.0
2026-03-22T21:10:07.745-705391-712350,921,false,1.4146971894389968,1,2888.222268998471,1.0,1.0
2026-03-22T21:10:07.745-705391-712350,777,false,2.5498711884722227,1,2888.222268998471,1.0,1.0
2026-03-22T21:10:07.745-705391-712350,919,false,26.498538745627027,1,2888.222268998471,1.0,1.0
2026-03-22T21:10:07.745-705391-712350,634,true,2.0603372291878745,1,2886.161931769283,1.0,0.888
2026-03-22T21:10:07.745-705391-712350,778,false,284.7273320323958,1,2886.161931769283,1.0,1.0
2026-03-22T21:10:07.745-705391-712350,663,true,15.641613326251084,1,2870.520318443032,1.0,0.71
2026-03-22T21:10:07.745-705391-712350,746,false,3.2035676406156144,1,2870.520318443032,1.0,1.0
2026-03-22T21:10:07.745-705391-712350,317,true,1.275749966264462,1,2869.2445684767677,1.0,0.0010000000000000009
2026-03-22T21:10:07.745-705391-712350,581,false,23.240430275562268,1,2869.2445684767677,1.0,1.0
2026-03-22T21:10:07.745-705391-712350,658,false,0.19562004430843122,1,2869.2445684767677,1.0,1.0
2026-03-22T21:10:07.745-705391-712350,428,false,0.2359587975881567,1,2869.2445684767677,1.0,1.0
2026-03-22T21:10:07.745-705391-712350,548,false,0.08005758990988299,1,2869.2445684767677,1.0,1.0
2026-03-22T21:10:07.745-705391-712350,558,false,3.6285838386195386,1,2869.2445684767677,1.0,1.0
2026-03-22T21:10:07.745-705391-712350,613,false,0.4187054237347065,1,2869.2445684767677,1.0,1.0
2026-03-22T21:10:07.745-705391-712350,627,false,271.39250505235685,1,2869.2445684767677,1.0,1.0
2026-03-22T21:10:07.745-705391-712350,16,false,32.48146661342596,1,2869.2445684767677,1.0,1.0
2026-03-22T21:10:07.745-705391-712350,92,false,12.03429475257343,1,2869.2445684767677,1.0,1.0
2026-03-22T21:10:07.745-705391-712350,257,false,3.1100828820579465,1,2869.2445684767677,1.0,1.0
2026-03-22T21:10:07.745-705391-712350,732,false,0.12960871720093828,1,2869.2445684767677,1.0,1.0
2026-03-22T21:10:07.745-705391-712350,691,false,0.6009050796701064,1,2869.2445684767677,1.0,1.0
2026-03-22T21:10:07.745-705391-712350,922,false,4.242163837066739,1,2869.2445684767677,1.0,1.0
2026-03-22T21:10:07.745-705391-712350,656,false,15.514858285278539,1,2869.2445684767677,1.0,1.0
2026-03-22T21:10:07.745-705391-712350,587,false,2.7397392714279922,1,2869.2445684767677,1.0,1.0
2026-03-22T21:10:07.745-705391-712350,527,false,326.2430424671285,1,2869.2445684767677,1.0,1.0
2026-03-22T21:10:07.745-705391-712350,488,false,0.014801557030331295,1,2869.2445684767677,1.0,1.0
2026-03-22T21:10:07.745-705391-712350,231,false,0.12192278369656803,1,2869.2445684767677,1.0,1.0
2026-03-22T21:10:07.745-705391-712350,968,false,16.207358957804168,1,2869.2445684767677,1.0,1.0
2026-03-22T21:10:07.745-705391-712350,468,false,19.615594855560193,1,2869.2445684767677,1.0,1.0
2026-03-22T21:10:07.745-705391-712350,151,false,7.246156725731645,1,2869.2445684767677,1.0,1.0
2026-03-22T21:10:07.745-705391-712350,239,false,0.5944433695756158,1,2869.2445684767677,1.0,1.0
2026-03-22T21:10:07.745-705391-712350,552,false,0.8259498496000761,1,2869.2445684767677,1.0,1.0
2026-03-22T21:10:07.745-705391-712350,573,false,0.7674247868641857,1,2869.2445684767677,1.0,1.0
2026-03-22T21:10:07.745-705391-712350,466,false,0.47587110470665916,1,2869.2445684767677,1.0,1.0
2026-03-22T21:10:07.745-705391-712350,598,false,0.2997719442195736,1,2869.2445684767677,1.0,1.0
2026-03-22T21:10:07.745-705391-712350,645,true,1.3058545160305608,1,2867.938713960737,1.0,0.0
2026-03-22T21:10:07.745-705391-712350,296,false,4.855178922813361,1,2867.938713960737,1.0,1.0
2026-03-22T21:10:07.745-705391-712350,143,false,4.067525296804368,1,2867.938713960737,1.0,1.0
2026-03-22T21:10:07.745-705391-712350,112,false,280.6692601348524,1,2867.938713960737,1.0,1.0
2026-03-22T21:10:07.745-705391-712350,319,true,3.6636899049077454,1,2864.2750240558294,1.0,0.0
2026-03-22T21:10:07.745-705391-712350,383,true,3.742404683416628,1,2860.5326193724127,1.0,0.86
2026-03-22T21:10:07.745-705391-712350,852,false,281.4877486803875,1,2860.5326193724127,1.0,1.0
2026-03-22T21:10:07.745-705391-712350,205,false,0.35908318543511586,1,2860.5326193724127,1.0,1.0
2026-03-22T21:10:07.745-705391-712350,256,false,3.2125988798050074,1,2860.5326193724127,1.0,1.0
2026-03-22T21:10:07.745-705391-712350,119,false,2.2933242457883707,1,2860.5326193724127,1.0,1.0
2026-03-22T21:10:07.745-705391-712350,398,false,10.427487989377282,1,2860.5326193724127,1.0,1.0
2026-03-22T21:10:07.745-705391-712350,116,false,411.5006961473316,1,2860.5326193724127,1.0,1.0
2026-03-22T21:10:07.745-705391-712350,288,false,1.3464874940621556,1,2860.5326193724127,1.0,1.0
2026-03-22T21:10:07.745-705391-712350,44,true,21.266444410910804,1,2839.2661749615017,1.0,0.7130000000000001
2026-03-22T21:10:07.745-705391-712350,32,true,1.188083941278349,1,2838.0780910202234,1.0,0.0050000000000000044
2026-03-22T21:10:07.745-705391-712350,305,false,2.9258512149568032,1,2838.0780910202234,1.0,1.0
2026-03-22T21:10:07.745-705391-712350,822,false,115.2032067966923,1,2838.0780910202234,1.0,1.0
2026-03-22T21:10:07.745-705391-712350,53,false,79.75035099660434,1,2838.0780910202234,1.0,1.0
2026-03-22T21:10:07.745-705391-712350,583,false,1.2958025505615192,1,2838.0780910202234,1.0,1.0
2026-03-22T21:10:07.745-705391-712350,521,false,29.352322732565508,1,2838.0780910202234,1.0,1.0
2026-03-22T21:10:07.745-705391-712350,622,false,0.1575760767817084,1,2838.0780910202234,1.0,1.0
2026-03-22T21:10:07.745-705391-712350,409,false,4.576995547516114,1,2838.0780910202234,1.0,1.0
2026-03-22T21:10:07.745-705391-712350,782,false,0.9584582589382894,1,2838.0780910202234,1.0,1.0
2026-03-22T21:10:07.745-705391-712350,528,false,0.4400379699851233,1,2838.0780910202234,1.0,1.0
2026-03-22T21:10:07.745-705391-712350,290,false,0.3447827267562331,1,2838.0780910202234,1.0,1.0
2026-03-22T21:10:07.745-705391-712350,646,true,2.6130983485347286,1,2835.464992671689,1.0,0.0010000000000000009
2026-03-22T21:10:07.745-705391-712350,609,false,0.2311181658507372,1,2835.464992671689,1.0,1.0
2026-03-22T21:10:07.745-705391-712350,703,false,0.03496224719172578,1,2835.464992671689,1.0,1.0
2026-03-22T21:10:07.745-705391-712350,731,false,1.1137209806628716,1,2835.464992671689,1.0,1.0
2026-03-22T21:10:07.745-705391-712350,849,false,0.17004464050548815,1,2835.464992671689,1.0,1.0
2026-03-22T21:10:07.745-705391-712350,893,false,0.24291974517929102,1,2835.464992671689,1.0,1.0
2026-03-22T21:10:07.745-705391-712350,570,false,10.249156956946193,1,2835.464992671689,1.0,1.0
2026-03-22T21:10:07.745-705391-712350,223,true,14.794652988947151,1,2820.6703396827415,1.0,0.0
2026-03-22T21:10:07.745-705391-712350,826,true,9.030593792158262,1,2811.639745890583,1.0,0.019000000000000017
2026-03-22T21:10:07.745-705391-712350,969,false,1.6115539537944874,1,2811.639745890583,1.0,1.0
2026-03-22T21:10:07.745-705391-712350,716,false,12.478249788031414,1,2811.639745890583,1.0,1.0
2026-03-22T21:10:07.745-705391-712350,720,false,0.8613957798906664,1,2811.639745890583,1.0,1.0
2026-03-22T21:10:07.745-705391-712350,353,true,7.283520197008556,1,2804.3562256935747,1.0,0.852
2026-03-22T21:10:07.745-705391-712350,169,false,0.12228997530358464,1,2804.3562256935747,1.0,1.0
2026-03-22T21:10:07.745-705391-712350,872,false,0.31865268533278124,1,2804.3562256935747,1.0,1.0
2026-03-22T21:10:07.745-705391-712350,722,false,0.4276085057855987,1,2804.3562256935747,1.0,1.0
2026-03-22T21:10:07.745-705391-712350,88,false,5.448731167044563,1,2804.3562256935747,1.0,1.0
2026-03-22T21:10:07.745-705391-712350,203,false,4.3751428470425,1,2804.3562256935747,1.0,1.0
2026-03-22T21:10:07.745-705391-712350,234,false,47.154121862049614,1,2804.3562256935747,1.0,1.0
2026-03-22T21:10:07.745-705391-712350,413,false,92.2408025707112,1,2804.3562256935747,1.0,1.0
2026-03-22T21:10:07.745-705391-712350,149,false,8.677569394295245,1,2804.3562256935747,1.0,1.0
2026-03-22T21:10:07.745-705391-712350,949,false,0.07600120789018865,1,2804.3562256935747,1.0,1.0
2026-03-22T21:10:07.745-705391-712350,109,false,22.38614626683396,1,2804.3562256935747,1.0,1.0
2026-03-22T21:10:07.745-705391-712350,284,false,0.7188960177886009,1,2804.3562256935747,1.0,1.0
2026-03-22T21:10:07.745-705391-712350,481,false,0.3594958920403815,1,2804.3562256935747,1.0,1.0
2026-03-22T21:10:07.745-705391-712350,41,true,8.5102974805684,1,2795.845928213006,1.0,0.0
2026-03-22T21:10:07.745-705391-712350,773,false,0.37150451081786506,1,2795.845928213006,1.0,1.0
2026-03-22T21:10:07.745-705391-712350,280,false,1.5990784061136802,1,2795.845928213006,1.0,1.0
2026-03-22T21:10:07.745-705391-712350,805,false,0.4263283779697809,1,2795.845928213006,1.0,1.0
2026-03-22T21:10:07.745-705391-712350,436,false,3.655807324511779,1,2795.845928213006,1.0,1.0
2026-03-22T21:10:07.745-705391-712350,189,true,0.3851920614042378,1,2795.460736151602,1.0,0.0
2026-03-22T21:10:07.745-705391-712350,276,false,0.781325525687858,1,2795.460736151602,1.0,1.0
2026-03-22T21:10:07.745-705391-712350,232,true,5.959537967209211,1,2789.5011981843927,1.0,0.0
2026-03-22T21:10:07.745-705391-712350,739,false,48.634728033038165,1,2789.5011981843927,1.0,1.0
2026-03-22T21:10:07.745-705391-712350,855,false,8.255640940477324,1,2789.5011981843927,1.0,1.0
2026-03-22T21:10:07.745-705391-712350,906,false,2.5605554101314416,1,2789.5011981843927,1.0,1.0
2026-03-22T21:10:07.745-705391-712350,887,false,3.5501642588508604,1,2789.5011981843927,1.0,1.0
2026-03-22T21:10:07.745-705391-712350,537,false,31.106940061892384,1,2789.5011981843927,1.0,1.0
2026-03-22T21:10:07.745-705391-712350,480,false,3.9075117518921014,1,2789.5011981843927,1.0,1.0
2026-03-22T21:10:07.745-705391-712350,565,false,0.4492322018391292,1,2789.5011981843927,1.0,1.0
2026-03-22T21:10:07.745-705391-712350,211,false,0.621961997381977,1,2789.5011981843927,1.0,1.0
2026-03-22T21:10:07.745-705391-712350,562,false,1.028040907256136,1,2789.5011981843927,1.0,1.0
2026-03-22T21:10:07.745-705391-712350,241,false,17.791497931246862,1,2789.5011981843927,1.0,1.0
2026-03-22T21:10:07.745-705391-712350,173,true,0.7181792522544402,1,2788.7830189321385,1.0,0.859
2026-03-22T21:10:07.745-705391-712350,790,false,0.40068496684155347,1,2788.7830189321385,1.0,1.0
2026-03-22T21:10:07.745-705391-712350,411,false,41.20129910375564,1,2788.7830189321385,1.0,1.0
2026-03-22T21:10:07.745-705391-712350,900,false,33.766046301811194,1,2788.7830189321385,1.0,1.0
2026-03-22T21:10:07.745-705391-712350,710,false,6.52095710935753,1,2788.7830189321385,1.0,1.0
2026-03-22T21:10:07.745-705391-712350,43,true,0.8698448689844943,1,2787.913174063154,1.0,0.0
2026-03-22T21:10:07.745-705391-712350,204,false,0.2684757607740775,1,2787.913174063154,1.0,1.0
2026-03-22T21:10:07.745-705391-712350,696,false,0.034466613698235726,1,2787.913174063154,1.0,1.0
2026-03-22T21:10:07.745-705391-712350,199,true,0.41385350904536333,1,2787.4993205541086,1.0,0.0
2026-03-22T21:10:07.745-705391-712350,664,true,0.3503910594696029,1,2787.148929494639,1.0,0.0
2026-03-22T21:10:07.745-705391-712350,315,true,2.8424137126354725,1,2784.3065157820038,1.0,0.0010000000000000009
2026-03-22T21:10:07.745-705391-712350,275,false,41.548547003477374,1,2784.3065157820038,1.0,1.0
2026-03-22T21:10:07.745-705391-712350,408,false,0.8874417940964936,1,2784.3065157820038,1.0,1.0
2026-03-22T21:10:07.745-705391-712350,972,false,2.278280159214959,1,2784.3065157820038,1.0,1.0
2026-03-22T21:10:07.745-705391-712350,832,true,21.01603879678058,1,2763.290476985223,1.0,0.0
2026-03-22T21:10:07.745-705391-712350,996,false,12.755798902525141,1,2763.290476985223,1.0,1.0
2026-03-22T21:10:07.745-705391-712350,270,false,0.2898114030003131,1,2763.290476985223,1.0,1.0
2026-03-22T21:10:07.745-705391-712350,412,false,20.852155149437117,1,2763.290476985223,1.0,1.0
2026-03-22T21:10:07.745-705391-712350,430,false,13.286296179875958,1,2763.290476985223,1.0,1.0
2026-03-22T21:10:07.745-705391-712350,938,true,14.036688990655662,1,2749.253787994567,1.0,0.863
2026-03-22T21:10:07.745-705391-712350,424,false,0.25739216766247125,1,2749.253787994567,1.0,1.0
2026-03-22T21:10:07.745-705391-712350,476,false,8.26392958353601,1,2749.253787994567,1.0,1.0
2026-03-22T21:10:07.745-705391-712350,770,true,15.474928313306654,1,2733.7788596812607,1.0,0.0010000000000000009
2026-03-22T21:10:07.745-705391-712350,924,false,19.729885475883602,1,2733.7788596812607,1.0,1.0
2026-03-22T21:10:07.745-705391-712350,735,false,0.393313878790096,1,2733.7788596812607,1.0,1.0
2026-03-22T21:10:07.745-705391-712350,215,false,0.23049624596400156,1,2733.7788596812607,1.0,1.0
2026-03-22T21:10:07.745-705391-712350,878,false,0.38618886459508694,1,2733.7788596812607,1.0,1.0
2026-03-22T21:10:07.745-705391-712350,553,false,363.9031022723775,1,2733.7788596812607,1.0,1.0
2026-03-22T21:10:07.745-705391-712350,310,false,0.24180882969340634,1,2733.7788596812607,1.0,1.0
2026-03-22T21:10:07.745-705391-712350,108,false,5.906853219771336,1,2733.7788596812607,1.0,1.0
2026-03-22T21:10:07.745-705391-712350,312,true,11.861556838198577,1,2721.917302843062,1.0,0.935
2026-03-22T21:10:07.745-705391-712350,359,false,0.44272848459536723,1,2721.917302843062,1.0,1.0
2026-03-22T21:10:07.745-705391-712350,331,false,0.20708443366499946,1,2721.917302843062,1.0,1.0
2026-03-22T21:10:07.745-705391-712350,446,false,9.67957980576936,1,2721.917302843062,1.0,1.0
2026-03-22T21:10:07.745-705391-712350,494,false,1020.8571526357057,1,2721.917302843062,1.0,1.0
2026-03-22T21:10:07.745-705391-712350,764,true,2.370592721823537,1,2719.5467101212384,1.0,0.0
2026-03-22T21:10:07.745-705391-712350,635,true,0.431077909853368,1,2719.115632211385,1.0,0.0
2026-03-22T21:10:07.745-705391-712350,295,false,0.2531116784691171,1,2719.115632211385,1.0,1.0
2026-03-22T21:10:07.745-705391-712350,693,false,1.6077857168207828,1,2719.115632211385,1.0,1.0
2026-03-22T21:10:07.745-705391-712350,937,true,4.675348247321787,1,2714.4402839640634,1.0,0.0010000000000000009
2026-03-22T21:10:07.745-705391-712350,28,false,0.06684698676473981,1,2714.4402839640634,1.0,1.0
2026-03-22T21:10:07.745-705391-712350,653,false,0.5993285559341995,1,2714.4402839640634,1.0,1.0
2026-03-22T21:10:07.745-705391-712350,689,false,17.682292349923937,1,2714.4402839640634,1.0,1.0
2026-03-22T21:10:07.745-705391-712350,917,true,2.486656848439989,1,2711.9536271156235,1.0,0.866
2026-03-22T21:10:07.745-705391-712350,717,false,7.205660765163737,1,2711.9536271156235,1.0,1.0
2026-03-22T21:10:07.745-705391-712350,414,false,0.6494158637702558,1,2711.9536271156235,1.0,1.0
2026-03-22T21:10:07.745-705391-712350,795,false,5.498839840810027,1,2711.9536271156235,1.0,1.0
2026-03-22T21:10:07.745-705391-712350,386,true,0.5041869497397752,1,2711.4494401658835,1.0,0.7130000000000001
2026-03-22T21:10:07.745-705391-712350,749,false,2.470333156901956,1,2711.4494401658835,1.0,1.0
2026-03-22T21:10:07.745-705391-712350,4,false,3.435811222352665,1,2711.4494401658835,1.0,1.0
2026-03-22T21:10:07.745-705391-712350,915,true,31.791887634963707,1,2679.65755253092,1.0,0.6990000000000001
2026-03-22T21:10:07.745-705391-712350,873,false,1.6366905165633518,1,2679.65755253092,1.0,1.0
2026-03-22T21:10:07.745-705391-712350,707,false,0.08808486427235963,1,2679.65755253092,1.0,1.0
2026-03-22T21:10:07.745-705391-712350,572,false,2.9323128231377353,1,2679.65755253092,1.0,1.0
2026-03-22T21:10:07.745-705391-712350,177,false,1.2994050640278312,1,2679.65755253092,1.0,1.0
2026-03-22T21:10:07.745-705391-712350,399,false,3.457405009172285,1,2679.65755253092,1.0,1.0
2026-03-22T21:10:07.745-705391-712350,706,false,0.13542930680693874,1,2679.65755253092,1.0,1.0
2026-03-22T21:10:07.745-705391-712350,206,false,0.8772221888712277,1,2679.65755253092,1.0,1.0
2026-03-22T21:10:07.745-705391-712350,135,false,0.32390122685375367,1,2679.65755253092,1.0,1.0
2026-03-22T21:10:07.745-705391-712350,374,false,264.9111207472448,1,2679.65755253092,1.0,1.0
2026-03-22T21:10:07.745-705391-712350,334,false,0.10910484515440032,1,2679.65755253092,1.0,1.0
2026-03-22T21:10:07.745-705391-712350,781,false,46.592005853464,1,2679.65755253092,1.0,1.0
2026-03-22T21:10:07.745-705391-712350,214,false,3.8876948796416233,1,2679.65755253092,1.0,1.0
2026-03-22T21:10:07.745-705391-712350,278,false,3.3058669967683323,1,2679.65755253092,1.0,1.0
2026-03-22T21:10:07.745-705391-712350,144,false,4.555208240196926,1,2679.65755253092,1.0,1.0
2026-03-22T21:10:07.745-705391-712350,817,false,0.2891691968241543,1,2679.65755253092,1.0,1.0
2026-03-22T21:10:07.745-705391-712350,142,false,7.534283353306548,1,2679.65755253092,1.0,1.0
2026-03-22T21:10:07.745-705391-712350,956,false,132.95042693984726,1,2679.65755253092,1.0,1.0
2026-03-22T21:10:07.745-705391-712350,300,false,0.06273962160624028,1,2679.65755253092,1.0,1.0
2026-03-22T21:10:07.745-705391-712350,364,false,0.8858721986548278,1,2679.65755253092,1.0,1.0
2026-03-22T21:10:07.745-705391-712350,847,false,0.5891477485878618,1,2679.65755253092,1.0,1.0
2026-03-22T21:10:07.745-705391-712350,824,true,2.814339121053035,1,2676.843213409867,1.0,0.7170000000000001
2026-03-22T21:10:07.745-705391-712350,984,false,0.571329801408348,1,2676.843213409867,1.0,1.0
2026-03-22T21:10:07.745-705391-712350,164,false,0.5171648777964695,1,2676.843213409867,1.0,1.0
2026-03-22T21:10:07.745-705391-712350,836,true,18.908690411212127,1,2657.9345229986548,1.0,0.0010000000000000009
2026-03-22T21:10:07.745-705391-712350,298,false,56.44318263337562,1,2657.9345229986548,1.0,1.0
2026-03-22T21:10:07.745-705391-712350,973,false,36.935968713396555,1,2657.9345229986548,1.0,1.0
2026-03-22T21:10:07.745-705391-712350,179,false,1.3887444873454018,1,2657.9345229986548,1.0,1.0
2026-03-22T21:10:07.745-705391-712350,662,true,68.29993060218092,1,2589.6345923964736,1.0,0.0010000000000000009
2026-03-22T21:10:07.745-705391-712350,789,false,1.0876706399673974,1,2589.6345923964736,1.0,1.0
2026-03-22T21:10:07.745-705391-712350,365,false,6.936500779413696,1,2589.6345923964736,1.0,1.0
2026-03-22T21:10:07.745-705391-712350,355,true,1.2002373347498796,1,2588.4343550617236,1.0,0.867
2026-03-22T21:10:07.745-705391-712350,21,false,13.869764927513152,1,2588.4343550617236,1.0,1.0
2026-03-22T21:10:07.745-705391-712350,376,false,0.058011716858659974,1,2588.4343550617236,1.0,1.0
2026-03-22T21:10:07.745-705391-712350,291,false,29.49733093406343,1,2588.4343550617236,1.0,1.0
2026-03-22T21:10:07.745-705391-712350,967,false,8.935583025747338,1,2588.4343550617236,1.0,1.0
2026-03-22T21:10:07.745-705391-712350,95,false,1.1592071685792267,1,2588.4343550617236,1.0,1.0
2026-03-22T21:10:07.745-705391-712350,30,true,11.727948654106642,1,2576.706406407617,1.0,0.0020000000000000018
2026-03-22T21:10:07.745-705391-712350,865,false,0.5447497573560545,1,2576.706406407617,1.0,1.0
2026-03-22T21:10:07.745-705391-712350,360,false,1.6975555470038177,1,2576.706406407617,1.0,1.0
2026-03-22T21:10:07.745-705391-712350,813,false,0.6526505319886574,1,2576.706406407617,1.0,1.0
2026-03-22T21:10:07.745-705391-712350,267,false,3.639532011257398,1,2576.706406407617,1.0,1.0
2026-03-22T21:10:07.745-705391-712350,184,true,0.9026664202446166,1,2575.8037399873724,1.0,0.726
2026-03-22T21:10:07.745-705391-712350,167,false,0.24342499043637503,1,2575.8037399873724,1.0,1.0
2026-03-22T21:10:07.745-705391-712350,861,false,7.850110638342334,1,2575.8037399873724,1.0,1.0
2026-03-22T21:10:07.745-705391-712350,152,false,6.300714868000377,1,2575.8037399873724,1.0,1.0
2026-03-22T21:10:07.745-705391-712350,785,false,11.260039734350967,1,2575.8037399873724,1.0,1.0
2026-03-22T21:10:07.745-705391-712350,610,false,9.92958990052836,1,2575.8037399873724,1.0,1.0
2026-03-22T21:10:07.745-705391-712350,462,false,4.5768851432343745,1,2575.8037399873724,1.0,1.0
2026-03-22T21:10:07.745-705391-712350,178,false,0.9336481761435554,1,2575.8037399873724,1.0,1.0
2026-03-22T21:10:07.745-705391-712350,396,false,102.60196841149454,1,2575.8037399873724,1.0,1.0
2026-03-22T21:10:07.745-705391-712350,779,false,24.033646154706563,1,2575.8037399873724,1.0,1.0
2026-03-22T21:10:07.745-705391-712350,426,false,0.8535671304764344,1,2575.8037399873724,1.0,1.0
2026-03-22T21:10:07.745-705391-712350,454,false,31.0586844735249,1,2575.8037399873724,1.0,1.0
2026-03-22T21:10:07.745-705391-712350,700,false,54.60795151752243,1,2575.8037399873724,1.0,1.0
2026-03-22T21:10:07.745-705391-712350,434,false,4.507604693979131,1,2575.8037399873724,1.0,1.0
2026-03-22T21:10:07.745-705391-712350,821,true,0.4440725807334803,1,2575.359667406639,1.0,0.869
2026-03-22T21:10:07.745-705391-712350,221,true,588.728943788081,1,1986.630723618558,1.0,0.0
2026-03-22T21:10:07.745-705391-712350,950,true,0.2906942194386634,1,1986.3400293991194,1.0,0.0020000000000000018
2026-03-22T21:10:07.745-705391-712350,624,false,3.795219686845285,1,1986.3400293991194,1.0,1.0
2026-03-22T21:10:07.745-705391-712350,166,false,1.069076404543371,1,1986.3400293991194,1.0,1.0
2026-03-22T21:10:07.745-705391-712350,263,false,9.217302847751737,1,1986.3400293991194,1.0,1.0
2026-03-22T21:10:07.745-705391-712350,834,true,95.63917128174496,1,1890.7008581173745,1.0,0.0
2026-03-22T21:10:07.745-705391-712350,680,false,0.6537951573227191,1,1890.7008581173745,1.0,1.0
2026-03-22T21:10:07.745-705391-712350,3,false,6.930616170909713,1,1890.7008581173745,1.0,1.0
2026-03-22T21:10:07.745-705391-712350,850,false,0.25874147035601086,1,1890.7008581173745,1.0,1.0
2026-03-22T21:10:07.745-705391-712350,195,true,105.57849673604775,1,1785.1223613813268,1.0,0.0
2026-03-22T21:10:07.745-705391-712350,361,false,7.328913931662084,1,1785.1223613813268,1.0,1.0
2026-03-22T21:10:07.745-705391-712350,246,false,1.286228495518437,1,1785.1223613813268,1.0,1.0
2026-03-22T21:10:07.745-705391-712350,890,false,0.33303708334343596,1,1785.1223613813268,1.0,1.0
2026-03-22T21:10:07.745-705391-712350,346,false,0.5001444615036272,1,1785.1223613813268,1.0,1.0
2026-03-22T21:10:07.745-705391-712350,31,true,59.81146328105262,1,1725.3108981002742,1.0,0.0
2026-03-22T21:10:07.745-705391-712350,499,false,0.7650697545554068,1,1725.3108981002742,1.0,1.0
2026-03-22T21:10:07.745-705391-712350,651,false,140.3452938812975,1,1725.3108981002742,1.0,1.0
2026-03-22T21:10:07.745-705391-712350,29,true,0.35202063291612845,1,1724.9588774673582,1.0,0.0
2026-03-22T21:10:07.745-705391-712350,907,false,0.5855526464476795,1,1724.9588774673582,1.0,1.0
2026-03-22T21:10:07.745-705391-712350,261,false,203.8397960736547,1,1724.9588774673582,1.0,1.0
2026-03-22T21:10:07.745-705391-712350,505,false,0.3428680340133247,1,1724.9588774673582,1.0,1.0
2026-03-22T21:10:07.745-705391-712350,851,false,18.437147832707378,1,1724.9588774673582,1.0,1.0
2026-03-22T21:10:07.745-705391-712350,784,false,8.892495807546766,1,1724.9588774673582,1.0,1.0
2026-03-22T21:10:07.745-705391-712350,580,false,0.6216487695721509,1,1724.9588774673582,1.0,1.0
2026-03-22T21:10:07.745-705391-712350,161,false,1.6987202713943255,1,1724.9588774673582,1.0,1.0
2026-03-22T21:10:07.745-705391-712350,185,true,19.355647167142884,1,1705.6032303002153,1.0,0.0
2026-03-22T21:10:07.745-705391-712350,639,true,1.2066080919693882,1,1704.3966222082458,1.0,0.0
2026-03-22T21:10:07.745-705391-712350,803,false,2.0893216216558934,1,1704.3966222082458,1.0,1.0
2026-03-22T21:10:07.745-705391-712350,776,false,5.3252095319409465,1,1704.3966222082458,1.0,1.0
2026-03-22T21:10:07.745-705391-712350,272,false,0.3689128905940395,1,1704.3966222082458,1.0,1.0
2026-03-22T21:10:07.745-705391-712350,325,true,0.2927720760118918,1,1704.103850132234,1.0,0.72
2026-03-22T21:10:07.745-705391-712350,683,false,2.0619587589393937,1,1704.103850132234,1.0,1.0
2026-03-22T21:10:07.745-705391-712350,692,false,0.9318645408584387,1,1704.103850132234,1.0,1.0
2026-03-22T21:10:07.745-705391-712350,668,true,3.3210121096341036,1,1700.7828380226,1.0,0.0
2026-03-22T21:10:07.745-705391-712350,939,true,0.5382403764566931,1,1700.2445976461431,1.0,0.0
2026-03-22T21:10:07.745-705391-712350,484,false,2.258358936191398,1,1700.2445976461431,1.0,1.0
2026-03-22T21:10:07.745-705391-712350,869,false,21.47724613620119,1,1700.2445976461431,1.0,1.0
2026-03-22T21:10:07.745-705391-712350,892,false,50.624670525885286,1,1700.2445976461431,1.0,1.0
2026-03-22T21:10:07.745-705391-712350,314,true,16.640510062044957,1,1683.6040875840981,1.0,0.0
2026-03-22T21:10:07.745-705391-712350,338,false,49.02540082535722,1,1683.6040875840981,1.0,1.0
2026-03-22T21:10:07.745-705391-712350,930,false,1.045767779584904,1,1683.6040875840981,1.0,1.0
2026-03-22T21:10:07.745-705391-712350,7,false,2.3807179149716826,1,1683.6040875840981,1.0,1.0
2026-03-22T21:10:07.745-705391-712350,94,false,0.8551931004928124,1,1683.6040875840981,1.0,1.0
2026-03-22T21:10:07.745-705391-712350,575,false,1.1033160979637278,1,1683.6040875840981,1.0,1.0
2026-03-22T21:10:07.745-705391-712350,584,false,3.839632660076494,1,1683.6040875840981,1.0,1.0
2026-03-22T21:10:07.745-705391-712350,104,false,1.4282404731212308,1,1683.6040875840981,1.0,1.0
2026-03-22T21:10:07.745-705391-712350,293,false,0.42200143606189183,1,1683.6040875840981,1.0,1.0
2026-03-22T21:10:07.745-705391-712350,422,false,34.02637833378249,1,1683.6040875840981,1.0,1.0
2026-03-22T21:10:07.745-705391-712350,60,true,2.005769316020363,1,1681.5983182680777,1.0,0.927
2026-03-22T21:10:07.745-705391-712350,237,false,0.8128755751266646,1,1681.5983182680777,1.0,1.0
2026-03-22T21:10:07.745-705391-712350,467,false,4.141502142475956,1,1681.5983182680777,1.0,1.0
2026-03-22T21:10:07.745-705391-712350,983,false,0.25346212988914496,1,1681.5983182680777,1.0,1.0
2026-03-22T21:10:07.745-705391-712350,122,false,11.44897463181801,1,1681.5983182680777,1.0,1.0
2026-03-22T21:10:07.745-705391-712350,649,true,23.48602079670801,1,1658.1122974713696,1.0,0.704
2026-03-22T21:10:07.745-705391-712350,242,false,0.43299125113337894,1,1658.1122974713696,1.0,1.0
2026-03-22T21:10:07.745-705391-712350,633,true,6.003765458193208,1,1652.1085320131765,1.0,0.027000000000000024
2026-03-22T21:10:07.745-705391-712350,367,false,3.1798947218385227,1,1652.1085320131765,1.0,1.0
2026-03-22T21:10:07.745-705391-712350,12,false,1.6385076729832933,1,1652.1085320131765,1.0,1.0
2026-03-22T21:10:07.745-705391-712350,644,true,3.5750863792980745,1,1648.5334456338785,1.0,0.0
2026-03-22T21:10:07.745-705391-712350,840,false,0.019682003790160375,1,1648.5334456338785,1.0,1.0
2026-03-22T21:10:07.745-705391-712350,491,false,1.0627405419721645,1,1648.5334456338785,1.0,1.0
2026-03-22T21:10:07.745-705391-712350,771,true,3.3252845588224904,1,1645.208161075056,1.0,0.0010000000000000009
2026-03-22T21:10:07.745-705391-712350,444,false,0.1571131779473026,1,1645.208161075056,1.0,1.0
2026-03-22T21:10:07.745-705391-712350,457,false,5.136082121154161,1,1645.208161075056,1.0,1.0
2026-03-22T21:10:07.745-705391-712350,37,true,3.7710278259098526,1,1641.4371332491462,1.0,0.0
2026-03-22T21:10:07.745-705391-712350,181,true,567.7160090852877,1,1073.7211241638583,1.0,0.526
2026-03-22T21:10:07.745-705391-712350,792,false,7.445796750017285,1,1073.7211241638583,1.0,1.0
2026-03-22T21:10:07.745-705391-712350,545,false,50.88935330654989,1,1073.7211241638583,1.0,1.0
2026-03-22T21:10:07.745-705391-712350,340,false,34.14583584571487,1,1073.7211241638583,1.0,1.0
2026-03-22T21:10:07.745-705391-712350,616,false,12.138612477148799,1,1073.7211241638583,1.0,1.0
2026-03-22T21:10:07.745-705391-712350,160,false,0.5135469057890681,1,1073.7211241638583,1.0,1.0
2026-03-22T21:10:07.745-705391-712350,350,true,1.5829671133067929,1,1072.1381570505516,1.0,0.712
2026-03-22T21:10:07.745-705391-712350,755,true,143.17145650812623,1,928.9667005424254,1.0,0.667
2026-03-22T21:10:07.745-705391-712350,886,false,70.74056312038397,1,928.9667005424254,1.0,1.0
2026-03-22T21:10:07.745-705391-712350,636,true,37.89181026693182,1,891.0748902754937,1.0,0.0
2026-03-22T21:10:07.745-705391-712350,447,false,2.284494438978894,1,891.0748902754937,1.0,1.0
2026-03-22T21:10:07.745-705391-712350,253,false,2.4707874685426034,1,891.0748902754937,1.0,1.0
2026-03-22T21:10:07.745-705391-712350,519,false,0.025995074236575558,1,891.0748902754937,1.0,1.0
2026-03-22T21:10:07.745-705391-712350,63,true,28.111636395315994,1,862.9632538801777,1.0,0.692
2026-03-22T21:10:07.745-705391-712350,903,false,3.1867495351261153,1,862.9632538801777,1.0,1.0
2026-03-22T21:10:07.745-705391-712350,431,false,2.8026692052520756,1,862.9632538801777,1.0,1.0
2026-03-22T21:10:07.745-705391-712350,1000,false,3.887490649058654,1,862.9632538801777,1.0,1.0
2026-03-22T21:10:07.745-705391-712350,601,false,37.10926947410101,1,862.9632538801777,1.0,1.0
2026-03-22T21:10:07.745-705391-712350,569,false,0.3163819823969464,1,862.9632538801777,1.0,1.0
2026-03-22T21:10:07.745-705391-712350,99,false,13.984741621128249,1,862.9632538801777,1.0,1.0
2026-03-22T21:10:07.745-705391-712350,65,true,6.081843299893097,1,856.8814105802846,1.0,0.862
2026-03-22T21:10:07.745-705391-712350,808,false,6.275885636469353,1,856.8814105802846,1.0,1.0
2026-03-22T21:10:07.745-705391-712350,175,true,6.485573739790171,1,850.3958368404944,1.0,0.869
2026-03-22T21:10:07.745-705391-712350,157,false,6.945173575160431,1,850.3958368404944,1.0,1.0
2026-03-22T21:10:07.745-705391-712350,478,false,1.303900991699101,1,850.3958368404944,1.0,1.0
2026-03-22T21:10:07.745-705391-712350,788,false,3.9560297856669484,1,850.3958368404944,1.0,1.0
2026-03-22T21:10:07.745-705391-712350,971,false,1.0963477848874958,1,850.3958368404944,1.0,1.0
2026-03-22T21:10:07.745-705391-712350,928,false,5.856659157946014,1,850.3958368404944,1.0,1.0
2026-03-22T21:10:07.745-705391-712350,333,false,1.6399584727512722,1,850.3958368404944,1.0,1.0
2026-03-22T21:10:07.745-705391-712350,191,true,10.485205469266427,1,839.910631371228,1.0,0.0
2026-03-22T21:10:07.745-705391-712350,625,false,7.753171669860294,1,839.910631371228,1.0,1.0
2026-03-22T21:10:07.745-705391-712350,330,false,2.761432585646215,1,839.910631371228,1.0,1.0
2026-03-22T21:10:07.745-705391-712350,628,false,145.83362233944314,1,839.910631371228,1.0,1.0
2026-03-22T21:10:07.745-705391-712350,582,false,0.6689568352778574,1,839.910631371228,1.0,1.0
2026-03-22T21:10:07.745-705391-712350,539,false,10.32152490600892,1,839.910631371228,1.0,1.0
2026-03-22T21:10:07.745-705391-712350,417,false,1.9030534865633018,1,839.910631371228,1.0,1.0
2026-03-22T21:10:07.745-705391-712350,401,false,0.0440146272458555,1,839.910631371228,1.0,1.0
2026-03-22T21:10:07.745-705391-712350,596,false,6.31556695099873,1,839.910631371228,1.0,1.0
2026-03-22T21:10:07.745-705391-712350,61,true,0.3032919231341881,1,839.6073394480937,1.0,0.0020000000000000018
2026-03-22T21:10:07.745-705391-712350,884,false,0.6971444917764155,1,839.6073394480937,1.0,1.0
2026-03-22T21:10:07.745-705391-712350,837,false,0.12885729389295025,1,839.6073394480937,1.0,1.0
2026-03-22T21:10:07.745-705391-712350,677,false,34.13270641472483,1,839.6073394480937,1.0,1.0
2026-03-22T21:10:07.745-705391-712350,40,true,3.7797845997214834,1,835.8275548483723,1.0,0.0
2026-03-22T21:10:07.745-705391-712350,45,true,38.47361568059578,1,797.3539391677765,1.0,0.0
2026-03-22T21:10:07.745-705391-712350,547,false,12.206271045826911,1,797.3539391677765,1.0,1.0
2026-03-22T21:10:07.745-705391-712350,823,true,0.5538270127985354,1,796.800112154978,1.0,0.0
2026-03-22T21:10:07.745-705391-712350,322,true,10.202953136642682,1,786.5971590183353,1.0,0.0
2026-03-22T21:10:07.745-705391-712350,176,true,7.549436655045313,1,779.0477223632901,1.0,0.017000000000000015
2026-03-22T21:10:07.745-705391-712350,442,false,1.7332848364845632,1,779.0477223632901,1.0,1.0
2026-03-22T21:10:07.745-705391-712350,274,false,28.34782510249173,1,779.0477223632901,1.0,1.0
2026-03-22T21:10:07.745-705391-712350,410,false,5.900503931165975,1,779.0477223632901,1.0,1.0
2026-03-22T21:10:07.745-705391-712350,600,false,1.16965876734914,1,779.0477223632901,1.0,1.0
2026-03-22T21:10:07.745-705391-712350,812,false,38.66080430465538,1,779.0477223632901,1.0,1.0
2026-03-22T21:10:07.745-705391-712350,839,true,11.421199157243617,1,767.6265232060465,1.0,0.735
2026-03-22T21:10:07.745-705391-712350,370,false,0.455275066291987,1,767.6265232060465,1.0,1.0
2026-03-22T21:10:07.745-705391-712350,765,true,0.5987487283683178,1,767.0277744776782,1.0,0.0
2026-03-22T21:10:07.745-705391-712350,860,false,0.3946802986031587,1,767.0277744776782,1.0,1.0
2026-03-22T21:10:07.745-705391-712350,753,true,0.25270525260846893,1,766.7750692250697,1.0,0.667
2026-03-22T21:10:07.745-705391-712350,35,true,13.95902538344086,1,752.8160438416289,1.0,0.0
2026-03-22T21:10:07.745-705391-712350,77,false,3.6814451554921326,1,752.8160438416289,1.0,1.0
2026-03-22T21:10:07.745-705391-712350,889,true,3.243501456929971,1,749.572542384699,1.0,0.945
2026-03-22T21:10:07.745-705391-712350,506,false,2.016889607666353,1,749.572542384699,1.0,1.0
2026-03-22T21:10:07.745-705391-712350,752,true,0.49981598590001036,1,749.072726398799,1.0,0.0
2026-03-22T21:10:07.745-705391-712350,941,true,6.785153311060745,1,742.2875730877382,1.0,0.0
2026-03-22T21:10:07.745-705391-712350,674,true,16.44124337621498,1,725.8463297115233,1.0,0.0
2026-03-22T21:10:07.745-705391-712350,678,false,4.83414074530609,1,725.8463297115233,1.0,1.0
2026-03-22T21:10:07.745-705391-712350,960,false,33.35551661313415,1,725.8463297115233,1.0,1.0
2026-03-22T21:10:07.745-705391-712350,974,false,2.3838322435756942,1,725.8463297115233,1.0,1.0
2026-03-22T21:10:07.745-705391-712350,381,true,6.550136177952692,1,719.2961935335705,1.0,0.722
2026-03-22T21:10:07.745-705391-712350,825,true,113.49500299220496,1,605.8011905413656,1.0,0.0
2026-03-22T21:10:07.745-705391-712350,202,true,2.5614687797113977,1,603.2397217616542,1.0,0.733
2026-03-22T21:10:07.745-705391-712350,266,false,1.7549288082012011,1,603.2397217616542,1.0,1.0
2026-03-22T21:10:07.745-705391-712350,640,true,16.008411367355237,1,587.2313103942989,1.0,0.0
2026-03-22T21:10:07.745-705391-712350,343,false,3.262891709520272,1,587.2313103942989,1.0,1.0
2026-03-22T21:10:07.745-705391-712350,354,false,0.0870060957948659,1,587.2313103942989,1.0,1.0
2026-03-22T21:10:07.745-705391-712350,725,false,84.8706771520772,1,587.2313103942989,1.0,1.0
2026-03-22T21:10:07.745-705391-712350,368,false,0.006424366577212016,1,587.2313103942989,1.0,1.0
2026-03-22T21:10:07.745-705391-712350,848,false,2.3634477488505445,1,587.2313103942989,1.0,1.0
2026-03-22T21:10:07.745-705391-712350,669,true,14.217331758107363,1,573.0139786361916,1.0,0.0
2026-03-22T21:10:07.745-705391-712350,841,true,0.9622911050202765,1,572.0516875311713,1.0,0.858
2026-03-22T21:10:07.745-705391-712350,213,false,0.8326578858009823,1,572.0516875311713,1.0,1.0
2026-03-22T21:10:07.745-705391-712350,809,false,0.6501838074642188,1,572.0516875311713,1.0,1.0
2026-03-22T21:10:07.745-705391-712350,819,true,4.452157267909671,1,567.5995302632616,1.0,0.688
2026-03-22T21:10:07.745-705391-712350,894,false,0.7882880832752737,1,567.5995302632616,1.0,1.0
2026-03-22T21:10:07.745-705391-712350,243,false,11.54780287532133,1,567.5995302632616,1.0,1.0
2026-03-22T21:10:07.745-705391-712350,220,true,573.2330433442321,1,-5.633513080970488,1.0,0.0
2026-03-22T21:10:07.745-455326-305895,568,true,0.33124653108726837,1,4595.421233403525,1.0,0.993
2026-03-22T21:10:07.745-455326-305895,215,true,11.345060785539525,1,4584.076172617985,1.0,0.99
2026-03-22T21:10:07.745-455326-305895,94,true,0.24465002967693386,1,4583.831522588308,1.0,0.995
2026-03-22T21:10:07.745-455326-305895,14,false,0.14384089511747628,1,4583.831522588308,1.0,1.0
2026-03-22T21:10:07.745-455326-305895,773,true,29.84994051115307,1,4553.981582077155,1.0,0.997
2026-03-22T21:10:07.745-455326-305895,364,true,28.90901389476218,1,4525.072568182392,1.0,0.994
2026-03-22T21:10:07.745-455326-305895,86,true,2.7764726528504604,1,4522.296095529542,1.0,0.989
2026-03-22T21:10:07.745-455326-305895,485,true,23.858861110935628,1,4498.437234418607,1.0,0.993
2026-03-22T21:10:07.745-455326-305895,83,true,1.8339970831974661,1,4496.603237335409,1.0,0.753
2026-03-22T21:10:07.745-455326-305895,28,true,2.9082693698494912,1,4493.69496796556,1.0,0.995
2026-03-22T21:10:07.745-455326-305895,818,true,4.926618407734346,1,4488.768349557826,1.0,0.991
2026-03-22T21:10:07.745-455326-305895,522,true,4.739125300838345,1,4484.029224256988,1.0,0.99
2026-03-22T21:10:07.745-455326-305895,168,true,0.3399329210643384,1,4483.689291335923,1.0,0.994
2026-03-22T21:10:07.745-455326-305895,104,false,0.08507463697670584,1,4483.689291335923,1.0,1.0
2026-03-22T21:10:07.745-455326-305895,754,true,162.18504888548242,1,4321.504242450441,1.0,0.996
2026-03-22T21:10:07.745-455326-305895,886,true,4.60388704468038,1,4316.900355405761,1.0,0.992
2026-03-22T21:10:07.745-455326-305895,217,true,6.360159831464542,1,4310.540195574296,1.0,0.745
2026-03-22T21:10:07.745-455326-305895,209,true,4.538290587477183,1,4306.001904986819,1.0,0.988
2026-03-22T21:10:07.745-455326-305895,611,false,0.07924846493304159,1,4306.001904986819,1.0,1.0
2026-03-22T21:10:07.745-455326-305895,560,false,0.14013975982661933,1,4306.001904986819,1.0,1.0
2026-03-22T21:10:07.745-455326-305895,23,true,42.84496534744814,1,4263.156939639371,1.0,0.99
2026-03-22T21:10:07.745-455326-305895,768,true,2.3845728724801587,1,4260.772366766891,1.0,0.991
2026-03-22T21:10:07.745-455326-305895,504,true,2.0165337360171547,1,4258.755833030874,1.0,0.996
2026-03-22T21:10:07.745-455326-305895,292,true,0.2160146281146797,1,4258.539818402759,1.0,0.991
2026-03-22T21:10:07.745-455326-305895,709,false,0.18808692974748203,1,4258.539818402759,1.0,1.0
2026-03-22T21:10:07.745-455326-305895,379,false,0.10044082532678707,1,4258.539818402759,1.0,1.0
2026-03-22T21:10:07.745-455326-305895,592,true,2.434388040259843,1,4256.105430362499,1.0,0.994
2026-03-22T21:10:07.745-455326-305895,490,true,2.63767645796057,1,4253.467753904538,1.0,0.995
2026-03-22T21:10:07.745-455326-305895,162,true,8.741299731908537,1,4244.726454172629,1.0,0.993
2026-03-22T21:10:07.745-455326-305895,132,true,1.277952199544194,1,4243.448501973085,1.0,0.99
2026-03-22T21:10:07.745-455326-305895,743,true,3.1160808007824166,1,4240.332421172302,1.0,0.995
2026-03-22T21:10:07.745-455326-305895,492,true,4.540307075965734,1,4235.792114096336,1.0,0.753
2026-03-22T21:10:07.745-455326-305895,951,true,0.30884821062640266,1,4235.483265885709,1.0,0.991
2026-03-22T21:10:07.745-455326-305895,915,true,4.827840866716584,1,4230.655425018993,1.0,0.991
2026-03-22T21:10:07.745-455326-305895,13,true,0.879844865298094,1,4229.775580153695,1.0,0.99
2026-03-22T21:10:07.745-455326-305895,467,true,2.6714714261203323,1,4227.104108727574,1.0,0.993
2026-03-22T21:10:07.745-455326-305895,646,true,3.1774226885776096,1,4223.926686038997,1.0,0.993
2026-03-22T21:10:07.745-455326-305895,778,true,5.721580684480314,1,4218.2051053545165,1.0,0.988
2026-03-22T21:10:07.745-455326-305895,550,true,10.885991480454676,1,4207.319113874062,1.0,0.995
2026-03-22T21:10:07.745-455326-305895,933,true,44.90253697893118,1,4162.416576895131,1.0,0.996
2026-03-22T21:10:07.745-455326-305895,437,true,28.971457716600803,1,4133.44511917853,1.0,0.992
2026-03-22T21:10:07.745-455326-305895,566,true,47.00358201870675,1,4086.4415371598234,1.0,0.773
2026-03-22T21:10:07.745-455326-305895,285,true,0.21492267267523352,1,4086.2266144871483,1.0,0.986
2026-03-22T21:10:07.745-455326-305895,358,true,0.6032450004951336,1,4085.6233694866532,1.0,0.988
2026-03-22T21:10:07.745-455326-305895,309,true,22.034334910326283,1,4063.589034576327,1.0,0.994
2026-03-22T21:10:07.745-455326-305895,445,true,0.38615311772610866,1,4063.2028814586006,1.0,0.992
2026-03-22T21:10:07.745-455326-305895,157,true,3.147173287123171,1,4060.0557081714774,1.0,0.994
2026-03-22T21:10:07.745-455326-305895,576,true,26.420131329492754,1,4033.6355768419844,1.0,0.988
2026-03-22T21:10:07.745-455326-305895,2,true,8.614210591033215,1,4025.0213662509514,1.0,0.991
2026-03-22T21:10:07.745-455326-305895,838,true,1.008841985020741,1,4024.0125242659306,1.0,0.986
2026-03-22T21:10:07.745-455326-305895,719,true,25.400432831509175,1,3998.6120914344215,1.0,0.992
2026-03-22T21:10:07.745-455326-305895,895,true,61.397477790983686,1,3937.2146136434376,1.0,0.984
2026-03-22T21:10:07.745-455326-305895,98,true,0.646798444675131,1,3936.5678151987627,1.0,0.986
2026-03-22T21:10:07.745-455326-305895,494,false,0.0673997909578897,1,3936.5678151987627,1.0,1.0
2026-03-22T21:10:07.745-455326-305895,984,true,9.437025281757991,1,3927.1307899170047,1.0,0.986
2026-03-22T21:10:07.745-455326-305895,8,true,14.688311572575666,1,3912.442478344429,1.0,0.99
2026-03-22T21:10:07.745-455326-305895,678,true,14.3317196921654,1,3898.110758652264,1.0,0.989
2026-03-22T21:10:07.745-455326-305895,402,true,15.539383020666389,1,3882.5713756315977,1.0,0.994
2026-03-22T21:10:07.745-455326-305895,274,true,1.257978385791102,1,3881.3133972458068,1.0,0.987
2026-03-22T21:10:07.745-455326-305895,526,true,18.223858234332287,1,3863.0895390114742,1.0,0.986
2026-03-22T21:10:07.745-455326-305895,854,true,5.165709238183492,1,3857.923829773291,1.0,0.992
2026-03-22T21:10:07.745-455326-305895,460,true,14.655790788965469,1,3843.2680389843254,1.0,0.996
2026-03-22T21:10:07.745-455326-305895,21,true,5.8959481391310495,1,3837.372090845194,1.0,0.758
2026-03-22T21:10:07.745-455326-305895,621,true,0.572836765918261,1,3836.799254079276,1.0,0.99
2026-03-22T21:10:07.745-455326-305895,924,true,48.27215088850979,1,3788.5271031907664,1.0,0.988
2026-03-22T21:10:07.745-455326-305895,491,true,4.819333652696481,1,3783.70776953807,1.0,0.22699999999999998
2026-03-22T21:10:07.745-455326-305895,150,false,0.17866351697868055,1,3783.70776953807,1.0,1.0
2026-03-22T21:10:07.745-455326-305895,275,true,3.180941264025023,1,3780.526828274045,1.0,0.742
2026-03-22T21:10:07.745-455326-305895,855,true,29.55901788596033,1,3750.9678103880847,1.0,0.812
2026-03-22T21:10:07.745-455326-305895,424,true,3.56999615208556,1,3747.3978142359992,1.0,0.991
2026-03-22T21:10:07.745-455326-305895,351,true,2.241982726582019,1,3745.155831509417,1.0,0.996
2026-03-22T21:10:07.745-455326-305895,203,true,2.7717009663474625,1,3742.3841305430697,1.0,0.991
2026-03-22T21:10:07.745-455326-305895,322,false,0.1751215205564163,1,3742.3841305430697,1.0,1.0
2026-03-22T21:10:07.745-455326-305895,991,true,5.847180911643443,1,3736.536949631426,1.0,0.992
2026-03-22T21:10:07.745-455326-305895,932,true,0.5298336096960744,1,3736.00711602173,1.0,0.745
2026-03-22T21:10:07.745-455326-305895,749,false,0.1979509058871827,1,3736.00711602173,1.0,1.0
2026-03-22T21:10:07.745-455326-305895,539,true,2.100606271943706,1,3733.906509749786,1.0,0.985
2026-03-22T21:10:07.745-455326-305895,753,true,0.4327530402976315,1,3733.4737567094885,1.0,0.729
2026-03-22T21:10:07.745-455326-305895,741,true,7.51393248741796,1,3725.9598242220704,1.0,0.745
2026-03-22T21:10:07.745-455326-305895,102,true,10.371481697162931,1,3715.5883425249076,1.0,0.986
2026-03-22T21:10:07.745-455326-305895,897,true,2.0143105223688007,1,3713.574032002539,1.0,0.724
2026-03-22T21:10:07.745-455326-305895,830,true,0.8862520712478882,1,3712.687779931291,1.0,0.994
2026-03-22T21:10:07.745-455326-305895,927,true,3.1794181777576593,1,3709.5083617535333,1.0,0.754
2026-03-22T21:10:07.745-455326-305895,643,true,0.7400457119077419,1,3708.7683160416254,1.0,0.84
2026-03-22T21:10:07.745-455326-305895,713,false,0.1353268681951309,1,3708.7683160416254,1.0,1.0
2026-03-22T21:10:07.745-455326-305895,391,true,1.6748940884214527,1,3707.093421953204,1.0,0.994
2026-03-22T21:10:07.745-455326-305895,300,true,0.3042314447071089,1,3706.789190508497,1.0,0.983
2026-03-22T21:10:07.745-455326-305895,696,true,0.2269335867074122,1,3706.56225692179,1.0,0.99
2026-03-22T21:10:07.745-455326-305895,811,true,11.811296706142809,1,3694.750960215647,1.0,0.996
2026-03-22T21:10:07.745-455326-305895,670,true,1.2419068979605281,1,3693.5090533176863,1.0,0.99
2026-03-22T21:10:07.745-455326-305895,115,true,8.075379823282619,1,3685.4336734944036,1.0,0.99
2026-03-22T21:10:07.745-455326-305895,516,true,122.2875898850854,1,3563.1460836093183,1.0,0.988
2026-03-22T21:10:07.745-455326-305895,952,true,34.11858786348336,1,3529.027495745835,1.0,0.718
2026-03-22T21:10:07.745-455326-305895,145,true,5.856563525639732,1,3523.1709322201955,1.0,0.99
2026-03-22T21:10:07.745-455326-305895,287,true,0.5382075398628413,1,3522.6327246803326,1.0,0.727
2026-03-22T21:10:07.745-455326-305895,420,true,1.5752405516686916,1,3521.057484128664,1.0,0.984
2026-03-22T21:10:07.745-455326-305895,117,true,45.87835121510532,1,3475.1791329135585,1.0,0.741
2026-03-22T21:10:07.745-455326-305895,861,true,4.818493570090278,1,3470.3606393434684,1.0,0.989
2026-03-22T21:10:07.745-455326-305895,996,true,42.365994389441,1,3427.9946449540275,1.0,0.99
2026-03-22T21:10:07.745-455326-305895,750,true,14.237575749445039,1,3413.7570692045824,1.0,0.759
2026-03-22T21:10:07.745-455326-305895,752,true,2.413039127415973,1,3411.3440300771663,1.0,0.0
2026-03-22T21:10:07.745-455326-305895,667,true,2.7846502461693303,1,3408.559379830997,1.0,0.77
2026-03-22T21:10:07.745-455326-305895,222,true,30.410559339532593,1,3378.1488204914644,1.0,0.987
2026-03-22T21:10:07.745-455326-305895,109,true,3.388867530750423,1,3374.759952960714,1.0,0.994
2026-03-22T21:10:07.745-455326-305895,272,true,2.2478045720768187,1,3372.5121483886373,1.0,0.07799999999999996
2026-03-22T21:10:07.745-455326-305895,857,true,8.39546034996175,1,3364.1166880386754,1.0,0.07299999999999995
2026-03-22T21:10:07.745-455326-305895,606,true,33.88615885174985,1,3330.2305291869257,1.0,0.996
2026-03-22T21:10:07.745-455326-305895,296,true,37.67280799377505,1,3292.5577211931504,1.0,0.992
2026-03-22T21:10:07.745-455326-305895,911,true,1.3260081454079786,1,3291.2317130477422,1.0,0.993
2026-03-22T21:10:07.745-455326-305895,30,true,0.7368603819220282,1,3290.4948526658204,1.0,0.76
2026-03-22T21:10:07.745-455326-305895,257,true,1.5586027331780945,1,3288.936249932642,1.0,0.996
2026-03-22T21:10:07.745-455326-305895,704,true,0.29939390512480696,1,3288.6368560275173,1.0,0.986
2026-03-22T21:10:07.745-455326-305895,546,true,3.017500741309157,1,3285.6193552862082,1.0,0.995
2026-03-22T21:10:07.745-455326-305895,523,true,7.106089334092827,1,3278.5132659521155,1.0,0.07299999999999995
2026-03-22T21:10:07.745-455326-305895,475,true,119.663070167286,1,3158.8501957848293,1.0,0.989
2026-03-22T21:10:07.745-455326-305895,906,true,5.185596529358062,1,3153.6645992554713,1.0,0.991
2026-03-22T21:10:07.745-455326-305895,755,true,18.442410271594618,1,3135.2221889838765,1.0,0.0
2026-03-22T21:10:07.745-455326-305895,901,false,0.09811170296505715,1,3135.2221889838765,1.0,1.0
2026-03-22T21:10:07.745-455326-305895,330,true,0.6211778214215129,1,3134.601011162455,1.0,0.992
2026-03-22T21:10:07.745-455326-305895,20,true,1.1547921134644268,1,3133.4462190489908,1.0,0.21899999999999997
2026-03-22T21:10:07.745-455326-305895,669,true,11.35056165458624,1,3122.0956573944045,1.0,0.07699999999999996
2026-03-22T21:10:07.745-455326-305895,515,true,0.36553411513661627,1,3121.730123279268,1.0,0.739
2026-03-22T21:10:07.745-455326-305895,564,true,7.10957534105275,1,3114.620547938215,1.0,0.389
2026-03-22T21:10:07.745-455326-305895,919,true,3.8930931986909427,1,3110.727454739524,1.0,0.991
2026-03-22T21:10:07.745-455326-305895,708,false,0.14870951578038072,1,3110.727454739524,1.0,1.0
2026-03-22T21:10:07.745-455326-305895,435,true,78.97956003965153,1,3031.7478946998726,1.0,0.75
2026-03-22T21:10:07.745-455326-305895,849,true,1.1935390204454395,1,3030.5543556794273,1.0,0.994
2026-03-22T21:10:07.745-455326-305895,533,false,0.18915157098174623,1,3030.5543556794273,1.0,1.0
2026-03-22T21:10:07.745-455326-305895,146,true,13.063437162076996,1,3017.49091851735,1.0,0.242
2026-03-22T21:10:07.745-455326-305895,432,true,0.5081224518222406,1,3016.982796065528,1.0,0.75
2026-03-22T21:10:07.745-455326-305895,636,true,18.85649013158808,1,2998.12630593394,1.0,0.99
2026-03-22T21:10:07.745-455326-305895,193,true,1.4589362908738168,1,2996.667369643066,1.0,0.983
2026-03-22T21:10:07.745-455326-305895,691,false,0.14158606161306966,1,2996.667369643066,1.0,1.0
2026-03-22T21:10:07.745-455326-305895,751,true,113.54898069786564,1,2883.1183889452004,1.0,0.0
2026-03-22T21:10:07.745-455326-305895,796,false,0.15720680502466267,1,2883.1183889452004,1.0,1.0
2026-03-22T21:10:07.745-455326-305895,276,true,1.3447007716730361,1,2881.7736881735273,1.0,0.06499999999999995
2026-03-22T21:10:07.745-455326-305895,342,true,3.497674281824318,1,2878.276013891703,1.0,0.996
2026-03-22T21:10:07.745-455326-305895,745,true,1.0322342040632182,1,2877.2437796876397,1.0,0.762
2026-03-22T21:10:07.745-455326-305895,595,true,57.53514677013538,1,2819.7086329175045,1.0,0.742
2026-03-22T21:10:07.745-455326-305895,148,true,0.2648913314058309,1,2819.4437415860984,1.0,0.08599999999999997
2026-03-22T21:10:07.745-455326-305895,831,false,0.12561932718359206,1,2819.4437415860984,1.0,1.0
2026-03-22T21:10:07.745-455326-305895,567,true,0.5306317131287961,1,2818.9131098729695,1.0,0.0
2026-03-22T21:10:07.745-455326-305895,816,true,1.8253440976098827,1,2817.0877657753595,1.0,0.75
2026-03-22T21:10:07.745-455326-305895,771,true,2.0140274915567864,1,2815.073738283803,1.0,0.06399999999999995
2026-03-22T21:10:07.745-455326-305895,973,true,1.0039747217428736,1,2814.06976356206,1.0,0.986
2026-03-22T21:10:07.745-455326-305895,340,true,50.42726135385057,1,2763.6425022082094,1.0,0.749
2026-03-22T21:10:07.745-455326-305895,860,true,0.29826223563962406,1,2763.34423997257,1.0,0.07299999999999995
2026-03-22T21:10:07.745-455326-305895,112,true,0.3277324903510568,1,2763.016507482219,1.0,0.07099999999999995
2026-03-22T21:10:07.745-455326-305895,123,false,0.026882044450676042,1,2763.016507482219,1.0,1.0
2026-03-22T21:10:07.745-455326-305895,665,true,64.21912478070885,1,2698.7973827015103,1.0,0.753
2026-03-22T21:10:07.745-455326-305895,736,true,0.8756442668983659,1,2697.921738434612,1.0,0.988
2026-03-22T21:10:07.745-455326-305895,227,true,6.156409180318183,1,2691.7653292542936,1.0,0.858
2026-03-22T21:10:07.745-455326-305895,220,true,12.341297348365448,1,2679.424031905928,1.0,0.06899999999999995
2026-03-22T21:10:07.745-455326-305895,140,true,0.544705563347988,1,2678.87932634258,1.0,0.988
2026-03-22T21:10:07.745-455326-305895,844,true,0.5953849768969843,1,2678.283941365683,1.0,0.994
2026-03-22T21:10:07.745-455326-305895,690,true,24.582773076865767,1,2653.7011682888174,1.0,0.993
2026-03-22T21:10:07.745-455326-305895,304,true,11.939556331092668,1,2641.7616119577247,1.0,0.992
2026-03-22T21:10:07.745-455326-305895,723,true,4.859134930261424,1,2636.902477027463,1.0,0.985
2026-03-22T21:10:07.745-455326-305895,552,true,16.742836860190213,1,2620.1596401672728,1.0,0.833
2026-03-22T21:10:07.745-455326-305895,671,true,4.215464942588956,1,2615.944175224684,1.0,0.22199999999999998
2026-03-22T21:10:07.745-455326-305895,318,true,0.22595468475430783,1,2615.7182205399295,1.0,0.739
2026-03-22T21:10:07.745-455326-305895,758,true,7.548179543620968,1,2608.1700409963087,1.0,0.756
2026-03-22T21:10:07.745-455326-305895,663,true,18.117252081219934,1,2590.0527889150885,1.0,0.741
2026-03-22T21:10:07.745-455326-305895,116,true,3.3311772095870853,1,2586.7216117055013,1.0,0.049000000000000044
2026-03-22T21:10:07.745-455326-305895,872,true,2.8115080112971786,1,2583.9101036942043,1.0,0.992
2026-03-22T21:10:07.745-455326-305895,947,true,15.177929080256797,1,2568.7321746139473,1.0,0.991
2026-03-22T21:10:07.745-455326-305895,698,false,0.00917422082531717,1,2568.7321746139473,1.0,1.0
2026-03-22T21:10:07.745-455326-305895,134,true,17.258641357952317,1,2551.473533255995,1.0,0.819
2026-03-22T21:10:07.745-455326-305895,770,true,2.6279369156624783,1,2548.8455963403326,1.0,0.0
2026-03-22T21:10:07.745-455326-305895,269,false,0.12718576922510907,1,2548.8455963403326,1.0,1.0
2026-03-22T21:10:07.745-455326-305895,198,true,2.8690687094889182,1,2545.9765276308435,1.0,0.985
2026-03-22T21:10:07.745-455326-305895,412,true,4.211262532597728,1,2541.765265098246,1.0,0.993
2026-03-22T21:10:07.745-455326-305895,453,true,1.279172865622355,1,2540.4860922326234,1.0,0.989
2026-03-22T21:10:07.745-455326-305895,679,true,1.2284652001449192,1,2539.2576270324785,1.0,0.758
2026-03-22T21:10:07.745-455326-305895,50,true,1.5193540165670172,1,2537.7382730159115,1.0,0.992
2026-03-22T21:10:07.745-455326-305895,195,false,0.0883791778323398,1,2537.7382730159115,1.0,1.0
2026-03-22T21:10:07.745-455326-305895,446,true,2.5266347148583908,1,2535.211638301053,1.0,0.751
2026-03-22T21:10:07.745-455326-305895,865,true,1.222237841927674,1,2533.989400459125,1.0,0.987
2026-03-22T21:10:07.745-455326-305895,396,true,0.4331922699230784,1,2533.556208189202,1.0,0.994
2026-03-22T21:10:07.745-455326-305895,701,true,9.126602191436207,1,2524.429605997766,1.0,0.762
2026-03-22T21:10:07.745-455326-305895,297,true,3.0472526925119845,1,2521.382353305254,1.0,0.05600000000000005
2026-03-22T21:10:07.745-455326-305895,609,true,17.43287842043514,1,2503.949474884819,1.0,0.746
2026-03-22T21:10:07.745-455326-305895,597,true,0.4257462072893399,1,2503.52372867753,1.0,0.751
2026-03-22T21:10:07.745-455326-305895,90,true,9.902345017686612,1,2493.6213836598436,1.0,0.831
2026-03-22T21:10:07.745-455326-305895,39,true,62.65066183459725,1,2430.9707218252465,1.0,0.991
2026-03-22T21:10:07.745-455326-305895,705,true,68.43599011548375,1,2362.5347317097626,1.0,0.756
2026-03-22T21:10:07.745-455326-305895,270,true,5.309428828256816,1,2357.2253028815057,1.0,0.738
2026-03-22T21:10:07.745-455326-305895,692,true,63.2861960071371,1,2293.9391068743685,1.0,0.738
2026-03-22T21:10:07.745-455326-305895,581,true,0.3132883172856218,1,2293.6258185570828,1.0,0.832
2026-03-22T21:10:07.745-455326-305895,184,false,0.2031149942772849,1,2293.6258185570828,1.0,1.0
2026-03-22T21:10:07.745-455326-305895,627,true,0.6518769207929801,1,2292.97394163629,1.0,0.993
2026-03-22T21:10:07.745-455326-305895,626,true,2.6743178917374473,1,2290.2996237445527,1.0,0.729
2026-03-22T21:10:07.745-455326-305895,779,true,0.2189653754861641,1,2290.0806583690664,1.0,0.757
2026-03-22T21:10:07.745-455326-305895,439,true,0.47100514697621343,1,2289.6096532220904,1.0,0.737
2026-03-22T21:10:07.745-455326-305895,462,true,0.5687999785688376,1,2289.0408532435217,1.0,0.375
2026-03-22T21:10:07.745-455326-305895,64,true,1.4057913316178559,1,2287.635061911904,1.0,0.993
2026-03-22T21:10:07.745-455326-305895,940,true,3.536991637322695,1,2284.098070274581,1.0,0.992
2026-03-22T21:10:07.745-455326-305895,804,true,4.601523495921032,1,2279.49654677866,1.0,0.744
2026-03-22T21:10:07.745-455326-305895,593,true,0.5633983875026084,1,2278.9331483911574,1.0,0.07399999999999995
2026-03-22T21:10:07.745-455326-305895,720,true,17.87940593122181,1,2261.0537424599356,1.0,0.06699999999999995
2026-03-22T21:10:07.745-455326-305895,923,true,0.5917092705890927,1,2260.4620331893466,1.0,0.777
2026-03-22T21:10:07.745-455326-305895,618,false,0.11259881691820965,1,2260.4620331893466,1.0,1.0
2026-03-22T21:10:07.745-455326-305895,995,true,10.9814368240215,1,2249.4805963653253,1.0,0.754
2026-03-22T21:10:07.745-455326-305895,78,true,16.942883738625564,1,2232.5377126267,1.0,0.992
2026-03-22T21:10:07.745-455326-305895,253,true,1.7837884925348704,1,2230.753924134165,1.0,0.993
2026-03-22T21:10:07.745-455326-305895,666,true,0.8091253049656554,1,2229.9447988291995,1.0,0.0
2026-03-22T21:10:07.745-455326-305895,873,true,1.0216671335530194,1,2228.9231316956466,1.0,0.736
2026-03-22T21:10:07.745-455326-305895,440,false,0.046783345750932834,1,2228.9231316956466,1.0,1.0
2026-03-22T21:10:07.745-455326-305895,472,true,0.32673789248783686,1,2228.5963938031587,1.0,0.732
2026-03-22T21:10:07.745-455326-305895,369,true,75.62346101056318,1,2152.9729327925957,1.0,0.987
2026-03-22T21:10:07.745-455326-305895,987,true,4.644539152643197,1,2148.3283936399525,1.0,0.757
2026-03-22T21:10:07.745-455326-305895,659,true,15.526871092232838,1,2132.8015225477197,1.0,0.992
2026-03-22T21:10:07.745-455326-305895,414,true,0.6109952982708236,1,2132.190527249449,1.0,0.764
2026-03-22T21:10:07.745-455326-305895,623,false,0.009389438367754072,1,2132.190527249449,1.0,1.0
2026-03-22T21:10:07.745-455326-305895,107,true,0.996631946772747,1,2131.1938953026765,1.0,0.742
2026-03-22T21:10:07.745-455326-305895,999,false,0.11499556925278595,1,2131.1938953026765,1.0,1.0
2026-03-22T21:10:07.745-455326-305895,648,true,3.743404556799789,1,2127.450490745877,1.0,0.744
2026-03-22T21:10:07.745-455326-305895,416,true,8.470461158396065,1,2118.9800295874807,1.0,0.738
2026-03-22T21:10:07.745-455326-305895,355,true,1.9862813079330564,1,2116.9937482795476,1.0,0.7969999999999999
2026-03-22T21:10:07.745-455326-305895,503,true,0.44490901998591387,1,2116.5488392595616,1.0,0.742
2026-03-22T21:10:07.745-455326-305895,780,true,47.09631205284542,1,2069.4525272067162,1.0,0.21499999999999997
2026-03-22T21:10:07.745-455326-305895,335,false,0.09905927559615545,1,2069.4525272067162,1.0,1.0
2026-03-22T21:10:07.745-455326-305895,430,false,0.17302879858283976,1,2069.4525272067162,1.0,1.0
2026-03-22T21:10:07.745-455326-305895,820,true,0.2751379387998263,1,2069.1773892679166,1.0,0.769
2026-03-22T21:10:07.745-455326-305895,650,false,0.15974087882552196,1,2069.1773892679166,1.0,1.0
2026-03-22T21:10:07.745-455326-305895,267,true,27.060855688629694,1,2042.1165335792869,1.0,0.829
2026-03-22T21:10:07.745-455326-305895,264,true,10.0574451270754,1,2032.0590884522114,1.0,0.23399999999999999
2026-03-22T21:10:07.745-455326-305895,359,false,0.025170359061536696,1,2032.0590884522114,1.0,1.0
2026-03-22T21:10:07.745-455326-305895,620,true,4.223687288692217,1,2027.8354011635192,1.0,0.8069999999999999
2026-03-22T21:10:07.745-455326-305895,573,true,7.060991901590458,1,2020.7744092619287,1.0,0.749
2026-03-22T21:10:07.745-455326-305895,896,true,15.294210511037216,1,2005.4801987508915,1.0,0.05600000000000005
2026-03-22T21:10:07.745-455326-305895,579,true,6.18600062187991,1,1999.2941981290116,1.0,0.07999999999999996
2026-03-22T21:10:07.745-455326-305895,656,true,2.1880094902395255,1,1997.1061886387722,1.0,0.804
2026-03-22T21:10:07.745-455326-305895,826,true,34.1467967992838,1,1962.9593918394885,1.0,0.992
2026-03-22T21:10:07.745-455326-305895,631,true,0.5753896032549974,1,1962.3840022362335,1.0,0.993
2026-03-22T21:10:07.745-455326-305895,438,true,5.972266283857777,1,1956.4117359523757,1.0,0.0
2026-03-22T21:10:07.745-455326-305895,43,false,0.13239064501922357,1,1956.4117359523757,1.0,1.0
2026-03-22T21:10:07.745-455326-305895,105,true,0.587666078487881,1,1955.8240698738878,1.0,0.237
2026-03-22T21:10:07.745-455326-305895,433,true,6.374725500049606,1,1949.4493443738381,1.0,0.07099999999999995
2026-03-22T21:10:07.745-455326-305895,965,true,6.5503560930873554,1,1942.8989882807507,1.0,0.993
2026-03-22T21:10:07.745-455326-305895,22,true,0.35191425110448643,1,1942.5470740296462,1.0,0.0
2026-03-22T21:10:07.745-455326-305895,537,true,1.5637911106932916,1,1940.983282918953,1.0,0.779
2026-03-22T21:10:07.745-455326-305895,939,true,1.6991744752668092,1,1939.2841084436861,1.0,0.247
2026-03-22T21:10:07.745-455326-305895,15,true,307.35948290778924,1,1631.924625535897,1.0,0.706
2026-03-22T21:10:07.745-455326-305895,375,true,1.7090245513831588,1,1630.2156009845137,1.0,0.995
2026-03-22T21:10:07.745-455326-305895,493,true,6.928671547353912,1,1623.2869294371599,1.0,0.0
2026-03-22T21:10:07.745-455326-305895,225,false,0.1690632210665393,1,1623.2869294371599,1.0,1.0
2026-03-22T21:10:07.745-455326-305895,777,true,15.659708526926329,1,1607.6272209102335,1.0,0.0
2026-03-22T21:10:07.745-455326-305895,218,true,4.847251138340362,1,1602.779969771893,1.0,0.0
2026-03-22T21:10:07.745-455326-305895,786,true,1.1949569712337453,1,1601.5850128006593,1.0,0.995
2026-03-22T21:10:07.745-455326-305895,484,false,0.08335852521108922,1,1601.5850128006593,1.0,1.0
2026-03-22T21:10:07.745-455326-305895,73,false,0.0433141849174957,1,1601.5850128006593,1.0,1.0
2026-03-22T21:10:07.745-455326-305895,767,true,1.4684038089796931,1,1600.1166089916796,1.0,0.07999999999999996
2026-03-22T21:10:07.745-455326-305895,964,true,9.653087875027326,1,1590.4635211166524,1.0,0.741
2026-03-22T21:10:07.745-455326-305895,724,true,10.77145239827441,1,1579.6920687183779,1.0,0.757
2026-03-22T21:10:07.745-455326-305895,58,true,0.24027250888917961,1,1579.4517962094887,1.0,0.991
2026-03-22T21:10:07.745-455326-305895,377,true,4.3960815047530195,1,1575.0557147047357,1.0,0.757
2026-03-22T21:10:07.745-455326-305895,775,true,18.00549552438283,1,1557.0502191803528,1.0,0.0
2026-03-22T21:10:07.745-455326-305895,518,true,0.6293816260089127,1,1556.420837554344,1.0,0.05700000000000005
2026-03-22T21:10:07.745-455326-305895,846,false,0.18513963644784195,1,1556.420837554344,1.0,1.0
2026-03-22T21:10:07.745-455326-305895,863,true,0.3301677176814126,1,1556.0906698366625,1.0,0.0
2026-03-22T21:10:07.745-455326-305895,657,true,17.428370163377686,1,1538.662299673285,1.0,0.07999999999999996
2026-03-22T21:10:07.745-455326-305895,981,true,3.456378595798225,1,1535.2059210774867,1.0,0.746
2026-03-22T21:10:07.745-455326-305895,158,false,0.06836415101226243,1,1535.2059210774867,1.0,1.0
2026-03-22T21:10:07.745-455326-305895,278,true,5.682611326125863,1,1529.5233097513608,1.0,0.07299999999999995
2026-03-22T21:10:07.745-455326-305895,850,true,8.5102672144093,1,1521.0130425369514,1.0,0.7989999999999999
2026-03-22T21:10:07.745-455326-305895,235,true,3.6523265324046,1,1517.3607160045467,1.0,0.99
2026-03-22T21:10:07.745-455326-305895,199,true,132.30262366502282,1,1385.058092339524,1.0,0.745
2026-03-22T21:10:07.745-455326-305895,514,true,15.194993961734946,1,1369.863098377789,1.0,0.06299999999999994
2026-03-22T21:10:07.745-455326-305895,434,true,4.45712610898063,1,1365.4059722688082,1.0,0.0
2026-03-22T21:10:07.745-455326-305895,190,true,0.7243490512958719,1,1364.6816232175124,1.0,0.239
2026-03-22T21:10:07.745-455326-305895,164,true,0.36742679698373226,1,1364.3141964205288,1.0,0.738
2026-03-22T21:10:07.745-455326-305895,543,true,51.60475066176317,1,1312.7094457587657,1.0,0.75
2026-03-22T21:10:07.745-455326-305895,944,true,26.418045724085527,1,1286.2914000346802,1.0,0.794
2026-03-22T21:10:07.745-455326-305895,85,true,5.52306556462812,1,1280.7683344700522,1.0,0.07299999999999995
2026-03-22T21:10:07.745-455326-305895,221,true,0.5114002617560894,1,1280.2569342082961,1.0,0.0
2026-03-22T21:10:07.745-455326-305895,759,false,0.08508280109616013,1,1280.2569342082961,1.0,1.0
2026-03-22T21:10:07.745-455326-305895,155,true,1.86190724197484,1,1278.3950269663212,1.0,0.839
2026-03-22T21:10:07.745-455326-305895,980,true,0.7229825057527808,1,1277.6720444605685,1.0,0.759
2026-03-22T21:10:07.745-455326-305895,548,true,19.889883875226296,1,1257.7821605853421,1.0,0.07699999999999996
2026-03-22T21:10:07.745-455326-305895,975,false,0.15589719378351805,1,1257.7821605853421,1.0,1.0
2026-03-22T21:10:07.745-455326-305895,4,true,0.9088079081800136,1,1256.873352677162,1.0,0.777
2026-03-22T21:10:07.745-455326-305895,505,true,1.2952992496167735,1,1255.5780534275452,1.0,0.09499999999999997
2026-03-22T21:10:07.745-455326-305895,80,true,1.7226015752090962,1,1253.855451852336,1.0,0.06699999999999995
2026-03-22T21:10:07.745-455326-305895,898,true,45.338381721559934,1,1208.5170701307761,1.0,0.0
2026-03-22T21:10:07.745-455326-305895,660,true,1.0475496280663896,1,1207.4695205027097,1.0,0.0
2026-03-22T21:10:07.745-455326-305895,19,true,0.32213337468929965,1,1207.1473871280205,1.0,0.0
2026-03-22T21:10:07.745-455326-305895,407,true,0.8246894106135699,1,1206.322697717407,1.0,0.993
2026-03-22T21:10:07.745-455326-305895,925,true,1.3287952768978366,1,1204.9939024405091,1.0,0.0
2026-03-22T21:10:07.745-455326-305895,208,true,24.99892138028632,1,1179.994981060223,1.0,0.743
2026-03-22T21:10:07.745-455326-305895,386,true,10.748787399325257,1,1169.2461936608977,1.0,0.996
2026-03-22T21:10:07.745-455326-305895,144,true,1.3393588248476234,1,1167.9068348360502,1.0,0.06699999999999995
2026-03-22T21:10:07.745-455326-305895,931,true,82.7549036511612,1,1085.151931184889,1.0,0.07399999999999995
2026-03-22T21:10:07.745-455326-305895,791,true,3.8634299203010176,1,1081.288501264588,1.0,0.994
2026-03-22T21:10:07.745-455326-305895,96,true,2.619294290973398,1,1078.6692069736146,1.0,0.22699999999999998
2026-03-22T21:10:07.745-455326-305895,727,true,1.2023048555350573,1,1077.4669021180796,1.0,0.748
2026-03-22T21:10:07.745-455326-305895,473,true,1.6708541992539827,1,1075.7960479188257,1.0,0.06699999999999995
2026-03-22T21:10:07.745-455326-305895,682,true,0.21774863495574145,1,1075.57829928387,1.0,0.401
2026-03-22T21:10:07.745-455326-305895,738,true,2.4381807555407935,1,1073.1401185283291,1.0,0.06599999999999995
2026-03-22T21:10:07.745-455326-305895,251,true,3.5661577758420626,1,1069.573960752487,1.0,0.741
2026-03-22T21:10:07.745-455326-305895,63,true,13.872514403345017,1,1055.7014463491419,1.0,0.744
2026-03-22T21:10:07.745-455326-305895,325,true,4.798231191491332,1,1050.9032151576505,1.0,0.984
2026-03-22T21:10:07.745-455326-305895,40,true,9.089588493802742,1,1041.8136266638478,1.0,0.74
2026-03-22T21:10:07.745-455326-305895,410,false,0.00887432318108659,1,1041.8136266638478,1.0,1.0
2026-03-22T21:10:07.745-455326-305895,748,true,0.510845604044293,1,1041.3027810598035,1.0,0.0
2026-03-22T21:10:07.745-455326-305895,920,true,2.2722264735382276,1,1039.0305545862652,1.0,0.381
2026-03-22T21:10:07.745-455326-305895,948,true,4.528544540816557,1,1034.5020100454487,1.0,0.06899999999999995
2026-03-22T21:10:07.745-455326-305895,706,true,1.5396868918338082,1,1032.962323153615,1.0,0.06999999999999995
2026-03-22T21:10:07.745-455326-305895,496,true,1.169408682371011,1,1031.7929144712439,1.0,0.8089999999999999
2026-03-22T21:10:07.745-455326-305895,25,true,1.6273166300570117,1,1030.1655978411868,1.0,0.0
2026-03-22T21:10:07.745-455326-305895,577,true,6.528463117223086,1,1023.6371347239638,1.0,0.07299999999999995
2026-03-22T21:10:07.745-455326-305895,52,true,53.851359497411735,1,969.785775226552,1.0,0.754
2026-03-22T21:10:07.745-455326-305895,141,true,8.541868988226819,1,961.2439062383252,1.0,0.07899999999999996
2026-03-22T21:10:07.745-455326-305895,624,true,8.623666484119838,1,952.6202397542054,1.0,0.0
2026-03-22T21:10:07.745-455326-305895,174,true,0.5407303806057513,1,952.0795093735996,1.0,0.998
2026-03-22T21:10:07.745-455326-305895,338,true,1.688978513426662,1,950.3905308601729,1.0,0.752
2026-03-22T21:10:07.745-455326-305895,553,true,1.9215147564237758,1,948.4690161037491,1.0,0.09099999999999997
2026-03-22T21:10:07.745-455326-305895,610,true,0.3508389611706911,1,948.1181771425785,1.0,0.746
2026-03-22T21:10:07.745-455326-305895,725,true,0.4471679597456995,1,947.6710091828328,1.0,0.0
2026-03-22T21:10:07.745-455326-305895,451,true,37.29614455113015,1,910.3748646317026,1.0,0.756
2026-03-22T21:10:07.745-455326-305895,572,true,0.3558375076448037,1,910.0190271240579,1.0,0.744
2026-03-22T21:10:07.745-455326-305895,230,true,0.6877603412035233,1,909.3312667828543,1.0,0.747
2026-03-22T21:10:07.745-455326-305895,812,true,8.222425919396018,1,901.1088408634582,1.0,0.787
2026-03-22T21:10:07.745-455326-305895,739,true,5.662369568060047,1,895.4464712953982,1.0,0.0
2026-03-22T21:10:07.745-455326-305895,258,true,1.7007352757155796,1,893.7457360196826,1.0,0.757
2026-03-22T21:10:07.745-455326-305895,120,true,0.37356800971386317,1,893.3721680099687,1.0,0.8089999999999999
2026-03-22T21:10:07.745-455326-305895,368,true,9.204519793250155,1,884.1676482167186,1.0,0.241
2026-03-22T21:10:07.745-455326-305895,776,true,6.974008675452607,1,877.193639541266,1.0,0.0
2026-03-22T21:10:07.745-455326-305895,171,true,35.34236550482566,1,841.8512740364403,1.0,0.062000000000000055
2026-03-22T21:10:07.745-455326-305895,449,true,56.85333585993034,1,784.9979381765099,1.0,0.06599999999999995
2026-03-22T21:10:07.745-455326-305895,427,true,24.420077003775994,1,760.577861172734,1.0,0.765
2026-03-22T21:10:07.745-455326-305895,216,true,7.1363792124305565,1,753.4414819603033,1.0,0.0
2026-03-22T21:10:07.745-455326-305895,290,true,0.3960164256111381,1,753.0454655346922,1.0,0.06999999999999995
2026-03-22T21:10:07.745-455326-305895,729,true,0.3240700340936843,1,752.7213955005985,1.0,0.724
2026-03-22T21:10:07.745-455326-305895,525,true,16.796142324402204,1,735.9252531761963,1.0,0.0
2026-03-22T21:10:07.745-455326-305895,378,true,0.4937311335509127,1,735.4315220426454,1.0,0.07899999999999996
2026-03-22T21:10:07.745-455326-305895,554,true,2.808703240503885,1,732.6228188021415,1.0,0.07499999999999996
2026-03-22T21:10:07.745-455326-305895,408,true,1.0306757277448426,1,731.5921430743966,1.0,0.757
2026-03-22T21:10:07.745-455326-305895,186,true,55.23226531929677,1,676.3598777550999,1.0,0.995
2026-03-22T21:10:07.745-455326-305895,397,true,0.7587919859304323,1,675.6010857691695,1.0,0.744
2026-03-22T21:10:07.745-455326-305895,476,true,2.8283836223303536,1,672.7727021468392,1.0,0.06299999999999994
2026-03-22T21:10:07.745-455326-305895,361,true,1.7084840982056628,1,671.0642180486335,1.0,0.23399999999999999
2026-03-22T21:10:07.745-455326-305895,42,true,3.813512113540473,1,667.250705935093,1.0,0.05800000000000005
2026-03-22T21:10:07.745-455326-305895,837,true,3.835450556045319,1,663.4152553790477,1.0,0.81
2026-03-22T21:10:07.745-455326-305895,652,false,0.12043055923685657,1,663.4152553790477,1.0,1.0
2026-03-22T21:10:07.745-455326-305895,350,true,6.5664427889461905,1,656.8488125901015,1.0,0.754
2026-03-22T21:10:07.745-455326-305895,716,true,11.539619916808547,1,645.309192673293,1.0,0.754
2026-03-22T21:10:07.745-455326-305895,541,true,1.3908522571494566,1,643.9183404161435,1.0,0.07899999999999996
2026-03-22T21:10:07.745-455326-305895,580,false,0.024211901341918664,1,643.9183404161435,1.0,1.0
2026-03-22T21:10:07.745-455326-305895,596,true,0.45561633152695374,1,643.4627240846165,1.0,0.0
2026-03-22T21:10:07.745-455326-305895,821,false,0.12841986699332772,1,643.4627240846165,1.0,1.0
2026-03-22T21:10:07.745-455326-305895,790,true,1.8234373562911204,1,641.6392867283254,1.0,0.751
2026-03-22T21:10:07.745-455326-305895,92,true,31.160526263823247,1,610.4787604645021,1.0,0.06599999999999995
2026-03-22T21:10:07.745-455326-305895,130,true,1.4382084623917366,1,609.0405520021104,1.0,0.06799999999999995
2026-03-22T21:10:07.745-455326-305895,426,true,29.065490941639354,1,579.975061060471,1.0,0.07399999999999995
2026-03-22T21:10:07.745-455326-305895,373,true,13.025762431534465,1,566.9492986289366,1.0,0.762
2026-03-22T21:10:07.745-455326-305895,450,false,0.005259703456642781,1,566.9492986289366,1.0,1.0
2026-03-22T21:10:07.745-455326-305895,479,true,4.391585701428077,1,562.5577129275085,1.0,0.22799999999999998
2026-03-22T21:10:07.745-455326-305895,668,true,0.6399192487476174,1,561.9177936787609,1.0,0.0
2026-03-22T21:10:07.745-455326-305895,953,true,51.714345629539885,1,510.203448049221,1.0,0.08199999999999996
2026-03-22T21:10:07.745-455326-305895,110,true,9.290633504242853,1,500.9128145449781,1.0,0.0
2026-03-22T21:10:07.745-455326-305895,828,true,20.127606892121936,1,480.7852076528562,1.0,0.010000000000000009
2026-03-22T21:10:07.745-455326-305895,66,true,55.07831914619575,1,425.70688850666045,1.0,0.07599999999999996
2026-03-22T21:10:07.745-455326-305895,165,true,229.13199711348096,1,196.57489139317948,1.0,0.0
2026-03-22T21:10:07.745-455326-305895,24,true,6.623657813446859,1,189.95123357973262,1.0,0.0
2026-03-22T21:10:07.745-455326-305895,353,true,4.865953321958407,1,185.0852802577742,1.0,0.0
2026-03-22T21:10:07.745-455326-305895,111,true,1.808621226739954,1,183.27665903103426,1.0,0.0
2026-03-22T21:10:07.745-455326-305895,641,true,1.5353233790774743,1,181.74133565195677,1.0,0.76
2026-03-22T21:10:07.745-455326-305895,26,true,1658.2992462049901,1,-1476.5579105530333,1.0,0.0
