2026-03-22T21:10:07.745-455326-250481,277,true,18.004661242565973,1,4473.709893416965,1.0,0.988
2026-03-22T21:10:07.745-455326-250481,571,true,1.509315214198463,1,4472.200578202767,1.0,0.992
2026-03-22T21:10:07.745-455326-250481,368,true,9.204519793250155,1,4462.996058409517,1.0,0.994
2026-03-22T21:10:07.745-455326-250481,470,true,4.208340571249038,1,4458.787717838268,1.0,0.995
2026-03-22T21:10:07.745-455326-250481,393,true,204.6780950262794,1,4254.109622811989,1.0,0.991
2026-03-22T21:10:07.745-455326-250481,220,true,12.341297348365448,1,4241.768325463623,1.0,0.989
2026-03-22T21:10:07.745-455326-250481,276,true,1.3447007716730361,1,4240.42362469195,1.0,0.74
2026-03-22T21:10:07.745-455326-250481,908,true,5.932609416535073,1,4234.491015275415,1.0,0.994
2026-03-22T21:10:07.745-455326-250481,404,true,3.9378837887061913,1,4230.5531314867085,1.0,0.986
2026-03-22T21:10:07.745-455326-250481,223,false,0.055806207623726053,1,4230.5531314867085,1.0,1.0
2026-03-22T21:10:07.745-455326-250481,615,true,9.96817516356725,1,4220.584956323141,1.0,0.987
2026-03-22T21:10:07.745-455326-250481,763,true,0.8107319242639104,1,4219.774224398878,1.0,0.991
2026-03-22T21:10:07.745-455326-250481,710,true,2.3446726662503896,1,4217.429551732627,1.0,0.738
2026-03-22T21:10:07.745-455326-250481,371,true,8.903431849165951,1,4208.526119883461,1.0,0.726
2026-03-22T21:10:07.745-455326-250481,677,true,0.35931589750184184,1,4208.16680398596,1.0,0.988
2026-03-22T21:10:07.745-455326-250481,500,true,0.8167345132560495,1,4207.350069472704,1.0,0.988
2026-03-22T21:10:07.745-455326-250481,758,true,7.548179543620968,1,4199.801889929083,1.0,0.991
2026-03-22T21:10:07.745-455326-250481,836,true,6.557895675307114,1,4193.243994253776,1.0,0.99
2026-03-22T21:10:07.745-455326-250481,766,true,6.112186441536777,1,4187.1318078122395,1.0,0.755
2026-03-22T21:10:07.745-455326-250481,813,false,0.052560244077798426,1,4187.1318078122395,1.0,1.0
2026-03-22T21:10:07.745-455326-250481,198,true,2.8690687094889182,1,4184.262739102751,1.0,0.986
2026-03-22T21:10:07.745-455326-250481,466,true,37.39715860624678,1,4146.865580496504,1.0,0.988
2026-03-22T21:10:07.745-455326-250481,422,true,0.29439204367716015,1,4146.571188452826,1.0,0.994
2026-03-22T21:10:07.745-455326-250481,617,true,1.1183055140629816,1,4145.452882938764,1.0,0.739
2026-03-22T21:10:07.745-455326-250481,27,true,0.2289893007238882,1,4145.22389363804,1.0,0.994
2026-03-22T21:10:07.745-455326-250481,153,true,1.1389413248372677,1,4144.084952313203,1.0,0.994
2026-03-22T21:10:07.745-455326-250481,333,true,2.056733950263455,1,4142.02821836294,1.0,0.995
2026-03-22T21:10:07.745-455326-250481,400,true,23.0036372939175,1,4119.024581069022,1.0,0.996
2026-03-22T21:10:07.745-455326-250481,167,true,2.221192093897581,1,4116.803388975124,1.0,0.991
2026-03-22T21:10:07.745-455326-250481,142,true,1.9220366318813764,1,4114.881352343243,1.0,0.99
2026-03-22T21:10:07.745-455326-250481,84,true,1.6277425084335373,1,4113.253609834809,1.0,0.993
2026-03-22T21:10:07.745-455326-250481,286,true,0.7609509049479575,1,4112.492658929861,1.0,0.989
2026-03-22T21:10:07.745-455326-250481,90,true,9.902345017686612,1,4102.590313912175,1.0,0.991
2026-03-22T21:10:07.745-455326-250481,722,true,2.904915275032743,1,4099.685398637142,1.0,0.99
2026-03-22T21:10:07.745-455326-250481,979,false,0.09374511058267725,1,4099.685398637142,1.0,1.0
2026-03-22T21:10:07.745-455326-250481,926,true,49.771779777889876,1,4049.9136188592515,1.0,0.99
2026-03-22T21:10:07.745-455326-250481,591,true,7.976329990581429,1,4041.9372888686703,1.0,0.99
2026-03-22T21:10:07.745-455326-250481,799,true,18.139870992110282,1,4023.79741787656,1.0,0.991
2026-03-22T21:10:07.745-455326-250481,88,true,0.7872076821818751,1,4023.010210194378,1.0,0.8109999999999999
2026-03-22T21:10:07.745-455326-250481,339,true,9.190420626594381,1,4013.8197895677836,1.0,0.991
2026-03-22T21:10:07.745-455326-250481,178,true,2.6645727011872555,1,4011.155216866596,1.0,0.987
2026-03-22T21:10:07.745-455326-250481,397,true,0.7587919859304323,1,4010.3964248806656,1.0,0.741
2026-03-22T21:10:07.745-455326-250481,91,true,1.1154275807729883,1,4009.2809972998925,1.0,0.06000000000000005
2026-03-22T21:10:07.745-455326-250481,251,true,3.5661577758420626,1,4005.7148395240506,1.0,0.992
2026-03-22T21:10:07.745-455326-250481,248,true,4.055301564559888,1,4001.6595379594905,1.0,0.759
2026-03-22T21:10:07.745-455326-250481,74,true,0.3793759243169815,1,4001.2801620351734,1.0,0.987
2026-03-22T21:10:07.745-455326-250481,573,true,7.060991901590458,1,3994.219170133583,1.0,0.768
2026-03-22T21:10:07.745-455326-250481,454,true,3.4763245106000484,1,3990.7428456229827,1.0,0.992
2026-03-22T21:10:07.745-455326-250481,959,true,1.698863417791989,1,3989.043982205191,1.0,0.993
2026-03-22T21:10:07.745-455326-250481,986,true,0.9180199773246933,1,3988.1259622278662,1.0,0.81
2026-03-22T21:10:07.745-455326-250481,291,true,46.52238010520217,1,3941.603582122664,1.0,0.989
2026-03-22T21:10:07.745-455326-250481,748,true,0.510845604044293,1,3941.09273651862,1.0,0.987
2026-03-22T21:10:07.745-455326-250481,577,true,6.528463117223086,1,3934.564273401397,1.0,0.991
2026-03-22T21:10:07.745-455326-250481,609,true,17.43287842043514,1,3917.131394980962,1.0,0.99
2026-03-22T21:10:07.745-455326-250481,531,true,5.986918557222999,1,3911.144476423739,1.0,0.992
2026-03-22T21:10:07.745-455326-250481,775,true,18.00549552438283,1,3893.1389808993563,1.0,0.995
2026-03-22T21:10:07.745-455326-250481,263,true,0.4848664444173839,1,3892.6541144549387,1.0,0.99
2026-03-22T21:10:07.745-455326-250481,22,true,0.35191425110448643,1,3892.302200203834,1.0,0.985
2026-03-22T21:10:07.745-455326-250481,227,true,6.156409180318183,1,3886.145791023516,1.0,0.835
2026-03-22T21:10:07.745-455326-250481,769,true,3.3928919809740097,1,3882.7528990425417,1.0,0.753
2026-03-22T21:10:07.745-455326-250481,352,true,2.188747520960462,1,3880.564151521581,1.0,0.993
2026-03-22T21:10:07.745-455326-250481,640,true,17.972331547510827,1,3862.5918199740704,1.0,0.99
2026-03-22T21:10:07.745-455326-250481,728,true,54.250760430703295,1,3808.341059543367,1.0,0.992
2026-03-22T21:10:07.745-455326-250481,209,true,4.538290587477183,1,3803.80276895589,1.0,0.989
2026-03-22T21:10:07.745-455326-250481,101,false,0.12484826374652785,1,3803.80276895589,1.0,1.0
2026-03-22T21:10:07.745-455326-250481,407,true,0.8246894106135699,1,3802.978079545276,1.0,0.734
2026-03-22T21:10:07.745-455326-250481,593,true,0.5633983875026084,1,3802.4146811577734,1.0,0.769
2026-03-22T21:10:07.745-455326-250481,434,true,4.45712610898063,1,3797.957555048793,1.0,0.988
2026-03-22T21:10:07.745-455326-250481,296,true,37.67280799377505,1,3760.2847470550178,1.0,0.991
2026-03-22T21:10:07.745-455326-250481,703,true,9.256191816616417,1,3751.028555238401,1.0,0.989
2026-03-22T21:10:07.745-455326-250481,907,true,0.38386004781441957,1,3750.644695190587,1.0,0.73
2026-03-22T21:10:07.745-455326-250481,341,true,27.840765170010716,1,3722.803930020576,1.0,0.8089999999999999
2026-03-22T21:10:07.745-455326-250481,642,true,9.070489228711317,1,3713.7334407918647,1.0,0.738
2026-03-22T21:10:07.745-455326-250481,857,true,8.39546034996175,1,3705.337980441903,1.0,0.988
2026-03-22T21:10:07.745-455326-250481,190,true,0.7243490512958719,1,3704.6136313906068,1.0,0.99
2026-03-22T21:10:07.745-455326-250481,82,true,1.4950384499410878,1,3703.1185929406656,1.0,0.73
2026-03-22T21:10:07.745-455326-250481,603,true,3.2815773455431656,1,3699.8370155951225,1.0,0.99
2026-03-22T21:10:07.745-455326-250481,556,true,3.5529261132236005,1,3696.2840894818987,1.0,0.988
2026-03-22T21:10:07.745-455326-250481,653,true,5.449870686353734,1,3690.834218795545,1.0,0.989
2026-03-22T21:10:07.745-455326-250481,123,false,0.026882044450676042,1,3690.834218795545,1.0,1.0
2026-03-22T21:10:07.745-455326-250481,789,true,52.26058021561338,1,3638.5736385799314,1.0,0.986
2026-03-22T21:10:07.745-455326-250481,210,true,0.4138914061109559,1,3638.1597471738205,1.0,0.776
2026-03-22T21:10:07.745-455326-250481,391,true,1.6748940884214527,1,3636.484853085399,1.0,0.71
2026-03-22T21:10:07.745-455326-250481,913,true,4.8999155047823075,1,3631.584937580617,1.0,0.985
2026-03-22T21:10:07.745-455326-250481,667,true,2.7846502461693303,1,3628.8002873344476,1.0,0.995
2026-03-22T21:10:07.745-455326-250481,509,false,0.0742296793630581,1,3628.8002873344476,1.0,1.0
2026-03-22T21:10:07.745-455326-250481,270,true,5.309428828256816,1,3623.4908585061908,1.0,0.987
2026-03-22T21:10:07.745-455326-250481,39,true,62.65066183459725,1,3560.8401966715937,1.0,0.991
2026-03-22T21:10:07.745-455326-250481,430,false,0.17302879858283976,1,3560.8401966715937,1.0,1.0
2026-03-22T21:10:07.745-455326-250481,620,true,4.223687288692217,1,3556.6165093829013,1.0,0.812
2026-03-22T21:10:07.745-455326-250481,545,true,0.875152102973606,1,3555.741357279928,1.0,0.996
2026-03-22T21:10:07.745-455326-250481,935,true,1.5214949334929755,1,3554.2198623464346,1.0,0.989
2026-03-22T21:10:07.745-455326-250481,204,true,32.224248824522256,1,3521.995613521912,1.0,0.993
2026-03-22T21:10:07.745-455326-250481,506,false,0.06715502942996471,1,3521.995613521912,1.0,1.0
2026-03-22T21:10:07.745-455326-250481,675,true,4.357309171500686,1,3517.6383043504115,1.0,0.817
2026-03-22T21:10:07.745-455326-250481,890,true,0.301464154604711,1,3517.336840195807,1.0,0.986
2026-03-22T21:10:07.745-455326-250481,162,true,8.741299731908537,1,3508.5955404638985,1.0,0.994
2026-03-22T21:10:07.745-455326-250481,297,true,3.0472526925119845,1,3505.5482877713866,1.0,0.744
2026-03-22T21:10:07.745-455326-250481,600,true,34.154739542568755,1,3471.393548228818,1.0,0.727
2026-03-22T21:10:07.745-455326-250481,32,true,7.733783693377147,1,3463.659764535441,1.0,0.991
2026-03-22T21:10:07.745-455326-250481,445,true,0.38615311772610866,1,3463.2736114177146,1.0,0.993
2026-03-22T21:10:07.745-455326-250481,734,true,3.473921060991518,1,3459.799690356723,1.0,0.994
2026-03-22T21:10:07.745-455326-250481,312,true,43.82894035227151,1,3415.9707500044515,1.0,0.839
2026-03-22T21:10:07.745-455326-250481,330,true,0.6211778214215129,1,3415.34957218303,1.0,0.731
2026-03-22T21:10:07.745-455326-250481,386,true,10.748787399325257,1,3404.6007847837045,1.0,0.995
2026-03-22T21:10:07.745-455326-250481,388,false,0.1840402957582678,1,3404.6007847837045,1.0,1.0
2026-03-22T21:10:07.745-455326-250481,231,true,1.4462679731629515,1,3403.1545168105417,1.0,0.991
2026-03-22T21:10:07.745-455326-250481,833,true,1.827384621195261,1,3401.3271321893467,1.0,0.763
2026-03-22T21:10:07.745-455326-250481,819,true,1.7344081911024527,1,3399.5927239982443,1.0,0.995
2026-03-22T21:10:07.745-455326-250481,275,true,3.180941264025023,1,3396.4117827342193,1.0,0.06299999999999994
2026-03-22T21:10:07.745-455326-250481,331,true,70.07302107752224,1,3326.338761656697,1.0,0.347
2026-03-22T21:10:07.745-455326-250481,378,true,0.4937311335509127,1,3325.845030523146,1.0,0.984
2026-03-22T21:10:07.745-455326-250481,431,true,19.17008950677689,1,3306.674941016369,1.0,0.746
2026-03-22T21:10:07.745-455326-250481,462,true,0.5687999785688376,1,3306.1061410378,1.0,0.991
2026-03-22T21:10:07.745-455326-250481,102,true,10.371481697162931,1,3295.7346593406373,1.0,0.994
2026-03-22T21:10:07.745-455326-250481,616,true,11.100086631004817,1,3284.6345727096327,1.0,0.19499999999999995
2026-03-22T21:10:07.745-455326-250481,494,false,0.0673997909578897,1,3284.6345727096327,1.0,1.0
2026-03-22T21:10:07.745-455326-250481,308,true,7.57747090371913,1,3277.0571018059136,1.0,0.99
2026-03-22T21:10:07.745-455326-250481,602,true,113.66263819287516,1,3163.3944636130386,1.0,0.049000000000000044
2026-03-22T21:10:07.745-455326-250481,104,false,0.08507463697670584,1,3163.3944636130386,1.0,1.0
2026-03-22T21:10:07.745-455326-250481,622,true,3.2061512216576857,1,3160.188312391381,1.0,0.735
2026-03-22T21:10:07.745-455326-250481,301,true,0.7255231044240715,1,3159.4627892869566,1.0,0.994
2026-03-22T21:10:07.745-455326-250481,140,true,0.544705563347988,1,3158.9180837236086,1.0,0.8200000000000001
2026-03-22T21:10:07.745-455326-250481,826,true,34.1467967992838,1,3124.7712869243246,1.0,0.995
2026-03-22T21:10:07.745-455326-250481,896,true,15.294210511037216,1,3109.4770764132873,1.0,0.72
2026-03-22T21:10:07.745-455326-250481,373,true,13.025762431534465,1,3096.4513139817527,1.0,0.737
2026-03-22T21:10:07.745-455326-250481,185,true,157.63612541385157,1,2938.8151885679013,1.0,0.994
2026-03-22T21:10:07.745-455326-250481,970,true,166.74727152604027,1,2772.067917041861,1.0,0.994
2026-03-22T21:10:07.745-455326-250481,41,true,0.890486174873134,1,2771.177430866988,1.0,0.716
2026-03-22T21:10:07.745-455326-250481,697,true,0.8239699577011251,1,2770.3534609092867,1.0,0.987
2026-03-22T21:10:07.745-455326-250481,253,true,1.7837884925348704,1,2768.569672416752,1.0,0.794
2026-03-22T21:10:07.745-455326-250481,287,true,0.5382075398628413,1,2768.031464876889,1.0,0.759
2026-03-22T21:10:07.745-455326-250481,978,true,3.9452641003525444,1,2764.0862007765363,1.0,0.985
2026-03-22T21:10:07.745-455326-250481,136,true,2.8417652559731885,1,2761.244435520563,1.0,0.992
2026-03-22T21:10:07.745-455326-250481,444,true,0.5780397106553783,1,2760.6663958099075,1.0,0.747
2026-03-22T21:10:07.745-455326-250481,40,true,9.089588493802742,1,2751.576807316105,1.0,0.05500000000000005
2026-03-22T21:10:07.745-455326-250481,325,true,4.798231191491332,1,2746.7785761246137,1.0,0.994
2026-03-22T21:10:07.745-455326-250481,534,true,0.6889686572178482,1,2746.089607467396,1.0,0.05500000000000005
2026-03-22T21:10:07.745-455326-250481,648,true,3.743404556799789,1,2742.3462029105963,1.0,0.99
2026-03-22T21:10:07.745-455326-250481,998,true,3.4902989806301603,1,2738.855903929966,1.0,0.992
2026-03-22T21:10:07.745-455326-250481,38,true,0.6798514359806855,1,2738.1760524939855,1.0,0.01200000000000001
2026-03-22T21:10:07.745-455326-250481,280,true,6.487539558387049,1,2731.6885129355983,1.0,0.745
2026-03-22T21:10:07.745-455326-250481,252,true,2.009974718001869,1,2729.6785382175963,1.0,0.05800000000000005
2026-03-22T21:10:07.745-455326-250481,937,true,9.280615322642243,1,2720.397922894954,1.0,0.735
2026-03-22T21:10:07.745-455326-250481,834,true,4.851641780135681,1,2715.546281114818,1.0,0.06999999999999995
2026-03-22T21:10:07.745-455326-250481,168,true,0.3399329210643384,1,2715.206348193754,1.0,0.829
2026-03-22T21:10:07.745-455326-250481,885,true,22.73701401678045,1,2692.4693341769735,1.0,0.991
2026-03-22T21:10:07.745-455326-250481,527,true,174.59566424986556,1,2517.873669927108,1.0,0.989
2026-03-22T21:10:07.745-455326-250481,795,false,0.11648761909541604,1,2517.873669927108,1.0,1.0
2026-03-22T21:10:07.745-455326-250481,87,true,1.4569555256639368,1,2516.416714401444,1.0,0.0
2026-03-22T21:10:07.745-455326-250481,485,true,23.858861110935628,1,2492.5578532905083,1.0,0.989
2026-03-22T21:10:07.745-455326-250481,606,true,33.88615885174985,1,2458.6716944387585,1.0,0.05700000000000005
2026-03-22T21:10:07.745-455326-250481,903,true,0.3951043224640671,1,2458.2765901162943,1.0,0.99
2026-03-22T21:10:07.745-455326-250481,429,true,0.503769573585858,1,2457.7728205427084,1.0,0.759
2026-03-22T21:10:07.745-455326-250481,932,true,0.5298336096960744,1,2457.242986933012,1.0,0.75
2026-03-22T21:10:07.745-455326-250481,266,true,9.905237596223893,1,2447.3377493367884,1.0,0.74
2026-03-22T21:10:07.745-455326-250481,701,true,9.126602191436207,1,2438.2111471453522,1.0,0.74
2026-03-22T21:10:07.745-455326-250481,139,true,35.56527817600051,1,2402.645868969352,1.0,0.0
2026-03-22T21:10:07.745-455326-250481,481,true,2.1832134453507397,1,2400.462655524001,1.0,0.989
2026-03-22T21:10:07.745-455326-250481,774,true,6.565632664704338,1,2393.8970228592966,1.0,0.8029999999999999
2026-03-22T21:10:07.745-455326-250481,491,true,4.819333652696481,1,2389.0776892066,1.0,0.993
2026-03-22T21:10:07.745-455326-250481,950,true,9.85308045783836,1,2379.224608748762,1.0,0.994
2026-03-22T21:10:07.745-455326-250481,735,true,2.8131545643059925,1,2376.411454184456,1.0,0.702
2026-03-22T21:10:07.745-455326-250481,440,false,0.046783345750932834,1,2376.411454184456,1.0,1.0
2026-03-22T21:10:07.745-455326-250481,274,true,1.257978385791102,1,2375.153475798665,1.0,0.0
2026-03-22T21:10:07.745-455326-250481,674,true,4.483163382466193,1,2370.670312416199,1.0,0.19899999999999995
2026-03-22T21:10:07.745-455326-250481,218,true,4.847251138340362,1,2365.823061277859,1.0,0.743
2026-03-22T21:10:07.745-455326-250481,705,true,68.43599011548375,1,2297.387071162375,1.0,0.05500000000000005
2026-03-22T21:10:07.745-455326-250481,81,true,1.594986708466325,1,2295.7920844539085,1.0,0.22099999999999997
2026-03-22T21:10:07.745-455326-250481,235,true,3.6523265324046,1,2292.139757921504,1.0,0.792
2026-03-22T21:10:07.745-455326-250481,228,true,27.3055419764488,1,2264.8342159450553,1.0,0.06299999999999994
2026-03-22T21:10:07.745-455326-250481,171,true,35.34236550482566,1,2229.49185044023,1.0,0.723
2026-03-22T21:10:07.745-455326-250481,851,true,2.1556193554898195,1,2227.33623108474,1.0,0.988
2026-03-22T21:10:07.745-455326-250481,165,true,229.13199711348096,1,1998.204233971259,1.0,0.0
2026-03-22T21:10:07.745-455326-250481,484,false,0.08335852521108922,1,1998.204233971259,1.0,1.0
2026-03-22T21:10:07.745-455326-250481,311,true,15.62171103897522,1,1982.5825229322838,1.0,0.04600000000000004
2026-03-22T21:10:07.745-455326-250481,66,true,55.07831914619575,1,1927.504203786088,1.0,0.99
2026-03-22T21:10:07.745-455326-250481,633,true,0.3506901762483065,1,1927.1535136098398,1.0,0.986
2026-03-22T21:10:07.745-455326-250481,646,true,3.1774226885776096,1,1923.9760909212623,1.0,0.726
2026-03-22T21:10:07.745-455326-250481,309,true,22.034334910326283,1,1901.941756010936,1.0,0.0
2026-03-22T21:10:07.745-455326-250481,530,true,0.42225105257732365,1,1901.5195049583585,1.0,0.04700000000000004
2026-03-22T21:10:07.745-455326-250481,79,true,1.485773299003158,1,1900.0337316593555,1.0,0.06899999999999995
2026-03-22T21:10:07.745-455326-250481,723,true,4.859134930261424,1,1895.174596729094,1.0,0.722
2026-03-22T21:10:07.745-455326-250481,682,true,0.21774863495574145,1,1894.9568480941382,1.0,0.984
2026-03-22T21:10:07.745-455326-250481,575,false,0.14322074777815347,1,1894.9568480941382,1.0,1.0
2026-03-22T21:10:07.745-455326-250481,11,false,0.20787584183081892,1,1894.9568480941382,1.0,1.0
2026-03-22T21:10:07.745-455326-250481,307,true,0.8566224684765632,1,1894.1002256256616,1.0,0.246
2026-03-22T21:10:07.745-455326-250481,760,false,0.12436642439449994,1,1894.1002256256616,1.0,1.0
2026-03-22T21:10:07.745-455326-250481,514,true,15.194993961734946,1,1878.9052316639265,1.0,0.989
2026-03-22T21:10:07.745-455326-250481,317,true,0.5898016457535031,1,1878.315430018173,1.0,0.989
2026-03-22T21:10:07.745-455326-250481,203,true,2.7717009663474625,1,1875.5437290518255,1.0,0.745
2026-03-22T21:10:07.745-455326-250481,563,true,5.486587135003264,1,1870.0571419168223,1.0,0.991
2026-03-22T21:10:07.745-455326-250481,953,true,51.714345629539885,1,1818.3427962872825,1.0,0.728
2026-03-22T21:10:07.745-455326-250481,359,false,0.025170359061536696,1,1818.3427962872825,1.0,1.0
2026-03-22T21:10:07.745-455326-250481,409,true,308.30392887862513,1,1510.0388674086573,1.0,0.6970000000000001
2026-03-22T21:10:07.745-455326-250481,665,true,64.21912478070885,1,1445.8197426279485,1.0,0.706
2026-03-22T21:10:07.745-455326-250481,804,true,4.601523495921032,1,1441.2182191320273,1.0,0.993
2026-03-22T21:10:07.745-455326-250481,654,true,1446.245463338327,1,-5.027244206299656,1.0,0.531
2026-03-22T21:10:07.745-868789-578051,914,false,0.014529144587321328,1,4807.003215637543,1.0,1.0
2026-03-22T21:10:07.745-868789-578051,532,false,372.67852634065855,1,4807.003215637543,1.0,1.0
2026-03-22T21:10:07.745-868789-578051,676,false,19.238045014980493,1,4807.003215637543,1.0,1.0
2026-03-22T21:10:07.745-868789-578051,236,false,6.8493035973522325,1,4807.003215637543,1.0,1.0
2026-03-22T21:10:07.745-868789-578051,424,false,2.2216875590788328,1,4807.003215637543,1.0,1.0
2026-03-22T21:10:07.745-868789-578051,193,false,0.18233773699601163,1,4807.003215637543,1.0,1.0
2026-03-22T21:10:07.745-868789-578051,729,false,27.651493511150708,1,4807.003215637543,1.0,1.0
2026-03-22T21:10:07.745-868789-578051,866,false,7.321049167564959,1,4807.003215637543,1.0,1.0
2026-03-22T21:10:07.745-868789-578051,238,false,0.5626545554631757,1,4807.003215637543,1.0,1.0
2026-03-22T21:10:07.745-868789-578051,262,false,1.0902141851351663,1,4807.003215637543,1.0,1.0
2026-03-22T21:10:07.745-868789-578051,181,true,138.5556617645493,1,4668.447553872993,1.0,0.999
2026-03-22T21:10:07.745-868789-578051,48,false,3.7513744409446272,1,4668.447553872993,1.0,1.0
2026-03-22T21:10:07.745-868789-578051,594,false,18.464304425936323,1,4668.447553872993,1.0,1.0
2026-03-22T21:10:07.745-868789-578051,808,false,0.5213704965908094,1,4668.447553872993,1.0,1.0
2026-03-22T21:10:07.745-868789-578051,283,false,1.2195511044238765,1,4668.447553872993,1.0,1.0
2026-03-22T21:10:07.745-868789-578051,818,false,0.3378571020356188,1,4668.447553872993,1.0,1.0
2026-03-22T21:10:07.745-868789-578051,506,false,1.3409740406180988,1,4668.447553872993,1.0,1.0
2026-03-22T21:10:07.745-868789-578051,67,false,0.8950085947818843,1,4668.447553872993,1.0,1.0
2026-03-22T21:10:07.745-868789-578051,503,false,2.19219597482205,1,4668.447553872993,1.0,1.0
2026-03-22T21:10:07.745-868789-578051,350,false,38.633612164121296,1,4668.447553872993,1.0,1.0
2026-03-22T21:10:07.745-868789-578051,45,false,1.6414624324203633,1,4668.447553872993,1.0,1.0
2026-03-22T21:10:07.745-868789-578051,787,false,442.8620797061031,1,4668.447553872993,1.0,1.0
2026-03-22T21:10:07.745-868789-578051,116,false,0.16837791059293697,1,4668.447553872993,1.0,1.0
2026-03-22T21:10:07.745-868789-578051,905,false,28.68322295939213,1,4668.447553872993,1.0,1.0
2026-03-22T21:10:07.745-868789-578051,17,false,1.6271153641982352,1,4668.447553872993,1.0,1.0
2026-03-22T21:10:07.745-868789-578051,832,true,0.7200934058311014,1,4667.727460467162,1.0,0.628
2026-03-22T21:10:07.745-868789-578051,331,false,0.9419883486329189,1,4667.727460467162,1.0,1.0
2026-03-22T21:10:07.745-868789-578051,772,false,26.99178498099418,1,4667.727460467162,1.0,1.0
2026-03-22T21:10:07.745-868789-578051,312,false,5.628010603715868,1,4667.727460467162,1.0,1.0
2026-03-22T21:10:07.745-868789-578051,803,true,8.707144777017172,1,4659.020315690145,1.0,0.999
2026-03-22T21:10:07.745-868789-578051,999,false,0.16094259979751832,1,4659.020315690145,1.0,1.0
2026-03-22T21:10:07.745-868789-578051,249,false,0.8706361710001724,1,4659.020315690145,1.0,1.0
2026-03-22T21:10:07.745-868789-578051,326,false,0.1662674536922397,1,4659.020315690145,1.0,1.0
2026-03-22T21:10:07.745-868789-578051,994,false,11.658479167996274,1,4659.020315690145,1.0,1.0
2026-03-22T21:10:07.745-868789-578051,178,true,20.59096476502773,1,4638.429350925117,1.0,0.596
2026-03-22T21:10:07.745-868789-578051,464,false,7.714811889685277,1,4638.429350925117,1.0,1.0
2026-03-22T21:10:07.745-868789-578051,704,false,19.737585739819067,1,4638.429350925117,1.0,1.0
2026-03-22T21:10:07.745-868789-578051,465,true,37.31703418656499,1,4601.112316738552,1.0,0.999
2026-03-22T21:10:07.745-868789-578051,987,false,109.14781184661186,1,4601.112316738552,1.0,1.0
2026-03-22T21:10:07.745-868789-578051,486,false,1.31468599901916,1,4601.112316738552,1.0,1.0
2026-03-22T21:10:07.745-868789-578051,130,false,13.905761447941769,1,4601.112316738552,1.0,1.0
2026-03-22T21:10:07.745-868789-578051,274,false,0.38035070927100384,1,4601.112316738552,1.0,1.0
2026-03-22T21:10:07.745-868789-578051,695,false,84.07757689689747,1,4601.112316738552,1.0,1.0
2026-03-22T21:10:07.745-868789-578051,801,false,0.09179901344436223,1,4601.112316738552,1.0,1.0
2026-03-22T21:10:07.745-868789-578051,7,false,24.895969544051322,1,4601.112316738552,1.0,1.0
2026-03-22T21:10:07.745-868789-578051,588,false,1.7208116227127432,1,4601.112316738552,1.0,1.0
2026-03-22T21:10:07.745-868789-578051,660,false,0.05882535868357492,1,4601.112316738552,1.0,1.0
2026-03-22T21:10:07.745-868789-578051,693,false,0.12985908323834525,1,4601.112316738552,1.0,1.0
2026-03-22T21:10:07.745-868789-578051,422,false,0.07529192820531605,1,4601.112316738552,1.0,1.0
2026-03-22T21:10:07.745-868789-578051,675,false,7.814795486007718,1,4601.112316738552,1.0,1.0
2026-03-22T21:10:07.745-868789-578051,123,false,2.9424785992801663,1,4601.112316738552,1.0,1.0
2026-03-22T21:10:07.745-868789-578051,578,false,0.12774819008853333,1,4601.112316738552,1.0,1.0
2026-03-22T21:10:07.745-868789-578051,774,false,0.6343102764363339,1,4601.112316738552,1.0,1.0
2026-03-22T21:10:07.745-868789-578051,773,false,12.437559653910574,1,4601.112316738552,1.0,1.0
2026-03-22T21:10:07.745-868789-578051,941,false,0.15931422080367466,1,4601.112316738552,1.0,1.0
2026-03-22T21:10:07.745-868789-578051,750,false,0.20417952561001976,1,4601.112316738552,1.0,1.0
2026-03-22T21:10:07.745-868789-578051,52,true,0.4724765513490041,1,4600.639840187203,1.0,0.999
2026-03-22T21:10:07.745-868789-578051,909,true,14.4807847948029,1,4586.1590553924,1.0,0.864
2026-03-22T21:10:07.745-868789-578051,647,true,2.174561980074722,1,4583.984493412325,1.0,0.653
2026-03-22T21:10:07.745-868789-578051,924,true,1.549691332549151,1,4582.434802079776,1.0,0.999
2026-03-22T21:10:07.745-868789-578051,783,false,10.548635630991013,1,4582.434802079776,1.0,1.0
2026-03-22T21:10:07.745-868789-578051,630,false,0.28184475248655083,1,4582.434802079776,1.0,1.0
2026-03-22T21:10:07.745-868789-578051,677,false,4.820129768823654,1,4582.434802079776,1.0,1.0
2026-03-22T21:10:07.745-868789-578051,279,false,0.21945861545785314,1,4582.434802079776,1.0,1.0
2026-03-22T21:10:07.745-868789-578051,770,false,2.141214273453088,1,4582.434802079776,1.0,1.0
2026-03-22T21:10:07.745-868789-578051,233,false,1.613265161858475,1,4582.434802079776,1.0,1.0
2026-03-22T21:10:07.745-868789-578051,474,false,0.11865907845650964,1,4582.434802079776,1.0,1.0
2026-03-22T21:10:07.745-868789-578051,374,true,1.422134297955273,1,4581.012667781821,1.0,0.999
2026-03-22T21:10:07.745-868789-578051,635,false,0.6705469423005592,1,4581.012667781821,1.0,1.0
2026-03-22T21:10:07.745-868789-578051,328,true,0.6253212638197001,1,4580.387346518001,1.0,0.6950000000000001
2026-03-22T21:10:07.745-868789-578051,573,false,30.613998247672832,1,4580.387346518001,1.0,1.0
2026-03-22T21:10:07.745-868789-578051,668,false,24.71923356597801,1,4580.387346518001,1.0,1.0
2026-03-22T21:10:07.745-868789-578051,282,false,0.4606360231890899,1,4580.387346518001,1.0,1.0
2026-03-22T21:10:07.745-868789-578051,979,false,23.610890300430356,1,4580.387346518001,1.0,1.0
2026-03-22T21:10:07.745-868789-578051,51,true,4.912301282250512,1,4575.475045235751,1.0,0.648
2026-03-22T21:10:07.745-868789-578051,846,false,0.1912326036776563,1,4575.475045235751,1.0,1.0
2026-03-22T21:10:07.745-868789-578051,250,false,6.1969282427742485,1,4575.475045235751,1.0,1.0
2026-03-22T21:10:07.745-868789-578051,215,false,37.27008876128682,1,4575.475045235751,1.0,1.0
2026-03-22T21:10:07.745-868789-578051,297,false,0.7199538616274452,1,4575.475045235751,1.0,1.0
2026-03-22T21:10:07.745-868789-578051,703,false,8.660144566120522,1,4575.475045235751,1.0,1.0
2026-03-22T21:10:07.745-868789-578051,714,false,1.4316784250778614,1,4575.475045235751,1.0,1.0
2026-03-22T21:10:07.745-868789-578051,798,false,0.09676551338973399,1,4575.475045235751,1.0,1.0
2026-03-22T21:10:07.745-868789-578051,948,false,1.2201794839489843,1,4575.475045235751,1.0,1.0
2026-03-22T21:10:07.745-868789-578051,62,false,3.94428399756354,1,4575.475045235751,1.0,1.0
2026-03-22T21:10:07.745-868789-578051,533,false,1.2537623083195129,1,4575.475045235751,1.0,1.0
2026-03-22T21:10:07.745-868789-578051,977,false,2.6103575976405957,1,4575.475045235751,1.0,1.0
2026-03-22T21:10:07.745-868789-578051,501,false,2.833408200025209,1,4575.475045235751,1.0,1.0
2026-03-22T21:10:07.745-868789-578051,953,false,6.996082293602559,1,4575.475045235751,1.0,1.0
2026-03-22T21:10:07.745-868789-578051,352,false,9.188301827463667,1,4575.475045235751,1.0,1.0
2026-03-22T21:10:07.745-868789-578051,494,false,5.803388989748478,1,4575.475045235751,1.0,1.0
2026-03-22T21:10:07.745-868789-578051,989,false,26.73870145818123,1,4575.475045235751,1.0,1.0
2026-03-22T21:10:07.745-868789-578051,467,false,0.165936286649068,1,4575.475045235751,1.0,1.0
2026-03-22T21:10:07.745-868789-578051,363,false,1.7719629965192745,1,4575.475045235751,1.0,1.0
2026-03-22T21:10:07.745-868789-578051,415,false,7.2532983807597144,1,4575.475045235751,1.0,1.0
2026-03-22T21:10:07.745-868789-578051,575,false,6.025214123447142,1,4575.475045235751,1.0,1.0
2026-03-22T21:10:07.745-868789-578051,571,false,17.868303514076892,1,4575.475045235751,1.0,1.0
2026-03-22T21:10:07.745-868789-578051,735,false,16.53742549097189,1,4575.475045235751,1.0,1.0
2026-03-22T21:10:07.745-868789-578051,493,false,0.8353865167856215,1,4575.475045235751,1.0,1.0
2026-03-22T21:10:07.745-868789-578051,454,true,1.3939330115876316,1,4574.081112224164,1.0,0.999
2026-03-22T21:10:07.745-868789-578051,795,true,10.944046119600895,1,4563.137066104563,1.0,0.998
2026-03-22T21:10:07.745-868789-578051,604,false,3.330710313016857,1,4563.137066104563,1.0,1.0
2026-03-22T21:10:07.745-868789-578051,260,true,2.516450552753944,1,4560.620615551809,1.0,0.999
2026-03-22T21:10:07.745-868789-578051,151,false,0.3682218941025752,1,4560.620615551809,1.0,1.0
2026-03-22T21:10:07.745-868789-578051,411,false,13.40600195084155,1,4560.620615551809,1.0,1.0
2026-03-22T21:10:07.745-868789-578051,650,true,0.5998308466190205,1,4560.020784705191,1.0,0.009000000000000008
2026-03-22T21:10:07.745-868789-578051,788,true,90.05191299106795,1,4469.9688717141225,1.0,0.999
2026-03-22T21:10:07.745-868789-578051,940,true,0.554039488232774,1,4469.41483222589,1.0,0.774
2026-03-22T21:10:07.745-868789-578051,576,false,1.720300700320536,1,4469.41483222589,1.0,1.0
2026-03-22T21:10:07.745-868789-578051,646,true,5.926230298145478,1,4463.488601927745,1.0,0.016000000000000014
2026-03-22T21:10:07.745-868789-578051,739,true,16.376792167824867,1,4447.11180975992,1.0,0.778
2026-03-22T21:10:07.745-868789-578051,936,false,4.790630519476075,1,4447.11180975992,1.0,1.0
2026-03-22T21:10:07.745-868789-578051,844,false,22.166493285767167,1,4447.11180975992,1.0,1.0
2026-03-22T21:10:07.745-868789-578051,457,true,0.6471397253696021,1,4446.46467003455,1.0,0.637
2026-03-22T21:10:07.745-868789-578051,399,false,0.8755760633473529,1,4446.46467003455,1.0,1.0
2026-03-22T21:10:07.745-868789-578051,855,false,20.316010823774075,1,4446.46467003455,1.0,1.0
2026-03-22T21:10:07.745-868789-578051,831,true,1.9787934142401127,1,4444.48587662031,1.0,0.010000000000000009
2026-03-22T21:10:07.745-868789-578051,586,false,0.7332354460907801,1,4444.48587662031,1.0,1.0
2026-03-22T21:10:07.745-868789-578051,709,false,0.5022463697664458,1,4444.48587662031,1.0,1.0
2026-03-22T21:10:07.745-868789-578051,40,true,1.0733948961127993,1,4443.412481724197,1.0,0.999
2026-03-22T21:10:07.745-868789-578051,248,false,0.2094849360476543,1,4443.412481724197,1.0,1.0
2026-03-22T21:10:07.745-868789-578051,737,true,4.135779751541927,1,4439.276701972655,1.0,0.6679999999999999
2026-03-22T21:10:07.745-868789-578051,579,false,23.27929500068334,1,4439.276701972655,1.0,1.0
2026-03-22T21:10:07.745-868789-578051,463,true,50.60166085207443,1,4388.675041120581,1.0,0.636
2026-03-22T21:10:07.745-868789-578051,32,false,10.548669987680475,1,4388.675041120581,1.0,1.0
2026-03-22T21:10:07.745-868789-578051,560,false,1.6113629127305729,1,4388.675041120581,1.0,1.0
2026-03-22T21:10:07.745-868789-578051,366,false,1.3448266651386143,1,4388.675041120581,1.0,1.0
2026-03-22T21:10:07.745-868789-578051,495,false,13.138752880569461,1,4388.675041120581,1.0,1.0
2026-03-22T21:10:07.745-868789-578051,543,false,17.01906742115474,1,4388.675041120581,1.0,1.0
2026-03-22T21:10:07.745-868789-578051,206,true,134.30735062475677,1,4254.367690495825,1.0,0.999
2026-03-22T21:10:07.745-868789-578051,649,true,102.4283628279914,1,4151.939327667833,1.0,0.0
2026-03-22T21:10:07.745-868789-578051,118,false,6.924772825206454,1,4151.939327667833,1.0,1.0
2026-03-22T21:10:07.745-868789-578051,659,false,0.02571974941289777,1,4151.939327667833,1.0,1.0
2026-03-22T21:10:07.745-868789-578051,271,false,2.239820574796984,1,4151.939327667833,1.0,1.0
2026-03-22T21:10:07.745-868789-578051,139,false,17.827114897426476,1,4151.939327667833,1.0,1.0
2026-03-22T21:10:07.745-868789-578051,899,false,1.4839800051333776,1,4151.939327667833,1.0,1.0
2026-03-22T21:10:07.745-868789-578051,840,false,0.09066663952854749,1,4151.939327667833,1.0,1.0
2026-03-22T21:10:07.745-868789-578051,362,true,198.1787613547011,1,3953.7605663131317,1.0,0.999
2026-03-22T21:10:07.745-868789-578051,967,false,15.747897444136619,1,3953.7605663131317,1.0,1.0
2026-03-22T21:10:07.745-868789-578051,220,false,0.3011892032608897,1,3953.7605663131317,1.0,1.0
2026-03-22T21:10:07.745-868789-578051,21,true,29.50414782123585,1,3924.2564184918956,1.0,0.998
2026-03-22T21:10:07.745-868789-578051,90,false,1.1101037612792524,1,3924.2564184918956,1.0,1.0
2026-03-22T21:10:07.745-868789-578051,861,true,4.9322145385070755,1,3919.3242039533884,1.0,0.999
2026-03-22T21:10:07.745-868789-578051,672,false,1.8704307378779046,1,3919.3242039533884,1.0,1.0
2026-03-22T21:10:07.745-868789-578051,845,false,0.38502855878486486,1,3919.3242039533884,1.0,1.0
2026-03-22T21:10:07.745-868789-578051,89,false,3.6608003263121813,1,3919.3242039533884,1.0,1.0
2026-03-22T21:10:07.745-868789-578051,395,false,56.695818904228574,1,3919.3242039533884,1.0,1.0
2026-03-22T21:10:07.745-868789-578051,944,false,0.05847591848641604,1,3919.3242039533884,1.0,1.0
2026-03-22T21:10:07.745-868789-578051,254,false,2.3459171154682097,1,3919.3242039533884,1.0,1.0
2026-03-22T21:10:07.745-868789-578051,882,false,0.5562889715614332,1,3919.3242039533884,1.0,1.0
2026-03-22T21:10:07.745-868789-578051,811,false,1.211412303502481,1,3919.3242039533884,1.0,1.0
2026-03-22T21:10:07.745-868789-578051,883,false,16.472195964897047,1,3919.3242039533884,1.0,1.0
2026-03-22T21:10:07.745-868789-578051,822,false,4.3702894648792405,1,3919.3242039533884,1.0,1.0
2026-03-22T21:10:07.745-868789-578051,722,true,58.83608631293779,1,3860.4881176404506,1.0,0.645
2026-03-22T21:10:07.745-868789-578051,107,false,8.824970701639456,1,3860.4881176404506,1.0,1.0
2026-03-22T21:10:07.745-868789-578051,195,false,2.025372382274785,1,3860.4881176404506,1.0,1.0
2026-03-22T21:10:07.745-868789-578051,461,true,3.3700402312340803,1,3857.1180774092163,1.0,0.781
2026-03-22T21:10:07.745-868789-578051,710,false,0.735866887013654,1,3857.1180774092163,1.0,1.0
2026-03-22T21:10:07.745-868789-578051,698,false,90.04062997812798,1,3857.1180774092163,1.0,1.0
2026-03-22T21:10:07.745-868789-578051,257,true,1.56605945686474,1,3855.5520179523514,1.0,0.6699999999999999
2026-03-22T21:10:07.745-868789-578051,767,false,0.32829335539287574,1,3855.5520179523514,1.0,1.0
2026-03-22T21:10:07.745-868789-578051,264,true,3.619396320510187,1,3851.9326216318414,1.0,0.999
2026-03-22T21:10:07.745-868789-578051,134,true,5.851042103548812,1,3846.0815795282924,1.0,0.785
2026-03-22T21:10:07.745-868789-578051,674,false,31.76951319380629,1,3846.0815795282924,1.0,1.0
2026-03-22T21:10:07.745-868789-578051,442,false,11.659371634853636,1,3846.0815795282924,1.0,1.0
2026-03-22T21:10:07.745-868789-578051,973,false,2.4861245906856846,1,3846.0815795282924,1.0,1.0
2026-03-22T21:10:07.745-868789-578051,180,true,166.40341368760562,1,3679.6781658406867,1.0,0.009000000000000008
2026-03-22T21:10:07.745-868789-578051,36,false,4.120279736740068,1,3679.6781658406867,1.0,1.0
2026-03-22T21:10:07.745-868789-578051,516,true,3.805447654264024,1,3675.872718186423,1.0,0.999
2026-03-22T21:10:07.745-868789-578051,928,false,4.290897771495923,1,3675.872718186423,1.0,1.0
2026-03-22T21:10:07.745-868789-578051,388,false,57.20170280872282,1,3675.872718186423,1.0,1.0
2026-03-22T21:10:07.745-868789-578051,183,false,0.10660960123738923,1,3675.872718186423,1.0,1.0
2026-03-22T21:10:07.745-868789-578051,230,false,86.43768749513625,1,3675.872718186423,1.0,1.0
2026-03-22T21:10:07.745-868789-578051,804,true,1.31019017507558,1,3674.5625280113472,1.0,0.6599999999999999
2026-03-22T21:10:07.745-868789-578051,545,false,11.188437184814239,1,3674.5625280113472,1.0,1.0
2026-03-22T21:10:07.745-868789-578051,978,false,4.716445881724481,1,3674.5625280113472,1.0,1.0
2026-03-22T21:10:07.745-868789-578051,843,true,0.40288624194921746,1,3674.159641769398,1.0,0.999
2026-03-22T21:10:07.745-868789-578051,46,true,0.29315074701379795,1,3673.8664910223843,1.0,0.999
2026-03-22T21:10:07.745-868789-578051,346,false,0.2200113255182115,1,3673.8664910223843,1.0,1.0
2026-03-22T21:10:07.745-868789-578051,725,true,1.1684812143999603,1,3672.6980098079844,1.0,0.649
2026-03-22T21:10:07.745-868789-578051,354,false,2.9619215293545977,1,3672.6980098079844,1.0,1.0
2026-03-22T21:10:07.745-868789-578051,242,false,5.417115376354271,1,3672.6980098079844,1.0,1.0
2026-03-22T21:10:07.745-868789-578051,712,false,16.18248986390606,1,3672.6980098079844,1.0,1.0
2026-03-22T21:10:07.745-868789-578051,782,false,0.18236902176566372,1,3672.6980098079844,1.0,1.0
2026-03-22T21:10:07.745-868789-578051,741,true,125.79436616870554,1,3546.903643639279,1.0,0.641
2026-03-22T21:10:07.745-868789-578051,451,false,0.14292397367331658,1,3546.903643639279,1.0,1.0
2026-03-22T21:10:07.745-868789-578051,597,true,1.6537249492226997,1,3545.2499186900563,1.0,0.999
2026-03-22T21:10:07.745-868789-578051,500,true,0.7792415732080774,1,3544.4706771168485,1.0,0.999
2026-03-22T21:10:07.745-868789-578051,688,false,4.431237320906731,1,3544.4706771168485,1.0,1.0
2026-03-22T21:10:07.745-868789-578051,626,false,0.020360909148248577,1,3544.4706771168485,1.0,1.0
2026-03-22T21:10:07.745-868789-578051,72,false,0.04934694431792662,1,3544.4706771168485,1.0,1.0
2026-03-22T21:10:07.745-868789-578051,969,true,0.9437365278452768,1,3543.526940589003,1.0,0.999
2026-03-22T21:10:07.745-868789-578051,841,false,0.04876659225434431,1,3543.526940589003,1.0,1.0
2026-03-22T21:10:07.745-868789-578051,976,true,56.1651168419216,1,3487.3618237470814,1.0,0.999
2026-03-22T21:10:07.745-868789-578051,39,true,0.31984309016995105,1,3487.0419806569116,1.0,0.671
2026-03-22T21:10:07.745-868789-578051,44,true,22.894689650713893,1,3464.1472910061975,1.0,0.669
2026-03-22T21:10:07.745-868789-578051,849,false,4.885756689673963,1,3464.1472910061975,1.0,1.0
2026-03-22T21:10:07.745-868789-578051,19,true,20.157415359910868,1,3443.9898756462867,1.0,0.628
2026-03-22T21:10:07.745-868789-578051,375,true,2.8332925817583203,1,3441.156583064528,1.0,0.769
2026-03-22T21:10:07.745-868789-578051,222,false,19.804021158179506,1,3441.156583064528,1.0,1.0
2026-03-22T21:10:07.745-868789-578051,561,false,0.08365119099039933,1,3441.156583064528,1.0,1.0
2026-03-22T21:10:07.745-868789-578051,910,true,0.43330895696922667,1,3440.723274107559,1.0,0.645
2026-03-22T21:10:07.745-868789-578051,15,false,3.1471773512983106,1,3440.723274107559,1.0,1.0
2026-03-22T21:10:07.745-868789-578051,694,false,47.676774401276475,1,3440.723274107559,1.0,1.0
2026-03-22T21:10:07.745-868789-578051,81,false,0.7893488528754514,1,3440.723274107559,1.0,1.0
2026-03-22T21:10:07.745-868789-578051,231,false,20.21245233039689,1,3440.723274107559,1.0,1.0
2026-03-22T21:10:07.745-868789-578051,5,false,0.010876593846474767,1,3440.723274107559,1.0,1.0
2026-03-22T21:10:07.745-868789-578051,74,false,28.51541074352429,1,3440.723274107559,1.0,1.0
2026-03-22T21:10:07.745-868789-578051,369,false,20.54636279196812,1,3440.723274107559,1.0,1.0
2026-03-22T21:10:07.745-868789-578051,870,false,0.892145445254647,1,3440.723274107559,1.0,1.0
2026-03-22T21:10:07.745-868789-578051,113,false,3.6018701450780055,1,3440.723274107559,1.0,1.0
2026-03-22T21:10:07.745-868789-578051,728,true,10.237490589559245,1,3430.4857835179996,1.0,0.642
2026-03-22T21:10:07.745-868789-578051,893,false,9.58036819646566,1,3430.4857835179996,1.0,1.0
2026-03-22T21:10:07.745-868789-578051,255,true,0.8833137581932047,1,3429.6024697598064,1.0,0.638
2026-03-22T21:10:07.745-868789-578051,286,false,0.016092890403342434,1,3429.6024697598064,1.0,1.0
2026-03-22T21:10:07.745-868789-578051,796,false,0.08256454848079128,1,3429.6024697598064,1.0,1.0
2026-03-22T21:10:07.745-868789-578051,61,false,13.353328792764403,1,3429.6024697598064,1.0,1.0
2026-03-22T21:10:07.745-868789-578051,633,false,8.85766866755634,1,3429.6024697598064,1.0,1.0
2026-03-22T21:10:07.745-868789-578051,961,false,3.487008202997226,1,3429.6024697598064,1.0,1.0
2026-03-22T21:10:07.745-868789-578051,413,false,29.287572000651164,1,3429.6024697598064,1.0,1.0
2026-03-22T21:10:07.745-868789-578051,631,false,2.263828659812923,1,3429.6024697598064,1.0,1.0
2026-03-22T21:10:07.745-868789-578051,766,false,0.502216628230875,1,3429.6024697598064,1.0,1.0
2026-03-22T21:10:07.745-868789-578051,28,false,0.8523644230991708,1,3429.6024697598064,1.0,1.0
2026-03-22T21:10:07.745-868789-578051,769,false,64.43857135456909,1,3429.6024697598064,1.0,1.0
2026-03-22T21:10:07.745-868789-578051,502,true,8.475631862508795,1,3421.1268378972977,1.0,0.774
2026-03-22T21:10:07.745-868789-578051,175,true,0.304920786283086,1,3420.8219171110145,1.0,0.774
2026-03-22T21:10:07.745-868789-578051,874,false,56.92107313723302,1,3420.8219171110145,1.0,1.0
2026-03-22T21:10:07.745-868789-578051,577,false,9.286577289591774,1,3420.8219171110145,1.0,1.0
2026-03-22T21:10:07.745-868789-578051,59,true,0.7136142901824093,1,3420.1083028208323,1.0,0.784
2026-03-22T21:10:07.745-868789-578051,749,false,1.0264415342851696,1,3420.1083028208323,1.0,1.0
2026-03-22T21:10:07.745-868789-578051,606,false,0.1324437764453704,1,3420.1083028208323,1.0,1.0
2026-03-22T21:10:07.745-868789-578051,241,false,0.2220205987491421,1,3420.1083028208323,1.0,1.0
2026-03-22T21:10:07.745-868789-578051,985,false,5.595118954845472,1,3420.1083028208323,1.0,1.0
2026-03-22T21:10:07.745-868789-578051,315,false,0.5594068116089964,1,3420.1083028208323,1.0,1.0
2026-03-22T21:10:07.745-868789-578051,269,false,22.300226721766716,1,3420.1083028208323,1.0,1.0
2026-03-22T21:10:07.745-868789-578051,554,false,0.07443393669209465,1,3420.1083028208323,1.0,1.0
2026-03-22T21:10:07.745-868789-578051,507,false,1.0081516075729544,1,3420.1083028208323,1.0,1.0
2026-03-22T21:10:07.745-868789-578051,590,false,1.1932233636674352,1,3420.1083028208323,1.0,1.0
2026-03-22T21:10:07.745-868789-578051,624,false,65.0837040684889,1,3420.1083028208323,1.0,1.0
2026-03-22T21:10:07.745-868789-578051,637,true,23.14824230368426,1,3396.960060517148,1.0,0.646
2026-03-22T21:10:07.745-868789-578051,758,false,0.043288703535675606,1,3396.960060517148,1.0,1.0
2026-03-22T21:10:07.745-868789-578051,666,true,4.853311201130734,1,3392.1067493160176,1.0,0.782
2026-03-22T21:10:07.745-868789-578051,462,true,1.7183228412567924,1,3390.3884264747608,1.0,0.0
2026-03-22T21:10:07.745-868789-578051,625,false,2.8503643938274905,1,3390.3884264747608,1.0,1.0
2026-03-22T21:10:07.745-868789-578051,589,false,70.12932175581392,1,3390.3884264747608,1.0,1.0
2026-03-22T21:10:07.745-868789-578051,720,false,0.051774319564347054,1,3390.3884264747608,1.0,1.0
2026-03-22T21:10:07.745-868789-578051,18,true,1.786155152462095,1,3388.6022713222987,1.0,0.01100000000000001
2026-03-22T21:10:07.745-868789-578051,921,true,0.5798819075499426,1,3388.022389414749,1.0,0.6910000000000001
2026-03-22T21:10:07.745-868789-578051,792,true,0.799789141947074,1,3387.2226002728016,1.0,0.643
2026-03-22T21:10:07.745-868789-578051,654,false,2.8258577547865467,1,3387.2226002728016,1.0,1.0
2026-03-22T21:10:07.745-868789-578051,329,true,3.4662627905078103,1,3383.756337482294,1.0,0.675
2026-03-22T21:10:07.745-868789-578051,478,false,1.2854493122968578,1,3383.756337482294,1.0,1.0
2026-03-22T21:10:07.745-868789-578051,88,true,0.274618797285973,1,3383.4817186850078,1.0,0.999
2026-03-22T21:10:07.745-868789-578051,942,true,0.48183876552132276,1,3382.9998799194864,1.0,0.631
2026-03-22T21:10:07.745-868789-578051,530,false,3.6663846713063215,1,3382.9998799194864,1.0,1.0
2026-03-22T21:10:07.745-868789-578051,742,true,11.590976256999323,1,3371.408903662487,1.0,0.009000000000000008
2026-03-22T21:10:07.745-868789-578051,425,false,40.06608678903886,1,3371.408903662487,1.0,1.0
2026-03-22T21:10:07.745-868789-578051,97,false,1.7775726572858153,1,3371.408903662487,1.0,1.0
2026-03-22T21:10:07.745-868789-578051,884,false,9.102304515842654,1,3371.408903662487,1.0,1.0
2026-03-22T21:10:07.745-868789-578051,199,true,3.7058577856247252,1,3367.7030458768622,1.0,0.653
2026-03-22T21:10:07.745-868789-578051,277,false,19.775042053434056,1,3367.7030458768622,1.0,1.0
2026-03-22T21:10:07.745-868789-578051,364,true,2.4540445078096385,1,3365.2490013690526,1.0,0.747
2026-03-22T21:10:07.745-868789-578051,298,false,5.786274058570767,1,3365.2490013690526,1.0,1.0
2026-03-22T21:10:07.745-868789-578051,548,true,5.212410150645968,1,3360.0365912184066,1.0,0.655
2026-03-22T21:10:07.745-868789-578051,971,true,21.84110922298357,1,3338.195481995423,1.0,0.656
2026-03-22T21:10:07.745-868789-578051,11,false,0.7067593723353119,1,3338.195481995423,1.0,1.0
2026-03-22T21:10:07.745-868789-578051,848,false,9.540764371345217,1,3338.195481995423,1.0,1.0
2026-03-22T21:10:07.745-868789-578051,265,false,0.0989871212304504,1,3338.195481995423,1.0,1.0
2026-03-22T21:10:07.745-868789-578051,718,true,345.00152626867293,1,2993.19395572675,1.0,0.735
2026-03-22T21:10:07.745-868789-578051,177,true,4.6014962402472905,1,2988.592459486503,1.0,0.0
2026-03-22T21:10:07.745-868789-578051,307,false,3.035101211602135,1,2988.592459486503,1.0,1.0
2026-03-22T21:10:07.745-868789-578051,991,false,0.9410696078145893,1,2988.592459486503,1.0,1.0
2026-03-22T21:10:07.745-868789-578051,555,false,0.25000177590616457,1,2988.592459486503,1.0,1.0
2026-03-22T21:10:07.745-868789-578051,946,false,4.9620558291514,1,2988.592459486503,1.0,1.0
2026-03-22T21:10:07.745-868789-578051,379,false,3.0550523418293745,1,2988.592459486503,1.0,1.0
2026-03-22T21:10:07.745-868789-578051,310,false,1.465376047168736,1,2988.592459486503,1.0,1.0
2026-03-22T21:10:07.745-868789-578051,562,false,27.72636253025343,1,2988.592459486503,1.0,1.0
2026-03-22T21:10:07.745-868789-578051,430,true,1.417321148905679,1,2987.175138337597,1.0,0.999
2026-03-22T21:10:07.745-868789-578051,140,true,1.289323449941854,1,2985.885814887655,1.0,0.07499999999999996
2026-03-22T21:10:07.745-868789-578051,747,false,1.5054974783865638,1,2985.885814887655,1.0,1.0
2026-03-22T21:10:07.745-868789-578051,127,false,27.651417700488672,1,2985.885814887655,1.0,1.0
2026-03-22T21:10:07.745-868789-578051,705,false,4.720494541431016,1,2985.885814887655,1.0,1.0
2026-03-22T21:10:07.745-868789-578051,557,false,12.146302903448285,1,2985.885814887655,1.0,1.0
2026-03-22T21:10:07.745-868789-578051,901,false,0.01657193164244239,1,2985.885814887655,1.0,1.0
2026-03-22T21:10:07.745-868789-578051,423,false,10.997551915926776,1,2985.885814887655,1.0,1.0
2026-03-22T21:10:07.745-868789-578051,859,true,1.5015146317149897,1,2984.38430025594,1.0,0.647
2026-03-22T21:10:07.745-868789-578051,968,true,1.9818828503161432,1,2982.402417405624,1.0,0.01100000000000001
2026-03-22T21:10:07.745-868789-578051,934,false,35.13506587874445,1,2982.402417405624,1.0,1.0
2026-03-22T21:10:07.745-868789-578051,820,false,6.149029240734145,1,2982.402417405624,1.0,1.0
2026-03-22T21:10:07.745-868789-578051,218,false,3.0604112278989994,1,2982.402417405624,1.0,1.0
2026-03-22T21:10:07.745-868789-578051,538,true,4.0488393213030776,1,2978.353578084321,1.0,0.999
2026-03-22T21:10:07.745-868789-578051,25,false,9.797037843568681,1,2978.353578084321,1.0,1.0
2026-03-22T21:10:07.745-868789-578051,734,true,6.340221355382499,1,2972.013356728938,1.0,0.857
2026-03-22T21:10:07.745-868789-578051,24,true,13.59343205332975,1,2958.4199246756084,1.0,0.632
2026-03-22T21:10:07.745-868789-578051,805,true,6.377389811045226,1,2952.042534864563,1.0,0.17900000000000005
2026-03-22T21:10:07.745-868789-578051,82,false,8.704083694283003,1,2952.042534864563,1.0,1.0
2026-03-22T21:10:07.745-868789-578051,992,false,6.800825359183315,1,2952.042534864563,1.0,1.0
2026-03-22T21:10:07.745-868789-578051,409,false,0.19609759132679985,1,2952.042534864563,1.0,1.0
2026-03-22T21:10:07.745-868789-578051,319,false,0.759647216945494,1,2952.042534864563,1.0,1.0
2026-03-22T21:10:07.745-868789-578051,383,false,11.773650464169494,1,2952.042534864563,1.0,1.0
2026-03-22T21:10:07.745-868789-578051,581,false,0.703529736010683,1,2952.042534864563,1.0,1.0
2026-03-22T21:10:07.745-868789-578051,923,false,0.08020150849682417,1,2952.042534864563,1.0,1.0
2026-03-22T21:10:07.745-868789-578051,22,false,0.09543995009301809,1,2952.042534864563,1.0,1.0
2026-03-22T21:10:07.745-868789-578051,751,false,7.897483424083188,1,2952.042534864563,1.0,1.0
2026-03-22T21:10:07.745-868789-578051,187,true,8.369017187589174,1,2943.673517676974,1.0,0.852
2026-03-22T21:10:07.745-868789-578051,643,true,44.29693627316724,1,2899.3765814038065,1.0,0.17200000000000004
2026-03-22T21:10:07.745-868789-578051,237,false,0.56825730176877,1,2899.3765814038065,1.0,1.0
2026-03-22T21:10:07.745-868789-578051,47,true,3.512509039808312,1,2895.8640723639983,1.0,0.017000000000000015
2026-03-22T21:10:07.745-868789-578051,16,true,5.875487419680374,1,2889.988584944318,1.0,0.008000000000000007
2026-03-22T21:10:07.745-868789-578051,499,true,23.249379606066043,1,2866.739205338252,1.0,0.0050000000000000044
2026-03-22T21:10:07.745-868789-578051,623,false,0.15658964104478867,1,2866.739205338252,1.0,1.0
2026-03-22T21:10:07.745-868789-578051,226,false,0.6317549281791947,1,2866.739205338252,1.0,1.0
2026-03-22T21:10:07.745-868789-578051,272,false,6.333884288464359,1,2866.739205338252,1.0,1.0
2026-03-22T21:10:07.745-868789-578051,428,true,0.5601720493495908,1,2866.1790332889022,1.0,0.6719999999999999
2026-03-22T21:10:07.745-868789-578051,629,false,2.858486796197537,1,2866.1790332889022,1.0,1.0
2026-03-22T21:10:07.745-868789-578051,897,false,0.03587231986356877,1,2866.1790332889022,1.0,1.0
2026-03-22T21:10:07.745-868789-578051,56,true,9.044333289212386,1,2857.13469999969,1.0,0.851
2026-03-22T21:10:07.745-868789-578051,435,false,4.8219297235408245,1,2857.13469999969,1.0,1.0
2026-03-22T21:10:07.745-868789-578051,572,false,0.49717787711672845,1,2857.13469999969,1.0,1.0
2026-03-22T21:10:07.745-868789-578051,351,false,0.8336272514968197,1,2857.13469999969,1.0,1.0
2026-03-22T21:10:07.745-868789-578051,380,false,4.486064770748895,1,2857.13469999969,1.0,1.0
2026-03-22T21:10:07.745-868789-578051,651,true,2.9184587010137286,1,2854.2162412986763,1.0,0.0
2026-03-22T21:10:07.745-868789-578051,202,true,519.0718733973154,1,2335.144367901361,1.0,0.0040000000000000036
2026-03-22T21:10:07.745-868789-578051,686,false,2.46351101329789,1,2335.144367901361,1.0,1.0
2026-03-22T21:10:07.745-868789-578051,505,true,47.06240084585789,1,2288.081967055503,1.0,0.648
2026-03-22T21:10:07.745-868789-578051,91,true,1.2714378842535834,1,2286.8105291712495,1.0,0.635
2026-03-22T21:10:07.745-868789-578051,313,false,0.1082184343412299,1,2286.8105291712495,1.0,1.0
2026-03-22T21:10:07.745-868789-578051,939,true,0.704229922833285,1,2286.1062992484162,1.0,0.0
2026-03-22T21:10:07.745-868789-578051,863,true,5.9497225230295285,1,2280.156576725387,1.0,0.661
2026-03-22T21:10:07.745-868789-578051,53,true,1.5135692145527262,1,2278.643007510834,1.0,0.0
2026-03-22T21:10:07.745-868789-578051,306,false,112.78973912313265,1,2278.643007510834,1.0,1.0
2026-03-22T21:10:07.745-868789-578051,194,false,4.033988685109071,1,2278.643007510834,1.0,1.0
2026-03-22T21:10:07.745-868789-578051,173,true,3.0694844825809247,1,2275.5735230282535,1.0,0.787
2026-03-22T21:10:07.745-868789-578051,460,true,1.850233763276554,1,2273.7232892649768,1.0,0.0
2026-03-22T21:10:07.745-868789-578051,887,false,20.066410893709183,1,2273.7232892649768,1.0,1.0
2026-03-22T21:10:07.745-868789-578051,780,false,0.16135686766505916,1,2273.7232892649768,1.0,1.0
2026-03-22T21:10:07.745-868789-578051,771,false,3.255259791254969,1,2273.7232892649768,1.0,1.0
2026-03-22T21:10:07.745-868789-578051,100,false,0.6808992247424854,1,2273.7232892649768,1.0,1.0
2026-03-22T21:10:07.745-868789-578051,244,false,0.0404801189664052,1,2273.7232892649768,1.0,1.0
2026-03-22T21:10:07.745-868789-578051,373,true,1.9892771601881873,1,2271.7340121047887,1.0,0.02100000000000002
2026-03-22T21:10:07.745-868789-578051,253,true,8.577508210621172,1,2263.1565038941676,1.0,0.778
2026-03-22T21:10:07.745-868789-578051,64,false,3.797947835730581,1,2263.1565038941676,1.0,1.0
2026-03-22T21:10:07.745-868789-578051,41,true,11.07849097969262,1,2252.078012914475,1.0,0.0
2026-03-22T21:10:07.745-868789-578051,871,false,0.025310141967854083,1,2252.078012914475,1.0,1.0
2026-03-22T21:10:07.745-868789-578051,867,false,1.7937407892909016,1,2252.078012914475,1.0,1.0
2026-03-22T21:10:07.745-868789-578051,149,false,0.5046700094851762,1,2252.078012914475,1.0,1.0
2026-03-22T21:10:07.745-868789-578051,303,false,21.380482882884728,1,2252.078012914475,1.0,1.0
2026-03-22T21:10:07.745-868789-578051,434,false,28.50521091497917,1,2252.078012914475,1.0,1.0
2026-03-22T21:10:07.745-868789-578051,517,false,0.0450209773449248,1,2252.078012914475,1.0,1.0
2026-03-22T21:10:07.745-868789-578051,332,false,0.0364760449039483,1,2252.078012914475,1.0,1.0
2026-03-22T21:10:07.745-868789-578051,162,false,5.159525282209755,1,2252.078012914475,1.0,1.0
2026-03-22T21:10:07.745-868789-578051,455,true,8.393646263304628,1,2243.6843666511704,1.0,0.013000000000000012
2026-03-22T21:10:07.745-868789-578051,756,true,1.7845899909329859,1,2241.8997766602374,1.0,0.647
2026-03-22T21:10:07.745-868789-578051,14,true,7.076730200499357,1,2234.823046459738,1.0,0.6699999999999999
2026-03-22T21:10:07.745-868789-578051,794,true,26.46762241311816,1,2208.35542404662,1.0,0.01100000000000001
2026-03-22T21:10:07.745-868789-578051,964,false,0.6112547908775445,1,2208.35542404662,1.0,1.0
2026-03-22T21:10:07.745-868789-578051,717,true,171.84931643547222,1,2036.5061076111479,1.0,0.579
2026-03-22T21:10:07.745-868789-578051,80,false,1.9336244382808612,1,2036.5061076111479,1.0,1.0
2026-03-22T21:10:07.745-868789-578051,323,true,1.7023223064081712,1,2034.8037853047397,1.0,0.656
2026-03-22T21:10:07.745-868789-578051,618,true,2.561857409279698,1,2032.2419278954599,1.0,0.999
2026-03-22T21:10:07.745-868789-578051,212,false,1.611886875685383,1,2032.2419278954599,1.0,1.0
2026-03-22T21:10:07.745-868789-578051,84,false,5.576522199744687,1,2032.2419278954599,1.0,1.0
2026-03-22T21:10:07.745-868789-578051,473,false,8.654477398820983,1,2032.2419278954599,1.0,1.0
2026-03-22T21:10:07.745-868789-578051,833,true,55.11200956867909,1,1977.1299183267809,1.0,0.0
2026-03-22T21:10:07.745-868789-578051,821,false,94.72593315992766,1,1977.1299183267809,1.0,1.0
2026-03-22T21:10:07.745-868789-578051,204,true,0.5908474461462349,1,1976.5390708806347,1.0,0.0
2026-03-22T21:10:07.745-868789-578051,372,true,24.350622707389796,1,1952.1884481732448,1.0,0.0
2026-03-22T21:10:07.745-868789-578051,563,false,1.4902258362037335,1,1952.1884481732448,1.0,1.0
2026-03-22T21:10:07.745-868789-578051,401,false,11.941832781350469,1,1952.1884481732448,1.0,1.0
2026-03-22T21:10:07.745-868789-578051,592,false,61.38875618014552,1,1952.1884481732448,1.0,1.0
2026-03-22T21:10:07.745-868789-578051,268,true,5.113183457411455,1,1947.0752647158333,1.0,0.999
2026-03-22T21:10:07.745-868789-578051,148,false,1.0897210156828927,1,1947.0752647158333,1.0,1.0
2026-03-22T21:10:07.745-868789-578051,656,false,0.23163375103917155,1,1947.0752647158333,1.0,1.0
2026-03-22T21:10:07.745-868789-578051,198,true,3.7990671352912986,1,1943.276197580542,1.0,0.018000000000000016
2026-03-22T21:10:07.745-868789-578051,86,true,17.467449679803135,1,1925.8087479007388,1.0,0.665
2026-03-22T21:10:07.745-868789-578051,50,true,107.94698865914108,1,1817.8617592415976,1.0,0.0
2026-03-22T21:10:07.745-868789-578051,105,false,0.35378622359313394,1,1817.8617592415976,1.0,1.0
2026-03-22T21:10:07.745-868789-578051,184,true,38.94256675578709,1,1778.9191924858105,1.0,0.009000000000000008
2026-03-22T21:10:07.745-868789-578051,960,false,3.682757222774134,1,1778.9191924858105,1.0,1.0
2026-03-22T21:10:07.745-868789-578051,997,false,2.570825798066058,1,1778.9191924858105,1.0,1.0
2026-03-22T21:10:07.745-868789-578051,868,false,13.016924484125445,1,1778.9191924858105,1.0,1.0
2026-03-22T21:10:07.745-868789-578051,403,false,1.3634628924637473,1,1778.9191924858105,1.0,1.0
2026-03-22T21:10:07.745-868789-578051,862,true,9.06974654340573,1,1769.8494459424048,1.0,0.0
2026-03-22T21:10:07.745-868789-578051,223,false,1.7664836597322473,1,1769.8494459424048,1.0,1.0
2026-03-22T21:10:07.745-868789-578051,320,true,1.9964514100808166,1,1767.852994532324,1.0,0.777
2026-03-22T21:10:07.745-868789-578051,153,false,0.06647014079658858,1,1767.852994532324,1.0,1.0
2026-03-22T21:10:07.745-868789-578051,600,true,1.8538205042079752,1,1765.999174028116,1.0,0.6779999999999999
2026-03-22T21:10:07.745-868789-578051,639,true,0.4039297919320151,1,1765.5952442361838,1.0,0.014000000000000012
2026-03-22T21:10:07.745-868789-578051,762,true,11.005080606857149,1,1754.5901636293268,1.0,0.653
2026-03-22T21:10:07.745-868789-578051,280,false,0.6430044815951492,1,1754.5901636293268,1.0,1.0
2026-03-22T21:10:07.745-868789-578051,247,false,52.15164136522265,1,1754.5901636293268,1.0,1.0
2026-03-22T21:10:07.745-868789-578051,245,false,1.46890736357908,1,1754.5901636293268,1.0,1.0
2026-03-22T21:10:07.745-868789-578051,133,true,0.4998143465755017,1,1754.0903492827513,1.0,0.651
2026-03-22T21:10:07.745-868789-578051,993,false,10.002962247956674,1,1754.0903492827513,1.0,1.0
2026-03-22T21:10:07.745-868789-578051,407,false,6.654445650260761,1,1754.0903492827513,1.0,1.0
2026-03-22T21:10:07.745-868789-578051,63,false,0.18868902161688703,1,1754.0903492827513,1.0,1.0
2026-03-22T21:10:07.745-868789-578051,952,false,0.12660747179992973,1,1754.0903492827513,1.0,1.0
2026-03-22T21:10:07.745-868789-578051,1000,false,2.197990173330015,1,1754.0903492827513,1.0,1.0
2026-03-22T21:10:07.745-868789-578051,521,false,25.732511413550597,1,1754.0903492827513,1.0,1.0
2026-03-22T21:10:07.745-868789-578051,955,false,3.5987908294908193,1,1754.0903492827513,1.0,1.0
2026-03-22T21:10:07.745-868789-578051,622,false,1.465169605686409,1,1754.0903492827513,1.0,1.0
2026-03-22T21:10:07.745-868789-578051,152,false,0.44790039023006406,1,1754.0903492827513,1.0,1.0
2026-03-22T21:10:07.745-868789-578051,471,false,0.5526788410430942,1,1754.0903492827513,1.0,1.0
2026-03-22T21:10:07.745-868789-578051,484,false,3.1579274647909927,1,1754.0903492827513,1.0,1.0
2026-03-22T21:10:07.745-868789-578051,617,true,132.5230123855755,1,1621.5673368971757,1.0,0.628
2026-03-22T21:10:07.745-868789-578051,216,false,5.687606870800691,1,1621.5673368971757,1.0,1.0
2026-03-22T21:10:07.745-868789-578051,445,false,5.243542821327902,1,1621.5673368971757,1.0,1.0
2026-03-22T21:10:07.745-868789-578051,174,true,18.679982155390714,1,1602.887354741785,1.0,0.0
2026-03-22T21:10:07.745-868789-578051,903,false,70.64025548229527,1,1602.887354741785,1.0,1.0
2026-03-22T21:10:07.745-868789-578051,322,true,5.9489082592725815,1,1596.9384464825123,1.0,0.0
2026-03-22T21:10:07.745-868789-578051,908,true,10.425907452060036,1,1586.5125390304522,1.0,0.017000000000000015
2026-03-22T21:10:07.745-868789-578051,137,true,22.927737097263705,1,1563.5848019331886,1.0,0.009000000000000008
2026-03-22T21:10:07.745-868789-578051,702,false,5.234525342623873,1,1563.5848019331886,1.0,1.0
2026-03-22T21:10:07.745-868789-578051,94,true,1.3040869796569399,1,1562.2807149535317,1.0,0.649
2026-03-22T21:10:07.745-868789-578051,394,false,1.3998635362626142,1,1562.2807149535317,1.0,1.0
2026-03-22T21:10:07.745-868789-578051,655,false,2.23044225782295,1,1562.2807149535317,1.0,1.0
2026-03-22T21:10:07.745-868789-578051,479,true,0.7768191487422778,1,1561.5038958047894,1.0,0.999
2026-03-22T21:10:07.745-868789-578051,38,true,33.6286399156862,1,1527.8752558891033,1.0,0.0010000000000000009
2026-03-22T21:10:07.745-868789-578051,299,false,130.6595030222622,1,1527.8752558891033,1.0,1.0
2026-03-22T21:10:07.745-868789-578051,142,true,13.132895610050003,1,1514.7423602790534,1.0,0.009000000000000008
2026-03-22T21:10:07.745-868789-578051,200,true,0.5628552260569121,1,1514.1795050529965,1.0,0.0
2026-03-22T21:10:07.745-868789-578051,911,true,0.549967219191613,1,1513.629537833805,1.0,0.0020000000000000018
2026-03-22T21:10:07.745-868789-578051,414,false,1.3395545948755045,1,1513.629537833805,1.0,1.0
2026-03-22T21:10:07.745-868789-578051,182,true,23.293889767044675,1,1490.3356480667603,1.0,0.0
2026-03-22T21:10:07.745-868789-578051,433,true,124.09265918753213,1,1366.2429888792283,1.0,0.634
2026-03-22T21:10:07.745-868789-578051,365,true,60.44123019709658,1,1305.8017586821318,1.0,0.007000000000000006
2026-03-22T21:10:07.745-868789-578051,378,true,17.835612566829948,1,1287.9661461153019,1.0,0.648
2026-03-22T21:10:07.745-868789-578051,342,false,1.2555443614178867,1,1287.9661461153019,1.0,1.0
2026-03-22T21:10:07.745-868789-578051,872,false,2.569370397632476,1,1287.9661461153019,1.0,1.0
2026-03-22T21:10:07.745-868789-578051,603,true,9.065125867590648,1,1278.9010202477111,1.0,0.655
2026-03-22T21:10:07.745-868789-578051,615,true,0.7871136047039851,1,1278.113906643007,1.0,0.009000000000000008
2026-03-22T21:10:07.745-868789-578051,996,false,114.32690896705311,1,1278.113906643007,1.0,1.0
2026-03-22T21:10:07.745-868789-578051,689,true,0.8770474664386632,1,1277.2368591765685,1.0,0.8280000000000001
2026-03-22T21:10:07.745-868789-578051,809,false,1.550175294221061,1,1277.2368591765685,1.0,1.0
2026-03-22T21:10:07.745-868789-578051,119,false,0.2819599513820745,1,1277.2368591765685,1.0,1.0
2026-03-22T21:10:07.745-868789-578051,163,true,13.94819284595554,1,1263.2886663306128,1.0,0.762
2026-03-22T21:10:07.745-868789-578051,885,false,4.723227430913452,1,1263.2886663306128,1.0,1.0
2026-03-22T21:10:07.745-868789-578051,605,true,239.33815288833537,1,1023.9505134422775,1.0,0.632
2026-03-22T21:10:07.745-868789-578051,448,false,6.9637810241324605,1,1023.9505134422775,1.0,1.0
2026-03-22T21:10:07.745-868789-578051,829,true,10.655973986279212,1,1013.2945394559982,1.0,0.0
2026-03-22T21:10:07.745-868789-578051,791,false,0.016343949900785484,1,1013.2945394559982,1.0,1.0
2026-03-22T21:10:07.745-868789-578051,330,true,2.210068403835468,1,1011.0844710521627,1.0,0.013000000000000012
2026-03-22T21:10:07.745-868789-578051,926,true,10.778714304346291,1,1000.3057567478164,1.0,0.849
2026-03-22T21:10:07.745-868789-578051,632,false,0.09394643992092896,1,1000.3057567478164,1.0,1.0
2026-03-22T21:10:07.745-868789-578051,108,false,1.1551592018155004,1,1000.3057567478164,1.0,1.0
2026-03-22T21:10:07.745-868789-578051,291,false,1.2148945268804658,1,1000.3057567478164,1.0,1.0
2026-03-22T21:10:07.745-868789-578051,309,false,0.3130853418741414,1,1000.3057567478164,1.0,1.0
2026-03-22T21:10:07.745-868789-578051,906,true,15.626396266796847,1,984.6793604810196,1.0,0.007000000000000006
2026-03-22T21:10:07.745-868789-578051,240,true,19.996829509165472,1,964.6825309718541,1.0,0.999
2026-03-22T21:10:07.745-868789-578051,188,true,1.8771153097617161,1,962.8054156620924,1.0,0.632
2026-03-22T21:10:07.745-868789-578051,777,false,1.7269490452087835,1,962.8054156620924,1.0,1.0
2026-03-22T21:10:07.745-868789-578051,580,false,10.544979968315582,1,962.8054156620924,1.0,1.0
2026-03-22T21:10:07.745-868789-578051,421,false,20.04115858065682,1,962.8054156620924,1.0,1.0
2026-03-22T21:10:07.745-868789-578051,397,false,7.447005203293491,1,962.8054156620924,1.0,1.0
2026-03-22T21:10:07.745-868789-578051,789,true,38.964823570390344,1,923.8405920917021,1.0,0.0040000000000000036
2026-03-22T21:10:07.745-868789-578051,898,true,15.847215554244555,1,907.9933765374575,1.0,0.999
2026-03-22T21:10:07.745-868789-578051,54,false,0.010683388928013538,1,907.9933765374575,1.0,1.0
2026-03-22T21:10:07.745-868789-578051,544,false,0.5803423464600885,1,907.9933765374575,1.0,1.0
2026-03-22T21:10:07.745-868789-578051,896,true,1.10005465548397,1,906.8933218819735,1.0,0.645
2026-03-22T21:10:07.745-868789-578051,690,true,3.057672206977176,1,903.8356496749964,1.0,0.685
2026-03-22T21:10:07.745-868789-578051,410,true,0.42206485649075093,1,903.4135848185056,1.0,0.999
2026-03-22T21:10:07.745-868789-578051,745,true,4.168877597130147,1,899.2447072213754,1.0,0.6659999999999999
2026-03-22T21:10:07.745-868789-578051,785,true,0.246424937370395,1,898.998282284005,1.0,0.642
2026-03-22T21:10:07.745-868789-578051,71,false,0.2830350687851289,1,898.998282284005,1.0,1.0
2026-03-22T21:10:07.745-868789-578051,8,false,5.114860721136675,1,898.998282284005,1.0,1.0
2026-03-22T21:10:07.745-868789-578051,450,false,4.393500436000321,1,898.998282284005,1.0,1.0
2026-03-22T21:10:07.745-868789-578051,779,false,9.238097853998942,1,898.998282284005,1.0,1.0
2026-03-22T21:10:07.745-868789-578051,359,true,0.49676347792538994,1,898.5015188060796,1.0,0.718
2026-03-22T21:10:07.745-868789-578051,894,true,124.94993128626176,1,773.5515875198179,1.0,0.657
2026-03-22T21:10:07.745-868789-578051,300,true,4.995886522995104,1,768.5557009968228,1.0,0.999
2026-03-22T21:10:07.745-868789-578051,270,true,0.8528209866176418,1,767.7028800102051,1.0,0.656
2026-03-22T21:10:07.745-868789-578051,552,true,2.8308683863414705,1,764.8720116238637,1.0,0.775
2026-03-22T21:10:07.745-868789-578051,31,false,5.098245539814109,1,764.8720116238637,1.0,1.0
2026-03-22T21:10:07.745-868789-578051,156,false,2.580784819390157,1,764.8720116238637,1.0,1.0
2026-03-22T21:10:07.745-868789-578051,706,false,0.27297053437131846,1,764.8720116238637,1.0,1.0
2026-03-22T21:10:07.745-868789-578051,890,false,0.5157990984852848,1,764.8720116238637,1.0,1.0
2026-03-22T21:10:07.745-868789-578051,141,true,0.22835734173288333,1,764.6436542821308,1.0,0.0
2026-03-22T21:10:07.745-868789-578051,585,false,23.264235887571388,1,764.6436542821308,1.0,1.0
2026-03-22T21:10:07.745-868789-578051,596,true,20.977238394094517,1,743.6664158880362,1.0,0.649
2026-03-22T21:10:07.745-868789-578051,382,false,1.4765115362872099,1,743.6664158880362,1.0,1.0
2026-03-22T21:10:07.745-868789-578051,172,true,4.267690754240982,1,739.3987251337952,1.0,0.0
2026-03-22T21:10:07.745-868789-578051,266,false,0.135855258366204,1,739.3987251337952,1.0,1.0
2026-03-22T21:10:07.745-868789-578051,847,false,0.38761607140478055,1,739.3987251337952,1.0,1.0
2026-03-22T21:10:07.745-868789-578051,408,true,4.871454990609845,1,734.5272701431853,1.0,0.646
2026-03-22T21:10:07.745-868789-578051,988,false,98.98321528848797,1,734.5272701431853,1.0,1.0
2026-03-22T21:10:07.745-868789-578051,258,true,5.431352646299578,1,729.0959174968857,1.0,0.0
2026-03-22T21:10:07.745-868789-578051,95,true,21.875802558329035,1,707.2201149385567,1.0,0.659
2026-03-22T21:10:07.745-868789-578051,765,true,2.5759826980806766,1,704.644132240476,1.0,0.638
2026-03-22T21:10:07.745-868789-578051,510,true,26.606974803688004,1,678.037157436788,1.0,0.794
2026-03-22T21:10:07.745-868789-578051,854,false,10.979269560946156,1,678.037157436788,1.0,1.0
2026-03-22T21:10:07.745-868789-578051,912,true,5.437261311005911,1,672.599896125782,1.0,0.0
2026-03-22T21:10:07.745-868789-578051,234,false,16.461212379892228,1,672.599896125782,1.0,1.0
2026-03-22T21:10:07.745-868789-578051,189,true,1.4983139374038887,1,671.1015821883782,1.0,0.014000000000000012
2026-03-22T21:10:07.745-868789-578051,285,false,12.11055677159477,1,671.1015821883782,1.0,1.0
2026-03-22T21:10:07.745-868789-578051,593,true,9.053200100489079,1,662.0483820878891,1.0,0.638
2026-03-22T21:10:07.745-868789-578051,228,false,1.0678861971308307,1,662.0483820878891,1.0,1.0
2026-03-22T21:10:07.745-868789-578051,480,false,0.1925825647886487,1,662.0483820878891,1.0,1.0
2026-03-22T21:10:07.745-868789-578051,289,false,4.1754985262367565,1,662.0483820878891,1.0,1.0
2026-03-22T21:10:07.745-868789-578051,621,true,125.88345280767446,1,536.1649292802147,1.0,0.642
2026-03-22T21:10:07.745-868789-578051,760,true,0.6336610252626967,1,535.531268254952,1.0,0.0
2026-03-22T21:10:07.745-868789-578051,368,true,3.2292111866489686,1,532.302057068303,1.0,0.07399999999999995
2026-03-22T21:10:07.745-868789-578051,768,true,18.33225044363418,1,513.9698066246689,1.0,0.646
2026-03-22T21:10:07.745-868789-578051,956,false,3.8911246053531636,1,513.9698066246689,1.0,1.0
2026-03-22T21:10:07.745-868789-578051,337,true,1.1748080071314426,1,512.7949986175374,1.0,0.999
2026-03-22T21:10:07.745-868789-578051,900,true,3.182795388233986,1,509.6122032293034,1.0,0.6579999999999999
2026-03-22T21:10:07.745-868789-578051,814,false,41.68060556617923,1,509.6122032293034,1.0,1.0
2026-03-22T21:10:07.745-868789-578051,927,true,5.701874608953837,1,503.91032862034956,1.0,0.014000000000000012
2026-03-22T21:10:07.745-868789-578051,732,false,0.12518640402282638,1,503.91032862034956,1.0,1.0
2026-03-22T21:10:07.745-868789-578051,302,true,6.626149863146193,1,497.2841787572034,1.0,0.644
2026-03-22T21:10:07.745-868789-578051,419,false,0.15777623062541116,1,497.2841787572034,1.0,1.0
2026-03-22T21:10:07.745-868789-578051,213,false,0.23355374219153233,1,497.2841787572034,1.0,1.0
2026-03-22T21:10:07.745-868789-578051,799,true,0.2423387828325727,1,497.0418399743708,1.0,0.767
2026-03-22T21:10:07.745-868789-578051,111,false,88.29322988230696,1,497.0418399743708,1.0,1.0
2026-03-22T21:10:07.745-868789-578051,591,true,0.36622287164429695,1,496.6756171027265,1.0,0.637
2026-03-22T21:10:07.745-868789-578051,526,true,0.22441136259190056,1,496.4512057401346,1.0,0.999
2026-03-22T21:10:07.745-868789-578051,701,false,0.33501990806689447,1,496.4512057401346,1.0,1.0
2026-03-22T21:10:07.745-868789-578051,492,false,66.32233021554963,1,496.4512057401346,1.0,1.0
2026-03-22T21:10:07.745-868789-578051,267,true,39.06779626159838,1,457.3834094785362,1.0,0.0
2026-03-22T21:10:07.745-868789-578051,420,false,0.1070657942674095,1,457.3834094785362,1.0,1.0
2026-03-22T21:10:07.745-868789-578051,376,true,28.47794872448214,1,428.90546075405405,1.0,0.0
2026-03-22T21:10:07.745-868789-578051,995,false,4.670046626866866,1,428.90546075405405,1.0,1.0
2026-03-22T21:10:07.745-868789-578051,802,true,1.897530529521636,1,427.0079302245324,1.0,0.0
2026-03-22T21:10:07.745-868789-578051,42,true,0.3188126066501755,1,426.68911761788223,1.0,0.0
2026-03-22T21:10:07.745-868789-578051,106,false,1.9749902806931725,1,426.68911761788223,1.0,1.0
2026-03-22T21:10:07.745-868789-578051,147,false,5.555085986207657,1,426.68911761788223,1.0,1.0
2026-03-22T21:10:07.745-868789-578051,498,true,0.46066344371261353,1,426.2284541741696,1.0,0.01200000000000001
2026-03-22T21:10:07.745-868789-578051,678,false,32.455558411727836,1,426.2284541741696,1.0,1.0
2026-03-22T21:10:07.745-868789-578051,619,false,0.08966774892282144,1,426.2284541741696,1.0,1.0
2026-03-22T21:10:07.745-868789-578051,278,true,8.829058005157666,1,417.39939616901194,1.0,0.999
2026-03-22T21:10:07.745-868789-578051,790,true,3.7517259714831512,1,413.6476701975288,1.0,0.0
2026-03-22T21:10:07.745-868789-578051,159,false,3.899511393510493,1,413.6476701975288,1.0,1.0
2026-03-22T21:10:07.745-868789-578051,129,false,3.167454593815734,1,413.6476701975288,1.0,1.0
2026-03-22T21:10:07.745-868789-578051,975,false,0.19808971862249616,1,413.6476701975288,1.0,1.0
2026-03-22T21:10:07.745-868789-578051,566,false,11.125154847579271,1,413.6476701975288,1.0,1.0
2026-03-22T21:10:07.745-868789-578051,381,true,2.0292603793873427,1,411.61840981814146,1.0,0.655
2026-03-22T21:10:07.745-868789-578051,138,false,0.03911602909893895,1,411.61840981814146,1.0,1.0
2026-03-22T21:10:07.745-868789-578051,203,true,6.511523211040761,1,405.1068866071007,1.0,0.0
2026-03-22T21:10:07.745-868789-578051,878,false,2.975812296361968,1,405.1068866071007,1.0,1.0
2026-03-22T21:10:07.745-868789-578051,304,false,0.024104968560416218,1,405.1068866071007,1.0,1.0
2026-03-22T21:10:07.745-868789-578051,981,false,0.6035558321683904,1,405.1068866071007,1.0,1.0
2026-03-22T21:10:07.745-868789-578051,599,true,8.726409166341842,1,396.38047744075885,1.0,0.0
2026-03-22T21:10:07.745-868789-578051,515,true,0.8253313438961547,1,395.5551460968627,1.0,0.6639999999999999
2026-03-22T21:10:07.745-868789-578051,824,false,0.34347873541396834,1,395.5551460968627,1.0,1.0
2026-03-22T21:10:07.745-868789-578051,295,false,1.5140938217888724,1,395.5551460968627,1.0,1.0
2026-03-22T21:10:07.745-868789-578051,753,true,0.8407573147263796,1,394.7143887821363,1.0,0.642
2026-03-22T21:10:07.745-868789-578051,470,false,6.204053251438597,1,394.7143887821363,1.0,1.0
2026-03-22T21:10:07.745-868789-578051,243,true,1.9796810607973194,1,392.734707721339,1.0,0.65
2026-03-22T21:10:07.745-868789-578051,748,true,39.91904202665932,1,352.8156656946797,1.0,0.647
2026-03-22T21:10:07.745-868789-578051,169,true,14.080163621122402,1,338.7355020735573,1.0,0.661
2026-03-22T21:10:07.745-868789-578051,736,false,0.13014146961760648,1,338.7355020735573,1.0,1.0
2026-03-22T21:10:07.745-868789-578051,404,false,0.1219387841954848,1,338.7355020735573,1.0,1.0
2026-03-22T21:10:07.745-868789-578051,699,false,0.14353582403561707,1,338.7355020735573,1.0,1.0
2026-03-22T21:10:07.745-868789-578051,405,true,337.0002893034393,1,1.7352127701180393,1.0,0.604
2026-03-22T21:10:07.745-868789-578051,568,false,3.1652790229742487,1,1.7352127701180393,1.0,1.0
2026-03-22T21:10:07.745-868789-578051,511,true,0.31381232305028006,1,1.4214004470677593,1.0,0.641
2026-03-22T21:10:07.745-868789-578051,103,false,9.978962348869215,1,1.4214004470677593,1.0,1.0
2026-03-22T21:10:07.745-868789-578051,468,true,2.193407955097247,1,-0.7720075080294879,1.0,0.663
2026-03-22T21:10:07.745-753714-399695,959,true,0.42245398225917663,1,6291.388364480291,1.0,0.991
2026-03-22T21:10:07.745-753714-399695,759,true,2.3484097738461083,1,6289.039954706444,1.0,0.989
2026-03-22T21:10:07.745-753714-399695,40,true,0.6381787104372165,1,6288.401775996007,1.0,0.992
2026-03-22T21:10:07.745-753714-399695,501,true,0.313366726081791,1,6288.088409269925,1.0,0.991
2026-03-22T21:10:07.745-753714-399695,978,true,1.6244372002476573,1,6286.463972069678,1.0,0.993
2026-03-22T21:10:07.745-753714-399695,62,true,10.294541487809736,1,6276.169430581868,1.0,0.99
2026-03-22T21:10:07.745-753714-399695,113,false,0.12815191949225682,1,6276.169430581868,1.0,1.0
2026-03-22T21:10:07.745-753714-399695,502,true,37.31994117724591,1,6238.849489404623,1.0,0.73
2026-03-22T21:10:07.745-753714-399695,621,true,12.052818885335494,1,6226.796670519287,1.0,0.988
2026-03-22T21:10:07.745-753714-399695,71,true,5.0678899409390645,1,6221.728780578347,1.0,0.992
2026-03-22T21:10:07.745-753714-399695,461,true,1.4121874602479796,1,6220.316593118099,1.0,0.99
2026-03-22T21:10:07.745-753714-399695,776,true,2.5587402444947385,1,6217.757852873605,1.0,0.99
2026-03-22T21:10:07.745-753714-399695,634,true,0.5557998693777522,1,6217.202053004227,1.0,0.991
2026-03-22T21:10:07.745-753714-399695,517,true,0.3624058300306716,1,6216.839647174196,1.0,0.985
2026-03-22T21:10:07.745-753714-399695,678,true,1.9045162620690512,1,6214.9351309121275,1.0,0.987
2026-03-22T21:10:07.745-753714-399695,392,true,19.192663165071323,1,6195.742467747056,1.0,0.99
2026-03-22T21:10:07.745-753714-399695,645,true,6.620879003283761,1,6189.121588743773,1.0,0.99
2026-03-22T21:10:07.745-753714-399695,487,true,1.0416910725058925,1,6188.079897671267,1.0,0.985
2026-03-22T21:10:07.745-753714-399695,662,true,2.5436252584159944,1,6185.536272412851,1.0,0.991
2026-03-22T21:10:07.745-753714-399695,992,false,0.11074990800687055,1,6185.536272412851,1.0,1.0
2026-03-22T21:10:07.745-753714-399695,235,true,1.7524754083944614,1,6183.783797004457,1.0,0.991
2026-03-22T21:10:07.745-753714-399695,169,true,1.084387564933936,1,6182.699409439522,1.0,0.996
2026-03-22T21:10:07.745-753714-399695,464,true,1.9805209477905392,1,6180.718888491731,1.0,0.6619999999999999
2026-03-22T21:10:07.745-753714-399695,535,true,5.398199051375464,1,6175.320689440356,1.0,0.995
2026-03-22T21:10:07.745-753714-399695,405,true,6.028116274732639,1,6169.292573165623,1.0,0.988
2026-03-22T21:10:07.745-753714-399695,553,true,21.803572665058006,1,6147.489000500565,1.0,0.991
2026-03-22T21:10:07.745-753714-399695,720,true,7.290841676825481,1,6140.19815882374,1.0,0.986
2026-03-22T21:10:07.745-753714-399695,233,true,33.09910822487355,1,6107.099050598867,1.0,0.694
2026-03-22T21:10:07.745-753714-399695,136,true,0.8273513727765923,1,6106.27169922609,1.0,0.991
2026-03-22T21:10:07.745-753714-399695,606,true,28.19958791965677,1,6078.072111306434,1.0,0.988
2026-03-22T21:10:07.745-753714-399695,937,true,0.4379150579731368,1,6077.63419624846,1.0,0.6739999999999999
2026-03-22T21:10:07.745-753714-399695,296,true,0.2566826638213084,1,6077.377513584639,1.0,0.992
2026-03-22T21:10:07.745-753714-399695,686,true,1.1852190204463313,1,6076.192294564193,1.0,0.984
2026-03-22T21:10:07.745-753714-399695,861,true,13.914018135123223,1,6062.27827642907,1.0,0.99
2026-03-22T21:10:07.745-753714-399695,314,true,0.5077764356809099,1,6061.7704999933885,1.0,0.996
2026-03-22T21:10:07.745-753714-399695,446,true,6.888973746038515,1,6054.88152624735,1.0,0.993
2026-03-22T21:10:07.745-753714-399695,747,true,28.80332918167408,1,6026.078197065676,1.0,0.99
2026-03-22T21:10:07.745-753714-399695,83,false,0.042521366496917665,1,6026.078197065676,1.0,1.0
2026-03-22T21:10:07.745-753714-399695,37,true,17.841578685483597,1,6008.236618380192,1.0,0.681
2026-03-22T21:10:07.745-753714-399695,343,true,50.29377906227137,1,5957.9428393179205,1.0,0.988
2026-03-22T21:10:07.745-753714-399695,625,true,5.568510455401553,1,5952.374328862519,1.0,0.987
2026-03-22T21:10:07.745-753714-399695,874,true,0.26540368641706846,1,5952.108925176102,1.0,0.988
2026-03-22T21:10:07.745-753714-399695,313,true,2.701363809273993,1,5949.407561366828,1.0,0.667
2026-03-22T21:10:07.745-753714-399695,907,false,0.11972666676321374,1,5949.407561366828,1.0,1.0
2026-03-22T21:10:07.745-753714-399695,574,true,15.283519506860257,1,5934.124041859968,1.0,0.99
2026-03-22T21:10:07.745-753714-399695,585,true,4.06325751153669,1,5930.060784348431,1.0,0.995
2026-03-22T21:10:07.745-753714-399695,531,true,9.893470152615182,1,5920.167314195816,1.0,0.995
2026-03-22T21:10:07.745-753714-399695,479,true,10461.129373413816,1,-4540.962059218,0.0,0.0
2026-03-22T21:10:07.745-705391-364714,817,false,0.2891691968241543,1,4063.8360213567985,1.0,1.0
2026-03-22T21:10:07.745-705391-364714,152,false,6.300714868000377,1,4063.8360213567985,1.0,1.0
2026-03-22T21:10:07.745-705391-364714,112,false,280.6692601348524,1,4063.8360213567985,1.0,1.0
2026-03-22T21:10:07.745-705391-364714,602,false,9.330866957876333,1,4063.8360213567985,1.0,1.0
2026-03-22T21:10:07.745-705391-364714,108,false,5.906853219771336,1,4063.8360213567985,1.0,1.0
2026-03-22T21:10:07.745-705391-364714,81,false,1.0218223919722658,1,4063.8360213567985,1.0,1.0
2026-03-22T21:10:07.745-705391-364714,176,false,7.549436655045313,1,4063.8360213567985,1.0,1.0
2026-03-22T21:10:07.745-705391-364714,988,false,2.5429979150945794,1,4063.8360213567985,1.0,1.0
2026-03-22T21:10:07.745-705391-364714,109,false,22.38614626683396,1,4063.8360213567985,1.0,1.0
2026-03-22T21:10:07.745-705391-364714,121,false,10.227359505887879,1,4063.8360213567985,1.0,1.0
2026-03-22T21:10:07.745-705391-364714,449,false,8.919324324298799,1,4063.8360213567985,1.0,1.0
2026-03-22T21:10:07.745-705391-364714,920,false,0.09209507866432091,1,4063.8360213567985,1.0,1.0
2026-03-22T21:10:07.745-705391-364714,598,false,0.2997719442195736,1,4063.8360213567985,1.0,1.0
2026-03-22T21:10:07.745-705391-364714,324,false,0.35547431052501655,1,4063.8360213567985,1.0,1.0
2026-03-22T21:10:07.745-705391-364714,675,false,2.12834830078783,1,4063.8360213567985,1.0,1.0
2026-03-22T21:10:07.745-705391-364714,849,false,0.17004464050548815,1,4063.8360213567985,1.0,1.0
2026-03-22T21:10:07.745-705391-364714,202,false,2.5614687797113977,1,4063.8360213567985,1.0,1.0
2026-03-22T21:10:07.745-705391-364714,816,false,2.9543873203367945,1,4063.8360213567985,1.0,1.0
2026-03-22T21:10:07.745-705391-364714,148,false,1.3582026209237192,1,4063.8360213567985,1.0,1.0
2026-03-22T21:10:07.745-705391-364714,831,false,2.719242561463027,1,4063.8360213567985,1.0,1.0
2026-03-22T21:10:07.745-705391-364714,415,false,2.1323820111586382,1,4063.8360213567985,1.0,1.0
2026-03-22T21:10:07.745-705391-364714,443,false,1.7801782771867347,1,4063.8360213567985,1.0,1.0
2026-03-22T21:10:07.745-705391-364714,563,false,5.224106639865615,1,4063.8360213567985,1.0,1.0
2026-03-22T21:10:07.745-705391-364714,144,false,4.555208240196926,1,4063.8360213567985,1.0,1.0
2026-03-22T21:10:07.745-705391-364714,654,false,11.11827057770224,1,4063.8360213567985,1.0,1.0
2026-03-22T21:10:07.745-705391-364714,114,false,0.16918503421691006,1,4063.8360213567985,1.0,1.0
2026-03-22T21:10:07.745-705391-364714,979,false,6.422436581110646,1,4063.8360213567985,1.0,1.0
2026-03-22T21:10:07.745-705391-364714,400,true,6.919912875638601,1,4056.91610848116,1.0,0.732
2026-03-22T21:10:07.745-705391-364714,177,false,1.2994050640278312,1,4056.91610848116,1.0,1.0
2026-03-22T21:10:07.745-705391-364714,239,false,0.5944433695756158,1,4056.91610848116,1.0,1.0
2026-03-22T21:10:07.745-705391-364714,765,false,0.5987487283683178,1,4056.91610848116,1.0,1.0
2026-03-22T21:10:07.745-705391-364714,578,false,17.829567919586474,1,4056.91610848116,1.0,1.0
2026-03-22T21:10:07.745-705391-364714,672,false,1.361992601860068,1,4056.91610848116,1.0,1.0
2026-03-22T21:10:07.745-705391-364714,550,false,16.35189291808195,1,4056.91610848116,1.0,1.0
2026-03-22T21:10:07.745-705391-364714,49,false,0.5133140915345198,1,4056.91610848116,1.0,1.0
2026-03-22T21:10:07.745-705391-364714,279,false,0.18526072235217642,1,4056.91610848116,1.0,1.0
2026-03-22T21:10:07.745-705391-364714,991,false,99.17049944095847,1,4056.91610848116,1.0,1.0
2026-03-22T21:10:07.745-705391-364714,445,false,0.10025807810066724,1,4056.91610848116,1.0,1.0
2026-03-22T21:10:07.745-705391-364714,225,false,0.11018060862122957,1,4056.91610848116,1.0,1.0
2026-03-22T21:10:07.745-705391-364714,382,false,299.00840064612714,1,4056.91610848116,1.0,1.0
2026-03-22T21:10:07.745-705391-364714,422,false,34.02637833378249,1,4056.91610848116,1.0,1.0
2026-03-22T21:10:07.745-705391-364714,696,false,0.034466613698235726,1,4056.91610848116,1.0,1.0
2026-03-22T21:10:07.745-705391-364714,256,false,3.2125988798050074,1,4056.91610848116,1.0,1.0
2026-03-22T21:10:07.745-705391-364714,708,false,1.4262145443993355,1,4056.91610848116,1.0,1.0
2026-03-22T21:10:07.745-705391-364714,378,false,3.9873656031603377,1,4056.91610848116,1.0,1.0
2026-03-22T21:10:07.745-705391-364714,44,false,21.266444410910804,1,4056.91610848116,1.0,1.0
2026-03-22T21:10:07.745-705391-364714,142,false,7.534283353306548,1,4056.91610848116,1.0,1.0
2026-03-22T21:10:07.745-705391-364714,490,false,2.6861999315070095,1,4056.91610848116,1.0,1.0
2026-03-22T21:10:07.745-705391-364714,528,false,0.4400379699851233,1,4056.91610848116,1.0,1.0
2026-03-22T21:10:07.745-705391-364714,477,false,0.1128708548335929,1,4056.91610848116,1.0,1.0
2026-03-22T21:10:07.745-705391-364714,20,false,0.9470045661838447,1,4056.91610848116,1.0,1.0
2026-03-22T21:10:07.745-705391-364714,898,false,0.8101217192482091,1,4056.91610848116,1.0,1.0
2026-03-22T21:10:07.745-705391-364714,918,false,1.4122089845231178,1,4056.91610848116,1.0,1.0
2026-03-22T21:10:07.745-705391-364714,624,false,3.795219686845285,1,4056.91610848116,1.0,1.0
2026-03-22T21:10:07.745-705391-364714,887,false,3.5501642588508604,1,4056.91610848116,1.0,1.0
2026-03-22T21:10:07.745-705391-364714,762,false,22.65084432815142,1,4056.91610848116,1.0,1.0
2026-03-22T21:10:07.745-705391-364714,241,false,17.791497931246862,1,4056.91610848116,1.0,1.0
2026-03-22T21:10:07.745-705391-364714,595,false,2.123610933794825,1,4056.91610848116,1.0,1.0
2026-03-22T21:10:07.745-705391-364714,455,false,0.9686545147841239,1,4056.91610848116,1.0,1.0
2026-03-22T21:10:07.745-705391-364714,645,false,1.3058545160305608,1,4056.91610848116,1.0,1.0
2026-03-22T21:10:07.745-705391-364714,582,false,0.6689568352778574,1,4056.91610848116,1.0,1.0
2026-03-22T21:10:07.745-705391-364714,310,false,0.24180882969340634,1,4056.91610848116,1.0,1.0
2026-03-22T21:10:07.745-705391-364714,584,false,3.839632660076494,1,4056.91610848116,1.0,1.0
2026-03-22T21:10:07.745-705391-364714,534,false,15.218436933678845,1,4056.91610848116,1.0,1.0
2026-03-22T21:10:07.745-705391-364714,532,false,45.366876572871206,1,4056.91610848116,1.0,1.0
2026-03-22T21:10:07.745-705391-364714,574,false,0.6367354613916949,1,4056.91610848116,1.0,1.0
2026-03-22T21:10:07.745-705391-364714,174,false,2.37635146402505,1,4056.91610848116,1.0,1.0
2026-03-22T21:10:07.745-705391-364714,699,false,0.7408272000753642,1,4056.91610848116,1.0,1.0
2026-03-22T21:10:07.745-705391-364714,62,false,0.18176040880439492,1,4056.91610848116,1.0,1.0
2026-03-22T21:10:07.745-705391-364714,53,false,79.75035099660434,1,4056.91610848116,1.0,1.0
2026-03-22T21:10:07.745-705391-364714,944,false,0.8618426128300188,1,4056.91610848116,1.0,1.0
2026-03-22T21:10:07.745-705391-364714,17,false,2.1526570724308782,1,4056.91610848116,1.0,1.0
2026-03-22T21:10:07.745-705391-364714,669,false,14.217331758107363,1,4056.91610848116,1.0,1.0
2026-03-22T21:10:07.745-705391-364714,57,false,2.045538524482918,1,4056.91610848116,1.0,1.0
2026-03-22T21:10:07.745-705391-364714,393,false,19.738236603675894,1,4056.91610848116,1.0,1.0
2026-03-22T21:10:07.745-705391-364714,386,false,0.5041869497397752,1,4056.91610848116,1.0,1.0
2026-03-22T21:10:07.745-705391-364714,363,false,6.787843129745291,1,4056.91610848116,1.0,1.0
2026-03-22T21:10:07.745-705391-364714,180,false,3.1978115324219485,1,4056.91610848116,1.0,1.0
2026-03-22T21:10:07.745-705391-364714,3,false,6.930616170909713,1,4056.91610848116,1.0,1.0
2026-03-22T21:10:07.745-705391-364714,779,false,24.033646154706563,1,4056.91610848116,1.0,1.0
2026-03-22T21:10:07.745-705391-364714,610,false,9.92958990052836,1,4056.91610848116,1.0,1.0
2026-03-22T21:10:07.745-705391-364714,715,false,3.837002337154213,1,4056.91610848116,1.0,1.0
2026-03-22T21:10:07.745-705391-364714,652,false,42.872804421347695,1,4056.91610848116,1.0,1.0
2026-03-22T21:10:07.745-705391-364714,103,false,6.981699054519706,1,4056.91610848116,1.0,1.0
2026-03-22T21:10:07.745-705391-364714,885,false,4.318783523715369,1,4056.91610848116,1.0,1.0
2026-03-22T21:10:07.745-705391-364714,358,false,10.237154560045376,1,4056.91610848116,1.0,1.0
2026-03-22T21:10:07.745-705391-364714,493,false,16.32710163038801,1,4056.91610848116,1.0,1.0
2026-03-22T21:10:07.745-705391-364714,368,false,0.006424366577212016,1,4056.91610848116,1.0,1.0
2026-03-22T21:10:07.745-705391-364714,355,false,1.2002373347498796,1,4056.91610848116,1.0,1.0
2026-03-22T21:10:07.745-705391-364714,476,false,8.26392958353601,1,4056.91610848116,1.0,1.0
2026-03-22T21:10:07.745-705391-364714,70,false,4.787017607196713,1,4056.91610848116,1.0,1.0
2026-03-22T21:10:07.745-705391-364714,499,false,0.7650697545554068,1,4056.91610848116,1.0,1.0
2026-03-22T21:10:07.745-705391-364714,734,false,0.09293795512803324,1,4056.91610848116,1.0,1.0
2026-03-22T21:10:07.745-705391-364714,665,false,3.1933618843393714,1,4056.91610848116,1.0,1.0
2026-03-22T21:10:07.745-705391-364714,282,false,1.352033513030362,1,4056.91610848116,1.0,1.0
2026-03-22T21:10:07.745-705391-364714,52,false,6.007900734023112,1,4056.91610848116,1.0,1.0
2026-03-22T21:10:07.745-705391-364714,461,false,1.08534678977286,1,4056.91610848116,1.0,1.0
2026-03-22T21:10:07.745-705391-364714,782,false,0.9584582589382894,1,4056.91610848116,1.0,1.0
2026-03-22T21:10:07.745-705391-364714,564,false,81.54046986885098,1,4056.91610848116,1.0,1.0
2026-03-22T21:10:07.745-705391-364714,128,false,0.1321470395971316,1,4056.91610848116,1.0,1.0
2026-03-22T21:10:07.745-705391-364714,682,false,0.7427444237778825,1,4056.91610848116,1.0,1.0
2026-03-22T21:10:07.745-705391-364714,435,false,1.0417808327621183,1,4056.91610848116,1.0,1.0
2026-03-22T21:10:07.745-705391-364714,264,false,13.608960053806062,1,4056.91610848116,1.0,1.0
2026-03-22T21:10:07.745-705391-364714,751,false,5.312202500432841,1,4056.91610848116,1.0,1.0
2026-03-22T21:10:07.745-705391-364714,718,false,0.7736593341552855,1,4056.91610848116,1.0,1.0
2026-03-22T21:10:07.745-705391-364714,604,false,0.07375511802427435,1,4056.91610848116,1.0,1.0
2026-03-22T21:10:07.745-705391-364714,394,false,81.08337441466125,1,4056.91610848116,1.0,1.0
2026-03-22T21:10:07.745-705391-364714,916,false,4.897607324552943,1,4056.91610848116,1.0,1.0
2026-03-22T21:10:07.745-705391-364714,361,false,7.328913931662084,1,4056.91610848116,1.0,1.0
2026-03-22T21:10:07.745-705391-364714,909,false,2.3498617800041024,1,4056.91610848116,1.0,1.0
2026-03-22T21:10:07.745-705391-364714,998,false,16.081252370793496,1,4056.91610848116,1.0,1.0
2026-03-22T21:10:07.745-705391-364714,105,false,24.02858970637838,1,4056.91610848116,1.0,1.0
2026-03-22T21:10:07.745-705391-364714,995,false,4.295192967396788,1,4056.91610848116,1.0,1.0
2026-03-22T21:10:07.745-705391-364714,54,false,0.7703630639468677,1,4056.91610848116,1.0,1.0
2026-03-22T21:10:07.745-705391-364714,684,false,17.894671196165806,1,4056.91610848116,1.0,1.0
2026-03-22T21:10:07.745-705391-364714,917,false,2.486656848439989,1,4056.91610848116,1.0,1.0
2026-03-22T21:10:07.745-705391-364714,827,false,3.2922046727537744,1,4056.91610848116,1.0,1.0
2026-03-22T21:10:07.745-705391-364714,666,false,10.328607763052192,1,4056.91610848116,1.0,1.0
2026-03-22T21:10:07.745-705391-364714,790,false,0.40068496684155347,1,4056.91610848116,1.0,1.0
2026-03-22T21:10:07.745-705391-364714,440,false,68.87811123463263,1,4056.91610848116,1.0,1.0
2026-03-22T21:10:07.745-705391-364714,694,false,0.851505780918221,1,4056.91610848116,1.0,1.0
2026-03-22T21:10:07.745-705391-364714,266,false,1.7549288082012011,1,4056.91610848116,1.0,1.0
2026-03-22T21:10:07.745-705391-364714,258,false,1.3466383749155446,1,4056.91610848116,1.0,1.0
2026-03-22T21:10:07.745-705391-364714,325,false,0.2927720760118918,1,4056.91610848116,1.0,1.0
2026-03-22T21:10:07.745-705391-364714,334,false,0.10910484515440032,1,4056.91610848116,1.0,1.0
2026-03-22T21:10:07.745-705391-364714,354,false,0.0870060957948659,1,4056.91610848116,1.0,1.0
2026-03-22T21:10:07.745-705391-364714,212,false,0.5312440467708707,1,4056.91610848116,1.0,1.0
2026-03-22T21:10:07.745-705391-364714,197,false,40.35640064059738,1,4056.91610848116,1.0,1.0
2026-03-22T21:10:07.745-705391-364714,508,false,3.318574239046523,1,4056.91610848116,1.0,1.0
2026-03-22T21:10:07.745-705391-364714,741,false,4.742941873981703,1,4056.91610848116,1.0,1.0
2026-03-22T21:10:07.745-705391-364714,434,false,4.507604693979131,1,4056.91610848116,1.0,1.0
2026-03-22T21:10:07.745-705391-364714,875,false,0.9698057568565885,1,4056.91610848116,1.0,1.0
2026-03-22T21:10:07.745-705391-364714,236,false,16.267666610030982,1,4056.91610848116,1.0,1.0
2026-03-22T21:10:07.745-705391-364714,5,false,13.249334300001705,1,4056.91610848116,1.0,1.0
2026-03-22T21:10:07.745-705391-364714,314,false,16.640510062044957,1,4056.91610848116,1.0,1.0
2026-03-22T21:10:07.745-705391-364714,686,false,6.624405867685696,1,4056.91610848116,1.0,1.0
2026-03-22T21:10:07.745-705391-364714,512,false,1.9130726206441986,1,4056.91610848116,1.0,1.0
2026-03-22T21:10:07.745-705391-364714,894,false,0.7882880832752737,1,4056.91610848116,1.0,1.0
2026-03-22T21:10:07.745-705391-364714,178,false,0.9336481761435554,1,4056.91610848116,1.0,1.0
2026-03-22T21:10:07.745-705391-364714,89,false,96.28128504029111,1,4056.91610848116,1.0,1.0
2026-03-22T21:10:07.745-705391-364714,307,false,18.273577958544482,1,4056.91610848116,1.0,1.0
2026-03-22T21:10:07.745-705391-364714,719,false,2.79545727329066,1,4056.91610848116,1.0,1.0
2026-03-22T21:10:07.745-705391-364714,495,false,17.13168272988117,1,4056.91610848116,1.0,1.0
2026-03-22T21:10:07.745-705391-364714,100,false,1.1822412781999974,1,4056.91610848116,1.0,1.0
2026-03-22T21:10:07.745-705391-364714,996,false,12.755798902525141,1,4056.91610848116,1.0,1.0
2026-03-22T21:10:07.745-705391-364714,388,false,0.09532254601935593,1,4056.91610848116,1.0,1.0
2026-03-22T21:10:07.745-705391-364714,803,false,2.0893216216558934,1,4056.91610848116,1.0,1.0
2026-03-22T21:10:07.745-705391-364714,404,false,1.0466572750208147,1,4056.91610848116,1.0,1.0
2026-03-22T21:10:07.745-705391-364714,963,false,4.354877783909594,1,4056.91610848116,1.0,1.0
2026-03-22T21:10:07.745-705391-364714,630,false,19.19266400727405,1,4056.91610848116,1.0,1.0
2026-03-22T21:10:07.745-705391-364714,405,false,1.8321728963631208,1,4056.91610848116,1.0,1.0
2026-03-22T21:10:07.745-705391-364714,189,false,0.3851920614042378,1,4056.91610848116,1.0,1.0
2026-03-22T21:10:07.745-705391-364714,644,false,3.5750863792980745,1,4056.91610848116,1.0,1.0
2026-03-22T21:10:07.745-705391-364714,951,false,1.0455125018524847,1,4056.91610848116,1.0,1.0
2026-03-22T21:10:07.745-705391-364714,994,false,9.420214557680847,1,4056.91610848116,1.0,1.0
2026-03-22T21:10:07.745-705391-364714,698,false,8.07499668187817,1,4056.91610848116,1.0,1.0
2026-03-22T21:10:07.745-705391-364714,195,false,105.57849673604775,1,4056.91610848116,1.0,1.0
2026-03-22T21:10:07.745-705391-364714,315,false,2.8424137126354725,1,4056.91610848116,1.0,1.0
2026-03-22T21:10:07.745-705391-364714,257,false,3.1100828820579465,1,4056.91610848116,1.0,1.0
2026-03-22T21:10:07.745-705391-364714,392,false,1.0899005894200722,1,4056.91610848116,1.0,1.0
2026-03-22T21:10:07.745-705391-364714,724,false,15.401544342687993,1,4056.91610848116,1.0,1.0
2026-03-22T21:10:07.745-705391-364714,784,false,8.892495807546766,1,4056.91610848116,1.0,1.0
2026-03-22T21:10:07.745-705391-364714,259,false,0.2379764359793248,1,4056.91610848116,1.0,1.0
2026-03-22T21:10:07.745-705391-364714,86,false,0.9778212248248047,1,4056.91610848116,1.0,1.0
2026-03-22T21:10:07.745-705391-364714,773,false,0.37150451081786506,1,4056.91610848116,1.0,1.0
2026-03-22T21:10:07.745-705391-364714,868,false,4.976676017796,1,4056.91610848116,1.0,1.0
2026-03-22T21:10:07.745-705391-364714,822,false,115.2032067966923,1,4056.91610848116,1.0,1.0
2026-03-22T21:10:07.745-705391-364714,40,false,3.7797845997214834,1,4056.91610848116,1.0,1.0
2026-03-22T21:10:07.745-705391-364714,848,false,2.3634477488505445,1,4056.91610848116,1.0,1.0
2026-03-22T21:10:07.745-705391-364714,460,false,2.4553073831541,1,4056.91610848116,1.0,1.0
2026-03-22T21:10:07.745-705391-364714,265,false,0.03096058810649929,1,4056.91610848116,1.0,1.0
2026-03-22T21:10:07.745-705391-364714,922,false,4.242163837066739,1,4056.91610848116,1.0,1.0
2026-03-22T21:10:07.745-705391-364714,937,false,4.675348247321787,1,4056.91610848116,1.0,1.0
2026-03-22T21:10:07.745-705391-364714,825,false,113.49500299220496,1,4056.91610848116,1.0,1.0
2026-03-22T21:10:07.745-705391-364714,829,false,8.844427921433748,1,4056.91610848116,1.0,1.0
2026-03-22T21:10:07.745-705391-364714,674,false,16.44124337621498,1,4056.91610848116,1.0,1.0
2026-03-22T21:10:07.745-705391-364714,424,false,0.25739216766247125,1,4056.91610848116,1.0,1.0
2026-03-22T21:10:07.745-705391-364714,878,false,0.38618886459508694,1,4056.91610848116,1.0,1.0
2026-03-22T21:10:07.745-705391-364714,420,false,0.15083740733717882,1,4056.91610848116,1.0,1.0
2026-03-22T21:10:07.745-705391-364714,710,false,6.52095710935753,1,4056.91610848116,1.0,1.0
2026-03-22T21:10:07.745-705391-364714,286,false,20.776602574214632,1,4056.91610848116,1.0,1.0
2026-03-22T21:10:07.745-705391-364714,316,false,32.413475954176434,1,4056.91610848116,1.0,1.0
2026-03-22T21:10:07.745-705391-364714,907,false,0.5855526464476795,1,4056.91610848116,1.0,1.0
2026-03-22T21:10:07.745-705391-364714,340,false,34.14583584571487,1,4056.91610848116,1.0,1.0
2026-03-22T21:10:07.745-705391-364714,454,false,31.0586844735249,1,4056.91610848116,1.0,1.0
2026-03-22T21:10:07.745-705391-364714,677,false,34.13270641472483,1,4056.91610848116,1.0,1.0
2026-03-22T21:10:07.745-705391-364714,232,false,5.959537967209211,1,4056.91610848116,1.0,1.0
2026-03-22T21:10:07.745-705391-364714,523,false,1.8624626272046443,1,4056.91610848116,1.0,1.0
2026-03-22T21:10:07.745-705391-364714,475,false,0.655778866301393,1,4056.91610848116,1.0,1.0
2026-03-22T21:10:07.745-705391-364714,547,false,12.206271045826911,1,4056.91610848116,1.0,1.0
2026-03-22T21:10:07.745-705391-364714,360,false,1.6975555470038177,1,4056.91610848116,1.0,1.0
2026-03-22T21:10:07.745-705391-364714,453,false,0.1737340820165882,1,4056.91610848116,1.0,1.0
2026-03-22T21:10:07.745-705391-364714,577,false,11.22177570363263,1,4056.91610848116,1.0,1.0
2026-03-22T21:10:07.745-705391-364714,812,false,38.66080430465538,1,4056.91610848116,1.0,1.0
2026-03-22T21:10:07.745-705391-364714,561,false,2.4362303688056777,1,4056.91610848116,1.0,1.0
2026-03-22T21:10:07.745-705391-364714,596,false,6.31556695099873,1,4056.91610848116,1.0,1.0
2026-03-22T21:10:07.745-705391-364714,414,false,0.6494158637702558,1,4056.91610848116,1.0,1.0
2026-03-22T21:10:07.745-705391-364714,891,false,6.636122360533035,1,4056.91610848116,1.0,1.0
2026-03-22T21:10:07.745-705391-364714,356,false,31.17459336007428,1,4056.91610848116,1.0,1.0
2026-03-22T21:10:07.745-705391-364714,914,false,0.889142696598138,1,4056.91610848116,1.0,1.0
2026-03-22T21:10:07.745-705391-364714,671,false,10.013272910881788,1,4056.91610848116,1.0,1.0
2026-03-22T21:10:07.745-705391-364714,714,false,1.4594065456632375,1,4056.91610848116,1.0,1.0
2026-03-22T21:10:07.745-705391-364714,852,false,281.4877486803875,1,4056.91610848116,1.0,1.0
2026-03-22T21:10:07.745-705391-364714,676,false,0.38019979706281737,1,4056.91610848116,1.0,1.0
2026-03-22T21:10:07.745-705391-364714,763,false,0.06391821601937044,1,4056.91610848116,1.0,1.0
2026-03-22T21:10:07.745-705391-364714,892,false,50.624670525885286,1,4056.91610848116,1.0,1.0
2026-03-22T21:10:07.745-705391-364714,553,false,363.9031022723775,1,4056.91610848116,1.0,1.0
2026-03-22T21:10:07.745-705391-364714,480,false,3.9075117518921014,1,4056.91610848116,1.0,1.0
2026-03-22T21:10:07.745-705391-364714,687,false,0.7647632641941472,1,4056.91610848116,1.0,1.0
2026-03-22T21:10:07.745-705391-364714,612,false,2.2819867956964317,1,4056.91610848116,1.0,1.0
2026-03-22T21:10:07.745-705391-364714,22,false,6.226169522227589,1,4056.91610848116,1.0,1.0
2026-03-22T21:10:07.745-705391-364714,306,false,0.5762835157218456,1,4056.91610848116,1.0,1.0
2026-03-22T21:10:07.745-705391-364714,858,false,16.67220529443344,1,4056.91610848116,1.0,1.0
2026-03-22T21:10:07.745-705391-364714,770,false,15.474928313306654,1,4056.91610848116,1.0,1.0
2026-03-22T21:10:07.745-705391-364714,18,false,0.24829536855209114,1,4056.91610848116,1.0,1.0
2026-03-22T21:10:07.745-705391-364714,61,false,0.3032919231341881,1,4056.91610848116,1.0,1.0
2026-03-22T21:10:07.745-705391-364714,774,false,1.2387029229061972,1,4056.91610848116,1.0,1.0
2026-03-22T21:10:07.745-705391-364714,35,false,13.95902538344086,1,4056.91610848116,1.0,1.0
2026-03-22T21:10:07.745-705391-364714,171,false,0.4560419406911837,1,4056.91610848116,1.0,1.0
2026-03-22T21:10:07.745-705391-364714,757,false,0.007799451822109971,1,4056.91610848116,1.0,1.0
2026-03-22T21:10:07.745-705391-364714,515,false,20.607971758101662,1,4056.91610848116,1.0,1.0
2026-03-22T21:10:07.745-705391-364714,540,false,3.4064464317540155,1,4056.91610848116,1.0,1.0
2026-03-22T21:10:07.745-705391-364714,90,false,184.1377391840587,1,4056.91610848116,1.0,1.0
2026-03-22T21:10:07.745-705391-364714,242,false,0.43299125113337894,1,4056.91610848116,1.0,1.0
2026-03-22T21:10:07.745-705391-364714,421,false,12.260835239162752,1,4056.91610848116,1.0,1.0
2026-03-22T21:10:07.745-705391-364714,881,false,7.665909033424325,1,4056.91610848116,1.0,1.0
2026-03-22T21:10:07.745-705391-364714,680,false,0.6537951573227191,1,4056.91610848116,1.0,1.0
2026-03-22T21:10:07.745-705391-364714,975,false,0.22843466922010006,1,4056.91610848116,1.0,1.0
2026-03-22T21:10:07.745-705391-364714,474,false,5.321922131777158,1,4056.91610848116,1.0,1.0
2026-03-22T21:10:07.745-705391-364714,754,false,0.32083011912747234,1,4056.91610848116,1.0,1.0
2026-03-22T21:10:07.745-705391-364714,525,false,0.4170670102963931,1,4056.91610848116,1.0,1.0
2026-03-22T21:10:07.745-705391-364714,919,false,26.498538745627027,1,4056.91610848116,1.0,1.0
2026-03-22T21:10:07.745-705391-364714,623,false,0.14157489487235572,1,4056.91610848116,1.0,1.0
2026-03-22T21:10:07.745-705391-364714,471,false,1.3691570674559248,1,4056.91610848116,1.0,1.0
2026-03-22T21:10:07.745-705391-364714,249,false,0.07938138277058072,1,4056.91610848116,1.0,1.0
2026-03-22T21:10:07.745-705391-364714,223,false,14.794652988947151,1,4056.91610848116,1.0,1.0
2026-03-22T21:10:07.745-705391-364714,175,false,6.485573739790171,1,4056.91610848116,1.0,1.0
2026-03-22T21:10:07.745-705391-364714,423,false,0.4775685860575959,1,4056.91610848116,1.0,1.0
2026-03-22T21:10:07.745-705391-364714,882,false,39.82509748033517,1,4056.91610848116,1.0,1.0
2026-03-22T21:10:07.745-705391-364714,359,false,0.44272848459536723,1,4056.91610848116,1.0,1.0
2026-03-22T21:10:07.745-705391-364714,136,false,0.2821953743279373,1,4056.91610848116,1.0,1.0
2026-03-22T21:10:07.745-705391-364714,722,false,0.4276085057855987,1,4056.91610848116,1.0,1.0
2026-03-22T21:10:07.745-705391-364714,947,false,0.36001572880737104,1,4056.91610848116,1.0,1.0
2026-03-22T21:10:07.745-705391-364714,707,false,0.08808486427235963,1,4056.91610848116,1.0,1.0
2026-03-22T21:10:07.745-705391-364714,208,false,8.181052223617279,1,4056.91610848116,1.0,1.0
2026-03-22T21:10:07.745-705391-364714,642,false,4.048909388561331,1,4056.91610848116,1.0,1.0
2026-03-22T21:10:07.745-705391-364714,9,false,0.7961230910836135,1,4056.91610848116,1.0,1.0
2026-03-22T21:10:07.745-705391-364714,179,false,1.3887444873454018,1,4056.91610848116,1.0,1.0
2026-03-22T21:10:07.745-705391-364714,883,false,8.324218902752726,1,4056.91610848116,1.0,1.0
2026-03-22T21:10:07.745-705391-364714,12,false,1.6385076729832933,1,4056.91610848116,1.0,1.0
2026-03-22T21:10:07.745-705391-364714,69,false,0.2435435076011594,1,4056.91610848116,1.0,1.0
2026-03-22T21:10:07.745-705391-364714,813,false,0.6526505319886574,1,4056.91610848116,1.0,1.0
2026-03-22T21:10:07.745-705391-364714,343,false,3.262891709520272,1,4056.91610848116,1.0,1.0
2026-03-22T21:10:07.745-705391-364714,588,false,4.251245430339052,1,4056.91610848116,1.0,1.0
2026-03-22T21:10:07.745-705391-364714,312,false,11.861556838198577,1,4056.91610848116,1.0,1.0
2026-03-22T21:10:07.745-705391-364714,149,false,8.677569394295245,1,4056.91610848116,1.0,1.0
2026-03-22T21:10:07.745-705391-364714,791,false,6.144871100041226,1,4056.91610848116,1.0,1.0
2026-03-22T21:10:07.745-705391-364714,847,false,0.5891477485878618,1,4056.91610848116,1.0,1.0
2026-03-22T21:10:07.745-705391-364714,218,false,60.351321800979136,1,4056.91610848116,1.0,1.0
2026-03-22T21:10:07.745-705391-364714,119,false,2.2933242457883707,1,4056.91610848116,1.0,1.0
2026-03-22T21:10:07.745-705391-364714,92,false,12.03429475257343,1,4056.91610848116,1.0,1.0
2026-03-22T21:10:07.745-705391-364714,124,false,0.419785617601962,1,4056.91610848116,1.0,1.0
2026-03-22T21:10:07.745-705391-364714,305,false,2.9258512149568032,1,4056.91610848116,1.0,1.0
2026-03-22T21:10:07.745-705391-364714,319,false,3.6636899049077454,1,4056.91610848116,1.0,1.0
2026-03-22T21:10:07.745-705391-364714,457,false,5.136082121154161,1,4056.91610848116,1.0,1.0
2026-03-22T21:10:07.745-705391-364714,330,false,2.761432585646215,1,4056.91610848116,1.0,1.0
2026-03-22T21:10:07.745-705391-364714,781,false,46.592005853464,1,4056.91610848116,1.0,1.0
2026-03-22T21:10:07.745-705391-364714,106,false,15.531758371419942,1,4056.91610848116,1.0,1.0
2026-03-22T21:10:07.745-705391-364714,562,false,1.028040907256136,1,4056.91610848116,1.0,1.0
2026-03-22T21:10:07.745-705391-364714,659,false,3.276584504753522,1,4056.91610848116,1.0,1.0
2026-03-22T21:10:07.745-705391-364714,122,false,11.44897463181801,1,4056.91610848116,1.0,1.0
2026-03-22T21:10:07.745-705391-364714,167,false,0.24342499043637503,1,4056.91610848116,1.0,1.0
2026-03-22T21:10:07.745-705391-364714,133,false,47.73140704842661,1,4056.91610848116,1.0,1.0
2026-03-22T21:10:07.745-705391-364714,245,false,6.325632199108378,1,4056.91610848116,1.0,1.0
2026-03-22T21:10:07.745-705391-364714,632,false,0.29698368226545074,1,4056.91610848116,1.0,1.0
2026-03-22T21:10:07.745-705391-364714,733,true,1.436253628161437,1,4055.4798548529984,1.0,0.7070000000000001
2026-03-22T21:10:07.745-705391-364714,320,false,1.8826162063092942,1,4055.4798548529984,1.0,1.0
2026-03-22T21:10:07.745-705391-364714,973,false,36.935968713396555,1,4055.4798548529984,1.0,1.0
2026-03-22T21:10:07.745-705391-364714,248,false,22.624988306780395,1,4055.4798548529984,1.0,1.0
2026-03-22T21:10:07.745-705391-364714,997,false,0.8314983865048666,1,4055.4798548529984,1.0,1.0
2026-03-22T21:10:07.745-705391-364714,957,false,0.6142416188022196,1,4055.4798548529984,1.0,1.0
2026-03-22T21:10:07.745-705391-364714,463,true,6.741404147007978,1,4048.7384507059905,1.0,0.747
2026-03-22T21:10:07.745-705391-364714,600,false,1.16965876734914,1,4048.7384507059905,1.0,1.0
2026-03-22T21:10:07.745-705391-364714,29,false,0.35202063291612845,1,4048.7384507059905,1.0,1.0
2026-03-22T21:10:07.745-705391-364714,516,false,6.730911073452621,1,4048.7384507059905,1.0,1.0
2026-03-22T21:10:07.745-705391-364714,783,false,6.653529616136644,1,4048.7384507059905,1.0,1.0
2026-03-22T21:10:07.745-705391-364714,169,false,0.12228997530358464,1,4048.7384507059905,1.0,1.0
2026-03-22T21:10:07.745-705391-364714,962,false,1.8061852794176574,1,4048.7384507059905,1.0,1.0
2026-03-22T21:10:07.745-705391-364714,796,false,0.14425121093447607,1,4048.7384507059905,1.0,1.0
2026-03-22T21:10:07.745-705391-364714,50,false,12.071410018735776,1,4048.7384507059905,1.0,1.0
2026-03-22T21:10:07.745-705391-364714,229,false,7.402856856739421,1,4048.7384507059905,1.0,1.0
2026-03-22T21:10:07.745-705391-364714,10,false,3.523976082622552,1,4048.7384507059905,1.0,1.0
2026-03-22T21:10:07.745-705391-364714,599,false,0.36536687842237886,1,4048.7384507059905,1.0,1.0
2026-03-22T21:10:07.745-705391-364714,941,false,6.785153311060745,1,4048.7384507059905,1.0,1.0
2026-03-22T21:10:07.745-705391-364714,896,false,2.8595553171017096,1,4048.7384507059905,1.0,1.0
2026-03-22T21:10:07.745-705391-364714,886,false,70.74056312038397,1,4048.7384507059905,1.0,1.0
2026-03-22T21:10:07.745-705391-364714,374,false,264.9111207472448,1,4048.7384507059905,1.0,1.0
2026-03-22T21:10:07.745-705391-364714,798,false,3.62356904311635,1,4048.7384507059905,1.0,1.0
2026-03-22T21:10:07.745-705391-364714,186,false,4.000762735333742,1,4048.7384507059905,1.0,1.0
2026-03-22T21:10:07.745-705391-364714,24,false,16.16448221845528,1,4048.7384507059905,1.0,1.0
2026-03-22T21:10:07.745-705391-364714,38,false,8.659185907720394,1,4048.7384507059905,1.0,1.0
2026-03-22T21:10:07.745-705391-364714,215,false,0.23049624596400156,1,4048.7384507059905,1.0,1.0
2026-03-22T21:10:07.745-705391-364714,627,false,271.39250505235685,1,4048.7384507059905,1.0,1.0
2026-03-22T21:10:07.745-705391-364714,328,false,1.350581687489538,1,4048.7384507059905,1.0,1.0
2026-03-22T21:10:07.745-705391-364714,481,false,0.3594958920403815,1,4048.7384507059905,1.0,1.0
2026-03-22T21:10:07.745-705391-364714,75,false,17.99772817391174,1,4048.7384507059905,1.0,1.0
2026-03-22T21:10:07.745-705391-364714,132,false,201.8799245536153,1,4048.7384507059905,1.0,1.0
2026-03-22T21:10:07.745-705391-364714,442,false,1.7332848364845632,1,4048.7384507059905,1.0,1.0
2026-03-22T21:10:07.745-705391-364714,611,false,0.17135721083170466,1,4048.7384507059905,1.0,1.0
2026-03-22T21:10:07.745-705391-364714,333,false,1.6399584727512722,1,4048.7384507059905,1.0,1.0
2026-03-22T21:10:07.745-705391-364714,497,false,3.6989991332902505,1,4048.7384507059905,1.0,1.0
2026-03-22T21:10:07.745-705391-364714,716,false,12.478249788031414,1,4048.7384507059905,1.0,1.0
2026-03-22T21:10:07.745-705391-364714,166,false,1.069076404543371,1,4048.7384507059905,1.0,1.0
2026-03-22T21:10:07.745-705391-364714,658,false,0.19562004430843122,1,4048.7384507059905,1.0,1.0
2026-03-22T21:10:07.745-705391-364714,746,false,3.2035676406156144,1,4048.7384507059905,1.0,1.0
2026-03-22T21:10:07.745-705391-364714,335,false,1.2865422292277733,1,4048.7384507059905,1.0,1.0
2026-03-22T21:10:07.745-705391-364714,379,false,5.30999137777233,1,4048.7384507059905,1.0,1.0
2026-03-22T21:10:07.745-705391-364714,488,false,0.014801557030331295,1,4048.7384507059905,1.0,1.0
2026-03-22T21:10:07.745-705391-364714,85,false,0.708638679337331,1,4048.7384507059905,1.0,1.0
2026-03-22T21:10:07.745-705391-364714,633,false,6.003765458193208,1,4048.7384507059905,1.0,1.0
2026-03-22T21:10:07.745-705391-364714,646,false,2.6130983485347286,1,4048.7384507059905,1.0,1.0
2026-03-22T21:10:07.745-705391-364714,906,false,2.5605554101314416,1,4048.7384507059905,1.0,1.0
2026-03-22T21:10:07.745-705391-364714,725,false,84.8706771520772,1,4048.7384507059905,1.0,1.0
2026-03-22T21:10:07.745-705391-364714,576,false,9.851167633549395,1,4048.7384507059905,1.0,1.0
2026-03-22T21:10:07.745-705391-364714,640,false,16.008411367355237,1,4048.7384507059905,1.0,1.0
2026-03-22T21:10:07.745-705391-364714,115,false,2.1167816187586097,1,4048.7384507059905,1.0,1.0
2026-03-22T21:10:07.745-705391-364714,369,false,1.1518401759583907,1,4048.7384507059905,1.0,1.0
2026-03-22T21:10:07.745-705391-364714,683,false,2.0619587589393937,1,4048.7384507059905,1.0,1.0
2026-03-22T21:10:07.745-705391-364714,161,false,1.6987202713943255,1,4048.7384507059905,1.0,1.0
2026-03-22T21:10:07.745-705391-364714,688,false,0.12059079638521643,1,4048.7384507059905,1.0,1.0
2026-03-22T21:10:07.745-705391-364714,884,false,0.6971444917764155,1,4048.7384507059905,1.0,1.0
2026-03-22T21:10:07.745-705391-364714,509,false,1.8787134716078095,1,4048.7384507059905,1.0,1.0
2026-03-22T21:10:07.745-705391-364714,647,false,9.137708891490915,1,4048.7384507059905,1.0,1.0
2026-03-22T21:10:07.745-705391-364714,295,false,0.2531116784691171,1,4048.7384507059905,1.0,1.0
2026-03-22T21:10:07.745-705391-364714,436,false,3.655807324511779,1,4048.7384507059905,1.0,1.0
2026-03-22T21:10:07.745-705391-364714,607,false,1.0404020893954191,1,4048.7384507059905,1.0,1.0
2026-03-22T21:10:07.745-705391-364714,153,false,0.8649166394318472,1,4048.7384507059905,1.0,1.0
2026-03-22T21:10:07.745-705391-364714,620,false,21.167221537717264,1,4048.7384507059905,1.0,1.0
2026-03-22T21:10:07.745-705391-364714,216,false,2.993467406180006,1,4048.7384507059905,1.0,1.0
2026-03-22T21:10:07.745-705391-364714,704,false,21.505672763172274,1,4048.7384507059905,1.0,1.0
2026-03-22T21:10:07.745-705391-364714,889,false,3.243501456929971,1,4048.7384507059905,1.0,1.0
2026-03-22T21:10:07.745-705391-364714,268,false,0.3303828188327724,1,4048.7384507059905,1.0,1.0
2026-03-22T21:10:07.745-705391-364714,529,false,143.69206817981973,1,4048.7384507059905,1.0,1.0
2026-03-22T21:10:07.745-705391-364714,554,false,109.63956010049343,1,4048.7384507059905,1.0,1.0
2026-03-22T21:10:07.745-705391-364714,209,false,2.9444584686299535,1,4048.7384507059905,1.0,1.0
2026-03-22T21:10:07.745-705391-364714,764,false,2.370592721823537,1,4048.7384507059905,1.0,1.0
2026-03-22T21:10:07.745-705391-364714,752,false,0.49981598590001036,1,4048.7384507059905,1.0,1.0
2026-03-22T21:10:07.745-705391-364714,77,false,3.6814451554921326,1,4048.7384507059905,1.0,1.0
2026-03-22T21:10:07.745-705391-364714,41,false,8.5102974805684,1,4048.7384507059905,1.0,1.0
2026-03-22T21:10:07.745-705391-364714,230,false,6.766813575508707,1,4048.7384507059905,1.0,1.0
2026-03-22T21:10:07.745-705391-364714,188,false,132.810363768449,1,4048.7384507059905,1.0,1.0
2026-03-22T21:10:07.745-705391-364714,731,true,1.1137209806628716,1,4047.6247297253276,1.0,0.733
2026-03-22T21:10:07.745-705391-364714,651,false,140.3452938812975,1,4047.6247297253276,1.0,1.0
2026-03-22T21:10:07.745-705391-364714,802,false,1.7804062089994082,1,4047.6247297253276,1.0,1.0
2026-03-22T21:10:07.745-705391-364714,125,false,0.1790615442628847,1,4047.6247297253276,1.0,1.0
2026-03-22T21:10:07.745-705391-364714,877,false,0.49896147329740853,1,4047.6247297253276,1.0,1.0
2026-03-22T21:10:07.745-705391-364714,823,false,0.5538270127985354,1,4047.6247297253276,1.0,1.0
2026-03-22T21:10:07.745-705391-364714,662,false,68.29993060218092,1,4047.6247297253276,1.0,1.0
2026-03-22T21:10:07.745-705391-364714,322,false,10.202953136642682,1,4047.6247297253276,1.0,1.0
2026-03-22T21:10:07.745-705391-364714,873,false,1.6366905165633518,1,4047.6247297253276,1.0,1.0
2026-03-22T21:10:07.745-705391-364714,740,false,0.5344293216757185,1,4047.6247297253276,1.0,1.0
2026-03-22T21:10:07.745-705391-364714,912,false,1.1319372857392265,1,4047.6247297253276,1.0,1.0
2026-03-22T21:10:07.745-705391-364714,329,false,0.09276595937434375,1,4047.6247297253276,1.0,1.0
2026-03-22T21:10:07.745-705391-364714,370,false,0.455275066291987,1,4047.6247297253276,1.0,1.0
2026-03-22T21:10:07.745-705391-364714,806,false,4.802534303235588,1,4047.6247297253276,1.0,1.0
2026-03-22T21:10:07.745-705391-364714,969,false,1.6115539537944874,1,4047.6247297253276,1.0,1.0
2026-03-22T21:10:07.745-705391-364714,485,false,1.2783922303249202,1,4047.6247297253276,1.0,1.0
2026-03-22T21:10:07.745-705391-364714,976,false,1.1178176571307912,1,4047.6247297253276,1.0,1.0
2026-03-22T21:10:07.745-705391-364714,344,false,0.6494037991583756,1,4047.6247297253276,1.0,1.0
2026-03-22T21:10:07.745-705391-364714,432,false,25.030749656928084,1,4047.6247297253276,1.0,1.0
2026-03-22T21:10:07.745-705391-364714,940,false,6.167339407809117,1,4047.6247297253276,1.0,1.0
2026-03-22T21:10:07.745-705391-364714,120,false,12.167791977623137,1,4047.6247297253276,1.0,1.0
2026-03-22T21:10:07.745-705391-364714,936,false,0.3029364839926084,1,4047.6247297253276,1.0,1.0
2026-03-22T21:10:07.745-705391-364714,226,false,0.2898548045410527,1,4047.6247297253276,1.0,1.0
2026-03-22T21:10:07.745-705391-364714,390,false,60.33843311195316,1,4047.6247297253276,1.0,1.0
2026-03-22T21:10:07.745-705391-364714,37,false,3.7710278259098526,1,4047.6247297253276,1.0,1.0
2026-03-22T21:10:07.745-705391-364714,880,false,5.114928076067367,1,4047.6247297253276,1.0,1.0
2026-03-22T21:10:07.745-705391-364714,793,false,4.043067272197129,1,4047.6247297253276,1.0,1.0
2026-03-22T21:10:07.745-705391-364714,221,false,588.728943788081,1,4047.6247297253276,1.0,1.0
2026-03-22T21:10:07.745-705391-364714,269,false,0.6478072850043864,1,4047.6247297253276,1.0,1.0
2026-03-22T21:10:07.745-705391-364714,787,false,10.812181957717865,1,4047.6247297253276,1.0,1.0
2026-03-22T21:10:07.745-705391-364714,254,false,0.3050315348855947,1,4047.6247297253276,1.0,1.0
2026-03-22T21:10:07.745-705391-364714,11,false,2.126166649408002,1,4047.6247297253276,1.0,1.0
2026-03-22T21:10:07.745-705391-364714,925,false,150.40323209992258,1,4047.6247297253276,1.0,1.0
2026-03-22T21:10:07.745-705391-364714,759,false,0.23673811609581247,1,4047.6247297253276,1.0,1.0
2026-03-22T21:10:07.745-705391-364714,160,false,0.5135469057890681,1,4047.6247297253276,1.0,1.0
2026-03-22T21:10:07.745-705391-364714,55,false,26.775448458960664,1,4047.6247297253276,1.0,1.0
2026-03-22T21:10:07.745-705391-364714,535,false,3.73421247676535,1,4047.6247297253276,1.0,1.0
2026-03-22T21:10:07.745-705391-364714,565,false,0.4492322018391292,1,4047.6247297253276,1.0,1.0
2026-03-22T21:10:07.745-705391-364714,744,false,2.392634713600437,1,4047.6247297253276,1.0,1.0
2026-03-22T21:10:07.745-705391-364714,503,false,2.7019245021584344,1,4047.6247297253276,1.0,1.0
2026-03-22T21:10:07.745-705391-364714,897,false,16.15133284645288,1,4047.6247297253276,1.0,1.0
2026-03-22T21:10:07.745-705391-364714,381,false,6.550136177952692,1,4047.6247297253276,1.0,1.0
2026-03-22T21:10:07.745-705391-364714,650,false,0.548496026253707,1,4047.6247297253276,1.0,1.0
2026-03-22T21:10:07.745-705391-364714,141,false,0.2971233605834004,1,4047.6247297253276,1.0,1.0
2026-03-22T21:10:07.745-705391-364714,8,false,14.541265641952771,1,4047.6247297253276,1.0,1.0
2026-03-22T21:10:07.745-705391-364714,832,false,21.01603879678058,1,4047.6247297253276,1.0,1.0
2026-03-22T21:10:07.745-705391-364714,958,false,1.5089648299279248,1,4047.6247297253276,1.0,1.0
2026-03-22T21:10:07.745-705391-364714,606,false,10.642055664298422,1,4047.6247297253276,1.0,1.0
2026-03-22T21:10:07.745-705391-364714,679,false,16.11957361686336,1,4047.6247297253276,1.0,1.0
2026-03-22T21:10:07.745-705391-364714,905,false,0.7649355100544734,1,4047.6247297253276,1.0,1.0
2026-03-22T21:10:07.745-705391-364714,978,false,7.875118404709419,1,4047.6247297253276,1.0,1.0
2026-03-22T21:10:07.745-705391-364714,789,false,1.0876706399673974,1,4047.6247297253276,1.0,1.0
2026-03-22T21:10:07.745-705391-364714,313,false,0.8272541179831536,1,4047.6247297253276,1.0,1.0
2026-03-22T21:10:07.745-705391-364714,318,false,0.37357003150108836,1,4047.6247297253276,1.0,1.0
2026-03-22T21:10:07.745-705391-364714,655,false,68.3038607033267,1,4047.6247297253276,1.0,1.0
2026-03-22T21:10:07.745-705391-364714,213,false,0.8326578858009823,1,4047.6247297253276,1.0,1.0
2026-03-22T21:10:07.745-705391-364714,893,false,0.24291974517929102,1,4047.6247297253276,1.0,1.0
2026-03-22T21:10:07.745-705391-364714,78,false,0.028797418133028326,1,4047.6247297253276,1.0,1.0
2026-03-22T21:10:07.745-705391-364714,619,false,3.466401472818745,1,4047.6247297253276,1.0,1.0
2026-03-22T21:10:07.745-705391-364714,143,false,4.067525296804368,1,4047.6247297253276,1.0,1.0
2026-03-22T21:10:07.745-705391-364714,571,false,65.82362662507163,1,4047.6247297253276,1.0,1.0
2026-03-22T21:10:07.745-705391-364714,819,false,4.452157267909671,1,4047.6247297253276,1.0,1.0
2026-03-22T21:10:07.745-705391-364714,519,false,0.025995074236575558,1,4047.6247297253276,1.0,1.0
2026-03-22T21:10:07.745-705391-364714,946,false,0.48181432992205775,1,4047.6247297253276,1.0,1.0
2026-03-22T21:10:07.745-705391-364714,807,false,1.5595806387531481,1,4047.6247297253276,1.0,1.0
2026-03-22T21:10:07.745-705391-364714,544,false,36.88948477380908,1,4047.6247297253276,1.0,1.0
2026-03-22T21:10:07.745-705391-364714,943,false,224.5394395769499,1,4047.6247297253276,1.0,1.0
2026-03-22T21:10:07.745-705391-364714,800,false,17.488888810694647,1,4047.6247297253276,1.0,1.0
2026-03-22T21:10:07.745-705391-364714,685,false,5.6780470117530495,1,4047.6247297253276,1.0,1.0
2026-03-22T21:10:07.745-705391-364714,200,false,6.148558671940507,1,4047.6247297253276,1.0,1.0
2026-03-22T21:10:07.745-705391-364714,117,false,1.3706110720322968,1,4047.6247297253276,1.0,1.0
2026-03-22T21:10:07.745-705391-364714,338,false,49.02540082535722,1,4047.6247297253276,1.0,1.0
2026-03-22T21:10:07.745-705391-364714,974,false,2.3838322435756942,1,4047.6247297253276,1.0,1.0
2026-03-22T21:10:07.745-705391-364714,409,false,4.576995547516114,1,4047.6247297253276,1.0,1.0
2026-03-22T21:10:07.745-705391-364714,723,false,2.0036442658466385,1,4047.6247297253276,1.0,1.0
2026-03-22T21:10:07.745-705391-364714,804,false,71.49841527799906,1,4047.6247297253276,1.0,1.0
2026-03-22T21:10:07.745-705391-364714,244,false,5.4649753577808395,1,4047.6247297253276,1.0,1.0
2026-03-22T21:10:07.745-705391-364714,6,false,16.34352531768148,1,4047.6247297253276,1.0,1.0
2026-03-22T21:10:07.745-705391-364714,808,false,6.275885636469353,1,4047.6247297253276,1.0,1.0
2026-03-22T21:10:07.745-705391-364714,97,false,10.115479984971762,1,4047.6247297253276,1.0,1.0
2026-03-22T21:10:07.745-705391-364714,246,false,1.286228495518437,1,4047.6247297253276,1.0,1.0
2026-03-22T21:10:07.745-705391-364714,151,false,7.246156725731645,1,4047.6247297253276,1.0,1.0
2026-03-22T21:10:07.745-705391-364714,380,false,4.041409389940851,1,4047.6247297253276,1.0,1.0
2026-03-22T21:10:07.745-705391-364714,349,false,1.8875848167168152,1,4047.6247297253276,1.0,1.0
2026-03-22T21:10:07.745-705391-364714,484,false,2.258358936191398,1,4047.6247297253276,1.0,1.0
2026-03-22T21:10:07.745-705391-364714,879,false,4.927048796577631,1,4047.6247297253276,1.0,1.0
2026-03-22T21:10:07.745-705391-364714,228,false,2.6955399987022393,1,4047.6247297253276,1.0,1.0
2026-03-22T21:10:07.745-705391-364714,569,false,0.3163819823969464,1,4047.6247297253276,1.0,1.0
2026-03-22T21:10:07.745-705391-364714,283,false,66.18792913634974,1,4047.6247297253276,1.0,1.0
2026-03-22T21:10:07.745-705391-364714,993,false,0.1545224647278,1,4047.6247297253276,1.0,1.0
2026-03-22T21:10:07.745-705391-364714,389,false,127.23314061585369,1,4047.6247297253276,1.0,1.0
2026-03-22T21:10:07.745-705391-364714,273,false,19.588930414889916,1,4047.6247297253276,1.0,1.0
2026-03-22T21:10:07.745-705391-364714,317,false,1.275749966264462,1,4047.6247297253276,1.0,1.0
2026-03-22T21:10:07.745-705391-364714,217,false,0.3110879525521728,1,4047.6247297253276,1.0,1.0
2026-03-22T21:10:07.745-705391-364714,541,false,0.12068483055945409,1,4047.6247297253276,1.0,1.0
2026-03-22T21:10:07.745-705391-364714,689,false,17.682292349923937,1,4047.6247297253276,1.0,1.0
2026-03-22T21:10:07.745-705391-364714,769,false,0.41693729046719424,1,4047.6247297253276,1.0,1.0
2026-03-22T21:10:07.745-705391-364714,924,false,19.729885475883602,1,4047.6247297253276,1.0,1.0
2026-03-22T21:10:07.745-705391-364714,932,false,3.6186471190991196,1,4047.6247297253276,1.0,1.0
2026-03-22T21:10:07.745-705391-364714,851,false,18.437147832707378,1,4047.6247297253276,1.0,1.0
2026-03-22T21:10:07.745-705391-364714,745,false,11.837848664663941,1,4047.6247297253276,1.0,1.0
2026-03-22T21:10:07.745-705391-364714,575,false,1.1033160979637278,1,4047.6247297253276,1.0,1.0
2026-03-22T21:10:07.745-705391-364714,219,false,2.472488401879144,1,4047.6247297253276,1.0,1.0
2026-03-22T21:10:07.745-705391-364714,366,false,0.07149525703389206,1,4047.6247297253276,1.0,1.0
2026-03-22T21:10:07.745-705391-364714,28,false,0.06684698676473981,1,4047.6247297253276,1.0,1.0
2026-03-22T21:10:07.745-705391-364714,498,false,0.013079484412033436,1,4047.6247297253276,1.0,1.0
2026-03-22T21:10:07.745-705391-364714,989,false,0.1260853915943898,1,4047.6247297253276,1.0,1.0
2026-03-22T21:10:07.745-705391-364714,639,false,1.2066080919693882,1,4047.6247297253276,1.0,1.0
2026-03-22T21:10:07.745-705391-364714,945,false,0.8020789100721744,1,4047.6247297253276,1.0,1.0
2026-03-22T21:10:07.745-705391-364714,345,false,1.1298671558485713,1,4047.6247297253276,1.0,1.0
2026-03-22T21:10:07.745-705391-364714,367,false,3.1798947218385227,1,4047.6247297253276,1.0,1.0
2026-03-22T21:10:07.745-705391-364714,913,false,0.01086809615669902,1,4047.6247297253276,1.0,1.0
2026-03-22T21:10:07.745-705391-364714,93,false,8.481740244205344,1,4047.6247297253276,1.0,1.0
2026-03-22T21:10:07.745-705391-364714,968,false,16.207358957804168,1,4047.6247297253276,1.0,1.0
2026-03-22T21:10:07.745-705391-364714,830,false,0.07993994733999629,1,4047.6247297253276,1.0,1.0
2026-03-22T21:10:07.745-705391-364714,904,false,1.0226174415233098,1,4047.6247297253276,1.0,1.0
2026-03-22T21:10:07.745-705391-364714,570,false,10.249156956946193,1,4047.6247297253276,1.0,1.0
2026-03-22T21:10:07.745-705391-364714,326,false,2.573895636071308,1,4047.6247297253276,1.0,1.0
2026-03-22T21:10:07.745-705391-364714,364,false,0.8858721986548278,1,4047.6247297253276,1.0,1.0
2026-03-22T21:10:07.745-705391-364714,462,true,4.5768851432343745,1,4043.047844582093,1.0,0.10299999999999998
2026-03-22T21:10:07.745-705391-364714,234,false,47.154121862049614,1,4043.047844582093,1.0,1.0
2026-03-22T21:10:07.745-705391-364714,753,false,0.25270525260846893,1,4043.047844582093,1.0,1.0
2026-03-22T21:10:07.745-705391-364714,299,false,1.4398413381748005,1,4043.047844582093,1.0,1.0
2026-03-22T21:10:07.745-705391-364714,238,false,4.482288119619136,1,4043.047844582093,1.0,1.0
2026-03-22T21:10:07.745-705391-364714,785,false,11.260039734350967,1,4043.047844582093,1.0,1.0
2026-03-22T21:10:07.745-705391-364714,890,false,0.33303708334343596,1,4043.047844582093,1.0,1.0
2026-03-22T21:10:07.745-705391-364714,664,false,0.3503910594696029,1,4043.047844582093,1.0,1.0
2026-03-22T21:10:07.745-705391-364714,101,false,3.8288607698282817,1,4043.047844582093,1.0,1.0
2026-03-22T21:10:07.745-705391-364714,42,false,1.9136185464477584,1,4043.047844582093,1.0,1.0
2026-03-22T21:10:07.745-705391-364714,383,false,3.742404683416628,1,4043.047844582093,1.0,1.0
2026-03-22T21:10:07.745-705391-364714,72,false,0.09012510691296881,1,4043.047844582093,1.0,1.0
2026-03-22T21:10:07.745-705391-364714,451,false,20.83470105028958,1,4043.047844582093,1.0,1.0
2026-03-22T21:10:07.745-705391-364714,408,false,0.8874417940964936,1,4043.047844582093,1.0,1.0
2026-03-22T21:10:07.745-705391-364714,260,false,2.0650448281447504,1,4043.047844582093,1.0,1.0
2026-03-22T21:10:07.745-705391-364714,857,false,6.983359527647262,1,4043.047844582093,1.0,1.0
2026-03-22T21:10:07.745-705391-364714,810,false,0.01714237613336699,1,4043.047844582093,1.0,1.0
2026-03-22T21:10:07.745-705391-364714,347,false,3.2537470454654716,1,4043.047844582093,1.0,1.0
2026-03-22T21:10:07.745-705391-364714,261,false,203.8397960736547,1,4043.047844582093,1.0,1.0
2026-03-22T21:10:07.745-705391-364714,194,false,0.17286877967085737,1,4043.047844582093,1.0,1.0
2026-03-22T21:10:07.745-705391-364714,505,false,0.3428680340133247,1,4043.047844582093,1.0,1.0
2026-03-22T21:10:07.745-705391-364714,603,false,11.331870469411653,1,4043.047844582093,1.0,1.0
2026-03-22T21:10:07.745-705391-364714,874,false,25.35762673448201,1,4043.047844582093,1.0,1.0
2026-03-22T21:10:07.745-705391-364714,201,false,0.7850300058182592,1,4043.047844582093,1.0,1.0
2026-03-22T21:10:07.745-705391-364714,357,false,85.28049973367109,1,4043.047844582093,1.0,1.0
2026-03-22T21:10:07.745-705391-364714,585,false,0.4008496655351925,1,4043.047844582093,1.0,1.0
2026-03-22T21:10:07.745-705391-364714,231,false,0.12192278369656803,1,4043.047844582093,1.0,1.0
2026-03-22T21:10:07.745-705391-364714,157,false,6.945173575160431,1,4043.047844582093,1.0,1.0
2026-03-22T21:10:07.745-705391-364714,30,false,11.727948654106642,1,4043.047844582093,1.0,1.0
2026-03-22T21:10:07.745-705391-364714,981,false,4.865219618456861,1,4043.047844582093,1.0,1.0
2026-03-22T21:10:07.745-705391-364714,843,false,16.00450476530031,1,4043.047844582093,1.0,1.0
2026-03-22T21:10:07.745-705391-364714,84,false,12.67755175768424,1,4043.047844582093,1.0,1.0
2026-03-22T21:10:07.745-705391-364714,729,true,17.247394982161627,1,4025.8004495999317,1.0,0.722
2026-03-22T21:10:07.745-705391-364714,464,true,0.8703948868409183,1,4024.9300547130906,1.0,0.0
2026-03-22T21:10:07.745-705391-364714,933,false,11.460617729981312,1,4024.9300547130906,1.0,1.0
2026-03-22T21:10:07.745-705391-364714,33,false,6.326697165219337,1,4024.9300547130906,1.0,1.0
2026-03-22T21:10:07.745-705391-364714,533,false,1.1752416574976359,1,4024.9300547130906,1.0,1.0
2026-03-22T21:10:07.745-705391-364714,472,false,17.668058757993617,1,4024.9300547130906,1.0,1.0
2026-03-22T21:10:07.745-705391-364714,327,false,0.08106527786127464,1,4024.9300547130906,1.0,1.0
2026-03-22T21:10:07.745-705391-364714,289,false,1.3555940792619006,1,4024.9300547130906,1.0,1.0
2026-03-22T21:10:07.745-705391-364714,467,true,4.141502142475956,1,4020.7885525706147,1.0,0.0030000000000000027
2026-03-22T21:10:07.745-705391-364714,183,false,1.6447601512828236,1,4020.7885525706147,1.0,1.0
2026-03-22T21:10:07.745-705391-364714,466,true,0.47587110470665916,1,4020.312681465908,1.0,0.0
2026-03-22T21:10:07.745-705391-364714,668,false,3.3210121096341036,1,4020.312681465908,1.0,1.0
2026-03-22T21:10:07.745-705391-364714,859,false,1.73283551357954,1,4020.312681465908,1.0,1.0
2026-03-22T21:10:07.745-705391-364714,755,false,143.17145650812623,1,4020.312681465908,1.0,1.0
2026-03-22T21:10:07.745-705391-364714,25,false,0.5194475023321625,1,4020.312681465908,1.0,1.0
2026-03-22T21:10:07.745-705391-364714,622,false,0.1575760767817084,1,4020.312681465908,1.0,1.0
2026-03-22T21:10:07.745-705391-364714,638,false,2.6303305761076365,1,4020.312681465908,1.0,1.0
2026-03-22T21:10:07.745-705391-364714,107,false,9.547297215688893,1,4020.312681465908,1.0,1.0
2026-03-22T21:10:07.745-705391-364714,543,false,3.868876328166667,1,4020.312681465908,1.0,1.0
2026-03-22T21:10:07.745-705391-364714,71,false,13.999990942590236,1,4020.312681465908,1.0,1.0
2026-03-22T21:10:07.745-705391-364714,300,false,0.06273962160624028,1,4020.312681465908,1.0,1.0
2026-03-22T21:10:07.745-705391-364714,113,false,0.9338496369385243,1,4020.312681465908,1.0,1.0
2026-03-22T21:10:07.745-705391-364714,691,false,0.6009050796701064,1,4020.312681465908,1.0,1.0
2026-03-22T21:10:07.745-705391-364714,272,false,0.3689128905940395,1,4020.312681465908,1.0,1.0
2026-03-22T21:10:07.745-705391-364714,262,false,19.309723574636372,1,4020.312681465908,1.0,1.0
2026-03-22T21:10:07.745-705391-364714,376,false,0.058011716858659974,1,4020.312681465908,1.0,1.0
2026-03-22T21:10:07.745-705391-364714,850,false,0.25874147035601086,1,4020.312681465908,1.0,1.0
2026-03-22T21:10:07.745-705391-364714,385,false,3.2027893987886653,1,4020.312681465908,1.0,1.0
2026-03-22T21:10:07.745-705391-364714,275,false,41.548547003477374,1,4020.312681465908,1.0,1.0
2026-03-22T21:10:07.745-705391-364714,952,false,4.312026994102476,1,4020.312681465908,1.0,1.0
2026-03-22T21:10:07.745-705391-364714,855,false,8.255640940477324,1,4020.312681465908,1.0,1.0
2026-03-22T21:10:07.745-705391-364714,284,false,0.7188960177886009,1,4020.312681465908,1.0,1.0
2026-03-22T21:10:07.745-705391-364714,703,false,0.03496224719172578,1,4020.312681465908,1.0,1.0
2026-03-22T21:10:07.745-705391-364714,705,false,29.140929599954855,1,4020.312681465908,1.0,1.0
2026-03-22T21:10:07.745-705391-364714,137,false,1.2580643244544942,1,4020.312681465908,1.0,1.0
2026-03-22T21:10:07.745-705391-364714,373,false,1.2045955194605857,1,4020.312681465908,1.0,1.0
2026-03-22T21:10:07.745-705391-364714,384,false,5.08467317085039,1,4020.312681465908,1.0,1.0
2026-03-22T21:10:07.745-705391-364714,233,false,20.837252138084033,1,4020.312681465908,1.0,1.0
2026-03-22T21:10:07.745-705391-364714,411,false,41.20129910375564,1,4020.312681465908,1.0,1.0
2026-03-22T21:10:07.745-705391-364714,45,false,38.47361568059578,1,4020.312681465908,1.0,1.0
2026-03-22T21:10:07.745-705391-364714,184,false,0.9026664202446166,1,4020.312681465908,1.0,1.0
2026-03-22T21:10:07.745-705391-364714,556,false,2.9834533595038124,1,4020.312681465908,1.0,1.0
2026-03-22T21:10:07.745-705391-364714,191,false,10.485205469266427,1,4020.312681465908,1.0,1.0
2026-03-22T21:10:07.745-705391-364714,341,false,3.0145183660915493,1,4020.312681465908,1.0,1.0
2026-03-22T21:10:07.745-705391-364714,63,false,28.111636395315994,1,4020.312681465908,1.0,1.0
2026-03-22T21:10:07.745-705391-364714,130,false,0.48509957502778833,1,4020.312681465908,1.0,1.0
2026-03-22T21:10:07.745-705391-364714,693,false,1.6077857168207828,1,4020.312681465908,1.0,1.0
2026-03-22T21:10:07.745-705391-364714,749,false,2.470333156901956,1,4020.312681465908,1.0,1.0
2026-03-22T21:10:07.745-705391-364714,514,false,0.1315036921861316,1,4020.312681465908,1.0,1.0
2026-03-22T21:10:07.745-705391-364714,870,false,5.653952157935257,1,4020.312681465908,1.0,1.0
2026-03-22T21:10:07.745-705391-364714,164,false,0.5171648777964695,1,4020.312681465908,1.0,1.0
2026-03-22T21:10:07.745-705391-364714,7,false,2.3807179149716826,1,4020.312681465908,1.0,1.0
2026-03-22T21:10:07.745-705391-364714,198,false,18.171937821700876,1,4020.312681465908,1.0,1.0
2026-03-22T21:10:07.745-705391-364714,468,true,19.615594855560193,1,4000.697086610348,1.0,0.0
2026-03-22T21:10:07.745-705391-364714,590,false,1.578212187704368,1,4000.697086610348,1.0,1.0
2026-03-22T21:10:07.745-705391-364714,634,false,2.0603372291878745,1,4000.697086610348,1.0,1.0
2026-03-22T21:10:07.745-705391-364714,557,false,1.6303469181756798,1,4000.697086610348,1.0,1.0
2026-03-22T21:10:07.745-705391-364714,147,false,3.4066247741670526,1,4000.697086610348,1.0,1.0
2026-03-22T21:10:07.745-705391-364714,309,false,9.29444427947593,1,4000.697086610348,1.0,1.0
2026-03-22T21:10:07.745-705391-364714,140,false,59.73844615288378,1,4000.697086610348,1.0,1.0
2026-03-22T21:10:07.745-705391-364714,479,false,3.420013623612523,1,4000.697086610348,1.0,1.0
2026-03-22T21:10:07.745-705391-364714,839,false,11.421199157243617,1,4000.697086610348,1.0,1.0
2026-03-22T21:10:07.745-705391-364714,67,false,10.875458038248189,1,4000.697086610348,1.0,1.0
2026-03-22T21:10:07.745-705391-364714,297,false,2.2917102201743367,1,4000.697086610348,1.0,1.0
2026-03-22T21:10:07.745-705391-364714,747,false,3.9362072176366754,1,4000.697086610348,1.0,1.0
2026-03-22T21:10:07.745-705391-364714,16,false,32.48146661342596,1,4000.697086610348,1.0,1.0
2026-03-22T21:10:07.745-705391-364714,342,false,0.6202467495073115,1,4000.697086610348,1.0,1.0
2026-03-22T21:10:07.745-705391-364714,274,false,28.34782510249173,1,4000.697086610348,1.0,1.0
2026-03-22T21:10:07.745-705391-364714,548,false,0.08005758990988299,1,4000.697086610348,1.0,1.0
2026-03-22T21:10:07.745-705391-364714,695,false,0.345276736900684,1,4000.697086610348,1.0,1.0
2026-03-22T21:10:07.745-705391-364714,616,false,12.138612477148799,1,4000.697086610348,1.0,1.0
2026-03-22T21:10:07.745-705391-364714,986,false,0.15052926517728732,1,4000.697086610348,1.0,1.0
2026-03-22T21:10:07.745-705391-364714,955,false,18.72641784371998,1,4000.697086610348,1.0,1.0
2026-03-22T21:10:07.745-705391-364714,193,false,4.339040221827739,1,4000.697086610348,1.0,1.0
2026-03-22T21:10:07.745-705391-364714,615,false,12.50226284795505,1,4000.697086610348,1.0,1.0
2026-03-22T21:10:07.745-705391-364714,182,false,12.925241725382168,1,4000.697086610348,1.0,1.0
2026-03-22T21:10:07.745-705391-364714,159,false,2.6210350632590202,1,4000.697086610348,1.0,1.0
2026-03-22T21:10:07.745-705391-364714,758,false,3.9236224760062313,1,4000.697086610348,1.0,1.0
2026-03-22T21:10:07.745-705391-364714,748,false,1.315039580521356,1,4000.697086610348,1.0,1.0
2026-03-22T21:10:07.745-705391-364714,860,false,0.3946802986031587,1,4000.697086610348,1.0,1.0
2026-03-22T21:10:07.745-705391-364714,163,false,4.60258855405028,1,4000.697086610348,1.0,1.0
2026-03-22T21:10:07.745-705391-364714,352,false,1.6796278648784049,1,4000.697086610348,1.0,1.0
2026-03-22T21:10:07.745-705391-364714,398,true,10.427487989377282,1,3990.2695986209706,1.0,0.0010000000000000009
2026-03-22T21:10:07.745-705391-364714,690,false,2.0954354044309507,1,3990.2695986209706,1.0,1.0
2026-03-22T21:10:07.745-705391-364714,437,false,8.087329655718854,1,3990.2695986209706,1.0,1.0
2026-03-22T21:10:07.745-705391-364714,635,false,0.431077909853368,1,3990.2695986209706,1.0,1.0
2026-03-22T21:10:07.745-705391-364714,592,false,11.494725561222218,1,3990.2695986209706,1.0,1.0
2026-03-22T21:10:07.745-705391-364714,956,false,132.95042693984726,1,3990.2695986209706,1.0,1.0
2026-03-22T21:10:07.745-705391-364714,845,false,0.09734696530420216,1,3990.2695986209706,1.0,1.0
2026-03-22T21:10:07.745-705391-364714,448,false,14.581373135492257,1,3990.2695986209706,1.0,1.0
2026-03-22T21:10:07.745-705391-364714,290,false,0.3447827267562331,1,3990.2695986209706,1.0,1.0
2026-03-22T21:10:07.745-705391-364714,766,false,0.2004092468442416,1,3990.2695986209706,1.0,1.0
2026-03-22T21:10:07.745-705391-364714,713,false,0.9447568803076356,1,3990.2695986209706,1.0,1.0
2026-03-22T21:10:07.745-705391-364714,430,false,13.286296179875958,1,3990.2695986209706,1.0,1.0
2026-03-22T21:10:07.745-705391-364714,469,false,0.1383380775879653,1,3990.2695986209706,1.0,1.0
2026-03-22T21:10:07.745-705391-364714,965,false,805.7415040923354,1,3990.2695986209706,1.0,1.0
2026-03-22T21:10:07.745-705391-364714,938,false,14.036688990655662,1,3990.2695986209706,1.0,1.0
2026-03-22T21:10:07.745-705391-364714,706,false,0.13542930680693874,1,3990.2695986209706,1.0,1.0
2026-03-22T21:10:07.745-705391-364714,192,false,0.4960229058295362,1,3990.2695986209706,1.0,1.0
2026-03-22T21:10:07.745-705391-364714,365,false,6.936500779413696,1,3990.2695986209706,1.0,1.0
2026-03-22T21:10:07.745-705391-364714,750,false,11.409985379340867,1,3990.2695986209706,1.0,1.0
2026-03-22T21:10:07.745-705391-364714,441,false,0.7790468018432034,1,3990.2695986209706,1.0,1.0
2026-03-22T21:10:07.745-705391-364714,939,false,0.5382403764566931,1,3990.2695986209706,1.0,1.0
2026-03-22T21:10:07.745-705391-364714,526,false,3.523654674334309,1,3990.2695986209706,1.0,1.0
2026-03-22T21:10:07.745-705391-364714,795,false,5.498839840810027,1,3990.2695986209706,1.0,1.0
2026-03-22T21:10:07.745-705391-364714,271,false,5.837615714426172,1,3990.2695986209706,1.0,1.0
2026-03-22T21:10:07.745-705391-364714,931,false,16.447679081648406,1,3990.2695986209706,1.0,1.0
2026-03-22T21:10:07.745-705391-364714,270,false,0.2898114030003131,1,3990.2695986209706,1.0,1.0
2026-03-22T21:10:07.745-705391-364714,339,false,3.6580465686644494,1,3990.2695986209706,1.0,1.0
2026-03-22T21:10:07.745-705391-364714,285,false,0.4820844545838496,1,3990.2695986209706,1.0,1.0
2026-03-22T21:10:07.745-705391-364714,280,false,1.5990784061136802,1,3990.2695986209706,1.0,1.0
2026-03-22T21:10:07.745-705391-364714,840,false,0.019682003790160375,1,3990.2695986209706,1.0,1.0
2026-03-22T21:10:07.745-705391-364714,401,false,0.0440146272458555,1,3990.2695986209706,1.0,1.0
2026-03-22T21:10:07.745-705391-364714,507,false,5.6085798476189535,1,3990.2695986209706,1.0,1.0
2026-03-22T21:10:07.745-705391-364714,308,false,8.871333663753033,1,3990.2695986209706,1.0,1.0
2026-03-22T21:10:07.745-705391-364714,247,false,2.434005694498513,1,3990.2695986209706,1.0,1.0
2026-03-22T21:10:07.745-705391-364714,853,false,15.36798738820812,1,3990.2695986209706,1.0,1.0
2026-03-22T21:10:07.745-705391-364714,613,false,0.4187054237347065,1,3990.2695986209706,1.0,1.0
2026-03-22T21:10:07.745-705391-364714,953,false,1.1001109764859096,1,3990.2695986209706,1.0,1.0
2026-03-22T21:10:07.745-705391-364714,362,false,32.015273755784186,1,3990.2695986209706,1.0,1.0
2026-03-22T21:10:07.745-705391-364714,206,false,0.8772221888712277,1,3990.2695986209706,1.0,1.0
2026-03-22T21:10:07.745-705391-364714,237,false,0.8128755751266646,1,3990.2695986209706,1.0,1.0
2026-03-22T21:10:07.745-705391-364714,960,false,33.35551661313415,1,3990.2695986209706,1.0,1.0
2026-03-22T21:10:07.745-705391-364714,240,false,0.527329924670112,1,3990.2695986209706,1.0,1.0
2026-03-22T21:10:07.745-705391-364714,321,false,77.82891836054681,1,3990.2695986209706,1.0,1.0
2026-03-22T21:10:07.745-705391-364714,649,false,23.48602079670801,1,3990.2695986209706,1.0,1.0
2026-03-22T21:10:07.745-705391-364714,58,false,2.4121201769168326,1,3990.2695986209706,1.0,1.0
2026-03-22T21:10:07.745-705391-364714,980,false,0.7682380558448235,1,3990.2695986209706,1.0,1.0
2026-03-22T21:10:07.745-705391-364714,777,false,2.5498711884722227,1,3990.2695986209706,1.0,1.0
2026-03-22T21:10:07.745-705391-364714,79,false,2.087761799341929,1,3990.2695986209706,1.0,1.0
2026-03-22T21:10:07.745-705391-364714,656,false,15.514858285278539,1,3990.2695986209706,1.0,1.0
2026-03-22T21:10:07.745-705391-364714,597,false,0.19756168503696483,1,3990.2695986209706,1.0,1.0
2026-03-22T21:10:07.745-705391-364714,572,false,2.9323128231377353,1,3990.2695986209706,1.0,1.0
2026-03-22T21:10:07.745-705391-364714,586,false,0.16514595776901908,1,3990.2695986209706,1.0,1.0
2026-03-22T21:10:07.745-705391-364714,972,false,2.278280159214959,1,3990.2695986209706,1.0,1.0
2026-03-22T21:10:07.745-705391-364714,243,false,11.54780287532133,1,3990.2695986209706,1.0,1.0
2026-03-22T21:10:07.745-705391-364714,593,false,6.686030522616271,1,3990.2695986209706,1.0,1.0
2026-03-22T21:10:07.745-705391-364714,673,false,8.175926028335528,1,3990.2695986209706,1.0,1.0
2026-03-22T21:10:07.745-705391-364714,702,false,56.73102836941645,1,3990.2695986209706,1.0,1.0
2026-03-22T21:10:07.745-705391-364714,583,false,1.2958025505615192,1,3990.2695986209706,1.0,1.0
2026-03-22T21:10:07.745-705391-364714,291,false,29.49733093406343,1,3990.2695986209706,1.0,1.0
2026-03-22T21:10:07.745-705391-364714,155,false,26.80824220995783,1,3990.2695986209706,1.0,1.0
2026-03-22T21:10:07.745-705391-364714,210,false,168.90444094150618,1,3990.2695986209706,1.0,1.0
2026-03-22T21:10:07.745-705391-364714,767,false,0.3397498787549837,1,3990.2695986209706,1.0,1.0
2026-03-22T21:10:07.745-705391-364714,537,false,31.106940061892384,1,3990.2695986209706,1.0,1.0
2026-03-22T21:10:07.745-705391-364714,709,false,4.621082716193305,1,3990.2695986209706,1.0,1.0
2026-03-22T21:10:07.745-705391-364714,348,false,0.49992855004003295,1,3990.2695986209706,1.0,1.0
2026-03-22T21:10:07.745-705391-364714,123,false,16.43973439122964,1,3990.2695986209706,1.0,1.0
2026-03-22T21:10:07.745-705391-364714,637,false,0.2824849253041125,1,3990.2695986209706,1.0,1.0
2026-03-22T21:10:07.745-705391-364714,68,false,0.03606662116538796,1,3990.2695986209706,1.0,1.0
2026-03-22T21:10:07.745-705391-364714,13,false,692.2084317802942,1,3990.2695986209706,1.0,1.0
2026-03-22T21:10:07.745-705391-364714,545,false,50.88935330654989,1,3990.2695986209706,1.0,1.0
2026-03-22T21:10:07.745-705391-364714,701,false,0.31714176337291083,1,3990.2695986209706,1.0,1.0
2026-03-22T21:10:07.745-705391-364714,222,false,0.25280126427017563,1,3990.2695986209706,1.0,1.0
2026-03-22T21:10:07.745-705391-364714,778,false,284.7273320323958,1,3990.2695986209706,1.0,1.0
2026-03-22T21:10:07.745-705391-364714,626,false,26.493913200383716,1,3990.2695986209706,1.0,1.0
2026-03-22T21:10:07.745-705391-364714,636,false,37.89181026693182,1,3990.2695986209706,1.0,1.0
2026-03-22T21:10:07.745-705391-364714,14,false,1.8715083349030166,1,3990.2695986209706,1.0,1.0
2026-03-22T21:10:07.745-705391-364714,589,false,0.17421458643498902,1,3990.2695986209706,1.0,1.0
2026-03-22T21:10:07.745-705391-364714,129,false,1.8674382067106896,1,3990.2695986209706,1.0,1.0
2026-03-22T21:10:07.745-705391-364714,470,true,33.61745932106752,1,3956.652139299903,1.0,0.0010000000000000009
2026-03-22T21:10:07.745-705391-364714,431,false,2.8026692052520756,1,3956.652139299903,1.0,1.0
2026-03-22T21:10:07.745-705391-364714,520,false,10.322774045923959,1,3956.652139299903,1.0,1.0
2026-03-22T21:10:07.745-705391-364714,923,false,4.096779329685129,1,3956.652139299903,1.0,1.0
2026-03-22T21:10:07.745-705391-364714,546,false,2.4991772282140348,1,3956.652139299903,1.0,1.0
2026-03-22T21:10:07.745-705391-364714,158,false,1.6641404192238445,1,3956.652139299903,1.0,1.0
2026-03-22T21:10:07.745-705391-364714,491,false,1.0627405419721645,1,3956.652139299903,1.0,1.0
2026-03-22T21:10:07.745-705391-364714,412,false,20.852155149437117,1,3956.652139299903,1.0,1.0
2026-03-22T21:10:07.745-705391-364714,294,false,112.99418851125843,1,3956.652139299903,1.0,1.0
2026-03-22T21:10:07.745-705391-364714,772,false,15.751052339899164,1,3956.652139299903,1.0,1.0
2026-03-22T21:10:07.745-705391-364714,826,false,9.030593792158262,1,3956.652139299903,1.0,1.0
2026-03-22T21:10:07.745-705391-364714,926,false,2.0375098126047217,1,3956.652139299903,1.0,1.0
2026-03-22T21:10:07.745-705391-364714,967,false,8.935583025747338,1,3956.652139299903,1.0,1.0
2026-03-22T21:10:07.745-705391-364714,910,false,2.655034315410995,1,3956.652139299903,1.0,1.0
2026-03-22T21:10:07.745-705391-364714,717,false,7.205660765163737,1,3956.652139299903,1.0,1.0
2026-03-22T21:10:07.745-705391-364714,818,false,6.375993496080675,1,3956.652139299903,1.0,1.0
2026-03-22T21:10:07.745-705391-364714,805,false,0.4263283779697809,1,3956.652139299903,1.0,1.0
2026-03-22T21:10:07.745-705391-364714,111,false,16.127333724619625,1,3956.652139299903,1.0,1.0
2026-03-22T21:10:07.745-705391-364714,21,false,13.869764927513152,1,3956.652139299903,1.0,1.0
2026-03-22T21:10:07.745-705391-364714,207,false,35.15727797700483,1,3956.652139299903,1.0,1.0
2026-03-22T21:10:07.745-705391-364714,799,false,17.79894320560212,1,3956.652139299903,1.0,1.0
2026-03-22T21:10:07.745-705391-364714,833,false,1.266692978834421,1,3956.652139299903,1.0,1.0
2026-03-22T21:10:07.745-705391-364714,921,false,1.4146971894389968,1,3956.652139299903,1.0,1.0
2026-03-22T21:10:07.745-705391-364714,145,false,123.72511456893265,1,3956.652139299903,1.0,1.0
2026-03-22T21:10:07.745-705391-364714,594,false,0.07896096825631362,1,3956.652139299903,1.0,1.0
2026-03-22T21:10:07.745-705391-364714,854,false,7.13747273227921,1,3956.652139299903,1.0,1.0
2026-03-22T21:10:07.745-705391-364714,99,false,13.984741621128249,1,3956.652139299903,1.0,1.0
2026-03-22T21:10:07.745-705391-364714,903,false,3.1867495351261153,1,3956.652139299903,1.0,1.0
2026-03-22T21:10:07.745-705391-364714,876,false,0.9706855480646489,1,3956.652139299903,1.0,1.0
2026-03-22T21:10:07.745-705391-364714,276,false,0.781325525687858,1,3956.652139299903,1.0,1.0
2026-03-22T21:10:07.745-705391-364714,482,false,25.11472811434918,1,3956.652139299903,1.0,1.0
2026-03-22T21:10:07.745-705391-364714,511,false,1.462366328173537,1,3956.652139299903,1.0,1.0
2026-03-22T21:10:07.745-705391-364714,908,false,0.48631586315328623,1,3956.652139299903,1.0,1.0
2026-03-22T21:10:07.745-705391-364714,487,false,1.1271377271048948,1,3956.652139299903,1.0,1.0
2026-03-22T21:10:07.745-705391-364714,524,false,0.876143357517225,1,3956.652139299903,1.0,1.0
2026-03-22T21:10:07.745-705391-364714,150,false,2.8192058184040603,1,3956.652139299903,1.0,1.0
2026-03-22T21:10:07.745-705391-364714,539,false,10.32152490600892,1,3956.652139299903,1.0,1.0
2026-03-22T21:10:07.745-705391-364714,663,false,15.641613326251084,1,3956.652139299903,1.0,1.0
2026-03-22T21:10:07.745-705391-364714,771,false,3.3252845588224904,1,3956.652139299903,1.0,1.0
2026-03-22T21:10:07.745-705391-364714,170,false,2.4731718428692253,1,3956.652139299903,1.0,1.0
2026-03-22T21:10:07.745-705391-364714,473,true,0.33808719550151756,1,3956.3140521044015,1.0,0.7090000000000001
2026-03-22T21:10:07.745-705391-364714,375,false,0.24164805596109082,1,3956.3140521044015,1.0,1.0
2026-03-22T21:10:07.745-705391-364714,625,false,7.753171669860294,1,3956.3140521044015,1.0,1.0
2026-03-22T21:10:07.745-705391-364714,580,false,0.6216487695721509,1,3956.3140521044015,1.0,1.0
2026-03-22T21:10:07.745-705391-364714,492,false,9.886807213912705,1,3956.3140521044015,1.0,1.0
2026-03-22T21:10:07.745-705391-364714,372,false,80.31203427833132,1,3956.3140521044015,1.0,1.0
2026-03-22T21:10:07.745-705391-364714,406,false,0.10923884099556513,1,3956.3140521044015,1.0,1.0
2026-03-22T21:10:07.745-705391-364714,65,false,6.081843299893097,1,3956.3140521044015,1.0,1.0
2026-03-22T21:10:07.745-705391-364714,760,false,90.80677145987259,1,3956.3140521044015,1.0,1.0
2026-03-22T21:10:07.745-705391-364714,127,false,2.6941332384765104,1,3956.3140521044015,1.0,1.0
2026-03-22T21:10:07.745-705391-364714,98,false,8.497175677181447,1,3956.3140521044015,1.0,1.0
2026-03-22T21:10:07.745-705391-364714,278,false,3.3058669967683323,1,3956.3140521044015,1.0,1.0
2026-03-22T21:10:07.745-705391-364714,780,false,4.163160107718866,1,3956.3140521044015,1.0,1.0
2026-03-22T21:10:07.745-705391-364714,542,false,0.7049888368341347,1,3956.3140521044015,1.0,1.0
2026-03-22T21:10:07.745-705391-364714,573,false,0.7674247868641857,1,3956.3140521044015,1.0,1.0
2026-03-22T21:10:07.745-705391-364714,522,false,13.858078665621129,1,3956.3140521044015,1.0,1.0
2026-03-22T21:10:07.745-705391-364714,204,false,0.2684757607740775,1,3956.3140521044015,1.0,1.0
2026-03-22T21:10:07.745-705391-364714,643,false,0.667471645643324,1,3956.3140521044015,1.0,1.0
2026-03-22T21:10:07.745-705391-364714,828,false,0.26403062674986444,1,3956.3140521044015,1.0,1.0
2026-03-22T21:10:07.745-705391-364714,483,false,0.8073945817463656,1,3956.3140521044015,1.0,1.0
2026-03-22T21:10:07.745-705391-364714,678,false,4.83414074530609,1,3956.3140521044015,1.0,1.0
2026-03-22T21:10:07.745-705391-364714,721,false,0.10925871857676396,1,3956.3140521044015,1.0,1.0
2026-03-22T21:10:07.745-705391-364714,531,false,3.901589204458293,1,3956.3140521044015,1.0,1.0
2026-03-22T21:10:07.745-705391-364714,566,false,1.7576674906533232,1,3956.3140521044015,1.0,1.0
2026-03-22T21:10:07.745-705391-364714,452,false,1.2318222398012013,1,3956.3140521044015,1.0,1.0
2026-03-22T21:10:07.745-705391-364714,56,false,2.062581388770672,1,3956.3140521044015,1.0,1.0
2026-03-22T21:10:07.745-705391-364714,220,false,573.2330433442321,1,3956.3140521044015,1.0,1.0
2026-03-22T21:10:07.745-705391-364714,267,false,3.639532011257398,1,3956.3140521044015,1.0,1.0
2026-03-22T21:10:07.745-705391-364714,930,false,1.045767779584904,1,3956.3140521044015,1.0,1.0
2026-03-22T21:10:07.745-705391-364714,60,false,2.005769316020363,1,3956.3140521044015,1.0,1.0
2026-03-22T21:10:07.745-705391-364714,872,false,0.31865268533278124,1,3956.3140521044015,1.0,1.0
2026-03-22T21:10:07.745-705391-364714,135,false,0.32390122685375367,1,3956.3140521044015,1.0,1.0
2026-03-22T21:10:07.745-705391-364714,478,false,1.303900991699101,1,3956.3140521044015,1.0,1.0
2026-03-22T21:10:07.745-705391-364714,641,false,32.38376917191951,1,3956.3140521044015,1.0,1.0
2026-03-22T21:10:07.745-705391-364714,738,true,1.7777955035734885,1,3954.536256600828,1.0,0.731
2026-03-22T21:10:07.745-705391-364714,76,false,1.7601237816454862,1,3954.536256600828,1.0,1.0
2026-03-22T21:10:07.745-705391-364714,131,false,0.20565985736106016,1,3954.536256600828,1.0,1.0
2026-03-22T21:10:07.745-705391-364714,418,false,0.5309409741501743,1,3954.536256600828,1.0,1.0
2026-03-22T21:10:07.745-705391-364714,96,false,0.012362080400195444,1,3954.536256600828,1.0,1.0
2026-03-22T21:10:07.745-705391-364714,660,false,4.6716143367655265,1,3954.536256600828,1.0,1.0
2026-03-22T21:10:07.745-705391-364714,732,false,0.12960871720093828,1,3954.536256600828,1.0,1.0
2026-03-22T21:10:07.745-705391-364714,895,false,2.747431459578426,1,3954.536256600828,1.0,1.0
2026-03-22T21:10:07.745-705391-364714,555,false,45.618106671409656,1,3954.536256600828,1.0,1.0
2026-03-22T21:10:07.745-705391-364714,788,false,3.9560297856669484,1,3954.536256600828,1.0,1.0
2026-03-22T21:10:07.745-705391-364714,862,false,2.8262992524076833,1,3954.536256600828,1.0,1.0
2026-03-22T21:10:07.745-705391-364714,756,false,10.00134994246106,1,3954.536256600828,1.0,1.0
2026-03-22T21:10:07.745-705391-364714,864,false,0.32418553911402415,1,3954.536256600828,1.0,1.0
2026-03-22T21:10:07.745-705391-364714,552,false,0.8259498496000761,1,3954.536256600828,1.0,1.0
2026-03-22T21:10:07.745-705391-364714,496,false,0.07807480841302372,1,3954.536256600828,1.0,1.0
2026-03-22T21:10:07.745-705391-364714,551,false,0.3445428731772904,1,3954.536256600828,1.0,1.0
2026-03-22T21:10:07.745-705391-364714,253,false,2.4707874685426034,1,3954.536256600828,1.0,1.0
2026-03-22T21:10:07.745-705391-364714,23,false,1.674780287921748,1,3954.536256600828,1.0,1.0
2026-03-22T21:10:07.745-705391-364714,736,true,0.3469395782350323,1,3954.189317022593,1.0,0.0
2026-03-22T21:10:07.745-705391-364714,168,false,33.125623354878826,1,3954.189317022593,1.0,1.0
2026-03-22T21:10:07.745-705391-364714,631,false,28.135006672496257,1,3954.189317022593,1.0,1.0
2026-03-22T21:10:07.745-705391-364714,915,false,31.791887634963707,1,3954.189317022593,1.0,1.0
2026-03-22T21:10:07.745-705391-364714,397,false,0.1298169336604557,1,3954.189317022593,1.0,1.0
2026-03-22T21:10:07.745-705391-364714,4,false,3.435811222352665,1,3954.189317022593,1.0,1.0
2026-03-22T21:10:07.745-705391-364714,954,false,0.20458943283136397,1,3954.189317022593,1.0,1.0
2026-03-22T21:10:07.745-705391-364714,581,false,23.240430275562268,1,3954.189317022593,1.0,1.0
2026-03-22T21:10:07.745-705391-364714,296,false,4.855178922813361,1,3954.189317022593,1.0,1.0
2026-03-22T21:10:07.745-705391-364714,700,false,54.60795151752243,1,3954.189317022593,1.0,1.0
2026-03-22T21:10:07.745-705391-364714,427,false,1.5853325498267585,1,3954.189317022593,1.0,1.0
2026-03-22T21:10:07.745-705391-364714,1000,false,3.887490649058654,1,3954.189317022593,1.0,1.0
2026-03-22T21:10:07.745-705391-364714,869,false,21.47724613620119,1,3954.189317022593,1.0,1.0
2026-03-22T21:10:07.745-705391-364714,902,false,0.8550235382023549,1,3954.189317022593,1.0,1.0
2026-03-22T21:10:07.745-705391-364714,138,false,3.236664082593318,1,3954.189317022593,1.0,1.0
2026-03-22T21:10:07.745-705391-364714,311,false,43.16794886124944,1,3954.189317022593,1.0,1.0
2026-03-22T21:10:07.745-705391-364714,331,false,0.20708443366499946,1,3954.189317022593,1.0,1.0
2026-03-22T21:10:07.745-705391-364714,39,false,5.994537417930549,1,3954.189317022593,1.0,1.0
2026-03-22T21:10:07.745-705391-364714,402,true,16.716736102225795,1,3937.4725809203674,1.0,0.0030000000000000027
2026-03-22T21:10:07.745-705391-364714,863,false,3.710098651405153,1,3937.4725809203674,1.0,1.0
2026-03-22T21:10:07.745-705391-364714,901,false,2.3400046795927945,1,3937.4725809203674,1.0,1.0
2026-03-22T21:10:07.745-705391-364714,304,false,3.1232152693947035,1,3937.4725809203674,1.0,1.0
2026-03-22T21:10:07.745-705391-364714,815,false,1.2344718878176635,1,3937.4725809203674,1.0,1.0
2026-03-22T21:10:07.745-705391-364714,95,false,1.1592071685792267,1,3937.4725809203674,1.0,1.0
2026-03-22T21:10:07.745-705391-364714,517,false,0.35701966115335365,1,3937.4725809203674,1.0,1.0
2026-03-22T21:10:07.745-705391-364714,154,false,0.5847080120060795,1,3937.4725809203674,1.0,1.0
2026-03-22T21:10:07.745-705391-364714,235,false,179.86855773034424,1,3937.4725809203674,1.0,1.0
2026-03-22T21:10:07.745-705391-364714,439,false,2.346866506888885,1,3937.4725809203674,1.0,1.0
2026-03-22T21:10:07.745-705391-364714,134,false,145.4875896884481,1,3937.4725809203674,1.0,1.0
2026-03-22T21:10:07.745-705391-364714,91,false,4.687304173793552,1,3937.4725809203674,1.0,1.0
2026-03-22T21:10:07.745-705391-364714,83,false,3.5200961696859205,1,3937.4725809203674,1.0,1.0
2026-03-22T21:10:07.745-705391-364714,743,false,36.797439086601685,1,3937.4725809203674,1.0,1.0
2026-03-22T21:10:07.745-705391-364714,426,false,0.8535671304764344,1,3937.4725809203674,1.0,1.0
2026-03-22T21:10:07.745-705391-364714,950,false,0.2906942194386634,1,3937.4725809203674,1.0,1.0
2026-03-22T21:10:07.745-705391-364714,332,false,0.14498570942337158,1,3937.4725809203674,1.0,1.0
2026-03-22T21:10:07.745-705391-364714,837,false,0.12885729389295025,1,3937.4725809203674,1.0,1.0
2026-03-22T21:10:07.745-705391-364714,15,false,0.46176358377886917,1,3937.4725809203674,1.0,1.0
2026-03-22T21:10:07.745-705391-364714,836,false,18.908690411212127,1,3937.4725809203674,1.0,1.0
2026-03-22T21:10:07.745-705391-364714,977,false,13.479539782662437,1,3937.4725809203674,1.0,1.0
2026-03-22T21:10:07.745-705391-364714,181,false,567.7160090852877,1,3937.4725809203674,1.0,1.0
2026-03-22T21:10:07.745-705391-364714,621,false,11.803010523912848,1,3937.4725809203674,1.0,1.0
2026-03-22T21:10:07.745-705391-364714,337,false,1.4662923792693878,1,3937.4725809203674,1.0,1.0
2026-03-22T21:10:07.745-705391-364714,510,false,4.449930537085176,1,3937.4725809203674,1.0,1.0
2026-03-22T21:10:07.745-705391-364714,711,false,67.16232331005891,1,3937.4725809203674,1.0,1.0
2026-03-22T21:10:07.745-705391-364714,196,false,21.865492173916795,1,3937.4725809203674,1.0,1.0
2026-03-22T21:10:07.745-705391-364714,277,false,20.731679079252995,1,3937.4725809203674,1.0,1.0
2026-03-22T21:10:07.745-705391-364714,185,false,19.355647167142884,1,3937.4725809203674,1.0,1.0
2026-03-22T21:10:07.745-705391-364714,458,false,8.003880760172933,1,3937.4725809203674,1.0,1.0
2026-03-22T21:10:07.745-705391-364714,742,false,7.124182095685166,1,3937.4725809203674,1.0,1.0
2026-03-22T21:10:07.745-705391-364714,549,false,77.96851820113586,1,3937.4725809203674,1.0,1.0
2026-03-22T21:10:07.745-705391-364714,156,false,0.2595098045520182,1,3937.4725809203674,1.0,1.0
2026-03-22T21:10:07.745-705391-364714,501,false,0.8243423399994155,1,3937.4725809203674,1.0,1.0
2026-03-22T21:10:07.745-705391-364714,797,false,0.46206685204525955,1,3937.4725809203674,1.0,1.0
2026-03-22T21:10:07.745-705391-364714,867,false,0.6958012497066478,1,3937.4725809203674,1.0,1.0
2026-03-22T21:10:07.745-705391-364714,730,true,4.166114528767926,1,3933.3064663915993,1.0,0.0
2026-03-22T21:10:07.745-705391-364714,351,false,5.676057321852458,1,3933.3064663915993,1.0,1.0
2026-03-22T21:10:07.745-705391-364714,814,false,1.9055849978599186,1,3933.3064663915993,1.0,1.0
2026-03-22T21:10:07.745-705391-364714,928,false,5.856659157946014,1,3933.3064663915993,1.0,1.0
2026-03-22T21:10:07.745-705391-364714,288,false,1.3464874940621556,1,3933.3064663915993,1.0,1.0
2026-03-22T21:10:07.745-705391-364714,126,false,2.761907801871941,1,3933.3064663915993,1.0,1.0
2026-03-22T21:10:07.745-705391-364714,110,false,0.330806743424727,1,3933.3064663915993,1.0,1.0
2026-03-22T21:10:07.745-705391-364714,102,false,3.517447393317081,1,3933.3064663915993,1.0,1.0
2026-03-22T21:10:07.745-705391-364714,786,false,27.257283841482085,1,3933.3064663915993,1.0,1.0
2026-03-22T21:10:07.745-705391-364714,116,false,411.5006961473316,1,3933.3064663915993,1.0,1.0
2026-03-22T21:10:07.745-705391-364714,834,false,95.63917128174496,1,3933.3064663915993,1.0,1.0
2026-03-22T21:10:07.745-705391-364714,292,false,0.2227505863154569,1,3933.3064663915993,1.0,1.0
2026-03-22T21:10:07.745-705391-364714,34,false,5.194278231268618,1,3933.3064663915993,1.0,1.0
2026-03-22T21:10:07.745-705391-364714,46,false,1.7086531168434298,1,3933.3064663915993,1.0,1.0
2026-03-22T21:10:07.745-705391-364714,530,false,11.763503156333543,1,3933.3064663915993,1.0,1.0
2026-03-22T21:10:07.745-705391-364714,82,false,0.298340145381416,1,3933.3064663915993,1.0,1.0
2026-03-22T21:10:07.745-705391-364714,900,false,33.766046301811194,1,3933.3064663915993,1.0,1.0
2026-03-22T21:10:07.745-705391-364714,165,false,3.7281365410284146,1,3933.3064663915993,1.0,1.0
2026-03-22T21:10:07.745-705391-364714,104,false,1.4282404731212308,1,3933.3064663915993,1.0,1.0
2026-03-22T21:10:07.745-705391-364714,842,false,1.3701346151803964,1,3933.3064663915993,1.0,1.0
2026-03-22T21:10:07.745-705391-364714,251,false,4.165366586421712,1,3933.3064663915993,1.0,1.0
2026-03-22T21:10:07.745-705391-364714,187,false,16.233162113923754,1,3933.3064663915993,1.0,1.0
2026-03-22T21:10:07.745-705391-364714,500,false,0.747688293320291,1,3933.3064663915993,1.0,1.0
2026-03-22T21:10:07.745-705391-364714,396,true,102.60196841149454,1,3830.704497980105,1.0,0.0
2026-03-22T21:10:07.745-705391-364714,88,false,5.448731167044563,1,3830.704497980105,1.0,1.0
2026-03-22T21:10:07.745-705391-364714,173,false,0.7181792522544402,1,3830.704497980105,1.0,1.0
2026-03-22T21:10:07.745-705391-364714,59,false,0.019041666462398243,1,3830.704497980105,1.0,1.0
2026-03-22T21:10:07.745-705391-364714,36,false,16.620892956686433,1,3830.704497980105,1.0,1.0
2026-03-22T21:10:07.745-705391-364714,775,false,0.22150495359748448,1,3830.704497980105,1.0,1.0
2026-03-22T21:10:07.745-705391-364714,47,false,75.48135102307697,1,3830.704497980105,1.0,1.0
2026-03-22T21:10:07.745-705391-364714,74,false,4.75899504403669,1,3830.704497980105,1.0,1.0
2026-03-22T21:10:07.745-705391-364714,413,false,92.2408025707112,1,3830.704497980105,1.0,1.0
2026-03-22T21:10:07.745-705391-364714,970,false,0.8995120846238864,1,3830.704497980105,1.0,1.0
2026-03-22T21:10:07.745-705391-364714,560,false,28.62305910246693,1,3830.704497980105,1.0,1.0
2026-03-22T21:10:07.745-705391-364714,761,false,0.4819891944502774,1,3830.704497980105,1.0,1.0
2026-03-22T21:10:07.745-705391-364714,513,false,0.2819754383086005,1,3830.704497980105,1.0,1.0
2026-03-22T21:10:07.745-705391-364714,681,false,2.715494588732909,1,3830.704497980105,1.0,1.0
2026-03-22T21:10:07.745-705391-364714,486,false,10.515150925694332,1,3830.704497980105,1.0,1.0
2026-03-22T21:10:07.745-705391-364714,999,false,3.7775031152107714,1,3830.704497980105,1.0,1.0
2026-03-22T21:10:07.745-705391-364714,628,false,145.83362233944314,1,3830.704497980105,1.0,1.0
2026-03-22T21:10:07.745-705391-364714,865,false,0.5447497573560545,1,3830.704497980105,1.0,1.0
2026-03-22T21:10:07.745-705391-364714,776,false,5.3252095319409465,1,3830.704497980105,1.0,1.0
2026-03-22T21:10:07.745-705391-364714,391,false,0.08811934226962224,1,3830.704497980105,1.0,1.0
2026-03-22T21:10:07.745-705391-364714,263,false,9.217302847751737,1,3830.704497980105,1.0,1.0
2026-03-22T21:10:07.745-705391-364714,727,true,1.0065254087643425,1,3829.6979725713404,1.0,0.0
2026-03-22T21:10:07.745-705391-364714,298,false,56.44318263337562,1,3829.6979725713404,1.0,1.0
2026-03-22T21:10:07.745-705391-364714,929,false,0.34410127419331776,1,3829.6979725713404,1.0,1.0
2026-03-22T21:10:07.745-705391-364714,250,false,87.24143379812726,1,3829.6979725713404,1.0,1.0
2026-03-22T21:10:07.745-705391-364714,214,false,3.8876948796416233,1,3829.6979725713404,1.0,1.0
2026-03-22T21:10:07.745-705391-364714,720,false,0.8613957798906664,1,3829.6979725713404,1.0,1.0
2026-03-22T21:10:07.745-705391-364714,605,false,0.07902748435278523,1,3829.6979725713404,1.0,1.0
2026-03-22T21:10:07.745-705391-364714,51,false,58.14021612879475,1,3829.6979725713404,1.0,1.0
2026-03-22T21:10:07.745-705391-364714,559,false,1.3203501525575263,1,3829.6979725713404,1.0,1.0
2026-03-22T21:10:07.745-705391-364714,866,false,0.24755038484687206,1,3829.6979725713404,1.0,1.0
2026-03-22T21:10:07.745-705391-364714,139,false,1.0601558056271434,1,3829.6979725713404,1.0,1.0
2026-03-22T21:10:07.745-705391-364714,64,false,0.4555066634464707,1,3829.6979725713404,1.0,1.0
2026-03-22T21:10:07.745-705391-364714,609,false,0.2311181658507372,1,3829.6979725713404,1.0,1.0
2026-03-22T21:10:07.745-705391-364714,419,false,26.787555185252195,1,3829.6979725713404,1.0,1.0
2026-03-22T21:10:07.745-705391-364714,987,false,0.21549488731606306,1,3829.6979725713404,1.0,1.0
2026-03-22T21:10:07.745-705391-364714,527,false,326.2430424671285,1,3829.6979725713404,1.0,1.0
2026-03-22T21:10:07.745-705391-364714,518,false,0.2023974927565166,1,3829.6979725713404,1.0,1.0
2026-03-22T21:10:07.745-705391-364714,591,false,0.13102763334498127,1,3829.6979725713404,1.0,1.0
2026-03-22T21:10:07.745-705391-364714,211,false,0.621961997381977,1,3829.6979725713404,1.0,1.0
2026-03-22T21:10:07.745-705391-364714,838,false,10.811852478263996,1,3829.6979725713404,1.0,1.0
2026-03-22T21:10:07.745-705391-364714,146,false,0.4895034829540222,1,3829.6979725713404,1.0,1.0
2026-03-22T21:10:07.745-705391-364714,608,false,9.807670969325022,1,3829.6979725713404,1.0,1.0
2026-03-22T21:10:07.745-705391-364714,648,false,89.55305032658376,1,3829.6979725713404,1.0,1.0
2026-03-22T21:10:07.745-705391-364714,446,false,9.67957980576936,1,3829.6979725713404,1.0,1.0
2026-03-22T21:10:07.745-705391-364714,66,false,2.1128981836384,1,3829.6979725713404,1.0,1.0
2026-03-22T21:10:07.745-705391-364714,844,false,5.040749897462861,1,3829.6979725713404,1.0,1.0
2026-03-22T21:10:07.745-705391-364714,728,true,0.7943245770572168,1,3828.9036479942833,1.0,0.0
2026-03-22T21:10:07.745-705391-364714,821,false,0.4440725807334803,1,3828.9036479942833,1.0,1.0
2026-03-22T21:10:07.745-705391-364714,792,false,7.445796750017285,1,3828.9036479942833,1.0,1.0
2026-03-22T21:10:07.745-705391-364714,48,false,34.87029790447723,1,3828.9036479942833,1.0,1.0
2026-03-22T21:10:07.745-705391-364714,252,false,2.739977875090556,1,3828.9036479942833,1.0,1.0
2026-03-22T21:10:07.745-705391-364714,255,false,6.91960907583798,1,3828.9036479942833,1.0,1.0
2026-03-22T21:10:07.745-705391-364714,768,false,0.05121282886818905,1,3828.9036479942833,1.0,1.0
2026-03-22T21:10:07.745-705391-364714,801,false,10.927915139391262,1,3828.9036479942833,1.0,1.0
2026-03-22T21:10:07.745-705391-364714,346,false,0.5001444615036272,1,3828.9036479942833,1.0,1.0
2026-03-22T21:10:07.745-705391-364714,459,true,0.9312536379544417,1,3827.972394356329,1.0,0.947
2026-03-22T21:10:07.745-705391-364714,739,true,48.634728033038165,1,3779.3376663232907,1.0,0.02100000000000002
2026-03-22T21:10:07.745-705391-364714,73,false,15.967538140425273,1,3779.3376663232907,1.0,1.0
2026-03-22T21:10:07.745-705391-364714,403,true,18.881035761588272,1,3760.4566305617022,1.0,0.0030000000000000027
2026-03-22T21:10:07.745-705391-364714,587,false,2.7397392714279922,1,3760.4566305617022,1.0,1.0
2026-03-22T21:10:07.745-705391-364714,984,false,0.571329801408348,1,3760.4566305617022,1.0,1.0
2026-03-22T21:10:07.745-705391-364714,494,false,1020.8571526357057,1,3760.4566305617022,1.0,1.0
2026-03-22T21:10:07.745-705391-364714,983,false,0.25346212988914496,1,3760.4566305617022,1.0,1.0
2026-03-22T21:10:07.745-705391-364714,985,false,6.35631041739686,1,3760.4566305617022,1.0,1.0
2026-03-22T21:10:07.745-705391-364714,948,false,3.393961741592155,1,3760.4566305617022,1.0,1.0
2026-03-22T21:10:07.745-705391-364714,726,true,208.46632184310974,1,3551.9903087185926,1.0,0.0
2026-03-22T21:10:07.745-705391-364714,820,false,47.98305736982665,1,3551.9903087185926,1.0,1.0
2026-03-22T21:10:07.745-705391-364714,692,false,0.9318645408584387,1,3551.9903087185926,1.0,1.0
2026-03-22T21:10:07.745-705391-364714,293,false,0.42200143606189183,1,3551.9903087185926,1.0,1.0
2026-03-22T21:10:07.745-705391-364714,172,false,1.7501529010328933,1,3551.9903087185926,1.0,1.0
2026-03-22T21:10:07.745-705391-364714,794,false,121.10201714462838,1,3551.9903087185926,1.0,1.0
2026-03-22T21:10:07.745-705391-364714,990,false,0.2496569551154959,1,3551.9903087185926,1.0,1.0
2026-03-22T21:10:07.745-705391-364714,911,false,5.7626864485151215,1,3551.9903087185926,1.0,1.0
2026-03-22T21:10:07.745-705391-364714,657,false,0.08765577252369557,1,3551.9903087185926,1.0,1.0
2026-03-22T21:10:07.745-705391-364714,502,false,0.21910752417337406,1,3551.9903087185926,1.0,1.0
2026-03-22T21:10:07.745-705391-364714,538,false,0.43282234878772324,1,3551.9903087185926,1.0,1.0
2026-03-22T21:10:07.745-705391-364714,667,false,30.79337091059363,1,3551.9903087185926,1.0,1.0
2026-03-22T21:10:07.745-705391-364714,410,false,5.900503931165975,1,3551.9903087185926,1.0,1.0
2026-03-22T21:10:07.745-705391-364714,856,false,0.07479375386432871,1,3551.9903087185926,1.0,1.0
2026-03-22T21:10:07.745-705391-364714,303,false,6.36172500848262,1,3551.9903087185926,1.0,1.0
2026-03-22T21:10:07.745-705391-364714,846,false,9.114187904343478,1,3551.9903087185926,1.0,1.0
2026-03-22T21:10:07.745-705391-364714,19,false,16.145256334111185,1,3551.9903087185926,1.0,1.0
2026-03-22T21:10:07.745-705391-364714,407,false,2.925776136414453,1,3551.9903087185926,1.0,1.0
2026-03-22T21:10:07.745-705391-364714,737,true,0.6908514210652733,1,3551.299457297527,1.0,0.0
2026-03-22T21:10:07.745-705391-364714,80,false,371.55167488519413,1,3551.299457297527,1.0,1.0
2026-03-22T21:10:07.745-705391-364714,670,false,2.1221174449037266,1,3551.299457297527,1.0,1.0
2026-03-22T21:10:07.745-705391-364714,353,false,7.283520197008556,1,3551.299457297527,1.0,1.0
2026-03-22T21:10:07.745-705391-364714,712,false,1.4862083197948748,1,3551.299457297527,1.0,1.0
2026-03-22T21:10:07.745-705391-364714,416,false,0.5424647101330629,1,3551.299457297527,1.0,1.0
2026-03-22T21:10:07.745-705391-364714,614,false,79.84871193720429,1,3551.299457297527,1.0,1.0
2026-03-22T21:10:07.745-705391-364714,26,false,0.18216613873850845,1,3551.299457297527,1.0,1.0
2026-03-22T21:10:07.745-705391-364714,964,false,0.44123899728534366,1,3551.299457297527,1.0,1.0
2026-03-22T21:10:07.745-705391-364714,661,false,1.0684820007500435,1,3551.299457297527,1.0,1.0
2026-03-22T21:10:07.745-705391-364714,982,false,4.999418874915445,1,3551.299457297527,1.0,1.0
2026-03-22T21:10:07.745-705391-364714,934,false,0.007096822000976472,1,3551.299457297527,1.0,1.0
2026-03-22T21:10:07.745-705391-364714,433,false,1.026381735590014,1,3551.299457297527,1.0,1.0
2026-03-22T21:10:07.745-705391-364714,190,false,45.442263233716695,1,3551.299457297527,1.0,1.0
2026-03-22T21:10:07.745-705391-364714,94,false,0.8551931004928124,1,3551.299457297527,1.0,1.0
2026-03-22T21:10:07.745-705391-364714,489,false,0.011265530765529627,1,3551.299457297527,1.0,1.0
2026-03-22T21:10:07.745-705391-364714,959,false,2.924618204325779,1,3551.299457297527,1.0,1.0
2026-03-22T21:10:07.745-705391-364714,447,false,2.284494438978894,1,3551.299457297527,1.0,1.0
2026-03-22T21:10:07.745-705391-364714,601,false,37.10926947410101,1,3551.299457297527,1.0,1.0
2026-03-22T21:10:07.745-705391-364714,568,false,3.2525161513144094,1,3551.299457297527,1.0,1.0
2026-03-22T21:10:07.745-705391-364714,521,false,29.352322732565508,1,3551.299457297527,1.0,1.0
2026-03-22T21:10:07.745-705391-364714,205,false,0.35908318543511586,1,3551.299457297527,1.0,1.0
2026-03-22T21:10:07.745-705391-364714,118,false,471.9017799293622,1,3551.299457297527,1.0,1.0
2026-03-22T21:10:07.745-705391-364714,871,false,0.17741117728688577,1,3551.299457297527,1.0,1.0
2026-03-22T21:10:07.745-705391-364714,504,false,15.413793955626224,1,3551.299457297527,1.0,1.0
2026-03-22T21:10:07.745-705391-364714,302,false,1.5680561333695509,1,3551.299457297527,1.0,1.0
2026-03-22T21:10:07.745-705391-364714,350,false,1.5829671133067929,1,3551.299457297527,1.0,1.0
2026-03-22T21:10:07.745-705391-364714,888,false,4.026756247799651,1,3551.299457297527,1.0,1.0
2026-03-22T21:10:07.745-705391-364714,697,false,2.709862345215616,1,3551.299457297527,1.0,1.0
2026-03-22T21:10:07.745-705391-364714,301,false,133.11852225263718,1,3551.299457297527,1.0,1.0
2026-03-22T21:10:07.745-705391-364714,371,false,0.3212291890628636,1,3551.299457297527,1.0,1.0
2026-03-22T21:10:07.745-705391-364714,377,false,4.58457273719442,1,3551.299457297527,1.0,1.0
2026-03-22T21:10:07.745-705391-364714,323,false,8.149342521047902,1,3551.299457297527,1.0,1.0
2026-03-22T21:10:07.745-705391-364714,809,false,0.6501838074642188,1,3551.299457297527,1.0,1.0
2026-03-22T21:10:07.745-705391-364714,811,false,12.929996956154271,1,3551.299457297527,1.0,1.0
2026-03-22T21:10:07.745-705391-364714,429,false,20.634529342364594,1,3551.299457297527,1.0,1.0
2026-03-22T21:10:07.745-705391-364714,224,false,256.4639769962439,1,3551.299457297527,1.0,1.0
2026-03-22T21:10:07.745-705391-364714,841,false,0.9622911050202765,1,3551.299457297527,1.0,1.0
2026-03-22T21:10:07.745-705391-364714,927,false,9.921809597094336,1,3551.299457297527,1.0,1.0
2026-03-22T21:10:07.745-705391-364714,162,false,1.7833729264413738,1,3551.299457297527,1.0,1.0
2026-03-22T21:10:07.745-705391-364714,203,false,4.3751428470425,1,3551.299457297527,1.0,1.0
2026-03-22T21:10:07.745-705391-364714,618,false,4.8223786749418265,1,3551.299457297527,1.0,1.0
2026-03-22T21:10:07.745-705391-364714,456,true,4.637946039326263,1,3546.661511258201,1.0,0.742
2026-03-22T21:10:07.745-705391-364714,961,false,4.044524521613997,1,3546.661511258201,1.0,1.0
2026-03-22T21:10:07.745-705391-364714,2,false,4.929503358732801,1,3546.661511258201,1.0,1.0
2026-03-22T21:10:07.745-705391-364714,567,false,0.5577316860823651,1,3546.661511258201,1.0,1.0
2026-03-22T21:10:07.745-705391-364714,942,false,11.599189345820976,1,3546.661511258201,1.0,1.0
2026-03-22T21:10:07.745-705391-364714,438,false,16.156112085660883,1,3546.661511258201,1.0,1.0
2026-03-22T21:10:07.745-705391-364714,450,false,6.472906428916398,1,3546.661511258201,1.0,1.0
2026-03-22T21:10:07.745-705391-364714,558,false,3.6285838386195386,1,3546.661511258201,1.0,1.0
2026-03-22T21:10:07.745-705391-364714,417,false,1.9030534865633018,1,3546.661511258201,1.0,1.0
2026-03-22T21:10:07.745-705391-364714,395,true,1.2766731331742613,1,3545.3848381250264,1.0,0.0
2026-03-22T21:10:07.745-705391-364714,87,false,1.0719090400109568,1,3545.3848381250264,1.0,1.0
2026-03-22T21:10:07.745-705391-364714,1,false,1.3978993299621665,1,3545.3848381250264,1.0,1.0
2026-03-22T21:10:07.745-705391-364714,31,false,59.81146328105262,1,3545.3848381250264,1.0,1.0
2026-03-22T21:10:07.745-705391-364714,32,false,1.188083941278349,1,3545.3848381250264,1.0,1.0
2026-03-22T21:10:07.745-705391-364714,425,false,3.1770473798994097,1,3545.3848381250264,1.0,1.0
2026-03-22T21:10:07.745-705391-364714,629,false,4.6189916118201415,1,3545.3848381250264,1.0,1.0
2026-03-22T21:10:07.745-705391-364714,992,false,4.851856439950143,1,3545.3848381250264,1.0,1.0
2026-03-22T21:10:07.745-705391-364714,966,false,3.173597302362691,1,3545.3848381250264,1.0,1.0
2026-03-22T21:10:07.745-705391-364714,536,false,44.752454862465235,1,3545.3848381250264,1.0,1.0
2026-03-22T21:10:07.745-705391-364714,428,false,0.2359587975881567,1,3545.3848381250264,1.0,1.0
2026-03-22T21:10:07.745-705391-364714,835,false,111.75796141058056,1,3545.3848381250264,1.0,1.0
2026-03-22T21:10:07.745-705391-364714,653,false,0.5993285559341995,1,3545.3848381250264,1.0,1.0
2026-03-22T21:10:07.745-705391-364714,971,false,1.0963477848874958,1,3545.3848381250264,1.0,1.0
2026-03-22T21:10:07.745-705391-364714,281,false,0.043280243392969354,1,3545.3848381250264,1.0,1.0
2026-03-22T21:10:07.745-705391-364714,579,false,10.291975563740372,1,3545.3848381250264,1.0,1.0
2026-03-22T21:10:07.745-705391-364714,899,false,4.427313364800087,1,3545.3848381250264,1.0,1.0
2026-03-22T21:10:07.745-705391-364714,43,false,0.8698448689844943,1,3545.3848381250264,1.0,1.0
2026-03-22T21:10:07.745-705391-364714,506,false,2.016889607666353,1,3545.3848381250264,1.0,1.0
2026-03-22T21:10:07.745-705391-364714,199,false,0.41385350904536333,1,3545.3848381250264,1.0,1.0
2026-03-22T21:10:07.745-705391-364714,444,false,0.1571131779473026,1,3545.3848381250264,1.0,1.0
2026-03-22T21:10:07.745-705391-364714,949,false,0.07600120789018865,1,3545.3848381250264,1.0,1.0
2026-03-22T21:10:07.745-705391-364714,227,false,0.03211366590158662,1,3545.3848381250264,1.0,1.0
2026-03-22T21:10:07.745-705391-364714,27,false,0.3155600544546705,1,3545.3848381250264,1.0,1.0
2026-03-22T21:10:07.745-705391-364714,824,false,2.814339121053035,1,3545.3848381250264,1.0,1.0
2026-03-22T21:10:07.745-705391-364714,336,false,0.808845693281614,1,3545.3848381250264,1.0,1.0
2026-03-22T21:10:07.745-705391-364714,861,false,7.850110638342334,1,3545.3848381250264,1.0,1.0
2026-03-22T21:10:07.745-705391-364714,287,false,20.145018424045006,1,3545.3848381250264,1.0,1.0
2026-03-22T21:10:07.745-705391-364714,617,false,4.119711105454922,1,3545.3848381250264,1.0,1.0
2026-03-22T21:10:07.745-705391-364714,387,false,5.789493444050574,1,3545.3848381250264,1.0,1.0
2026-03-22T21:10:07.745-705391-364714,935,false,31.243659086032327,1,3545.3848381250264,1.0,1.0
2026-03-22T21:10:07.745-705391-364714,439,false,2.346866506888885,2,3545.3848381250264,1.0,1.0
2026-03-22T21:10:07.745-705391-364714,427,false,1.5853325498267585,2,3545.3848381250264,1.0,1.0
2026-03-22T21:10:07.745-705391-364714,384,false,5.08467317085039,2,3545.3848381250264,1.0,1.0
2026-03-22T21:10:07.745-705391-364714,721,false,0.10925871857676396,2,3545.3848381250264,1.0,1.0
2026-03-22T21:10:07.745-705391-364714,982,false,4.999418874915445,2,3545.3848381250264,1.0,1.0
2026-03-22T21:10:07.745-705391-364714,258,false,1.3466383749155446,2,3545.3848381250264,1.0,1.0
2026-03-22T21:10:07.745-705391-364714,820,false,47.98305736982665,2,3545.3848381250264,1.0,1.0
2026-03-22T21:10:07.745-705391-364714,55,false,26.775448458960664,2,3545.3848381250264,1.0,1.0
2026-03-22T21:10:07.745-705391-364714,19,false,16.145256334111185,2,3545.3848381250264,1.0,1.0
2026-03-22T21:10:07.745-705391-364714,743,false,36.797439086601685,2,3545.3848381250264,1.0,1.0
2026-03-22T21:10:07.745-705391-364714,211,false,0.621961997381977,2,3545.3848381250264,1.0,1.0
2026-03-22T21:10:07.745-705391-364714,520,false,10.322774045923959,2,3545.3848381250264,1.0,1.0
2026-03-22T21:10:07.745-705391-364714,663,false,15.641613326251084,2,3545.3848381250264,1.0,1.0
2026-03-22T21:10:07.745-705391-364714,43,false,0.8698448689844943,2,3545.3848381250264,1.0,1.0
2026-03-22T21:10:07.745-705391-364714,656,false,15.514858285278539,2,3545.3848381250264,1.0,1.0
2026-03-22T21:10:07.745-705391-364714,512,false,1.9130726206441986,2,3545.3848381250264,1.0,1.0
2026-03-22T21:10:07.745-705391-364714,950,false,0.2906942194386634,2,3545.3848381250264,1.0,1.0
2026-03-22T21:10:07.745-705391-364714,875,false,0.9698057568565885,2,3545.3848381250264,1.0,1.0
2026-03-22T21:10:07.745-705391-364714,993,false,0.1545224647278,2,3545.3848381250264,1.0,1.0
2026-03-22T21:10:07.745-705391-364714,252,false,2.739977875090556,2,3545.3848381250264,1.0,1.0
2026-03-22T21:10:07.745-705391-364714,784,false,8.892495807546766,2,3545.3848381250264,1.0,1.0
2026-03-22T21:10:07.745-705391-364714,942,false,11.599189345820976,2,3545.3848381250264,1.0,1.0
2026-03-22T21:10:07.745-705391-364714,193,false,4.339040221827739,2,3545.3848381250264,1.0,1.0
2026-03-22T21:10:07.745-705391-364714,356,false,31.17459336007428,2,3545.3848381250264,1.0,1.0
2026-03-22T21:10:07.745-705391-364714,953,false,1.1001109764859096,2,3545.3848381250264,1.0,1.0
2026-03-22T21:10:07.745-705391-364714,8,false,14.541265641952771,2,3545.3848381250264,1.0,1.0
2026-03-22T21:10:07.745-705391-364714,962,false,1.8061852794176574,2,3545.3848381250264,1.0,1.0
2026-03-22T21:10:07.745-705391-364714,246,false,1.286228495518437,2,3545.3848381250264,1.0,1.0
2026-03-22T21:10:07.745-705391-364714,151,true,7.246156725731645,2,3538.138681399295,1.0,0.866
2026-03-22T21:10:07.745-705391-364714,724,true,15.401544342687993,2,3522.737137056607,1.0,0.0
2026-03-22T21:10:07.745-705391-364714,572,false,2.9323128231377353,2,3522.737137056607,1.0,1.0
2026-03-22T21:10:07.745-705391-364714,121,false,10.227359505887879,2,3522.737137056607,1.0,1.0
2026-03-22T21:10:07.745-705391-364714,849,false,0.17004464050548815,2,3522.737137056607,1.0,1.0
2026-03-22T21:10:07.745-705391-364714,885,false,4.318783523715369,2,3522.737137056607,1.0,1.0
2026-03-22T21:10:07.745-705391-364714,240,false,0.527329924670112,2,3522.737137056607,1.0,1.0
2026-03-22T21:10:07.745-705391-364714,33,false,6.326697165219337,2,3522.737137056607,1.0,1.0
2026-03-22T21:10:07.745-705391-364714,638,false,2.6303305761076365,2,3522.737137056607,1.0,1.0
2026-03-22T21:10:07.745-705391-364714,981,false,4.865219618456861,2,3522.737137056607,1.0,1.0
2026-03-22T21:10:07.745-705391-364714,432,false,25.030749656928084,2,3522.737137056607,1.0,1.0
2026-03-22T21:10:07.745-705391-364714,584,false,3.839632660076494,2,3522.737137056607,1.0,1.0
2026-03-22T21:10:07.745-705391-364714,441,false,0.7790468018432034,2,3522.737137056607,1.0,1.0
2026-03-22T21:10:07.745-705391-364714,361,false,7.328913931662084,2,3522.737137056607,1.0,1.0
2026-03-22T21:10:07.745-705391-364714,127,false,2.6941332384765104,2,3522.737137056607,1.0,1.0
2026-03-22T21:10:07.745-705391-364714,506,false,2.016889607666353,2,3522.737137056607,1.0,1.0
2026-03-22T21:10:07.745-705391-364714,759,false,0.23673811609581247,2,3522.737137056607,1.0,1.0
2026-03-22T21:10:07.745-705391-364714,686,false,6.624405867685696,2,3522.737137056607,1.0,1.0
2026-03-22T21:10:07.745-705391-364714,365,false,6.936500779413696,2,3522.737137056607,1.0,1.0
2026-03-22T21:10:07.745-705391-364714,154,true,0.5847080120060795,2,3522.152429044601,1.0,0.867
2026-03-22T21:10:07.745-705391-364714,836,false,18.908690411212127,2,3522.152429044601,1.0,1.0
2026-03-22T21:10:07.745-705391-364714,787,false,10.812181957717865,2,3522.152429044601,1.0,1.0
2026-03-22T21:10:07.745-705391-364714,834,false,95.63917128174496,2,3522.152429044601,1.0,1.0
2026-03-22T21:10:07.745-705391-364714,96,false,0.012362080400195444,2,3522.152429044601,1.0,1.0
2026-03-22T21:10:07.745-705391-364714,786,false,27.257283841482085,2,3522.152429044601,1.0,1.0
2026-03-22T21:10:07.745-705391-364714,893,false,0.24291974517929102,2,3522.152429044601,1.0,1.0
2026-03-22T21:10:07.745-705391-364714,751,false,5.312202500432841,2,3522.152429044601,1.0,1.0
2026-03-22T21:10:07.745-705391-364714,709,false,4.621082716193305,2,3522.152429044601,1.0,1.0
2026-03-22T21:10:07.745-705391-364714,73,false,15.967538140425273,2,3522.152429044601,1.0,1.0
2026-03-22T21:10:07.745-705391-364714,990,false,0.2496569551154959,2,3522.152429044601,1.0,1.0
2026-03-22T21:10:07.745-705391-364714,70,false,4.787017607196713,2,3522.152429044601,1.0,1.0
2026-03-22T21:10:07.745-705391-364714,255,false,6.91960907583798,2,3522.152429044601,1.0,1.0
2026-03-22T21:10:07.745-705391-364714,669,false,14.217331758107363,2,3522.152429044601,1.0,1.0
2026-03-22T21:10:07.745-705391-364714,624,false,3.795219686845285,2,3522.152429044601,1.0,1.0
2026-03-22T21:10:07.745-705391-364714,307,false,18.273577958544482,2,3522.152429044601,1.0,1.0
2026-03-22T21:10:07.745-705391-364714,865,false,0.5447497573560545,2,3522.152429044601,1.0,1.0
2026-03-22T21:10:07.745-705391-364714,156,true,0.2595098045520182,2,3521.8929192400487,1.0,0.72
2026-03-22T21:10:07.745-705391-364714,835,false,111.75796141058056,2,3521.8929192400487,1.0,1.0
2026-03-22T21:10:07.745-705391-364714,435,false,1.0417808327621183,2,3521.8929192400487,1.0,1.0
2026-03-22T21:10:07.745-705391-364714,678,false,4.83414074530609,2,3521.8929192400487,1.0,1.0
2026-03-22T21:10:07.745-705391-364714,666,false,10.328607763052192,2,3521.8929192400487,1.0,1.0
2026-03-22T21:10:07.745-705391-364714,689,false,17.682292349923937,2,3521.8929192400487,1.0,1.0
2026-03-22T21:10:07.745-705391-364714,915,false,31.791887634963707,2,3521.8929192400487,1.0,1.0
2026-03-22T21:10:07.745-705391-364714,783,false,6.653529616136644,2,3521.8929192400487,1.0,1.0
2026-03-22T21:10:07.745-705391-364714,653,false,0.5993285559341995,2,3521.8929192400487,1.0,1.0
2026-03-22T21:10:07.745-705391-364714,450,false,6.472906428916398,2,3521.8929192400487,1.0,1.0
2026-03-22T21:10:07.745-705391-364714,563,false,5.224106639865615,2,3521.8929192400487,1.0,1.0
2026-03-22T21:10:07.745-705391-364714,910,false,2.655034315410995,2,3521.8929192400487,1.0,1.0
2026-03-22T21:10:07.745-705391-364714,515,false,20.607971758101662,2,3521.8929192400487,1.0,1.0
2026-03-22T21:10:07.745-705391-364714,247,false,2.434005694498513,2,3521.8929192400487,1.0,1.0
2026-03-22T21:10:07.745-705391-364714,525,false,0.4170670102963931,2,3521.8929192400487,1.0,1.0
2026-03-22T21:10:07.745-705391-364714,62,false,0.18176040880439492,2,3521.8929192400487,1.0,1.0
2026-03-22T21:10:07.745-705391-364714,725,true,84.8706771520772,2,3437.0222420879713,1.0,0.0
2026-03-22T21:10:07.745-705391-364714,29,false,0.35202063291612845,2,3437.0222420879713,1.0,1.0
2026-03-22T21:10:07.745-705391-364714,280,false,1.5990784061136802,2,3437.0222420879713,1.0,1.0
2026-03-22T21:10:07.745-705391-364714,598,false,0.2997719442195736,2,3437.0222420879713,1.0,1.0
2026-03-22T21:10:07.745-705391-364714,969,false,1.6115539537944874,2,3437.0222420879713,1.0,1.0
2026-03-22T21:10:07.745-705391-364714,60,false,2.005769316020363,2,3437.0222420879713,1.0,1.0
2026-03-22T21:10:07.745-705391-364714,928,false,5.856659157946014,2,3437.0222420879713,1.0,1.0
2026-03-22T21:10:07.745-705391-364714,654,false,11.11827057770224,2,3437.0222420879713,1.0,1.0
2026-03-22T21:10:07.745-705391-364714,47,false,75.48135102307697,2,3437.0222420879713,1.0,1.0
2026-03-22T21:10:07.745-705391-364714,606,false,10.642055664298422,2,3437.0222420879713,1.0,1.0
2026-03-22T21:10:07.745-705391-364714,381,false,6.550136177952692,2,3437.0222420879713,1.0,1.0
2026-03-22T21:10:07.745-705391-364714,507,false,5.6085798476189535,2,3437.0222420879713,1.0,1.0
2026-03-22T21:10:07.745-705391-364714,707,false,0.08808486427235963,2,3437.0222420879713,1.0,1.0
2026-03-22T21:10:07.745-705391-364714,840,false,0.019682003790160375,2,3437.0222420879713,1.0,1.0
2026-03-22T21:10:07.745-705391-364714,313,false,0.8272541179831536,2,3437.0222420879713,1.0,1.0
2026-03-22T21:10:07.745-705391-364714,556,false,2.9834533595038124,2,3437.0222420879713,1.0,1.0
2026-03-22T21:10:07.745-705391-364714,749,false,2.470333156901956,2,3437.0222420879713,1.0,1.0
2026-03-22T21:10:07.745-705391-364714,535,false,3.73421247676535,2,3437.0222420879713,1.0,1.0
2026-03-22T21:10:07.745-705391-364714,250,false,87.24143379812726,2,3437.0222420879713,1.0,1.0
2026-03-22T21:10:07.745-705391-364714,18,false,0.24829536855209114,2,3437.0222420879713,1.0,1.0
2026-03-22T21:10:07.745-705391-364714,288,false,1.3464874940621556,2,3437.0222420879713,1.0,1.0
2026-03-22T21:10:07.745-705391-364714,374,false,264.9111207472448,2,3437.0222420879713,1.0,1.0
2026-03-22T21:10:07.745-705391-364714,210,false,168.90444094150618,2,3437.0222420879713,1.0,1.0
2026-03-22T21:10:07.745-705391-364714,898,false,0.8101217192482091,2,3437.0222420879713,1.0,1.0
2026-03-22T21:10:07.745-705391-364714,954,false,0.20458943283136397,2,3437.0222420879713,1.0,1.0
2026-03-22T21:10:07.745-705391-364714,63,false,28.111636395315994,2,3437.0222420879713,1.0,1.0
2026-03-22T21:10:07.745-705391-364714,197,false,40.35640064059738,2,3437.0222420879713,1.0,1.0
2026-03-22T21:10:07.745-705391-364714,11,false,2.126166649408002,2,3437.0222420879713,1.0,1.0
2026-03-22T21:10:07.745-705391-364714,680,false,0.6537951573227191,2,3437.0222420879713,1.0,1.0
2026-03-22T21:10:07.745-705391-364714,822,false,115.2032067966923,2,3437.0222420879713,1.0,1.0
2026-03-22T21:10:07.745-705391-364714,257,false,3.1100828820579465,2,3437.0222420879713,1.0,1.0
2026-03-22T21:10:07.745-705391-364714,925,false,150.40323209992258,2,3437.0222420879713,1.0,1.0
2026-03-22T21:10:07.745-705391-364714,695,false,0.345276736900684,2,3437.0222420879713,1.0,1.0
2026-03-22T21:10:07.745-705391-364714,492,false,9.886807213912705,2,3437.0222420879713,1.0,1.0
2026-03-22T21:10:07.745-705391-364714,413,false,92.2408025707112,2,3437.0222420879713,1.0,1.0
2026-03-22T21:10:07.745-705391-364714,332,false,0.14498570942337158,2,3437.0222420879713,1.0,1.0
2026-03-22T21:10:07.745-705391-364714,676,false,0.38019979706281737,2,3437.0222420879713,1.0,1.0
2026-03-22T21:10:07.745-705391-364714,24,false,16.16448221845528,2,3437.0222420879713,1.0,1.0
2026-03-22T21:10:07.745-705391-364714,611,false,0.17135721083170466,2,3437.0222420879713,1.0,1.0
2026-03-22T21:10:07.745-705391-364714,449,false,8.919324324298799,2,3437.0222420879713,1.0,1.0
2026-03-22T21:10:07.745-705391-364714,761,false,0.4819891944502774,2,3437.0222420879713,1.0,1.0
2026-03-22T21:10:07.745-705391-364714,750,false,11.409985379340867,2,3437.0222420879713,1.0,1.0
2026-03-22T21:10:07.745-705391-364714,859,false,1.73283551357954,2,3437.0222420879713,1.0,1.0
2026-03-22T21:10:07.745-705391-364714,596,false,6.31556695099873,2,3437.0222420879713,1.0,1.0
2026-03-22T21:10:07.745-705391-364714,518,false,0.2023974927565166,2,3437.0222420879713,1.0,1.0
2026-03-22T21:10:07.745-705391-364714,222,false,0.25280126427017563,2,3437.0222420879713,1.0,1.0
2026-03-22T21:10:07.745-705391-364714,884,false,0.6971444917764155,2,3437.0222420879713,1.0,1.0
2026-03-22T21:10:07.745-705391-364714,527,false,326.2430424671285,2,3437.0222420879713,1.0,1.0
2026-03-22T21:10:07.745-705391-364714,821,false,0.4440725807334803,2,3437.0222420879713,1.0,1.0
2026-03-22T21:10:07.745-705391-364714,277,false,20.731679079252995,2,3437.0222420879713,1.0,1.0
2026-03-22T21:10:07.745-705391-364714,753,false,0.25270525260846893,2,3437.0222420879713,1.0,1.0
2026-03-22T21:10:07.745-705391-364714,690,false,2.0954354044309507,2,3437.0222420879713,1.0,1.0
2026-03-22T21:10:07.745-705391-364714,530,false,11.763503156333543,2,3437.0222420879713,1.0,1.0
2026-03-22T21:10:07.745-705391-364714,268,false,0.3303828188327724,2,3437.0222420879713,1.0,1.0
2026-03-22T21:10:07.745-705391-364714,132,false,201.8799245536153,2,3437.0222420879713,1.0,1.0
2026-03-22T21:10:07.745-705391-364714,56,false,2.062581388770672,2,3437.0222420879713,1.0,1.0
2026-03-22T21:10:07.745-705391-364714,531,false,3.901589204458293,2,3437.0222420879713,1.0,1.0
2026-03-22T21:10:07.745-705391-364714,404,true,1.0466572750208147,2,3435.9755848129507,1.0,0.0020000000000000018
2026-03-22T21:10:07.745-705391-364714,41,false,8.5102974805684,2,3435.9755848129507,1.0,1.0
2026-03-22T21:10:07.745-705391-364714,292,false,0.2227505863154569,2,3435.9755848129507,1.0,1.0
2026-03-22T21:10:07.745-705391-364714,117,false,1.3706110720322968,2,3435.9755848129507,1.0,1.0
2026-03-22T21:10:07.745-705391-364714,186,false,4.000762735333742,2,3435.9755848129507,1.0,1.0
2026-03-22T21:10:07.745-705391-364714,360,false,1.6975555470038177,2,3435.9755848129507,1.0,1.0
2026-03-22T21:10:07.745-705391-364714,575,false,1.1033160979637278,2,3435.9755848129507,1.0,1.0
2026-03-22T21:10:07.745-705391-364714,416,false,0.5424647101330629,2,3435.9755848129507,1.0,1.0
2026-03-22T21:10:07.745-705391-364714,536,false,44.752454862465235,2,3435.9755848129507,1.0,1.0
2026-03-22T21:10:07.745-705391-364714,363,false,6.787843129745291,2,3435.9755848129507,1.0,1.0
2026-03-22T21:10:07.745-705391-364714,999,false,3.7775031152107714,2,3435.9755848129507,1.0,1.0
2026-03-22T21:10:07.745-705391-364714,491,false,1.0627405419721645,2,3435.9755848129507,1.0,1.0
2026-03-22T21:10:07.745-705391-364714,311,false,43.16794886124944,2,3435.9755848129507,1.0,1.0
2026-03-22T21:10:07.745-705391-364714,673,false,8.175926028335528,2,3435.9755848129507,1.0,1.0
2026-03-22T21:10:07.745-705391-364714,599,false,0.36536687842237886,2,3435.9755848129507,1.0,1.0
2026-03-22T21:10:07.745-705391-364714,854,false,7.13747273227921,2,3435.9755848129507,1.0,1.0
2026-03-22T21:10:07.745-705391-364714,327,false,0.08106527786127464,2,3435.9755848129507,1.0,1.0
2026-03-22T21:10:07.745-705391-364714,544,false,36.88948477380908,2,3435.9755848129507,1.0,1.0
2026-03-22T21:10:07.745-705391-364714,696,false,0.034466613698235726,2,3435.9755848129507,1.0,1.0
2026-03-22T21:10:07.745-705391-364714,819,false,4.452157267909671,2,3435.9755848129507,1.0,1.0
2026-03-22T21:10:07.745-705391-364714,818,false,6.375993496080675,2,3435.9755848129507,1.0,1.0
2026-03-22T21:10:07.745-705391-364714,348,false,0.49992855004003295,2,3435.9755848129507,1.0,1.0
2026-03-22T21:10:07.745-705391-364714,213,false,0.8326578858009823,2,3435.9755848129507,1.0,1.0
2026-03-22T21:10:07.745-705391-364714,866,false,0.24755038484687206,2,3435.9755848129507,1.0,1.0
2026-03-22T21:10:07.745-705391-364714,497,false,3.6989991332902505,2,3435.9755848129507,1.0,1.0
2026-03-22T21:10:07.745-705391-364714,832,false,21.01603879678058,2,3435.9755848129507,1.0,1.0
2026-03-22T21:10:07.745-705391-364714,601,false,37.10926947410101,2,3435.9755848129507,1.0,1.0
2026-03-22T21:10:07.745-705391-364714,220,false,573.2330433442321,2,3435.9755848129507,1.0,1.0
2026-03-22T21:10:07.745-705391-364714,931,false,16.447679081648406,2,3435.9755848129507,1.0,1.0
2026-03-22T21:10:07.745-705391-364714,891,false,6.636122360533035,2,3435.9755848129507,1.0,1.0
2026-03-22T21:10:07.745-705391-364714,347,false,3.2537470454654716,2,3435.9755848129507,1.0,1.0
2026-03-22T21:10:07.745-705391-364714,757,false,0.007799451822109971,2,3435.9755848129507,1.0,1.0
2026-03-22T21:10:07.745-705391-364714,788,false,3.9560297856669484,2,3435.9755848129507,1.0,1.0
2026-03-22T21:10:07.745-705391-364714,264,false,13.608960053806062,2,3435.9755848129507,1.0,1.0
2026-03-22T21:10:07.745-705391-364714,833,false,1.266692978834421,2,3435.9755848129507,1.0,1.0
2026-03-22T21:10:07.745-705391-364714,511,false,1.462366328173537,2,3435.9755848129507,1.0,1.0
2026-03-22T21:10:07.745-705391-364714,455,true,0.9686545147841239,2,3435.0069302981665,1.0,0.692
2026-03-22T21:10:07.745-705391-364714,641,false,32.38376917191951,2,3435.0069302981665,1.0,1.0
2026-03-22T21:10:07.745-705391-364714,428,false,0.2359587975881567,2,3435.0069302981665,1.0,1.0
2026-03-22T21:10:07.745-705391-364714,559,false,1.3203501525575263,2,3435.0069302981665,1.0,1.0
2026-03-22T21:10:07.745-705391-364714,194,false,0.17286877967085737,2,3435.0069302981665,1.0,1.0
2026-03-22T21:10:07.745-705391-364714,552,false,0.8259498496000761,2,3435.0069302981665,1.0,1.0
2026-03-22T21:10:07.745-705391-364714,904,false,1.0226174415233098,2,3435.0069302981665,1.0,1.0
2026-03-22T21:10:07.745-705391-364714,221,false,588.728943788081,2,3435.0069302981665,1.0,1.0
2026-03-22T21:10:07.745-705391-364714,900,false,33.766046301811194,2,3435.0069302981665,1.0,1.0
2026-03-22T21:10:07.745-705391-364714,172,false,1.7501529010328933,2,3435.0069302981665,1.0,1.0
2026-03-22T21:10:07.745-705391-364714,929,false,0.34410127419331776,2,3435.0069302981665,1.0,1.0
2026-03-22T21:10:07.745-705391-364714,951,false,1.0455125018524847,2,3435.0069302981665,1.0,1.0
2026-03-22T21:10:07.745-705391-364714,908,false,0.48631586315328623,2,3435.0069302981665,1.0,1.0
2026-03-22T21:10:07.745-705391-364714,551,true,0.3445428731772904,2,3434.662387424989,1.0,0.864
2026-03-22T21:10:07.745-705391-364714,13,false,692.2084317802942,2,3434.662387424989,1.0,1.0
2026-03-22T21:10:07.745-705391-364714,25,false,0.5194475023321625,2,3434.662387424989,1.0,1.0
2026-03-22T21:10:07.745-705391-364714,533,false,1.1752416574976359,2,3434.662387424989,1.0,1.0
2026-03-22T21:10:07.745-705391-364714,94,false,0.8551931004928124,2,3434.662387424989,1.0,1.0
2026-03-22T21:10:07.745-705391-364714,235,false,179.86855773034424,2,3434.662387424989,1.0,1.0
2026-03-22T21:10:07.745-705391-364714,451,false,20.83470105028958,2,3434.662387424989,1.0,1.0
2026-03-22T21:10:07.745-705391-364714,924,false,19.729885475883602,2,3434.662387424989,1.0,1.0
2026-03-22T21:10:07.745-705391-364714,141,false,0.2971233605834004,2,3434.662387424989,1.0,1.0
2026-03-22T21:10:07.745-705391-364714,290,false,0.3447827267562331,2,3434.662387424989,1.0,1.0
2026-03-22T21:10:07.745-705391-364714,712,false,1.4862083197948748,2,3434.662387424989,1.0,1.0
2026-03-22T21:10:07.745-705391-364714,732,false,0.12960871720093828,2,3434.662387424989,1.0,1.0
2026-03-22T21:10:07.745-705391-364714,576,false,9.851167633549395,2,3434.662387424989,1.0,1.0
2026-03-22T21:10:07.745-705391-364714,152,true,6.300714868000377,2,3428.3616725569887,1.0,0.0030000000000000027
2026-03-22T21:10:07.745-705391-364714,802,false,1.7804062089994082,2,3428.3616725569887,1.0,1.0
2026-03-22T21:10:07.745-705391-364714,164,false,0.5171648777964695,2,3428.3616725569887,1.0,1.0
2026-03-22T21:10:07.745-705391-364714,579,false,10.291975563740372,2,3428.3616725569887,1.0,1.0
2026-03-22T21:10:07.745-705391-364714,675,false,2.12834830078783,2,3428.3616725569887,1.0,1.0
2026-03-22T21:10:07.745-705391-364714,745,false,11.837848664663941,2,3428.3616725569887,1.0,1.0
2026-03-22T21:10:07.745-705391-364714,716,false,12.478249788031414,2,3428.3616725569887,1.0,1.0
2026-03-22T21:10:07.745-705391-364714,159,true,2.6210350632590202,2,3425.7406374937295,1.0,0.723
2026-03-22T21:10:07.745-705391-364714,333,false,1.6399584727512722,2,3425.7406374937295,1.0,1.0
2026-03-22T21:10:07.745-705391-364714,540,false,3.4064464317540155,2,3425.7406374937295,1.0,1.0
2026-03-22T21:10:07.745-705391-364714,823,false,0.5538270127985354,2,3425.7406374937295,1.0,1.0
2026-03-22T21:10:07.745-705391-364714,843,false,16.00450476530031,2,3425.7406374937295,1.0,1.0
2026-03-22T21:10:07.745-705391-364714,289,false,1.3555940792619006,2,3425.7406374937295,1.0,1.0
2026-03-22T21:10:07.745-705391-364714,199,false,0.41385350904536333,2,3425.7406374937295,1.0,1.0
2026-03-22T21:10:07.745-705391-364714,115,false,2.1167816187586097,2,3425.7406374937295,1.0,1.0
2026-03-22T21:10:07.745-705391-364714,359,false,0.44272848459536723,2,3425.7406374937295,1.0,1.0
2026-03-22T21:10:07.745-705391-364714,872,false,0.31865268533278124,2,3425.7406374937295,1.0,1.0
2026-03-22T21:10:07.745-705391-364714,496,false,0.07807480841302372,2,3425.7406374937295,1.0,1.0
2026-03-22T21:10:07.745-705391-364714,4,false,3.435811222352665,2,3425.7406374937295,1.0,1.0
2026-03-22T21:10:07.745-705391-364714,372,false,80.31203427833132,2,3425.7406374937295,1.0,1.0
2026-03-22T21:10:07.745-705391-364714,429,false,20.634529342364594,2,3425.7406374937295,1.0,1.0
2026-03-22T21:10:07.745-705391-364714,748,false,1.315039580521356,2,3425.7406374937295,1.0,1.0
2026-03-22T21:10:07.745-705391-364714,501,false,0.8243423399994155,2,3425.7406374937295,1.0,1.0
2026-03-22T21:10:07.745-705391-364714,987,false,0.21549488731606306,2,3425.7406374937295,1.0,1.0
2026-03-22T21:10:07.745-705391-364714,794,false,121.10201714462838,2,3425.7406374937295,1.0,1.0
2026-03-22T21:10:07.745-705391-364714,628,false,145.83362233944314,2,3425.7406374937295,1.0,1.0
2026-03-22T21:10:07.745-705391-364714,128,false,0.1321470395971316,2,3425.7406374937295,1.0,1.0
2026-03-22T21:10:07.745-705391-364714,205,false,0.35908318543511586,2,3425.7406374937295,1.0,1.0
2026-03-22T21:10:07.745-705391-364714,401,false,0.0440146272458555,2,3425.7406374937295,1.0,1.0
2026-03-22T21:10:07.745-705391-364714,888,false,4.026756247799651,2,3425.7406374937295,1.0,1.0
2026-03-22T21:10:07.745-705391-364714,51,false,58.14021612879475,2,3425.7406374937295,1.0,1.0
2026-03-22T21:10:07.745-705391-364714,839,false,11.421199157243617,2,3425.7406374937295,1.0,1.0
2026-03-22T21:10:07.745-705391-364714,674,false,16.44124337621498,2,3425.7406374937295,1.0,1.0
2026-03-22T21:10:07.745-705391-364714,72,false,0.09012510691296881,2,3425.7406374937295,1.0,1.0
2026-03-22T21:10:07.745-705391-364714,68,false,0.03606662116538796,2,3425.7406374937295,1.0,1.0
2026-03-22T21:10:07.745-705391-364714,645,false,1.3058545160305608,2,3425.7406374937295,1.0,1.0
2026-03-22T21:10:07.745-705391-364714,242,false,0.43299125113337894,2,3425.7406374937295,1.0,1.0
2026-03-22T21:10:07.745-705391-364714,868,false,4.976676017796,2,3425.7406374937295,1.0,1.0
2026-03-22T21:10:07.745-705391-364714,36,false,16.620892956686433,2,3425.7406374937295,1.0,1.0
2026-03-22T21:10:07.745-705391-364714,367,false,3.1798947218385227,2,3425.7406374937295,1.0,1.0
2026-03-22T21:10:07.745-705391-364714,734,false,0.09293795512803324,2,3425.7406374937295,1.0,1.0
2026-03-22T21:10:07.745-705391-364714,53,false,79.75035099660434,2,3425.7406374937295,1.0,1.0
2026-03-22T21:10:07.745-705391-364714,49,false,0.5133140915345198,2,3425.7406374937295,1.0,1.0
2026-03-22T21:10:07.745-705391-364714,742,true,7.124182095685166,2,3418.6164553980443,1.0,0.702
2026-03-22T21:10:07.745-705391-364714,388,false,0.09532254601935593,2,3418.6164553980443,1.0,1.0
2026-03-22T21:10:07.745-705391-364714,254,false,0.3050315348855947,2,3418.6164553980443,1.0,1.0
2026-03-22T21:10:07.745-705391-364714,479,false,3.420013623612523,2,3418.6164553980443,1.0,1.0
2026-03-22T21:10:07.745-705391-364714,938,false,14.036688990655662,2,3418.6164553980443,1.0,1.0
2026-03-22T21:10:07.745-705391-364714,876,false,0.9706855480646489,2,3418.6164553980443,1.0,1.0
2026-03-22T21:10:07.745-705391-364714,919,false,26.498538745627027,2,3418.6164553980443,1.0,1.0
2026-03-22T21:10:07.745-705391-364714,592,false,11.494725561222218,2,3418.6164553980443,1.0,1.0
2026-03-22T21:10:07.745-705391-364714,334,false,0.10910484515440032,2,3418.6164553980443,1.0,1.0
2026-03-22T21:10:07.745-705391-364714,608,false,9.807670969325022,2,3418.6164553980443,1.0,1.0
2026-03-22T21:10:07.745-705391-364714,227,false,0.03211366590158662,2,3418.6164553980443,1.0,1.0
2026-03-22T21:10:07.745-705391-364714,658,false,0.19562004430843122,2,3418.6164553980443,1.0,1.0
2026-03-22T21:10:07.745-705391-364714,528,false,0.4400379699851233,2,3418.6164553980443,1.0,1.0
2026-03-22T21:10:07.745-705391-364714,813,false,0.6526505319886574,2,3418.6164553980443,1.0,1.0
2026-03-22T21:10:07.745-705391-364714,801,false,10.927915139391262,2,3418.6164553980443,1.0,1.0
2026-03-22T21:10:07.745-705391-364714,178,false,0.9336481761435554,2,3418.6164553980443,1.0,1.0
2026-03-22T21:10:07.745-705391-364714,478,false,1.303900991699101,2,3418.6164553980443,1.0,1.0
2026-03-22T21:10:07.745-705391-364714,273,false,19.588930414889916,2,3418.6164553980443,1.0,1.0
2026-03-22T21:10:07.745-705391-364714,979,false,6.422436581110646,2,3418.6164553980443,1.0,1.0
2026-03-22T21:10:07.745-705391-364714,766,false,0.2004092468442416,2,3418.6164553980443,1.0,1.0
2026-03-22T21:10:07.745-705391-364714,616,false,12.138612477148799,2,3418.6164553980443,1.0,1.0
2026-03-22T21:10:07.745-705391-364714,871,false,0.17741117728688577,2,3418.6164553980443,1.0,1.0
2026-03-22T21:10:07.745-705391-364714,861,false,7.850110638342334,2,3418.6164553980443,1.0,1.0
2026-03-22T21:10:07.745-705391-364714,314,false,16.640510062044957,2,3418.6164553980443,1.0,1.0
2026-03-22T21:10:07.745-705391-364714,797,false,0.46206685204525955,2,3418.6164553980443,1.0,1.0
2026-03-22T21:10:07.745-705391-364714,226,false,0.2898548045410527,2,3418.6164553980443,1.0,1.0
2026-03-22T21:10:07.745-705391-364714,877,false,0.49896147329740853,2,3418.6164553980443,1.0,1.0
2026-03-22T21:10:07.745-705391-364714,503,false,2.7019245021584344,2,3418.6164553980443,1.0,1.0
2026-03-22T21:10:07.745-705391-364714,77,false,3.6814451554921326,2,3418.6164553980443,1.0,1.0
2026-03-22T21:10:07.745-705391-364714,860,false,0.3946802986031587,2,3418.6164553980443,1.0,1.0
2026-03-22T21:10:07.745-705391-364714,917,false,2.486656848439989,2,3418.6164553980443,1.0,1.0
2026-03-22T21:10:07.745-705391-364714,216,false,2.993467406180006,2,3418.6164553980443,1.0,1.0
2026-03-22T21:10:07.745-705391-364714,285,false,0.4820844545838496,2,3418.6164553980443,1.0,1.0
2026-03-22T21:10:07.745-705391-364714,774,false,1.2387029229061972,2,3418.6164553980443,1.0,1.0
2026-03-22T21:10:07.745-705391-364714,580,false,0.6216487695721509,2,3418.6164553980443,1.0,1.0
2026-03-22T21:10:07.745-705391-364714,899,false,4.427313364800087,2,3418.6164553980443,1.0,1.0
2026-03-22T21:10:07.745-705391-364714,934,false,0.007096822000976472,2,3418.6164553980443,1.0,1.0
2026-03-22T21:10:07.745-705391-364714,763,false,0.06391821601937044,2,3418.6164553980443,1.0,1.0
2026-03-22T21:10:07.745-705391-364714,526,false,3.523654674334309,2,3418.6164553980443,1.0,1.0
2026-03-22T21:10:07.745-705391-364714,74,false,4.75899504403669,2,3418.6164553980443,1.0,1.0
2026-03-22T21:10:07.745-705391-364714,902,false,0.8550235382023549,2,3418.6164553980443,1.0,1.0
2026-03-22T21:10:07.745-705391-364714,477,false,0.1128708548335929,2,3418.6164553980443,1.0,1.0
2026-03-22T21:10:07.745-705391-364714,329,false,0.09276595937434375,2,3418.6164553980443,1.0,1.0
2026-03-22T21:10:07.745-705391-364714,944,false,0.8618426128300188,2,3418.6164553980443,1.0,1.0
2026-03-22T21:10:07.745-705391-364714,555,false,45.618106671409656,2,3418.6164553980443,1.0,1.0
2026-03-22T21:10:07.745-705391-364714,136,false,0.2821953743279373,2,3418.6164553980443,1.0,1.0
2026-03-22T21:10:07.745-705391-364714,998,false,16.081252370793496,2,3418.6164553980443,1.0,1.0
2026-03-22T21:10:07.745-705391-364714,101,false,3.8288607698282817,2,3418.6164553980443,1.0,1.0
2026-03-22T21:10:07.745-705391-364714,170,false,2.4731718428692253,2,3418.6164553980443,1.0,1.0
2026-03-22T21:10:07.745-705391-364714,741,true,4.742941873981703,2,3413.8735135240627,1.0,0.0
2026-03-22T21:10:07.745-705391-364714,293,false,0.42200143606189183,2,3413.8735135240627,1.0,1.0
2026-03-22T21:10:07.745-705391-364714,651,false,140.3452938812975,2,3413.8735135240627,1.0,1.0
2026-03-22T21:10:07.745-705391-364714,566,false,1.7576674906533232,2,3413.8735135240627,1.0,1.0
2026-03-22T21:10:07.745-705391-364714,602,false,9.330866957876333,2,3413.8735135240627,1.0,1.0
2026-03-22T21:10:07.745-705391-364714,630,false,19.19266400727405,2,3413.8735135240627,1.0,1.0
2026-03-22T21:10:07.745-705391-364714,681,false,2.715494588732909,2,3413.8735135240627,1.0,1.0
2026-03-22T21:10:07.745-705391-364714,378,false,3.9873656031603377,2,3413.8735135240627,1.0,1.0
2026-03-22T21:10:07.745-705391-364714,537,false,31.106940061892384,2,3413.8735135240627,1.0,1.0
2026-03-22T21:10:07.745-705391-364714,338,false,49.02540082535722,2,3413.8735135240627,1.0,1.0
2026-03-22T21:10:07.745-705391-364714,524,false,0.876143357517225,2,3413.8735135240627,1.0,1.0
2026-03-22T21:10:07.745-705391-364714,782,false,0.9584582589382894,2,3413.8735135240627,1.0,1.0
2026-03-22T21:10:07.745-705391-364714,920,false,0.09209507866432091,2,3413.8735135240627,1.0,1.0
2026-03-22T21:10:07.745-705391-364714,517,false,0.35701966115335365,2,3413.8735135240627,1.0,1.0
2026-03-22T21:10:07.745-705391-364714,351,false,5.676057321852458,2,3413.8735135240627,1.0,1.0
2026-03-22T21:10:07.745-705391-364714,316,false,32.413475954176434,2,3413.8735135240627,1.0,1.0
2026-03-22T21:10:07.745-705391-364714,959,false,2.924618204325779,2,3413.8735135240627,1.0,1.0
2026-03-22T21:10:07.745-705391-364714,168,true,33.125623354878826,2,3380.747890169184,1.0,0.865
2026-03-22T21:10:07.745-705391-364714,632,false,0.29698368226545074,2,3380.747890169184,1.0,1.0
2026-03-22T21:10:07.745-705391-364714,373,false,1.2045955194605857,2,3380.747890169184,1.0,1.0
2026-03-22T21:10:07.745-705391-364714,758,false,3.9236224760062313,2,3380.747890169184,1.0,1.0
2026-03-22T21:10:07.745-705391-364714,243,false,11.54780287532133,2,3380.747890169184,1.0,1.0
2026-03-22T21:10:07.745-705391-364714,294,false,112.99418851125843,2,3380.747890169184,1.0,1.0
2026-03-22T21:10:07.745-705391-364714,138,false,3.236664082593318,2,3380.747890169184,1.0,1.0
2026-03-22T21:10:07.745-705391-364714,97,false,10.115479984971762,2,3380.747890169184,1.0,1.0
2026-03-22T21:10:07.745-705391-364714,379,false,5.30999137777233,2,3380.747890169184,1.0,1.0
2026-03-22T21:10:07.745-705391-364714,637,false,0.2824849253041125,2,3380.747890169184,1.0,1.0
2026-03-22T21:10:07.745-705391-364714,1000,false,3.887490649058654,2,3380.747890169184,1.0,1.0
2026-03-22T21:10:07.745-705391-364714,61,false,0.3032919231341881,2,3380.747890169184,1.0,1.0
2026-03-22T21:10:07.745-705391-364714,150,true,2.8192058184040603,2,3377.92868435078,1.0,0.0
2026-03-22T21:10:07.745-705391-364714,607,false,1.0404020893954191,2,3377.92868435078,1.0,1.0
2026-03-22T21:10:07.745-705391-364714,218,false,60.351321800979136,2,3377.92868435078,1.0,1.0
2026-03-22T21:10:07.745-705391-364714,148,true,1.3582026209237192,2,3376.570481729856,1.0,0.274
2026-03-22T21:10:07.745-705391-364714,15,false,0.46176358377886917,2,3376.570481729856,1.0,1.0
2026-03-22T21:10:07.745-705391-364714,827,false,3.2922046727537744,2,3376.570481729856,1.0,1.0
2026-03-22T21:10:07.745-705391-364714,9,false,0.7961230910836135,2,3376.570481729856,1.0,1.0
2026-03-22T21:10:07.745-705391-364714,304,false,3.1232152693947035,2,3376.570481729856,1.0,1.0
2026-03-22T21:10:07.745-705391-364714,54,false,0.7703630639468677,2,3376.570481729856,1.0,1.0
2026-03-22T21:10:07.745-705391-364714,239,false,0.5944433695756158,2,3376.570481729856,1.0,1.0
2026-03-22T21:10:07.745-705391-364714,79,false,2.087761799341929,2,3376.570481729856,1.0,1.0
2026-03-22T21:10:07.745-705391-364714,339,false,3.6580465686644494,2,3376.570481729856,1.0,1.0
2026-03-22T21:10:07.745-705391-364714,694,false,0.851505780918221,2,3376.570481729856,1.0,1.0
2026-03-22T21:10:07.745-705391-364714,604,false,0.07375511802427435,2,3376.570481729856,1.0,1.0
2026-03-22T21:10:07.745-705391-364714,907,false,0.5855526464476795,2,3376.570481729856,1.0,1.0
2026-03-22T21:10:07.745-705391-364714,777,false,2.5498711884722227,2,3376.570481729856,1.0,1.0
2026-03-22T21:10:07.745-705391-364714,183,false,1.6447601512828236,2,3376.570481729856,1.0,1.0
2026-03-22T21:10:07.745-705391-364714,804,false,71.49841527799906,2,3376.570481729856,1.0,1.0
2026-03-22T21:10:07.745-705391-364714,887,false,3.5501642588508604,2,3376.570481729856,1.0,1.0
2026-03-22T21:10:07.745-705391-364714,581,false,23.240430275562268,2,3376.570481729856,1.0,1.0
2026-03-22T21:10:07.745-705391-364714,894,false,0.7882880832752737,2,3376.570481729856,1.0,1.0
2026-03-22T21:10:07.745-705391-364714,232,false,5.959537967209211,2,3376.570481729856,1.0,1.0
2026-03-22T21:10:07.745-705391-364714,276,false,0.781325525687858,2,3376.570481729856,1.0,1.0
2026-03-22T21:10:07.745-705391-364714,921,false,1.4146971894389968,2,3376.570481729856,1.0,1.0
2026-03-22T21:10:07.745-705391-364714,461,true,1.08534678977286,2,3375.4851349400833,1.0,0.0
2026-03-22T21:10:07.745-705391-364714,394,true,81.08337441466125,2,3294.401760525422,1.0,0.015000000000000013
2026-03-22T21:10:07.745-705391-364714,614,false,79.84871193720429,2,3294.401760525422,1.0,1.0
2026-03-22T21:10:07.745-705391-364714,249,false,0.07938138277058072,2,3294.401760525422,1.0,1.0
2026-03-22T21:10:07.745-705391-364714,433,false,1.026381735590014,2,3294.401760525422,1.0,1.0
2026-03-22T21:10:07.745-705391-364714,299,false,1.4398413381748005,2,3294.401760525422,1.0,1.0
2026-03-22T21:10:07.745-705391-364714,366,false,0.07149525703389206,2,3294.401760525422,1.0,1.0
2026-03-22T21:10:07.745-705391-364714,42,false,1.9136185464477584,2,3294.401760525422,1.0,1.0
2026-03-22T21:10:07.745-705391-364714,228,false,2.6955399987022393,2,3294.401760525422,1.0,1.0
2026-03-22T21:10:07.745-705391-364714,244,false,5.4649753577808395,2,3294.401760525422,1.0,1.0
2026-03-22T21:10:07.745-705391-364714,879,false,4.927048796577631,2,3294.401760525422,1.0,1.0
2026-03-22T21:10:07.745-705391-364714,238,false,4.482288119619136,2,3294.401760525422,1.0,1.0
2026-03-22T21:10:07.745-705391-364714,642,false,4.048909388561331,2,3294.401760525422,1.0,1.0
2026-03-22T21:10:07.745-705391-364714,994,false,9.420214557680847,2,3294.401760525422,1.0,1.0
2026-03-22T21:10:07.745-705391-364714,588,false,4.251245430339052,2,3294.401760525422,1.0,1.0
2026-03-22T21:10:07.745-705391-364714,34,false,5.194278231268618,2,3294.401760525422,1.0,1.0
2026-03-22T21:10:07.745-705391-364714,490,false,2.6861999315070095,2,3294.401760525422,1.0,1.0
2026-03-22T21:10:07.745-705391-364714,20,true,0.9470045661838447,2,3293.4547559592384,1.0,0.865
2026-03-22T21:10:07.745-705391-364714,231,false,0.12192278369656803,2,3293.4547559592384,1.0,1.0
2026-03-22T21:10:07.745-705391-364714,187,false,16.233162113923754,2,3293.4547559592384,1.0,1.0
2026-03-22T21:10:07.745-705391-364714,892,false,50.624670525885286,2,3293.4547559592384,1.0,1.0
2026-03-22T21:10:07.745-705391-364714,816,false,2.9543873203367945,2,3293.4547559592384,1.0,1.0
2026-03-22T21:10:07.745-705391-364714,966,false,3.173597302362691,2,3293.4547559592384,1.0,1.0
2026-03-22T21:10:07.745-705391-364714,253,false,2.4707874685426034,2,3293.4547559592384,1.0,1.0
2026-03-22T21:10:07.745-705391-364714,357,false,85.28049973367109,2,3293.4547559592384,1.0,1.0
2026-03-22T21:10:07.745-705391-364714,283,false,66.18792913634974,2,3293.4547559592384,1.0,1.0
2026-03-22T21:10:07.745-705391-364714,560,false,28.62305910246693,2,3293.4547559592384,1.0,1.0
2026-03-22T21:10:07.745-705391-364714,850,false,0.25874147035601086,2,3293.4547559592384,1.0,1.0
2026-03-22T21:10:07.745-705391-364714,623,false,0.14157489487235572,2,3293.4547559592384,1.0,1.0
2026-03-22T21:10:07.745-705391-364714,109,false,22.38614626683396,2,3293.4547559592384,1.0,1.0
2026-03-22T21:10:07.745-705391-364714,328,false,1.350581687489538,2,3293.4547559592384,1.0,1.0
2026-03-22T21:10:07.745-705391-364714,411,false,41.20129910375564,2,3293.4547559592384,1.0,1.0
2026-03-22T21:10:07.745-705391-364714,973,false,36.935968713396555,2,3293.4547559592384,1.0,1.0
2026-03-22T21:10:07.745-705391-364714,961,false,4.044524521613997,2,3293.4547559592384,1.0,1.0
2026-03-22T21:10:07.745-705391-364714,550,true,16.35189291808195,2,3277.1028630411565,1.0,0.858
2026-03-22T21:10:07.745-705391-364714,392,true,1.0899005894200722,2,3276.0129624517363,1.0,0.015000000000000013
2026-03-22T21:10:07.745-705391-364714,46,false,1.7086531168434298,2,3276.0129624517363,1.0,1.0
2026-03-22T21:10:07.745-705391-364714,375,false,0.24164805596109082,2,3276.0129624517363,1.0,1.0
2026-03-22T21:10:07.745-705391-364714,569,false,0.3163819823969464,2,3276.0129624517363,1.0,1.0
2026-03-22T21:10:07.745-705391-364714,889,false,3.243501456929971,2,3276.0129624517363,1.0,1.0
2026-03-22T21:10:07.745-705391-364714,567,false,0.5577316860823651,2,3276.0129624517363,1.0,1.0
2026-03-22T21:10:07.745-705391-364714,744,true,2.392634713600437,2,3273.620327738136,1.0,0.02100000000000002
2026-03-22T21:10:07.745-705391-364714,553,true,363.9031022723775,2,2909.7172254657585,1.0,0.0
2026-03-22T21:10:07.745-705391-364714,174,false,2.37635146402505,2,2909.7172254657585,1.0,1.0
2026-03-22T21:10:07.745-705391-364714,912,false,1.1319372857392265,2,2909.7172254657585,1.0,1.0
2026-03-22T21:10:07.745-705391-364714,122,false,11.44897463181801,2,2909.7172254657585,1.0,1.0
2026-03-22T21:10:07.745-705391-364714,792,false,7.445796750017285,2,2909.7172254657585,1.0,1.0
2026-03-22T21:10:07.745-705391-364714,125,false,0.1790615442628847,2,2909.7172254657585,1.0,1.0
2026-03-22T21:10:07.745-705391-364714,382,false,299.00840064612714,2,2909.7172254657585,1.0,1.0
2026-03-22T21:10:07.745-705391-364714,824,false,2.814339121053035,2,2909.7172254657585,1.0,1.0
2026-03-22T21:10:07.745-705391-364714,985,false,6.35631041739686,2,2909.7172254657585,1.0,1.0
2026-03-22T21:10:07.745-705391-364714,269,false,0.6478072850043864,2,2909.7172254657585,1.0,1.0
2026-03-22T21:10:07.745-705391-364714,481,false,0.3594958920403815,2,2909.7172254657585,1.0,1.0
2026-03-22T21:10:07.745-705391-364714,494,false,1020.8571526357057,2,2909.7172254657585,1.0,1.0
2026-03-22T21:10:07.745-705391-364714,104,false,1.4282404731212308,2,2909.7172254657585,1.0,1.0
2026-03-22T21:10:07.745-705391-364714,901,false,2.3400046795927945,2,2909.7172254657585,1.0,1.0
2026-03-22T21:10:07.745-705391-364714,324,false,0.35547431052501655,2,2909.7172254657585,1.0,1.0
2026-03-22T21:10:07.745-705391-364714,323,false,8.149342521047902,2,2909.7172254657585,1.0,1.0
2026-03-22T21:10:07.745-705391-364714,754,false,0.32083011912747234,2,2909.7172254657585,1.0,1.0
2026-03-22T21:10:07.745-705391-364714,717,false,7.205660765163737,2,2909.7172254657585,1.0,1.0
2026-03-22T21:10:07.745-705391-364714,266,false,1.7549288082012011,2,2909.7172254657585,1.0,1.0
2026-03-22T21:10:07.745-705391-364714,597,false,0.19756168503696483,2,2909.7172254657585,1.0,1.0
2026-03-22T21:10:07.745-705391-364714,886,false,70.74056312038397,2,2909.7172254657585,1.0,1.0
2026-03-22T21:10:07.745-705391-364714,882,false,39.82509748033517,2,2909.7172254657585,1.0,1.0
2026-03-22T21:10:07.745-705391-364714,180,false,3.1978115324219485,2,2909.7172254657585,1.0,1.0
2026-03-22T21:10:07.745-705391-364714,431,false,2.8026692052520756,2,2909.7172254657585,1.0,1.0
2026-03-22T21:10:07.745-705391-364714,534,false,15.218436933678845,2,2909.7172254657585,1.0,1.0
2026-03-22T21:10:07.745-705391-364714,38,false,8.659185907720394,2,2909.7172254657585,1.0,1.0
2026-03-22T21:10:07.745-705391-364714,422,false,34.02637833378249,2,2909.7172254657585,1.0,1.0
2026-03-22T21:10:07.745-705391-364714,355,false,1.2002373347498796,2,2909.7172254657585,1.0,1.0
2026-03-22T21:10:07.745-705391-364714,452,true,1.2318222398012013,2,2908.4854032259573,1.0,0.887
2026-03-22T21:10:07.745-705391-364714,162,true,1.7833729264413738,2,2906.702030299516,1.0,0.746
2026-03-22T21:10:07.745-705391-364714,412,false,20.852155149437117,2,2906.702030299516,1.0,1.0
2026-03-22T21:10:07.745-705391-364714,191,false,10.485205469266427,2,2906.702030299516,1.0,1.0
2026-03-22T21:10:07.745-705391-364714,853,false,15.36798738820812,2,2906.702030299516,1.0,1.0
2026-03-22T21:10:07.745-705391-364714,615,false,12.50226284795505,2,2906.702030299516,1.0,1.0
2026-03-22T21:10:07.745-705391-364714,837,false,0.12885729389295025,2,2906.702030299516,1.0,1.0
2026-03-22T21:10:07.745-705391-364714,318,false,0.37357003150108836,2,2906.702030299516,1.0,1.0
2026-03-22T21:10:07.745-705391-364714,770,false,15.474928313306654,2,2906.702030299516,1.0,1.0
2026-03-22T21:10:07.745-705391-364714,991,false,99.17049944095847,2,2906.702030299516,1.0,1.0
2026-03-22T21:10:07.745-705391-364714,241,false,17.791497931246862,2,2906.702030299516,1.0,1.0
2026-03-22T21:10:07.745-705391-364714,107,false,9.547297215688893,2,2906.702030299516,1.0,1.0
2026-03-22T21:10:07.745-705391-364714,609,false,0.2311181658507372,2,2906.702030299516,1.0,1.0
2026-03-22T21:10:07.745-705391-364714,417,false,1.9030534865633018,2,2906.702030299516,1.0,1.0
2026-03-22T21:10:07.745-705391-364714,996,false,12.755798902525141,2,2906.702030299516,1.0,1.0
2026-03-22T21:10:07.745-705391-364714,296,false,4.855178922813361,2,2906.702030299516,1.0,1.0
2026-03-22T21:10:07.745-705391-364714,587,false,2.7397392714279922,2,2906.702030299516,1.0,1.0
2026-03-22T21:10:07.745-705391-364714,643,false,0.667471645643324,2,2906.702030299516,1.0,1.0
2026-03-22T21:10:07.745-705391-364714,7,false,2.3807179149716826,2,2906.702030299516,1.0,1.0
2026-03-22T21:10:07.745-705391-364714,977,false,13.479539782662437,2,2906.702030299516,1.0,1.0
2026-03-22T21:10:07.745-705391-364714,760,false,90.80677145987259,2,2906.702030299516,1.0,1.0
2026-03-22T21:10:07.745-705391-364714,903,true,3.1867495351261153,2,2903.51528076439,1.0,0.857
2026-03-22T21:10:07.745-705391-364714,851,false,18.437147832707378,2,2903.51528076439,1.0,1.0
2026-03-22T21:10:07.745-705391-364714,493,false,16.32710163038801,2,2903.51528076439,1.0,1.0
2026-03-22T21:10:07.745-705391-364714,251,false,4.165366586421712,2,2903.51528076439,1.0,1.0
2026-03-22T21:10:07.745-705391-364714,87,false,1.0719090400109568,2,2903.51528076439,1.0,1.0
2026-03-22T21:10:07.745-705391-364714,554,true,109.63956010049343,2,2793.8757206638966,1.0,0.0
2026-03-22T21:10:07.745-705391-364714,65,false,6.081843299893097,2,2793.8757206638966,1.0,1.0
2026-03-22T21:10:07.745-705391-364714,500,false,0.747688293320291,2,2793.8757206638966,1.0,1.0
2026-03-22T21:10:07.745-705391-364714,476,true,8.26392958353601,2,2785.6117910803605,1.0,0.719
2026-03-22T21:10:07.745-705391-364714,881,false,7.665909033424325,2,2785.6117910803605,1.0,1.0
2026-03-22T21:10:07.745-705391-364714,124,false,0.419785617601962,2,2785.6117910803605,1.0,1.0
2026-03-22T21:10:07.745-705391-364714,795,false,5.498839840810027,2,2785.6117910803605,1.0,1.0
2026-03-22T21:10:07.745-705391-364714,800,false,17.488888810694647,2,2785.6117910803605,1.0,1.0
2026-03-22T21:10:07.745-705391-364714,498,false,0.013079484412033436,2,2785.6117910803605,1.0,1.0
2026-03-22T21:10:07.745-705391-364714,120,false,12.167791977623137,2,2785.6117910803605,1.0,1.0
2026-03-22T21:10:07.745-705391-364714,163,true,4.60258855405028,2,2781.00920252631,1.0,0.87
2026-03-22T21:10:07.745-705391-364714,937,false,4.675348247321787,2,2781.00920252631,1.0,1.0
2026-03-22T21:10:07.745-705391-364714,765,false,0.5987487283683178,2,2781.00920252631,1.0,1.0
2026-03-22T21:10:07.745-705391-364714,799,false,17.79894320560212,2,2781.00920252631,1.0,1.0
2026-03-22T21:10:07.745-705391-364714,67,false,10.875458038248189,2,2781.00920252631,1.0,1.0
2026-03-22T21:10:07.745-705391-364714,386,false,0.5041869497397752,2,2781.00920252631,1.0,1.0
2026-03-22T21:10:07.745-705391-364714,923,false,4.096779329685129,2,2781.00920252631,1.0,1.0
2026-03-22T21:10:07.745-705391-364714,895,false,2.747431459578426,2,2781.00920252631,1.0,1.0
2026-03-22T21:10:07.745-705391-364714,215,false,0.23049624596400156,2,2781.00920252631,1.0,1.0
2026-03-22T21:10:07.745-705391-364714,874,false,25.35762673448201,2,2781.00920252631,1.0,1.0
2026-03-22T21:10:07.745-705391-364714,913,false,0.01086809615669902,2,2781.00920252631,1.0,1.0
2026-03-22T21:10:07.745-705391-364714,98,false,8.497175677181447,2,2781.00920252631,1.0,1.0
2026-03-22T21:10:07.745-705391-364714,781,false,46.592005853464,2,2781.00920252631,1.0,1.0
2026-03-22T21:10:07.745-705391-364714,930,false,1.045767779584904,2,2781.00920252631,1.0,1.0
2026-03-22T21:10:07.745-705391-364714,873,false,1.6366905165633518,2,2781.00920252631,1.0,1.0
2026-03-22T21:10:07.745-705391-364714,698,false,8.07499668187817,2,2781.00920252631,1.0,1.0
2026-03-22T21:10:07.745-705391-364714,703,false,0.03496224719172578,2,2781.00920252631,1.0,1.0
2026-03-22T21:10:07.745-705391-364714,454,true,31.0586844735249,2,2749.9505180527854,1.0,0.0
2026-03-22T21:10:07.745-705391-364714,806,false,4.802534303235588,2,2749.9505180527854,1.0,1.0
2026-03-22T21:10:07.745-705391-364714,812,false,38.66080430465538,2,2749.9505180527854,1.0,1.0
2026-03-22T21:10:07.745-705391-364714,570,false,10.249156956946193,2,2749.9505180527854,1.0,1.0
2026-03-22T21:10:07.745-705391-364714,391,false,0.08811934226962224,2,2749.9505180527854,1.0,1.0
2026-03-22T21:10:07.745-705391-364714,322,false,10.202953136642682,2,2749.9505180527854,1.0,1.0
2026-03-22T21:10:07.745-705391-364714,282,false,1.352033513030362,2,2749.9505180527854,1.0,1.0
2026-03-22T21:10:07.745-705391-364714,342,false,0.6202467495073115,2,2749.9505180527854,1.0,1.0
2026-03-22T21:10:07.745-705391-364714,31,false,59.81146328105262,2,2749.9505180527854,1.0,1.0
2026-03-22T21:10:07.745-705391-364714,274,false,28.34782510249173,2,2749.9505180527854,1.0,1.0
2026-03-22T21:10:07.745-705391-364714,200,false,6.148558671940507,2,2749.9505180527854,1.0,1.0
2026-03-22T21:10:07.745-705391-364714,236,false,16.267666610030982,2,2749.9505180527854,1.0,1.0
2026-03-22T21:10:07.745-705391-364714,711,false,67.16232331005891,2,2749.9505180527854,1.0,1.0
2026-03-22T21:10:07.745-705391-364714,968,false,16.207358957804168,2,2749.9505180527854,1.0,1.0
2026-03-22T21:10:07.745-705391-364714,963,true,4.354877783909594,2,2745.5956402688757,1.0,0.88
2026-03-22T21:10:07.745-705391-364714,448,false,14.581373135492257,2,2745.5956402688757,1.0,1.0
2026-03-22T21:10:07.745-705391-364714,260,false,2.0650448281447504,2,2745.5956402688757,1.0,1.0
2026-03-22T21:10:07.745-705391-364714,237,false,0.8128755751266646,2,2745.5956402688757,1.0,1.0
2026-03-22T21:10:07.745-705391-364714,272,false,0.3689128905940395,2,2745.5956402688757,1.0,1.0
2026-03-22T21:10:07.745-705391-364714,270,false,0.2898114030003131,2,2745.5956402688757,1.0,1.0
2026-03-22T21:10:07.745-705391-364714,495,false,17.13168272988117,2,2745.5956402688757,1.0,1.0
2026-03-22T21:10:07.745-705391-364714,90,false,184.1377391840587,2,2745.5956402688757,1.0,1.0
2026-03-22T21:10:07.745-705391-364714,415,false,2.1323820111586382,2,2745.5956402688757,1.0,1.0
2026-03-22T21:10:07.745-705391-364714,279,false,0.18526072235217642,2,2745.5956402688757,1.0,1.0
2026-03-22T21:10:07.745-705391-364714,509,false,1.8787134716078095,2,2745.5956402688757,1.0,1.0
2026-03-22T21:10:07.745-705391-364714,952,false,4.312026994102476,2,2745.5956402688757,1.0,1.0
2026-03-22T21:10:07.745-705391-364714,499,false,0.7650697545554068,2,2745.5956402688757,1.0,1.0
2026-03-22T21:10:07.745-705391-364714,482,false,25.11472811434918,2,2745.5956402688757,1.0,1.0
2026-03-22T21:10:07.745-705391-364714,546,false,2.4991772282140348,2,2745.5956402688757,1.0,1.0
2026-03-22T21:10:07.745-705391-364714,772,false,15.751052339899164,2,2745.5956402688757,1.0,1.0
2026-03-22T21:10:07.745-705391-364714,574,false,0.6367354613916949,2,2745.5956402688757,1.0,1.0
2026-03-22T21:10:07.745-705391-364714,648,false,89.55305032658376,2,2745.5956402688757,1.0,1.0
2026-03-22T21:10:07.745-705391-364714,810,false,0.01714237613336699,2,2745.5956402688757,1.0,1.0
2026-03-22T21:10:07.745-705391-364714,331,false,0.20708443366499946,2,2745.5956402688757,1.0,1.0
2026-03-22T21:10:07.745-705391-364714,974,false,2.3838322435756942,2,2745.5956402688757,1.0,1.0
2026-03-22T21:10:07.745-705391-364714,201,false,0.7850300058182592,2,2745.5956402688757,1.0,1.0
2026-03-22T21:10:07.745-705391-364714,181,false,567.7160090852877,2,2745.5956402688757,1.0,1.0
2026-03-22T21:10:07.745-705391-364714,775,false,0.22150495359748448,2,2745.5956402688757,1.0,1.0
2026-03-22T21:10:07.745-705391-364714,147,true,3.4066247741670526,2,2742.1890154947087,1.0,0.0
2026-03-22T21:10:07.745-705391-364714,17,true,2.1526570724308782,2,2740.0363584222778,1.0,0.725
2026-03-22T21:10:07.745-705391-364714,617,false,4.119711105454922,2,2740.0363584222778,1.0,1.0
2026-03-22T21:10:07.745-705391-364714,440,false,68.87811123463263,2,2740.0363584222778,1.0,1.0
2026-03-22T21:10:07.745-705391-364714,870,false,5.653952157935257,2,2740.0363584222778,1.0,1.0
2026-03-22T21:10:07.745-705391-364714,265,false,0.03096058810649929,2,2740.0363584222778,1.0,1.0
2026-03-22T21:10:07.745-705391-364714,66,false,2.1128981836384,2,2740.0363584222778,1.0,1.0
2026-03-22T21:10:07.745-705391-364714,423,false,0.4775685860575959,2,2740.0363584222778,1.0,1.0
2026-03-22T21:10:07.745-705391-364714,909,false,2.3498617800041024,2,2740.0363584222778,1.0,1.0
2026-03-22T21:10:07.745-705391-364714,594,false,0.07896096825631362,2,2740.0363584222778,1.0,1.0
2026-03-22T21:10:07.745-705391-364714,358,false,10.237154560045376,2,2740.0363584222778,1.0,1.0
2026-03-22T21:10:07.745-705391-364714,776,false,5.3252095319409465,2,2740.0363584222778,1.0,1.0
2026-03-22T21:10:07.745-705391-364714,407,true,2.925776136414453,2,2737.1105822858635,1.0,0.723
2026-03-22T21:10:07.745-705391-364714,916,false,4.897607324552943,2,2737.1105822858635,1.0,1.0
2026-03-22T21:10:07.745-705391-364714,32,false,1.188083941278349,2,2737.1105822858635,1.0,1.0
2026-03-22T21:10:07.745-705391-364714,40,false,3.7797845997214834,2,2737.1105822858635,1.0,1.0
2026-03-22T21:10:07.745-705391-364714,10,false,3.523976082622552,2,2737.1105822858635,1.0,1.0
2026-03-22T21:10:07.745-705391-364714,634,false,2.0603372291878745,2,2737.1105822858635,1.0,1.0
2026-03-22T21:10:07.745-705391-364714,847,false,0.5891477485878618,2,2737.1105822858635,1.0,1.0
2026-03-22T21:10:07.745-705391-364714,897,false,16.15133284645288,2,2737.1105822858635,1.0,1.0
2026-03-22T21:10:07.745-705391-364714,208,false,8.181052223617279,2,2737.1105822858635,1.0,1.0
2026-03-22T21:10:07.745-705391-364714,538,false,0.43282234878772324,2,2737.1105822858635,1.0,1.0
2026-03-22T21:10:07.745-705391-364714,350,false,1.5829671133067929,2,2737.1105822858635,1.0,1.0
2026-03-22T21:10:07.745-705391-364714,842,false,1.3701346151803964,2,2737.1105822858635,1.0,1.0
2026-03-22T21:10:07.745-705391-364714,790,false,0.40068496684155347,2,2737.1105822858635,1.0,1.0
2026-03-22T21:10:07.745-705391-364714,589,false,0.17421458643498902,2,2737.1105822858635,1.0,1.0
2026-03-22T21:10:07.745-705391-364714,585,false,0.4008496655351925,2,2737.1105822858635,1.0,1.0
2026-03-22T21:10:07.745-705391-364714,577,false,11.22177570363263,2,2737.1105822858635,1.0,1.0
2026-03-22T21:10:07.745-705391-364714,362,false,32.015273755784186,2,2737.1105822858635,1.0,1.0
2026-03-22T21:10:07.745-705391-364714,710,false,6.52095710935753,2,2737.1105822858635,1.0,1.0
2026-03-22T21:10:07.745-705391-364714,927,false,9.921809597094336,2,2737.1105822858635,1.0,1.0
2026-03-22T21:10:07.745-705391-364714,368,false,0.006424366577212016,2,2737.1105822858635,1.0,1.0
2026-03-22T21:10:07.745-705391-364714,234,false,47.154121862049614,2,2737.1105822858635,1.0,1.0
2026-03-22T21:10:07.745-705391-364714,146,true,0.4895034829540222,2,2736.6210788029093,1.0,0.02200000000000002
2026-03-22T21:10:07.745-705391-364714,377,false,4.58457273719442,2,2736.6210788029093,1.0,1.0
2026-03-22T21:10:07.745-705391-364714,233,false,20.837252138084033,2,2736.6210788029093,1.0,1.0
2026-03-22T21:10:07.745-705391-364714,791,false,6.144871100041226,2,2736.6210788029093,1.0,1.0
2026-03-22T21:10:07.745-705391-364714,591,false,0.13102763334498127,2,2736.6210788029093,1.0,1.0
2026-03-22T21:10:07.745-705391-364714,219,false,2.472488401879144,2,2736.6210788029093,1.0,1.0
2026-03-22T21:10:07.745-705391-364714,92,false,12.03429475257343,2,2736.6210788029093,1.0,1.0
2026-03-22T21:10:07.745-705391-364714,918,false,1.4122089845231178,2,2736.6210788029093,1.0,1.0
2026-03-22T21:10:07.745-705391-364714,308,false,8.871333663753033,2,2736.6210788029093,1.0,1.0
2026-03-22T21:10:07.745-705391-364714,108,false,5.906853219771336,2,2736.6210788029093,1.0,1.0
2026-03-22T21:10:07.745-705391-364714,341,false,3.0145183660915493,2,2736.6210788029093,1.0,1.0
2026-03-22T21:10:07.745-705391-364714,48,false,34.87029790447723,2,2736.6210788029093,1.0,1.0
2026-03-22T21:10:07.745-705391-364714,335,false,1.2865422292277733,2,2736.6210788029093,1.0,1.0
2026-03-22T21:10:07.745-705391-364714,688,false,0.12059079638521643,2,2736.6210788029093,1.0,1.0
2026-03-22T21:10:07.745-705391-364714,547,true,12.206271045826911,2,2724.4148077570826,1.0,0.698
2026-03-22T21:10:07.745-705391-364714,502,false,0.21910752417337406,2,2724.4148077570826,1.0,1.0
2026-03-22T21:10:07.745-705391-364714,668,false,3.3210121096341036,2,2724.4148077570826,1.0,1.0
2026-03-22T21:10:07.745-705391-364714,769,false,0.41693729046719424,2,2724.4148077570826,1.0,1.0
2026-03-22T21:10:07.745-705391-364714,149,true,8.677569394295245,2,2715.737238362787,1.0,0.0
2026-03-22T21:10:07.745-705391-364714,5,false,13.249334300001705,2,2715.737238362787,1.0,1.0
2026-03-22T21:10:07.745-705391-364714,926,true,2.0375098126047217,2,2713.6997285501825,1.0,0.944
2026-03-22T21:10:07.745-705391-364714,161,true,1.6987202713943255,2,2712.001008278788,1.0,0.0
2026-03-22T21:10:07.745-705391-364714,155,true,26.80824220995783,2,2685.19276606883,1.0,0.0
2026-03-22T21:10:07.745-705391-364714,353,false,7.283520197008556,2,2685.19276606883,1.0,1.0
2026-03-22T21:10:07.745-705391-364714,558,false,3.6285838386195386,2,2685.19276606883,1.0,1.0
2026-03-22T21:10:07.745-705391-364714,185,false,19.355647167142884,2,2685.19276606883,1.0,1.0
2026-03-22T21:10:07.745-705391-364714,488,false,0.014801557030331295,2,2685.19276606883,1.0,1.0
2026-03-22T21:10:07.745-705391-364714,144,true,4.555208240196926,2,2680.6375578286334,1.0,0.0020000000000000018
2026-03-22T21:10:07.745-705391-364714,755,false,143.17145650812623,2,2680.6375578286334,1.0,1.0
2026-03-22T21:10:07.745-705391-364714,349,false,1.8875848167168152,2,2680.6375578286334,1.0,1.0
2026-03-22T21:10:07.745-705391-364714,344,false,0.6494037991583756,2,2680.6375578286334,1.0,1.0
2026-03-22T21:10:07.745-705391-364714,75,false,17.99772817391174,2,2680.6375578286334,1.0,1.0
2026-03-22T21:10:07.745-705391-364714,442,false,1.7332848364845632,2,2680.6375578286334,1.0,1.0
2026-03-22T21:10:07.745-705391-364714,514,false,0.1315036921861316,2,2680.6375578286334,1.0,1.0
2026-03-22T21:10:07.745-705391-364714,685,false,5.6780470117530495,2,2680.6375578286334,1.0,1.0
2026-03-22T21:10:07.745-705391-364714,224,false,256.4639769962439,2,2680.6375578286334,1.0,1.0
2026-03-22T21:10:07.745-705391-364714,130,false,0.48509957502778833,2,2680.6375578286334,1.0,1.0
2026-03-22T21:10:07.745-705391-364714,287,false,20.145018424045006,2,2680.6375578286334,1.0,1.0
2026-03-22T21:10:07.745-705391-364714,646,false,2.6130983485347286,2,2680.6375578286334,1.0,1.0
2026-03-22T21:10:07.745-705391-364714,613,false,0.4187054237347065,2,2680.6375578286334,1.0,1.0
2026-03-22T21:10:07.745-705391-364714,195,false,105.57849673604775,2,2680.6375578286334,1.0,1.0
2026-03-22T21:10:07.745-705391-364714,196,false,21.865492173916795,2,2680.6375578286334,1.0,1.0
2026-03-22T21:10:07.745-705391-364714,76,false,1.7601237816454862,2,2680.6375578286334,1.0,1.0
2026-03-22T21:10:07.745-705391-364714,714,false,1.4594065456632375,2,2680.6375578286334,1.0,1.0
2026-03-22T21:10:07.745-705391-364714,516,false,6.730911073452621,2,2680.6375578286334,1.0,1.0
2026-03-22T21:10:07.745-705391-364714,796,false,0.14425121093447607,2,2680.6375578286334,1.0,1.0
2026-03-22T21:10:07.745-705391-364714,983,false,0.25346212988914496,2,2680.6375578286334,1.0,1.0
2026-03-22T21:10:07.745-705391-364714,619,false,3.466401472818745,2,2680.6375578286334,1.0,1.0
2026-03-22T21:10:07.745-705391-364714,740,true,0.5344293216757185,2,2680.1031285069575,1.0,0.0
2026-03-22T21:10:07.745-705391-364714,808,false,6.275885636469353,2,2680.1031285069575,1.0,1.0
2026-03-22T21:10:07.745-705391-364714,631,false,28.135006672496257,2,2680.1031285069575,1.0,1.0
2026-03-22T21:10:07.745-705391-364714,867,false,0.6958012497066478,2,2680.1031285069575,1.0,1.0
2026-03-22T21:10:07.745-705391-364714,762,false,22.65084432815142,2,2680.1031285069575,1.0,1.0
2026-03-22T21:10:07.745-705391-364714,805,false,0.4263283779697809,2,2680.1031285069575,1.0,1.0
2026-03-22T21:10:07.745-705391-364714,838,false,10.811852478263996,2,2680.1031285069575,1.0,1.0
2026-03-22T21:10:07.745-705391-364714,706,false,0.13542930680693874,2,2680.1031285069575,1.0,1.0
2026-03-22T21:10:07.745-705391-364714,846,false,9.114187904343478,2,2680.1031285069575,1.0,1.0
2026-03-22T21:10:07.745-705391-364714,542,false,0.7049888368341347,2,2680.1031285069575,1.0,1.0
2026-03-22T21:10:07.745-705391-364714,679,false,16.11957361686336,2,2680.1031285069575,1.0,1.0
2026-03-22T21:10:07.745-705391-364714,650,false,0.548496026253707,2,2680.1031285069575,1.0,1.0
2026-03-22T21:10:07.745-705391-364714,118,false,471.9017799293622,2,2680.1031285069575,1.0,1.0
2026-03-22T21:10:07.745-705391-364714,14,true,1.8715083349030166,2,2678.2316201720546,1.0,0.726
2026-03-22T21:10:07.745-705391-364714,940,false,6.167339407809117,2,2678.2316201720546,1.0,1.0
2026-03-22T21:10:07.745-705391-364714,113,false,0.9338496369385243,2,2678.2316201720546,1.0,1.0
2026-03-22T21:10:07.745-705391-364714,310,false,0.24180882969340634,2,2678.2316201720546,1.0,1.0
2026-03-22T21:10:07.745-705391-364714,946,false,0.48181432992205775,2,2678.2316201720546,1.0,1.0
2026-03-22T21:10:07.745-705391-364714,513,false,0.2819754383086005,2,2678.2316201720546,1.0,1.0
2026-03-22T21:10:07.745-705391-364714,309,false,9.29444427947593,2,2678.2316201720546,1.0,1.0
2026-03-22T21:10:07.745-705391-364714,408,true,0.8874417940964936,2,2677.344178377958,1.0,0.719
2026-03-22T21:10:07.745-705391-364714,443,false,1.7801782771867347,2,2677.344178377958,1.0,1.0
2026-03-22T21:10:07.745-705391-364714,102,false,3.517447393317081,2,2677.344178377958,1.0,1.0
2026-03-22T21:10:07.745-705391-364714,771,false,3.3252845588224904,2,2677.344178377958,1.0,1.0
2026-03-22T21:10:07.745-705391-364714,943,false,224.5394395769499,2,2677.344178377958,1.0,1.0
2026-03-22T21:10:07.745-705391-364714,857,false,6.983359527647262,2,2677.344178377958,1.0,1.0
2026-03-22T21:10:07.745-705391-364714,471,true,1.3691570674559248,2,2675.975021310502,1.0,0.0
2026-03-22T21:10:07.745-705391-364714,84,false,12.67755175768424,2,2675.975021310502,1.0,1.0
2026-03-22T21:10:07.745-705391-364714,665,false,3.1933618843393714,2,2675.975021310502,1.0,1.0
2026-03-22T21:10:07.745-705391-364714,508,false,3.318574239046523,2,2675.975021310502,1.0,1.0
2026-03-22T21:10:07.745-705391-364714,697,false,2.709862345215616,2,2675.975021310502,1.0,1.0
2026-03-22T21:10:07.745-705391-364714,947,false,0.36001572880737104,2,2675.975021310502,1.0,1.0
2026-03-22T21:10:07.745-705391-364714,809,false,0.6501838074642188,2,2675.975021310502,1.0,1.0
2026-03-22T21:10:07.745-705391-364714,789,false,1.0876706399673974,2,2675.975021310502,1.0,1.0
2026-03-22T21:10:07.745-705391-364714,752,false,0.49981598590001036,2,2675.975021310502,1.0,1.0
2026-03-22T21:10:07.745-705391-364714,529,false,143.69206817981973,2,2675.975021310502,1.0,1.0
2026-03-22T21:10:07.745-705391-364714,436,false,3.655807324511779,2,2675.975021310502,1.0,1.0
2026-03-22T21:10:07.745-705391-364714,855,false,8.255640940477324,2,2675.975021310502,1.0,1.0
2026-03-22T21:10:07.745-705391-364714,116,false,411.5006961473316,2,2675.975021310502,1.0,1.0
2026-03-22T21:10:07.745-705391-364714,248,false,22.624988306780395,2,2675.975021310502,1.0,1.0
2026-03-22T21:10:07.745-705391-364714,214,false,3.8876948796416233,2,2675.975021310502,1.0,1.0
2026-03-22T21:10:07.745-705391-364714,864,false,0.32418553911402415,2,2675.975021310502,1.0,1.0
2026-03-22T21:10:07.745-705391-364714,684,false,17.894671196165806,2,2675.975021310502,1.0,1.0
2026-03-22T21:10:07.745-705391-364714,862,false,2.8262992524076833,2,2675.975021310502,1.0,1.0
2026-03-22T21:10:07.745-705391-364714,160,true,0.5135469057890681,2,2675.461474404713,1.0,0.0
2026-03-22T21:10:07.745-705391-364714,723,true,2.0036442658466385,2,2673.4578301388665,1.0,0.0
2026-03-22T21:10:07.745-705391-364714,188,false,132.810363768449,2,2673.4578301388665,1.0,1.0
2026-03-22T21:10:07.745-705391-364714,458,true,8.003880760172933,2,2665.4539493786933,1.0,0.0
2026-03-22T21:10:07.745-705391-364714,620,false,21.167221537717264,2,2665.4539493786933,1.0,1.0
2026-03-22T21:10:07.745-705391-364714,364,false,0.8858721986548278,2,2665.4539493786933,1.0,1.0
2026-03-22T21:10:07.745-705391-364714,131,false,0.20565985736106016,2,2665.4539493786933,1.0,1.0
2026-03-22T21:10:07.745-705391-364714,256,false,3.2125988798050074,2,2665.4539493786933,1.0,1.0
2026-03-22T21:10:07.745-705391-364714,672,false,1.361992601860068,2,2665.4539493786933,1.0,1.0
2026-03-22T21:10:07.745-705391-364714,245,false,6.325632199108378,2,2665.4539493786933,1.0,1.0
2026-03-22T21:10:07.745-705391-364714,110,false,0.330806743424727,2,2665.4539493786933,1.0,1.0
2026-03-22T21:10:07.745-705391-364714,629,false,4.6189916118201415,2,2665.4539493786933,1.0,1.0
2026-03-22T21:10:07.745-705391-364714,625,false,7.753171669860294,2,2665.4539493786933,1.0,1.0
2026-03-22T21:10:07.745-705391-364714,970,false,0.8995120846238864,2,2665.4539493786933,1.0,1.0
2026-03-22T21:10:07.745-705391-364714,593,false,6.686030522616271,2,2665.4539493786933,1.0,1.0
2026-03-22T21:10:07.745-705391-364714,376,false,0.058011716858659974,2,2665.4539493786933,1.0,1.0
2026-03-22T21:10:07.745-705391-364714,22,true,6.226169522227589,2,2659.2277798564655,1.0,0.719
2026-03-22T21:10:07.745-705391-364714,469,false,0.1383380775879653,2,2659.2277798564655,1.0,1.0
2026-03-22T21:10:07.745-705391-364714,16,true,32.48146661342596,2,2626.7463132430394,1.0,0.0010000000000000009
2026-03-22T21:10:07.745-705391-364714,486,false,10.515150925694332,2,2626.7463132430394,1.0,1.0
2026-03-22T21:10:07.745-705391-364714,312,true,11.861556838198577,2,2614.8847564048406,1.0,0.9390000000000001
2026-03-22T21:10:07.745-705391-364714,521,false,29.352322732565508,2,2614.8847564048406,1.0,1.0
2026-03-22T21:10:07.745-705391-364714,644,false,3.5750863792980745,2,2614.8847564048406,1.0,1.0
2026-03-22T21:10:07.745-705391-364714,207,false,35.15727797700483,2,2614.8847564048406,1.0,1.0
2026-03-22T21:10:07.745-705391-364714,126,false,2.761907801871941,2,2614.8847564048406,1.0,1.0
2026-03-22T21:10:07.745-705391-364714,212,false,0.5312440467708707,2,2614.8847564048406,1.0,1.0
2026-03-22T21:10:07.745-705391-364714,393,true,19.738236603675894,2,2595.1465198011647,1.0,0.0
2026-03-22T21:10:07.745-705391-364714,52,false,6.007900734023112,2,2595.1465198011647,1.0,1.0
2026-03-22T21:10:07.745-705391-364714,965,true,805.7415040923354,2,1789.4050157088293,1.0,0.671
2026-03-22T21:10:07.745-705391-364714,142,true,7.534283353306548,2,1781.8707323555227,1.0,0.721
2026-03-22T21:10:07.745-705391-364714,829,false,8.844427921433748,2,1781.8707323555227,1.0,1.0
2026-03-22T21:10:07.745-705391-364714,444,false,0.1571131779473026,2,1781.8707323555227,1.0,1.0
2026-03-22T21:10:07.745-705391-364714,539,false,10.32152490600892,2,1781.8707323555227,1.0,1.0
2026-03-22T21:10:07.745-705391-364714,157,true,6.945173575160431,2,1774.9255587803623,1.0,0.0
2026-03-22T21:10:07.745-705391-364714,69,false,0.2435435076011594,2,1774.9255587803623,1.0,1.0
2026-03-22T21:10:07.745-705391-364714,936,false,0.3029364839926084,2,1774.9255587803623,1.0,1.0
2026-03-22T21:10:07.745-705391-364714,387,false,5.789493444050574,2,1774.9255587803623,1.0,1.0
2026-03-22T21:10:07.745-705391-364714,225,false,0.11018060862122957,2,1774.9255587803623,1.0,1.0
2026-03-22T21:10:07.745-705391-364714,166,true,1.069076404543371,2,1773.8564823758188,1.0,0.0
2026-03-22T21:10:07.745-705391-364714,206,false,0.8772221888712277,2,1773.8564823758188,1.0,1.0
2026-03-22T21:10:07.745-705391-364714,956,false,132.95042693984726,2,1773.8564823758188,1.0,1.0
2026-03-22T21:10:07.745-705391-364714,831,false,2.719242561463027,2,1773.8564823758188,1.0,1.0
2026-03-22T21:10:07.745-705391-364714,878,false,0.38618886459508694,2,1773.8564823758188,1.0,1.0
2026-03-22T21:10:07.745-705391-364714,261,false,203.8397960736547,2,1773.8564823758188,1.0,1.0
2026-03-22T21:10:07.745-705391-364714,223,false,14.794652988947151,2,1773.8564823758188,1.0,1.0
2026-03-22T21:10:07.745-705391-364714,932,false,3.6186471190991196,2,1773.8564823758188,1.0,1.0
2026-03-22T21:10:07.745-705391-364714,315,true,2.8424137126354725,2,1771.0140686631833,1.0,0.734
2026-03-22T21:10:07.745-705391-364714,573,false,0.7674247868641857,2,1771.0140686631833,1.0,1.0
2026-03-22T21:10:07.745-705391-364714,89,true,96.28128504029111,2,1674.7327836228922,1.0,0.851
2026-03-22T21:10:07.745-705391-364714,263,false,9.217302847751737,2,1674.7327836228922,1.0,1.0
2026-03-22T21:10:07.745-705391-364714,655,false,68.3038607033267,2,1674.7327836228922,1.0,1.0
2026-03-22T21:10:07.745-705391-364714,844,false,5.040749897462861,2,1674.7327836228922,1.0,1.0
2026-03-22T21:10:07.745-705391-364714,971,false,1.0963477848874958,2,1674.7327836228922,1.0,1.0
2026-03-22T21:10:07.745-705391-364714,911,true,5.7626864485151215,2,1668.970097174377,1.0,0.938
2026-03-22T21:10:07.745-705391-364714,773,false,0.37150451081786506,2,1668.970097174377,1.0,1.0
2026-03-22T21:10:07.745-705391-364714,578,false,17.829567919586474,2,1668.970097174377,1.0,1.0
2026-03-22T21:10:07.745-705391-364714,176,false,7.549436655045313,2,1668.970097174377,1.0,1.0
2026-03-22T21:10:07.745-705391-364714,713,false,0.9447568803076356,2,1668.970097174377,1.0,1.0
2026-03-22T21:10:07.745-705391-364714,82,false,0.298340145381416,2,1668.970097174377,1.0,1.0
2026-03-22T21:10:07.745-705391-364714,747,true,3.9362072176366754,2,1665.0338899567405,1.0,0.719
2026-03-22T21:10:07.745-705391-364714,71,false,13.999990942590236,2,1665.0338899567405,1.0,1.0
2026-03-22T21:10:07.745-705391-364714,3,false,6.930616170909713,2,1665.0338899567405,1.0,1.0
2026-03-22T21:10:07.745-705391-364714,343,false,3.262891709520272,2,1665.0338899567405,1.0,1.0
2026-03-22T21:10:07.745-705391-364714,44,false,21.266444410910804,2,1665.0338899567405,1.0,1.0
2026-03-22T21:10:07.745-705391-364714,2,false,4.929503358732801,2,1665.0338899567405,1.0,1.0
2026-03-22T21:10:07.745-705391-364714,682,false,0.7427444237778825,2,1665.0338899567405,1.0,1.0
2026-03-22T21:10:07.745-705391-364714,995,false,4.295192967396788,2,1665.0338899567405,1.0,1.0
2026-03-22T21:10:07.745-705391-364714,571,false,65.82362662507163,2,1665.0338899567405,1.0,1.0
2026-03-22T21:10:07.745-705391-364714,785,false,11.260039734350967,2,1665.0338899567405,1.0,1.0
2026-03-22T21:10:07.745-705391-364714,945,false,0.8020789100721744,2,1665.0338899567405,1.0,1.0
2026-03-22T21:10:07.745-705391-364714,692,false,0.9318645408584387,2,1665.0338899567405,1.0,1.0
2026-03-22T21:10:07.745-705391-364714,340,false,34.14583584571487,2,1665.0338899567405,1.0,1.0
2026-03-22T21:10:07.745-705391-364714,217,false,0.3110879525521728,2,1665.0338899567405,1.0,1.0
2026-03-22T21:10:07.745-705391-364714,383,false,3.742404683416628,2,1665.0338899567405,1.0,1.0
2026-03-22T21:10:07.745-705391-364714,337,false,1.4662923792693878,2,1665.0338899567405,1.0,1.0
2026-03-22T21:10:07.745-705391-364714,906,true,2.5605554101314416,2,1662.473334546609,1.0,0.716
2026-03-22T21:10:07.745-705391-364714,397,false,0.1298169336604557,2,1662.473334546609,1.0,1.0
2026-03-22T21:10:07.745-705391-364714,828,false,0.26403062674986444,2,1662.473334546609,1.0,1.0
2026-03-22T21:10:07.745-705391-364714,306,false,0.5762835157218456,2,1662.473334546609,1.0,1.0
2026-03-22T21:10:07.745-705391-364714,485,false,1.2783922303249202,2,1662.473334546609,1.0,1.0
2026-03-22T21:10:07.745-705391-364714,460,true,2.4553073831541,2,1660.018027163455,1.0,0.0
2026-03-22T21:10:07.745-705391-364714,165,true,3.7281365410284146,2,1656.2898906224266,1.0,0.0
2026-03-22T21:10:07.745-705391-364714,305,false,2.9258512149568032,2,1656.2898906224266,1.0,1.0
2026-03-22T21:10:07.745-705391-364714,434,false,4.507604693979131,2,1656.2898906224266,1.0,1.0
2026-03-22T21:10:07.745-705391-364714,933,false,11.460617729981312,2,1656.2898906224266,1.0,1.0
2026-03-22T21:10:07.745-705391-364714,352,false,1.6796278648784049,2,1656.2898906224266,1.0,1.0
2026-03-22T21:10:07.745-705391-364714,390,true,60.33843311195316,2,1595.9514575104733,1.0,0.0
2026-03-22T21:10:07.745-705391-364714,437,false,8.087329655718854,2,1595.9514575104733,1.0,1.0
2026-03-22T21:10:07.745-705391-364714,605,false,0.07902748435278523,2,1595.9514575104733,1.0,1.0
2026-03-22T21:10:07.745-705391-364714,28,false,0.06684698676473981,2,1595.9514575104733,1.0,1.0
2026-03-22T21:10:07.745-705391-364714,406,false,0.10923884099556513,2,1595.9514575104733,1.0,1.0
2026-03-22T21:10:07.745-705391-364714,817,false,0.2891691968241543,2,1595.9514575104733,1.0,1.0
2026-03-22T21:10:07.745-705391-364714,626,false,26.493913200383716,2,1595.9514575104733,1.0,1.0
2026-03-22T21:10:07.745-705391-364714,489,false,0.011265530765529627,2,1595.9514575104733,1.0,1.0
2026-03-22T21:10:07.745-705391-364714,896,false,2.8595553171017096,2,1595.9514575104733,1.0,1.0
2026-03-22T21:10:07.745-705391-364714,291,false,29.49733093406343,2,1595.9514575104733,1.0,1.0
2026-03-22T21:10:07.745-705391-364714,133,false,47.73140704842661,2,1595.9514575104733,1.0,1.0
2026-03-22T21:10:07.745-705391-364714,652,false,42.872804421347695,2,1595.9514575104733,1.0,1.0
2026-03-22T21:10:07.745-705391-364714,426,false,0.8535671304764344,2,1595.9514575104733,1.0,1.0
2026-03-22T21:10:07.745-705391-364714,905,true,0.7649355100544734,2,1595.1865220004188,1.0,0.0010000000000000009
2026-03-22T21:10:07.745-705391-364714,198,false,18.171937821700876,2,1595.1865220004188,1.0,1.0
2026-03-22T21:10:07.745-705391-364714,369,false,1.1518401759583907,2,1595.1865220004188,1.0,1.0
2026-03-22T21:10:07.745-705391-364714,93,false,8.481740244205344,2,1595.1865220004188,1.0,1.0
2026-03-22T21:10:07.745-705391-364714,135,false,0.32390122685375367,2,1595.1865220004188,1.0,1.0
2026-03-22T21:10:07.745-705391-364714,612,false,2.2819867956964317,2,1595.1865220004188,1.0,1.0
2026-03-22T21:10:07.745-705391-364714,418,false,0.5309409741501743,2,1595.1865220004188,1.0,1.0
2026-03-22T21:10:07.745-705391-364714,119,false,2.2933242457883707,2,1595.1865220004188,1.0,1.0
2026-03-22T21:10:07.745-705391-364714,523,false,1.8624626272046443,2,1595.1865220004188,1.0,1.0
2026-03-22T21:10:07.745-705391-364714,778,false,284.7273320323958,2,1595.1865220004188,1.0,1.0
2026-03-22T21:10:07.745-705391-364714,798,false,3.62356904311635,2,1595.1865220004188,1.0,1.0
2026-03-22T21:10:07.745-705391-364714,948,false,3.393961741592155,2,1595.1865220004188,1.0,1.0
2026-03-22T21:10:07.745-705391-364714,317,true,1.275749966264462,2,1593.9107720341544,1.0,0.738
2026-03-22T21:10:07.745-705391-364714,826,false,9.030593792158262,2,1593.9107720341544,1.0,1.0
2026-03-22T21:10:07.745-705391-364714,230,false,6.766813575508707,2,1593.9107720341544,1.0,1.0
2026-03-22T21:10:07.745-705391-364714,922,false,4.242163837066739,2,1593.9107720341544,1.0,1.0
2026-03-22T21:10:07.745-705391-364714,583,true,1.2958025505615192,2,1592.6149694835929,1.0,0.823
2026-03-22T21:10:07.745-705391-364714,229,false,7.402856856739421,2,1592.6149694835929,1.0,1.0
2026-03-22T21:10:07.745-705391-364714,756,false,10.00134994246106,2,1592.6149694835929,1.0,1.0
2026-03-22T21:10:07.745-705391-364714,58,false,2.4121201769168326,2,1592.6149694835929,1.0,1.0
2026-03-22T21:10:07.745-705391-364714,649,false,23.48602079670801,2,1592.6149694835929,1.0,1.0
2026-03-22T21:10:07.745-705391-364714,153,true,0.8649166394318472,2,1591.750052844161,1.0,0.0
2026-03-22T21:10:07.745-705391-364714,830,false,0.07993994733999629,2,1591.750052844161,1.0,1.0
2026-03-22T21:10:07.745-705391-364714,26,false,0.18216613873850845,2,1591.750052844161,1.0,1.0
2026-03-22T21:10:07.745-705391-364714,718,false,0.7736593341552855,2,1591.750052844161,1.0,1.0
2026-03-22T21:10:07.745-705391-364714,447,false,2.284494438978894,2,1591.750052844161,1.0,1.0
2026-03-22T21:10:07.745-705391-364714,27,false,0.3155600544546705,2,1591.750052844161,1.0,1.0
2026-03-22T21:10:07.745-705391-364714,45,false,38.47361568059578,2,1591.750052844161,1.0,1.0
2026-03-22T21:10:07.745-705391-364714,986,false,0.15052926517728732,2,1591.750052844161,1.0,1.0
2026-03-22T21:10:07.745-705391-364714,99,false,13.984741621128249,2,1591.750052844161,1.0,1.0
2026-03-22T21:10:07.745-705391-364714,532,false,45.366876572871206,2,1591.750052844161,1.0,1.0
2026-03-22T21:10:07.745-705391-364714,57,false,2.045538524482918,2,1591.750052844161,1.0,1.0
2026-03-22T21:10:07.745-705391-364714,297,false,2.2917102201743367,2,1591.750052844161,1.0,1.0
2026-03-22T21:10:07.745-705391-364714,958,false,1.5089648299279248,2,1591.750052844161,1.0,1.0
2026-03-22T21:10:07.745-705391-364714,988,false,2.5429979150945794,2,1591.750052844161,1.0,1.0
2026-03-22T21:10:07.745-705391-364714,719,false,2.79545727329066,2,1591.750052844161,1.0,1.0
2026-03-22T21:10:07.745-705391-364714,173,false,0.7181792522544402,2,1591.750052844161,1.0,1.0
2026-03-22T21:10:07.745-705391-364714,30,false,11.727948654106642,2,1591.750052844161,1.0,1.0
2026-03-22T21:10:07.745-705391-364714,262,false,19.309723574636372,2,1591.750052844161,1.0,1.0
2026-03-22T21:10:07.745-705391-364714,424,false,0.25739216766247125,2,1591.750052844161,1.0,1.0
2026-03-22T21:10:07.745-705391-364714,414,false,0.6494158637702558,2,1591.750052844161,1.0,1.0
2026-03-22T21:10:07.745-705391-364714,603,false,11.331870469411653,2,1591.750052844161,1.0,1.0
2026-03-22T21:10:07.745-705391-364714,321,false,77.82891836054681,2,1591.750052844161,1.0,1.0
2026-03-22T21:10:07.745-705391-364714,815,false,1.2344718878176635,2,1591.750052844161,1.0,1.0
2026-03-22T21:10:07.745-705391-364714,419,false,26.787555185252195,2,1591.750052844161,1.0,1.0
2026-03-22T21:10:07.745-705391-364714,779,false,24.033646154706563,2,1591.750052844161,1.0,1.0
2026-03-22T21:10:07.745-705391-364714,167,true,0.24342499043637503,2,1591.5066278537247,1.0,0.0
2026-03-22T21:10:07.745-705391-364714,705,false,29.140929599954855,2,1591.5066278537247,1.0,1.0
2026-03-22T21:10:07.745-705391-364714,662,false,68.29993060218092,2,1591.5066278537247,1.0,1.0
2026-03-22T21:10:07.745-705391-364714,964,true,0.44123899728534366,2,1591.0653888564393,1.0,0.0
2026-03-22T21:10:07.745-705391-364714,286,false,20.776602574214632,2,1591.0653888564393,1.0,1.0
2026-03-22T21:10:07.745-705391-364714,281,false,0.043280243392969354,2,1591.0653888564393,1.0,1.0
2026-03-22T21:10:07.745-705391-364714,627,false,271.39250505235685,2,1591.0653888564393,1.0,1.0
2026-03-22T21:10:07.745-705391-364714,657,false,0.08765577252369557,2,1591.0653888564393,1.0,1.0
2026-03-22T21:10:07.745-705391-364714,814,false,1.9055849978599186,2,1591.0653888564393,1.0,1.0
2026-03-22T21:10:07.745-705391-364714,702,false,56.73102836941645,2,1591.0653888564393,1.0,1.0
2026-03-22T21:10:07.745-705391-364714,997,false,0.8314983865048666,2,1591.0653888564393,1.0,1.0
2026-03-22T21:10:07.745-705391-364714,86,true,0.9778212248248047,2,1590.0875676316145,1.0,0.6970000000000001
2026-03-22T21:10:07.745-705391-364714,635,false,0.431077909853368,2,1590.0875676316145,1.0,1.0
2026-03-22T21:10:07.745-705391-364714,807,true,1.5595806387531481,2,1588.5279869928613,1.0,0.10199999999999998
2026-03-22T21:10:07.745-705391-364714,169,false,0.12228997530358464,2,1588.5279869928613,1.0,1.0
2026-03-22T21:10:07.745-705391-364714,595,false,2.123610933794825,2,1588.5279869928613,1.0,1.0
2026-03-22T21:10:07.745-705391-364714,37,false,3.7710278259098526,2,1588.5279869928613,1.0,1.0
2026-03-22T21:10:07.745-705391-364714,543,false,3.868876328166667,2,1588.5279869928613,1.0,1.0
2026-03-22T21:10:07.745-705391-364714,35,false,13.95902538344086,2,1588.5279869928613,1.0,1.0
2026-03-22T21:10:07.745-705391-364714,295,false,0.2531116784691171,2,1588.5279869928613,1.0,1.0
2026-03-22T21:10:07.745-705391-364714,633,false,6.003765458193208,2,1588.5279869928613,1.0,1.0
2026-03-22T21:10:07.745-705391-364714,670,false,2.1221174449037266,2,1588.5279869928613,1.0,1.0
2026-03-22T21:10:07.745-705391-364714,21,true,13.869764927513152,2,1574.6582220653481,1.0,0.0
2026-03-22T21:10:07.745-705391-364714,105,false,24.02858970637838,2,1574.6582220653481,1.0,1.0
2026-03-22T21:10:07.745-705391-364714,103,false,6.981699054519706,2,1574.6582220653481,1.0,1.0
2026-03-22T21:10:07.745-705391-364714,171,true,0.4560419406911837,2,1574.202180124657,1.0,0.6950000000000001
2026-03-22T21:10:07.745-705391-364714,746,true,3.2035676406156144,2,1570.9986124840414,1.0,0.0
2026-03-22T21:10:07.745-705391-364714,949,false,0.07600120789018865,2,1570.9986124840414,1.0,1.0
2026-03-22T21:10:07.745-705391-364714,858,false,16.67220529443344,2,1570.9986124840414,1.0,1.0
2026-03-22T21:10:07.745-705391-364714,935,false,31.243659086032327,2,1570.9986124840414,1.0,1.0
2026-03-22T21:10:07.745-705391-364714,793,false,4.043067272197129,2,1570.9986124840414,1.0,1.0
2026-03-22T21:10:07.745-705391-364714,319,true,3.6636899049077454,2,1567.3349225791337,1.0,0.7030000000000001
2026-03-22T21:10:07.745-705391-364714,179,false,1.3887444873454018,2,1567.3349225791337,1.0,1.0
2026-03-22T21:10:07.745-705391-364714,803,false,2.0893216216558934,2,1567.3349225791337,1.0,1.0
2026-03-22T21:10:07.745-705391-364714,483,false,0.8073945817463656,2,1567.3349225791337,1.0,1.0
2026-03-22T21:10:07.745-705391-364714,371,false,0.3212291890628636,2,1567.3349225791337,1.0,1.0
2026-03-22T21:10:07.745-705391-364714,298,false,56.44318263337562,2,1567.3349225791337,1.0,1.0
2026-03-22T21:10:07.745-705391-364714,143,true,4.067525296804368,2,1563.2673972823293,1.0,0.0
2026-03-22T21:10:07.745-705391-364714,202,false,2.5614687797113977,2,1563.2673972823293,1.0,1.0
2026-03-22T21:10:07.745-705391-364714,561,false,2.4362303688056777,2,1563.2673972823293,1.0,1.0
2026-03-22T21:10:07.745-705391-364714,190,false,45.442263233716695,2,1563.2673972823293,1.0,1.0
2026-03-22T21:10:07.745-705391-364714,6,false,16.34352531768148,2,1563.2673972823293,1.0,1.0
2026-03-22T21:10:07.745-705391-364714,111,false,16.127333724619625,2,1563.2673972823293,1.0,1.0
2026-03-22T21:10:07.745-705391-364714,64,false,0.4555066634464707,2,1563.2673972823293,1.0,1.0
2026-03-22T21:10:07.745-705391-364714,967,true,8.935583025747338,2,1554.331814256582,1.0,0.0
2026-03-22T21:10:07.745-705391-364714,522,false,13.858078665621129,2,1554.331814256582,1.0,1.0
2026-03-22T21:10:07.745-705391-364714,890,false,0.33303708334343596,2,1554.331814256582,1.0,1.0
2026-03-22T21:10:07.745-705391-364714,345,false,1.1298671558485713,2,1554.331814256582,1.0,1.0
2026-03-22T21:10:07.745-705391-364714,106,false,15.531758371419942,2,1554.331814256582,1.0,1.0
2026-03-22T21:10:07.745-705391-364714,660,false,4.6716143367655265,2,1554.331814256582,1.0,1.0
2026-03-22T21:10:07.745-705391-364714,420,false,0.15083740733717882,2,1554.331814256582,1.0,1.0
2026-03-22T21:10:07.745-705391-364714,984,false,0.571329801408348,2,1554.331814256582,1.0,1.0
2026-03-22T21:10:07.745-705391-364714,83,true,3.5200961696859205,2,1550.811718086896,1.0,0.732
2026-03-22T21:10:07.745-705391-364714,425,false,3.1770473798994097,2,1550.811718086896,1.0,1.0
2026-03-22T21:10:07.745-705391-364714,972,false,2.278280159214959,2,1550.811718086896,1.0,1.0
2026-03-22T21:10:07.745-705391-364714,519,false,0.025995074236575558,2,1550.811718086896,1.0,1.0
2026-03-22T21:10:07.745-705391-364714,453,false,0.1737340820165882,2,1550.811718086896,1.0,1.0
2026-03-22T21:10:07.745-705391-364714,586,false,0.16514595776901908,2,1550.811718086896,1.0,1.0
2026-03-22T21:10:07.745-705391-364714,302,false,1.5680561333695509,2,1550.811718086896,1.0,1.0
2026-03-22T21:10:07.745-705391-364714,267,false,3.639532011257398,2,1550.811718086896,1.0,1.0
2026-03-22T21:10:07.745-705391-364714,914,true,0.889142696598138,2,1549.9225753902979,1.0,0.745
2026-03-22T21:10:07.745-705391-364714,880,false,5.114928076067367,2,1549.9225753902979,1.0,1.0
2026-03-22T21:10:07.745-705391-364714,189,false,0.3851920614042378,2,1549.9225753902979,1.0,1.0
2026-03-22T21:10:07.745-705391-364714,671,false,10.013272910881788,2,1549.9225753902979,1.0,1.0
2026-03-22T21:10:07.745-705391-364714,957,false,0.6142416188022196,2,1549.9225753902979,1.0,1.0
2026-03-22T21:10:07.745-705391-364714,209,false,2.9444584686299535,2,1549.9225753902979,1.0,1.0
2026-03-22T21:10:07.745-705391-364714,95,false,1.1592071685792267,2,1549.9225753902979,1.0,1.0
2026-03-22T21:10:07.745-705391-364714,541,false,0.12068483055945409,2,1549.9225753902979,1.0,1.0
2026-03-22T21:10:07.745-705391-364714,720,true,0.8613957798906664,2,1549.0611796104072,1.0,0.698
2026-03-22T21:10:07.745-705391-364714,677,false,34.13270641472483,2,1549.0611796104072,1.0,1.0
2026-03-22T21:10:07.745-705391-364714,85,true,0.708638679337331,2,1548.3525409310698,1.0,0.0020000000000000018
2026-03-22T21:10:07.745-705391-364714,100,false,1.1822412781999974,2,1548.3525409310698,1.0,1.0
2026-03-22T21:10:07.745-705391-364714,385,false,3.2027893987886653,2,1548.3525409310698,1.0,1.0
2026-03-22T21:10:07.745-705391-364714,370,false,0.455275066291987,2,1548.3525409310698,1.0,1.0
2026-03-22T21:10:07.745-705391-364714,438,false,16.156112085660883,2,1548.3525409310698,1.0,1.0
2026-03-22T21:10:07.745-705391-364714,134,false,145.4875896884481,2,1548.3525409310698,1.0,1.0
2026-03-22T21:10:07.745-705391-364714,661,false,1.0684820007500435,2,1548.3525409310698,1.0,1.0
2026-03-22T21:10:07.745-705391-364714,484,false,2.258358936191398,2,1548.3525409310698,1.0,1.0
2026-03-22T21:10:07.745-705391-364714,325,false,0.2927720760118918,2,1548.3525409310698,1.0,1.0
2026-03-22T21:10:07.745-705391-364714,622,false,0.1575760767817084,2,1548.3525409310698,1.0,1.0
2026-03-22T21:10:07.745-705391-364714,175,false,6.485573739790171,2,1548.3525409310698,1.0,1.0
2026-03-22T21:10:07.745-705391-364714,137,false,1.2580643244544942,2,1548.3525409310698,1.0,1.0
2026-03-22T21:10:07.745-705391-364714,989,false,0.1260853915943898,2,1548.3525409310698,1.0,1.0
2026-03-22T21:10:07.745-705391-364714,278,false,3.3058669967683323,2,1548.3525409310698,1.0,1.0
2026-03-22T21:10:07.745-705391-364714,600,false,1.16965876734914,2,1548.3525409310698,1.0,1.0
2026-03-22T21:10:07.745-705391-364714,856,false,0.07479375386432871,2,1548.3525409310698,1.0,1.0
2026-03-22T21:10:07.745-705391-364714,939,false,0.5382403764566931,2,1548.3525409310698,1.0,1.0
2026-03-22T21:10:07.745-705391-364714,487,false,1.1271377271048948,2,1548.3525409310698,1.0,1.0
2026-03-22T21:10:07.745-705391-364714,992,false,4.851856439950143,2,1548.3525409310698,1.0,1.0
2026-03-22T21:10:07.745-705391-364714,177,false,1.2994050640278312,2,1548.3525409310698,1.0,1.0
2026-03-22T21:10:07.745-705391-364714,708,false,1.4262145443993355,2,1548.3525409310698,1.0,1.0
2026-03-22T21:10:07.745-705391-364714,123,false,16.43973439122964,2,1548.3525409310698,1.0,1.0
2026-03-22T21:10:07.745-705391-364714,664,false,0.3503910594696029,2,1548.3525409310698,1.0,1.0
2026-03-22T21:10:07.745-705391-364714,510,false,4.449930537085176,2,1548.3525409310698,1.0,1.0
2026-03-22T21:10:07.745-705391-364714,687,false,0.7647632641941472,2,1548.3525409310698,1.0,1.0
2026-03-22T21:10:07.745-705391-364714,883,false,8.324218902752726,2,1548.3525409310698,1.0,1.0
2026-03-22T21:10:07.745-705391-364714,704,false,21.505672763172274,2,1548.3525409310698,1.0,1.0
2026-03-22T21:10:07.745-705391-364714,421,false,12.260835239162752,2,1548.3525409310698,1.0,1.0
2026-03-22T21:10:07.745-705391-364714,640,false,16.008411367355237,2,1548.3525409310698,1.0,1.0
2026-03-22T21:10:07.745-705391-364714,825,false,113.49500299220496,2,1548.3525409310698,1.0,1.0
2026-03-22T21:10:07.745-705391-364714,259,false,0.2379764359793248,2,1548.3525409310698,1.0,1.0
2026-03-22T21:10:07.745-705391-364714,23,true,1.674780287921748,2,1546.677760643148,1.0,0.0
2026-03-22T21:10:07.745-705391-364714,863,false,3.710098651405153,2,1546.677760643148,1.0,1.0
2026-03-22T21:10:07.745-705391-364714,405,true,1.8321728963631208,2,1544.845587746785,1.0,0.0
2026-03-22T21:10:07.745-705391-364714,639,false,1.2066080919693882,2,1544.845587746785,1.0,1.0
2026-03-22T21:10:07.745-705391-364714,848,false,2.3634477488505445,2,1544.845587746785,1.0,1.0
2026-03-22T21:10:07.745-705391-364714,504,false,15.413793955626224,2,1544.845587746785,1.0,1.0
2026-03-22T21:10:07.745-705391-364714,636,false,37.89181026693182,2,1544.845587746785,1.0,1.0
2026-03-22T21:10:07.745-705391-364714,129,false,1.8674382067106896,2,1544.845587746785,1.0,1.0
2026-03-22T21:10:07.745-705391-364714,336,false,0.808845693281614,2,1544.845587746785,1.0,1.0
2026-03-22T21:10:07.745-705391-364714,145,true,123.72511456893265,2,1421.1204731778523,1.0,0.0
2026-03-22T21:10:07.745-705391-364714,621,false,11.803010523912848,2,1421.1204731778523,1.0,1.0
2026-03-22T21:10:07.745-705391-364714,326,false,2.573895636071308,2,1421.1204731778523,1.0,1.0
2026-03-22T21:10:07.745-705391-364714,78,false,0.028797418133028326,2,1421.1204731778523,1.0,1.0
2026-03-22T21:10:07.745-705391-364714,380,false,4.041409389940851,2,1421.1204731778523,1.0,1.0
2026-03-22T21:10:07.745-705391-364714,158,true,1.6641404192238445,2,1419.4563327586284,1.0,0.0
2026-03-22T21:10:07.745-705391-364714,140,true,59.73844615288378,2,1359.7178866057445,1.0,0.019000000000000017
2026-03-22T21:10:07.745-705391-364714,618,false,4.8223786749418265,2,1359.7178866057445,1.0,1.0
2026-03-22T21:10:07.745-705391-364714,647,false,9.137708891490915,2,1359.7178866057445,1.0,1.0
2026-03-22T21:10:07.745-705391-364714,446,false,9.67957980576936,2,1359.7178866057445,1.0,1.0
2026-03-22T21:10:07.745-705391-364714,780,false,4.163160107718866,2,1359.7178866057445,1.0,1.0
2026-03-22T21:10:07.745-705391-364714,768,false,0.05121282886818905,2,1359.7178866057445,1.0,1.0
2026-03-22T21:10:07.745-705391-364714,659,false,3.276584504753522,2,1359.7178866057445,1.0,1.0
2026-03-22T21:10:07.745-705391-364714,549,true,77.96851820113586,2,1281.7493684046087,1.0,0.0
2026-03-22T21:10:07.745-705391-364714,582,true,0.6689568352778574,2,1281.0804115693309,1.0,0.866
2026-03-22T21:10:07.745-705391-364714,557,true,1.6303469181756798,2,1279.4500646511551,1.0,0.6930000000000001
2026-03-22T21:10:07.745-705391-364714,683,true,2.0619587589393937,2,1277.3881058922157,1.0,0.863
2026-03-22T21:10:07.745-705391-364714,811,true,12.929996956154271,2,1264.4581089360613,1.0,0.945
2026-03-22T21:10:07.745-705391-364714,409,true,4.576995547516114,2,1259.8811133885451,1.0,0.0010000000000000009
2026-03-22T21:10:07.745-705391-364714,845,false,0.09734696530420216,2,1259.8811133885451,1.0,1.0
2026-03-22T21:10:07.745-705391-364714,300,false,0.06273962160624028,2,1259.8811133885451,1.0,1.0
2026-03-22T21:10:07.745-705391-364714,564,true,81.54046986885098,2,1178.3406435196941,1.0,0.928
2026-03-22T21:10:07.745-705391-364714,80,true,371.55167488519413,2,806.7889686345,1.0,0.619
2026-03-22T21:10:07.745-705391-364714,303,false,6.36172500848262,2,806.7889686345,1.0,1.0
2026-03-22T21:10:07.745-705391-364714,410,true,5.900503931165975,2,800.888464703334,1.0,0.0
2026-03-22T21:10:07.745-705391-364714,346,false,0.5001444615036272,2,800.888464703334,1.0,1.0
2026-03-22T21:10:07.745-705391-364714,568,false,3.2525161513144094,2,800.888464703334,1.0,1.0
2026-03-22T21:10:07.745-705391-364714,841,false,0.9622911050202765,2,800.888464703334,1.0,1.0
2026-03-22T21:10:07.745-705391-364714,955,false,18.72641784371998,2,800.888464703334,1.0,1.0
2026-03-22T21:10:07.745-705391-364714,715,false,3.837002337154213,2,800.888464703334,1.0,1.0
2026-03-22T21:10:07.745-705391-364714,693,false,1.6077857168207828,2,800.888464703334,1.0,1.0
2026-03-22T21:10:07.745-705391-364714,852,false,281.4877486803875,2,800.888464703334,1.0,1.0
2026-03-22T21:10:07.745-705391-364714,869,false,21.47724613620119,2,800.888464703334,1.0,1.0
2026-03-22T21:10:07.745-705391-364714,700,false,54.60795151752243,2,800.888464703334,1.0,1.0
2026-03-22T21:10:07.745-705391-364714,275,false,41.548547003477374,2,800.888464703334,1.0,1.0
2026-03-22T21:10:07.745-705391-364714,389,true,127.23314061585369,2,673.6553240874803,1.0,0.0010000000000000009
2026-03-22T21:10:07.745-705391-364714,699,false,0.7408272000753642,2,673.6553240874803,1.0,1.0
2026-03-22T21:10:07.745-705391-364714,975,false,0.22843466922010006,2,673.6553240874803,1.0,1.0
2026-03-22T21:10:07.745-705391-364714,184,false,0.9026664202446166,2,673.6553240874803,1.0,1.0
2026-03-22T21:10:07.745-705391-364714,472,true,17.668058757993617,2,655.9872653294866,1.0,0.0
2026-03-22T21:10:07.745-705391-364714,701,false,0.31714176337291083,2,655.9872653294866,1.0,1.0
2026-03-22T21:10:07.745-705391-364714,330,false,2.761432585646215,2,655.9872653294866,1.0,1.0
2026-03-22T21:10:07.745-705391-364714,81,true,1.0218223919722658,2,654.9654429375144,1.0,0.0030000000000000027
2026-03-22T21:10:07.745-705391-364714,480,false,3.9075117518921014,2,654.9654429375144,1.0,1.0
2026-03-22T21:10:07.745-705391-364714,548,false,0.08005758990988299,2,654.9654429375144,1.0,1.0
2026-03-22T21:10:07.745-705391-364714,767,false,0.3397498787549837,2,654.9654429375144,1.0,1.0
2026-03-22T21:10:07.745-705391-364714,192,false,0.4960229058295362,2,654.9654429375144,1.0,1.0
2026-03-22T21:10:07.745-705391-364714,941,false,6.785153311060745,2,654.9654429375144,1.0,1.0
2026-03-22T21:10:07.745-705391-364714,320,true,1.8826162063092942,2,653.082826731205,1.0,0.027000000000000024
2026-03-22T21:10:07.745-705391-364714,203,false,4.3751428470425,2,653.082826731205,1.0,1.0
2026-03-22T21:10:07.745-705391-364714,91,true,4.687304173793552,2,648.3955225574115,1.0,0.712
2026-03-22T21:10:07.745-705391-364714,430,false,13.286296179875958,2,648.3955225574115,1.0,1.0
2026-03-22T21:10:07.745-705391-364714,1,false,1.3978993299621665,2,648.3955225574115,1.0,1.0
2026-03-22T21:10:07.745-705391-364714,445,false,0.10025807810066724,2,648.3955225574115,1.0,1.0
2026-03-22T21:10:07.745-705391-364714,354,false,0.0870060957948659,2,648.3955225574115,1.0,1.0
2026-03-22T21:10:07.745-705391-364714,39,false,5.994537417930549,2,648.3955225574115,1.0,1.0
2026-03-22T21:10:07.745-705391-364714,114,false,0.16918503421691006,2,648.3955225574115,1.0,1.0
2026-03-22T21:10:07.745-705391-364714,562,true,1.028040907256136,2,647.3674816501554,1.0,0.702
2026-03-22T21:10:07.745-705391-364714,475,true,0.655778866301393,2,646.711702783854,1.0,0.0
2026-03-22T21:10:07.745-705391-364714,980,false,0.7682380558448235,2,646.711702783854,1.0,1.0
2026-03-22T21:10:07.745-705391-364714,182,false,12.925241725382168,2,646.711702783854,1.0,1.0
2026-03-22T21:10:07.745-705391-364714,545,true,50.88935330654989,2,595.8223494773041,1.0,0.72
2026-03-22T21:10:07.745-705391-364714,978,false,7.875118404709419,2,595.8223494773041,1.0,1.0
2026-03-22T21:10:07.745-705391-364714,112,false,280.6692601348524,2,595.8223494773041,1.0,1.0
2026-03-22T21:10:07.745-705391-364714,610,false,9.92958990052836,2,595.8223494773041,1.0,1.0
2026-03-22T21:10:07.745-705391-364714,139,true,1.0601558056271434,2,594.762193671677,1.0,0.0010000000000000009
2026-03-22T21:10:07.745-705391-364714,474,true,5.321922131777158,2,589.4402715398999,1.0,0.0
2026-03-22T21:10:07.745-705391-364714,59,false,0.019041666462398243,2,589.4402715398999,1.0,1.0
2026-03-22T21:10:07.745-705391-364714,271,false,5.837615714426172,2,589.4402715398999,1.0,1.0
2026-03-22T21:10:07.745-705391-364714,960,true,33.35551661313415,2,556.0847549267658,1.0,0.7090000000000001
2026-03-22T21:10:07.745-705391-364714,204,false,0.2684757607740775,2,556.0847549267658,1.0,1.0
2026-03-22T21:10:07.745-705391-364714,565,true,0.4492322018391292,2,555.6355227249267,1.0,0.0010000000000000009
2026-03-22T21:10:07.745-705391-364714,50,false,12.071410018735776,2,555.6355227249267,1.0,1.0
2026-03-22T21:10:07.745-705391-364714,764,false,2.370592721823537,2,555.6355227249267,1.0,1.0
2026-03-22T21:10:07.745-705391-364714,667,false,30.79337091059363,2,555.6355227249267,1.0,1.0
2026-03-22T21:10:07.745-705391-364714,301,false,133.11852225263718,2,555.6355227249267,1.0,1.0
2026-03-22T21:10:07.745-705391-364714,12,true,1.6385076729832933,2,553.9970150519433,1.0,0.739
2026-03-22T21:10:07.745-705391-364714,691,false,0.6009050796701064,2,553.9970150519433,1.0,1.0
2026-03-22T21:10:07.745-705391-364714,505,false,0.3428680340133247,2,553.9970150519433,1.0,1.0
2026-03-22T21:10:07.745-705391-364714,722,true,0.4276085057855987,2,553.5694065461578,1.0,0.0
2026-03-22T21:10:07.745-705391-364714,590,false,1.578212187704368,2,553.5694065461578,1.0,1.0
2026-03-22T21:10:07.745-705391-364714,88,true,5.448731167044563,2,548.1206753791132,1.0,0.0
2026-03-22T21:10:07.745-705391-364714,976,true,1.1178176571307912,2,547.0028577219824,1.0,0.877
2026-03-22T21:10:07.745-705391-364714,457,true,5.136082121154161,2,541.8667756008283,1.0,0.0
2026-03-22T21:10:07.745-705391-364714,284,false,0.7188960177886009,2,541.8667756008283,1.0,1.0
2026-03-22T21:10:07.745-705391-364714,715,false,3.837002337154213,3,541.8667756008283,1.0,1.0
2026-03-22T21:10:07.745-705391-364714,902,true,0.8550235382023549,3,541.011752062626,1.0,0.0020000000000000018
2026-03-22T21:10:07.745-705391-364714,433,false,1.026381735590014,3,541.011752062626,1.0,1.0
2026-03-22T21:10:07.745-705391-364714,47,false,75.48135102307697,3,541.011752062626,1.0,1.0
2026-03-22T21:10:07.745-705391-364714,501,false,0.8243423399994155,3,541.011752062626,1.0,1.0
2026-03-22T21:10:07.745-705391-364714,234,false,47.154121862049614,3,541.011752062626,1.0,1.0
2026-03-22T21:10:07.745-705391-364714,955,false,18.72641784371998,3,541.011752062626,1.0,1.0
2026-03-22T21:10:07.745-705391-364714,883,false,8.324218902752726,3,541.011752062626,1.0,1.0
2026-03-22T21:10:07.745-705391-364714,555,true,45.618106671409656,3,495.39364539121635,1.0,0.0
2026-03-22T21:10:07.745-705391-364714,314,true,16.640510062044957,3,478.7531353291714,1.0,0.0
2026-03-22T21:10:07.745-705391-364714,968,true,16.207358957804168,3,462.54577637136725,1.0,0.0
2026-03-22T21:10:07.745-705391-364714,805,true,0.4263283779697809,3,462.1194479933975,1.0,0.945
2026-03-22T21:10:07.745-705391-364714,179,false,1.3887444873454018,3,462.1194479933975,1.0,1.0
2026-03-22T21:10:07.745-705391-364714,70,false,4.787017607196713,3,462.1194479933975,1.0,1.0
2026-03-22T21:10:07.745-705391-364714,585,true,0.4008496655351925,3,461.7185983278623,1.0,0.026000000000000023
2026-03-22T21:10:07.745-705391-364714,108,false,5.906853219771336,3,461.7185983278623,1.0,1.0
2026-03-22T21:10:07.745-705391-364714,835,false,111.75796141058056,3,461.7185983278623,1.0,1.0
2026-03-22T21:10:07.745-705391-364714,126,false,2.761907801871941,3,461.7185983278623,1.0,1.0
2026-03-22T21:10:07.745-705391-364714,271,false,5.837615714426172,3,461.7185983278623,1.0,1.0
2026-03-22T21:10:07.745-705391-364714,671,false,10.013272910881788,3,461.7185983278623,1.0,1.0
2026-03-22T21:10:07.745-705391-364714,8,false,14.541265641952771,3,461.7185983278623,1.0,1.0
2026-03-22T21:10:07.745-705391-364714,304,false,3.1232152693947035,3,461.7185983278623,1.0,1.0
2026-03-22T21:10:07.745-705391-364714,882,false,39.82509748033517,3,461.7185983278623,1.0,1.0
2026-03-22T21:10:07.745-705391-364714,243,false,11.54780287532133,3,461.7185983278623,1.0,1.0
2026-03-22T21:10:07.745-705391-364714,274,false,28.34782510249173,3,461.7185983278623,1.0,1.0
2026-03-22T21:10:07.745-705391-364714,699,false,0.7408272000753642,3,461.7185983278623,1.0,1.0
2026-03-22T21:10:07.745-705391-364714,663,false,15.641613326251084,3,461.7185983278623,1.0,1.0
2026-03-22T21:10:07.745-705391-364714,96,false,0.012362080400195444,3,461.7185983278623,1.0,1.0
2026-03-22T21:10:07.745-705391-364714,700,false,54.60795151752243,3,461.7185983278623,1.0,1.0
2026-03-22T21:10:07.745-705391-364714,369,false,1.1518401759583907,3,461.7185983278623,1.0,1.0
2026-03-22T21:10:07.745-705391-364714,662,false,68.29993060218092,3,461.7185983278623,1.0,1.0
2026-03-22T21:10:07.745-705391-364714,546,true,2.4991772282140348,3,459.2194210996483,1.0,0.0
2026-03-22T21:10:07.745-705391-364714,608,false,9.807670969325022,3,459.2194210996483,1.0,1.0
2026-03-22T21:10:07.745-705391-364714,635,false,0.431077909853368,3,459.2194210996483,1.0,1.0
2026-03-22T21:10:07.745-705391-364714,496,false,0.07807480841302372,3,459.2194210996483,1.0,1.0
2026-03-22T21:10:07.745-705391-364714,897,false,16.15133284645288,3,459.2194210996483,1.0,1.0
2026-03-22T21:10:07.745-705391-364714,934,false,0.007096822000976472,3,459.2194210996483,1.0,1.0
2026-03-22T21:10:07.745-705391-364714,959,true,2.924618204325779,3,456.2948028953225,1.0,0.7150000000000001
2026-03-22T21:10:07.745-705391-364714,426,false,0.8535671304764344,3,456.2948028953225,1.0,1.0
2026-03-22T21:10:07.745-705391-364714,571,false,65.82362662507163,3,456.2948028953225,1.0,1.0
2026-03-22T21:10:07.745-705391-364714,242,false,0.43299125113337894,3,456.2948028953225,1.0,1.0
2026-03-22T21:10:07.745-705391-364714,252,false,2.739977875090556,3,456.2948028953225,1.0,1.0
2026-03-22T21:10:07.745-705391-364714,412,true,20.852155149437117,3,435.4426477458854,1.0,0.017000000000000015
2026-03-22T21:10:07.745-705391-364714,995,false,4.295192967396788,3,435.4426477458854,1.0,1.0
2026-03-22T21:10:07.745-705391-364714,680,true,0.6537951573227191,3,434.78885258856263,1.0,0.727
2026-03-22T21:10:07.745-705391-364714,444,false,0.1571131779473026,3,434.78885258856263,1.0,1.0
2026-03-22T21:10:07.745-705391-364714,63,false,28.111636395315994,3,434.78885258856263,1.0,1.0
2026-03-22T21:10:07.745-705391-364714,879,false,4.927048796577631,3,434.78885258856263,1.0,1.0
2026-03-22T21:10:07.745-705391-364714,262,false,19.309723574636372,3,434.78885258856263,1.0,1.0
2026-03-22T21:10:07.745-705391-364714,839,false,11.421199157243617,3,434.78885258856263,1.0,1.0
2026-03-22T21:10:07.745-705391-364714,411,true,41.20129910375564,3,393.587553484807,1.0,0.0
2026-03-22T21:10:07.745-705391-364714,169,false,0.12228997530358464,3,393.587553484807,1.0,1.0
2026-03-22T21:10:07.745-705391-364714,627,false,271.39250505235685,3,393.587553484807,1.0,1.0
2026-03-22T21:10:07.745-705391-364714,696,false,0.034466613698235726,3,393.587553484807,1.0,1.0
2026-03-22T21:10:07.745-705391-364714,907,true,0.5855526464476795,3,393.0020008383593,1.0,0.0010000000000000009
2026-03-22T21:10:07.745-705391-364714,379,false,5.30999137777233,3,393.0020008383593,1.0,1.0
2026-03-22T21:10:07.745-705391-364714,898,false,0.8101217192482091,3,393.0020008383593,1.0,1.0
2026-03-22T21:10:07.745-705391-364714,806,true,4.802534303235588,3,388.19946653512375,1.0,0.0030000000000000027
2026-03-22T21:10:07.745-705391-364714,348,false,0.49992855004003295,3,388.19946653512375,1.0,1.0
2026-03-22T21:10:07.745-705391-364714,778,false,284.7273320323958,3,388.19946653512375,1.0,1.0
2026-03-22T21:10:07.745-705391-364714,478,true,1.303900991699101,3,386.89556554342465,1.0,0.0
2026-03-22T21:10:07.745-705391-364714,573,false,0.7674247868641857,3,386.89556554342465,1.0,1.0
2026-03-22T21:10:07.745-705391-364714,891,false,6.636122360533035,3,386.89556554342465,1.0,1.0
2026-03-22T21:10:07.745-705391-364714,437,false,8.087329655718854,3,386.89556554342465,1.0,1.0
2026-03-22T21:10:07.745-705391-364714,97,false,10.115479984971762,3,386.89556554342465,1.0,1.0
2026-03-22T21:10:07.745-705391-364714,613,false,0.4187054237347065,3,386.89556554342465,1.0,1.0
2026-03-22T21:10:07.745-705391-364714,492,false,9.886807213912705,3,386.89556554342465,1.0,1.0
2026-03-22T21:10:07.745-705391-364714,605,false,0.07902748435278523,3,386.89556554342465,1.0,1.0
2026-03-22T21:10:07.745-705391-364714,615,false,12.50226284795505,3,386.89556554342465,1.0,1.0
2026-03-22T21:10:07.745-705391-364714,916,true,4.897607324552943,3,381.9979582188717,1.0,0.726
2026-03-22T21:10:07.745-705391-364714,734,false,0.09293795512803324,3,381.9979582188717,1.0,1.0
2026-03-22T21:10:07.745-705391-364714,53,false,79.75035099660434,3,381.9979582188717,1.0,1.0
2026-03-22T21:10:07.745-705391-364714,623,false,0.14157489487235572,3,381.9979582188717,1.0,1.0
2026-03-22T21:10:07.745-705391-364714,228,false,2.6955399987022393,3,381.9979582188717,1.0,1.0
2026-03-22T21:10:07.745-705391-364714,606,false,10.642055664298422,3,381.9979582188717,1.0,1.0
2026-03-22T21:10:07.745-705391-364714,756,false,10.00134994246106,3,381.9979582188717,1.0,1.0
2026-03-22T21:10:07.745-705391-364714,322,true,10.202953136642682,3,371.795005082229,1.0,0.0
2026-03-22T21:10:07.745-705391-364714,223,false,14.794652988947151,3,371.795005082229,1.0,1.0
2026-03-22T21:10:07.745-705391-364714,528,false,0.4400379699851233,3,371.795005082229,1.0,1.0
2026-03-22T21:10:07.745-705391-364714,812,true,38.66080430465538,3,333.13420077757365,1.0,0.858
2026-03-22T21:10:07.745-705391-364714,711,false,67.16232331005891,3,333.13420077757365,1.0,1.0
2026-03-22T21:10:07.745-705391-364714,103,false,6.981699054519706,3,333.13420077757365,1.0,1.0
2026-03-22T21:10:07.745-705391-364714,295,false,0.2531116784691171,3,333.13420077757365,1.0,1.0
2026-03-22T21:10:07.745-705391-364714,138,true,3.236664082593318,3,329.8975366949803,1.0,0.0020000000000000018
2026-03-22T21:10:07.745-705391-364714,41,false,8.5102974805684,3,329.8975366949803,1.0,1.0
2026-03-22T21:10:07.745-705391-364714,109,false,22.38614626683396,3,329.8975366949803,1.0,1.0
2026-03-22T21:10:07.745-705391-364714,945,false,0.8020789100721744,3,329.8975366949803,1.0,1.0
2026-03-22T21:10:07.745-705391-364714,293,false,0.42200143606189183,3,329.8975366949803,1.0,1.0
2026-03-22T21:10:07.745-705391-364714,481,true,0.3594958920403815,3,329.5380408029399,1.0,0.724
2026-03-22T21:10:07.745-705391-364714,448,false,14.581373135492257,3,329.5380408029399,1.0,1.0
2026-03-22T21:10:07.745-705391-364714,188,false,132.810363768449,3,329.5380408029399,1.0,1.0
2026-03-22T21:10:07.745-705391-364714,270,false,0.2898114030003131,3,329.5380408029399,1.0,1.0
2026-03-22T21:10:07.745-705391-364714,630,false,19.19266400727405,3,329.5380408029399,1.0,1.0
2026-03-22T21:10:07.745-705391-364714,25,true,0.5194475023321625,3,329.01859330060773,1.0,0.0
2026-03-22T21:10:07.745-705391-364714,595,false,2.123610933794825,3,329.01859330060773,1.0,1.0
2026-03-22T21:10:07.745-705391-364714,212,false,0.5312440467708707,3,329.01859330060773,1.0,1.0
2026-03-22T21:10:07.745-705391-364714,391,false,0.08811934226962224,3,329.01859330060773,1.0,1.0
2026-03-22T21:10:07.745-705391-364714,226,false,0.2898548045410527,3,329.01859330060773,1.0,1.0
2026-03-22T21:10:07.745-705391-364714,701,false,0.31714176337291083,3,329.01859330060773,1.0,1.0
2026-03-22T21:10:07.745-705391-364714,224,false,256.4639769962439,3,329.01859330060773,1.0,1.0
2026-03-22T21:10:07.745-705391-364714,305,false,2.9258512149568032,3,329.01859330060773,1.0,1.0
2026-03-22T21:10:07.745-705391-364714,785,false,11.260039734350967,3,329.01859330060773,1.0,1.0
2026-03-22T21:10:07.745-705391-364714,817,false,0.2891691968241543,3,329.01859330060773,1.0,1.0
2026-03-22T21:10:07.745-705391-364714,796,false,0.14425121093447607,3,329.01859330060773,1.0,1.0
2026-03-22T21:10:07.745-705391-364714,781,false,46.592005853464,3,329.01859330060773,1.0,1.0
2026-03-22T21:10:07.745-705391-364714,779,false,24.033646154706563,3,329.01859330060773,1.0,1.0
2026-03-22T21:10:07.745-705391-364714,828,false,0.26403062674986444,3,329.01859330060773,1.0,1.0
2026-03-22T21:10:07.745-705391-364714,872,false,0.31865268533278124,3,329.01859330060773,1.0,1.0
2026-03-22T21:10:07.745-705391-364714,948,false,3.393961741592155,3,329.01859330060773,1.0,1.0
2026-03-22T21:10:07.745-705391-364714,684,true,17.894671196165806,3,311.12392210444193,1.0,0.876
2026-03-22T21:10:07.745-705391-364714,380,false,4.041409389940851,3,311.12392210444193,1.0,1.0
2026-03-22T21:10:07.745-705391-364714,238,false,4.482288119619136,3,311.12392210444193,1.0,1.0
2026-03-22T21:10:07.745-705391-364714,888,false,4.026756247799651,3,311.12392210444193,1.0,1.0
2026-03-22T21:10:07.745-705391-364714,830,false,0.07993994733999629,3,311.12392210444193,1.0,1.0
2026-03-22T21:10:07.745-705391-364714,132,false,201.8799245536153,3,311.12392210444193,1.0,1.0
2026-03-22T21:10:07.745-705391-364714,71,false,13.999990942590236,3,311.12392210444193,1.0,1.0
2026-03-22T21:10:07.745-705391-364714,247,false,2.434005694498513,3,311.12392210444193,1.0,1.0
2026-03-22T21:10:07.745-705391-364714,859,false,1.73283551357954,3,311.12392210444193,1.0,1.0
2026-03-22T21:10:07.745-705391-364714,541,false,0.12068483055945409,3,311.12392210444193,1.0,1.0
2026-03-22T21:10:07.745-705391-364714,759,false,0.23673811609581247,3,311.12392210444193,1.0,1.0
2026-03-22T21:10:07.745-705391-364714,834,false,95.63917128174496,3,311.12392210444193,1.0,1.0
2026-03-22T21:10:07.745-705391-364714,884,false,0.6971444917764155,3,311.12392210444193,1.0,1.0
2026-03-22T21:10:07.745-705391-364714,486,false,10.515150925694332,3,311.12392210444193,1.0,1.0
2026-03-22T21:10:07.745-705391-364714,45,false,38.47361568059578,3,311.12392210444193,1.0,1.0
2026-03-22T21:10:07.745-705391-364714,861,false,7.850110638342334,3,311.12392210444193,1.0,1.0
2026-03-22T21:10:07.745-705391-364714,87,true,1.0719090400109568,3,310.052013064431,1.0,0.0
2026-03-22T21:10:07.745-705391-364714,818,false,6.375993496080675,3,310.052013064431,1.0,1.0
2026-03-22T21:10:07.745-705391-364714,220,false,573.2330433442321,3,310.052013064431,1.0,1.0
2026-03-22T21:10:07.745-705391-364714,526,false,3.523654674334309,3,310.052013064431,1.0,1.0
2026-03-22T21:10:07.745-705391-364714,705,false,29.140929599954855,3,310.052013064431,1.0,1.0
2026-03-22T21:10:07.745-705391-364714,491,false,1.0627405419721645,3,310.052013064431,1.0,1.0
2026-03-22T21:10:07.745-705391-364714,19,true,16.145256334111185,3,293.9067567303198,1.0,0.0
2026-03-22T21:10:07.745-705391-364714,488,false,0.014801557030331295,3,293.9067567303198,1.0,1.0
2026-03-22T21:10:07.745-705391-364714,640,false,16.008411367355237,3,293.9067567303198,1.0,1.0
2026-03-22T21:10:07.745-705391-364714,75,false,17.99772817391174,3,293.9067567303198,1.0,1.0
2026-03-22T21:10:07.745-705391-364714,111,false,16.127333724619625,3,293.9067567303198,1.0,1.0
2026-03-22T21:10:07.745-705391-364714,548,false,0.08005758990988299,3,293.9067567303198,1.0,1.0
2026-03-22T21:10:07.745-705391-364714,567,true,0.5577316860823651,3,293.3490250442374,1.0,0.0010000000000000009
2026-03-22T21:10:07.745-705391-364714,849,false,0.17004464050548815,3,293.3490250442374,1.0,1.0
2026-03-22T21:10:07.745-705391-364714,503,false,2.7019245021584344,3,293.3490250442374,1.0,1.0
2026-03-22T21:10:07.745-705391-364714,367,false,3.1798947218385227,3,293.3490250442374,1.0,1.0
2026-03-22T21:10:07.745-705391-364714,61,false,0.3032919231341881,3,293.3490250442374,1.0,1.0
2026-03-22T21:10:07.745-705391-364714,642,false,4.048909388561331,3,293.3490250442374,1.0,1.0
2026-03-22T21:10:07.745-705391-364714,994,false,9.420214557680847,3,293.3490250442374,1.0,1.0
2026-03-22T21:10:07.745-705391-364714,387,true,5.789493444050574,3,287.55953160018686,1.0,0.010000000000000009
2026-03-22T21:10:07.745-705391-364714,559,true,1.3203501525575263,3,286.23918144762933,1.0,0.0
2026-03-22T21:10:07.745-705391-364714,331,false,0.20708443366499946,3,286.23918144762933,1.0,1.0
2026-03-22T21:10:07.745-705391-364714,281,false,0.043280243392969354,3,286.23918144762933,1.0,1.0
2026-03-22T21:10:07.745-705391-364714,956,true,132.95042693984726,3,153.28875450778207,1.0,0.692
2026-03-22T21:10:07.745-705391-364714,244,false,5.4649753577808395,3,153.28875450778207,1.0,1.0
2026-03-22T21:10:07.745-705391-364714,241,false,17.791497931246862,3,153.28875450778207,1.0,1.0
2026-03-22T21:10:07.745-705391-364714,505,false,0.3428680340133247,3,153.28875450778207,1.0,1.0
2026-03-22T21:10:07.745-705391-364714,531,false,3.901589204458293,3,153.28875450778207,1.0,1.0
2026-03-22T21:10:07.745-705391-364714,648,false,89.55305032658376,3,153.28875450778207,1.0,1.0
2026-03-22T21:10:07.745-705391-364714,748,true,1.315039580521356,3,151.97371492726072,1.0,0.0020000000000000018
2026-03-22T21:10:07.745-705391-364714,912,true,1.1319372857392265,3,150.8417776415215,1.0,0.0
2026-03-22T21:10:07.745-705391-364714,804,true,71.49841527799906,3,79.34336236352244,1.0,0.0
2026-03-22T21:10:07.745-705391-364714,58,false,2.4121201769168326,3,79.34336236352244,1.0,1.0
2026-03-22T21:10:07.745-705391-364714,316,true,32.413475954176434,3,46.92988640934601,1.0,0.0
2026-03-22T21:10:07.745-705391-364714,840,false,0.019682003790160375,3,46.92988640934601,1.0,1.0
2026-03-22T21:10:07.745-705391-364714,810,false,0.01714237613336699,3,46.92988640934601,1.0,1.0
2026-03-22T21:10:07.745-705391-364714,423,false,0.4775685860575959,3,46.92988640934601,1.0,1.0
2026-03-22T21:10:07.745-705391-364714,988,false,2.5429979150945794,3,46.92988640934601,1.0,1.0
2026-03-22T21:10:07.745-705391-364714,439,false,2.346866506888885,3,46.92988640934601,1.0,1.0
2026-03-22T21:10:07.745-705391-364714,802,true,1.7804062089994082,3,45.1494802003466,1.0,0.0020000000000000018
2026-03-22T21:10:07.745-705391-364714,494,false,1020.8571526357057,3,45.1494802003466,1.0,1.0
2026-03-22T21:10:07.745-705391-364714,842,false,1.3701346151803964,3,45.1494802003466,1.0,1.0
2026-03-22T21:10:07.745-705391-364714,203,false,4.3751428470425,3,45.1494802003466,1.0,1.0
2026-03-22T21:10:07.745-705391-364714,137,true,1.2580643244544942,3,43.89141587589211,1.0,0.0
2026-03-22T21:10:07.745-705391-364714,523,false,1.8624626272046443,3,43.89141587589211,1.0,1.0
2026-03-22T21:10:07.745-705391-364714,434,false,4.507604693979131,3,43.89141587589211,1.0,1.0
2026-03-22T21:10:07.745-705391-364714,589,false,0.17421458643498902,3,43.89141587589211,1.0,1.0
2026-03-22T21:10:07.745-705391-364714,517,false,0.35701966115335365,3,43.89141587589211,1.0,1.0
2026-03-22T21:10:07.745-705391-364714,584,true,3.839632660076494,3,40.05178321581561,1.0,0.0
2026-03-22T21:10:07.745-705391-364714,676,false,0.38019979706281737,3,40.05178321581561,1.0,1.0
2026-03-22T21:10:07.745-705391-364714,101,false,3.8288607698282817,3,40.05178321581561,1.0,1.0
2026-03-22T21:10:07.745-705391-364714,950,false,0.2906942194386634,3,40.05178321581561,1.0,1.0
2026-03-22T21:10:07.745-705391-364714,499,false,0.7650697545554068,3,40.05178321581561,1.0,1.0
2026-03-22T21:10:07.745-705391-364714,276,false,0.781325525687858,3,40.05178321581561,1.0,1.0
2026-03-22T21:10:07.745-705391-364714,596,false,6.31556695099873,3,40.05178321581561,1.0,1.0
2026-03-22T21:10:07.745-705391-364714,364,false,0.8858721986548278,3,40.05178321581561,1.0,1.0
2026-03-22T21:10:07.745-705391-364714,527,true,326.2430424671285,3,-286.1912592513129,1.0,0.8109999999999999
