2026-03-22T21:10:07.745-455326-178931,757,true,29.455521750199456,1,4401.075271212459,1.0,0.99
2026-03-22T21:10:07.745-455326-178931,197,true,68.30759982775989,1,4332.767671384699,1.0,0.989
2026-03-22T21:10:07.745-455326-178931,694,true,0.23020952692464292,1,4332.537461857774,1.0,0.99
2026-03-22T21:10:07.745-455326-178931,667,true,2.7846502461693303,1,4329.7528116116055,1.0,0.993
2026-03-22T21:10:07.745-455326-178931,756,true,36.01768944196483,1,4293.735122169641,1.0,0.719
2026-03-22T21:10:07.745-455326-178931,804,true,4.601523495921032,1,4289.1335986737195,1.0,0.989
2026-03-22T21:10:07.745-455326-178931,280,true,6.487539558387049,1,4282.646059115333,1.0,0.988
2026-03-22T21:10:07.745-455326-178931,722,true,2.904915275032743,1,4279.7411438403,1.0,0.992
2026-03-22T21:10:07.745-455326-178931,948,true,4.528544540816557,1,4275.212599299483,1.0,0.99
2026-03-22T21:10:07.745-455326-178931,811,true,11.811296706142809,1,4263.401302593341,1.0,0.84
2026-03-22T21:10:07.745-455326-178931,51,true,13.915230239932882,1,4249.486072353408,1.0,0.987
2026-03-22T21:10:07.745-455326-178931,194,true,0.47740306815326167,1,4249.008669285256,1.0,0.726
2026-03-22T21:10:07.745-455326-178931,987,true,4.644539152643197,1,4244.364130132612,1.0,0.993
2026-03-22T21:10:07.745-455326-178931,692,true,63.2861960071371,1,4181.077934125476,1.0,0.7170000000000001
2026-03-22T21:10:07.745-455326-178931,391,true,1.6748940884214527,1,4179.403040037054,1.0,0.997
2026-03-22T21:10:07.745-455326-178931,843,true,33.38150146523891,1,4146.021538571815,1.0,0.993
2026-03-22T21:10:07.745-455326-178931,646,true,3.1774226885776096,1,4142.8441158832375,1.0,0.984
2026-03-22T21:10:07.745-455326-178931,88,true,0.7872076821818751,1,4142.056908201055,1.0,0.983
2026-03-22T21:10:07.745-455326-178931,374,false,0.1316381929409965,1,4142.056908201055,1.0,1.0
2026-03-22T21:10:07.745-455326-178931,771,true,2.0140274915567864,1,4140.042880709499,1.0,0.99
2026-03-22T21:10:07.745-455326-178931,264,true,10.0574451270754,1,4129.985435582424,1.0,0.99
2026-03-22T21:10:07.745-455326-178931,377,true,4.3960815047530195,1,4125.589354077671,1.0,0.993
2026-03-22T21:10:07.745-455326-178931,414,true,0.6109952982708236,1,4124.9783587794,1.0,0.988
2026-03-22T21:10:07.745-455326-178931,491,true,4.819333652696481,1,4120.159025126703,1.0,0.992
2026-03-22T21:10:07.745-455326-178931,876,true,1.6587548224561441,1,4118.500270304247,1.0,0.994
2026-03-22T21:10:07.745-455326-178931,245,true,1.2382210556223385,1,4117.262049248625,1.0,0.991
2026-03-22T21:10:07.745-455326-178931,138,false,0.11390988278486613,1,4117.262049248625,1.0,1.0
2026-03-22T21:10:07.745-455326-178931,335,false,0.09905927559615545,1,4117.262049248625,1.0,1.0
2026-03-22T21:10:07.745-455326-178931,773,true,29.84994051115307,1,4087.412108737472,1.0,0.726
2026-03-22T21:10:07.745-455326-178931,839,true,8.552580904619079,1,4078.859527832853,1.0,0.989
2026-03-22T21:10:07.745-455326-178931,266,true,9.905237596223893,1,4068.9542902366293,1.0,0.737
2026-03-22T21:10:07.745-455326-178931,513,true,2.2802926984509373,1,4066.6739975381784,1.0,0.993
2026-03-22T21:10:07.745-455326-178931,662,true,144.06225490712472,1,3922.611742631054,1.0,0.99
2026-03-22T21:10:07.745-455326-178931,292,true,0.2160146281146797,1,3922.395728002939,1.0,0.991
2026-03-22T21:10:07.745-455326-178931,148,true,0.2648913314058309,1,3922.130836671533,1.0,0.988
2026-03-22T21:10:07.745-455326-178931,989,true,1.1234403474172647,1,3921.0073963241157,1.0,0.73
2026-03-22T21:10:07.745-455326-178931,873,true,1.0216671335530194,1,3919.985729190563,1.0,0.758
2026-03-22T21:10:07.745-455326-178931,810,true,5.3626159718694115,1,3914.6231132186936,1.0,0.397
2026-03-22T21:10:07.745-455326-178931,777,true,15.659708526926329,1,3898.963404691767,1.0,0.992
2026-03-22T21:10:07.745-455326-178931,946,true,7.213026687802827,1,3891.750378003964,1.0,0.729
2026-03-22T21:10:07.745-455326-178931,488,true,6.153019598683835,1,3885.5973584052804,1.0,0.724
2026-03-22T21:10:07.745-455326-178931,855,true,29.55901788596033,1,3856.03834051932,1.0,0.988
2026-03-22T21:10:07.745-455326-178931,106,true,0.2529112702635939,1,3855.7854292490565,1.0,0.988
2026-03-22T21:10:07.745-455326-178931,741,true,7.51393248741796,1,3848.2714967616384,1.0,0.992
2026-03-22T21:10:07.745-455326-178931,33,true,106.44545769921338,1,3741.826039062425,1.0,0.988
2026-03-22T21:10:07.745-455326-178931,842,true,3.7376382325493474,1,3738.088400829876,1.0,0.04500000000000004
2026-03-22T21:10:07.745-455326-178931,351,true,2.241982726582019,1,3735.8464181032937,1.0,0.768
2026-03-22T21:10:07.745-455326-178931,484,false,0.08335852521108922,1,3735.8464181032937,1.0,1.0
2026-03-22T21:10:07.745-455326-178931,953,true,51.714345629539885,1,3684.132072473754,1.0,0.99
2026-03-22T21:10:07.745-455326-178931,28,true,2.9082693698494912,1,3681.223803103904,1.0,0.989
2026-03-22T21:10:07.745-455326-178931,699,true,30.525884298861843,1,3650.6979188050423,1.0,0.861
2026-03-22T21:10:07.745-455326-178931,648,true,3.743404556799789,1,3646.9545142482425,1.0,0.739
2026-03-22T21:10:07.745-455326-178931,725,true,0.4471679597456995,1,3646.5073462884966,1.0,0.761
2026-03-22T21:10:07.745-455326-178931,588,true,23.421511233259803,1,3623.0858350552367,1.0,0.99
2026-03-22T21:10:07.745-455326-178931,62,true,27.0653318093069,1,3596.02050324593,1.0,0.989
2026-03-22T21:10:07.745-455326-178931,411,true,0.6763044390388415,1,3595.344198806891,1.0,0.724
2026-03-22T21:10:07.745-455326-178931,595,true,57.53514677013538,1,3537.809052036756,1.0,0.997
2026-03-22T21:10:07.745-455326-178931,123,false,0.026882044450676042,1,3537.809052036756,1.0,1.0
2026-03-22T21:10:07.745-455326-178931,899,true,11.381282302510652,1,3526.4277697342454,1.0,0.996
2026-03-22T21:10:07.745-455326-178931,923,true,0.5917092705890927,1,3525.8360604636564,1.0,0.989
2026-03-22T21:10:07.745-455326-178931,984,true,9.437025281757991,1,3516.3990351818984,1.0,0.74
2026-03-22T21:10:07.745-455326-178931,542,true,2.733848591509713,1,3513.6651865903887,1.0,0.991
2026-03-22T21:10:07.745-455326-178931,495,false,0.08488238283127732,1,3513.6651865903887,1.0,1.0
2026-03-22T21:10:07.745-455326-178931,673,true,2.599882996475221,1,3511.0653035939135,1.0,0.989
2026-03-22T21:10:07.745-455326-178931,17,true,2.4487343603623133,1,3508.616569233551,1.0,0.99
2026-03-22T21:10:07.745-455326-178931,439,true,0.47100514697621343,1,3508.145564086575,1.0,0.995
2026-03-22T21:10:07.745-455326-178931,241,true,1.4598116305794209,1,3506.685752455996,1.0,0.991
2026-03-22T21:10:07.745-455326-178931,307,true,0.8566224684765632,1,3505.8291299875195,1.0,0.986
2026-03-22T21:10:07.745-455326-178931,369,true,75.62346101056318,1,3430.2056689769565,1.0,0.986
2026-03-22T21:10:07.745-455326-178931,344,true,1.9137362619646363,1,3428.291932714992,1.0,0.99
2026-03-22T21:10:07.745-455326-178931,316,true,14.197996223403523,1,3414.0939364915885,1.0,0.993
2026-03-22T21:10:07.745-455326-178931,19,true,0.32213337468929965,1,3413.7718031168993,1.0,0.743
2026-03-22T21:10:07.745-455326-178931,117,true,45.87835121510532,1,3367.893451901794,1.0,0.988
2026-03-22T21:10:07.745-455326-178931,151,false,0.03393888602312364,1,3367.893451901794,1.0,1.0
2026-03-22T21:10:07.745-455326-178931,424,true,3.56999615208556,1,3364.3234557497085,1.0,0.99
2026-03-22T21:10:07.745-455326-178931,425,true,2.829346112287305,1,3361.4941096374214,1.0,0.734
2026-03-22T21:10:07.745-455326-178931,919,true,3.8930931986909427,1,3357.6010164387303,1.0,0.995
2026-03-22T21:10:07.745-455326-178931,926,true,49.771779777889876,1,3307.8292366608403,1.0,0.83
2026-03-22T21:10:07.745-455326-178931,895,true,61.397477790983686,1,3246.4317588698564,1.0,0.991
2026-03-22T21:10:07.745-455326-178931,483,true,15.54122975209289,1,3230.8905291177634,1.0,0.99
2026-03-22T21:10:07.745-455326-178931,669,true,11.35056165458624,1,3219.539967463177,1.0,0.721
2026-03-22T21:10:07.745-455326-178931,841,true,2.783600751717272,1,3216.75636671146,1.0,0.0
2026-03-22T21:10:07.745-455326-178931,530,true,0.42225105257732365,1,3216.3341156588826,1.0,0.986
2026-03-22T21:10:07.745-455326-178931,367,true,34.1067884792043,1,3182.2273271796785,1.0,0.7130000000000001
2026-03-22T21:10:07.745-455326-178931,122,true,1.915818985529776,1,3180.3115081941487,1.0,0.993
2026-03-22T21:10:07.745-455326-178931,390,true,31.005030963127478,1,3149.3064772310213,1.0,0.722
2026-03-22T21:10:07.745-455326-178931,868,true,154.41028137596498,1,2994.8961958550562,1.0,0.994
2026-03-22T21:10:07.745-455326-178931,912,true,0.6911361667139735,1,2994.2050596883423,1.0,0.99
2026-03-22T21:10:07.745-455326-178931,402,true,15.539383020666389,1,2978.665676667676,1.0,0.99
2026-03-22T21:10:07.745-455326-178931,328,true,1.3026675468211133,1,2977.3630091208547,1.0,0.993
2026-03-22T21:10:07.745-455326-178931,22,true,0.35191425110448643,1,2977.01109486975,1.0,0.727
2026-03-22T21:10:07.745-455326-178931,715,true,2.797556679597218,1,2974.213538190153,1.0,0.728
2026-03-22T21:10:07.745-455326-178931,107,true,0.996631946772747,1,2973.2169062433804,1.0,0.764
2026-03-22T21:10:07.745-455326-178931,360,true,3.8342572509809463,1,2969.3826489923995,1.0,0.988
2026-03-22T21:10:07.745-455326-178931,969,true,21.171314218925115,1,2948.2113347734744,1.0,0.991
2026-03-22T21:10:07.745-455326-178931,230,true,0.6877603412035233,1,2947.523574432271,1.0,0.994
2026-03-22T21:10:07.745-455326-178931,204,true,32.224248824522256,1,2915.2993256077484,1.0,0.994
2026-03-22T21:10:07.745-455326-178931,48,true,1.2265138061712193,1,2914.0728118015772,1.0,0.21399999999999997
2026-03-22T21:10:07.745-455326-178931,826,true,34.1467967992838,1,2879.9260150022933,1.0,0.8
2026-03-22T21:10:07.745-455326-178931,971,true,8.346460201785787,1,2871.5795548005076,1.0,0.727
2026-03-22T21:10:07.745-455326-178931,387,false,0.06466060882209751,1,2871.5795548005076,1.0,1.0
2026-03-22T21:10:07.745-455326-178931,285,true,0.21492267267523352,1,2871.3646321278325,1.0,0.992
2026-03-22T21:10:07.745-455326-178931,628,true,17.332551071248314,1,2854.032081056584,1.0,0.991
2026-03-22T21:10:07.745-455326-178931,272,true,2.2478045720768187,1,2851.7842764845072,1.0,0.988
2026-03-22T21:10:07.745-455326-178931,910,true,0.5552617822014995,1,2851.229014702306,1.0,0.7050000000000001
2026-03-22T21:10:07.745-455326-178931,71,true,13.091177155914282,1,2838.1378375463914,1.0,0.991
2026-03-22T21:10:07.745-455326-178931,562,false,0.07508935778150023,1,2838.1378375463914,1.0,1.0
2026-03-22T21:10:07.745-455326-178931,943,true,10.11262625502208,1,2828.0252112913695,1.0,0.728
2026-03-22T21:10:07.745-455326-178931,350,true,6.5664427889461905,1,2821.4587685024235,1.0,0.052000000000000046
2026-03-22T21:10:07.745-455326-178931,409,true,308.30392887862513,1,2513.1548396237986,1.0,0.6779999999999999
2026-03-22T21:10:07.745-455326-178931,609,true,17.43287842043514,1,2495.7219612033637,1.0,0.993
2026-03-22T21:10:07.745-455326-178931,660,true,1.0475496280663896,1,2494.674411575297,1.0,0.694
2026-03-22T21:10:07.745-455326-178931,540,false,0.10480908656444195,1,2494.674411575297,1.0,1.0
2026-03-22T21:10:07.745-455326-178931,362,true,0.2829916759700175,1,2494.391419899327,1.0,0.761
2026-03-22T21:10:07.745-455326-178931,234,true,5.3245885706174425,1,2489.0668313287097,1.0,0.842
2026-03-22T21:10:07.745-455326-178931,833,true,1.827384621195261,1,2487.2394467075146,1.0,0.992
2026-03-22T21:10:07.745-455326-178931,173,true,2.0991400425664115,1,2485.140306664948,1.0,0.993
2026-03-22T21:10:07.745-455326-178931,584,false,0.0342137457658645,1,2485.140306664948,1.0,1.0
2026-03-22T21:10:07.745-455326-178931,678,true,14.3317196921654,1,2470.808586972783,1.0,0.99
2026-03-22T21:10:07.745-455326-178931,486,false,0.1566688017909914,1,2470.808586972783,1.0,1.0
2026-03-22T21:10:07.745-455326-178931,894,true,0.2682981331203301,1,2470.5402888396625,1.0,0.72
2026-03-22T21:10:07.745-455326-178931,112,true,0.3277324903510568,1,2470.2125563493114,1.0,0.991
2026-03-22T21:10:07.745-455326-178931,634,true,0.562145927832078,1,2469.650410421479,1.0,0.992
2026-03-22T21:10:07.745-455326-178931,888,true,0.6971308570219475,1,2468.9532795644573,1.0,0.989
2026-03-22T21:10:07.745-455326-178931,249,true,40.7757153777689,1,2428.1775641866884,1.0,0.989
2026-03-22T21:10:07.745-455326-178931,199,true,132.30262366502282,1,2295.8749405216654,1.0,0.72
2026-03-22T21:10:07.745-455326-178931,382,true,0.8032682287333286,1,2295.071672292932,1.0,0.99
2026-03-22T21:10:07.745-455326-178931,434,true,4.45712610898063,1,2290.6145461839515,1.0,0.989
2026-03-22T21:10:07.745-455326-178931,520,true,1.4904844642347876,1,2289.124061719717,1.0,0.7110000000000001
2026-03-22T21:10:07.745-455326-178931,480,true,5.134552416069734,1,2283.989509303647,1.0,0.737
2026-03-22T21:10:07.745-455326-178931,134,true,17.258641357952317,1,2266.7308679456946,1.0,0.813
2026-03-22T21:10:07.745-455326-178931,471,true,37.45845704269077,1,2229.2724109030037,1.0,0.995
2026-03-22T21:10:07.745-455326-178931,800,true,0.23912945476753034,1,2229.0332814482363,1.0,0.994
2026-03-22T21:10:07.745-455326-178931,352,true,2.188747520960462,1,2226.8445339272757,1.0,0.0
2026-03-22T21:10:07.745-455326-178931,505,true,1.2952992496167735,1,2225.549234677659,1.0,0.993
2026-03-22T21:10:07.745-455326-178931,212,true,5.078676832685078,1,2220.470557844974,1.0,0.991
2026-03-22T21:10:07.745-455326-178931,986,true,0.9180199773246933,1,2219.5525378676493,1.0,0.0
2026-03-22T21:10:07.745-455326-178931,820,true,0.2751379387998263,1,2219.2773999288497,1.0,0.987
2026-03-22T21:10:07.745-455326-178931,379,false,0.10044082532678707,1,2219.2773999288497,1.0,1.0
2026-03-22T21:10:07.745-455326-178931,501,true,2.2809409711161597,1,2216.9964589577335,1.0,0.994
2026-03-22T21:10:07.745-455326-178931,417,true,1.1024081534308172,1,2215.8940508043024,1.0,0.727
2026-03-22T21:10:07.745-455326-178931,70,true,13.27737582786043,1,2202.616674976442,1.0,0.8009999999999999
2026-03-22T21:10:07.745-455326-178931,996,true,42.365994389441,1,2160.250680587001,1.0,0.992
2026-03-22T21:10:07.745-455326-178931,67,true,1.853435923970643,1,2158.3972446630305,1.0,0.723
2026-03-22T21:10:07.745-455326-178931,104,false,0.08507463697670584,1,2158.3972446630305,1.0,1.0
2026-03-22T21:10:07.745-455326-178931,617,true,1.1183055140629816,1,2157.2789391489673,1.0,0.7170000000000001
2026-03-22T21:10:07.745-455326-178931,790,true,1.8234373562911204,1,2155.4555017926764,1.0,0.995
2026-03-22T21:10:07.745-455326-178931,171,true,35.34236550482566,1,2120.113136287851,1.0,0.7090000000000001
2026-03-22T21:10:07.745-455326-178931,430,false,0.17302879858283976,1,2120.113136287851,1.0,1.0
2026-03-22T21:10:07.745-455326-178931,585,true,1.2938249071942935,1,2118.8193113806565,1.0,0.792
2026-03-22T21:10:07.745-455326-178931,447,true,4.7799128705727565,1,2114.0393985100836,1.0,0.992
2026-03-22T21:10:07.745-455326-178931,539,true,2.100606271943706,1,2111.9387922381397,1.0,0.7170000000000001
2026-03-22T21:10:07.745-455326-178931,870,true,1.4632795811034462,1,2110.4755126570362,1.0,0.038000000000000034
2026-03-22T21:10:07.745-455326-178931,261,true,0.21871186592077135,1,2110.2568007911154,1.0,0.754
2026-03-22T21:10:07.745-455326-178931,81,true,1.594986708466325,1,2108.661814082649,1.0,0.784
2026-03-22T21:10:07.745-455326-178931,552,true,16.742836860190213,1,2091.9189772224586,1.0,0.993
2026-03-22T21:10:07.745-455326-178931,322,false,0.1751215205564163,1,2091.9189772224586,1.0,1.0
2026-03-22T21:10:07.745-455326-178931,128,false,0.09429937658122059,1,2091.9189772224586,1.0,1.0
2026-03-22T21:10:07.745-455326-178931,193,true,1.4589362908738168,1,2090.460040931585,1.0,0.751
2026-03-22T21:10:07.745-455326-178931,343,true,0.22796396458111207,1,2090.2320769670036,1.0,0.7150000000000001
2026-03-22T21:10:07.745-455326-178931,659,true,15.526871092232838,1,2074.705205874771,1.0,0.039000000000000035
2026-03-22T21:10:07.745-455326-178931,700,false,0.028646830075965402,1,2074.705205874771,1.0,1.0
2026-03-22T21:10:07.745-455326-178931,450,false,0.005259703456642781,1,2074.705205874771,1.0,1.0
2026-03-22T21:10:07.745-455326-178931,403,true,0.2421001082440035,1,2074.463105766527,1.0,0.7170000000000001
2026-03-22T21:10:07.745-455326-178931,935,true,1.5214949334929755,1,2072.941610833034,1.0,0.741
2026-03-22T21:10:07.745-455326-178931,296,true,37.67280799377505,1,2035.2688028392588,1.0,0.989
2026-03-22T21:10:07.745-455326-178931,64,true,1.4057913316178559,1,2033.863011507641,1.0,0.05600000000000005
2026-03-22T21:10:07.745-455326-178931,503,true,0.44490901998591387,1,2033.418102487655,1.0,0.04700000000000004
2026-03-22T21:10:07.745-455326-178931,852,true,5.492692850599063,1,2027.925409637056,1.0,0.8160000000000001
2026-03-22T21:10:07.745-455326-178931,883,true,19.79057186605095,1,2008.134837771005,1.0,0.992
2026-03-22T21:10:07.745-455326-178931,228,true,27.3055419764488,1,1980.8292957945564,1.0,0.726
2026-03-22T21:10:07.745-455326-178931,616,true,11.100086631004817,1,1969.7292091635516,1.0,0.7969999999999999
2026-03-22T21:10:07.745-455326-178931,566,true,47.00358201870675,1,1922.7256271448448,1.0,0.991
2026-03-22T21:10:07.745-455326-178931,422,true,0.29439204367716015,1,1922.4312351011677,1.0,0.06000000000000005
2026-03-22T21:10:07.745-455326-178931,155,true,1.86190724197484,1,1920.5693278591928,1.0,0.993
2026-03-22T21:10:07.745-455326-178931,786,true,1.1949569712337453,1,1919.374370887959,1.0,0.988
2026-03-22T21:10:07.745-455326-178931,618,false,0.11259881691820965,1,1919.374370887959,1.0,1.0
2026-03-22T21:10:07.745-455326-178931,305,true,0.9510648856220506,1,1918.4233060023369,1.0,0.8140000000000001
2026-03-22T21:10:07.745-455326-178931,941,true,12.52681348353089,1,1905.8964925188059,1.0,0.732
2026-03-22T21:10:07.745-455326-178931,608,true,23.539026576961188,1,1882.3574659418448,1.0,0.742
2026-03-22T21:10:07.745-455326-178931,386,true,10.748787399325257,1,1871.6086785425196,1.0,0.99
2026-03-22T21:10:07.745-455326-178931,854,true,5.165709238183492,1,1866.442969304336,1.0,0.050000000000000044
2026-03-22T21:10:07.745-455326-178931,15,true,307.35948290778924,1,1559.0834863965467,1.0,0.6950000000000001
2026-03-22T21:10:07.745-455326-178931,1000,true,3.073941433078023,1,1556.0095449634687,1.0,0.988
2026-03-22T21:10:07.745-455326-178931,308,true,7.57747090371913,1,1548.4320740597495,1.0,0.0
2026-03-22T21:10:07.745-455326-178931,916,true,0.23296126179278756,1,1548.1991127979568,1.0,0.718
2026-03-22T21:10:07.745-455326-178931,31,true,36.946888109501145,1,1511.2522246884557,1.0,0.18100000000000005
2026-03-22T21:10:07.745-455326-178931,559,true,2.694523095600204,1,1508.5577015928554,1.0,0.991
2026-03-22T21:10:07.745-455326-178931,830,true,0.8862520712478882,1,1507.6714495216077,1.0,0.735
2026-03-22T21:10:07.745-455326-178931,871,true,1.2046893062226283,1,1506.466760215385,1.0,0.0
2026-03-22T21:10:07.745-455326-178931,558,true,46.18776166299813,1,1460.2789985523868,1.0,0.743
2026-03-22T21:10:07.745-455326-178931,345,true,3.399753741306507,1,1456.8792448110803,1.0,0.22299999999999998
2026-03-22T21:10:07.745-455326-178931,636,true,18.85649013158808,1,1438.0227546794922,1.0,0.719
2026-03-22T21:10:07.745-455326-178931,116,true,3.3311772095870853,1,1434.691577469905,1.0,0.732
2026-03-22T21:10:07.745-455326-178931,565,false,0.11448339334772674,1,1434.691577469905,1.0,1.0
2026-03-22T21:10:07.745-455326-178931,334,true,6.763697790533093,1,1427.927879679372,1.0,0.989
2026-03-22T21:10:07.745-455326-178931,502,true,0.9448739413834751,1,1426.9830057379884,1.0,0.0
2026-03-22T21:10:07.745-455326-178931,672,false,0.04136672820846778,1,1426.9830057379884,1.0,1.0
2026-03-22T21:10:07.745-455326-178931,195,false,0.0883791778323398,1,1426.9830057379884,1.0,1.0
2026-03-22T21:10:07.745-455326-178931,356,true,1.1802563895692753,1,1425.8027493484192,1.0,0.724
2026-03-22T21:10:07.745-455326-178931,323,true,1.9055648413890065,1,1423.8971845070303,1.0,0.988
2026-03-22T21:10:07.745-455326-178931,163,true,2.3667407140666663,1,1421.5304437929635,1.0,0.988
2026-03-22T21:10:07.745-455326-178931,829,true,7.653594531174116,1,1413.8768492617894,1.0,0.05600000000000005
2026-03-22T21:10:07.745-455326-178931,185,true,157.63612541385157,1,1256.2407238479377,1.0,0.99
2026-03-22T21:10:07.745-455326-178931,101,false,0.12484826374652785,1,1256.2407238479377,1.0,1.0
2026-03-22T21:10:07.745-455326-178931,872,true,2.8115080112971786,1,1253.4292158366404,1.0,0.0
2026-03-22T21:10:07.745-455326-178931,951,true,0.30884821062640266,1,1253.120367626014,1.0,0.049000000000000044
2026-03-22T21:10:07.745-455326-178931,406,true,136.29356448471216,1,1116.826803141302,1.0,0.019000000000000017
2026-03-22T21:10:07.745-455326-178931,346,true,6.537924340628866,1,1110.288878800673,1.0,0.0
2026-03-22T21:10:07.745-455326-178931,41,true,0.890486174873134,1,1109.3983926258,1.0,0.986
2026-03-22T21:10:07.745-455326-178931,774,true,6.565632664704338,1,1102.8327599610957,1.0,0.0
2026-03-22T21:10:07.745-455326-178931,638,true,0.9346483369253814,1,1101.8981116241703,1.0,0.733
2026-03-22T21:10:07.745-455326-178931,656,true,2.1880094902395255,1,1099.7101021339308,1.0,0.808
2026-03-22T21:10:07.745-455326-178931,572,true,0.3558375076448037,1,1099.354264626286,1.0,0.988
2026-03-22T21:10:07.745-455326-178931,39,true,62.65066183459725,1,1036.7036027916888,1.0,0.745
2026-03-22T21:10:07.745-455326-178931,834,true,4.851641780135681,1,1031.8519610115532,1.0,0.745
2026-03-22T21:10:07.745-455326-178931,338,true,1.688978513426662,1,1030.1629824981264,1.0,0.992
2026-03-22T21:10:07.745-455326-178931,206,true,3.400450478633585,1,1026.762532019493,1.0,0.739
2026-03-22T21:10:07.745-455326-178931,57,false,0.0557166415136122,1,1026.762532019493,1.0,1.0
2026-03-22T21:10:07.745-455326-178931,979,false,0.09374511058267725,1,1026.762532019493,1.0,1.0
2026-03-22T21:10:07.745-455326-178931,16,true,4.061580567410566,1,1022.7009514520823,1.0,0.0
2026-03-22T21:10:07.745-455326-178931,44,true,2.3740762741899597,1,1020.3268751778924,1.0,0.749
2026-03-22T21:10:07.745-455326-178931,670,true,1.2419068979605281,1,1019.0849682799318,1.0,0.0
2026-03-22T21:10:07.745-455326-178931,691,false,0.14158606161306966,1,1019.0849682799318,1.0,1.0
2026-03-22T21:10:07.745-455326-178931,714,true,1.6309117539844828,1,1017.4540565259473,1.0,0.06399999999999995
2026-03-22T21:10:07.745-455326-178931,990,true,5.877743121103344,1,1011.576313404844,1.0,0.04600000000000004
2026-03-22T21:10:07.745-455326-178931,54,true,0.859929712012443,1,1010.7163836928315,1.0,0.748
2026-03-22T21:10:07.745-455326-178931,100,true,0.33047398132639827,1,1010.3859097115052,1.0,0.995
2026-03-22T21:10:07.745-455326-178931,176,true,0.6172836200394674,1,1009.7686260914658,1.0,0.17700000000000005
2026-03-22T21:10:07.745-455326-178931,229,true,66.91901800423746,1,942.8496080872283,1.0,0.03300000000000003
2026-03-22T21:10:07.745-455326-178931,867,true,2.146302521434596,1,940.7033055657937,1.0,0.0
2026-03-22T21:10:07.745-455326-178931,837,true,3.835450556045319,1,936.8678550097484,1.0,0.19899999999999995
2026-03-22T21:10:07.745-455326-178931,737,false,0.0061089442997766565,1,936.8678550097484,1.0,1.0
2026-03-22T21:10:07.745-455326-178931,921,true,22.670525652856206,1,914.1973293568922,1.0,0.05600000000000005
2026-03-22T21:10:07.745-455326-178931,761,true,10.611329925091907,1,903.5859994318002,1.0,0.996
2026-03-22T21:10:07.745-455326-178931,87,true,1.4569555256639368,1,902.1290439061363,1.0,0.753
2026-03-22T21:10:07.745-455326-178931,198,true,2.8690687094889182,1,899.2599751966474,1.0,0.029000000000000026
2026-03-22T21:10:07.745-455326-178931,420,true,1.5752405516686916,1,897.6847346449787,1.0,0.04600000000000004
2026-03-22T21:10:07.745-455326-178931,689,true,1.1833085563319161,1,896.5014260886468,1.0,0.0030000000000000027
2026-03-22T21:10:07.745-455326-178931,885,true,22.73701401678045,1,873.7644120718663,1.0,0.040000000000000036
2026-03-22T21:10:07.745-455326-178931,887,true,80.882050672692,1,792.8823613991743,1.0,0.17500000000000004
2026-03-22T21:10:07.745-455326-178931,407,true,0.8246894106135699,1,792.0576719885607,1.0,0.016000000000000014
2026-03-22T21:10:07.745-455326-178931,536,true,59.21495624815219,1,732.8427157404085,1.0,0.779
2026-03-22T21:10:07.745-455326-178931,571,true,1.509315214198463,1,731.3334005262101,1.0,0.761
2026-03-22T21:10:07.745-455326-178931,770,true,2.6279369156624783,1,728.7054636105476,1.0,0.04600000000000004
2026-03-22T21:10:07.745-455326-178931,612,true,11.361465859091938,1,717.3439977514556,1.0,0.733
2026-03-22T21:10:07.745-455326-178931,133,true,16.05266658265549,1,701.2913311688001,1.0,0.735
2026-03-22T21:10:07.745-455326-178931,105,true,0.587666078487881,1,700.7036650903121,1.0,0.19299999999999995
2026-03-22T21:10:07.745-455326-178931,904,false,0.1451450431194091,1,700.7036650903121,1.0,1.0
2026-03-22T21:10:07.745-455326-178931,859,true,17.929762988373714,1,682.7739021019385,1.0,0.99
2026-03-22T21:10:07.745-455326-178931,644,true,2.5812496441681696,1,680.1926524577702,1.0,0.744
2026-03-22T21:10:07.745-455326-178931,286,true,0.7609509049479575,1,679.4317015528222,1.0,0.8029999999999999
2026-03-22T21:10:07.745-455326-178931,92,true,31.160526263823247,1,648.271175288999,1.0,0.991
2026-03-22T21:10:07.745-455326-178931,600,true,34.154739542568755,1,614.1164357464302,1.0,0.727
2026-03-22T21:10:07.745-455326-178931,934,true,34.047494556384535,1,580.0689411900456,1.0,0.379
2026-03-22T21:10:07.745-455326-178931,748,true,0.510845604044293,1,579.5580955860013,1.0,0.983
2026-03-22T21:10:07.745-455326-178931,633,true,0.3506901762483065,1,579.2074054097529,1.0,0.0
2026-03-22T21:10:07.745-455326-178931,626,true,2.6743178917374473,1,576.5330875180155,1.0,0.723
2026-03-22T21:10:07.745-455326-178931,184,false,0.2031149942772849,1,576.5330875180155,1.0,1.0
2026-03-22T21:10:07.745-455326-178931,627,true,0.6518769207929801,1,575.8812105972224,1.0,0.052000000000000046
2026-03-22T21:10:07.745-455326-178931,661,true,4.659917361885744,1,571.2212932353367,1.0,0.0
2026-03-22T21:10:07.745-455326-178931,435,true,78.97956003965153,1,492.2417331956852,1.0,0.716
2026-03-22T21:10:07.745-455326-178931,901,false,0.09811170296505715,1,492.2417331956852,1.0,1.0
2026-03-22T21:10:07.745-455326-178931,697,true,0.8239699577011251,1,491.41776323798405,1.0,0.051000000000000045
2026-03-22T21:10:07.745-455326-178931,784,true,157.25801848736904,1,334.159744750615,1.0,0.31999999999999995
2026-03-22T21:10:07.745-455326-178931,695,true,4.80113271037888,1,329.35861204023615,1.0,0.0
2026-03-22T21:10:07.745-455326-178931,654,true,1446.245463338327,1,-1116.8868512980907,1.0,0.544
2026-03-22T21:10:07.745-868789-658963,859,false,1.5015146317149897,1,4921.288889007111,1.0,1.0
2026-03-22T21:10:07.745-868789-658963,38,false,33.6286399156862,1,4921.288889007111,1.0,1.0
2026-03-22T21:10:07.745-868789-658963,552,false,2.8308683863414705,1,4921.288889007111,1.0,1.0
2026-03-22T21:10:07.745-868789-658963,381,false,2.0292603793873427,1,4921.288889007111,1.0,1.0
2026-03-22T21:10:07.745-868789-658963,515,false,0.8253313438961547,1,4921.288889007111,1.0,1.0
2026-03-22T21:10:07.745-868789-658963,158,false,4.382509317071563,1,4921.288889007111,1.0,1.0
2026-03-22T21:10:07.745-868789-658963,26,false,2.810525387759476,1,4921.288889007111,1.0,1.0
2026-03-22T21:10:07.745-868789-658963,705,false,4.720494541431016,1,4921.288889007111,1.0,1.0
2026-03-22T21:10:07.745-868789-658963,35,false,0.2283367210793087,1,4921.288889007111,1.0,1.0
2026-03-22T21:10:07.745-868789-658963,80,false,1.9336244382808612,1,4921.288889007111,1.0,1.0
2026-03-22T21:10:07.745-868789-658963,238,false,0.5626545554631757,1,4921.288889007111,1.0,1.0
2026-03-22T21:10:07.745-868789-658963,892,false,0.1757947226270795,1,4921.288889007111,1.0,1.0
2026-03-22T21:10:07.745-868789-658963,283,false,1.2195511044238765,1,4921.288889007111,1.0,1.0
2026-03-22T21:10:07.745-868789-658963,725,false,1.1684812143999603,1,4921.288889007111,1.0,1.0
2026-03-22T21:10:07.745-868789-658963,5,false,0.010876593846474767,1,4921.288889007111,1.0,1.0
2026-03-22T21:10:07.745-868789-658963,531,true,115.12433045127094,1,4806.16455855584,1.0,0.999
2026-03-22T21:10:07.745-868789-658963,337,false,1.1748080071314426,1,4806.16455855584,1.0,1.0
2026-03-22T21:10:07.745-868789-658963,612,false,0.6243065502522082,1,4806.16455855584,1.0,1.0
2026-03-22T21:10:07.745-868789-658963,943,false,1.1240795828167172,1,4806.16455855584,1.0,1.0
2026-03-22T21:10:07.745-868789-658963,427,false,20.121578899866087,1,4806.16455855584,1.0,1.0
2026-03-22T21:10:07.745-868789-658963,112,false,0.9350346875036295,1,4806.16455855584,1.0,1.0
2026-03-22T21:10:07.745-868789-658963,703,false,8.660144566120522,1,4806.16455855584,1.0,1.0
2026-03-22T21:10:07.745-868789-658963,487,false,1.087173980890657,1,4806.16455855584,1.0,1.0
2026-03-22T21:10:07.745-868789-658963,853,false,2.583294068146991,1,4806.16455855584,1.0,1.0
2026-03-22T21:10:07.745-868789-658963,991,true,0.9410696078145893,1,4805.223488948025,1.0,0.999
2026-03-22T21:10:07.745-868789-658963,155,false,1.4975272192511215,1,4805.223488948025,1.0,1.0
2026-03-22T21:10:07.745-868789-658963,121,false,0.40604559508369287,1,4805.223488948025,1.0,1.0
2026-03-22T21:10:07.745-868789-658963,882,false,0.5562889715614332,1,4805.223488948025,1.0,1.0
2026-03-22T21:10:07.745-868789-658963,800,false,0.14371646160083756,1,4805.223488948025,1.0,1.0
2026-03-22T21:10:07.745-868789-658963,17,false,1.6271153641982352,1,4805.223488948025,1.0,1.0
2026-03-22T21:10:07.745-868789-658963,754,false,0.7034882540288661,1,4805.223488948025,1.0,1.0
2026-03-22T21:10:07.745-868789-658963,766,false,0.502216628230875,1,4805.223488948025,1.0,1.0
2026-03-22T21:10:07.745-868789-658963,694,false,47.676774401276475,1,4805.223488948025,1.0,1.0
2026-03-22T21:10:07.745-868789-658963,490,false,1.208365311924255,1,4805.223488948025,1.0,1.0
2026-03-22T21:10:07.745-868789-658963,48,false,3.7513744409446272,1,4805.223488948025,1.0,1.0
2026-03-22T21:10:07.745-868789-658963,979,false,23.610890300430356,1,4805.223488948025,1.0,1.0
2026-03-22T21:10:07.745-868789-658963,886,false,0.1129754670662148,1,4805.223488948025,1.0,1.0
2026-03-22T21:10:07.745-868789-658963,269,false,22.300226721766716,1,4805.223488948025,1.0,1.0
2026-03-22T21:10:07.745-868789-658963,129,false,3.167454593815734,1,4805.223488948025,1.0,1.0
2026-03-22T21:10:07.745-868789-658963,338,false,0.764570928362927,1,4805.223488948025,1.0,1.0
2026-03-22T21:10:07.745-868789-658963,895,false,5.039056755743804,1,4805.223488948025,1.0,1.0
2026-03-22T21:10:07.745-868789-658963,197,false,1.798312416303756,1,4805.223488948025,1.0,1.0
2026-03-22T21:10:07.745-868789-658963,173,false,3.0694844825809247,1,4805.223488948025,1.0,1.0
2026-03-22T21:10:07.745-868789-658963,215,false,37.27008876128682,1,4805.223488948025,1.0,1.0
2026-03-22T21:10:07.745-868789-658963,198,false,3.7990671352912986,1,4805.223488948025,1.0,1.0
2026-03-22T21:10:07.745-868789-658963,518,false,0.08804145780194761,1,4805.223488948025,1.0,1.0
2026-03-22T21:10:07.745-868789-658963,538,false,4.0488393213030776,1,4805.223488948025,1.0,1.0
2026-03-22T21:10:07.745-868789-658963,773,false,12.437559653910574,1,4805.223488948025,1.0,1.0
2026-03-22T21:10:07.745-868789-658963,270,false,0.8528209866176418,1,4805.223488948025,1.0,1.0
2026-03-22T21:10:07.745-868789-658963,763,false,0.04857947903210086,1,4805.223488948025,1.0,1.0
2026-03-22T21:10:07.745-868789-658963,352,false,9.188301827463667,1,4805.223488948025,1.0,1.0
2026-03-22T21:10:07.745-868789-658963,313,false,0.1082184343412299,1,4805.223488948025,1.0,1.0
2026-03-22T21:10:07.745-868789-658963,599,false,8.726409166341842,1,4805.223488948025,1.0,1.0
2026-03-22T21:10:07.745-868789-658963,86,false,17.467449679803135,1,4805.223488948025,1.0,1.0
2026-03-22T21:10:07.745-868789-658963,110,false,1.9682426310574697,1,4805.223488948025,1.0,1.0
2026-03-22T21:10:07.745-868789-658963,873,false,4.24511782847443,1,4805.223488948025,1.0,1.0
2026-03-22T21:10:07.745-868789-658963,630,false,0.28184475248655083,1,4805.223488948025,1.0,1.0
2026-03-22T21:10:07.745-868789-658963,298,true,5.786274058570767,1,4799.4372148894545,1.0,0.999
2026-03-22T21:10:07.745-868789-658963,736,false,0.13014146961760648,1,4799.4372148894545,1.0,1.0
2026-03-22T21:10:07.745-868789-658963,496,false,80.27764634765404,1,4799.4372148894545,1.0,1.0
2026-03-22T21:10:07.745-868789-658963,958,false,36.155887667693264,1,4799.4372148894545,1.0,1.0
2026-03-22T21:10:07.745-868789-658963,846,false,0.1912326036776563,1,4799.4372148894545,1.0,1.0
2026-03-22T21:10:07.745-868789-658963,731,false,1.6347485288107537,1,4799.4372148894545,1.0,1.0
2026-03-22T21:10:07.745-868789-658963,461,false,3.3700402312340803,1,4799.4372148894545,1.0,1.0
2026-03-22T21:10:07.745-868789-658963,449,false,0.9222380540939152,1,4799.4372148894545,1.0,1.0
2026-03-22T21:10:07.745-868789-658963,933,false,1.822055385828364,1,4799.4372148894545,1.0,1.0
2026-03-22T21:10:07.745-868789-658963,177,false,4.6014962402472905,1,4799.4372148894545,1.0,1.0
2026-03-22T21:10:07.745-868789-658963,358,false,12.21123507418231,1,4799.4372148894545,1.0,1.0
2026-03-22T21:10:07.745-868789-658963,715,false,8.362946488238407,1,4799.4372148894545,1.0,1.0
2026-03-22T21:10:07.745-868789-658963,549,false,3.812042012951503,1,4799.4372148894545,1.0,1.0
2026-03-22T21:10:07.745-868789-658963,214,false,2.3079279496749288,1,4799.4372148894545,1.0,1.0
2026-03-22T21:10:07.745-868789-658963,944,false,0.05847591848641604,1,4799.4372148894545,1.0,1.0
2026-03-22T21:10:07.745-868789-658963,888,false,4.761405303855957,1,4799.4372148894545,1.0,1.0
2026-03-22T21:10:07.745-868789-658963,495,false,13.138752880569461,1,4799.4372148894545,1.0,1.0
2026-03-22T21:10:07.745-868789-658963,734,false,6.340221355382499,1,4799.4372148894545,1.0,1.0
2026-03-22T21:10:07.745-868789-658963,697,false,0.20934458323192043,1,4799.4372148894545,1.0,1.0
2026-03-22T21:10:07.745-868789-658963,435,false,4.8219297235408245,1,4799.4372148894545,1.0,1.0
2026-03-22T21:10:07.745-868789-658963,396,false,0.625986689210854,1,4799.4372148894545,1.0,1.0
2026-03-22T21:10:07.745-868789-658963,342,false,1.2555443614178867,1,4799.4372148894545,1.0,1.0
2026-03-22T21:10:07.745-868789-658963,470,false,6.204053251438597,1,4799.4372148894545,1.0,1.0
2026-03-22T21:10:07.745-868789-658963,398,false,0.20734133028674498,1,4799.4372148894545,1.0,1.0
2026-03-22T21:10:07.745-868789-658963,107,false,8.824970701639456,1,4799.4372148894545,1.0,1.0
2026-03-22T21:10:07.745-868789-658963,12,false,90.55408011796145,1,4799.4372148894545,1.0,1.0
2026-03-22T21:10:07.745-868789-658963,984,false,0.020992285859716443,1,4799.4372148894545,1.0,1.0
2026-03-22T21:10:07.745-868789-658963,312,false,5.628010603715868,1,4799.4372148894545,1.0,1.0
2026-03-22T21:10:07.745-868789-658963,971,false,21.84110922298357,1,4799.4372148894545,1.0,1.0
2026-03-22T21:10:07.745-868789-658963,164,false,0.16893390934256894,1,4799.4372148894545,1.0,1.0
2026-03-22T21:10:07.745-868789-658963,216,false,5.687606870800691,1,4799.4372148894545,1.0,1.0
2026-03-22T21:10:07.745-868789-658963,125,false,5.910097301857652,1,4799.4372148894545,1.0,1.0
2026-03-22T21:10:07.745-868789-658963,486,false,1.31468599901916,1,4799.4372148894545,1.0,1.0
2026-03-22T21:10:07.745-868789-658963,963,false,42.25923696991904,1,4799.4372148894545,1.0,1.0
2026-03-22T21:10:07.745-868789-658963,204,false,0.5908474461462349,1,4799.4372148894545,1.0,1.0
2026-03-22T21:10:07.745-868789-658963,757,false,1.9485148031352744,1,4799.4372148894545,1.0,1.0
2026-03-22T21:10:07.745-868789-658963,385,false,0.16991058238543064,1,4799.4372148894545,1.0,1.0
2026-03-22T21:10:07.745-868789-658963,802,false,1.897530529521636,1,4799.4372148894545,1.0,1.0
2026-03-22T21:10:07.745-868789-658963,893,true,9.58036819646566,1,4789.856846692989,1.0,0.999
2026-03-22T21:10:07.745-868789-658963,180,false,166.40341368760562,1,4789.856846692989,1.0,1.0
2026-03-22T21:10:07.745-868789-658963,640,false,0.041990504097721516,1,4789.856846692989,1.0,1.0
2026-03-22T21:10:07.745-868789-658963,406,false,6.602358855561538,1,4789.856846692989,1.0,1.0
2026-03-22T21:10:07.745-868789-658963,184,false,38.94256675578709,1,4789.856846692989,1.0,1.0
2026-03-22T21:10:07.745-868789-658963,224,false,6.464108311106181,1,4789.856846692989,1.0,1.0
2026-03-22T21:10:07.745-868789-658963,400,false,1.0581267598442112,1,4789.856846692989,1.0,1.0
2026-03-22T21:10:07.745-868789-658963,130,false,13.905761447941769,1,4789.856846692989,1.0,1.0
2026-03-22T21:10:07.745-868789-658963,272,false,6.333884288464359,1,4789.856846692989,1.0,1.0
2026-03-22T21:10:07.745-868789-658963,735,false,16.53742549097189,1,4789.856846692989,1.0,1.0
2026-03-22T21:10:07.745-868789-658963,615,false,0.7871136047039851,1,4789.856846692989,1.0,1.0
2026-03-22T21:10:07.745-868789-658963,737,false,4.135779751541927,1,4789.856846692989,1.0,1.0
2026-03-22T21:10:07.745-868789-658963,811,false,1.211412303502481,1,4789.856846692989,1.0,1.0
2026-03-22T21:10:07.745-868789-658963,553,false,20.606419587478083,1,4789.856846692989,1.0,1.0
2026-03-22T21:10:07.745-868789-658963,662,false,0.5008978723087254,1,4789.856846692989,1.0,1.0
2026-03-22T21:10:07.745-868789-658963,508,false,1.0458012093109141,1,4789.856846692989,1.0,1.0
2026-03-22T21:10:07.745-868789-658963,147,false,5.555085986207657,1,4789.856846692989,1.0,1.0
2026-03-22T21:10:07.745-868789-658963,278,false,8.829058005157666,1,4789.856846692989,1.0,1.0
2026-03-22T21:10:07.745-868789-658963,580,false,10.544979968315582,1,4789.856846692989,1.0,1.0
2026-03-22T21:10:07.745-868789-658963,548,false,5.212410150645968,1,4789.856846692989,1.0,1.0
2026-03-22T21:10:07.745-868789-658963,389,false,0.915112946247679,1,4789.856846692989,1.0,1.0
2026-03-22T21:10:07.745-868789-658963,102,false,4.0155425835565906,1,4789.856846692989,1.0,1.0
2026-03-22T21:10:07.745-868789-658963,594,false,18.464304425936323,1,4789.856846692989,1.0,1.0
2026-03-22T21:10:07.745-868789-658963,792,false,0.799789141947074,1,4789.856846692989,1.0,1.0
2026-03-22T21:10:07.745-868789-658963,930,false,10.907542058212483,1,4789.856846692989,1.0,1.0
2026-03-22T21:10:07.745-868789-658963,221,false,14.892470721165846,1,4789.856846692989,1.0,1.0
2026-03-22T21:10:07.745-868789-658963,665,false,0.5696711733720626,1,4789.856846692989,1.0,1.0
2026-03-22T21:10:07.745-868789-658963,402,false,1.3280724513931286,1,4789.856846692989,1.0,1.0
2026-03-22T21:10:07.745-868789-658963,310,false,1.465376047168736,1,4789.856846692989,1.0,1.0
2026-03-22T21:10:07.745-868789-658963,329,false,3.4662627905078103,1,4789.856846692989,1.0,1.0
2026-03-22T21:10:07.745-868789-658963,243,false,1.9796810607973194,1,4789.856846692989,1.0,1.0
2026-03-22T21:10:07.745-868789-658963,587,false,48.65946414008208,1,4789.856846692989,1.0,1.0
2026-03-22T21:10:07.745-868789-658963,875,false,4.41445248107534,1,4789.856846692989,1.0,1.0
2026-03-22T21:10:07.745-868789-658963,250,false,6.1969282427742485,1,4789.856846692989,1.0,1.0
2026-03-22T21:10:07.745-868789-658963,494,false,5.803388989748478,1,4789.856846692989,1.0,1.0
2026-03-22T21:10:07.745-868789-658963,343,false,0.43653101504751546,1,4789.856846692989,1.0,1.0
2026-03-22T21:10:07.745-868789-658963,854,false,10.979269560946156,1,4789.856846692989,1.0,1.0
2026-03-22T21:10:07.745-868789-658963,123,false,2.9424785992801663,1,4789.856846692989,1.0,1.0
2026-03-22T21:10:07.745-868789-658963,247,false,52.15164136522265,1,4789.856846692989,1.0,1.0
2026-03-22T21:10:07.745-868789-658963,55,false,0.2530339371199543,1,4789.856846692989,1.0,1.0
2026-03-22T21:10:07.745-868789-658963,653,false,4.49301024691723,1,4789.856846692989,1.0,1.0
2026-03-22T21:10:07.745-868789-658963,779,false,9.238097853998942,1,4789.856846692989,1.0,1.0
2026-03-22T21:10:07.745-868789-658963,821,false,94.72593315992766,1,4789.856846692989,1.0,1.0
2026-03-22T21:10:07.745-868789-658963,667,false,4.131089360020147,1,4789.856846692989,1.0,1.0
2026-03-22T21:10:07.745-868789-658963,709,false,0.5022463697664458,1,4789.856846692989,1.0,1.0
2026-03-22T21:10:07.745-868789-658963,479,false,0.7768191487422778,1,4789.856846692989,1.0,1.0
2026-03-22T21:10:07.745-868789-658963,233,false,1.613265161858475,1,4789.856846692989,1.0,1.0
2026-03-22T21:10:07.745-868789-658963,246,true,461.79587214644306,1,4328.060974546546,1.0,0.999
2026-03-22T21:10:07.745-868789-658963,624,false,65.0837040684889,1,4328.060974546546,1.0,1.0
2026-03-22T21:10:07.745-868789-658963,946,false,4.9620558291514,1,4328.060974546546,1.0,1.0
2026-03-22T21:10:07.745-868789-658963,336,false,0.7326172426412934,1,4328.060974546546,1.0,1.0
2026-03-22T21:10:07.745-868789-658963,940,false,0.554039488232774,1,4328.060974546546,1.0,1.0
2026-03-22T21:10:07.745-868789-658963,951,false,4.728762371118138,1,4328.060974546546,1.0,1.0
2026-03-22T21:10:07.745-868789-658963,564,false,14.174142130024306,1,4328.060974546546,1.0,1.0
2026-03-22T21:10:07.745-868789-658963,861,false,4.9322145385070755,1,4328.060974546546,1.0,1.0
2026-03-22T21:10:07.745-868789-658963,511,false,0.31381232305028006,1,4328.060974546546,1.0,1.0
2026-03-22T21:10:07.745-868789-658963,239,false,1.6256956652432655,1,4328.060974546546,1.0,1.0
2026-03-22T21:10:07.745-868789-658963,372,false,24.350622707389796,1,4328.060974546546,1.0,1.0
2026-03-22T21:10:07.745-868789-658963,303,false,21.380482882884728,1,4328.060974546546,1.0,1.0
2026-03-22T21:10:07.745-868789-658963,807,false,2.678131459424864,1,4328.060974546546,1.0,1.0
2026-03-22T21:10:07.745-868789-658963,823,false,1547.7275053115006,1,4328.060974546546,1.0,1.0
2026-03-22T21:10:07.745-868789-658963,376,false,28.47794872448214,1,4328.060974546546,1.0,1.0
2026-03-22T21:10:07.745-868789-658963,827,true,2.7595096570486253,1,4325.301464889498,1.0,0.999
2026-03-22T21:10:07.745-868789-658963,748,false,39.91904202665932,1,4325.301464889498,1.0,1.0
2026-03-22T21:10:07.745-868789-658963,365,false,60.44123019709658,1,4325.301464889498,1.0,1.0
2026-03-22T21:10:07.745-868789-658963,413,false,29.287572000651164,1,4325.301464889498,1.0,1.0
2026-03-22T21:10:07.745-868789-658963,445,false,5.243542821327902,1,4325.301464889498,1.0,1.0
2026-03-22T21:10:07.745-868789-658963,908,false,10.425907452060036,1,4325.301464889498,1.0,1.0
2026-03-22T21:10:07.745-868789-658963,642,false,4.787623806106771,1,4325.301464889498,1.0,1.0
2026-03-22T21:10:07.745-868789-658963,666,false,4.853311201130734,1,4325.301464889498,1.0,1.0
2026-03-22T21:10:07.745-868789-658963,468,false,2.193407955097247,1,4325.301464889498,1.0,1.0
2026-03-22T21:10:07.745-868789-658963,755,false,1.0605285403742397,1,4325.301464889498,1.0,1.0
2026-03-22T21:10:07.745-868789-658963,537,false,0.37764680006634255,1,4325.301464889498,1.0,1.0
2026-03-22T21:10:07.745-868789-658963,421,false,20.04115858065682,1,4325.301464889498,1.0,1.0
2026-03-22T21:10:07.745-868789-658963,58,false,0.08356033775230243,1,4325.301464889498,1.0,1.0
2026-03-22T21:10:07.745-868789-658963,616,false,8.1378989032841,1,4325.301464889498,1.0,1.0
2026-03-22T21:10:07.745-868789-658963,75,false,0.6151271118107093,1,4325.301464889498,1.0,1.0
2026-03-22T21:10:07.745-868789-658963,228,true,1.0678861971308307,1,4324.233578692367,1.0,0.999
2026-03-22T21:10:07.745-868789-658963,588,false,1.7208116227127432,1,4324.233578692367,1.0,1.0
2026-03-22T21:10:07.745-868789-658963,141,false,0.22835734173288333,1,4324.233578692367,1.0,1.0
2026-03-22T21:10:07.745-868789-658963,819,false,1.424864248171977,1,4324.233578692367,1.0,1.0
2026-03-22T21:10:07.745-868789-658963,324,false,0.8654720148532317,1,4324.233578692367,1.0,1.0
2026-03-22T21:10:07.745-868789-658963,837,false,4.764725627664161,1,4324.233578692367,1.0,1.0
2026-03-22T21:10:07.745-868789-658963,749,false,1.0264415342851696,1,4324.233578692367,1.0,1.0
2026-03-22T21:10:07.745-868789-658963,808,true,0.5213704965908094,1,4323.712208195776,1.0,0.998
2026-03-22T21:10:07.745-868789-658963,351,false,0.8336272514968197,1,4323.712208195776,1.0,1.0
2026-03-22T21:10:07.745-868789-658963,347,false,1.5773226724920375,1,4323.712208195776,1.0,1.0
2026-03-22T21:10:07.745-868789-658963,82,false,8.704083694283003,1,4323.712208195776,1.0,1.0
2026-03-22T21:10:07.745-868789-658963,682,false,3.9321228358265192,1,4323.712208195776,1.0,1.0
2026-03-22T21:10:07.745-868789-658963,439,false,4.154743745466927,1,4323.712208195776,1.0,1.0
2026-03-22T21:10:07.745-868789-658963,790,false,3.7517259714831512,1,4323.712208195776,1.0,1.0
2026-03-22T21:10:07.745-868789-658963,828,true,20.957184149276134,1,4302.7550240465,1.0,0.867
2026-03-22T21:10:07.745-868789-658963,21,false,29.50414782123585,1,4302.7550240465,1.0,1.0
2026-03-22T21:10:07.745-868789-658963,10,true,87.24464583045385,1,4215.510378216046,1.0,0.999
2026-03-22T21:10:07.745-868789-658963,71,false,0.2830350687851289,1,4215.510378216046,1.0,1.0
2026-03-22T21:10:07.745-868789-658963,995,false,4.670046626866866,1,4215.510378216046,1.0,1.0
2026-03-22T21:10:07.745-868789-658963,191,false,0.592217024331823,1,4215.510378216046,1.0,1.0
2026-03-22T21:10:07.745-868789-658963,225,true,0.4907253070953587,1,4215.019652908951,1.0,0.835
2026-03-22T21:10:07.745-868789-658963,848,false,9.540764371345217,1,4215.019652908951,1.0,1.0
2026-03-22T21:10:07.745-868789-658963,954,false,0.20163832082741295,1,4215.019652908951,1.0,1.0
2026-03-22T21:10:07.745-868789-658963,185,false,338.7456023562004,1,4215.019652908951,1.0,1.0
2026-03-22T21:10:07.745-868789-658963,935,false,0.40972905348000355,1,4215.019652908951,1.0,1.0
2026-03-22T21:10:07.745-868789-658963,578,false,0.12774819008853333,1,4215.019652908951,1.0,1.0
2026-03-22T21:10:07.745-868789-658963,541,false,31.842060261397297,1,4215.019652908951,1.0,1.0
2026-03-22T21:10:07.745-868789-658963,957,false,0.6773113822181155,1,4215.019652908951,1.0,1.0
2026-03-22T21:10:07.745-868789-658963,942,false,0.48183876552132276,1,4215.019652908951,1.0,1.0
2026-03-22T21:10:07.745-868789-658963,534,true,0.9250502732997553,1,4214.094602635651,1.0,0.681
2026-03-22T21:10:07.745-868789-658963,317,false,22.266589975826736,1,4214.094602635651,1.0,1.0
2026-03-22T21:10:07.745-868789-658963,232,false,1.5710627335238,1,4214.094602635651,1.0,1.0
2026-03-22T21:10:07.745-868789-658963,917,false,12.255975252144788,1,4214.094602635651,1.0,1.0
2026-03-22T21:10:07.745-868789-658963,871,false,0.025310141967854083,1,4214.094602635651,1.0,1.0
2026-03-22T21:10:07.745-868789-658963,536,true,2.202947113703427,1,4211.891655521948,1.0,0.795
2026-03-22T21:10:07.745-868789-658963,719,false,2.6223187207314935,1,4211.891655521948,1.0,1.0
2026-03-22T21:10:07.745-868789-658963,999,false,0.16094259979751832,1,4211.891655521948,1.0,1.0
2026-03-22T21:10:07.745-868789-658963,264,false,3.619396320510187,1,4211.891655521948,1.0,1.0
2026-03-22T21:10:07.745-868789-658963,593,false,9.053200100489079,1,4211.891655521948,1.0,1.0
2026-03-22T21:10:07.745-868789-658963,171,false,0.28967842559800133,1,4211.891655521948,1.0,1.0
2026-03-22T21:10:07.745-868789-658963,636,false,37.06572160808934,1,4211.891655521948,1.0,1.0
2026-03-22T21:10:07.745-868789-658963,166,false,0.07748605610725097,1,4211.891655521948,1.0,1.0
2026-03-22T21:10:07.745-868789-658963,465,false,37.31703418656499,1,4211.891655521948,1.0,1.0
2026-03-22T21:10:07.745-868789-658963,696,false,0.26079750721600076,1,4211.891655521948,1.0,1.0
2026-03-22T21:10:07.745-868789-658963,980,false,3.503444863362505,1,4211.891655521948,1.0,1.0
2026-03-22T21:10:07.745-868789-658963,759,false,0.18696915026568417,1,4211.891655521948,1.0,1.0
2026-03-22T21:10:07.745-868789-658963,463,false,50.60166085207443,1,4211.891655521948,1.0,1.0
2026-03-22T21:10:07.745-868789-658963,368,false,3.2292111866489686,1,4211.891655521948,1.0,1.0
2026-03-22T21:10:07.745-868789-658963,896,true,1.10005465548397,1,4210.791600866464,1.0,0.7110000000000001
2026-03-22T21:10:07.745-868789-658963,407,false,6.654445650260761,1,4210.791600866464,1.0,1.0
2026-03-22T21:10:07.745-868789-658963,526,false,0.22441136259190056,1,4210.791600866464,1.0,1.0
2026-03-22T21:10:07.745-868789-658963,142,false,13.132895610050003,1,4210.791600866464,1.0,1.0
2026-03-22T21:10:07.745-868789-658963,234,false,16.461212379892228,1,4210.791600866464,1.0,1.0
2026-03-22T21:10:07.745-868789-658963,442,false,11.659371634853636,1,4210.791600866464,1.0,1.0
2026-03-22T21:10:07.745-868789-658963,256,false,0.09691921260726023,1,4210.791600866464,1.0,1.0
2026-03-22T21:10:07.745-868789-658963,268,true,5.113183457411455,1,4205.678417409053,1.0,0.999
2026-03-22T21:10:07.745-868789-658963,809,true,1.550175294221061,1,4204.128242114832,1.0,0.6839999999999999
2026-03-22T21:10:07.745-868789-658963,551,false,2.0812461663898163,1,4204.128242114832,1.0,1.0
2026-03-22T21:10:07.745-868789-658963,339,false,82.30937929560402,1,4204.128242114832,1.0,1.0
2026-03-22T21:10:07.745-868789-658963,265,false,0.0989871212304504,1,4204.128242114832,1.0,1.0
2026-03-22T21:10:07.745-868789-658963,722,false,58.83608631293779,1,4204.128242114832,1.0,1.0
2026-03-22T21:10:07.745-868789-658963,856,false,0.8319741051195716,1,4204.128242114832,1.0,1.0
2026-03-22T21:10:07.745-868789-658963,679,false,1.7345744469601132,1,4204.128242114832,1.0,1.0
2026-03-22T21:10:07.745-868789-658963,897,false,0.03587231986356877,1,4204.128242114832,1.0,1.0
2026-03-22T21:10:07.745-868789-658963,977,false,2.6103575976405957,1,4204.128242114832,1.0,1.0
2026-03-22T21:10:07.745-868789-658963,540,false,3.830443141201243,1,4204.128242114832,1.0,1.0
2026-03-22T21:10:07.745-868789-658963,267,true,39.06779626159838,1,4165.060445853233,1.0,0.769
2026-03-22T21:10:07.745-868789-658963,558,false,2.6595110046049344,1,4165.060445853233,1.0,1.0
2026-03-22T21:10:07.745-868789-658963,851,false,0.03378143069333887,1,4165.060445853233,1.0,1.0
2026-03-22T21:10:07.745-868789-658963,915,false,0.7786457769581828,1,4165.060445853233,1.0,1.0
2026-03-22T21:10:07.745-868789-658963,161,false,45.230623690528546,1,4165.060445853233,1.0,1.0
2026-03-22T21:10:07.745-868789-658963,88,false,0.274618797285973,1,4165.060445853233,1.0,1.0
2026-03-22T21:10:07.745-868789-658963,591,false,0.36622287164429695,1,4165.060445853233,1.0,1.0
2026-03-22T21:10:07.745-868789-658963,629,false,2.858486796197537,1,4165.060445853233,1.0,1.0
2026-03-22T21:10:07.745-868789-658963,211,false,2.3306672250701204,1,4165.060445853233,1.0,1.0
2026-03-22T21:10:07.745-868789-658963,655,false,2.23044225782295,1,4165.060445853233,1.0,1.0
2026-03-22T21:10:07.745-868789-658963,647,false,2.174561980074722,1,4165.060445853233,1.0,1.0
2026-03-22T21:10:07.745-868789-658963,997,false,2.570825798066058,1,4165.060445853233,1.0,1.0
2026-03-22T21:10:07.745-868789-658963,543,false,17.01906742115474,1,4165.060445853233,1.0,1.0
2026-03-22T21:10:07.745-868789-658963,698,false,90.04062997812798,1,4165.060445853233,1.0,1.0
2026-03-22T21:10:07.745-868789-658963,168,false,5.749496312547183,1,4165.060445853233,1.0,1.0
2026-03-22T21:10:07.745-868789-658963,471,false,0.5526788410430942,1,4165.060445853233,1.0,1.0
2026-03-22T21:10:07.745-868789-658963,331,false,0.9419883486329189,1,4165.060445853233,1.0,1.0
2026-03-22T21:10:07.745-868789-658963,249,true,0.8706361710001724,1,4164.189809682233,1.0,0.631
2026-03-22T21:10:07.745-868789-658963,952,false,0.12660747179992973,1,4164.189809682233,1.0,1.0
2026-03-22T21:10:07.745-868789-658963,799,true,0.2423387828325727,1,4163.947470899401,1.0,0.999
2026-03-22T21:10:07.745-868789-658963,6,false,0.3653003540717048,1,4163.947470899401,1.0,1.0
2026-03-22T21:10:07.745-868789-658963,864,false,218.47323844468434,1,4163.947470899401,1.0,1.0
2026-03-22T21:10:07.745-868789-658963,590,false,1.1932233636674352,1,4163.947470899401,1.0,1.0
2026-03-22T21:10:07.745-868789-658963,858,false,1.1967579555666252,1,4163.947470899401,1.0,1.0
2026-03-22T21:10:07.745-868789-658963,382,false,1.4765115362872099,1,4163.947470899401,1.0,1.0
2026-03-22T21:10:07.745-868789-658963,412,false,11.560266411913794,1,4163.947470899401,1.0,1.0
2026-03-22T21:10:07.745-868789-658963,241,false,0.2220205987491421,1,4163.947470899401,1.0,1.0
2026-03-22T21:10:07.745-868789-658963,237,false,0.56825730176877,1,4163.947470899401,1.0,1.0
2026-03-22T21:10:07.745-868789-658963,633,false,8.85766866755634,1,4163.947470899401,1.0,1.0
2026-03-22T21:10:07.745-868789-658963,762,false,11.005080606857149,1,4163.947470899401,1.0,1.0
2026-03-22T21:10:07.745-868789-658963,836,true,2505.1863183866535,1,1658.7611525127477,1.0,0.996
2026-03-22T21:10:07.745-868789-658963,595,false,6.830587247357368,1,1658.7611525127477,1.0,1.0
2026-03-22T21:10:07.745-868789-658963,266,false,0.135855258366204,1,1658.7611525127477,1.0,1.0
2026-03-22T21:10:07.745-868789-658963,73,false,0.37798836382830764,1,1658.7611525127477,1.0,1.0
2026-03-22T21:10:07.745-868789-658963,348,false,2.754693740486154,1,1658.7611525127477,1.0,1.0
2026-03-22T21:10:07.745-868789-658963,714,false,1.4316784250778614,1,1658.7611525127477,1.0,1.0
2026-03-22T21:10:07.745-868789-658963,648,false,13.652320927692813,1,1658.7611525127477,1.0,1.0
2026-03-22T21:10:07.745-868789-658963,545,false,11.188437184814239,1,1658.7611525127477,1.0,1.0
2026-03-22T21:10:07.745-868789-658963,947,false,0.28242648693149225,1,1658.7611525127477,1.0,1.0
2026-03-22T21:10:07.745-868789-658963,499,true,23.249379606066043,1,1635.5117729066817,1.0,0.999
2026-03-22T21:10:07.745-868789-658963,27,false,2.656289671516674,1,1635.5117729066817,1.0,1.0
2026-03-22T21:10:07.745-868789-658963,240,false,19.996829509165472,1,1635.5117729066817,1.0,1.0
2026-03-22T21:10:07.745-868789-658963,525,false,6.524989497189437,1,1635.5117729066817,1.0,1.0
2026-03-22T21:10:07.745-868789-658963,521,false,25.732511413550597,1,1635.5117729066817,1.0,1.0
2026-03-22T21:10:07.745-868789-658963,606,false,0.1324437764453704,1,1635.5117729066817,1.0,1.0
2026-03-22T21:10:07.745-868789-658963,24,false,13.59343205332975,1,1635.5117729066817,1.0,1.0
2026-03-22T21:10:07.745-868789-658963,57,false,10.219891940034236,1,1635.5117729066817,1.0,1.0
2026-03-22T21:10:07.745-868789-658963,84,false,5.576522199744687,1,1635.5117729066817,1.0,1.0
2026-03-22T21:10:07.745-868789-658963,148,false,1.0897210156828927,1,1635.5117729066817,1.0,1.0
2026-03-22T21:10:07.745-868789-658963,415,false,7.2532983807597144,1,1635.5117729066817,1.0,1.0
2026-03-22T21:10:07.745-868789-658963,163,true,13.94819284595554,1,1621.563580060726,1.0,0.777
2026-03-22T21:10:07.745-868789-658963,484,false,3.1579274647909927,1,1621.563580060726,1.0,1.0
2026-03-22T21:10:07.745-868789-658963,661,false,0.032820526732024596,1,1621.563580060726,1.0,1.0
2026-03-22T21:10:07.745-868789-658963,721,false,1.4637667509563395,1,1621.563580060726,1.0,1.0
2026-03-22T21:10:07.745-868789-658963,925,false,17.409959241076937,1,1621.563580060726,1.0,1.0
2026-03-22T21:10:07.745-868789-658963,643,false,44.29693627316724,1,1621.563580060726,1.0,1.0
2026-03-22T21:10:07.745-868789-658963,720,false,0.051774319564347054,1,1621.563580060726,1.0,1.0
2026-03-22T21:10:07.745-868789-658963,462,false,1.7183228412567924,1,1621.563580060726,1.0,1.0
2026-03-22T21:10:07.745-868789-658963,927,false,5.701874608953837,1,1621.563580060726,1.0,1.0
2026-03-22T21:10:07.745-868789-658963,23,false,3.313131104695273,1,1621.563580060726,1.0,1.0
2026-03-22T21:10:07.745-868789-658963,890,true,0.5157990984852848,1,1621.0477809622407,1.0,0.7010000000000001
2026-03-22T21:10:07.745-868789-658963,145,false,0.32194052856363486,1,1621.0477809622407,1.0,1.0
2026-03-22T21:10:07.745-868789-658963,98,false,9.28651053714823,1,1621.0477809622407,1.0,1.0
2026-03-22T21:10:07.745-868789-658963,319,false,0.759647216945494,1,1621.0477809622407,1.0,1.0
2026-03-22T21:10:07.745-868789-658963,218,false,3.0604112278989994,1,1621.0477809622407,1.0,1.0
2026-03-22T21:10:07.745-868789-658963,708,false,67.490400178325,1,1621.0477809622407,1.0,1.0
2026-03-22T21:10:07.745-868789-658963,301,true,1.360131237219632,1,1619.6876497250212,1.0,0.785
2026-03-22T21:10:07.745-868789-658963,262,false,1.0902141851351663,1,1619.6876497250212,1.0,1.0
2026-03-22T21:10:07.745-868789-658963,603,false,9.065125867590648,1,1619.6876497250212,1.0,1.0
2026-03-22T21:10:07.745-868789-658963,804,false,1.31019017507558,1,1619.6876497250212,1.0,1.0
2026-03-22T21:10:07.745-868789-658963,69,false,1.9329510235468617,1,1619.6876497250212,1.0,1.0
2026-03-22T21:10:07.745-868789-658963,582,false,18.128008551472124,1,1619.6876497250212,1.0,1.0
2026-03-22T21:10:07.745-868789-658963,354,false,2.9619215293545977,1,1619.6876497250212,1.0,1.0
2026-03-22T21:10:07.745-868789-658963,33,false,0.12298060867290996,1,1619.6876497250212,1.0,1.0
2026-03-22T21:10:07.745-868789-658963,920,false,1.2882589964270488,1,1619.6876497250212,1.0,1.0
2026-03-22T21:10:07.745-868789-658963,316,false,2.156093125024255,1,1619.6876497250212,1.0,1.0
2026-03-22T21:10:07.745-868789-658963,390,false,14.039621179247003,1,1619.6876497250212,1.0,1.0
2026-03-22T21:10:07.745-868789-658963,910,false,0.43330895696922667,1,1619.6876497250212,1.0,1.0
2026-03-22T21:10:07.745-868789-658963,844,true,22.166493285767167,1,1597.521156439254,1.0,0.829
2026-03-22T21:10:07.745-868789-658963,842,true,95.42383598246384,1,1502.0973204567902,1.0,0.675
2026-03-22T21:10:07.745-868789-658963,941,false,0.15931422080367466,1,1502.0973204567902,1.0,1.0
2026-03-22T21:10:07.745-868789-658963,440,false,0.4183258811865488,1,1502.0973204567902,1.0,1.0
2026-03-22T21:10:07.745-868789-658963,784,false,1.6898293392594224,1,1502.0973204567902,1.0,1.0
2026-03-22T21:10:07.745-868789-658963,632,false,0.09394643992092896,1,1502.0973204567902,1.0,1.0
2026-03-22T21:10:07.745-868789-658963,350,false,38.633612164121296,1,1502.0973204567902,1.0,1.0
2026-03-22T21:10:07.745-868789-658963,416,false,0.13419767820211018,1,1502.0973204567902,1.0,1.0
2026-03-22T21:10:07.745-868789-658963,742,true,11.590976256999323,1,1490.5063441997909,1.0,0.999
2026-03-22T21:10:07.745-868789-658963,681,false,2.3632774209107543,1,1490.5063441997909,1.0,1.0
2026-03-22T21:10:07.745-868789-658963,985,false,5.595118954845472,1,1490.5063441997909,1.0,1.0
2026-03-22T21:10:07.745-868789-658963,914,false,0.014529144587321328,1,1490.5063441997909,1.0,1.0
2026-03-22T21:10:07.745-868789-658963,475,false,0.725743531273559,1,1490.5063441997909,1.0,1.0
2026-03-22T21:10:07.745-868789-658963,56,false,9.044333289212386,1,1490.5063441997909,1.0,1.0
2026-03-22T21:10:07.745-868789-658963,891,true,1.7494552034011785,1,1488.7568889963898,1.0,0.02200000000000002
2026-03-22T21:10:07.745-868789-658963,690,true,3.057672206977176,1,1485.6992167894125,1.0,0.6839999999999999
2026-03-22T21:10:07.745-868789-658963,654,false,2.8258577547865467,1,1485.6992167894125,1.0,1.0
2026-03-22T21:10:07.745-868789-658963,704,false,19.737585739819067,1,1485.6992167894125,1.0,1.0
2026-03-22T21:10:07.745-868789-658963,457,false,0.6471397253696021,1,1485.6992167894125,1.0,1.0
2026-03-22T21:10:07.745-868789-658963,393,false,39.18768346636411,1,1485.6992167894125,1.0,1.0
2026-03-22T21:10:07.745-868789-658963,798,false,0.09676551338973399,1,1485.6992167894125,1.0,1.0
2026-03-22T21:10:07.745-868789-658963,362,false,198.1787613547011,1,1485.6992167894125,1.0,1.0
2026-03-22T21:10:07.745-868789-658963,357,true,0.3460269893600421,1,1485.3531898000524,1.0,0.999
2026-03-22T21:10:07.745-868789-658963,815,false,1.507999111378843,1,1485.3531898000524,1.0,1.0
2026-03-22T21:10:07.745-868789-658963,913,false,42.56405809089644,1,1485.3531898000524,1.0,1.0
2026-03-22T21:10:07.745-868789-658963,448,true,6.9637810241324605,1,1478.38940877592,1.0,0.999
2026-03-22T21:10:07.745-868789-658963,213,false,0.23355374219153233,1,1478.38940877592,1.0,1.0
2026-03-22T21:10:07.745-868789-658963,644,false,3.7745125603326257,1,1478.38940877592,1.0,1.0
2026-03-22T21:10:07.745-868789-658963,220,false,0.3011892032608897,1,1478.38940877592,1.0,1.0
2026-03-22T21:10:07.745-868789-658963,712,false,16.18248986390606,1,1478.38940877592,1.0,1.0
2026-03-22T21:10:07.745-868789-658963,907,false,1.7357605257007782,1,1478.38940877592,1.0,1.0
2026-03-22T21:10:07.745-868789-658963,547,false,1.3984103105627692,1,1478.38940877592,1.0,1.0
2026-03-22T21:10:07.745-868789-658963,282,true,0.4606360231890899,1,1477.9287727527308,1.0,0.999
2026-03-22T21:10:07.745-868789-658963,845,true,0.38502855878486486,1,1477.543744193946,1.0,0.09099999999999997
2026-03-22T21:10:07.745-868789-658963,850,false,96.14971999897708,1,1477.543744193946,1.0,1.0
2026-03-22T21:10:07.745-868789-658963,901,false,0.01657193164244239,1,1477.543744193946,1.0,1.0
2026-03-22T21:10:07.745-868789-658963,513,false,0.052869802207994004,1,1477.543744193946,1.0,1.0
2026-03-22T21:10:07.745-868789-658963,514,false,0.03370656434357674,1,1477.543744193946,1.0,1.0
2026-03-22T21:10:07.745-868789-658963,13,true,0.34645689319448925,1,1477.1972873007514,1.0,0.8109999999999999
2026-03-22T21:10:07.745-868789-658963,146,false,4.987575745717022,1,1477.1972873007514,1.0,1.0
2026-03-22T21:10:07.745-868789-658963,257,false,1.56605945686474,1,1477.1972873007514,1.0,1.0
2026-03-22T21:10:07.745-868789-658963,978,false,4.716445881724481,1,1477.1972873007514,1.0,1.0
2026-03-22T21:10:07.745-868789-658963,452,false,1.8296280065545805,1,1477.1972873007514,1.0,1.0
2026-03-22T21:10:07.745-868789-658963,928,false,4.290897771495923,1,1477.1972873007514,1.0,1.0
2026-03-22T21:10:07.745-868789-658963,472,false,0.021806724246925344,1,1477.1972873007514,1.0,1.0
2026-03-22T21:10:07.745-868789-658963,659,false,0.02571974941289777,1,1477.1972873007514,1.0,1.0
2026-03-22T21:10:07.745-868789-658963,565,false,0.2730156661979963,1,1477.1972873007514,1.0,1.0
2026-03-22T21:10:07.745-868789-658963,791,false,0.016343949900785484,1,1477.1972873007514,1.0,1.0
2026-03-22T21:10:07.745-868789-658963,436,false,3.137984201344468,1,1477.1972873007514,1.0,1.0
2026-03-22T21:10:07.745-868789-658963,491,false,0.22823116928984954,1,1477.1972873007514,1.0,1.0
2026-03-22T21:10:07.745-868789-658963,622,false,1.465169605686409,1,1477.1972873007514,1.0,1.0
2026-03-22T21:10:07.745-868789-658963,326,false,0.1662674536922397,1,1477.1972873007514,1.0,1.0
2026-03-22T21:10:07.745-868789-658963,297,true,0.7199538616274452,1,1476.477333439124,1.0,0.667
2026-03-22T21:10:07.745-868789-658963,510,false,26.606974803688004,1,1476.477333439124,1.0,1.0
2026-03-22T21:10:07.745-868789-658963,646,false,5.926230298145478,1,1476.477333439124,1.0,1.0
2026-03-22T21:10:07.745-868789-658963,542,false,52.41693258197858,1,1476.477333439124,1.0,1.0
2026-03-22T21:10:07.745-868789-658963,328,false,0.6253212638197001,1,1476.477333439124,1.0,1.0
2026-03-22T21:10:07.745-868789-658963,672,true,1.8704307378779046,1,1474.606902701246,1.0,0.999
2026-03-22T21:10:07.745-868789-658963,849,false,4.885756689673963,1,1474.606902701246,1.0,1.0
2026-03-22T21:10:07.745-868789-658963,99,false,0.2626459158876699,1,1474.606902701246,1.0,1.0
2026-03-22T21:10:07.745-868789-658963,916,false,0.4860025129582401,1,1474.606902701246,1.0,1.0
2026-03-22T21:10:07.745-868789-658963,190,false,2.283285200224011,1,1474.606902701246,1.0,1.0
2026-03-22T21:10:07.745-868789-658963,127,false,27.651417700488672,1,1474.606902701246,1.0,1.0
2026-03-22T21:10:07.745-868789-658963,410,false,0.42206485649075093,1,1474.606902701246,1.0,1.0
2026-03-22T21:10:07.745-868789-658963,906,false,15.626396266796847,1,1474.606902701246,1.0,1.0
2026-03-22T21:10:07.745-868789-658963,887,true,20.066410893709183,1,1454.540491807537,1.0,0.794
2026-03-22T21:10:07.745-868789-658963,838,true,29.31570024100781,1,1425.2247915665291,1.0,0.09599999999999997
2026-03-22T21:10:07.745-868789-658963,458,false,0.14946929563272354,1,1425.2247915665291,1.0,1.0
2026-03-22T21:10:07.745-868789-658963,830,true,90.77367264952017,1,1334.451118917009,1.0,0.014000000000000012
2026-03-22T21:10:07.745-868789-658963,924,true,1.549691332549151,1,1332.9014275844597,1.0,0.999
2026-03-22T21:10:07.745-868789-658963,169,false,14.080163621122402,1,1332.9014275844597,1.0,1.0
2026-03-22T21:10:07.745-868789-658963,65,false,210.09001420735942,1,1332.9014275844597,1.0,1.0
2026-03-22T21:10:07.745-868789-658963,535,true,6.190518777851139,1,1326.7109088066086,1.0,0.019000000000000017
2026-03-22T21:10:07.745-868789-658963,120,false,7.945583860720545,1,1326.7109088066086,1.0,1.0
2026-03-22T21:10:07.745-868789-658963,674,true,31.76951319380629,1,1294.9413956128024,1.0,0.7969999999999999
2026-03-22T21:10:07.745-868789-658963,404,false,0.1219387841954848,1,1294.9413956128024,1.0,1.0
2026-03-22T21:10:07.745-868789-658963,349,false,25.276286816348886,1,1294.9413956128024,1.0,1.0
2026-03-22T21:10:07.745-868789-658963,650,false,0.5998308466190205,1,1294.9413956128024,1.0,1.0
2026-03-22T21:10:07.745-868789-658963,176,false,3.19122118185985,1,1294.9413956128024,1.0,1.0
2026-03-22T21:10:07.745-868789-658963,46,false,0.29315074701379795,1,1294.9413956128024,1.0,1.0
2026-03-22T21:10:07.745-868789-658963,993,true,10.002962247956674,1,1284.9384333648457,1.0,0.673
2026-03-22T21:10:07.745-868789-658963,131,false,0.569596527004958,1,1284.9384333648457,1.0,1.0
2026-03-22T21:10:07.745-868789-658963,820,false,6.149029240734145,1,1284.9384333648457,1.0,1.0
2026-03-22T21:10:07.745-868789-658963,434,false,28.50521091497917,1,1284.9384333648457,1.0,1.0
2026-03-22T21:10:07.745-868789-658963,860,false,2.5619895635810885,1,1284.9384333648457,1.0,1.0
2026-03-22T21:10:07.745-868789-658963,841,false,0.04876659225434431,1,1284.9384333648457,1.0,1.0
2026-03-22T21:10:07.745-868789-658963,989,true,26.73870145818123,1,1258.1997319066645,1.0,0.704
2026-03-22T21:10:07.745-868789-658963,314,false,0.09368786977920697,1,1258.1997319066645,1.0,1.0
2026-03-22T21:10:07.745-868789-658963,195,true,2.025372382274785,1,1256.1743595243897,1.0,0.999
2026-03-22T21:10:07.745-868789-658963,509,false,27.691181623979624,1,1256.1743595243897,1.0,1.0
2026-03-22T21:10:07.745-868789-658963,399,false,0.8755760633473529,1,1256.1743595243897,1.0,1.0
2026-03-22T21:10:07.745-868789-658963,718,true,345.00152626867293,1,911.1728332557168,1.0,0.999
2026-03-22T21:10:07.745-868789-658963,353,false,1.546861991390297,1,911.1728332557168,1.0,1.0
2026-03-22T21:10:07.745-868789-658963,700,false,0.021502843303113205,1,911.1728332557168,1.0,1.0
2026-03-22T21:10:07.745-868789-658963,446,true,2.136041476981155,1,909.0367917787356,1.0,0.669
2026-03-22T21:10:07.745-868789-658963,949,false,4.554229641107255,1,909.0367917787356,1.0,1.0
2026-03-22T21:10:07.745-868789-658963,707,false,2.0920093940454807,1,909.0367917787356,1.0,1.0
2026-03-22T21:10:07.745-868789-658963,285,true,12.11055677159477,1,896.9262350071408,1.0,0.683
2026-03-22T21:10:07.745-868789-658963,498,true,0.46066344371261353,1,896.4655715634282,1.0,0.6719999999999999
2026-03-22T21:10:07.745-868789-658963,464,true,7.714811889685277,1,888.7507596737429,1.0,0.999
2026-03-22T21:10:07.745-868789-658963,634,true,0.31687412559074757,1,888.4338855481521,1.0,0.792
2026-03-22T21:10:07.745-868789-658963,187,false,8.369017187589174,1,888.4338855481521,1.0,1.0
2026-03-22T21:10:07.745-868789-658963,139,false,17.827114897426476,1,888.4338855481521,1.0,1.0
2026-03-22T21:10:07.745-868789-658963,866,false,7.321049167564959,1,888.4338855481521,1.0,1.0
2026-03-22T21:10:07.745-868789-658963,929,false,3.7564924673239113,1,888.4338855481521,1.0,1.0
2026-03-22T21:10:07.745-868789-658963,59,false,0.7136142901824093,1,888.4338855481521,1.0,1.0
2026-03-22T21:10:07.745-868789-658963,669,true,14.762795204428176,1,873.671090343724,1.0,0.673
2026-03-22T21:10:07.745-868789-658963,43,false,3.987933332297797,1,873.671090343724,1.0,1.0
2026-03-22T21:10:07.745-868789-658963,217,false,6.869096865785699,1,873.671090343724,1.0,1.0
2026-03-22T21:10:07.745-868789-658963,66,false,0.5999174230110853,1,873.671090343724,1.0,1.0
2026-03-22T21:10:07.745-868789-658963,424,false,2.2216875590788328,1,873.671090343724,1.0,1.0
2026-03-22T21:10:07.745-868789-658963,51,false,4.912301282250512,1,873.671090343724,1.0,1.0
2026-03-22T21:10:07.745-868789-658963,863,false,5.9497225230295285,1,873.671090343724,1.0,1.0
2026-03-22T21:10:07.745-868789-658963,203,false,6.511523211040761,1,873.671090343724,1.0,1.0
2026-03-22T21:10:07.745-868789-658963,473,false,8.654477398820983,1,873.671090343724,1.0,1.0
2026-03-22T21:10:07.745-868789-658963,254,false,2.3459171154682097,1,873.671090343724,1.0,1.0
2026-03-22T21:10:07.745-868789-658963,318,false,0.9607921891254695,1,873.671090343724,1.0,1.0
2026-03-22T21:10:07.745-868789-658963,208,false,12.377699216285341,1,873.671090343724,1.0,1.0
2026-03-22T21:10:07.745-868789-658963,990,true,67.69237189848072,1,805.9787184452433,1.0,0.0
2026-03-22T21:10:07.745-868789-658963,974,false,42.35876721978124,1,805.9787184452433,1.0,1.0
2026-03-22T21:10:07.745-868789-658963,783,false,10.548635630991013,1,805.9787184452433,1.0,1.0
2026-03-22T21:10:07.745-868789-658963,308,false,7.046527170818378,1,805.9787184452433,1.0,1.0
2026-03-22T21:10:07.745-868789-658963,289,false,4.1754985262367565,1,805.9787184452433,1.0,1.0
2026-03-22T21:10:07.745-868789-658963,91,true,1.2714378842535834,1,804.7072805609897,1.0,0.999
2026-03-22T21:10:07.745-868789-658963,44,false,22.894689650713893,1,804.7072805609897,1.0,1.0
2026-03-22T21:10:07.745-868789-658963,100,true,0.6808992247424854,1,804.0263813362473,1.0,0.999
2026-03-22T21:10:07.745-868789-658963,852,false,0.299071253928117,1,804.0263813362473,1.0,1.0
2026-03-22T21:10:07.745-868789-658963,522,true,709.8137309690538,1,94.21265036719342,1.0,0.999
2026-03-22T21:10:07.745-868789-658963,37,false,1.2416347963977905,1,94.21265036719342,1.0,1.0
2026-03-22T21:10:07.745-868789-658963,288,true,9.333627620134672,1,84.87902274705874,1.0,0.7030000000000001
2026-03-22T21:10:07.745-868789-658963,248,false,0.2094849360476543,1,84.87902274705874,1.0,1.0
2026-03-22T21:10:07.745-868789-658963,611,false,155.77176307591245,1,84.87902274705874,1.0,1.0
2026-03-22T21:10:07.745-868789-658963,934,false,35.13506587874445,1,84.87902274705874,1.0,1.0
2026-03-22T21:10:07.745-868789-658963,923,false,0.08020150849682417,1,84.87902274705874,1.0,1.0
2026-03-22T21:10:07.745-868789-658963,885,true,4.723227430913452,1,80.15579531614529,1.0,0.6759999999999999
2026-03-22T21:10:07.745-868789-658963,11,true,0.7067593723353119,1,79.44903594380997,1.0,0.013000000000000012
2026-03-22T21:10:07.745-868789-658963,970,false,0.05155917711925669,1,79.44903594380997,1.0,1.0
2026-03-22T21:10:07.745-868789-658963,788,true,90.05191299106795,1,-10.602877047257977,1.0,0.999
2026-03-22T21:10:07.745-753714-296376,648,true,2.8274430860841626,1,6362.761015734884,1.0,0.992
2026-03-22T21:10:07.745-753714-296376,390,true,9.508168797731619,1,6353.252846937152,1.0,0.994
2026-03-22T21:10:07.745-753714-296376,909,true,5.871755789493497,1,6347.3810911476585,1.0,0.986
2026-03-22T21:10:07.745-753714-296376,757,true,0.4928114791185818,1,6346.88827966854,1.0,0.989
2026-03-22T21:10:07.745-753714-296376,944,true,8.313322850015837,1,6338.574956818525,1.0,0.989
2026-03-22T21:10:07.745-753714-296376,265,true,57.49837851518739,1,6281.076578303338,1.0,0.988
2026-03-22T21:10:07.745-753714-296376,977,true,0.30586679862786215,1,6280.77071150471,1.0,0.991
2026-03-22T21:10:07.745-753714-296376,894,true,5.333693507691219,1,6275.437017997018,1.0,0.986
2026-03-22T21:10:07.745-753714-296376,132,true,1.6954721516454132,1,6273.7415458453725,1.0,0.671
2026-03-22T21:10:07.745-753714-296376,86,false,0.06515975567247802,1,6273.7415458453725,1.0,1.0
2026-03-22T21:10:07.745-753714-296376,418,false,0.009454138114125894,1,6273.7415458453725,1.0,1.0
2026-03-22T21:10:07.745-753714-296376,328,false,0.1063324392305872,1,6273.7415458453725,1.0,1.0
2026-03-22T21:10:07.745-753714-296376,975,true,7.84518975337753,1,6265.896356091995,1.0,0.6639999999999999
2026-03-22T21:10:07.745-753714-296376,248,true,12.16440239131887,1,6253.731953700676,1.0,0.989
2026-03-22T21:10:07.745-753714-296376,710,true,3.4943296035480262,1,6250.237624097128,1.0,0.989
2026-03-22T21:10:07.745-753714-296376,632,true,7.885514949084444,1,6242.352109148043,1.0,0.988
2026-03-22T21:10:07.745-753714-296376,543,true,2.2168400103234855,1,6240.13526913772,1.0,0.993
2026-03-22T21:10:07.745-753714-296376,24,true,19.038364593995848,1,6221.096904543724,1.0,0.993
2026-03-22T21:10:07.745-753714-296376,79,true,1.2858082350587734,1,6219.811096308666,1.0,0.99
2026-03-22T21:10:07.745-753714-296376,307,true,3.7505404990492344,1,6216.060555809617,1.0,0.99
2026-03-22T21:10:07.745-753714-296376,627,true,6.3598797482174545,1,6209.7006760613995,1.0,0.989
2026-03-22T21:10:07.745-753714-296376,291,true,5.9588389989995365,1,6203.7418370624,1.0,0.989
2026-03-22T21:10:07.745-753714-296376,210,true,0.8046837176268908,1,6202.937153344773,1.0,0.996
2026-03-22T21:10:07.745-753714-296376,503,false,0.0027469878968195117,1,6202.937153344773,1.0,1.0
2026-03-22T21:10:07.745-753714-296376,891,true,0.8870056463858752,1,6202.050147698387,1.0,0.656
2026-03-22T21:10:07.745-753714-296376,893,true,39.84890405770581,1,6162.201243640681,1.0,0.349
2026-03-22T21:10:07.745-753714-296376,858,true,0.48331510588497806,1,6161.717928534797,1.0,0.989
2026-03-22T21:10:07.745-753714-296376,835,true,0.6673680664353702,1,6161.050560468361,1.0,0.988
2026-03-22T21:10:07.745-753714-296376,123,false,0.02047803155533033,1,6161.050560468361,1.0,1.0
2026-03-22T21:10:07.745-753714-296376,900,true,0.7638099673903348,1,6160.286750500971,1.0,0.99
2026-03-22T21:10:07.745-753714-296376,684,false,0.029712843176912,1,6160.286750500971,1.0,1.0
2026-03-22T21:10:07.745-753714-296376,953,true,1.5840087756201298,1,6158.70274172535,1.0,0.639
2026-03-22T21:10:07.745-753714-296376,803,false,0.010191792864702374,1,6158.70274172535,1.0,1.0
2026-03-22T21:10:07.745-753714-296376,445,true,21.432810125577802,1,6137.2699315997725,1.0,0.988
2026-03-22T21:10:07.745-753714-296376,824,true,29.932176922599595,1,6107.337754677173,1.0,0.994
2026-03-22T21:10:07.745-753714-296376,512,true,3.2846131404787555,1,6104.053141536694,1.0,0.6930000000000001
2026-03-22T21:10:07.745-753714-296376,716,true,3.5356207531874526,1,6100.517520783506,1.0,0.986
2026-03-22T21:10:07.745-753714-296376,258,true,14.194803550773925,1,6086.322717232732,1.0,0.98
2026-03-22T21:10:07.745-753714-296376,385,true,0.2108454090723533,1,6086.11187182366,1.0,0.989
2026-03-22T21:10:07.745-753714-296376,989,true,0.40926579408583724,1,6085.702606029575,1.0,0.983
2026-03-22T21:10:07.745-753714-296376,875,true,4.229435982919252,1,6081.4731700466555,1.0,0.987
2026-03-22T21:10:07.745-753714-296376,874,true,0.26540368641706846,1,6081.207766360239,1.0,0.696
2026-03-22T21:10:07.745-753714-296376,219,true,0.33841915640574144,1,6080.869347203833,1.0,0.99
2026-03-22T21:10:07.745-753714-296376,922,true,6.089868797898984,1,6074.779478405934,1.0,0.99
2026-03-22T21:10:07.745-753714-296376,56,true,18.339258759701433,1,6056.440219646232,1.0,0.991
2026-03-22T21:10:07.745-753714-296376,883,true,555.0643562956708,1,5501.375863350561,1.0,0.982
2026-03-22T21:10:07.745-753714-296376,174,true,5.101767120551828,1,5496.2740962300095,1.0,0.989
2026-03-22T21:10:07.745-753714-296376,921,true,4.823461484236397,1,5491.450634745773,1.0,0.6619999999999999
2026-03-22T21:10:07.745-753714-296376,336,true,4.058410181744286,1,5487.392224564029,1.0,0.994
2026-03-22T21:10:07.745-753714-296376,828,true,1.0317583708059919,1,5486.360466193223,1.0,0.992
2026-03-22T21:10:07.745-753714-296376,984,true,1.7758363609232048,1,5484.5846298323,1.0,0.991
2026-03-22T21:10:07.745-753714-296376,608,true,1.577889165800814,1,5483.006740666499,1.0,0.669
2026-03-22T21:10:07.745-753714-296376,22,false,0.08834038855874128,1,5483.006740666499,1.0,1.0
2026-03-22T21:10:07.745-753714-296376,257,true,3.104847039768779,1,5479.90189362673,1.0,0.675
2026-03-22T21:10:07.745-753714-296376,352,true,33.54357965314629,1,5446.358313973584,1.0,0.993
2026-03-22T21:10:07.745-753714-296376,143,true,1.069803704522406,1,5445.288510269062,1.0,0.993
2026-03-22T21:10:07.745-753714-296376,332,true,0.8133526273793547,1,5444.475157641682,1.0,0.991
2026-03-22T21:10:07.745-753714-296376,670,false,0.2001258029558871,1,5444.475157641682,1.0,1.0
2026-03-22T21:10:07.745-753714-296376,752,true,7.763742692587214,1,5436.711414949094,1.0,0.987
2026-03-22T21:10:07.745-753714-296376,545,true,3.9129173683865712,1,5432.798497580708,1.0,0.681
2026-03-22T21:10:07.745-753714-296376,793,true,1.9267025494930576,1,5430.871795031215,1.0,0.987
2026-03-22T21:10:07.745-753714-296376,987,false,0.01711964792992206,1,5430.871795031215,1.0,1.0
2026-03-22T21:10:07.745-753714-296376,615,true,0.5203646094677797,1,5430.351430421747,1.0,0.99
2026-03-22T21:10:07.745-753714-296376,145,true,20.293866786259315,1,5410.057563635488,1.0,0.685
2026-03-22T21:10:07.745-753714-296376,912,true,0.6948099608287035,1,5409.362753674659,1.0,0.6839999999999999
2026-03-22T21:10:07.745-753714-296376,968,true,49.47786950679342,1,5359.8848841678655,1.0,0.99
2026-03-22T21:10:07.745-753714-296376,994,true,3.673935105170066,1,5356.210949062695,1.0,0.995
2026-03-22T21:10:07.745-753714-296376,672,true,3.3704049931223485,1,5352.840544069573,1.0,0.99
2026-03-22T21:10:07.745-753714-296376,584,true,10.989079281991645,1,5341.851464787582,1.0,0.995
2026-03-22T21:10:07.745-753714-296376,842,true,4.6638151733300575,1,5337.187649614251,1.0,0.988
2026-03-22T21:10:07.745-753714-296376,242,true,0.42334871325661394,1,5336.764300900994,1.0,0.992
2026-03-22T21:10:07.745-753714-296376,311,true,9.534660260091446,1,5327.229640640903,1.0,0.986
2026-03-22T21:10:07.745-753714-296376,146,true,2.1396560472972053,1,5325.089984593606,1.0,0.46699999999999997
2026-03-22T21:10:07.745-753714-296376,47,true,1.025354559666509,1,5324.0646300339395,1.0,0.992
2026-03-22T21:10:07.745-753714-296376,669,true,20.904939182164238,1,5303.159690851775,1.0,0.671
2026-03-22T21:10:07.745-753714-296376,517,true,0.3624058300306716,1,5302.797285021744,1.0,0.987
2026-03-22T21:10:07.745-753714-296376,370,true,0.4265636054998681,1,5302.370721416244,1.0,0.986
2026-03-22T21:10:07.745-753714-296376,201,true,1.4178168705125431,1,5300.952904545731,1.0,0.99
2026-03-22T21:10:07.745-753714-296376,693,true,2.7415180781635238,1,5298.2113864675675,1.0,0.983
2026-03-22T21:10:07.745-753714-296376,845,true,1.5274644432057278,1,5296.683922024362,1.0,0.722
2026-03-22T21:10:07.745-753714-296376,787,true,1.8093457719559298,1,5294.874576252406,1.0,0.989
2026-03-22T21:10:07.745-753714-296376,172,false,0.012664053112604963,1,5294.874576252406,1.0,1.0
2026-03-22T21:10:07.745-753714-296376,561,true,2.592348146756674,1,5292.282228105649,1.0,0.991
2026-03-22T21:10:07.745-753714-296376,587,false,0.06142887116955927,1,5292.282228105649,1.0,1.0
2026-03-22T21:10:07.745-753714-296376,455,true,2.7211637915458797,1,5289.561064314103,1.0,0.991
2026-03-22T21:10:07.745-753714-296376,690,true,4.382267823174254,1,5285.178796490928,1.0,0.647
2026-03-22T21:10:07.745-753714-296376,651,true,1.1256424211422487,1,5284.053154069786,1.0,0.6699999999999999
2026-03-22T21:10:07.745-753714-296376,137,false,0.08322165728418869,1,5284.053154069786,1.0,1.0
2026-03-22T21:10:07.745-753714-296376,176,true,0.22444296965460003,1,5283.828711100131,1.0,0.7050000000000001
2026-03-22T21:10:07.745-753714-296376,892,true,85.81515682350512,1,5198.013554276626,1.0,0.0010000000000000009
2026-03-22T21:10:07.745-753714-296376,373,true,95.6689471370253,1,5102.3446071396,1.0,0.6799999999999999
2026-03-22T21:10:07.745-753714-296376,792,false,0.12673734397477962,1,5102.3446071396,1.0,1.0
2026-03-22T21:10:07.745-753714-296376,864,false,0.16717707429305417,1,5102.3446071396,1.0,1.0
2026-03-22T21:10:07.745-753714-296376,485,true,5.864295565994077,1,5096.480311573606,1.0,0.993
2026-03-22T21:10:07.745-753714-296376,856,true,5.379379200020944,1,5091.100932373585,1.0,0.6819999999999999
2026-03-22T21:10:07.745-753714-296376,668,true,20.401392696963207,1,5070.699539676622,1.0,0.745
2026-03-22T21:10:07.745-753714-296376,743,true,1.1695920172205536,1,5069.529947659402,1.0,0.992
2026-03-22T21:10:07.745-753714-296376,950,true,9.81997822112094,1,5059.7099694382805,1.0,0.6950000000000001
2026-03-22T21:10:07.745-753714-296376,918,true,9.494946415004016,1,5050.215023023276,1.0,0.675
2026-03-22T21:10:07.745-753714-296376,531,true,9.893470152615182,1,5040.321552870661,1.0,0.993
2026-03-22T21:10:07.745-753714-296376,223,true,8.394990480347932,1,5031.926562390314,1.0,0.988
2026-03-22T21:10:07.745-753714-296376,781,true,3.518705224790883,1,5028.407857165523,1.0,0.996
2026-03-22T21:10:07.745-753714-296376,635,true,1.8106419481148583,1,5026.597215217408,1.0,0.681
2026-03-22T21:10:07.745-753714-296376,927,true,15.886681733636921,1,5010.7105334837715,1.0,0.984
2026-03-22T21:10:07.745-753714-296376,609,false,0.09406607875843172,1,5010.7105334837715,1.0,1.0
2026-03-22T21:10:07.745-753714-296376,100,true,2.1174078332761233,1,5008.5931256504955,1.0,0.988
2026-03-22T21:10:07.745-753714-296376,330,false,0.14020951081990024,1,5008.5931256504955,1.0,1.0
2026-03-22T21:10:07.745-753714-296376,188,true,4.394465381084443,1,5004.198660269411,1.0,0.994
2026-03-22T21:10:07.745-753714-296376,706,true,1.2901854648537152,1,5002.908474804558,1.0,0.99
2026-03-22T21:10:07.745-753714-296376,854,false,0.07818809603162336,1,5002.908474804558,1.0,1.0
2026-03-22T21:10:07.745-753714-296376,202,true,0.2608610093133535,1,5002.647613795245,1.0,0.6839999999999999
2026-03-22T21:10:07.745-753714-296376,19,true,192.76020652001344,1,4809.887407275231,1.0,0.985
2026-03-22T21:10:07.745-753714-296376,1000,false,0.04926059374242401,1,4809.887407275231,1.0,1.0
2026-03-22T21:10:07.745-753714-296376,140,true,24.613494171516447,1,4785.273913103715,1.0,0.704
2026-03-22T21:10:07.745-753714-296376,215,true,0.4803591112988811,1,4784.7935539924165,1.0,0.99
2026-03-22T21:10:07.745-753714-296376,527,true,3.005837094922531,1,4781.787716897494,1.0,0.989
2026-03-22T21:10:07.745-753714-296376,180,true,55.964552742561224,1,4725.823164154933,1.0,0.994
2026-03-22T21:10:07.745-753714-296376,827,false,0.011399879932324875,1,4725.823164154933,1.0,1.0
2026-03-22T21:10:07.745-753714-296376,273,true,3.2062980827109153,1,4722.6168660722215,1.0,0.991
2026-03-22T21:10:07.745-753714-296376,553,true,21.803572665058006,1,4700.813293407164,1.0,0.988
2026-03-22T21:10:07.745-753714-296376,492,true,166.3819001343395,1,4534.431393272824,1.0,0.99
2026-03-22T21:10:07.745-753714-296376,467,false,0.08961577607908361,1,4534.431393272824,1.0,1.0
2026-03-22T21:10:07.745-753714-296376,431,true,2.0796246859915053,1,4532.351768586832,1.0,0.995
2026-03-22T21:10:07.745-753714-296376,538,true,3.9174585955210315,1,4528.434309991311,1.0,0.987
2026-03-22T21:10:07.745-753714-296376,905,true,8.41774313350127,1,4520.01656685781,1.0,0.997
2026-03-22T21:10:07.745-753714-296376,741,true,0.7535964780293508,1,4519.262970379781,1.0,0.6970000000000001
2026-03-22T21:10:07.745-753714-296376,94,true,0.7210346057121771,1,4518.541935774069,1.0,0.991
2026-03-22T21:10:07.745-753714-296376,200,true,8.601594677537589,1,4509.9403410965315,1.0,0.359
2026-03-22T21:10:07.745-753714-296376,791,true,16.747399257108352,1,4493.192941839423,1.0,0.679
2026-03-22T21:10:07.745-753714-296376,931,false,0.15194754292996948,1,4493.192941839423,1.0,1.0
2026-03-22T21:10:07.745-753714-296376,499,true,0.7427360451007078,1,4492.450205794322,1.0,0.994
2026-03-22T21:10:07.745-753714-296376,309,true,1.7035343242892034,1,4490.746671470032,1.0,0.508
2026-03-22T21:10:07.745-753714-296376,838,true,4.058139252529096,1,4486.688532217503,1.0,0.6910000000000001
2026-03-22T21:10:07.745-753714-296376,251,true,1.1606570581033222,1,4485.5278751594,1.0,0.6719999999999999
2026-03-22T21:10:07.745-753714-296376,358,false,0.022453007490265055,1,4485.5278751594,1.0,1.0
2026-03-22T21:10:07.745-753714-296376,961,true,0.3455363784308703,1,4485.182338780969,1.0,0.991
2026-03-22T21:10:07.745-753714-296376,114,true,23.284277326405817,1,4461.8980614545635,1.0,0.99
2026-03-22T21:10:07.745-753714-296376,398,true,1.0156444462798553,1,4460.8824170082835,1.0,0.995
2026-03-22T21:10:07.745-753714-296376,935,true,0.5621243027546153,1,4460.320292705529,1.0,0.987
2026-03-22T21:10:07.745-753714-296376,560,true,0.42803025460086036,1,4459.892262450928,1.0,0.741
2026-03-22T21:10:07.745-753714-296376,319,true,51.06874578877913,1,4408.823516662149,1.0,0.987
2026-03-22T21:10:07.745-753714-296376,573,true,2.2482981607753443,1,4406.5752185013735,1.0,0.993
2026-03-22T21:10:07.745-753714-296376,852,true,32.679719997830645,1,4373.8954985035425,1.0,0.986
2026-03-22T21:10:07.745-753714-296376,393,true,1.9467720425810147,1,4371.948726460962,1.0,0.688
2026-03-22T21:10:07.745-753714-296376,990,true,4.0020335808148815,1,4367.946692880147,1.0,0.6950000000000001
2026-03-22T21:10:07.745-753714-296376,742,true,9.538901145732924,1,4358.407791734414,1.0,0.369
2026-03-22T21:10:07.745-753714-296376,637,true,14.567501289076127,1,4343.840290445338,1.0,0.7010000000000001
2026-03-22T21:10:07.745-753714-296376,928,true,2.570996418114921,1,4341.269294027223,1.0,0.6890000000000001
2026-03-22T21:10:07.745-753714-296376,705,true,1.6953368076774034,1,4339.573957219545,1.0,0.681
2026-03-22T21:10:07.745-753714-296376,737,true,0.5125169171671157,1,4339.061440302378,1.0,0.992
2026-03-22T21:10:07.745-753714-296376,68,false,0.08511110651722625,1,4339.061440302378,1.0,1.0
2026-03-22T21:10:07.745-753714-296376,74,true,64.16420531343668,1,4274.897234988942,1.0,0.99
2026-03-22T21:10:07.745-753714-296376,371,true,4.605310784757475,1,4270.291924204184,1.0,0.33099999999999996
2026-03-22T21:10:07.745-753714-296376,576,true,4.470447001729954,1,4265.821477202455,1.0,0.6930000000000001
2026-03-22T21:10:07.745-753714-296376,144,false,0.036549105792915065,1,4265.821477202455,1.0,1.0
2026-03-22T21:10:07.745-753714-296376,124,true,2.7989111537119404,1,4263.022566048743,1.0,0.754
2026-03-22T21:10:07.745-753714-296376,340,true,12.945826405041299,1,4250.076739643702,1.0,0.991
2026-03-22T21:10:07.745-753714-296376,850,true,22.07235607103998,1,4228.004383572662,1.0,0.6970000000000001
2026-03-22T21:10:07.745-753714-296376,886,true,5.169767726792144,1,4222.83461584587,1.0,0.6759999999999999
2026-03-22T21:10:07.745-753714-296376,767,true,0.9519029758432123,1,4221.882712870027,1.0,0.99
2026-03-22T21:10:07.745-753714-296376,264,false,0.010891021685438764,1,4221.882712870027,1.0,1.0
2026-03-22T21:10:07.745-753714-296376,280,true,1.3931141526922415,1,4220.489598717335,1.0,0.99
2026-03-22T21:10:07.745-753714-296376,394,true,0.40100988364459333,1,4220.088588833691,1.0,0.734
2026-03-22T21:10:07.745-753714-296376,942,true,0.2251189665730485,1,4219.863469867118,1.0,0.653
2026-03-22T21:10:07.745-753714-296376,857,true,1.3469020371690856,1,4218.516567829948,1.0,0.32199999999999995
2026-03-22T21:10:07.745-753714-296376,423,false,0.1750609067027628,1,4218.516567829948,1.0,1.0
2026-03-22T21:10:07.745-753714-296376,728,true,15.344547909054423,1,4203.172019920894,1.0,0.992
2026-03-22T21:10:07.745-753714-296376,889,true,3.9288885145788988,1,4199.243131406315,1.0,0.0020000000000000018
2026-03-22T21:10:07.745-753714-296376,253,true,17.632772358505505,1,4181.61035904781,1.0,0.745
2026-03-22T21:10:07.745-753714-296376,292,true,0.7604070479520945,1,4180.849951999858,1.0,0.743
2026-03-22T21:10:07.745-753714-296376,888,true,7.800135116201179,1,4173.049816883657,1.0,0.0040000000000000036
2026-03-22T21:10:07.745-753714-296376,558,false,0.20888798981247414,1,4173.049816883657,1.0,1.0
2026-03-22T21:10:07.745-753714-296376,784,true,53.39900600377287,1,4119.6508108798835,1.0,0.548
2026-03-22T21:10:07.745-753714-296376,409,true,6.463796834008042,1,4113.187014045875,1.0,0.6890000000000001
2026-03-22T21:10:07.745-753714-296376,992,false,0.11074990800687055,1,4113.187014045875,1.0,1.0
2026-03-22T21:10:07.745-753714-296376,719,true,1.9475294889323784,1,4111.239484556942,1.0,0.69
2026-03-22T21:10:07.745-753714-296376,546,false,0.1255760661486362,1,4111.239484556942,1.0,1.0
2026-03-22T21:10:07.745-753714-296376,259,true,0.46893222362832804,1,4110.770552333314,1.0,0.345
2026-03-22T21:10:07.745-753714-296376,747,true,28.80332918167408,1,4081.96722315164,1.0,0.993
2026-03-22T21:10:07.745-753714-296376,709,true,9.808095670023567,1,4072.1591274816165,1.0,0.368
2026-03-22T21:10:07.745-753714-296376,708,true,13.447260507235622,1,4058.711866974381,1.0,0.0
2026-03-22T21:10:07.745-753714-296376,496,true,56.289170533520206,1,4002.422696440861,1.0,0.716
2026-03-22T21:10:07.745-753714-296376,712,true,1.609705716203903,1,4000.812990724657,1.0,0.36
2026-03-22T21:10:07.745-753714-296376,161,true,0.8392213211309817,1,3999.973769403526,1.0,0.996
2026-03-22T21:10:07.745-753714-296376,491,true,15.799078870047776,1,3984.1746905334785,1.0,0.7110000000000001
2026-03-22T21:10:07.745-753714-296376,428,true,0.265651444502568,1,3983.909039088976,1.0,0.6839999999999999
2026-03-22T21:10:07.745-753714-296376,107,true,31.299577444104646,1,3952.6094616448713,1.0,0.993
2026-03-22T21:10:07.745-753714-296376,379,true,2.0133546759368413,1,3950.5961069689347,1.0,0.991
2026-03-22T21:10:07.745-753714-296376,454,false,0.2084657346231733,1,3950.5961069689347,1.0,1.0
2026-03-22T21:10:07.745-753714-296376,451,true,0.660213953727843,1,3949.935893015207,1.0,0.99
2026-03-22T21:10:07.745-753714-296376,216,true,2.356199278332591,1,3947.5796937368746,1.0,0.372
2026-03-22T21:10:07.745-753714-296376,48,true,0.3729070251133143,1,3947.206786711761,1.0,0.729
2026-03-22T21:10:07.745-753714-296376,67,true,7.573818719599022,1,3939.6329679921623,1.0,0.995
2026-03-22T21:10:07.745-753714-296376,680,true,2.3358091602518227,1,3937.2971588319106,1.0,0.989
2026-03-22T21:10:07.745-753714-296376,701,true,0.38113425718969984,1,3936.9160245747207,1.0,0.991
2026-03-22T21:10:07.745-753714-296376,642,true,17.764276319286456,1,3919.151748255434,1.0,0.986
2026-03-22T21:10:07.745-753714-296376,904,true,5.820392827656233,1,3913.331355427778,1.0,0.665
2026-03-22T21:10:07.745-753714-296376,634,true,0.5557998693777522,1,3912.7755555584004,1.0,0.07199999999999995
2026-03-22T21:10:07.745-753714-296376,978,true,1.6244372002476573,1,3911.151118358153,1.0,0.48
2026-03-22T21:10:07.745-753714-296376,523,true,9.096662054837905,1,3902.054456303315,1.0,0.995
2026-03-22T21:10:07.745-753714-296376,589,true,88.76244468103026,1,3813.292011622285,1.0,0.989
2026-03-22T21:10:07.745-753714-296376,320,true,9.679789339305042,1,3803.61222228298,1.0,0.716
2026-03-22T21:10:07.745-753714-296376,476,true,2.215286749494523,1,3801.3969355334852,1.0,0.989
2026-03-22T21:10:07.745-753714-296376,969,false,0.06468749335426278,1,3801.3969355334852,1.0,1.0
2026-03-22T21:10:07.745-753714-296376,362,false,0.07272761310839901,1,3801.3969355334852,1.0,1.0
2026-03-22T21:10:07.745-753714-296376,471,true,5.076842508264015,1,3796.320093025221,1.0,0.99
2026-03-22T21:10:07.745-753714-296376,971,true,0.5469712032155599,1,3795.7731218220056,1.0,0.6930000000000001
2026-03-22T21:10:07.745-753714-296376,840,true,13.618001698027863,1,3782.1551201239777,1.0,0.07699999999999996
2026-03-22T21:10:07.745-753714-296376,818,true,2.096110364723091,1,3780.0590097592544,1.0,0.988
2026-03-22T21:10:07.745-753714-296376,610,true,2.8575496506488256,1,3777.2014601086057,1.0,0.644
2026-03-22T21:10:07.745-753714-296376,929,false,0.02677443157092489,1,3777.2014601086057,1.0,1.0
2026-03-22T21:10:07.745-753714-296376,400,true,4.421819622122872,1,3772.779640486483,1.0,0.673
2026-03-22T21:10:07.745-753714-296376,568,true,1.3168510835788385,1,3771.462789402904,1.0,0.989
2026-03-22T21:10:07.745-753714-296376,514,true,81.81679152093615,1,3689.645997881968,1.0,0.33499999999999996
2026-03-22T21:10:07.745-753714-296376,239,true,45.3689198314791,1,3644.277078050489,1.0,0.7110000000000001
2026-03-22T21:10:07.745-753714-296376,686,true,1.1852190204463313,1,3643.0918590300425,1.0,0.987
2026-03-22T21:10:07.745-753714-296376,783,true,20.15540709681722,1,3622.9364519332253,1.0,0.363
2026-03-22T21:10:07.745-753714-296376,41,true,3.984278347640936,1,3618.952173585584,1.0,0.993
2026-03-22T21:10:07.745-753714-296376,214,true,0.44368206102743424,1,3618.5084915245566,1.0,0.351
2026-03-22T21:10:07.745-753714-296376,32,true,3.666640570728438,1,3614.8418509538283,1.0,0.985
2026-03-22T21:10:07.745-753714-296376,738,true,21.54303893615501,1,3593.2988120176733,1.0,0.348
2026-03-22T21:10:07.745-753714-296376,817,true,35.0048660437129,1,3558.2939459739605,1.0,0.675
2026-03-22T21:10:07.745-753714-296376,692,true,0.8608826474766095,1,3557.433063326484,1.0,0.368
2026-03-22T21:10:07.745-753714-296376,226,true,2.1389531493219276,1,3555.294110177162,1.0,0.497
2026-03-22T21:10:07.745-753714-296376,314,true,0.5077764356809099,1,3554.786333741481,1.0,0.671
2026-03-22T21:10:07.745-753714-296376,750,true,9.40621727074051,1,3545.3801164707406,1.0,0.349
2026-03-22T21:10:07.745-753714-296376,91,true,7.347834062621997,1,3538.0322824081186,1.0,0.654
2026-03-22T21:10:07.745-753714-296376,913,true,1.0625308782123737,1,3536.9697515299063,1.0,0.679
2026-03-22T21:10:07.745-753714-296376,855,true,0.27714945154087434,1,3536.6926020783653,1.0,0.0
2026-03-22T21:10:07.745-753714-296376,591,true,0.5644700743866681,1,3536.128132003979,1.0,0.669
2026-03-22T21:10:07.745-753714-296376,723,true,4.408412973220869,1,3531.719719030758,1.0,0.986
2026-03-22T21:10:07.745-753714-296376,870,true,8.93036208431643,1,3522.7893569464413,1.0,0.986
2026-03-22T21:10:07.745-753714-296376,717,true,0.952368360260794,1,3521.8369885861807,1.0,0.32999999999999996
2026-03-22T21:10:07.745-753714-296376,126,true,9.1486376838652,1,3512.6883509023155,1.0,0.6819999999999999
2026-03-22T21:10:07.745-753714-296376,691,true,5.716534130324126,1,3506.9718167719916,1.0,0.0020000000000000018
2026-03-22T21:10:07.745-753714-296376,374,true,31.105219134642212,1,3475.8665976373495,1.0,0.33199999999999996
2026-03-22T21:10:07.745-753714-296376,18,true,5.335215681150476,1,3470.531381956199,1.0,0.6910000000000001
2026-03-22T21:10:07.745-753714-296376,796,true,0.5089005735122574,1,3470.0224813826867,1.0,0.6990000000000001
2026-03-22T21:10:07.745-753714-296376,890,true,8.84888231489271,1,3461.173599067794,1.0,0.0
2026-03-22T21:10:07.745-753714-296376,533,true,86.2490876941106,1,3374.9245113736833,1.0,0.7090000000000001
2026-03-22T21:10:07.745-753714-296376,95,true,4.1291015079137745,1,3370.7954098657697,1.0,0.677
2026-03-22T21:10:07.745-753714-296376,310,true,0.9674036401317972,1,3369.828006225638,1.0,0.06599999999999995
2026-03-22T21:10:07.745-753714-296376,462,true,1.5902354155935083,1,3368.2377708100444,1.0,0.759
2026-03-22T21:10:07.745-753714-296376,419,true,5.2926026622744935,1,3362.94516814777,1.0,0.996
2026-03-22T21:10:07.745-753714-296376,772,true,21.708509472848476,1,3341.2366586749213,1.0,0.988
2026-03-22T21:10:07.745-753714-296376,861,true,13.914018135123223,1,3327.322640539798,1.0,0.33299999999999996
2026-03-22T21:10:07.745-753714-296376,504,true,13.069761156776126,1,3314.252879383022,1.0,0.987
2026-03-22T21:10:07.745-753714-296376,452,true,5.956541875294691,1,3308.2963375077275,1.0,0.44799999999999995
2026-03-22T21:10:07.745-753714-296376,410,true,1.002411844362622,1,3307.293925663365,1.0,0.376
2026-03-22T21:10:07.745-753714-296376,578,true,2.27153226114369,1,3305.022393402221,1.0,0.726
2026-03-22T21:10:07.745-753714-296376,603,true,17.221669188702183,1,3287.800724213519,1.0,0.681
2026-03-22T21:10:07.745-753714-296376,151,true,1.1813275074536258,1,3286.6193967060653,1.0,0.991
2026-03-22T21:10:07.745-753714-296376,58,true,45.5155865529547,1,3241.1038101531108,1.0,0.7070000000000001
2026-03-22T21:10:07.745-753714-296376,388,true,13.706765491656075,1,3227.397044661455,1.0,0.371
2026-03-22T21:10:07.745-753714-296376,338,true,0.5684006528125366,1,3226.828644008642,1.0,0.366
2026-03-22T21:10:07.745-753714-296376,873,true,0.8623839493013069,1,3225.966260059341,1.0,0.0030000000000000027
2026-03-22T21:10:07.745-753714-296376,457,true,2.559558329670519,1,3223.4067017296707,1.0,0.685
2026-03-22T21:10:07.745-753714-296376,768,true,5.345328167839979,1,3218.061373561831,1.0,0.685
2026-03-22T21:10:07.745-753714-296376,834,false,0.16651536546652404,1,3218.061373561831,1.0,1.0
2026-03-22T21:10:07.745-753714-296376,159,false,0.027251375060604772,1,3218.061373561831,1.0,1.0
2026-03-22T21:10:07.745-753714-296376,141,true,1.6746995907234405,1,3216.3866739711075,1.0,0.38
2026-03-22T21:10:07.745-753714-296376,366,true,0.8485415203288897,1,3215.5381324507784,1.0,0.99
2026-03-22T21:10:07.745-753714-296376,303,true,1.4958018478479629,1,3214.0423306029306,1.0,0.991
2026-03-22T21:10:07.745-753714-296376,222,true,14.654336400447573,1,3199.3879942024832,1.0,0.377
2026-03-22T21:10:07.745-753714-296376,237,true,1.4680970554757875,1,3197.9198971470073,1.0,0.729
2026-03-22T21:10:07.745-753714-296376,830,true,0.4149465041751134,1,3197.5049506428322,1.0,0.6779999999999999
2026-03-22T21:10:07.745-753714-296376,677,true,8.490278165779996,1,3189.014672477052,1.0,0.485
2026-03-22T21:10:07.745-753714-296376,866,true,0.32912674716623,1,3188.6855457298857,1.0,0.982
2026-03-22T21:10:07.745-753714-296376,355,true,11.120317484590995,1,3177.5652282452947,1.0,0.7130000000000001
2026-03-22T21:10:07.745-753714-296376,532,true,1.7220692624140261,1,3175.8431589828806,1.0,0.20999999999999996
2026-03-22T21:10:07.745-753714-296376,128,false,0.16510310366811162,1,3175.8431589828806,1.0,1.0
2026-03-22T21:10:07.745-753714-296376,415,true,4.2038410302322164,1,3171.6393179526485,1.0,0.993
2026-03-22T21:10:07.745-753714-296376,647,true,1.6959822708493577,1,3169.943335681799,1.0,0.6739999999999999
2026-03-22T21:10:07.745-753714-296376,933,false,0.02328798270862602,1,3169.943335681799,1.0,1.0
2026-03-22T21:10:07.745-753714-296376,801,true,1.2065606771039112,1,3168.736775004695,1.0,0.991
2026-03-22T21:10:07.745-753714-296376,960,false,0.0647996313379223,1,3168.736775004695,1.0,1.0
2026-03-22T21:10:07.745-753714-296376,97,true,2.1607702016728387,1,3166.5760048030224,1.0,0.0
2026-03-22T21:10:07.745-753714-296376,221,true,2.3240888869975103,1,3164.251915916025,1.0,0.007000000000000006
2026-03-22T21:10:07.745-753714-296376,138,true,34.819171375154866,1,3129.4327445408703,1.0,0.347
2026-03-22T21:10:07.745-753714-296376,478,true,4.268123380827862,1,3125.1646211600423,1.0,0.688
2026-03-22T21:10:07.745-753714-296376,297,true,2.7091949066786527,1,3122.455426253364,1.0,0.991
2026-03-22T21:10:07.745-753714-296376,347,true,0.6072250163157139,1,3121.848201237048,1.0,0.99
2026-03-22T21:10:07.745-753714-296376,212,true,0.7132312811788682,1,3121.1349699558696,1.0,0.0010000000000000009
2026-03-22T21:10:07.745-753714-296376,381,true,1.3848942016733303,1,3119.750075754196,1.0,0.679
2026-03-22T21:10:07.745-753714-296376,522,true,4.519788153310379,1,3115.2302876008857,1.0,0.7150000000000001
2026-03-22T21:10:07.745-753714-296376,934,true,5.333033480040597,1,3109.897254120845,1.0,0.774
2026-03-22T21:10:07.745-753714-296376,751,true,6.760946893828029,1,3103.136307227017,1.0,0.346
2026-03-22T21:10:07.745-753714-296376,190,true,9.462957364526972,1,3093.67334986249,1.0,0.475
2026-03-22T21:10:07.745-753714-296376,295,true,0.7367745950745075,1,3092.9365752674153,1.0,0.351
2026-03-22T21:10:07.745-753714-296376,550,true,1.841480840294762,1,3091.0950944271203,1.0,0.722
2026-03-22T21:10:07.745-753714-296376,233,true,33.09910822487355,1,3057.995986202247,1.0,0.988
2026-03-22T21:10:07.745-753714-296376,849,false,0.09864818706148668,1,3057.995986202247,1.0,1.0
2026-03-22T21:10:07.745-753714-296376,605,true,1.5120379155883077,1,3056.4839482866587,1.0,0.0040000000000000036
2026-03-22T21:10:07.745-753714-296376,679,true,4.924114916442841,1,3051.559833370216,1.0,0.356
2026-03-22T21:10:07.745-753714-296376,187,true,0.32905047812372895,1,3051.230782892092,1.0,0.54
2026-03-22T21:10:07.745-753714-296376,535,true,5.398199051375464,1,3045.832583840717,1.0,0.0030000000000000027
2026-03-22T21:10:07.745-753714-296376,881,true,0.8702277156015008,1,3044.962356125115,1.0,0.7150000000000001
2026-03-22T21:10:07.745-753714-296376,64,true,18.070100038841282,1,3026.892256086274,1.0,0.671
2026-03-22T21:10:07.745-753714-296376,37,true,17.841578685483597,1,3009.0506774007904,1.0,0.986
2026-03-22T21:10:07.745-753714-296376,981,true,1.3141654264907214,1,3007.7365119742994,1.0,0.352
2026-03-22T21:10:07.745-753714-296376,585,true,4.06325751153669,1,3003.6732544627625,1.0,0.497
2026-03-22T21:10:07.745-753714-296376,84,true,2.6224588033643252,1,3001.0507956593983,1.0,0.993
2026-03-22T21:10:07.745-753714-296376,152,true,1.4424482759670687,1,2999.6083473834315,1.0,0.698
2026-03-22T21:10:07.745-753714-296376,177,true,47.63104657456244,1,2951.977300808869,1.0,0.0020000000000000018
2026-03-22T21:10:07.745-753714-296376,57,true,1.2391849240565127,1,2950.7381158848125,1.0,0.33099999999999996
2026-03-22T21:10:07.745-753714-296376,324,true,78.14275678714735,1,2872.595359097665,1.0,0.988
2026-03-22T21:10:07.745-753714-296376,154,true,17.262936482347445,1,2855.3324226153177,1.0,0.469
2026-03-22T21:10:07.745-753714-296376,490,true,3.7460377301907335,1,2851.586384885127,1.0,0.06799999999999995
2026-03-22T21:10:07.745-753714-296376,323,false,0.008287566496474386,1,2851.586384885127,1.0,1.0
2026-03-22T21:10:07.745-753714-296376,809,true,5.137044174898278,1,2846.4493407102286,1.0,0.986
2026-03-22T21:10:07.745-753714-296376,552,false,0.1896887333546263,1,2846.4493407102286,1.0,1.0
2026-03-22T21:10:07.745-753714-296376,375,true,0.24541991412018033,1,2846.2039207961084,1.0,0.06299999999999994
2026-03-22T21:10:07.745-753714-296376,407,true,0.2944387791798305,1,2845.9094820169285,1.0,0.32899999999999996
2026-03-22T21:10:07.745-753714-296376,51,false,0.03660140488645681,1,2845.9094820169285,1.0,1.0
2026-03-22T21:10:07.745-753714-296376,234,false,0.15126444488629168,1,2845.9094820169285,1.0,1.0
2026-03-22T21:10:07.745-753714-296376,444,true,3.6723939370995207,1,2842.237088079829,1.0,0.671
2026-03-22T21:10:07.745-753714-296376,495,true,0.6929592640057245,1,2841.544128815823,1.0,0.18600000000000005
2026-03-22T21:10:07.745-753714-296376,539,true,47.321364381365434,1,2794.2227644344575,1.0,0.683
2026-03-22T21:10:07.745-753714-296376,596,true,2.37584459530493,1,2791.8469198391526,1.0,0.996
2026-03-22T21:10:07.745-753714-296376,165,true,20.976478275455758,1,2770.8704415636967,1.0,0.993
2026-03-22T21:10:07.745-753714-296376,96,true,2.4206392974704674,1,2768.449802266226,1.0,0.06799999999999995
2026-03-22T21:10:07.745-753714-296376,488,true,23.627224590628128,1,2744.822577675598,1.0,0.0050000000000000044
2026-03-22T21:10:07.745-753714-296376,988,true,0.8041538224973228,1,2744.0184238531006,1.0,0.363
2026-03-22T21:10:07.745-753714-296376,825,true,21.758513237737734,1,2722.259910615363,1.0,0.33399999999999996
2026-03-22T21:10:07.745-753714-296376,775,true,3.554584542823861,1,2718.7053260725393,1.0,0.677
2026-03-22T21:10:07.745-753714-296376,999,true,23.774839070901965,1,2694.930487001637,1.0,0.986
2026-03-22T21:10:07.745-753714-296376,368,true,0.6989702584873615,1,2694.2315167431498,1.0,0.05700000000000005
2026-03-22T21:10:07.745-753714-296376,566,true,4.15031877928309,1,2690.0811979638665,1.0,0.6759999999999999
2026-03-22T21:10:07.745-753714-296376,54,true,4.512233829530966,1,2685.5689641343356,1.0,0.34199999999999997
2026-03-22T21:10:07.745-753714-296376,598,true,5.9168891231796925,1,2679.652075011156,1.0,0.6819999999999999
2026-03-22T21:10:07.745-753714-296376,397,true,0.9639435757008666,1,2678.688131435455,1.0,0.0050000000000000044
2026-03-22T21:10:07.745-753714-296376,833,true,7.251090307446204,1,2671.437041128009,1.0,0.34199999999999997
2026-03-22T21:10:07.745-753714-296376,110,true,1.8807346121401054,1,2669.5563065158685,1.0,0.7030000000000001
2026-03-22T21:10:07.745-753714-296376,384,true,3.8595225278106153,1,2665.696783988058,1.0,0.376
2026-03-22T21:10:07.745-753714-296376,440,true,1.4409410822204523,1,2664.2558429058377,1.0,0.675
2026-03-22T21:10:07.745-753714-296376,435,true,3.695735231898174,1,2660.5601076739395,1.0,0.7
2026-03-22T21:10:07.745-753714-296376,565,true,7.786011138531308,1,2652.7740965354083,1.0,0.347
2026-03-22T21:10:07.745-753714-296376,661,true,30.1957490576378,1,2622.5783474777704,1.0,0.989
2026-03-22T21:10:07.745-753714-296376,322,true,1.9726554561038796,1,2620.6056920216665,1.0,0.0040000000000000036
2026-03-22T21:10:07.745-753714-296376,378,true,1.472926544826012,1,2619.1327654768406,1.0,0.0050000000000000044
2026-03-22T21:10:07.745-753714-296376,626,true,0.3650938829295779,1,2618.767671593911,1.0,0.661
2026-03-22T21:10:07.745-753714-296376,959,true,0.42245398225917663,1,2618.345217611652,1.0,0.377
2026-03-22T21:10:07.745-753714-296376,884,true,32.70610821248552,1,2585.6391093991665,1.0,0.0
2026-03-22T21:10:07.745-753714-296376,246,true,1.7781479922193526,1,2583.8609614069474,1.0,0.665
2026-03-22T21:10:07.745-753714-296376,118,true,1.3413984653703137,1,2582.519562941577,1.0,0.986
2026-03-22T21:10:07.745-753714-296376,181,true,0.5125037873540527,1,2582.007059154223,1.0,0.681
2026-03-22T21:10:07.745-753714-296376,196,true,58.0747793643421,1,2523.932279789881,1.0,0.991
2026-03-22T21:10:07.745-753714-296376,498,true,0.26072730025775104,1,2523.671552489623,1.0,0.0040000000000000036
2026-03-22T21:10:07.745-753714-296376,10,true,0.430927951125028,1,2523.240624538498,1.0,0.99
2026-03-22T21:10:07.745-753714-296376,972,true,1.9227754210049555,1,2521.317849117493,1.0,0.33899999999999997
2026-03-22T21:10:07.745-753714-296376,298,true,2.620861490112375,1,2518.6969876273806,1.0,0.348
2026-03-22T21:10:07.745-753714-296376,633,true,11.45054790925082,1,2507.2464397181297,1.0,0.06499999999999995
2026-03-22T21:10:07.745-753714-296376,516,true,48.295445956169765,1,2458.95099376196,1.0,0.20699999999999996
2026-03-22T21:10:07.745-753714-296376,302,true,11.619702814448358,1,2447.3312909475117,1.0,0.683
2026-03-22T21:10:07.745-753714-296376,630,true,0.5765624130706474,1,2446.754728534441,1.0,0.052000000000000046
2026-03-22T21:10:07.745-753714-296376,334,true,40.99848331318577,1,2405.756245221255,1.0,0.506
2026-03-22T21:10:07.745-753714-296376,66,true,0.690230549902256,1,2405.0660146713526,1.0,0.365
2026-03-22T21:10:07.745-753714-296376,468,true,13.477856963528595,1,2391.588157707824,1.0,0.6799999999999999
2026-03-22T21:10:07.745-753714-296376,315,true,0.24957616840239968,1,2391.3385815394217,1.0,0.688
2026-03-22T21:10:07.745-753714-296376,208,false,0.20623644775313396,1,2391.3385815394217,1.0,1.0
2026-03-22T21:10:07.745-753714-296376,31,true,25.387189979265695,1,2365.951391560156,1.0,0.749
2026-03-22T21:10:07.745-753714-296376,122,true,0.24384334673747585,1,2365.7075482134187,1.0,0.493
2026-03-22T21:10:07.745-753714-296376,13,true,9.745168063897086,1,2355.962380149522,1.0,0.694
2026-03-22T21:10:07.745-753714-296376,765,true,22.968538214545514,1,2332.9938419349764,1.0,0.32999999999999996
2026-03-22T21:10:07.745-753714-296376,344,true,1.633665564299557,1,2331.360176370677,1.0,0.6930000000000001
2026-03-22T21:10:07.745-753714-296376,844,true,0.30474302542876985,1,2331.0554333452483,1.0,0.475
2026-03-22T21:10:07.745-753714-296376,8,true,6.242015740020202,1,2324.813417605228,1.0,0.6930000000000001
2026-03-22T21:10:07.745-753714-296376,85,true,16.033085474903196,1,2308.780332130325,1.0,0.655
2026-03-22T21:10:07.745-753714-296376,594,true,3.0427452562381814,1,2305.737586874087,1.0,0.472
2026-03-22T21:10:07.745-753714-296376,600,false,0.09890191337246629,1,2305.737586874087,1.0,1.0
2026-03-22T21:10:07.745-753714-296376,318,true,2.6476619202264895,1,2303.08992495386,1.0,0.006000000000000005
2026-03-22T21:10:07.745-753714-296376,477,true,1.2514434196143,1,2301.838481534246,1.0,0.371
2026-03-22T21:10:07.745-753714-296376,841,true,3.1716427053167258,1,2298.6668388289295,1.0,0.0
2026-03-22T21:10:07.745-753714-296376,106,true,92.61229061018177,1,2206.0545482187476,1.0,0.722
2026-03-22T21:10:07.745-753714-296376,727,true,2.210347821359878,1,2203.844200397388,1.0,0.692
2026-03-22T21:10:07.745-753714-296376,966,true,4.9401696745383115,1,2198.9040307228493,1.0,0.69
2026-03-22T21:10:07.745-753714-296376,979,true,3.994434031876783,1,2194.9095966909726,1.0,0.0010000000000000009
2026-03-22T21:10:07.745-753714-296376,12,true,5.1570290296779495,1,2189.7525676612945,1.0,0.382
2026-03-22T21:10:07.745-753714-296376,916,true,0.5887091564569242,1,2189.1638585048377,1.0,0.364
2026-03-22T21:10:07.745-753714-296376,183,false,0.04557298572324042,1,2189.1638585048377,1.0,1.0
2026-03-22T21:10:07.745-753714-296376,551,true,0.23089914843109527,1,2188.9329593564066,1.0,0.489
2026-03-22T21:10:07.745-753714-296376,20,true,33.24600816991643,1,2155.68695118649,1.0,0.05400000000000005
2026-03-22T21:10:07.745-753714-296376,939,true,0.51391742519123,1,2155.173033761299,1.0,0.45999999999999996
2026-03-22T21:10:07.745-753714-296376,829,true,6.201393709558731,1,2148.97164005174,1.0,0.352
2026-03-22T21:10:07.745-753714-296376,414,true,1.1108361654886192,1,2147.8608038862512,1.0,0.364
2026-03-22T21:10:07.745-753714-296376,506,true,14.975466780400245,1,2132.885337105851,1.0,0.55
2026-03-22T21:10:07.745-753714-296376,193,false,0.1579527697751223,1,2132.885337105851,1.0,1.0
2026-03-22T21:10:07.745-753714-296376,814,true,0.8800444009906839,1,2132.00529270486,1.0,0.679
2026-03-22T21:10:07.745-753714-296376,343,true,50.29377906227137,1,2081.7115136425887,1.0,0.32999999999999996
2026-03-22T21:10:07.745-753714-296376,653,true,45.077551116653325,1,2036.6339625259354,1.0,0.6970000000000001
2026-03-22T21:10:07.745-753714-296376,991,true,1.6111758910128202,1,2035.0227866349226,1.0,0.0
2026-03-22T21:10:07.745-753714-296376,173,true,16.777117108686895,1,2018.2456695262356,1.0,0.483
2026-03-22T21:10:07.745-753714-296376,363,true,52.566365197412594,1,1965.679304328823,1.0,0.6639999999999999
2026-03-22T21:10:07.745-753714-296376,459,true,8.981907847447122,1,1956.697396481376,1.0,0.0
2026-03-22T21:10:07.745-753714-296376,644,true,1.5282597762719756,1,1955.169136705104,1.0,0.376
2026-03-22T21:10:07.745-753714-296376,284,true,2.1447017098694867,1,1953.0244349952345,1.0,0.991
2026-03-22T21:10:07.745-753714-296376,272,true,0.9710447588931617,1,1952.0533902363413,1.0,0.679
2026-03-22T21:10:07.745-753714-296376,416,true,1.8017384155840095,1,1950.2516518207574,1.0,0.006000000000000005
2026-03-22T21:10:07.745-753714-296376,511,true,4.883047722279338,1,1945.368604098478,1.0,0.0020000000000000018
2026-03-22T21:10:07.745-753714-296376,396,true,12.579903951364503,1,1932.7887001471136,1.0,0.0
2026-03-22T21:10:07.745-753714-296376,261,true,5.519682631085082,1,1927.2690175160285,1.0,0.36
2026-03-22T21:10:07.745-753714-296376,227,true,15.176443288489102,1,1912.0925742275394,1.0,0.737
2026-03-22T21:10:07.745-753714-296376,139,true,1.1193718124481287,1,1910.9732024150912,1.0,0.006000000000000005
2026-03-22T21:10:07.745-753714-296376,507,true,6.422706782360105,1,1904.550495632731,1.0,0.0020000000000000018
2026-03-22T21:10:07.745-753714-296376,391,true,31.020900092022938,1,1873.5295955407082,1.0,0.0
2026-03-22T21:10:07.745-753714-296376,179,true,6.571518590919436,1,1866.9580769497888,1.0,0.0
2026-03-22T21:10:07.745-753714-296376,38,true,0.24163483412690537,1,1866.716442115662,1.0,0.5800000000000001
2026-03-22T21:10:07.745-753714-296376,354,true,4.240201448986142,1,1862.4762406666757,1.0,0.5509999999999999
2026-03-22T21:10:07.745-753714-296376,685,false,0.12042560048319192,1,1862.4762406666757,1.0,1.0
2026-03-22T21:10:07.745-753714-296376,740,true,12.0739163873218,1,1850.402324279354,1.0,0.0
2026-03-22T21:10:07.745-753714-296376,45,false,0.1574814012121954,1,1850.402324279354,1.0,1.0
2026-03-22T21:10:07.745-753714-296376,218,true,178.00816867737723,1,1672.3941556019768,1.0,0.0
2026-03-22T21:10:07.745-753714-296376,681,true,3.700143980972631,1,1668.6940116210042,1.0,0.354
2026-03-22T21:10:07.745-753714-296376,559,true,1.6225125197831305,1,1667.071499101221,1.0,0.32999999999999996
2026-03-22T21:10:07.745-753714-296376,607,true,155.94543572697705,1,1511.126063374244,1.0,0.0
2026-03-22T21:10:07.745-753714-296376,898,true,1.225264709468792,1,1509.9007986647753,1.0,0.6699999999999999
2026-03-22T21:10:07.745-753714-296376,420,true,1.929798297409615,1,1507.9710003673656,1.0,0.71
2026-03-22T21:10:07.745-753714-296376,232,true,563.5749927632934,1,944.3960076040722,1.0,0.677
2026-03-22T21:10:07.745-753714-296376,403,true,24.657658186202077,1,919.7383494178702,1.0,0.667
2026-03-22T21:10:07.745-753714-296376,943,true,3.1231995228650415,1,916.6151498950051,1.0,0.33299999999999996
2026-03-22T21:10:07.745-753714-296376,40,true,0.6381787104372165,1,915.9769711845679,1.0,0.0030000000000000027
2026-03-22T21:10:07.745-753714-296376,946,true,0.9830499494526811,1,914.9939212351152,1.0,0.373
2026-03-22T21:10:07.745-753714-296376,722,true,429.5403717549002,1,485.453549480215,1.0,0.31699999999999995
2026-03-22T21:10:07.745-753714-296376,35,true,3.075073209051162,1,482.37847627116383,1.0,0.06599999999999995
2026-03-22T21:10:07.745-753714-296376,387,true,1.5676724590699804,1,480.81080381209387,1.0,0.0
2026-03-22T21:10:07.745-753714-296376,98,true,0.29703732005009975,1,480.51376649204377,1.0,0.0
2026-03-22T21:10:07.745-753714-296376,879,true,1.6472265861463542,1,478.8665399058974,1.0,0.6819999999999999
2026-03-22T21:10:07.745-753714-296376,356,true,0.9216191260002105,1,477.9449207798972,1.0,0.363
2026-03-22T21:10:07.745-753714-296376,76,true,5.04510237246549,1,472.8998184074317,1.0,0.365
2026-03-22T21:10:07.745-753714-296376,734,true,3.576901455030294,1,469.32291695240144,1.0,0.741
2026-03-22T21:10:07.745-753714-296376,778,true,29.31608475743905,1,440.0068321949624,1.0,0.34299999999999997
2026-03-22T21:10:07.745-753714-296376,104,true,5.390919524572431,1,434.61591267038995,1.0,0.20499999999999996
2026-03-22T21:10:07.745-753714-296376,120,false,0.17025519487709767,1,434.61591267038995,1.0,1.0
2026-03-22T21:10:07.745-753714-296376,510,true,0.8260761233772226,1,433.7898365470127,1.0,0.0
2026-03-22T21:10:07.745-753714-296376,640,true,5.947594259646966,1,427.84224228736576,1.0,0.33599999999999997
2026-03-22T21:10:07.745-753714-296376,938,true,0.8950522764915049,1,426.94719001087424,1.0,0.05500000000000005
2026-03-22T21:10:07.745-753714-296376,166,true,62.762456981256086,1,364.18473302961814,1.0,0.694
2026-03-22T21:10:07.745-753714-296376,529,true,59.17905422277276,1,305.00567880684537,1.0,0.0030000000000000027
2026-03-22T21:10:07.745-753714-296376,321,true,1.0586073325360859,1,303.94707147430927,1.0,0.0
2026-03-22T21:10:07.745-753714-296376,399,true,5.422964319973427,1,298.52410715433587,1.0,0.0
2026-03-22T21:10:07.745-753714-296376,704,false,0.08504187479787662,1,298.52410715433587,1.0,1.0
2026-03-22T21:10:07.745-753714-296376,241,true,1.8615559179596484,1,296.6625512363762,1.0,0.32399999999999995
2026-03-22T21:10:07.745-753714-296376,175,true,1.2691444441101238,1,295.3934067922661,1.0,0.0
2026-03-22T21:10:07.745-753714-296376,81,true,0.38061435838632485,1,295.0127924338798,1.0,0.06499999999999995
2026-03-22T21:10:07.745-753714-296376,186,true,22.20554905650207,1,272.8072433773777,1.0,0.355
2026-03-22T21:10:07.745-753714-296376,77,true,0.7044773049286024,1,272.10276607244907,1.0,0.0050000000000000044
2026-03-22T21:10:07.745-753714-296376,131,true,0.49170492569840896,1,271.61106114675067,1.0,0.35
2026-03-22T21:10:07.745-753714-296376,586,true,4.954260145641891,1,266.65680100110876,1.0,0.0
2026-03-22T21:10:07.745-753714-296376,910,true,65.5480697969804,1,201.10873120412836,1.0,0.0030000000000000027
2026-03-22T21:10:07.745-753714-296376,72,true,0.32328428403697546,1,200.78544692009137,1.0,0.685
2026-03-22T21:10:07.745-753714-296376,789,true,41.72468616589752,1,159.06076075419384,1.0,0.353
2026-03-22T21:10:07.745-753714-296376,804,true,6.730926498482921,1,152.32983425571092,1.0,0.6699999999999999
2026-03-22T21:10:07.745-753714-296376,683,true,24.79647470383619,1,127.53335955187472,1.0,0.0
2026-03-22T21:10:07.745-753714-296376,612,false,0.08046435415852381,1,127.53335955187472,1.0,1.0
2026-03-22T21:10:07.745-753714-296376,243,true,13.294236985904098,1,114.23912256597063,1.0,0.0050000000000000044
2026-03-22T21:10:07.745-753714-296376,571,true,2.3363892728884785,1,111.90273329308215,1.0,0.354
2026-03-22T21:10:07.745-753714-296376,244,true,3.7674279512663182,1,108.13530534181584,1.0,0.04300000000000004
2026-03-22T21:10:07.745-753714-296376,997,true,8.854342731777045,1,99.28096261003878,1.0,0.368
2026-03-22T21:10:07.745-753714-296376,819,false,0.20527329501011343,1,99.28096261003878,1.0,1.0
2026-03-22T21:10:07.745-753714-296376,508,true,3.9114816800988885,1,95.3694809299399,1.0,0.0
2026-03-22T21:10:07.745-753714-296376,590,false,0.0037486387432679224,1,95.3694809299399,1.0,1.0
2026-03-22T21:10:07.745-753714-296376,404,true,5.726534541644789,1,89.64294638829512,1.0,0.38
2026-03-22T21:10:07.745-753714-296376,925,true,208.91728058182514,1,-119.27433419353002,1.0,0.0020000000000000018
2026-03-22T21:10:07.745-455326-721534,128,false,0.09429937658122059,1,4349.500547280022,1.0,1.0
2026-03-22T21:10:07.745-455326-721534,99,true,0.9235175616931139,1,4348.577029718329,1.0,0.989
2026-03-22T21:10:07.745-455326-721534,909,false,0.025000276191235602,1,4348.577029718329,1.0,1.0
2026-03-22T21:10:07.745-455326-721534,274,true,1.257978385791102,1,4347.319051332538,1.0,0.989
2026-03-22T21:10:07.745-455326-721534,675,true,4.357309171500686,1,4342.961742161037,1.0,0.988
2026-03-22T21:10:07.745-455326-721534,198,true,2.8690687094889182,1,4340.092673451549,1.0,0.989
2026-03-22T21:10:07.745-455326-721534,121,true,21.19174452659143,1,4318.900928924957,1.0,0.985
2026-03-22T21:10:07.745-455326-721534,480,true,5.134552416069734,1,4313.766376508887,1.0,0.993
2026-03-22T21:10:07.745-455326-721534,86,true,2.7764726528504604,1,4310.989903856037,1.0,0.993
2026-03-22T21:10:07.745-455326-721534,21,true,5.8959481391310495,1,4305.093955716906,1.0,0.993
2026-03-22T21:10:07.745-455326-721534,72,true,14.928712991458912,1,4290.165242725447,1.0,0.993
2026-03-22T21:10:07.745-455326-721534,955,true,0.7253417974747196,1,4289.439900927972,1.0,0.716
2026-03-22T21:10:07.745-455326-721534,717,true,15.053562680932961,1,4274.386338247039,1.0,0.991
2026-03-22T21:10:07.745-455326-721534,560,false,0.14013975982661933,1,4274.386338247039,1.0,1.0
2026-03-22T21:10:07.745-455326-721534,156,true,9.695842217256724,1,4264.6904960297825,1.0,0.987
2026-03-22T21:10:07.745-455326-721534,331,true,70.07302107752224,1,4194.617474952261,1.0,0.8220000000000001
2026-03-22T21:10:07.745-455326-721534,962,true,26.616914731639703,1,4168.000560220621,1.0,0.8049999999999999
2026-03-22T21:10:07.745-455326-721534,397,true,0.7587919859304323,1,4167.24176823469,1.0,0.982
2026-03-22T21:10:07.745-455326-721534,752,true,2.413039127415973,1,4164.828729107275,1.0,0.989
2026-03-22T21:10:07.745-455326-721534,426,true,29.065490941639354,1,4135.763238165636,1.0,0.991
2026-03-22T21:10:07.745-455326-721534,966,true,749.1372464621942,1,3386.6259917034417,1.0,0.992
2026-03-22T21:10:07.745-455326-721534,286,true,0.7609509049479575,1,3385.8650407984937,1.0,0.994
2026-03-22T21:10:07.745-455326-721534,336,false,0.03970386087166084,1,3385.8650407984937,1.0,1.0
2026-03-22T21:10:07.745-455326-721534,399,true,2.1632367060644815,1,3383.701804092429,1.0,0.7090000000000001
2026-03-22T21:10:07.745-455326-721534,52,true,53.851359497411735,1,3329.8504445950175,1.0,0.988
2026-03-22T21:10:07.745-455326-721534,258,true,1.7007352757155796,1,3328.149709319302,1.0,0.991
2026-03-22T21:10:07.745-455326-721534,753,true,0.4327530402976315,1,3327.7169562790045,1.0,0.692
2026-03-22T21:10:07.745-455326-721534,927,true,3.1794181777576593,1,3324.537538101247,1.0,0.992
2026-03-22T21:10:07.745-455326-721534,96,true,2.619294290973398,1,3321.9182438102735,1.0,0.777
2026-03-22T21:10:07.745-455326-721534,834,true,4.851641780135681,1,3317.066602030138,1.0,0.991
2026-03-22T21:10:07.745-455326-721534,389,true,29.28503888852906,1,3287.781563141609,1.0,0.995
2026-03-22T21:10:07.745-455326-721534,263,true,0.4848664444173839,1,3287.2966966971912,1.0,0.995
2026-03-22T21:10:07.745-455326-721534,581,true,0.3132883172856218,1,3286.9834083799055,1.0,0.983
2026-03-22T21:10:07.745-455326-721534,917,true,0.381476255953427,1,3286.6019321239523,1.0,0.994
2026-03-22T21:10:07.745-455326-721534,709,false,0.18808692974748203,1,3286.6019321239523,1.0,1.0
2026-03-22T21:10:07.745-455326-721534,855,true,29.55901788596033,1,3257.042914237992,1.0,0.991
2026-03-22T21:10:07.745-455326-721534,796,false,0.15720680502466267,1,3257.042914237992,1.0,1.0
2026-03-22T21:10:07.745-455326-721534,61,true,3.9729552130321286,1,3253.06995902496,1.0,0.993
2026-03-22T21:10:07.745-455326-721534,710,true,2.3446726662503896,1,3250.7252863587096,1.0,0.99
2026-03-22T21:10:07.745-455326-721534,233,true,10.056904108421708,1,3240.668382250288,1.0,0.992
2026-03-22T21:10:07.745-455326-721534,775,true,18.00549552438283,1,3222.662886725905,1.0,0.995
2026-03-22T21:10:07.745-455326-721534,26,true,1658.2992462049901,1,1564.363640520915,1.0,0.99
2026-03-22T21:10:07.745-455326-721534,849,true,1.1935390204454395,1,1563.1701015004694,1.0,0.986
2026-03-22T21:10:07.745-455326-721534,270,true,5.309428828256816,1,1557.8606726722126,1.0,0.99
2026-03-22T21:10:07.745-455326-721534,51,true,13.915230239932882,1,1543.9454424322796,1.0,0.741
2026-03-22T21:10:07.745-455326-721534,989,true,1.1234403474172647,1,1542.8220020848623,1.0,0.988
2026-03-22T21:10:07.745-455326-721534,946,true,7.213026687802827,1,1535.6089753970596,1.0,0.991
2026-03-22T21:10:07.745-455326-721534,310,false,0.14398078241791662,1,1535.6089753970596,1.0,1.0
2026-03-22T21:10:07.745-455326-721534,681,true,0.42804422973929007,1,1535.1809311673203,1.0,0.71
2026-03-22T21:10:07.745-455326-721534,639,true,10.92450688934389,1,1524.2564242779763,1.0,0.996
2026-03-22T21:10:07.745-455326-721534,15,true,307.35948290778924,1,1216.896941370187,1.0,0.991
2026-03-22T21:10:07.745-455326-721534,6,true,0.6500314681318977,1,1216.2469099020552,1.0,0.988
2026-03-22T21:10:07.745-455326-721534,963,false,0.11036162011838087,1,1216.2469099020552,1.0,1.0
2026-03-22T21:10:07.745-455326-721534,216,true,7.1363792124305565,1,1209.1105306896247,1.0,0.993
2026-03-22T21:10:07.745-455326-721534,824,true,6.097313593745829,1,1203.0132170958789,1.0,0.992
2026-03-22T21:10:07.745-455326-721534,995,true,10.9814368240215,1,1192.0317802718573,1.0,0.993
2026-03-22T21:10:07.745-455326-721534,193,true,1.4589362908738168,1,1190.5728439809834,1.0,0.99
2026-03-22T21:10:07.745-455326-721534,170,true,37.4480515778581,1,1153.1247924031254,1.0,0.992
2026-03-22T21:10:07.745-455326-721534,408,true,1.0306757277448426,1,1152.0941166753805,1.0,0.991
2026-03-22T21:10:07.745-455326-721534,243,true,6.607704347295723,1,1145.4864123280847,1.0,0.989
2026-03-22T21:10:07.745-455326-721534,919,true,3.8930931986909427,1,1141.5933191293939,1.0,0.18899999999999995
2026-03-22T21:10:07.745-455326-721534,672,false,0.04136672820846778,1,1141.5933191293939,1.0,1.0
2026-03-22T21:10:07.745-455326-721534,117,true,45.87835121510532,1,1095.7149679142885,1.0,0.989
2026-03-22T21:10:07.745-455326-721534,819,true,1.7344081911024527,1,1093.9805597231862,1.0,0.991
2026-03-22T21:10:07.745-455326-721534,976,true,0.9064775796422617,1,1093.0740821435438,1.0,0.795
2026-03-22T21:10:07.745-455326-721534,747,true,13.880914724527658,1,1079.1931674190162,1.0,0.993
2026-03-22T21:10:07.745-455326-721534,804,true,4.601523495921032,1,1074.591643923095,1.0,0.746
2026-03-22T21:10:07.745-455326-721534,779,true,0.2189653754861641,1,1074.3726785476088,1.0,0.994
2026-03-22T21:10:07.745-455326-721534,324,true,271.17675428756684,1,803.1959242600419,1.0,0.988
2026-03-22T21:10:07.745-455326-721534,361,true,1.7084840982056628,1,801.4874401618363,1.0,0.986
2026-03-22T21:10:07.745-455326-721534,444,true,0.5780397106553783,1,800.9094004511809,1.0,0.989
2026-03-22T21:10:07.745-455326-721534,467,true,2.6714714261203323,1,798.2379290250606,1.0,0.991
2026-03-22T21:10:07.745-455326-721534,248,true,4.055301564559888,1,794.1826274605007,1.0,0.986
2026-03-22T21:10:07.745-455326-721534,226,true,281.98180868766553,1,512.2008187728352,1.0,0.767
2026-03-22T21:10:07.745-455326-721534,711,true,320.4326697323978,1,191.76814904043738,1.0,0.6819999999999999
2026-03-22T21:10:07.745-455326-721534,149,false,0.11204125292911336,1,191.76814904043738,1.0,1.0
2026-03-22T21:10:07.745-455326-721534,127,false,0.06696978647972598,1,191.76814904043738,1.0,1.0
2026-03-22T21:10:07.745-455326-721534,648,true,3.743404556799789,1,188.0247444836376,1.0,0.991
2026-03-22T21:10:07.745-455326-721534,37,true,1.5729345366110619,1,186.45180994702653,1.0,0.998
2026-03-22T21:10:07.745-455326-721534,109,true,3.388867530750423,1,183.06294241627612,1.0,0.989
2026-03-22T21:10:07.745-455326-721534,882,true,5.057623631672235,1,178.00531878460387,1.0,0.99
2026-03-22T21:10:07.745-455326-721534,438,true,5.972266283857777,1,172.0330525007461,1.0,0.984
2026-03-22T21:10:07.745-455326-721534,167,true,2.221192093897581,1,169.81186040684852,1.0,0.714
2026-03-22T21:10:07.745-455326-721534,712,true,0.26881241784672305,1,169.5430479890018,1.0,0.031000000000000028
2026-03-22T21:10:07.745-455326-721534,674,true,4.483163382466193,1,165.0598846065356,1.0,0.802
2026-03-22T21:10:07.745-455326-721534,415,true,0.39800480148819184,1,164.66187980504742,1.0,0.992
2026-03-22T21:10:07.745-455326-721534,509,false,0.0742296793630581,1,164.66187980504742,1.0,1.0
2026-03-22T21:10:07.745-455326-721534,43,false,0.13239064501922357,1,164.66187980504742,1.0,1.0
2026-03-22T21:10:07.745-455326-721534,650,false,0.15974087882552196,1,164.66187980504742,1.0,1.0
2026-03-22T21:10:07.745-455326-721534,409,true,308.30392887862513,1,-143.6420490735777,1.0,0.7010000000000001
2026-03-22T21:10:07.745-306470-870601,658,false,0.3174819431400819,1,3757.1430972699054,1.0,1.0
2026-03-22T21:10:07.745-306470-870601,3,false,1.2941258733395096,1,3757.1430972699054,1.0,1.0
2026-03-22T21:10:07.745-306470-870601,789,false,0.05064122161378792,1,3757.1430972699054,1.0,1.0
2026-03-22T21:10:07.745-306470-870601,249,false,31.596927166440093,1,3757.1430972699054,1.0,1.0
2026-03-22T21:10:07.745-306470-870601,388,false,0.07397924054987001,1,3757.1430972699054,1.0,1.0
2026-03-22T21:10:07.745-306470-870601,516,false,4.91444134522495,1,3757.1430972699054,1.0,1.0
2026-03-22T21:10:07.745-306470-870601,118,false,27.778138912022158,1,3757.1430972699054,1.0,1.0
2026-03-22T21:10:07.745-306470-870601,53,false,21.59465767613492,1,3757.1430972699054,1.0,1.0
2026-03-22T21:10:07.745-306470-870601,746,false,530.9294248355461,1,3757.1430972699054,1.0,1.0
2026-03-22T21:10:07.745-306470-870601,869,false,0.1686097681217919,1,3757.1430972699054,1.0,1.0
2026-03-22T21:10:07.745-306470-870601,108,false,1.0973643590152442,1,3757.1430972699054,1.0,1.0
2026-03-22T21:10:07.745-306470-870601,349,false,8.289081745103758,1,3757.1430972699054,1.0,1.0
2026-03-22T21:10:07.745-306470-870601,648,false,0.7375975693849691,1,3757.1430972699054,1.0,1.0
2026-03-22T21:10:07.745-306470-870601,707,false,15.027442065047188,1,3757.1430972699054,1.0,1.0
2026-03-22T21:10:07.745-306470-870601,916,false,0.09443174253738859,1,3757.1430972699054,1.0,1.0
2026-03-22T21:10:07.745-306470-870601,640,false,77.87983532800666,1,3757.1430972699054,1.0,1.0
2026-03-22T21:10:07.745-306470-870601,892,false,2.401251665979939,1,3757.1430972699054,1.0,1.0
2026-03-22T21:10:07.745-306470-870601,266,false,0.6062314959080751,1,3757.1430972699054,1.0,1.0
2026-03-22T21:10:07.745-306470-870601,811,false,11.659650549678403,1,3757.1430972699054,1.0,1.0
2026-03-22T21:10:07.745-306470-870601,158,false,6.627455347232708,1,3757.1430972699054,1.0,1.0
2026-03-22T21:10:07.745-306470-870601,401,false,0.1732070283031552,1,3757.1430972699054,1.0,1.0
2026-03-22T21:10:07.745-306470-870601,935,false,0.07483485491814706,1,3757.1430972699054,1.0,1.0
2026-03-22T21:10:07.745-306470-870601,673,false,4.562623142212451,1,3757.1430972699054,1.0,1.0
2026-03-22T21:10:07.745-306470-870601,770,false,0.15031500021875047,1,3757.1430972699054,1.0,1.0
2026-03-22T21:10:07.745-306470-870601,173,false,1.2815282559784043,1,3757.1430972699054,1.0,1.0
2026-03-22T21:10:07.745-306470-870601,836,false,0.6653502793597419,1,3757.1430972699054,1.0,1.0
2026-03-22T21:10:07.745-306470-870601,138,false,0.7180692703400321,1,3757.1430972699054,1.0,1.0
2026-03-22T21:10:07.745-306470-870601,131,false,0.28756589229586865,1,3757.1430972699054,1.0,1.0
2026-03-22T21:10:07.745-306470-870601,369,true,0.5676788391315555,1,3756.575418430774,1.0,0.6799999999999999
2026-03-22T21:10:07.745-306470-870601,898,false,0.6061786945836426,1,3756.575418430774,1.0,1.0
2026-03-22T21:10:07.745-306470-870601,858,false,0.09512148682417265,1,3756.575418430774,1.0,1.0
2026-03-22T21:10:07.745-306470-870601,238,false,2.1454058654511674,1,3756.575418430774,1.0,1.0
2026-03-22T21:10:07.745-306470-870601,820,false,0.09046447223253465,1,3756.575418430774,1.0,1.0
2026-03-22T21:10:07.745-306470-870601,352,false,0.15009157396379322,1,3756.575418430774,1.0,1.0
2026-03-22T21:10:07.745-306470-870601,132,false,1.8563315653596355,1,3756.575418430774,1.0,1.0
2026-03-22T21:10:07.745-306470-870601,923,true,0.4861149254512584,1,3756.0893035053227,1.0,0.6859999999999999
2026-03-22T21:10:07.745-306470-870601,652,false,1.620931866887502,1,3756.0893035053227,1.0,1.0
2026-03-22T21:10:07.745-306470-870601,564,false,6.6192730524487615,1,3756.0893035053227,1.0,1.0
2026-03-22T21:10:07.745-306470-870601,273,false,11.63048058862244,1,3756.0893035053227,1.0,1.0
2026-03-22T21:10:07.745-306470-870601,949,false,37.19212237984747,1,3756.0893035053227,1.0,1.0
2026-03-22T21:10:07.745-306470-870601,624,false,18.90274465043649,1,3756.0893035053227,1.0,1.0
2026-03-22T21:10:07.745-306470-870601,107,false,0.8673396220707928,1,3756.0893035053227,1.0,1.0
2026-03-22T21:10:07.745-306470-870601,11,false,7.753841956520938,1,3756.0893035053227,1.0,1.0
2026-03-22T21:10:07.745-306470-870601,206,false,0.27705150962198616,1,3756.0893035053227,1.0,1.0
2026-03-22T21:10:07.745-306470-870601,420,false,1.8903647144968851,1,3756.0893035053227,1.0,1.0
2026-03-22T21:10:07.745-306470-870601,462,false,0.025737997443292387,1,3756.0893035053227,1.0,1.0
2026-03-22T21:10:07.745-306470-870601,378,false,5.034607478346039,1,3756.0893035053227,1.0,1.0
2026-03-22T21:10:07.745-306470-870601,289,false,7.300617088102966,1,3756.0893035053227,1.0,1.0
2026-03-22T21:10:07.745-306470-870601,549,false,3.940423103920218,1,3756.0893035053227,1.0,1.0
2026-03-22T21:10:07.745-306470-870601,430,false,30.886374669280794,1,3756.0893035053227,1.0,1.0
2026-03-22T21:10:07.745-306470-870601,419,false,2.3994749144695358,1,3756.0893035053227,1.0,1.0
2026-03-22T21:10:07.745-306470-870601,421,false,0.12008858538897693,1,3756.0893035053227,1.0,1.0
2026-03-22T21:10:07.745-306470-870601,573,false,0.7584684496944787,1,3756.0893035053227,1.0,1.0
2026-03-22T21:10:07.745-306470-870601,751,false,112.49410135496834,1,3756.0893035053227,1.0,1.0
2026-03-22T21:10:07.745-306470-870601,302,false,1.1751499174072861,1,3756.0893035053227,1.0,1.0
2026-03-22T21:10:07.745-306470-870601,77,false,15.66875931812166,1,3756.0893035053227,1.0,1.0
2026-03-22T21:10:07.745-306470-870601,327,false,0.5765881955809888,1,3756.0893035053227,1.0,1.0
2026-03-22T21:10:07.745-306470-870601,664,false,0.04050248273495601,1,3756.0893035053227,1.0,1.0
2026-03-22T21:10:07.745-306470-870601,187,false,0.4987077499100146,1,3756.0893035053227,1.0,1.0
2026-03-22T21:10:07.745-306470-870601,810,false,9.277713842999182,1,3756.0893035053227,1.0,1.0
2026-03-22T21:10:07.745-306470-870601,290,false,0.8081924537522789,1,3756.0893035053227,1.0,1.0
2026-03-22T21:10:07.745-306470-870601,676,false,0.4023692051336463,1,3756.0893035053227,1.0,1.0
2026-03-22T21:10:07.745-306470-870601,10,false,2.2334730381410326,1,3756.0893035053227,1.0,1.0
2026-03-22T21:10:07.745-306470-870601,903,false,4.657769333748462,1,3756.0893035053227,1.0,1.0
2026-03-22T21:10:07.745-306470-870601,8,false,0.06832711663679139,1,3756.0893035053227,1.0,1.0
2026-03-22T21:10:07.745-306470-870601,728,true,0.3805956823865515,1,3755.708707822936,1.0,0.685
2026-03-22T21:10:07.745-306470-870601,353,false,49.76455656474191,1,3755.708707822936,1.0,1.0
2026-03-22T21:10:07.745-306470-870601,283,false,3.10221816456602,1,3755.708707822936,1.0,1.0
2026-03-22T21:10:07.745-306470-870601,321,false,0.9213799222847443,1,3755.708707822936,1.0,1.0
2026-03-22T21:10:07.745-306470-870601,693,false,4.9469314010089205,1,3755.708707822936,1.0,1.0
2026-03-22T21:10:07.745-306470-870601,541,false,997.4648777948793,1,3755.708707822936,1.0,1.0
2026-03-22T21:10:07.745-306470-870601,970,false,0.23665250643158078,1,3755.708707822936,1.0,1.0
2026-03-22T21:10:07.745-306470-870601,476,false,26.869020476116994,1,3755.708707822936,1.0,1.0
2026-03-22T21:10:07.745-306470-870601,180,false,4.178094804216122,1,3755.708707822936,1.0,1.0
2026-03-22T21:10:07.745-306470-870601,712,false,3.7687134591802676,1,3755.708707822936,1.0,1.0
2026-03-22T21:10:07.745-306470-870601,531,false,8.37192702731917,1,3755.708707822936,1.0,1.0
2026-03-22T21:10:07.745-306470-870601,261,false,0.286426624931226,1,3755.708707822936,1.0,1.0
2026-03-22T21:10:07.745-306470-870601,400,false,0.3359578221761422,1,3755.708707822936,1.0,1.0
2026-03-22T21:10:07.745-306470-870601,962,false,37.11755066368949,1,3755.708707822936,1.0,1.0
2026-03-22T21:10:07.745-306470-870601,792,false,0.017197978147695414,1,3755.708707822936,1.0,1.0
2026-03-22T21:10:07.745-306470-870601,615,false,3.191490124315299,1,3755.708707822936,1.0,1.0
2026-03-22T21:10:07.745-306470-870601,166,false,0.8680981205375208,1,3755.708707822936,1.0,1.0
2026-03-22T21:10:07.745-306470-870601,143,false,9.835910534532552,1,3755.708707822936,1.0,1.0
2026-03-22T21:10:07.745-306470-870601,294,false,0.18483561268491633,1,3755.708707822936,1.0,1.0
2026-03-22T21:10:07.745-306470-870601,794,false,4.82273189504983,1,3755.708707822936,1.0,1.0
2026-03-22T21:10:07.745-306470-870601,730,true,18.50302348932452,1,3737.2056843336113,1.0,0.677
2026-03-22T21:10:07.745-306470-870601,868,false,10.26987432448396,1,3737.2056843336113,1.0,1.0
2026-03-22T21:10:07.745-306470-870601,182,false,5.257447026219733,1,3737.2056843336113,1.0,1.0
2026-03-22T21:10:07.745-306470-870601,830,false,7.044340489735619,1,3737.2056843336113,1.0,1.0
2026-03-22T21:10:07.745-306470-870601,884,false,62.50942611349904,1,3737.2056843336113,1.0,1.0
2026-03-22T21:10:07.745-306470-870601,443,false,1.6218852412887488,1,3737.2056843336113,1.0,1.0
2026-03-22T21:10:07.745-306470-870601,229,false,9.035327179191954,1,3737.2056843336113,1.0,1.0
2026-03-22T21:10:07.745-306470-870601,196,false,17.07845852510467,1,3737.2056843336113,1.0,1.0
2026-03-22T21:10:07.745-306470-870601,120,false,72.96060585941831,1,3737.2056843336113,1.0,1.0
2026-03-22T21:10:07.745-306470-870601,636,false,0.09469994089354804,1,3737.2056843336113,1.0,1.0
2026-03-22T21:10:07.745-306470-870601,337,false,88.61225441334896,1,3737.2056843336113,1.0,1.0
2026-03-22T21:10:07.745-306470-870601,492,false,0.7257138520671801,1,3737.2056843336113,1.0,1.0
2026-03-22T21:10:07.745-306470-870601,345,false,2.671105252761055,1,3737.2056843336113,1.0,1.0
2026-03-22T21:10:07.745-306470-870601,329,true,76.55376945898442,1,3660.651914874627,1.0,0.6579999999999999
2026-03-22T21:10:07.745-306470-870601,817,false,0.3258625928866412,1,3660.651914874627,1.0,1.0
2026-03-22T21:10:07.745-306470-870601,300,false,37.505580757926985,1,3660.651914874627,1.0,1.0
2026-03-22T21:10:07.745-306470-870601,292,false,1.6924924203953775,1,3660.651914874627,1.0,1.0
2026-03-22T21:10:07.745-306470-870601,867,false,0.22015592607064807,1,3660.651914874627,1.0,1.0
2026-03-22T21:10:07.745-306470-870601,824,false,0.3435134803859159,1,3660.651914874627,1.0,1.0
2026-03-22T21:10:07.745-306470-870601,506,false,1.1999063035219828,1,3660.651914874627,1.0,1.0
2026-03-22T21:10:07.745-306470-870601,295,false,12.165653020650272,1,3660.651914874627,1.0,1.0
2026-03-22T21:10:07.745-306470-870601,660,false,0.028028045865002887,1,3660.651914874627,1.0,1.0
2026-03-22T21:10:07.745-306470-870601,513,false,41.63453543426569,1,3660.651914874627,1.0,1.0
2026-03-22T21:10:07.745-306470-870601,808,true,0.7488619818931175,1,3659.9030528927337,1.0,0.999
2026-03-22T21:10:07.745-306470-870601,714,false,9.200017786630454,1,3659.9030528927337,1.0,1.0
2026-03-22T21:10:07.745-306470-870601,889,false,10.745879665704397,1,3659.9030528927337,1.0,1.0
2026-03-22T21:10:07.745-306470-870601,500,true,14.726795896469453,1,3645.1762569962643,1.0,0.7
2026-03-22T21:10:07.745-306470-870601,78,false,1.6111031727451364,1,3645.1762569962643,1.0,1.0
2026-03-22T21:10:07.745-306470-870601,768,false,151.96419355589026,1,3645.1762569962643,1.0,1.0
2026-03-22T21:10:07.745-306470-870601,455,false,2.857616320434626,1,3645.1762569962643,1.0,1.0
2026-03-22T21:10:07.745-306470-870601,577,false,4.71991893326357,1,3645.1762569962643,1.0,1.0
2026-03-22T21:10:07.745-306470-870601,398,false,1.003428576904679,1,3645.1762569962643,1.0,1.0
2026-03-22T21:10:07.745-306470-870601,700,false,0.9815082009763765,1,3645.1762569962643,1.0,1.0
2026-03-22T21:10:07.745-306470-870601,687,false,247.956147042013,1,3645.1762569962643,1.0,1.0
2026-03-22T21:10:07.745-306470-870601,938,true,3.989804451530277,1,3641.186452544734,1.0,0.829
2026-03-22T21:10:07.745-306470-870601,522,false,1.5296632965886023,1,3641.186452544734,1.0,1.0
2026-03-22T21:10:07.745-306470-870601,269,false,0.9723370566230961,1,3641.186452544734,1.0,1.0
2026-03-22T21:10:07.745-306470-870601,742,false,90.07470430648573,1,3641.186452544734,1.0,1.0
2026-03-22T21:10:07.745-306470-870601,553,false,0.46624206340715785,1,3641.186452544734,1.0,1.0
2026-03-22T21:10:07.745-306470-870601,137,false,0.037451495759419653,1,3641.186452544734,1.0,1.0
2026-03-22T21:10:07.745-306470-870601,409,false,1.3471430865061305,1,3641.186452544734,1.0,1.0
2026-03-22T21:10:07.745-306470-870601,254,false,2.134640903563689,1,3641.186452544734,1.0,1.0
2026-03-22T21:10:07.745-306470-870601,552,false,0.20739542481139808,1,3641.186452544734,1.0,1.0
2026-03-22T21:10:07.745-306470-870601,684,false,0.4447616830484702,1,3641.186452544734,1.0,1.0
2026-03-22T21:10:07.745-306470-870601,634,false,0.0903663969140901,1,3641.186452544734,1.0,1.0
2026-03-22T21:10:07.745-306470-870601,932,false,32.241984198857,1,3641.186452544734,1.0,1.0
2026-03-22T21:10:07.745-306470-870601,849,false,9.272311215561135,1,3641.186452544734,1.0,1.0
2026-03-22T21:10:07.745-306470-870601,159,false,1.7413703244044396,1,3641.186452544734,1.0,1.0
2026-03-22T21:10:07.745-306470-870601,505,false,0.7111878775006484,1,3641.186452544734,1.0,1.0
2026-03-22T21:10:07.745-306470-870601,567,false,1.5564395464793461,1,3641.186452544734,1.0,1.0
2026-03-22T21:10:07.745-306470-870601,694,false,3.4054229583854534,1,3641.186452544734,1.0,1.0
2026-03-22T21:10:07.745-306470-870601,149,false,0.20966727730880833,1,3641.186452544734,1.0,1.0
2026-03-22T21:10:07.745-306470-870601,654,false,2.0270873673048593,1,3641.186452544734,1.0,1.0
2026-03-22T21:10:07.745-306470-870601,493,false,15.244693019097742,1,3641.186452544734,1.0,1.0
2026-03-22T21:10:07.745-306470-870601,105,false,0.7399796413956219,1,3641.186452544734,1.0,1.0
2026-03-22T21:10:07.745-306470-870601,933,true,2.3880967005988283,1,3638.798355844135,1.0,0.698
2026-03-22T21:10:07.745-306470-870601,489,false,4.751605922822709,1,3638.798355844135,1.0,1.0
2026-03-22T21:10:07.745-306470-870601,432,false,0.7196102942680269,1,3638.798355844135,1.0,1.0
2026-03-22T21:10:07.745-306470-870601,601,false,0.6802711850126221,1,3638.798355844135,1.0,1.0
2026-03-22T21:10:07.745-306470-870601,533,false,0.31064950490456106,1,3638.798355844135,1.0,1.0
2026-03-22T21:10:07.745-306470-870601,877,false,11.543668360175932,1,3638.798355844135,1.0,1.0
2026-03-22T21:10:07.745-306470-870601,404,false,0.01752511476552468,1,3638.798355844135,1.0,1.0
2026-03-22T21:10:07.745-306470-870601,257,false,0.12791814586934652,1,3638.798355844135,1.0,1.0
2026-03-22T21:10:07.745-306470-870601,474,false,0.2623645109102727,1,3638.798355844135,1.0,1.0
2026-03-22T21:10:07.745-306470-870601,255,false,8.680903616536261,1,3638.798355844135,1.0,1.0
2026-03-22T21:10:07.745-306470-870601,184,true,3.2343654946525193,1,3635.5639903494825,1.0,0.999
2026-03-22T21:10:07.745-306470-870601,597,false,2.0197122507243197,1,3635.5639903494825,1.0,1.0
2026-03-22T21:10:07.745-306470-870601,632,false,16.839393859523522,1,3635.5639903494825,1.0,1.0
2026-03-22T21:10:07.745-306470-870601,27,false,1.6072882079227624,1,3635.5639903494825,1.0,1.0
2026-03-22T21:10:07.745-306470-870601,481,false,10.398254971784251,1,3635.5639903494825,1.0,1.0
2026-03-22T21:10:07.745-306470-870601,708,false,0.05534536878911964,1,3635.5639903494825,1.0,1.0
2026-03-22T21:10:07.745-306470-870601,90,false,0.23143026678480816,1,3635.5639903494825,1.0,1.0
2026-03-22T21:10:07.745-306470-870601,40,false,2.953452735519701,1,3635.5639903494825,1.0,1.0
2026-03-22T21:10:07.745-306470-870601,276,false,0.6457267679141033,1,3635.5639903494825,1.0,1.0
2026-03-22T21:10:07.745-306470-870601,176,false,0.6056786469456098,1,3635.5639903494825,1.0,1.0
2026-03-22T21:10:07.745-306470-870601,65,false,0.05488676644312715,1,3635.5639903494825,1.0,1.0
2026-03-22T21:10:07.745-306470-870601,699,false,103.90465794300813,1,3635.5639903494825,1.0,1.0
2026-03-22T21:10:07.745-306470-870601,560,false,148.32953629531912,1,3635.5639903494825,1.0,1.0
2026-03-22T21:10:07.745-306470-870601,723,true,9.727883463524542,1,3625.836106885958,1.0,0.723
2026-03-22T21:10:07.745-306470-870601,649,false,7.751932969075615,1,3625.836106885958,1.0,1.0
2026-03-22T21:10:07.745-306470-870601,466,false,17.388688675232753,1,3625.836106885958,1.0,1.0
2026-03-22T21:10:07.745-306470-870601,487,false,4.3550466873767055,1,3625.836106885958,1.0,1.0
2026-03-22T21:10:07.745-306470-870601,837,false,0.12762013050280652,1,3625.836106885958,1.0,1.0
2026-03-22T21:10:07.745-306470-870601,671,false,5.294312393443923,1,3625.836106885958,1.0,1.0
2026-03-22T21:10:07.745-306470-870601,661,false,11.839191078901209,1,3625.836106885958,1.0,1.0
2026-03-22T21:10:07.745-306470-870601,536,false,9.22690854628826,1,3625.836106885958,1.0,1.0
2026-03-22T21:10:07.745-306470-870601,719,false,1.3659370847930434,1,3625.836106885958,1.0,1.0
2026-03-22T21:10:07.745-306470-870601,670,false,625.308218570759,1,3625.836106885958,1.0,1.0
2026-03-22T21:10:07.745-306470-870601,899,false,9.116765057183217,1,3625.836106885958,1.0,1.0
2026-03-22T21:10:07.745-306470-870601,715,false,0.5805359586762262,1,3625.836106885958,1.0,1.0
2026-03-22T21:10:07.745-306470-870601,520,false,50.76660142679231,1,3625.836106885958,1.0,1.0
2026-03-22T21:10:07.745-306470-870601,596,false,36.47793386727565,1,3625.836106885958,1.0,1.0
2026-03-22T21:10:07.745-306470-870601,534,false,1.4021567905539698,1,3625.836106885958,1.0,1.0
2026-03-22T21:10:07.745-306470-870601,242,false,31.955139352201353,1,3625.836106885958,1.0,1.0
2026-03-22T21:10:07.745-306470-870601,641,false,10.301094623264214,1,3625.836106885958,1.0,1.0
2026-03-22T21:10:07.745-306470-870601,126,false,73.67876201600684,1,3625.836106885958,1.0,1.0
2026-03-22T21:10:07.745-306470-870601,469,false,2.463492009869665,1,3625.836106885958,1.0,1.0
2026-03-22T21:10:07.745-306470-870601,769,false,5.3870555942556635,1,3625.836106885958,1.0,1.0
2026-03-22T21:10:07.745-306470-870601,485,true,0.5229426769868152,1,3625.313164208971,1.0,0.91
2026-03-22T21:10:07.745-306470-870601,972,false,3.0572204296131535,1,3625.313164208971,1.0,1.0
2026-03-22T21:10:07.745-306470-870601,790,false,11.234591852310679,1,3625.313164208971,1.0,1.0
2026-03-22T21:10:07.745-306470-870601,527,false,0.52849916354147,1,3625.313164208971,1.0,1.0
2026-03-22T21:10:07.745-306470-870601,897,false,9.663281265537305,1,3625.313164208971,1.0,1.0
2026-03-22T21:10:07.745-306470-870601,429,false,2.521242854502324,1,3625.313164208971,1.0,1.0
2026-03-22T21:10:07.745-306470-870601,626,false,4.109020871389726,1,3625.313164208971,1.0,1.0
2026-03-22T21:10:07.745-306470-870601,921,true,0.5726227900955622,1,3624.7405414188756,1.0,0.006000000000000005
2026-03-22T21:10:07.745-306470-870601,745,false,2.2091065621369523,1,3624.7405414188756,1.0,1.0
2026-03-22T21:10:07.745-306470-870601,642,false,0.5298972899506708,1,3624.7405414188756,1.0,1.0
2026-03-22T21:10:07.745-306470-870601,927,false,4.545312483805656,1,3624.7405414188756,1.0,1.0
2026-03-22T21:10:07.745-306470-870601,267,false,19.610520469650584,1,3624.7405414188756,1.0,1.0
2026-03-22T21:10:07.745-306470-870601,840,true,11.130190122489088,1,3613.6103512963864,1.0,0.85
2026-03-22T21:10:07.745-306470-870601,588,false,5.305189736309646,1,3613.6103512963864,1.0,1.0
2026-03-22T21:10:07.745-306470-870601,863,false,40.932990221599674,1,3613.6103512963864,1.0,1.0
2026-03-22T21:10:07.745-306470-870601,598,false,0.6895840117945236,1,3613.6103512963864,1.0,1.0
2026-03-22T21:10:07.745-306470-870601,981,false,0.15209048012309018,1,3613.6103512963864,1.0,1.0
2026-03-22T21:10:07.745-306470-870601,438,false,23.08407624490266,1,3613.6103512963864,1.0,1.0
2026-03-22T21:10:07.745-306470-870601,459,false,1.6465091872067001,1,3613.6103512963864,1.0,1.0
2026-03-22T21:10:07.745-306470-870601,197,false,6.8164679148047105,1,3613.6103512963864,1.0,1.0
2026-03-22T21:10:07.745-306470-870601,914,false,0.26738008621909565,1,3613.6103512963864,1.0,1.0
2026-03-22T21:10:07.745-306470-870601,859,false,1.0153092442637313,1,3613.6103512963864,1.0,1.0
2026-03-22T21:10:07.745-306470-870601,243,false,34.855838661331745,1,3613.6103512963864,1.0,1.0
2026-03-22T21:10:07.745-306470-870601,748,false,3.4663072372929196,1,3613.6103512963864,1.0,1.0
2026-03-22T21:10:07.745-306470-870601,688,false,0.20622507655104916,1,3613.6103512963864,1.0,1.0
2026-03-22T21:10:07.745-306470-870601,976,false,4.249349057800708,1,3613.6103512963864,1.0,1.0
2026-03-22T21:10:07.745-306470-870601,917,true,1.7641246072252241,1,3611.846226689161,1.0,0.85
2026-03-22T21:10:07.745-306470-870601,167,false,31.831059063072242,1,3611.846226689161,1.0,1.0
2026-03-22T21:10:07.745-306470-870601,913,false,10.167485021492041,1,3611.846226689161,1.0,1.0
2026-03-22T21:10:07.745-306470-870601,765,false,21.73123682568564,1,3611.846226689161,1.0,1.0
2026-03-22T21:10:07.745-306470-870601,983,false,0.846262875119938,1,3611.846226689161,1.0,1.0
2026-03-22T21:10:07.745-306470-870601,49,false,33.66189461607885,1,3611.846226689161,1.0,1.0
2026-03-22T21:10:07.745-306470-870601,252,false,230.64991828468118,1,3611.846226689161,1.0,1.0
2026-03-22T21:10:07.745-306470-870601,871,false,2.431989121827234,1,3611.846226689161,1.0,1.0
2026-03-22T21:10:07.745-306470-870601,416,false,56.26680506935263,1,3611.846226689161,1.0,1.0
2026-03-22T21:10:07.745-306470-870601,142,false,1.1214605224921201,1,3611.846226689161,1.0,1.0
2026-03-22T21:10:07.745-306470-870601,788,false,15.830847720775377,1,3611.846226689161,1.0,1.0
2026-03-22T21:10:07.745-306470-870601,451,false,4.529763192042366,1,3611.846226689161,1.0,1.0
2026-03-22T21:10:07.745-306470-870601,9,false,6.029728895389115,1,3611.846226689161,1.0,1.0
2026-03-22T21:10:07.745-306470-870601,532,false,0.2636828702720477,1,3611.846226689161,1.0,1.0
2026-03-22T21:10:07.745-306470-870601,975,false,15.56868815511087,1,3611.846226689161,1.0,1.0
2026-03-22T21:10:07.745-306470-870601,968,false,10.487062002740053,1,3611.846226689161,1.0,1.0
2026-03-22T21:10:07.745-306470-870601,379,false,0.9393965353710219,1,3611.846226689161,1.0,1.0
2026-03-22T21:10:07.745-306470-870601,156,false,67.30731020238018,1,3611.846226689161,1.0,1.0
2026-03-22T21:10:07.745-306470-870601,42,false,0.1316142715962861,1,3611.846226689161,1.0,1.0
2026-03-22T21:10:07.745-306470-870601,436,false,12.16261274452484,1,3611.846226689161,1.0,1.0
2026-03-22T21:10:07.745-306470-870601,732,true,9.598392397222025,1,3602.247834291939,1.0,0.692
2026-03-22T21:10:07.745-306470-870601,537,false,72.05439935673081,1,3602.247834291939,1.0,1.0
2026-03-22T21:10:07.745-306470-870601,677,false,20.08754400058449,1,3602.247834291939,1.0,1.0
2026-03-22T21:10:07.745-306470-870601,50,false,68.60405851173981,1,3602.247834291939,1.0,1.0
2026-03-22T21:10:07.745-306470-870601,205,false,367.28280115241216,1,3602.247834291939,1.0,1.0
2026-03-22T21:10:07.745-306470-870601,57,false,134.850121560006,1,3602.247834291939,1.0,1.0
2026-03-22T21:10:07.745-306470-870601,179,false,1.0421093144407143,1,3602.247834291939,1.0,1.0
2026-03-22T21:10:07.745-306470-870601,545,false,12.720940892557447,1,3602.247834291939,1.0,1.0
2026-03-22T21:10:07.745-306470-870601,525,false,13.170145849354038,1,3602.247834291939,1.0,1.0
2026-03-22T21:10:07.745-306470-870601,514,false,1.9506934811605745,1,3602.247834291939,1.0,1.0
2026-03-22T21:10:07.745-306470-870601,851,false,6.700801243819289,1,3602.247834291939,1.0,1.0
2026-03-22T21:10:07.745-306470-870601,100,false,5.76893769850646,1,3602.247834291939,1.0,1.0
2026-03-22T21:10:07.745-306470-870601,922,true,12.961370313864427,1,3589.2864639780746,1.0,0.0
2026-03-22T21:10:07.745-306470-870601,599,false,3.2747921396012165,1,3589.2864639780746,1.0,1.0
2026-03-22T21:10:07.745-306470-870601,128,false,194.05793048972942,1,3589.2864639780746,1.0,1.0
2026-03-22T21:10:07.745-306470-870601,999,false,3.425707161192764,1,3589.2864639780746,1.0,1.0
2026-03-22T21:10:07.745-306470-870601,503,true,2.4883993676744356,1,3586.7980646104,1.0,0.7150000000000001
2026-03-22T21:10:07.745-306470-870601,44,false,8.854124472756025,1,3586.7980646104,1.0,1.0
2026-03-22T21:10:07.745-306470-870601,440,false,3.462805592549562,1,3586.7980646104,1.0,1.0
2026-03-22T21:10:07.745-306470-870601,507,false,0.8369596877403958,1,3586.7980646104,1.0,1.0
2026-03-22T21:10:07.745-306470-870601,73,false,0.09283470484586283,1,3586.7980646104,1.0,1.0
2026-03-22T21:10:07.745-306470-870601,323,false,2.899316630931777,1,3586.7980646104,1.0,1.0
2026-03-22T21:10:07.745-306470-870601,306,false,3.6229227164019027,1,3586.7980646104,1.0,1.0
2026-03-22T21:10:07.745-306470-870601,357,false,56.71188884667507,1,3586.7980646104,1.0,1.0
2026-03-22T21:10:07.745-306470-870601,727,true,1.1204082481203061,1,3585.67765636228,1.0,0.0
2026-03-22T21:10:07.745-306470-870601,361,false,0.0454446335490605,1,3585.67765636228,1.0,1.0
2026-03-22T21:10:07.745-306470-870601,397,false,6.052333929767164,1,3585.67765636228,1.0,1.0
2026-03-22T21:10:07.745-306470-870601,71,false,5.056463554633777,1,3585.67765636228,1.0,1.0
2026-03-22T21:10:07.745-306470-870601,847,false,0.1285905610397327,1,3585.67765636228,1.0,1.0
2026-03-22T21:10:07.745-306470-870601,752,false,12.498404420709374,1,3585.67765636228,1.0,1.0
2026-03-22T21:10:07.745-306470-870601,68,false,135.37332318380902,1,3585.67765636228,1.0,1.0
2026-03-22T21:10:07.745-306470-870601,347,false,2.6252276250858237,1,3585.67765636228,1.0,1.0
2026-03-22T21:10:07.745-306470-870601,685,false,1.1797255678877767,1,3585.67765636228,1.0,1.0
2026-03-22T21:10:07.745-306470-870601,942,false,0.9699990236057043,1,3585.67765636228,1.0,1.0
2026-03-22T21:10:07.745-306470-870601,326,true,2.259253872788954,1,3583.4184024894907,1.0,0.681
2026-03-22T21:10:07.745-306470-870601,665,false,29.264896235904246,1,3583.4184024894907,1.0,1.0
2026-03-22T21:10:07.745-306470-870601,686,false,21.783636795189693,1,3583.4184024894907,1.0,1.0
2026-03-22T21:10:07.745-306470-870601,606,true,14.345474578554846,1,3569.072927910936,1.0,0.999
2026-03-22T21:10:07.745-306470-870601,234,false,1.4434501919333789,1,3569.072927910936,1.0,1.0
2026-03-22T21:10:07.745-306470-870601,264,false,3.856674416516124,1,3569.072927910936,1.0,1.0
2026-03-22T21:10:07.745-306470-870601,546,false,1.7732640035405995,1,3569.072927910936,1.0,1.0
2026-03-22T21:10:07.745-306470-870601,571,false,3.5548221302310767,1,3569.072927910936,1.0,1.0
2026-03-22T21:10:07.745-306470-870601,253,false,40.24787167196677,1,3569.072927910936,1.0,1.0
2026-03-22T21:10:07.745-306470-870601,805,true,4.311311615672319,1,3564.7616162952636,1.0,0.913
2026-03-22T21:10:07.745-306470-870601,281,false,0.2556606223992947,1,3564.7616162952636,1.0,1.0
2026-03-22T21:10:07.745-306470-870601,609,true,1.1705091891274433,1,3563.591107106136,1.0,0.7170000000000001
2026-03-22T21:10:07.745-306470-870601,227,false,0.12279519773609965,1,3563.591107106136,1.0,1.0
2026-03-22T21:10:07.745-306470-870601,340,false,0.5020613841429944,1,3563.591107106136,1.0,1.0
2026-03-22T21:10:07.745-306470-870601,308,false,1.2845865823800504,1,3563.591107106136,1.0,1.0
2026-03-22T21:10:07.745-306470-870601,776,false,0.29210407159583096,1,3563.591107106136,1.0,1.0
2026-03-22T21:10:07.745-306470-870601,881,false,1.3932595038538633,1,3563.591107106136,1.0,1.0
2026-03-22T21:10:07.745-306470-870601,819,false,17.378061756591084,1,3563.591107106136,1.0,1.0
2026-03-22T21:10:07.745-306470-870601,736,false,5.00414432787625,1,3563.591107106136,1.0,1.0
2026-03-22T21:10:07.745-306470-870601,608,true,56.23389347491748,1,3507.3572136312187,1.0,0.0020000000000000018
2026-03-22T21:10:07.745-306470-870601,992,false,22.15047505680968,1,3507.3572136312187,1.0,1.0
2026-03-22T21:10:07.745-306470-870601,720,true,53.59331736018206,1,3453.7638962710366,1.0,0.688
2026-03-22T21:10:07.745-306470-870601,891,false,5.7127060065298085,1,3453.7638962710366,1.0,1.0
2026-03-22T21:10:07.745-306470-870601,547,false,1.4177827329270634,1,3453.7638962710366,1.0,1.0
2026-03-22T21:10:07.745-306470-870601,146,false,0.2292818015224422,1,3453.7638962710366,1.0,1.0
2026-03-22T21:10:07.745-306470-870601,233,false,1.2325526399242597,1,3453.7638962710366,1.0,1.0
2026-03-22T21:10:07.745-306470-870601,502,true,0.3086493274442268,1,3453.4552469435926,1.0,0.041000000000000036
2026-03-22T21:10:07.745-306470-870601,918,true,0.7484230400420523,1,3452.7068239035507,1.0,0.0
2026-03-22T21:10:07.745-306470-870601,512,false,0.8875292698935728,1,3452.7068239035507,1.0,1.0
2026-03-22T21:10:07.745-306470-870601,973,false,0.20512868049730074,1,3452.7068239035507,1.0,1.0
2026-03-22T21:10:07.745-306470-870601,835,false,0.7635874970834806,1,3452.7068239035507,1.0,1.0
2026-03-22T21:10:07.745-306470-870601,910,false,4.533739606076606,1,3452.7068239035507,1.0,1.0
2026-03-22T21:10:07.745-306470-870601,384,false,6.236899413638735,1,3452.7068239035507,1.0,1.0
2026-03-22T21:10:07.745-306470-870601,980,false,42.097403288491776,1,3452.7068239035507,1.0,1.0
2026-03-22T21:10:07.745-306470-870601,501,true,13.133915051297981,1,3439.5729088522526,1.0,0.0
2026-03-22T21:10:07.745-306470-870601,509,false,8.36905532157308,1,3439.5729088522526,1.0,1.0
2026-03-22T21:10:07.745-306470-870601,651,false,0.42976758268191695,1,3439.5729088522526,1.0,1.0
2026-03-22T21:10:07.745-306470-870601,616,false,0.8534796085752742,1,3439.5729088522526,1.0,1.0
2026-03-22T21:10:07.745-306470-870601,878,false,37.893905705842805,1,3439.5729088522526,1.0,1.0
2026-03-22T21:10:07.745-306470-870601,317,false,5.290739221110133,1,3439.5729088522526,1.0,1.0
2026-03-22T21:10:07.745-306470-870601,265,false,0.2914708775861527,1,3439.5729088522526,1.0,1.0
2026-03-22T21:10:07.745-306470-870601,222,false,0.546814798643393,1,3439.5729088522526,1.0,1.0
2026-03-22T21:10:07.745-306470-870601,129,false,4.23371365421336,1,3439.5729088522526,1.0,1.0
2026-03-22T21:10:07.745-306470-870601,386,false,0.19614331408923752,1,3439.5729088522526,1.0,1.0
2026-03-22T21:10:07.745-306470-870601,801,false,5.257525356544034,1,3439.5729088522526,1.0,1.0
2026-03-22T21:10:07.745-306470-870601,116,false,0.2949390319326179,1,3439.5729088522526,1.0,1.0
2026-03-22T21:10:07.745-306470-870601,787,false,0.40321294677688974,1,3439.5729088522526,1.0,1.0
2026-03-22T21:10:07.745-306470-870601,581,true,11.569052850267655,1,3428.003856001985,1.0,0.847
2026-03-22T21:10:07.745-306470-870601,638,false,28.20147739060569,1,3428.003856001985,1.0,1.0
2026-03-22T21:10:07.745-306470-870601,256,false,4.070077181668436,1,3428.003856001985,1.0,1.0
2026-03-22T21:10:07.745-306470-870601,856,false,6.967592870334068,1,3428.003856001985,1.0,1.0
2026-03-22T21:10:07.745-306470-870601,390,false,12.881360498658927,1,3428.003856001985,1.0,1.0
2026-03-22T21:10:07.745-306470-870601,25,false,1.6603879273351254,1,3428.003856001985,1.0,1.0
2026-03-22T21:10:07.745-306470-870601,194,false,6.76823293395174,1,3428.003856001985,1.0,1.0
2026-03-22T21:10:07.745-306470-870601,996,false,5.77259410834463,1,3428.003856001985,1.0,1.0
2026-03-22T21:10:07.745-306470-870601,145,false,0.9354604183039126,1,3428.003856001985,1.0,1.0
2026-03-22T21:10:07.745-306470-870601,488,true,0.7210434504532675,1,3427.2828125515316,1.0,0.6910000000000001
2026-03-22T21:10:07.745-306470-870601,304,false,1.3460947487518098,1,3427.2828125515316,1.0,1.0
2026-03-22T21:10:07.745-306470-870601,800,false,0.11201984645373907,1,3427.2828125515316,1.0,1.0
2026-03-22T21:10:07.745-306470-870601,521,false,11.558538987779908,1,3427.2828125515316,1.0,1.0
2026-03-22T21:10:07.745-306470-870601,784,false,0.032276042690617054,1,3427.2828125515316,1.0,1.0
2026-03-22T21:10:07.745-306470-870601,247,false,0.3846769242194851,1,3427.2828125515316,1.0,1.0
2026-03-22T21:10:07.745-306470-870601,755,false,1.9422313518531742,1,3427.2828125515316,1.0,1.0
2026-03-22T21:10:07.745-306470-870601,16,false,8.330504618428591,1,3427.2828125515316,1.0,1.0
2026-03-22T21:10:07.745-306470-870601,274,false,35.691223749967016,1,3427.2828125515316,1.0,1.0
2026-03-22T21:10:07.745-306470-870601,188,false,40.21729546529981,1,3427.2828125515316,1.0,1.0
2026-03-22T21:10:07.745-306470-870601,961,false,28.27964431987213,1,3427.2828125515316,1.0,1.0
2026-03-22T21:10:07.745-306470-870601,576,false,10.386625490331017,1,3427.2828125515316,1.0,1.0
2026-03-22T21:10:07.745-306470-870601,926,true,19.948291597759432,1,3407.334520953772,1.0,0.915
2026-03-22T21:10:07.745-306470-870601,282,false,7.46294583037329,1,3407.334520953772,1.0,1.0
2026-03-22T21:10:07.745-306470-870601,106,false,0.06871359881491816,1,3407.334520953772,1.0,1.0
2026-03-22T21:10:07.745-306470-870601,551,false,0.5623048452335656,1,3407.334520953772,1.0,1.0
2026-03-22T21:10:07.745-306470-870601,834,false,1.5132900964003355,1,3407.334520953772,1.0,1.0
2026-03-22T21:10:07.745-306470-870601,879,false,5.961579788346774,1,3407.334520953772,1.0,1.0
2026-03-22T21:10:07.745-306470-870601,791,false,10.59352826055162,1,3407.334520953772,1.0,1.0
2026-03-22T21:10:07.745-306470-870601,955,false,22.93234491118716,1,3407.334520953772,1.0,1.0
2026-03-22T21:10:07.745-306470-870601,681,false,119.81483285254616,1,3407.334520953772,1.0,1.0
2026-03-22T21:10:07.745-306470-870601,625,false,5.391632070335249,1,3407.334520953772,1.0,1.0
2026-03-22T21:10:07.745-306470-870601,18,false,2.2919669564981997,1,3407.334520953772,1.0,1.0
2026-03-22T21:10:07.745-306470-870601,948,false,12.695537873810968,1,3407.334520953772,1.0,1.0
2026-03-22T21:10:07.745-306470-870601,782,false,0.5544847308875093,1,3407.334520953772,1.0,1.0
2026-03-22T21:10:07.745-306470-870601,422,false,0.760514262982967,1,3407.334520953772,1.0,1.0
2026-03-22T21:10:07.745-306470-870601,697,false,1.3360739701188817,1,3407.334520953772,1.0,1.0
