2026-03-22T21:10:07.745-306470-314489,682,false,1.1785670375668245,1,3780.5002510541576,1.0,1.0
2026-03-22T21:10:07.745-306470-314489,830,false,7.044340489735619,1,3780.5002510541576,1.0,1.0
2026-03-22T21:10:07.745-306470-314489,152,false,9.22330204220396,1,3780.5002510541576,1.0,1.0
2026-03-22T21:10:07.745-306470-314489,46,false,1.3882501355943115,1,3780.5002510541576,1.0,1.0
2026-03-22T21:10:07.745-306470-314489,235,false,1.9742625665582816,1,3780.5002510541576,1.0,1.0
2026-03-22T21:10:07.745-306470-314489,935,false,0.07483485491814706,1,3780.5002510541576,1.0,1.0
2026-03-22T21:10:07.745-306470-314489,268,false,1.764856018821513,1,3780.5002510541576,1.0,1.0
2026-03-22T21:10:07.745-306470-314489,167,false,31.831059063072242,1,3780.5002510541576,1.0,1.0
2026-03-22T21:10:07.745-306470-314489,647,false,366.1899320062711,1,3780.5002510541576,1.0,1.0
2026-03-22T21:10:07.745-306470-314489,289,false,7.300617088102966,1,3780.5002510541576,1.0,1.0
2026-03-22T21:10:07.745-306470-314489,544,false,0.2682005904978204,1,3780.5002510541576,1.0,1.0
2026-03-22T21:10:07.745-306470-314489,55,false,8.14738860732044,1,3780.5002510541576,1.0,1.0
2026-03-22T21:10:07.745-306470-314489,558,false,0.24352869896499307,1,3780.5002510541576,1.0,1.0
2026-03-22T21:10:07.745-306470-314489,983,false,0.846262875119938,1,3780.5002510541576,1.0,1.0
2026-03-22T21:10:07.745-306470-314489,563,false,0.5342095157997273,1,3780.5002510541576,1.0,1.0
2026-03-22T21:10:07.745-306470-314489,962,true,37.11755066368949,1,3743.382700390468,1.0,0.835
2026-03-22T21:10:07.745-306470-314489,765,false,21.73123682568564,1,3743.382700390468,1.0,1.0
2026-03-22T21:10:07.745-306470-314489,781,false,2.2694027976822126,1,3743.382700390468,1.0,1.0
2026-03-22T21:10:07.745-306470-314489,693,false,4.9469314010089205,1,3743.382700390468,1.0,1.0
2026-03-22T21:10:07.745-306470-314489,47,false,11.43265242967136,1,3743.382700390468,1.0,1.0
2026-03-22T21:10:07.745-306470-314489,86,false,0.16582950324109358,1,3743.382700390468,1.0,1.0
2026-03-22T21:10:07.745-306470-314489,163,false,0.6799890255066504,1,3743.382700390468,1.0,1.0
2026-03-22T21:10:07.745-306470-314489,403,false,14.134480708383549,1,3743.382700390468,1.0,1.0
2026-03-22T21:10:07.745-306470-314489,64,false,1003.3983698421481,1,3743.382700390468,1.0,1.0
2026-03-22T21:10:07.745-306470-314489,948,false,12.695537873810968,1,3743.382700390468,1.0,1.0
2026-03-22T21:10:07.745-306470-314489,282,false,7.46294583037329,1,3743.382700390468,1.0,1.0
2026-03-22T21:10:07.745-306470-314489,551,false,0.5623048452335656,1,3743.382700390468,1.0,1.0
2026-03-22T21:10:07.745-306470-314489,241,false,0.9890214580030023,1,3743.382700390468,1.0,1.0
2026-03-22T21:10:07.745-306470-314489,719,false,1.3659370847930434,1,3743.382700390468,1.0,1.0
2026-03-22T21:10:07.745-306470-314489,233,false,1.2325526399242597,1,3743.382700390468,1.0,1.0
2026-03-22T21:10:07.745-306470-314489,666,false,0.6638759988897446,1,3743.382700390468,1.0,1.0
2026-03-22T21:10:07.745-306470-314489,886,false,9.073175818523632,1,3743.382700390468,1.0,1.0
2026-03-22T21:10:07.745-306470-314489,258,false,14.854061013060308,1,3743.382700390468,1.0,1.0
2026-03-22T21:10:07.745-306470-314489,28,false,11.946692974892677,1,3743.382700390468,1.0,1.0
2026-03-22T21:10:07.745-306470-314489,559,false,0.20173282154834812,1,3743.382700390468,1.0,1.0
2026-03-22T21:10:07.745-306470-314489,827,false,52.78026732229975,1,3743.382700390468,1.0,1.0
2026-03-22T21:10:07.745-306470-314489,644,false,0.996059266092826,1,3743.382700390468,1.0,1.0
2026-03-22T21:10:07.745-306470-314489,762,false,1.4346661387312527,1,3743.382700390468,1.0,1.0
2026-03-22T21:10:07.745-306470-314489,824,false,0.3435134803859159,1,3743.382700390468,1.0,1.0
2026-03-22T21:10:07.745-306470-314489,931,false,1.2164141362026724,1,3743.382700390468,1.0,1.0
2026-03-22T21:10:07.745-306470-314489,487,false,4.3550466873767055,1,3743.382700390468,1.0,1.0
2026-03-22T21:10:07.745-306470-314489,36,false,7.34237911311142,1,3743.382700390468,1.0,1.0
2026-03-22T21:10:07.745-306470-314489,225,false,0.4016843240496364,1,3743.382700390468,1.0,1.0
2026-03-22T21:10:07.745-306470-314489,613,false,9.079648645999903,1,3743.382700390468,1.0,1.0
2026-03-22T21:10:07.745-306470-314489,741,false,26.2774884026094,1,3743.382700390468,1.0,1.0
2026-03-22T21:10:07.745-306470-314489,288,false,1.2327722493919002,1,3743.382700390468,1.0,1.0
2026-03-22T21:10:07.745-306470-314489,822,false,6.965147211178522,1,3743.382700390468,1.0,1.0
2026-03-22T21:10:07.745-306470-314489,994,false,0.24324798024788077,1,3743.382700390468,1.0,1.0
2026-03-22T21:10:07.745-306470-314489,131,false,0.28756589229586865,1,3743.382700390468,1.0,1.0
2026-03-22T21:10:07.745-306470-314489,946,false,3.681442031655626,1,3743.382700390468,1.0,1.0
2026-03-22T21:10:07.745-306470-314489,427,false,4.559022688985615,1,3743.382700390468,1.0,1.0
2026-03-22T21:10:07.745-306470-314489,227,false,0.12279519773609965,1,3743.382700390468,1.0,1.0
2026-03-22T21:10:07.745-306470-314489,528,false,3.986495985669932,1,3743.382700390468,1.0,1.0
2026-03-22T21:10:07.745-306470-314489,640,false,77.87983532800666,1,3743.382700390468,1.0,1.0
2026-03-22T21:10:07.745-306470-314489,351,false,7.044512822089037,1,3743.382700390468,1.0,1.0
2026-03-22T21:10:07.745-306470-314489,634,false,0.0903663969140901,1,3743.382700390468,1.0,1.0
2026-03-22T21:10:07.745-306470-314489,717,false,0.17889547384518759,1,3743.382700390468,1.0,1.0
2026-03-22T21:10:07.745-306470-314489,126,false,73.67876201600684,1,3743.382700390468,1.0,1.0
2026-03-22T21:10:07.745-306470-314489,199,false,1.3283030158310334,1,3743.382700390468,1.0,1.0
2026-03-22T21:10:07.745-306470-314489,512,false,0.8875292698935728,1,3743.382700390468,1.0,1.0
2026-03-22T21:10:07.745-306470-314489,771,false,1.256994279246137,1,3743.382700390468,1.0,1.0
2026-03-22T21:10:07.745-306470-314489,302,false,1.1751499174072861,1,3743.382700390468,1.0,1.0
2026-03-22T21:10:07.745-306470-314489,991,false,2.6586106948657435,1,3743.382700390468,1.0,1.0
2026-03-22T21:10:07.745-306470-314489,658,true,0.3174819431400819,1,3743.065218447328,1.0,0.681
2026-03-22T21:10:07.745-306470-314489,388,false,0.07397924054987001,1,3743.065218447328,1.0,1.0
2026-03-22T21:10:07.745-306470-314489,952,false,0.3353709452945862,1,3743.065218447328,1.0,1.0
2026-03-22T21:10:07.745-306470-314489,857,false,9.532793179379055,1,3743.065218447328,1.0,1.0
2026-03-22T21:10:07.745-306470-314489,448,false,4.6332953878277685,1,3743.065218447328,1.0,1.0
2026-03-22T21:10:07.745-306470-314489,665,false,29.264896235904246,1,3743.065218447328,1.0,1.0
2026-03-22T21:10:07.745-306470-314489,26,false,0.026831666797777712,1,3743.065218447328,1.0,1.0
2026-03-22T21:10:07.745-306470-314489,379,false,0.9393965353710219,1,3743.065218447328,1.0,1.0
2026-03-22T21:10:07.745-306470-314489,663,false,2.6589974846025775,1,3743.065218447328,1.0,1.0
2026-03-22T21:10:07.745-306470-314489,274,false,35.691223749967016,1,3743.065218447328,1.0,1.0
2026-03-22T21:10:07.745-306470-314489,745,false,2.2091065621369523,1,3743.065218447328,1.0,1.0
2026-03-22T21:10:07.745-306470-314489,461,false,30.774600582124464,1,3743.065218447328,1.0,1.0
2026-03-22T21:10:07.745-306470-314489,366,false,31.383854922361994,1,3743.065218447328,1.0,1.0
2026-03-22T21:10:07.745-306470-314489,211,false,10.938211865199687,1,3743.065218447328,1.0,1.0
2026-03-22T21:10:07.745-306470-314489,872,true,1.6228817542088751,1,3741.442336693119,1.0,0.679
2026-03-22T21:10:07.745-306470-314489,153,false,18.643307029396503,1,3741.442336693119,1.0,1.0
2026-03-22T21:10:07.745-306470-314489,705,false,13.264646526632497,1,3741.442336693119,1.0,1.0
2026-03-22T21:10:07.745-306470-314489,758,false,0.6082835280412063,1,3741.442336693119,1.0,1.0
2026-03-22T21:10:07.745-306470-314489,346,false,2.609275173272096,1,3741.442336693119,1.0,1.0
2026-03-22T21:10:07.745-306470-314489,321,false,0.9213799222847443,1,3741.442336693119,1.0,1.0
2026-03-22T21:10:07.745-306470-314489,997,false,2.4631875252889692,1,3741.442336693119,1.0,1.0
2026-03-22T21:10:07.745-306470-314489,257,false,0.12791814586934652,1,3741.442336693119,1.0,1.0
2026-03-22T21:10:07.745-306470-314489,443,false,1.6218852412887488,1,3741.442336693119,1.0,1.0
2026-03-22T21:10:07.745-306470-314489,773,false,0.5350034003896338,1,3741.442336693119,1.0,1.0
2026-03-22T21:10:07.745-306470-314489,804,false,13.455778463557413,1,3741.442336693119,1.0,1.0
2026-03-22T21:10:07.745-306470-314489,137,false,0.037451495759419653,1,3741.442336693119,1.0,1.0
2026-03-22T21:10:07.745-306470-314489,928,false,0.3361715159391615,1,3741.442336693119,1.0,1.0
2026-03-22T21:10:07.745-306470-314489,981,false,0.15209048012309018,1,3741.442336693119,1.0,1.0
2026-03-22T21:10:07.745-306470-314489,14,true,105.86501744292407,1,3635.577319250195,1.0,0.6819999999999999
2026-03-22T21:10:07.745-306470-314489,853,false,0.45548754306986455,1,3635.577319250195,1.0,1.0
2026-03-22T21:10:07.745-306470-314489,939,false,4.332690066116355,1,3635.577319250195,1.0,1.0
2026-03-22T21:10:07.745-306470-314489,27,false,1.6072882079227624,1,3635.577319250195,1.0,1.0
2026-03-22T21:10:07.745-306470-314489,485,false,0.5229426769868152,1,3635.577319250195,1.0,1.0
2026-03-22T21:10:07.745-306470-314489,556,false,16.787942858415615,1,3635.577319250195,1.0,1.0
2026-03-22T21:10:07.745-306470-314489,4,false,22.36948429031452,1,3635.577319250195,1.0,1.0
2026-03-22T21:10:07.745-306470-314489,441,false,0.37470476623936966,1,3635.577319250195,1.0,1.0
2026-03-22T21:10:07.745-306470-314489,415,false,11.016944525600023,1,3635.577319250195,1.0,1.0
2026-03-22T21:10:07.745-306470-314489,226,false,4.058608654630161,1,3635.577319250195,1.0,1.0
2026-03-22T21:10:07.745-306470-314489,916,false,0.09443174253738859,1,3635.577319250195,1.0,1.0
2026-03-22T21:10:07.745-306470-314489,9,true,6.029728895389115,1,3629.547590354806,1.0,0.702
2026-03-22T21:10:07.745-306470-314489,770,false,0.15031500021875047,1,3629.547590354806,1.0,1.0
2026-03-22T21:10:07.745-306470-314489,42,false,0.1316142715962861,1,3629.547590354806,1.0,1.0
2026-03-22T21:10:07.745-306470-314489,876,true,2.394401418835015,1,3627.153188935971,1.0,0.858
2026-03-22T21:10:07.745-306470-314489,615,false,3.191490124315299,1,3627.153188935971,1.0,1.0
2026-03-22T21:10:07.745-306470-314489,772,false,3.2006544061854645,1,3627.153188935971,1.0,1.0
2026-03-22T21:10:07.745-306470-314489,878,true,37.893905705842805,1,3589.259283230128,1.0,0.0010000000000000009
2026-03-22T21:10:07.745-306470-314489,31,false,9.998911671798492,1,3589.259283230128,1.0,1.0
2026-03-22T21:10:07.745-306470-314489,905,false,0.29574065200592026,1,3589.259283230128,1.0,1.0
2026-03-22T21:10:07.745-306470-314489,269,false,0.9723370566230961,1,3589.259283230128,1.0,1.0
2026-03-22T21:10:07.745-306470-314489,557,false,16.04435066300026,1,3589.259283230128,1.0,1.0
2026-03-22T21:10:07.745-306470-314489,731,false,3.001995721241173,1,3589.259283230128,1.0,1.0
2026-03-22T21:10:07.745-306470-314489,445,false,0.3604154014702086,1,3589.259283230128,1.0,1.0
2026-03-22T21:10:07.745-306470-314489,383,false,0.7129867277076896,1,3589.259283230128,1.0,1.0
2026-03-22T21:10:07.745-306470-314489,570,false,5.710743400178645,1,3589.259283230128,1.0,1.0
2026-03-22T21:10:07.745-306470-314489,48,false,19.606666554029722,1,3589.259283230128,1.0,1.0
2026-03-22T21:10:07.745-306470-314489,33,false,0.10428172412056877,1,3589.259283230128,1.0,1.0
2026-03-22T21:10:07.745-306470-314489,412,false,0.23987962510358468,1,3589.259283230128,1.0,1.0
2026-03-22T21:10:07.745-306470-314489,89,false,27.771071568774744,1,3589.259283230128,1.0,1.0
2026-03-22T21:10:07.745-306470-314489,752,false,12.498404420709374,1,3589.259283230128,1.0,1.0
2026-03-22T21:10:07.745-306470-314489,377,false,7.288170172607094,1,3589.259283230128,1.0,1.0
2026-03-22T21:10:07.745-306470-314489,219,false,0.43789551561015605,1,3589.259283230128,1.0,1.0
2026-03-22T21:10:07.745-306470-314489,742,false,90.07470430648573,1,3589.259283230128,1.0,1.0
2026-03-22T21:10:07.745-306470-314489,306,false,3.6229227164019027,1,3589.259283230128,1.0,1.0
2026-03-22T21:10:07.745-306470-314489,499,false,9.072092131826626,1,3589.259283230128,1.0,1.0
2026-03-22T21:10:07.745-306470-314489,19,false,1.2149918851718362,1,3589.259283230128,1.0,1.0
2026-03-22T21:10:07.745-306470-314489,923,false,0.4861149254512584,1,3589.259283230128,1.0,1.0
2026-03-22T21:10:07.745-306470-314489,45,false,6.039441871695574,1,3589.259283230128,1.0,1.0
2026-03-22T21:10:07.745-306470-314489,691,false,6.938635260816487,1,3589.259283230128,1.0,1.0
2026-03-22T21:10:07.745-306470-314489,365,false,1.116581196818153,1,3589.259283230128,1.0,1.0
2026-03-22T21:10:07.745-306470-314489,813,false,5.305981136014729,1,3589.259283230128,1.0,1.0
2026-03-22T21:10:07.745-306470-314489,373,false,7.639331817631423,1,3589.259283230128,1.0,1.0
2026-03-22T21:10:07.745-306470-314489,859,false,1.0153092442637313,1,3589.259283230128,1.0,1.0
2026-03-22T21:10:07.745-306470-314489,579,false,1.8953827604500444,1,3589.259283230128,1.0,1.0
2026-03-22T21:10:07.745-306470-314489,880,true,11.247131095153183,1,3578.0121521349747,1.0,0.716
2026-03-22T21:10:07.745-306470-314489,567,false,1.5564395464793461,1,3578.0121521349747,1.0,1.0
2026-03-22T21:10:07.745-306470-314489,555,false,0.9864431382896695,1,3578.0121521349747,1.0,1.0
2026-03-22T21:10:07.745-306470-314489,884,false,62.50942611349904,1,3578.0121521349747,1.0,1.0
2026-03-22T21:10:07.745-306470-314489,676,false,0.4023692051336463,1,3578.0121521349747,1.0,1.0
2026-03-22T21:10:07.745-306470-314489,285,false,0.24978790791406785,1,3578.0121521349747,1.0,1.0
2026-03-22T21:10:07.745-306470-314489,37,false,0.14364650480864144,1,3578.0121521349747,1.0,1.0
2026-03-22T21:10:07.745-306470-314489,92,false,26.823404580350786,1,3578.0121521349747,1.0,1.0
2026-03-22T21:10:07.745-306470-314489,504,false,4.010683042633171,1,3578.0121521349747,1.0,1.0
2026-03-22T21:10:07.745-306470-314489,184,false,3.2343654946525193,1,3578.0121521349747,1.0,1.0
2026-03-22T21:10:07.745-306470-314489,998,false,5.8026952326215016,1,3578.0121521349747,1.0,1.0
2026-03-22T21:10:07.745-306470-314489,739,false,0.14238853824410883,1,3578.0121521349747,1.0,1.0
2026-03-22T21:10:07.745-306470-314489,707,false,15.027442065047188,1,3578.0121521349747,1.0,1.0
2026-03-22T21:10:07.745-306470-314489,619,false,4.36996564196784,1,3578.0121521349747,1.0,1.0
2026-03-22T21:10:07.745-306470-314489,471,false,0.07242167686288571,1,3578.0121521349747,1.0,1.0
2026-03-22T21:10:07.745-306470-314489,978,false,0.05023537806067458,1,3578.0121521349747,1.0,1.0
2026-03-22T21:10:07.745-306470-314489,362,false,77.82326948480298,1,3578.0121521349747,1.0,1.0
2026-03-22T21:10:07.745-306470-314489,636,false,0.09469994089354804,1,3578.0121521349747,1.0,1.0
2026-03-22T21:10:07.745-306470-314489,488,false,0.7210434504532675,1,3578.0121521349747,1.0,1.0
2026-03-22T21:10:07.745-306470-314489,785,false,27.88713661309228,1,3578.0121521349747,1.0,1.0
2026-03-22T21:10:07.745-306470-314489,810,false,9.277713842999182,1,3578.0121521349747,1.0,1.0
2026-03-22T21:10:07.745-306470-314489,123,false,0.5155245538950954,1,3578.0121521349747,1.0,1.0
2026-03-22T21:10:07.745-306470-314489,147,false,0.3897422256636567,1,3578.0121521349747,1.0,1.0
2026-03-22T21:10:07.745-306470-314489,554,false,2.551086002831978,1,3578.0121521349747,1.0,1.0
2026-03-22T21:10:07.745-306470-314489,141,false,0.4671498220195218,1,3578.0121521349747,1.0,1.0
2026-03-22T21:10:07.745-306470-314489,405,false,10.511290207292642,1,3578.0121521349747,1.0,1.0
2026-03-22T21:10:07.745-306470-314489,882,false,0.09851980486002658,1,3578.0121521349747,1.0,1.0
2026-03-22T21:10:07.745-306470-314489,468,false,0.11019180790501877,1,3578.0121521349747,1.0,1.0
2026-03-22T21:10:07.745-306470-314489,801,false,5.257525356544034,1,3578.0121521349747,1.0,1.0
2026-03-22T21:10:07.745-306470-314489,982,false,221.78476836325953,1,3578.0121521349747,1.0,1.0
2026-03-22T21:10:07.745-306470-314489,808,false,0.7488619818931175,1,3578.0121521349747,1.0,1.0
2026-03-22T21:10:07.745-306470-314489,69,false,0.47163785861742735,1,3578.0121521349747,1.0,1.0
2026-03-22T21:10:07.745-306470-314489,646,false,2.1661090203783884,1,3578.0121521349747,1.0,1.0
2026-03-22T21:10:07.745-306470-314489,451,false,4.529763192042366,1,3578.0121521349747,1.0,1.0
2026-03-22T21:10:07.745-306470-314489,245,false,0.8704468590938073,1,3578.0121521349747,1.0,1.0
2026-03-22T21:10:07.745-306470-314489,317,false,5.290739221110133,1,3578.0121521349747,1.0,1.0
2026-03-22T21:10:07.745-306470-314489,755,false,1.9422313518531742,1,3578.0121521349747,1.0,1.0
2026-03-22T21:10:07.745-306470-314489,369,false,0.5676788391315555,1,3578.0121521349747,1.0,1.0
2026-03-22T21:10:07.745-306470-314489,919,false,1.1224616398929435,1,3578.0121521349747,1.0,1.0
2026-03-22T21:10:07.745-306470-314489,777,false,10.401953928554066,1,3578.0121521349747,1.0,1.0
2026-03-22T21:10:07.745-306470-314489,136,false,0.9271017906315098,1,3578.0121521349747,1.0,1.0
2026-03-22T21:10:07.745-306470-314489,500,false,14.726795896469453,1,3578.0121521349747,1.0,1.0
2026-03-22T21:10:07.745-306470-314489,318,false,2.9232620207098416,1,3578.0121521349747,1.0,1.0
2026-03-22T21:10:07.745-306470-314489,850,false,23.68945779329216,1,3578.0121521349747,1.0,1.0
2026-03-22T21:10:07.745-306470-314489,516,false,4.91444134522495,1,3578.0121521349747,1.0,1.0
2026-03-22T21:10:07.745-306470-314489,605,false,1.277429612735912,1,3578.0121521349747,1.0,1.0
2026-03-22T21:10:07.745-306470-314489,628,false,2.294343606052729,1,3578.0121521349747,1.0,1.0
2026-03-22T21:10:07.745-306470-314489,522,false,1.5296632965886023,1,3578.0121521349747,1.0,1.0
2026-03-22T21:10:07.745-306470-314489,430,false,30.886374669280794,1,3578.0121521349747,1.0,1.0
2026-03-22T21:10:07.745-306470-314489,181,false,1.1898288323962585,1,3578.0121521349747,1.0,1.0
2026-03-22T21:10:07.745-306470-314489,173,false,1.2815282559784043,1,3578.0121521349747,1.0,1.0
2026-03-22T21:10:07.745-306470-314489,216,false,1.0192218603564054,1,3578.0121521349747,1.0,1.0
2026-03-22T21:10:07.745-306470-314489,194,false,6.76823293395174,1,3578.0121521349747,1.0,1.0
2026-03-22T21:10:07.745-306470-314489,149,false,0.20966727730880833,1,3578.0121521349747,1.0,1.0
2026-03-22T21:10:07.745-306470-314489,244,false,4.871743463986952,1,3578.0121521349747,1.0,1.0
2026-03-22T21:10:07.745-306470-314489,855,false,0.24158846644834864,1,3578.0121521349747,1.0,1.0
2026-03-22T21:10:07.745-306470-314489,128,false,194.05793048972942,1,3578.0121521349747,1.0,1.0
2026-03-22T21:10:07.745-306470-314489,867,false,0.22015592607064807,1,3578.0121521349747,1.0,1.0
2026-03-22T21:10:07.745-306470-314489,580,false,5.337420974182477,1,3578.0121521349747,1.0,1.0
2026-03-22T21:10:07.745-306470-314489,416,false,56.26680506935263,1,3578.0121521349747,1.0,1.0
2026-03-22T21:10:07.745-306470-314489,275,false,0.270303774782326,1,3578.0121521349747,1.0,1.0
2026-03-22T21:10:07.745-306470-314489,198,false,1.3731432565111783,1,3578.0121521349747,1.0,1.0
2026-03-22T21:10:07.745-306470-314489,501,false,13.133915051297981,1,3578.0121521349747,1.0,1.0
2026-03-22T21:10:07.745-306470-314489,350,false,2.2066343697837394,1,3578.0121521349747,1.0,1.0
2026-03-22T21:10:07.745-306470-314489,197,false,6.8164679148047105,1,3578.0121521349747,1.0,1.0
2026-03-22T21:10:07.745-306470-314489,789,false,0.05064122161378792,1,3578.0121521349747,1.0,1.0
2026-03-22T21:10:07.745-306470-314489,710,false,8.137221673065644,1,3578.0121521349747,1.0,1.0
2026-03-22T21:10:07.745-306470-314489,768,false,151.96419355589026,1,3578.0121521349747,1.0,1.0
2026-03-22T21:10:07.745-306470-314489,684,false,0.4447616830484702,1,3578.0121521349747,1.0,1.0
2026-03-22T21:10:07.745-306470-314489,536,false,9.22690854628826,1,3578.0121521349747,1.0,1.0
2026-03-22T21:10:07.745-306470-314489,583,false,0.47255342084547347,1,3578.0121521349747,1.0,1.0
2026-03-22T21:10:07.745-306470-314489,404,false,0.01752511476552468,1,3578.0121521349747,1.0,1.0
2026-03-22T21:10:07.745-306470-314489,767,false,12.108321789353884,1,3578.0121521349747,1.0,1.0
2026-03-22T21:10:07.745-306470-314489,57,false,134.850121560006,1,3578.0121521349747,1.0,1.0
2026-03-22T21:10:07.745-306470-314489,941,false,11.162332863970775,1,3578.0121521349747,1.0,1.0
2026-03-22T21:10:07.745-306470-314489,754,false,0.021268799123955504,1,3578.0121521349747,1.0,1.0
2026-03-22T21:10:07.745-306470-314489,667,false,1.1728654325555357,1,3578.0121521349747,1.0,1.0
2026-03-22T21:10:07.745-306470-314489,304,false,1.3460947487518098,1,3578.0121521349747,1.0,1.0
2026-03-22T21:10:07.745-306470-314489,65,false,0.05488676644312715,1,3578.0121521349747,1.0,1.0
2026-03-22T21:10:07.745-306470-314489,979,false,0.8327603102736938,1,3578.0121521349747,1.0,1.0
2026-03-22T21:10:07.745-306470-314489,529,false,142.864614082296,1,3578.0121521349747,1.0,1.0
2026-03-22T21:10:07.745-306470-314489,82,false,4.67272288092273,1,3578.0121521349747,1.0,1.0
2026-03-22T21:10:07.745-306470-314489,690,false,0.6752200664965698,1,3578.0121521349747,1.0,1.0
2026-03-22T21:10:07.745-306470-314489,845,false,1.0593866108861636,1,3578.0121521349747,1.0,1.0
2026-03-22T21:10:07.745-306470-314489,393,false,0.07646584713331535,1,3578.0121521349747,1.0,1.0
2026-03-22T21:10:07.745-306470-314489,425,false,2.120601243192607,1,3578.0121521349747,1.0,1.0
2026-03-22T21:10:07.745-306470-314489,531,false,8.37192702731917,1,3578.0121521349747,1.0,1.0
2026-03-22T21:10:07.745-306470-314489,655,true,10.923162269675968,1,3567.0889898652986,1.0,0.0030000000000000027
2026-03-22T21:10:07.745-306470-314489,473,false,0.11145725493341813,1,3567.0889898652986,1.0,1.0
2026-03-22T21:10:07.745-306470-314489,5,false,5.303654109767851,1,3567.0889898652986,1.0,1.0
2026-03-22T21:10:07.745-306470-314489,778,false,2.4307051014661836,1,3567.0889898652986,1.0,1.0
2026-03-22T21:10:07.745-306470-314489,911,true,6.637812936607587,1,3560.451176928691,1.0,0.908
2026-03-22T21:10:07.745-306470-314489,30,false,0.3334745028176119,1,3560.451176928691,1.0,1.0
2026-03-22T21:10:07.745-306470-314489,870,true,13.92643655504969,1,3546.524740373641,1.0,0.696
2026-03-22T21:10:07.745-306470-314489,347,false,2.6252276250858237,1,3546.524740373641,1.0,1.0
2026-03-22T21:10:07.745-306470-314489,482,false,4.560746185875722,1,3546.524740373641,1.0,1.0
2026-03-22T21:10:07.745-306470-314489,54,false,213.80730142966007,1,3546.524740373641,1.0,1.0
2026-03-22T21:10:07.745-306470-314489,510,false,8.704248806404658,1,3546.524740373641,1.0,1.0
2026-03-22T21:10:07.745-306470-314489,562,false,0.29294447625463776,1,3546.524740373641,1.0,1.0
2026-03-22T21:10:07.745-306470-314489,375,false,20.728612056029192,1,3546.524740373641,1.0,1.0
2026-03-22T21:10:07.745-306470-314489,587,false,51.67046832197618,1,3546.524740373641,1.0,1.0
2026-03-22T21:10:07.745-306470-314489,597,false,2.0197122507243197,1,3546.524740373641,1.0,1.0
2026-03-22T21:10:07.745-306470-314489,252,false,230.64991828468118,1,3546.524740373641,1.0,1.0
2026-03-22T21:10:07.745-306470-314489,190,false,3.422576016019273,1,3546.524740373641,1.0,1.0
2026-03-22T21:10:07.745-306470-314489,891,false,5.7127060065298085,1,3546.524740373641,1.0,1.0
2026-03-22T21:10:07.745-306470-314489,503,false,2.4883993676744356,1,3546.524740373641,1.0,1.0
2026-03-22T21:10:07.745-306470-314489,568,false,5.765611110918745,1,3546.524740373641,1.0,1.0
2026-03-22T21:10:07.745-306470-314489,776,false,0.29210407159583096,1,3546.524740373641,1.0,1.0
2026-03-22T21:10:07.745-306470-314489,413,false,12.205754981572179,1,3546.524740373641,1.0,1.0
2026-03-22T21:10:07.745-306470-314489,166,false,0.8680981205375208,1,3546.524740373641,1.0,1.0
2026-03-22T21:10:07.745-306470-314489,712,false,3.7687134591802676,1,3546.524740373641,1.0,1.0
2026-03-22T21:10:07.745-306470-314489,627,false,9.123117800686904,1,3546.524740373641,1.0,1.0
2026-03-22T21:10:07.745-306470-314489,828,false,0.39307623735580344,1,3546.524740373641,1.0,1.0
2026-03-22T21:10:07.745-306470-314489,947,false,9.823106078030703,1,3546.524740373641,1.0,1.0
2026-03-22T21:10:07.745-306470-314489,612,false,4.012344632584229,1,3546.524740373641,1.0,1.0
2026-03-22T21:10:07.745-306470-314489,929,false,5.824285758965627,1,3546.524740373641,1.0,1.0
2026-03-22T21:10:07.745-306470-314489,926,false,19.948291597759432,1,3546.524740373641,1.0,1.0
2026-03-22T21:10:07.745-306470-314489,897,false,9.663281265537305,1,3546.524740373641,1.0,1.0
2026-03-22T21:10:07.745-306470-314489,620,false,5.115909708369531,1,3546.524740373641,1.0,1.0
2026-03-22T21:10:07.745-306470-314489,796,false,5.296841494322285,1,3546.524740373641,1.0,1.0
2026-03-22T21:10:07.745-306470-314489,177,false,1.0037303157440554,1,3546.524740373641,1.0,1.0
2026-03-22T21:10:07.745-306470-314489,846,false,4.693403897077417,1,3546.524740373641,1.0,1.0
2026-03-22T21:10:07.745-306470-314489,100,false,5.76893769850646,1,3546.524740373641,1.0,1.0
2026-03-22T21:10:07.745-306470-314489,76,false,7.413929089387639,1,3546.524740373641,1.0,1.0
2026-03-22T21:10:07.745-306470-314489,668,false,4.267785776539625,1,3546.524740373641,1.0,1.0
2026-03-22T21:10:07.745-306470-314489,132,false,1.8563315653596355,1,3546.524740373641,1.0,1.0
2026-03-22T21:10:07.745-306470-314489,115,false,60.039473450443445,1,3546.524740373641,1.0,1.0
2026-03-22T21:10:07.745-306470-314489,912,true,3.1860918418629116,1,3543.3386485317783,1.0,0.7090000000000001
2026-03-22T21:10:07.745-306470-314489,509,false,8.36905532157308,1,3543.3386485317783,1.0,1.0
2026-03-22T21:10:07.745-306470-314489,463,false,1.2331278327027386,1,3543.3386485317783,1.0,1.0
2026-03-22T21:10:07.745-306470-314489,600,false,9.286618942950788,1,3543.3386485317783,1.0,1.0
2026-03-22T21:10:07.745-306470-314489,514,false,1.9506934811605745,1,3543.3386485317783,1.0,1.0
2026-03-22T21:10:07.745-306470-314489,825,false,1.5907161102492082,1,3543.3386485317783,1.0,1.0
2026-03-22T21:10:07.745-306470-314489,761,false,13.365955300333436,1,3543.3386485317783,1.0,1.0
2026-03-22T21:10:07.745-306470-314489,685,false,1.1797255678877767,1,3543.3386485317783,1.0,1.0
2026-03-22T21:10:07.745-306470-314489,925,false,3.9501908380770803,1,3543.3386485317783,1.0,1.0
2026-03-22T21:10:07.745-306470-314489,313,false,5.9063662920768545,1,3543.3386485317783,1.0,1.0
2026-03-22T21:10:07.745-306470-314489,782,false,0.5544847308875093,1,3543.3386485317783,1.0,1.0
2026-03-22T21:10:07.745-306470-314489,419,false,2.3994749144695358,1,3543.3386485317783,1.0,1.0
2026-03-22T21:10:07.745-306470-314489,278,false,5.092311541007456,1,3543.3386485317783,1.0,1.0
2026-03-22T21:10:07.745-306470-314489,386,false,0.19614331408923752,1,3543.3386485317783,1.0,1.0
2026-03-22T21:10:07.745-306470-314489,641,false,10.301094623264214,1,3543.3386485317783,1.0,1.0
2026-03-22T21:10:07.745-306470-314489,632,false,16.839393859523522,1,3543.3386485317783,1.0,1.0
2026-03-22T21:10:07.745-306470-314489,378,false,5.034607478346039,1,3543.3386485317783,1.0,1.0
2026-03-22T21:10:07.745-306470-314489,885,false,0.6516343065686077,1,3543.3386485317783,1.0,1.0
2026-03-22T21:10:07.745-306470-314489,537,false,72.05439935673081,1,3543.3386485317783,1.0,1.0
2026-03-22T21:10:07.745-306470-314489,517,false,1.9677076909493807,1,3543.3386485317783,1.0,1.0
2026-03-22T21:10:07.745-306470-314489,695,false,3.229888746308792,1,3543.3386485317783,1.0,1.0
2026-03-22T21:10:07.745-306470-314489,610,false,2.0791419465417533,1,3543.3386485317783,1.0,1.0
2026-03-22T21:10:07.745-306470-314489,265,false,0.2914708775861527,1,3543.3386485317783,1.0,1.0
2026-03-22T21:10:07.745-306470-314489,437,false,34.208134869183475,1,3543.3386485317783,1.0,1.0
2026-03-22T21:10:07.745-306470-314489,209,false,0.9502543370952764,1,3543.3386485317783,1.0,1.0
2026-03-22T21:10:07.745-306470-314489,67,false,1.9225615212459348,1,3543.3386485317783,1.0,1.0
2026-03-22T21:10:07.745-306470-314489,730,false,18.50302348932452,1,3543.3386485317783,1.0,1.0
2026-03-22T21:10:07.745-306470-314489,630,false,0.13539340587402596,1,3543.3386485317783,1.0,1.0
2026-03-22T21:10:07.745-306470-314489,40,false,2.953452735519701,1,3543.3386485317783,1.0,1.0
2026-03-22T21:10:07.745-306470-314489,295,false,12.165653020650272,1,3543.3386485317783,1.0,1.0
2026-03-22T21:10:07.745-306470-314489,734,false,36.42537221817004,1,3543.3386485317783,1.0,1.0
2026-03-22T21:10:07.745-306470-314489,722,false,0.6990835742473335,1,3543.3386485317783,1.0,1.0
2026-03-22T21:10:07.745-306470-314489,638,false,28.20147739060569,1,3543.3386485317783,1.0,1.0
2026-03-22T21:10:07.745-306470-314489,182,false,5.257447026219733,1,3543.3386485317783,1.0,1.0
2026-03-22T21:10:07.745-306470-314489,72,false,0.011294211771990834,1,3543.3386485317783,1.0,1.0
2026-03-22T21:10:07.745-306470-314489,475,false,0.9220196145048055,1,3543.3386485317783,1.0,1.0
2026-03-22T21:10:07.745-306470-314489,15,true,5.549072958941276,1,3537.789575572837,1.0,0.661
2026-03-22T21:10:07.745-306470-314489,283,false,3.10221816456602,1,3537.789575572837,1.0,1.0
2026-03-22T21:10:07.745-306470-314489,650,false,0.722948475765998,1,3537.789575572837,1.0,1.0
2026-03-22T21:10:07.745-306470-314489,677,false,20.08754400058449,1,3537.789575572837,1.0,1.0
2026-03-22T21:10:07.745-306470-314489,815,false,3.5439446100671446,1,3537.789575572837,1.0,1.0
2026-03-22T21:10:07.745-306470-314489,476,false,26.869020476116994,1,3537.789575572837,1.0,1.0
2026-03-22T21:10:07.745-306470-314489,764,false,4.005841278366793,1,3537.789575572837,1.0,1.0
2026-03-22T21:10:07.745-306470-314489,172,false,1.61324112898815,1,3537.789575572837,1.0,1.0
2026-03-22T21:10:07.745-306470-314489,532,false,0.2636828702720477,1,3537.789575572837,1.0,1.0
2026-03-22T21:10:07.745-306470-314489,22,false,0.6019341207250474,1,3537.789575572837,1.0,1.0
2026-03-22T21:10:07.745-306470-314489,218,false,2.8802176353290587,1,3537.789575572837,1.0,1.0
2026-03-22T21:10:07.745-306470-314489,496,false,0.033642706619330214,1,3537.789575572837,1.0,1.0
2026-03-22T21:10:07.745-306470-314489,812,false,17.6514482091894,1,3537.789575572837,1.0,1.0
2026-03-22T21:10:07.745-306470-314489,217,false,3.2905275582086038,1,3537.789575572837,1.0,1.0
2026-03-22T21:10:07.745-306470-314489,196,false,17.07845852510467,1,3537.789575572837,1.0,1.0
2026-03-22T21:10:07.745-306470-314489,189,false,2.5721839173062966,1,3537.789575572837,1.0,1.0
2026-03-22T21:10:07.745-306470-314489,798,false,133.84596658186464,1,3537.789575572837,1.0,1.0
2026-03-22T21:10:07.745-306470-314489,721,false,11.750971846055156,1,3537.789575572837,1.0,1.0
2026-03-22T21:10:07.745-306470-314489,835,false,0.7635874970834806,1,3537.789575572837,1.0,1.0
2026-03-22T21:10:07.745-306470-314489,434,false,29.324527484708423,1,3537.789575572837,1.0,1.0
2026-03-22T21:10:07.745-306470-314489,8,false,0.06832711663679139,1,3537.789575572837,1.0,1.0
2026-03-22T21:10:07.745-306470-314489,272,false,13.41151027113721,1,3537.789575572837,1.0,1.0
2026-03-22T21:10:07.745-306470-314489,143,false,9.835910534532552,1,3537.789575572837,1.0,1.0
2026-03-22T21:10:07.745-306470-314489,180,false,4.178094804216122,1,3537.789575572837,1.0,1.0
2026-03-22T21:10:07.745-306470-314489,133,false,0.3590468212253234,1,3537.789575572837,1.0,1.0
2026-03-22T21:10:07.745-306470-314489,410,false,1.3595676790607456,1,3537.789575572837,1.0,1.0
2026-03-22T21:10:07.745-306470-314489,162,false,3.8677476656012937,1,3537.789575572837,1.0,1.0
2026-03-22T21:10:07.745-306470-314489,456,false,25.269118763298163,1,3537.789575572837,1.0,1.0
2026-03-22T21:10:07.745-306470-314489,802,false,15.903468560272104,1,3537.789575572837,1.0,1.0
2026-03-22T21:10:07.745-306470-314489,679,false,1.1956580769093184,1,3537.789575572837,1.0,1.0
2026-03-22T21:10:07.745-306470-314489,469,false,2.463492009869665,1,3537.789575572837,1.0,1.0
2026-03-22T21:10:07.745-306470-314489,74,false,13.33227752214652,1,3537.789575572837,1.0,1.0
2026-03-22T21:10:07.745-306470-314489,291,false,14.261924266232784,1,3537.789575572837,1.0,1.0
2026-03-22T21:10:07.745-306470-314489,945,false,119.85589148698486,1,3537.789575572837,1.0,1.0
2026-03-22T21:10:07.745-306470-314489,381,false,4.631914416549218,1,3537.789575572837,1.0,1.0
2026-03-22T21:10:07.745-306470-314489,43,false,0.06450510407441125,1,3537.789575572837,1.0,1.0
2026-03-22T21:10:07.745-306470-314489,975,false,15.56868815511087,1,3537.789575572837,1.0,1.0
2026-03-22T21:10:07.745-306470-314489,751,false,112.49410135496834,1,3537.789575572837,1.0,1.0
2026-03-22T21:10:07.745-306470-314489,740,false,0.2690063508953757,1,3537.789575572837,1.0,1.0
2026-03-22T21:10:07.745-306470-314489,821,false,22.4809317296092,1,3537.789575572837,1.0,1.0
2026-03-22T21:10:07.745-306470-314489,833,false,6.8823472215605,1,3537.789575572837,1.0,1.0
2026-03-22T21:10:07.745-306470-314489,601,false,0.6802711850126221,1,3537.789575572837,1.0,1.0
2026-03-22T21:10:07.745-306470-314489,187,false,0.4987077499100146,1,3537.789575572837,1.0,1.0
2026-03-22T21:10:07.745-306470-314489,848,false,108.20114534832037,1,3537.789575572837,1.0,1.0
2026-03-22T21:10:07.745-306470-314489,417,false,69.99531840381661,1,3537.789575572837,1.0,1.0
2026-03-22T21:10:07.745-306470-314489,533,false,0.31064950490456106,1,3537.789575572837,1.0,1.0
2026-03-22T21:10:07.745-306470-314489,307,false,0.027035733056691196,1,3537.789575572837,1.0,1.0
2026-03-22T21:10:07.745-306470-314489,327,false,0.5765881955809888,1,3537.789575572837,1.0,1.0
2026-03-22T21:10:07.745-306470-314489,572,false,3.422712453707416,1,3537.789575572837,1.0,1.0
2026-03-22T21:10:07.745-306470-314489,494,false,22.755797026822446,1,3537.789575572837,1.0,1.0
2026-03-22T21:10:07.745-306470-314489,959,true,0.643815378374547,1,3537.145760194462,1.0,0.706
2026-03-22T21:10:07.745-306470-314489,159,false,1.7413703244044396,1,3537.145760194462,1.0,1.0
2026-03-22T21:10:07.745-306470-314489,62,false,0.1864472605664568,1,3537.145760194462,1.0,1.0
2026-03-22T21:10:07.745-306470-314489,581,false,11.569052850267655,1,3537.145760194462,1.0,1.0
2026-03-22T21:10:07.745-306470-314489,454,false,116.11063762198752,1,3537.145760194462,1.0,1.0
2026-03-22T21:10:07.745-306470-314489,792,false,0.017197978147695414,1,3537.145760194462,1.0,1.0
2026-03-22T21:10:07.745-306470-314489,106,false,0.06871359881491816,1,3537.145760194462,1.0,1.0
2026-03-22T21:10:07.745-306470-314489,573,false,0.7584684496944787,1,3537.145760194462,1.0,1.0
2026-03-22T21:10:07.745-306470-314489,395,true,11.67740482972294,1,3525.468355364739,1.0,0.7010000000000001
2026-03-22T21:10:07.745-306470-314489,354,false,283.578663462563,1,3525.468355364739,1.0,1.0
2026-03-22T21:10:07.745-306470-314489,492,false,0.7257138520671801,1,3525.468355364739,1.0,1.0
2026-03-22T21:10:07.745-306470-314489,397,true,6.052333929767164,1,3519.416021434972,1.0,0.0030000000000000027
2026-03-22T21:10:07.745-306470-314489,625,false,5.391632070335249,1,3519.416021434972,1.0,1.0
2026-03-22T21:10:07.745-306470-314489,960,true,1.603152442356628,1,3517.8128689926157,1.0,0.0020000000000000018
2026-03-22T21:10:07.745-306470-314489,382,false,2.356571815478851,1,3517.8128689926157,1.0,1.0
2026-03-22T21:10:07.745-306470-314489,791,false,10.59352826055162,1,3517.8128689926157,1.0,1.0
2026-03-22T21:10:07.745-306470-314489,749,false,1.8184092543777732,1,3517.8128689926157,1.0,1.0
2026-03-22T21:10:07.745-306470-314489,506,false,1.1999063035219828,1,3517.8128689926157,1.0,1.0
2026-03-22T21:10:07.745-306470-314489,715,false,0.5805359586762262,1,3517.8128689926157,1.0,1.0
2026-03-22T21:10:07.745-306470-314489,736,false,5.00414432787625,1,3517.8128689926157,1.0,1.0
2026-03-22T21:10:07.745-306470-314489,843,false,26.19013212215437,1,3517.8128689926157,1.0,1.0
2026-03-22T21:10:07.745-306470-314489,836,false,0.6653502793597419,1,3517.8128689926157,1.0,1.0
2026-03-22T21:10:07.745-306470-314489,286,false,164.17143289785528,1,3517.8128689926157,1.0,1.0
2026-03-22T21:10:07.745-306470-314489,933,false,2.3880967005988283,1,3517.8128689926157,1.0,1.0
2026-03-22T21:10:07.745-306470-314489,480,false,0.36327515516135184,1,3517.8128689926157,1.0,1.0
2026-03-22T21:10:07.745-306470-314489,858,false,0.09512148682417265,1,3517.8128689926157,1.0,1.0
2026-03-22T21:10:07.745-306470-314489,910,true,4.533739606076606,1,3513.279129386539,1.0,0.0
2026-03-22T21:10:07.745-306470-314489,402,false,0.1390562582310181,1,3513.279129386539,1.0,1.0
2026-03-22T21:10:07.745-306470-314489,887,false,9.903864338796097,1,3513.279129386539,1.0,1.0
2026-03-22T21:10:07.745-306470-314489,626,false,4.109020871389726,1,3513.279129386539,1.0,1.0
2026-03-22T21:10:07.745-306470-314489,985,false,1.215588655280294,1,3513.279129386539,1.0,1.0
2026-03-22T21:10:07.745-306470-314489,661,true,11.839191078901209,1,3501.4399383076375,1.0,0.675
2026-03-22T21:10:07.745-306470-314489,319,false,1.7877689708490898,1,3501.4399383076375,1.0,1.0
2026-03-22T21:10:07.745-306470-314489,107,false,0.8673396220707928,1,3501.4399383076375,1.0,1.0
2026-03-22T21:10:07.745-306470-314489,566,false,1.9341332479350974,1,3501.4399383076375,1.0,1.0
2026-03-22T21:10:07.745-306470-314489,811,false,11.659650549678403,1,3501.4399383076375,1.0,1.0
2026-03-22T21:10:07.745-306470-314489,993,false,3.9245406743142945,1,3501.4399383076375,1.0,1.0
2026-03-22T21:10:07.745-306470-314489,871,true,2.431989121827234,1,3499.00794918581,1.0,0.0010000000000000009
2026-03-22T21:10:07.745-306470-314489,689,false,0.12853849235622625,1,3499.00794918581,1.0,1.0
2026-03-22T21:10:07.745-306470-314489,760,false,27.416805130659355,1,3499.00794918581,1.0,1.0
2026-03-22T21:10:07.745-306470-314489,344,false,15.856420868136626,1,3499.00794918581,1.0,1.0
2026-03-22T21:10:07.745-306470-314489,837,false,0.12762013050280652,1,3499.00794918581,1.0,1.0
2026-03-22T21:10:07.745-306470-314489,862,false,94.23198725104551,1,3499.00794918581,1.0,1.0
2026-03-22T21:10:07.745-306470-314489,411,false,2.7093607704063323,1,3499.00794918581,1.0,1.0
2026-03-22T21:10:07.745-306470-314489,950,false,75.52445293280842,1,3499.00794918581,1.0,1.0
2026-03-22T21:10:07.745-306470-314489,231,false,0.04014570693798341,1,3499.00794918581,1.0,1.0
2026-03-22T21:10:07.745-306470-314489,904,false,31.8280786340371,1,3499.00794918581,1.0,1.0
2026-03-22T21:10:07.745-306470-314489,832,false,7.623290859709899,1,3499.00794918581,1.0,1.0
2026-03-22T21:10:07.745-306470-314489,511,false,2.4532691099119663,1,3499.00794918581,1.0,1.0
2026-03-22T21:10:07.745-306470-314489,819,false,17.378061756591084,1,3499.00794918581,1.0,1.0
2026-03-22T21:10:07.745-306470-314489,333,false,68.01633407807812,1,3499.00794918581,1.0,1.0
2026-03-22T21:10:07.745-306470-314489,408,false,265.57031748078276,1,3499.00794918581,1.0,1.0
2026-03-22T21:10:07.745-306470-314489,94,false,2.104995643553066,1,3499.00794918581,1.0,1.0
2026-03-22T21:10:07.745-306470-314489,922,false,12.961370313864427,1,3499.00794918581,1.0,1.0
2026-03-22T21:10:07.745-306470-314489,345,false,2.671105252761055,1,3499.00794918581,1.0,1.0
2026-03-22T21:10:07.745-306470-314489,879,true,5.961579788346774,1,3493.0463693974634,1.0,0.0
2026-03-22T21:10:07.745-306470-314489,553,false,0.46624206340715785,1,3493.0463693974634,1.0,1.0
2026-03-22T21:10:07.745-306470-314489,168,false,4.681586517462168,1,3493.0463693974634,1.0,1.0
2026-03-22T21:10:07.745-306470-314489,995,false,20.228662378933162,1,3493.0463693974634,1.0,1.0
2026-03-22T21:10:07.745-306470-314489,709,false,30.050982787268495,1,3493.0463693974634,1.0,1.0
2026-03-22T21:10:07.745-306470-314489,896,false,0.12139684144403523,1,3493.0463693974634,1.0,1.0
2026-03-22T21:10:07.745-306470-314489,338,false,1.212278865334867,1,3493.0463693974634,1.0,1.0
2026-03-22T21:10:07.745-306470-314489,718,false,5.046991946839368,1,3493.0463693974634,1.0,1.0
2026-03-22T21:10:07.745-306470-314489,783,false,4.011973209070208,1,3493.0463693974634,1.0,1.0
2026-03-22T21:10:07.745-306470-314489,453,false,57.42644776592359,1,3493.0463693974634,1.0,1.0
2026-03-22T21:10:07.745-306470-314489,232,false,2.984225027709407,1,3493.0463693974634,1.0,1.0
2026-03-22T21:10:07.745-306470-314489,144,false,2.1840284826767147,1,3493.0463693974634,1.0,1.0
2026-03-22T21:10:07.745-306470-314489,297,false,31.645868289098672,1,3493.0463693974634,1.0,1.0
2026-03-22T21:10:07.745-306470-314489,392,true,12.865099065056526,1,3480.1812703324067,1.0,0.03400000000000003
2026-03-22T21:10:07.745-306470-314489,431,false,9.636878688320458,1,3480.1812703324067,1.0,1.0
2026-03-22T21:10:07.745-306470-314489,470,false,1.9331524274057608,1,3480.1812703324067,1.0,1.0
2026-03-22T21:10:07.745-306470-314489,210,false,29.169955904240016,1,3480.1812703324067,1.0,1.0
2026-03-22T21:10:07.745-306470-314489,817,false,0.3258625928866412,1,3480.1812703324067,1.0,1.0
2026-03-22T21:10:07.745-306470-314489,688,false,0.20622507655104916,1,3480.1812703324067,1.0,1.0
2026-03-22T21:10:07.745-306470-314489,973,false,0.20512868049730074,1,3480.1812703324067,1.0,1.0
2026-03-22T21:10:07.745-306470-314489,702,false,6.953843122723019,1,3480.1812703324067,1.0,1.0
2026-03-22T21:10:07.745-306470-314489,493,false,15.244693019097742,1,3480.1812703324067,1.0,1.0
2026-03-22T21:10:07.745-306470-314489,775,false,4.548648854185988,1,3480.1812703324067,1.0,1.0
2026-03-22T21:10:07.745-306470-314489,407,false,5.949616937385515,1,3480.1812703324067,1.0,1.0
2026-03-22T21:10:07.745-306470-314489,747,false,0.16325577720000348,1,3480.1812703324067,1.0,1.0
2026-03-22T21:10:07.745-306470-314489,370,false,0.16047511203928425,1,3480.1812703324067,1.0,1.0
2026-03-22T21:10:07.745-306470-314489,251,false,0.7388383066086225,1,3480.1812703324067,1.0,1.0
2026-03-22T21:10:07.745-306470-314489,44,false,8.854124472756025,1,3480.1812703324067,1.0,1.0
2026-03-22T21:10:07.745-306470-314489,429,false,2.521242854502324,1,3480.1812703324067,1.0,1.0
2026-03-22T21:10:07.745-306470-314489,890,false,0.837679030208071,1,3480.1812703324067,1.0,1.0
2026-03-22T21:10:07.745-306470-314489,618,false,14.281261895443118,1,3480.1812703324067,1.0,1.0
2026-03-22T21:10:07.745-306470-314489,942,false,0.9699990236057043,1,3480.1812703324067,1.0,1.0
2026-03-22T21:10:07.745-306470-314489,418,false,0.0808033348347085,1,3480.1812703324067,1.0,1.0
2026-03-22T21:10:07.745-306470-314489,446,false,5.091265385248055,1,3480.1812703324067,1.0,1.0
2026-03-22T21:10:07.745-306470-314489,560,false,148.32953629531912,1,3480.1812703324067,1.0,1.0
2026-03-22T21:10:07.745-306470-314489,674,false,0.17737833420804636,1,3480.1812703324067,1.0,1.0
2026-03-22T21:10:07.745-306470-314489,881,true,1.3932595038538633,1,3478.788010828553,1.0,0.0
2026-03-22T21:10:07.745-306470-314489,622,false,63.62728455550925,1,3478.788010828553,1.0,1.0
2026-03-22T21:10:07.745-306470-314489,649,false,7.751932969075615,1,3478.788010828553,1.0,1.0
2026-03-22T21:10:07.745-306470-314489,406,false,3.345506145810389,1,3478.788010828553,1.0,1.0
2026-03-22T21:10:07.745-306470-314489,591,false,5.1711690693675445,1,3478.788010828553,1.0,1.0
2026-03-22T21:10:07.745-306470-314489,863,false,40.932990221599674,1,3478.788010828553,1.0,1.0
2026-03-22T21:10:07.745-306470-314489,332,false,15.589253932171,1,3478.788010828553,1.0,1.0
2026-03-22T21:10:07.745-306470-314489,645,false,6.220449949419782,1,3478.788010828553,1.0,1.0
2026-03-22T21:10:07.745-306470-314489,314,false,7.014562367110955,1,3478.788010828553,1.0,1.0
2026-03-22T21:10:07.745-306470-314489,363,false,2.376141164488923,1,3478.788010828553,1.0,1.0
2026-03-22T21:10:07.745-306470-314489,284,false,2.171944070009299,1,3478.788010828553,1.0,1.0
2026-03-22T21:10:07.745-306470-314489,220,false,1.8676665056081685,1,3478.788010828553,1.0,1.0
2026-03-22T21:10:07.745-306470-314489,277,false,22.199124296903467,1,3478.788010828553,1.0,1.0
2026-03-22T21:10:07.745-306470-314489,51,false,130.55894041465842,1,3478.788010828553,1.0,1.0
2026-03-22T21:10:07.745-306470-314489,576,false,10.386625490331017,1,3478.788010828553,1.0,1.0
2026-03-22T21:10:07.745-306470-314489,449,false,3.065291019820431,1,3478.788010828553,1.0,1.0
2026-03-22T21:10:07.745-306470-314489,660,false,0.028028045865002887,1,3478.788010828553,1.0,1.0
2026-03-22T21:10:07.745-306470-314489,589,false,4.035788350392673,1,3478.788010828553,1.0,1.0
2026-03-22T21:10:07.745-306470-314489,697,false,1.3360739701188817,1,3478.788010828553,1.0,1.0
2026-03-22T21:10:07.745-306470-314489,236,false,0.467543936738564,1,3478.788010828553,1.0,1.0
2026-03-22T21:10:07.745-306470-314489,215,false,0.1387281972921988,1,3478.788010828553,1.0,1.0
2026-03-22T21:10:07.745-306470-314489,348,false,24.94342324598658,1,3478.788010828553,1.0,1.0
2026-03-22T21:10:07.745-306470-314489,659,false,0.1240724247237477,1,3478.788010828553,1.0,1.0
2026-03-22T21:10:07.745-306470-314489,803,false,3.0123772754163856,1,3478.788010828553,1.0,1.0
2026-03-22T21:10:07.745-306470-314489,840,false,11.130190122489088,1,3478.788010828553,1.0,1.0
2026-03-22T21:10:07.745-306470-314489,513,false,41.63453543426569,1,3478.788010828553,1.0,1.0
2026-03-22T21:10:07.745-306470-314489,119,false,3.8131026124301255,1,3478.788010828553,1.0,1.0
2026-03-22T21:10:07.745-306470-314489,955,false,22.93234491118716,1,3478.788010828553,1.0,1.0
2026-03-22T21:10:07.745-306470-314489,336,false,3.831674449109413,1,3478.788010828553,1.0,1.0
2026-03-22T21:10:07.745-306470-314489,146,false,0.2292818015224422,1,3478.788010828553,1.0,1.0
2026-03-22T21:10:07.745-306470-314489,578,false,3.4694400397007783,1,3478.788010828553,1.0,1.0
2026-03-22T21:10:07.745-306470-314489,877,true,11.543668360175932,1,3467.244342468377,1.0,0.0
2026-03-22T21:10:07.745-306470-314489,71,false,5.056463554633777,1,3467.244342468377,1.0,1.0
2026-03-22T21:10:07.745-306470-314489,539,false,12.109236039343237,1,3467.244342468377,1.0,1.0
2026-03-22T21:10:07.745-306470-314489,322,false,0.8045080263637386,1,3467.244342468377,1.0,1.0
2026-03-22T21:10:07.745-306470-314489,814,false,0.02692997122331092,1,3467.244342468377,1.0,1.0
2026-03-22T21:10:07.745-306470-314489,930,false,0.8983426946540807,1,3467.244342468377,1.0,1.0
2026-03-22T21:10:07.745-306470-314489,704,false,9.847588186689055,1,3467.244342468377,1.0,1.0
2026-03-22T21:10:07.745-306470-314489,298,false,0.05296599084730334,1,3467.244342468377,1.0,1.0
2026-03-22T21:10:07.745-306470-314489,728,false,0.3805956823865515,1,3467.244342468377,1.0,1.0
2026-03-22T21:10:07.745-306470-314489,20,false,0.7112385842725403,1,3467.244342468377,1.0,1.0
2026-03-22T21:10:07.745-306470-314489,459,false,1.6465091872067001,1,3467.244342468377,1.0,1.0
2026-03-22T21:10:07.745-306470-314489,852,false,39.048244118367776,1,3467.244342468377,1.0,1.0
2026-03-22T21:10:07.745-306470-314489,200,false,0.3491910859939894,1,3467.244342468377,1.0,1.0
2026-03-22T21:10:07.745-306470-314489,732,true,9.598392397222025,1,3457.645950071155,1.0,0.999
2026-03-22T21:10:07.745-306470-314489,723,false,9.727883463524542,1,3457.645950071155,1.0,1.0
2026-03-22T21:10:07.745-306470-314489,259,false,0.36059782910665944,1,3457.645950071155,1.0,1.0
2026-03-22T21:10:07.745-306470-314489,357,false,56.71188884667507,1,3457.645950071155,1.0,1.0
2026-03-22T21:10:07.745-306470-314489,292,false,1.6924924203953775,1,3457.645950071155,1.0,1.0
2026-03-22T21:10:07.745-306470-314489,915,true,5.112385206622479,1,3452.5335648645323,1.0,0.6990000000000001
2026-03-22T21:10:07.745-306470-314489,256,false,4.070077181668436,1,3452.5335648645323,1.0,1.0
2026-03-22T21:10:07.745-306470-314489,699,true,103.90465794300813,1,3348.628906921524,1.0,0.898
2026-03-22T21:10:07.745-306470-314489,678,false,7.3517981556511725,1,3348.628906921524,1.0,1.0
2026-03-22T21:10:07.745-306470-314489,972,false,3.0572204296131535,1,3348.628906921524,1.0,1.0
2026-03-22T21:10:07.745-306470-314489,455,false,2.857616320434626,1,3348.628906921524,1.0,1.0
2026-03-22T21:10:07.745-306470-314489,671,false,5.294312393443923,1,3348.628906921524,1.0,1.0
2026-03-22T21:10:07.745-306470-314489,340,true,0.5020613841429944,1,3348.126845537381,1.0,0.999
2026-03-22T21:10:07.745-306470-314489,849,false,9.272311215561135,1,3348.126845537381,1.0,1.0
2026-03-22T21:10:07.745-306470-314489,161,false,2.48590681174818,1,3348.126845537381,1.0,1.0
2026-03-22T21:10:07.745-306470-314489,956,true,2.573712937827829,1,3345.5531325995535,1.0,0.694
2026-03-22T21:10:07.745-306470-314489,2,false,1.0124591892564863,1,3345.5531325995535,1.0,1.0
2026-03-22T21:10:07.745-306470-314489,951,false,0.15429205470033946,1,3345.5531325995535,1.0,1.0
2026-03-22T21:10:07.745-306470-314489,918,true,0.7484230400420523,1,3344.8047095595116,1.0,0.6990000000000001
2026-03-22T21:10:07.745-306470-314489,273,false,11.63048058862244,1,3344.8047095595116,1.0,1.0
2026-03-22T21:10:07.745-306470-314489,179,false,1.0421093144407143,1,3344.8047095595116,1.0,1.0
2026-03-22T21:10:07.745-306470-314489,401,false,0.1732070283031552,1,3344.8047095595116,1.0,1.0
2026-03-22T21:10:07.745-306470-314489,176,false,0.6056786469456098,1,3344.8047095595116,1.0,1.0
2026-03-22T21:10:07.745-306470-314489,786,false,2.9088567789738997,1,3344.8047095595116,1.0,1.0
2026-03-22T21:10:07.745-306470-314489,992,false,22.15047505680968,1,3344.8047095595116,1.0,1.0
2026-03-22T21:10:07.745-306470-314489,964,true,10.170583900217002,1,3334.6341256592946,1.0,0.0020000000000000018
2026-03-22T21:10:07.745-306470-314489,104,false,3.172921096196889,1,3334.6341256592946,1.0,1.0
2026-03-22T21:10:07.745-306470-314489,60,false,10.357140109420689,1,3334.6341256592946,1.0,1.0
2026-03-22T21:10:07.745-306470-314489,968,true,10.487062002740053,1,3324.1470636565546,1.0,0.7
2026-03-22T21:10:07.745-306470-314489,349,false,8.289081745103758,1,3324.1470636565546,1.0,1.0
2026-03-22T21:10:07.745-306470-314489,766,false,0.14418700430507822,1,3324.1470636565546,1.0,1.0
2026-03-22T21:10:07.745-306470-314489,142,false,1.1214605224921201,1,3324.1470636565546,1.0,1.0
2026-03-22T21:10:07.745-306470-314489,367,false,7.946043416505447,1,3324.1470636565546,1.0,1.0
2026-03-22T21:10:07.745-306470-314489,986,false,0.36403196262857884,1,3324.1470636565546,1.0,1.0
2026-03-22T21:10:07.745-306470-314489,779,false,5.220473987851645,1,3324.1470636565546,1.0,1.0
2026-03-22T21:10:07.745-306470-314489,515,false,2.725152655368621,1,3324.1470636565546,1.0,1.0
2026-03-22T21:10:07.745-306470-314489,920,true,1.0073274475209362,1,3323.139736209034,1.0,0.923
2026-03-22T21:10:07.745-306470-314489,550,false,5.491331389662305,1,3323.139736209034,1.0,1.0
2026-03-22T21:10:07.745-306470-314489,109,false,26.068164709130368,1,3323.139736209034,1.0,1.0
2026-03-22T21:10:07.745-306470-314489,129,false,4.23371365421336,1,3323.139736209034,1.0,1.0
2026-03-22T21:10:07.745-306470-314489,359,false,15.444256361844992,1,3323.139736209034,1.0,1.0
2026-03-22T21:10:07.745-306470-314489,145,false,0.9354604183039126,1,3323.139736209034,1.0,1.0
2026-03-22T21:10:07.745-306470-314489,970,true,0.23665250643158078,1,3322.903083702602,1.0,0.719
2026-03-22T21:10:07.745-306470-314489,481,false,10.398254971784251,1,3322.903083702602,1.0,1.0
2026-03-22T21:10:07.745-306470-314489,809,false,18.294203073861453,1,3322.903083702602,1.0,1.0
2026-03-22T21:10:07.745-306470-314489,490,false,8.792594602435985,1,3322.903083702602,1.0,1.0
2026-03-22T21:10:07.745-306470-314489,110,true,1.316870391872028,1,3321.5862133107303,1.0,0.999
2026-03-22T21:10:07.745-306470-314489,479,false,0.19130410638430131,1,3321.5862133107303,1.0,1.0
2026-03-22T21:10:07.745-306470-314489,595,false,0.25036271556000417,1,3321.5862133107303,1.0,1.0
2026-03-22T21:10:07.745-306470-314489,903,false,4.657769333748462,1,3321.5862133107303,1.0,1.0
2026-03-22T21:10:07.745-306470-314489,280,false,0.12462827129233894,1,3321.5862133107303,1.0,1.0
2026-03-22T21:10:07.745-306470-314489,687,false,247.956147042013,1,3321.5862133107303,1.0,1.0
2026-03-22T21:10:07.745-306470-314489,757,false,0.04546179697482064,1,3321.5862133107303,1.0,1.0
2026-03-22T21:10:07.745-306470-314489,178,false,1.9033208779563489,1,3321.5862133107303,1.0,1.0
2026-03-22T21:10:07.745-306470-314489,32,false,0.820641250999208,1,3321.5862133107303,1.0,1.0
2026-03-22T21:10:07.745-306470-314489,323,false,2.899316630931777,1,3321.5862133107303,1.0,1.0
2026-03-22T21:10:07.745-306470-314489,616,false,0.8534796085752742,1,3321.5862133107303,1.0,1.0
2026-03-22T21:10:07.745-306470-314489,116,false,0.2949390319326179,1,3321.5862133107303,1.0,1.0
2026-03-22T21:10:07.745-306470-314489,253,false,40.24787167196677,1,3321.5862133107303,1.0,1.0
2026-03-22T21:10:07.745-306470-314489,212,false,17.9988619426128,1,3321.5862133107303,1.0,1.0
2026-03-22T21:10:07.745-306470-314489,582,false,21.177913569072604,1,3321.5862133107303,1.0,1.0
2026-03-22T21:10:07.745-306470-314489,371,false,1.592932722278015,1,3321.5862133107303,1.0,1.0
2026-03-22T21:10:07.745-306470-314489,892,false,2.401251665979939,1,3321.5862133107303,1.0,1.0
2026-03-22T21:10:07.745-306470-314489,466,false,17.388688675232753,1,3321.5862133107303,1.0,1.0
2026-03-22T21:10:07.745-306470-314489,450,false,0.1475266996395015,1,3321.5862133107303,1.0,1.0
2026-03-22T21:10:07.745-306470-314489,788,false,15.830847720775377,1,3321.5862133107303,1.0,1.0
2026-03-22T21:10:07.745-306470-314489,561,false,0.07829341118950092,1,3321.5862133107303,1.0,1.0
2026-03-22T21:10:07.745-306470-314489,856,false,6.967592870334068,1,3321.5862133107303,1.0,1.0
2026-03-22T21:10:07.745-306470-314489,234,false,1.4434501919333789,1,3321.5862133107303,1.0,1.0
2026-03-22T21:10:07.745-306470-314489,223,false,8.148812651754643,1,3321.5862133107303,1.0,1.0
2026-03-22T21:10:07.745-306470-314489,842,false,4.76612426918816,1,3321.5862133107303,1.0,1.0
2026-03-22T21:10:07.745-306470-314489,165,false,1.510451896666136,1,3321.5862133107303,1.0,1.0
2026-03-22T21:10:07.745-306470-314489,893,false,1.8477395156371386,1,3321.5862133107303,1.0,1.0
2026-03-22T21:10:07.745-306470-314489,339,true,0.5784733012711613,1,3321.007740009459,1.0,0.7070000000000001
2026-03-22T21:10:07.745-306470-314489,889,false,10.745879665704397,1,3321.007740009459,1.0,1.0
2026-03-22T21:10:07.745-306470-314489,664,false,0.04050248273495601,1,3321.007740009459,1.0,1.0
2026-03-22T21:10:07.745-306470-314489,169,false,0.3118177453300579,1,3321.007740009459,1.0,1.0
2026-03-22T21:10:07.745-306470-314489,134,false,1.0452943491984807,1,3321.007740009459,1.0,1.0
2026-03-22T21:10:07.745-306470-314489,240,false,7.903160574939918,1,3321.007740009459,1.0,1.0
2026-03-22T21:10:07.745-306470-314489,68,false,135.37332318380902,1,3321.007740009459,1.0,1.0
2026-03-22T21:10:07.745-306470-314489,79,false,12.451972867349944,1,3321.007740009459,1.0,1.0
2026-03-22T21:10:07.745-306470-314489,565,false,2.6386581625048846,1,3321.007740009459,1.0,1.0
2026-03-22T21:10:07.745-306470-314489,299,false,2.0013570718939278,1,3321.007740009459,1.0,1.0
2026-03-22T21:10:07.745-306470-314489,590,false,0.863627857079405,1,3321.007740009459,1.0,1.0
2026-03-22T21:10:07.745-306470-314489,763,false,113.8241939449071,1,3321.007740009459,1.0,1.0
2026-03-22T21:10:07.745-306470-314489,376,false,1.4164497349753509,1,3321.007740009459,1.0,1.0
2026-03-22T21:10:07.745-306470-314489,906,false,1.3986470920008298,1,3321.007740009459,1.0,1.0
2026-03-22T21:10:07.745-306470-314489,436,false,12.16261274452484,1,3321.007740009459,1.0,1.0
2026-03-22T21:10:07.745-306470-314489,651,false,0.42976758268191695,1,3321.007740009459,1.0,1.0
2026-03-22T21:10:07.745-306470-314489,633,false,1.6630833348522034,1,3321.007740009459,1.0,1.0
2026-03-22T21:10:07.745-306470-314489,124,true,5.520069765142573,1,3315.4876702443166,1.0,0.908
2026-03-22T21:10:07.745-306470-314489,73,false,0.09283470484586283,1,3315.4876702443166,1.0,1.0
2026-03-22T21:10:07.745-306470-314489,384,false,6.236899413638735,1,3315.4876702443166,1.0,1.0
2026-03-22T21:10:07.745-306470-314489,714,false,9.200017786630454,1,3315.4876702443166,1.0,1.0
2026-03-22T21:10:07.745-306470-314489,148,false,1.9681022372112063,1,3315.4876702443166,1.0,1.0
2026-03-22T21:10:07.745-306470-314489,121,true,3.469653042365534,1,3312.018017201951,1.0,0.722
2026-03-22T21:10:07.745-306470-314489,34,true,0.3327569586722379,1,3311.6852602432787,1.0,0.959
2026-03-22T21:10:07.745-306470-314489,756,false,11.782319898525492,1,3311.6852602432787,1.0,1.0
2026-03-22T21:10:07.745-306470-314489,191,false,4.577386957734968,1,3311.6852602432787,1.0,1.0
2026-03-22T21:10:07.745-306470-314489,895,false,3.7710587538019977,1,3311.6852602432787,1.0,1.0
2026-03-22T21:10:07.745-306470-314489,577,false,4.71991893326357,1,3311.6852602432787,1.0,1.0
2026-03-22T21:10:07.745-306470-314489,696,true,0.4336237415325325,1,3311.251636501746,1.0,0.667
2026-03-22T21:10:07.745-306470-314489,901,false,70.20552919992775,1,3311.251636501746,1.0,1.0
2026-03-22T21:10:07.745-306470-314489,58,false,20.295614440507148,1,3311.251636501746,1.0,1.0
2026-03-22T21:10:07.745-306470-314489,117,false,26.550821844845046,1,3311.251636501746,1.0,1.0
2026-03-22T21:10:07.745-306470-314489,88,false,0.9538390977761277,1,3311.251636501746,1.0,1.0
2026-03-22T21:10:07.745-306470-314489,293,false,0.029574496940839013,1,3311.251636501746,1.0,1.0
2026-03-22T21:10:07.745-306470-314489,527,true,0.52849916354147,1,3310.7231373382047,1.0,0.847
2026-03-22T21:10:07.745-306470-314489,207,false,1.48742087613154,1,3310.7231373382047,1.0,1.0
2026-03-22T21:10:07.745-306470-314489,78,false,1.6111031727451364,1,3310.7231373382047,1.0,1.0
2026-03-22T21:10:07.745-306470-314489,414,false,4.237111267138292,1,3310.7231373382047,1.0,1.0
2026-03-22T21:10:07.745-306470-314489,542,false,2.3969930351932764,1,3310.7231373382047,1.0,1.0
2026-03-22T21:10:07.745-306470-314489,629,false,0.9826042962796956,1,3310.7231373382047,1.0,1.0
2026-03-22T21:10:07.745-306470-314489,954,true,0.5807726229686939,1,3310.142364715236,1.0,0.6819999999999999
2026-03-22T21:10:07.745-306470-314489,248,false,1.0607612482626902,1,3310.142364715236,1.0,1.0
2026-03-22T21:10:07.745-306470-314489,938,false,3.989804451530277,1,3310.142364715236,1.0,1.0
2026-03-22T21:10:07.745-306470-314489,547,false,1.4177827329270634,1,3310.142364715236,1.0,1.0
2026-03-22T21:10:07.745-306470-314489,800,false,0.11201984645373907,1,3310.142364715236,1.0,1.0
2026-03-22T21:10:07.745-306470-314489,604,false,1.4297200609105818,1,3310.142364715236,1.0,1.0
2026-03-22T21:10:07.745-306470-314489,574,false,0.5109347299637149,1,3310.142364715236,1.0,1.0
2026-03-22T21:10:07.745-306470-314489,934,false,0.18189028996951465,1,3310.142364715236,1.0,1.0
2026-03-22T21:10:07.745-306470-314489,716,false,11.201954342283845,1,3310.142364715236,1.0,1.0
2026-03-22T21:10:07.745-306470-314489,937,false,3.5423542302853965,1,3310.142364715236,1.0,1.0
2026-03-22T21:10:07.745-306470-314489,759,false,0.43465359638295537,1,3310.142364715236,1.0,1.0
2026-03-22T21:10:07.745-306470-314489,598,false,0.6895840117945236,1,3310.142364715236,1.0,1.0
2026-03-22T21:10:07.745-306470-314489,151,false,5.189704923773736,1,3310.142364715236,1.0,1.0
2026-03-22T21:10:07.745-306470-314489,23,false,60.095643371151986,1,3310.142364715236,1.0,1.0
2026-03-22T21:10:07.745-306470-314489,59,false,0.3093909613051489,1,3310.142364715236,1.0,1.0
2026-03-22T21:10:07.745-306470-314489,205,false,367.28280115241216,1,3310.142364715236,1.0,1.0
2026-03-22T21:10:07.745-306470-314489,541,false,997.4648777948793,1,3310.142364715236,1.0,1.0
2026-03-22T21:10:07.745-306470-314489,105,false,0.7399796413956219,1,3310.142364715236,1.0,1.0
2026-03-22T21:10:07.745-306470-314489,738,false,0.18513430661191693,1,3310.142364715236,1.0,1.0
2026-03-22T21:10:07.745-306470-314489,127,true,1.5860276008369352,1,3308.556337114399,1.0,0.696
2026-03-22T21:10:07.745-306470-314489,729,true,1.0150976260227125,1,3307.541239488376,1.0,0.6930000000000001
2026-03-22T21:10:07.745-306470-314489,700,true,0.9815082009763765,1,3306.5597312873997,1.0,0.681
2026-03-22T21:10:07.745-306470-314489,865,false,0.41899918025535715,1,3306.5597312873997,1.0,1.0
2026-03-22T21:10:07.745-306470-314489,631,false,17.714647695159734,1,3306.5597312873997,1.0,1.0
2026-03-22T21:10:07.745-306470-314489,737,false,5.370482639721943,1,3306.5597312873997,1.0,1.0
2026-03-22T21:10:07.745-306470-314489,457,false,5.081670120581521,1,3306.5597312873997,1.0,1.0
2026-03-22T21:10:07.745-306470-314489,310,false,0.4456442284698077,1,3306.5597312873997,1.0,1.0
2026-03-22T21:10:07.745-306470-314489,99,false,2.2062933136101495,1,3306.5597312873997,1.0,1.0
2026-03-22T21:10:07.745-306470-314489,120,true,72.96060585941831,1,3233.5991254279816,1.0,0.8240000000000001
2026-03-22T21:10:07.745-306470-314489,860,false,2.8406231693872837,1,3233.5991254279816,1.0,1.0
2026-03-22T21:10:07.745-306470-314489,680,false,1.135617982323655,1,3233.5991254279816,1.0,1.0
2026-03-22T21:10:07.745-306470-314489,75,false,4.1927063290153015,1,3233.5991254279816,1.0,1.0
2026-03-22T21:10:07.745-306470-314489,214,false,0.3226165757662237,1,3233.5991254279816,1.0,1.0
2026-03-22T21:10:07.745-306470-314489,311,false,67.21855120468382,1,3233.5991254279816,1.0,1.0
2026-03-22T21:10:07.745-306470-314489,267,false,19.610520469650584,1,3233.5991254279816,1.0,1.0
2026-03-22T21:10:07.745-306470-314489,279,false,0.1766828915579233,1,3233.5991254279816,1.0,1.0
2026-03-22T21:10:07.745-306470-314489,390,true,12.881360498658927,1,3220.7177649293226,1.0,0.7010000000000001
2026-03-22T21:10:07.745-306470-314489,958,true,0.7314309279495391,1,3219.986334001373,1.0,0.0
2026-03-22T21:10:07.745-306470-314489,364,false,2.6383767318417894,1,3219.986334001373,1.0,1.0
2026-03-22T21:10:07.745-306470-314489,588,false,5.305189736309646,1,3219.986334001373,1.0,1.0
2026-03-22T21:10:07.745-306470-314489,961,true,28.27964431987213,1,3191.706689681501,1.0,0.0
2026-03-22T21:10:07.745-306470-314489,355,false,26.275651988256634,1,3191.706689681501,1.0,1.0
2026-03-22T21:10:07.745-306470-314489,35,true,10.737274935748232,1,3180.9694147457526,1.0,0.835
2026-03-22T21:10:07.745-306470-314489,329,false,76.55376945898442,1,3180.9694147457526,1.0,1.0
2026-03-22T21:10:07.745-306470-314489,264,false,3.856674416516124,1,3180.9694147457526,1.0,1.0
2026-03-22T21:10:07.745-306470-314489,603,false,3.839356778616693,1,3180.9694147457526,1.0,1.0
2026-03-22T21:10:07.745-306470-314489,16,true,8.330504618428591,1,3172.638910127324,1.0,0.0010000000000000009
2026-03-22T21:10:07.745-306470-314489,914,true,0.26738008621909565,1,3172.371530041105,1.0,0.0
2026-03-22T21:10:07.745-306470-314489,296,false,0.7194793597328828,1,3172.371530041105,1.0,1.0
2026-03-22T21:10:07.745-306470-314489,113,true,87.8797962241374,1,3084.4917338169676,1.0,0.671
2026-03-22T21:10:07.745-306470-314489,748,false,3.4663072372929196,1,3084.4917338169676,1.0,1.0
2026-03-22T21:10:07.745-306470-314489,681,false,119.81483285254616,1,3084.4917338169676,1.0,1.0
2026-03-22T21:10:07.745-306470-314489,195,false,1.7074801520621763,1,3084.4917338169676,1.0,1.0
2026-03-22T21:10:07.745-306470-314489,686,false,21.783636795189693,1,3084.4917338169676,1.0,1.0
2026-03-22T21:10:07.745-306470-314489,894,false,3.789005013536959,1,3084.4917338169676,1.0,1.0
2026-03-22T21:10:07.745-306470-314489,70,false,34.748084232236295,1,3084.4917338169676,1.0,1.0
2026-03-22T21:10:07.745-306470-314489,794,false,4.82273189504983,1,3084.4917338169676,1.0,1.0
2026-03-22T21:10:07.745-306470-314489,571,false,3.5548221302310767,1,3084.4917338169676,1.0,1.0
2026-03-22T21:10:07.745-306470-314489,841,false,2.3866864036032576,1,3084.4917338169676,1.0,1.0
2026-03-22T21:10:07.745-306470-314489,101,false,2.3154651580537613,1,3084.4917338169676,1.0,1.0
2026-03-22T21:10:07.745-306470-314489,706,false,3.9740126421726716,1,3084.4917338169676,1.0,1.0
2026-03-22T21:10:07.745-306470-314489,486,false,3.75450351200289,1,3084.4917338169676,1.0,1.0
2026-03-22T21:10:07.745-306470-314489,586,false,0.26102527099730105,1,3084.4917338169676,1.0,1.0
2026-03-22T21:10:07.745-306470-314489,497,false,12.828004752851003,1,3084.4917338169676,1.0,1.0
2026-03-22T21:10:07.745-306470-314489,301,false,0.10997988831273817,1,3084.4917338169676,1.0,1.0
2026-03-22T21:10:07.745-306470-314489,308,false,1.2845865823800504,1,3084.4917338169676,1.0,1.0
2026-03-22T21:10:07.745-306470-314489,596,false,36.47793386727565,1,3084.4917338169676,1.0,1.0
2026-03-22T21:10:07.745-306470-314489,614,false,7.912480288416573,1,3084.4917338169676,1.0,1.0
2026-03-22T21:10:07.745-306470-314489,229,false,9.035327179191954,1,3084.4917338169676,1.0,1.0
2026-03-22T21:10:07.745-306470-314489,266,false,0.6062314959080751,1,3084.4917338169676,1.0,1.0
2026-03-22T21:10:07.745-306470-314489,489,false,4.751605922822709,1,3084.4917338169676,1.0,1.0
2026-03-22T21:10:07.745-306470-314489,150,false,0.32415066306841317,1,3084.4917338169676,1.0,1.0
2026-03-22T21:10:07.745-306470-314489,160,false,0.04206598492700165,1,3084.4917338169676,1.0,1.0
2026-03-22T21:10:07.745-306470-314489,440,false,3.462805592549562,1,3084.4917338169676,1.0,1.0
2026-03-22T21:10:07.745-306470-314489,18,true,2.2919669564981997,1,3082.1997668604695,1.0,0.0010000000000000009
2026-03-22T21:10:07.745-306470-314489,330,false,0.7774805105994698,1,3082.1997668604695,1.0,1.0
2026-03-22T21:10:07.745-306470-314489,24,false,0.9511169574197609,1,3082.1997668604695,1.0,1.0
2026-03-22T21:10:07.745-306470-314489,818,false,1.7602889133135582,1,3082.1997668604695,1.0,1.0
2026-03-22T21:10:07.745-306470-314489,900,false,1.3771392182236177,1,3082.1997668604695,1.0,1.0
2026-03-22T21:10:07.745-306470-314489,725,false,0.9514805343959227,1,3082.1997668604695,1.0,1.0
2026-03-22T21:10:07.745-306470-314489,807,false,5.750370924626885,1,3082.1997668604695,1.0,1.0
2026-03-22T21:10:07.745-306470-314489,29,false,0.31399940240457863,1,3082.1997668604695,1.0,1.0
2026-03-22T21:10:07.745-306470-314489,290,false,0.8081924537522789,1,3082.1997668604695,1.0,1.0
2026-03-22T21:10:07.745-306470-314489,83,false,0.5568467847703775,1,3082.1997668604695,1.0,1.0
2026-03-22T21:10:07.745-306470-314489,125,true,12.067762227650917,1,3070.1320046328187,1.0,0.0030000000000000027
2026-03-22T21:10:07.745-306470-314489,980,false,42.097403288491776,1,3070.1320046328187,1.0,1.0
2026-03-22T21:10:07.745-306470-314489,966,true,0.4250529227303376,1,3069.7069517100886,1.0,0.0
2026-03-22T21:10:07.745-306470-314489,224,false,2.843829760780233,1,3069.7069517100886,1.0,1.0
2026-03-22T21:10:07.745-306470-314489,518,false,6.800830742882721,1,3069.7069517100886,1.0,1.0
2026-03-22T21:10:07.745-306470-314489,372,false,0.1312123751485949,1,3069.7069517100886,1.0,1.0
2026-03-22T21:10:07.745-306470-314489,940,false,3.0392399652256987,1,3069.7069517100886,1.0,1.0
2026-03-22T21:10:07.745-306470-314489,637,false,0.5172110881001936,1,3069.7069517100886,1.0,1.0
2026-03-22T21:10:07.745-306470-314489,39,false,60.65962720247165,1,3069.7069517100886,1.0,1.0
2026-03-22T21:10:07.745-306470-314489,921,true,0.5726227900955622,1,3069.134328919993,1.0,0.0020000000000000018
2026-03-22T21:10:07.745-306470-314489,112,true,17.952551441865666,1,3051.1817774781275,1.0,0.0010000000000000009
2026-03-22T21:10:07.745-306470-314489,97,false,2.0720606459064728,1,3051.1817774781275,1.0,1.0
2026-03-22T21:10:07.745-306470-314489,270,false,0.019476600501962968,1,3051.1817774781275,1.0,1.0
2026-03-22T21:10:07.745-306470-314489,703,false,0.012616209526724067,1,3051.1817774781275,1.0,1.0
2026-03-22T21:10:07.745-306470-314489,328,false,93.13718534472517,1,3051.1817774781275,1.0,1.0
2026-03-22T21:10:07.745-306470-314489,750,false,1.5343672472376548,1,3051.1817774781275,1.0,1.0
2026-03-22T21:10:07.745-306470-314489,609,false,1.1705091891274433,1,3051.1817774781275,1.0,1.0
2026-03-22T21:10:07.745-306470-314489,423,false,1.6191553111441812,1,3051.1817774781275,1.0,1.0
2026-03-22T21:10:07.745-306470-314489,820,false,0.09046447223253465,1,3051.1817774781275,1.0,1.0
2026-03-22T21:10:07.745-306470-314489,774,false,1.1305009893675895,1,3051.1817774781275,1.0,1.0
2026-03-22T21:10:07.745-306470-314489,432,false,0.7196102942680269,1,3051.1817774781275,1.0,1.0
2026-03-22T21:10:07.745-306470-314489,769,false,5.3870555942556635,1,3051.1817774781275,1.0,1.0
2026-03-22T21:10:07.745-306470-314489,335,false,1.8973384798742259,1,3051.1817774781275,1.0,1.0
2026-03-22T21:10:07.745-306470-314489,585,false,7.176560739474964,1,3051.1817774781275,1.0,1.0
2026-03-22T21:10:07.745-306470-314489,3,false,1.2941258733395096,1,3051.1817774781275,1.0,1.0
2026-03-22T21:10:07.745-306470-314489,724,false,2.543127529446701,1,3051.1817774781275,1.0,1.0
2026-03-22T21:10:07.745-306470-314489,63,false,0.41561360852634716,1,3051.1817774781275,1.0,1.0
2026-03-22T21:10:07.745-306470-314489,546,false,1.7732640035405995,1,3051.1817774781275,1.0,1.0
2026-03-22T21:10:07.745-306470-314489,953,false,0.04121873399192991,1,3051.1817774781275,1.0,1.0
2026-03-22T21:10:07.745-306470-314489,507,false,0.8369596877403958,1,3051.1817774781275,1.0,1.0
2026-03-22T21:10:07.745-306470-314489,140,false,5.33642439711018,1,3051.1817774781275,1.0,1.0
2026-03-22T21:10:07.745-306470-314489,91,false,1.2041213166494813,1,3051.1817774781275,1.0,1.0
2026-03-22T21:10:07.745-306470-314489,474,false,0.2623645109102727,1,3051.1817774781275,1.0,1.0
2026-03-22T21:10:07.745-306470-314489,341,true,7.8706098375338165,1,3043.311167640594,1.0,0.03300000000000003
2026-03-22T21:10:07.745-306470-314489,976,false,4.249349057800708,1,3043.311167640594,1.0,1.0
2026-03-22T21:10:07.745-306470-314489,399,true,3.8280050212519385,1,3039.483162619342,1.0,0.6930000000000001
2026-03-22T21:10:07.745-306470-314489,908,true,1.3722731333223324,1,3038.1108894860195,1.0,0.0050000000000000044
2026-03-22T21:10:07.745-306470-314489,87,false,0.153078302410799,1,3038.1108894860195,1.0,1.0
2026-03-22T21:10:07.745-306470-314489,520,false,50.76660142679231,1,3038.1108894860195,1.0,1.0
2026-03-22T21:10:07.745-306470-314489,287,false,7.041538259811142,1,3038.1108894860195,1.0,1.0
2026-03-22T21:10:07.745-306470-314489,694,true,3.4054229583854534,1,3034.705466527634,1.0,0.844
2026-03-22T21:10:07.745-306470-314489,462,false,0.025737997443292387,1,3034.705466527634,1.0,1.0
2026-03-22T21:10:07.745-306470-314489,913,true,10.167485021492041,1,3024.537981506142,1.0,0.0
2026-03-22T21:10:07.745-306470-314489,353,false,49.76455656474191,1,3024.537981506142,1.0,1.0
2026-03-22T21:10:07.745-306470-314489,698,true,1.0847945747594332,1,3023.4531869313823,1.0,0.0
2026-03-22T21:10:07.745-306470-314489,230,false,1.097884110489131,1,3023.4531869313823,1.0,1.0
2026-03-22T21:10:07.745-306470-314489,201,false,10.152704244633808,1,3023.4531869313823,1.0,1.0
2026-03-22T21:10:07.745-306470-314489,864,false,4.141869614458755,1,3023.4531869313823,1.0,1.0
2026-03-22T21:10:07.745-306470-314489,444,false,102.55255201821403,1,3023.4531869313823,1.0,1.0
2026-03-22T21:10:07.745-306470-314489,502,false,0.3086493274442268,1,3023.4531869313823,1.0,1.0
2026-03-22T21:10:07.745-306470-314489,844,false,15.421779695505716,1,3023.4531869313823,1.0,1.0
2026-03-22T21:10:07.745-306470-314489,261,false,0.286426624931226,1,3023.4531869313823,1.0,1.0
2026-03-22T21:10:07.745-306470-314489,428,false,263.356938624043,1,3023.4531869313823,1.0,1.0
2026-03-22T21:10:07.745-306470-314489,834,false,1.5132900964003355,1,3023.4531869313823,1.0,1.0
2026-03-22T21:10:07.745-306470-314489,831,false,14.817893433254396,1,3023.4531869313823,1.0,1.0
2026-03-22T21:10:07.745-306470-314489,823,false,5.69883308060338,1,3023.4531869313823,1.0,1.0
2026-03-22T21:10:07.745-306470-314489,974,false,12.666362673270378,1,3023.4531869313823,1.0,1.0
2026-03-22T21:10:07.745-306470-314489,924,true,1.5666598175715682,1,3021.8865271138106,1.0,0.849
2026-03-22T21:10:07.745-306470-314489,221,false,10.330938165985089,1,3021.8865271138106,1.0,1.0
2026-03-22T21:10:07.745-306470-314489,331,false,55.4498312744133,1,3021.8865271138106,1.0,1.0
2026-03-22T21:10:07.745-306470-314489,188,false,40.21729546529981,1,3021.8865271138106,1.0,1.0
2026-03-22T21:10:07.745-306470-314489,387,false,0.044152738554869134,1,3021.8865271138106,1.0,1.0
2026-03-22T21:10:07.745-306470-314489,438,false,23.08407624490266,1,3021.8865271138106,1.0,1.0
2026-03-22T21:10:07.745-306470-314489,594,false,2.3526626412718157,1,3021.8865271138106,1.0,1.0
2026-03-22T21:10:07.745-306470-314489,999,false,3.425707161192764,1,3021.8865271138106,1.0,1.0
2026-03-22T21:10:07.745-306470-314489,192,false,1.7358335524731492,1,3021.8865271138106,1.0,1.0
2026-03-22T21:10:07.745-306470-314489,988,false,0.8557016818454652,1,3021.8865271138106,1.0,1.0
2026-03-22T21:10:07.745-306470-314489,185,false,1.0547121104971822,1,3021.8865271138106,1.0,1.0
2026-03-22T21:10:07.745-306470-314489,247,false,0.3846769242194851,1,3021.8865271138106,1.0,1.0
2026-03-22T21:10:07.745-306470-314489,549,false,3.940423103920218,1,3021.8865271138106,1.0,1.0
2026-03-22T21:10:07.745-306470-314489,607,false,1.987776630043402,1,3021.8865271138106,1.0,1.0
2026-03-22T21:10:07.745-306470-314489,635,false,0.10948637948770513,1,3021.8865271138106,1.0,1.0
2026-03-22T21:10:07.745-306470-314489,343,true,3.2888138402112763,1,3018.5977132735993,1.0,0.0020000000000000018
2026-03-22T21:10:07.745-306470-314489,6,true,11.682791101751134,1,3006.914922171848,1.0,0.6910000000000001
2026-03-22T21:10:07.745-306470-314489,263,false,1.7161496267862637,1,3006.914922171848,1.0,1.0
2026-03-22T21:10:07.745-306470-314489,753,false,0.11391520726364249,1,3006.914922171848,1.0,1.0
2026-03-22T21:10:07.745-306470-314489,17,true,0.5495094748343455,1,3006.3654126970137,1.0,0.0
2026-03-22T21:10:07.745-306470-314489,281,false,0.2556606223992947,1,3006.3654126970137,1.0,1.0
2026-03-22T21:10:07.745-306470-314489,255,false,8.680903616536261,1,3006.3654126970137,1.0,1.0
2026-03-22T21:10:07.745-306470-314489,472,false,2.1501620518842617,1,3006.3654126970137,1.0,1.0
2026-03-22T21:10:07.745-306470-314489,312,false,14.287608619976421,1,3006.3654126970137,1.0,1.0
2026-03-22T21:10:07.745-306470-314489,624,false,18.90274465043649,1,3006.3654126970137,1.0,1.0
2026-03-22T21:10:07.745-306470-314489,743,false,3.08373755462726,1,3006.3654126970137,1.0,1.0
2026-03-22T21:10:07.745-306470-314489,222,false,0.546814798643393,1,3006.3654126970137,1.0,1.0
2026-03-22T21:10:07.745-306470-314489,888,false,4.8396936794983,1,3006.3654126970137,1.0,1.0
2026-03-22T21:10:07.745-306470-314489,7,true,2.790811243716747,1,3003.574601453297,1.0,0.0050000000000000044
2026-03-22T21:10:07.745-306470-314489,530,true,7.062896025665983,1,2996.511705427631,1.0,0.71
2026-03-22T21:10:07.745-306470-314489,483,false,0.3483441502008498,1,2996.511705427631,1.0,1.0
2026-03-22T21:10:07.745-306470-314489,315,false,1.6115581621716508,1,2996.511705427631,1.0,1.0
2026-03-22T21:10:07.745-306470-314489,726,true,39.70854219136529,1,2956.803163236266,1.0,0.84
2026-03-22T21:10:07.745-306470-314489,524,true,0.49723989499261106,1,2956.3059233412732,1.0,0.857
2026-03-22T21:10:07.745-306470-314489,534,false,1.4021567905539698,1,2956.3059233412732,1.0,1.0
2026-03-22T21:10:07.745-306470-314489,902,true,1.5558566035792196,1,2954.750066737694,1.0,0.999
2026-03-22T21:10:07.745-306470-314489,648,false,0.7375975693849691,1,2954.750066737694,1.0,1.0
2026-03-22T21:10:07.745-306470-314489,907,true,0.5630993252847595,1,2954.186967412409,1.0,0.0
2026-03-22T21:10:07.745-306470-314489,260,false,0.07697447625696735,1,2954.186967412409,1.0,1.0
2026-03-22T21:10:07.745-306470-314489,526,true,0.9232052513367979,1,2953.2637621610725,1.0,0.006000000000000005
2026-03-22T21:10:07.745-306470-314489,984,false,18.274317799026775,1,2953.2637621610725,1.0,1.0
2026-03-22T21:10:07.745-306470-314489,498,false,0.39897788561502173,1,2953.2637621610725,1.0,1.0
2026-03-22T21:10:07.745-306470-314489,829,false,0.32931524263334905,1,2953.2637621610725,1.0,1.0
2026-03-22T21:10:07.745-306470-314489,447,false,5.285692118895796,1,2953.2637621610725,1.0,1.0
2026-03-22T21:10:07.745-306470-314489,790,false,11.234591852310679,1,2953.2637621610725,1.0,1.0
2026-03-22T21:10:07.745-306470-314489,424,false,1.6530043602630484,1,2953.2637621610725,1.0,1.0
2026-03-22T21:10:07.745-306470-314489,491,false,13.645795027051577,1,2953.2637621610725,1.0,1.0
2026-03-22T21:10:07.745-306470-314489,944,false,0.22182395408425254,1,2953.2637621610725,1.0,1.0
2026-03-22T21:10:07.745-306470-314489,873,true,4.36392170278445,1,2948.899840458288,1.0,0.0
2026-03-22T21:10:07.745-306470-314489,374,false,6.303194466646583,1,2948.899840458288,1.0,1.0
2026-03-22T21:10:07.745-306470-314489,869,false,0.1686097681217919,1,2948.899840458288,1.0,1.0
2026-03-22T21:10:07.745-306470-314489,519,false,15.170868353583767,1,2948.899840458288,1.0,1.0
2026-03-22T21:10:07.745-306470-314489,839,false,4.757966496905932,1,2948.899840458288,1.0,1.0
2026-03-22T21:10:07.745-306470-314489,368,false,0.5905287580238531,1,2948.899840458288,1.0,1.0
2026-03-22T21:10:07.745-306470-314489,478,false,21.200282227171733,1,2948.899840458288,1.0,1.0
2026-03-22T21:10:07.745-306470-314489,575,false,10.176147192667488,1,2948.899840458288,1.0,1.0
2026-03-22T21:10:07.745-306470-314489,103,false,1.969947385342843,1,2948.899840458288,1.0,1.0
2026-03-22T21:10:07.745-306470-314489,464,false,60.77839879094486,1,2948.899840458288,1.0,1.0
2026-03-22T21:10:07.745-306470-314489,465,false,0.4608675125656168,1,2948.899840458288,1.0,1.0
2026-03-22T21:10:07.745-306470-314489,967,true,2.025820662974894,1,2946.874019795313,1.0,0.0
2026-03-22T21:10:07.745-306470-314489,95,false,113.91716033429009,1,2946.874019795313,1.0,1.0
2026-03-22T21:10:07.745-306470-314489,599,false,3.2747921396012165,1,2946.874019795313,1.0,1.0
2026-03-22T21:10:07.745-306470-314489,400,true,0.3359578221761422,1,2946.538061973137,1.0,0.0010000000000000009
2026-03-22T21:10:07.745-306470-314489,797,false,0.49509673978179886,1,2946.538061973137,1.0,1.0
2026-03-22T21:10:07.745-306470-314489,435,false,2.1032155045660823,1,2946.538061973137,1.0,1.0
2026-03-22T21:10:07.745-306470-314489,41,false,2.763937212431802,1,2946.538061973137,1.0,1.0
2026-03-22T21:10:07.745-306470-314489,495,false,6.666477065171741,1,2946.538061973137,1.0,1.0
2026-03-22T21:10:07.745-306470-314489,816,false,11.959006375859996,1,2946.538061973137,1.0,1.0
2026-03-22T21:10:07.745-306470-314489,535,false,2.061778957309091,1,2946.538061973137,1.0,1.0
2026-03-22T21:10:07.745-306470-314489,156,false,67.30731020238018,1,2946.538061973137,1.0,1.0
2026-03-22T21:10:07.745-306470-314489,164,false,7.1823132371904395,1,2946.538061973137,1.0,1.0
2026-03-22T21:10:07.745-306470-314489,138,false,0.7180692703400321,1,2946.538061973137,1.0,1.0
2026-03-22T21:10:07.745-306470-314489,170,true,6.0598855660431985,1,2940.4781764070935,1.0,0.856
2026-03-22T21:10:07.745-306470-314489,733,true,2.076527683894214,1,2938.4016487231993,1.0,0.687
2026-03-22T21:10:07.745-306470-314489,243,false,34.855838661331745,1,2938.4016487231993,1.0,1.0
2026-03-22T21:10:07.745-306470-314489,171,true,6.698158723421939,1,2931.7034899997775,1.0,0.6759999999999999
2026-03-22T21:10:07.745-306470-314489,484,false,0.20896894628420426,1,2931.7034899997775,1.0,1.0
2026-03-22T21:10:07.745-306470-314489,727,true,1.1204082481203061,1,2930.583081751657,1.0,0.0040000000000000036
2026-03-22T21:10:07.745-306470-314489,360,false,43.72239693305552,1,2930.583081751657,1.0,1.0
2026-03-22T21:10:07.745-306470-314489,262,false,0.23324723032993494,1,2930.583081751657,1.0,1.0
2026-03-22T21:10:07.745-306470-314489,540,false,3.6909126133523595,1,2930.583081751657,1.0,1.0
2026-03-22T21:10:07.745-306470-314489,653,true,26.027395402321655,1,2904.5556863493352,1.0,0.03700000000000003
2026-03-22T21:10:07.745-306470-314489,396,true,194.26471149346614,1,2710.290974855869,1.0,0.0
2026-03-22T21:10:07.745-306470-314489,621,false,2.785438512676974,1,2710.290974855869,1.0,1.0
2026-03-22T21:10:07.745-306470-314489,157,false,0.014879650496411602,1,2710.290974855869,1.0,1.0
2026-03-22T21:10:07.745-306470-314489,639,false,0.38446739024827337,1,2710.290974855869,1.0,1.0
2026-03-22T21:10:07.745-306470-314489,898,false,0.6061786945836426,1,2710.290974855869,1.0,1.0
2026-03-22T21:10:07.745-306470-314489,25,false,1.6603879273351254,1,2710.290974855869,1.0,1.0
2026-03-22T21:10:07.745-306470-314489,744,false,1.1424477872794117,1,2710.290974855869,1.0,1.0
2026-03-22T21:10:07.745-306470-314489,422,false,0.760514262982967,1,2710.290974855869,1.0,1.0
2026-03-22T21:10:07.745-306470-314489,93,false,0.3241540922357982,1,2710.290974855869,1.0,1.0
2026-03-22T21:10:07.745-306470-314489,977,false,9.583846292976249,1,2710.290974855869,1.0,1.0
2026-03-22T21:10:07.745-306470-314489,608,false,56.23389347491748,1,2710.290974855869,1.0,1.0
2026-03-22T21:10:07.745-306470-314489,361,false,0.0454446335490605,1,2710.290974855869,1.0,1.0
2026-03-22T21:10:07.745-306470-314489,866,false,81.58036258906012,1,2710.290974855869,1.0,1.0
2026-03-22T21:10:07.745-306470-314489,158,false,6.627455347232708,1,2710.290974855869,1.0,1.0
2026-03-22T21:10:07.745-306470-314489,421,false,0.12008858538897693,1,2710.290974855869,1.0,1.0
2026-03-22T21:10:07.745-306470-314489,508,false,5.256645283450104,1,2710.290974855869,1.0,1.0
2026-03-22T21:10:07.745-306470-314489,523,true,0.6126708711117171,1,2709.6783039847573,1.0,0.0020000000000000018
2026-03-22T21:10:07.745-306470-314489,433,false,25.562874486511824,1,2709.6783039847573,1.0,1.0
2026-03-22T21:10:07.745-306470-314489,193,false,9.681419557998568,1,2709.6783039847573,1.0,1.0
2026-03-22T21:10:07.745-306470-314489,936,false,1.329619910596033,1,2709.6783039847573,1.0,1.0
2026-03-22T21:10:07.745-306470-314489,56,false,10.369304915353334,1,2709.6783039847573,1.0,1.0
2026-03-22T21:10:07.745-306470-314489,592,false,2.3273183654178706,1,2709.6783039847573,1.0,1.0
2026-03-22T21:10:07.745-306470-314489,122,false,0.17368332810494577,1,2709.6783039847573,1.0,1.0
2026-03-22T21:10:07.745-306470-314489,439,false,4.305320574203382,1,2709.6783039847573,1.0,1.0
2026-03-22T21:10:07.745-306470-314489,139,false,17.256676704484274,1,2709.6783039847573,1.0,1.0
2026-03-22T21:10:07.745-306470-314489,324,false,1.3520246686719197,1,2709.6783039847573,1.0,1.0
2026-03-22T21:10:07.745-306470-314489,237,false,3.6831651102694862,1,2709.6783039847573,1.0,1.0
2026-03-22T21:10:07.745-306470-314489,213,false,2.6741927807881103,1,2709.6783039847573,1.0,1.0
2026-03-22T21:10:07.745-306470-314489,130,true,64.14696482415461,1,2645.531339160603,1.0,0.6779999999999999
2026-03-22T21:10:07.745-306470-314489,838,false,0.29431442521816714,1,2645.531339160603,1.0,1.0
2026-03-22T21:10:07.745-306470-314489,102,false,0.06230335906278018,1,2645.531339160603,1.0,1.0
2026-03-22T21:10:07.745-306470-314489,460,false,8.851710425112769,1,2645.531339160603,1.0,1.0
2026-03-22T21:10:07.745-306470-314489,795,false,0.5436518153201697,1,2645.531339160603,1.0,1.0
2026-03-22T21:10:07.745-306470-314489,971,true,31.848309470955943,1,2613.683029689647,1.0,0.0050000000000000044
2026-03-22T21:10:07.745-306470-314489,564,true,6.6192730524487615,1,2607.063756637198,1.0,0.925
2026-03-22T21:10:07.745-306470-314489,874,true,51.43370886852584,1,2555.6300477686723,1.0,0.0
2026-03-22T21:10:07.745-306470-314489,683,false,0.05201694919393775,1,2555.6300477686723,1.0,1.0
2026-03-22T21:10:07.745-306470-314489,806,false,2.3050889353869635,1,2555.6300477686723,1.0,1.0
2026-03-22T21:10:07.745-306470-314489,990,false,3.151538515606438,1,2555.6300477686723,1.0,1.0
2026-03-22T21:10:07.745-306470-314489,309,false,32.822872226179186,1,2555.6300477686723,1.0,1.0
2026-03-22T21:10:07.745-306470-314489,735,true,1.8118306498799317,1,2553.8182171187923,1.0,0.0030000000000000027
2026-03-22T21:10:07.745-306470-314489,720,false,53.59331736018206,1,2553.8182171187923,1.0,1.0
2026-03-22T21:10:07.745-306470-314489,854,false,1.0827866944365476,1,2553.8182171187923,1.0,1.0
2026-03-22T21:10:07.745-306470-314489,186,false,0.7664546987166238,1,2553.8182171187923,1.0,1.0
2026-03-22T21:10:07.745-306470-314489,305,false,3.3417503689299273,1,2553.8182171187923,1.0,1.0
2026-03-22T21:10:07.745-306470-314489,543,false,3.9665907952931696,1,2553.8182171187923,1.0,1.0
2026-03-22T21:10:07.745-306470-314489,84,false,0.2576040109632174,1,2553.8182171187923,1.0,1.0
2026-03-22T21:10:07.745-306470-314489,208,false,1.792909346771138,1,2553.8182171187923,1.0,1.0
2026-03-22T21:10:07.745-306470-314489,326,false,2.259253872788954,1,2553.8182171187923,1.0,1.0
2026-03-22T21:10:07.745-306470-314489,202,false,0.34668798646757937,1,2553.8182171187923,1.0,1.0
2026-03-22T21:10:07.745-306470-314489,114,true,49.4525662999022,1,2504.36565081889,1.0,0.0
2026-03-22T21:10:07.745-306470-314489,669,false,6.3860327076677965,1,2504.36565081889,1.0,1.0
2026-03-22T21:10:07.745-306470-314489,552,false,0.20739542481139808,1,2504.36565081889,1.0,1.0
2026-03-22T21:10:07.745-306470-314489,356,false,36.50825415541735,1,2504.36565081889,1.0,1.0
2026-03-22T21:10:07.745-306470-314489,96,false,0.16533682114147255,1,2504.36565081889,1.0,1.0
2026-03-22T21:10:07.745-306470-314489,657,true,0.5431202430252028,1,2503.822530575865,1.0,0.0
2026-03-22T21:10:07.745-306470-314489,111,true,1.9777600701257851,1,2501.8447705057392,1.0,0.0
2026-03-22T21:10:07.745-306470-314489,80,false,2.209819087762252,1,2501.8447705057392,1.0,1.0
2026-03-22T21:10:07.745-306470-314489,249,false,31.596927166440093,1,2501.8447705057392,1.0,1.0
2026-03-22T21:10:07.745-306470-314489,652,true,1.620931866887502,1,2500.2238386388517,1.0,0.03700000000000003
2026-03-22T21:10:07.745-306470-314489,851,false,6.700801243819289,1,2500.2238386388517,1.0,1.0
2026-03-22T21:10:07.745-306470-314489,85,false,46.11494050697065,1,2500.2238386388517,1.0,1.0
2026-03-22T21:10:07.745-306470-314489,250,false,7.37999416540718,1,2500.2238386388517,1.0,1.0
2026-03-22T21:10:07.745-306470-314489,793,false,6.76797976007192,1,2500.2238386388517,1.0,1.0
2026-03-22T21:10:07.745-306470-314489,654,true,2.0270873673048593,1,2498.196751271547,1.0,0.0
2026-03-22T21:10:07.745-306470-314489,932,false,32.241984198857,1,2498.196751271547,1.0,1.0
2026-03-22T21:10:07.745-306470-314489,409,false,1.3471430865061305,1,2498.196751271547,1.0,1.0
2026-03-22T21:10:07.745-306470-314489,53,false,21.59465767613492,1,2498.196751271547,1.0,1.0
2026-03-22T21:10:07.745-306470-314489,868,true,10.26987432448396,1,2487.9268769470627,1.0,0.0030000000000000027
2026-03-22T21:10:07.745-306470-314489,673,false,4.562623142212451,1,2487.9268769470627,1.0,1.0
2026-03-22T21:10:07.745-306470-314489,204,false,116.18401696917167,1,2487.9268769470627,1.0,1.0
2026-03-22T21:10:07.745-306470-314489,545,false,12.720940892557447,1,2487.9268769470627,1.0,1.0
2026-03-22T21:10:07.745-306470-314489,352,false,0.15009157396379322,1,2487.9268769470627,1.0,1.0
2026-03-22T21:10:07.745-306470-314489,337,true,88.61225441334896,1,2399.3146225337136,1.0,0.0030000000000000027
2026-03-22T21:10:07.745-306470-314489,538,false,1.9098180710776809,1,2399.3146225337136,1.0,1.0
2026-03-22T21:10:07.745-306470-314489,426,false,197.3301761081437,1,2399.3146225337136,1.0,1.0
2026-03-22T21:10:07.745-306470-314489,50,false,68.60405851173981,1,2399.3146225337136,1.0,1.0
2026-03-22T21:10:07.745-306470-314489,254,false,2.134640903563689,1,2399.3146225337136,1.0,1.0
2026-03-22T21:10:07.745-306470-314489,593,false,4.794211111162179,1,2399.3146225337136,1.0,1.0
2026-03-22T21:10:07.745-306470-314489,175,false,22.63632166353267,1,2399.3146225337136,1.0,1.0
2026-03-22T21:10:07.745-306470-314489,452,false,0.8043844525652537,1,2399.3146225337136,1.0,1.0
2026-03-22T21:10:07.745-306470-314489,294,false,0.18483561268491633,1,2399.3146225337136,1.0,1.0
2026-03-22T21:10:07.745-306470-314489,861,false,6.659165150966899,1,2399.3146225337136,1.0,1.0
2026-03-22T21:10:07.745-306470-314489,325,false,0.21457795204963082,1,2399.3146225337136,1.0,1.0
2026-03-22T21:10:07.745-306470-314489,969,true,958.2520733010073,1,1441.0625492327063,1.0,0.0
2026-03-22T21:10:07.745-306470-314489,987,false,0.4808792551915372,1,1441.0625492327063,1.0,1.0
2026-03-22T21:10:07.745-306470-314489,692,true,7.9291455057924445,1,1433.133403726914,1.0,0.718
2026-03-22T21:10:07.745-306470-314489,52,false,19.609636278335095,1,1433.133403726914,1.0,1.0
2026-03-22T21:10:07.745-306470-314489,963,true,5.685757082300936,1,1427.447646644613,1.0,0.0
2026-03-22T21:10:07.745-306470-314489,787,false,0.40321294677688974,1,1427.447646644613,1.0,1.0
2026-03-22T21:10:07.745-306470-314489,442,false,0.9109675938963316,1,1427.447646644613,1.0,1.0
2026-03-22T21:10:07.745-306470-314489,334,true,75.55138600401311,1,1351.8962606406,1.0,0.804
2026-03-22T21:10:07.745-306470-314489,611,false,5.6516239780180655,1,1351.8962606406,1.0,1.0
2026-03-22T21:10:07.745-306470-314489,805,false,4.311311615672319,1,1351.8962606406,1.0,1.0
2026-03-22T21:10:07.745-306470-314489,957,true,2.967068374822296,1,1348.9291922657778,1.0,0.0
2026-03-22T21:10:07.745-306470-314489,238,true,2.1454058654511674,1,1346.7837864003266,1.0,0.848
2026-03-22T21:10:07.745-306470-314489,623,false,8.999881810297213,1,1346.7837864003266,1.0,1.0
2026-03-22T21:10:07.745-306470-314489,320,false,10.234455608956917,1,1346.7837864003266,1.0,1.0
2026-03-22T21:10:07.745-306470-314489,643,false,926.6214876236359,1,1346.7837864003266,1.0,1.0
2026-03-22T21:10:07.745-306470-314489,584,false,6.725582750539876,1,1346.7837864003266,1.0,1.0
2026-03-22T21:10:07.745-306470-314489,847,false,0.1285905610397327,1,1346.7837864003266,1.0,1.0
2026-03-22T21:10:07.745-306470-314489,276,false,0.6457267679141033,1,1346.7837864003266,1.0,1.0
2026-03-22T21:10:07.745-306470-314489,342,true,6.2557777943878055,1,1340.5280086059388,1.0,0.0
2026-03-22T21:10:07.745-306470-314489,458,false,8.393371942246986,1,1340.5280086059388,1.0,1.0
2026-03-22T21:10:07.745-306470-314489,183,false,55.63071448293287,1,1340.5280086059388,1.0,1.0
2026-03-22T21:10:07.745-306470-314489,746,false,530.9294248355461,1,1340.5280086059388,1.0,1.0
2026-03-22T21:10:07.745-306470-314489,108,true,1.0973643590152442,1,1339.4306442469235,1.0,0.0020000000000000018
2026-03-22T21:10:07.745-306470-314489,713,false,4.026891812107857,1,1339.4306442469235,1.0,1.0
2026-03-22T21:10:07.745-306470-314489,989,false,0.4459566783688995,1,1339.4306442469235,1.0,1.0
2026-03-22T21:10:07.745-306470-314489,606,false,14.345474578554846,1,1339.4306442469235,1.0,1.0
2026-03-22T21:10:07.745-306470-314489,303,false,0.3373616074628009,1,1339.4306442469235,1.0,1.0
2026-03-22T21:10:07.745-306470-314489,662,true,6.734476280565104,1,1332.6961679663584,1.0,0.706
2026-03-22T21:10:07.745-306470-314489,799,false,31.10985782103056,1,1332.6961679663584,1.0,1.0
2026-03-22T21:10:07.745-306470-314489,77,false,15.66875931812166,1,1332.6961679663584,1.0,1.0
2026-03-22T21:10:07.745-306470-314489,780,false,24.167225288451817,1,1332.6961679663584,1.0,1.0
2026-03-22T21:10:07.745-306470-314489,909,true,3.0329622570126524,1,1329.6632057093457,1.0,0.0
2026-03-22T21:10:07.745-306470-314489,90,false,0.23143026678480816,1,1329.6632057093457,1.0,1.0
2026-03-22T21:10:07.745-306470-314489,398,true,1.003428576904679,1,1328.659777132441,1.0,0.0
2026-03-22T21:10:07.745-306470-314489,525,true,13.170145849354038,1,1315.489631283087,1.0,0.0
2026-03-22T21:10:07.745-306470-314489,61,false,12.923973535764643,1,1315.489631283087,1.0,1.0
2026-03-22T21:10:07.745-306470-314489,1000,false,21.525046859343657,1,1315.489631283087,1.0,1.0
2026-03-22T21:10:07.745-306470-314489,206,false,0.27705150962198616,1,1315.489631283087,1.0,1.0
2026-03-22T21:10:07.745-306470-314489,38,true,0.21909916681471908,1,1315.2705321162723,1.0,0.922
2026-03-22T21:10:07.745-306470-314489,708,false,0.05534536878911964,1,1315.2705321162723,1.0,1.0
2026-03-22T21:10:07.745-306470-314489,602,false,13.191320375045228,1,1315.2705321162723,1.0,1.0
2026-03-22T21:10:07.745-306470-314489,81,false,3.6083161831112225,1,1315.2705321162723,1.0,1.0
2026-03-22T21:10:07.745-306470-314489,135,false,20.186392412414893,1,1315.2705321162723,1.0,1.0
2026-03-22T21:10:07.745-306470-314489,701,true,2.7656655586551953,1,1312.504866557617,1.0,0.0
2026-03-22T21:10:07.745-306470-314489,420,false,1.8903647144968851,1,1312.504866557617,1.0,1.0
2026-03-22T21:10:07.745-306470-314489,380,false,9.259410788598837,1,1312.504866557617,1.0,1.0
2026-03-22T21:10:07.745-306470-314489,826,false,4.200589209709803,1,1312.504866557617,1.0,1.0
2026-03-22T21:10:07.745-306470-314489,617,false,0.6724918478369932,1,1312.504866557617,1.0,1.0
2026-03-22T21:10:07.745-306470-314489,949,false,37.19212237984747,1,1312.504866557617,1.0,1.0
2026-03-22T21:10:07.745-306470-314489,10,true,2.2334730381410326,1,1310.271393519476,1.0,0.0
2026-03-22T21:10:07.745-306470-314489,12,true,3.5121230191551143,1,1306.759270500321,1.0,0.0
2026-03-22T21:10:07.745-306470-314489,246,false,0.4298796783026876,1,1306.759270500321,1.0,1.0
2026-03-22T21:10:07.745-306470-314489,670,false,625.308218570759,1,1306.759270500321,1.0,1.0
2026-03-22T21:10:07.745-306470-314489,675,false,14.197713609696955,1,1306.759270500321,1.0,1.0
2026-03-22T21:10:07.745-306470-314489,996,false,5.77259410834463,1,1306.759270500321,1.0,1.0
2026-03-22T21:10:07.745-306470-314489,242,false,31.955139352201353,1,1306.759270500321,1.0,1.0
2026-03-22T21:10:07.745-306470-314489,228,false,2.699790914211555,1,1306.759270500321,1.0,1.0
2026-03-22T21:10:07.745-306470-314489,49,false,33.66189461607885,1,1306.759270500321,1.0,1.0
2026-03-22T21:10:07.745-306470-314489,711,false,13.269979292922441,1,1306.759270500321,1.0,1.0
2026-03-22T21:10:07.745-306470-314489,642,false,0.5298972899506708,1,1306.759270500321,1.0,1.0
2026-03-22T21:10:07.745-306470-314489,154,false,41.91514973388657,1,1306.759270500321,1.0,1.0
2026-03-22T21:10:07.745-306470-314489,358,false,0.22815335559055275,1,1306.759270500321,1.0,1.0
2026-03-22T21:10:07.745-306470-314489,389,true,1.229662745039511,1,1305.5296077552814,1.0,0.0020000000000000018
2026-03-22T21:10:07.745-306470-314489,1,false,0.060853489437653875,1,1305.5296077552814,1.0,1.0
2026-03-22T21:10:07.745-306470-314489,883,true,5.230523584213893,1,1300.2990841710675,1.0,0.0
2026-03-22T21:10:07.745-306470-314489,505,false,0.7111878775006484,1,1300.2990841710675,1.0,1.0
2026-03-22T21:10:07.745-306470-314489,66,false,1.1616883846461679,1,1300.2990841710675,1.0,1.0
2026-03-22T21:10:07.745-306470-314489,239,true,17.46452097874271,1,1282.8345631923248,1.0,0.706
2026-03-22T21:10:07.745-306470-314489,391,true,3.848200512672071,1,1278.9863626796528,1.0,0.0
2026-03-22T21:10:07.745-306470-314489,385,false,23.692705917630274,1,1278.9863626796528,1.0,1.0
2026-03-22T21:10:07.745-306470-314489,521,true,11.558538987779908,1,1267.4278236918728,1.0,0.0030000000000000027
2026-03-22T21:10:07.745-306470-314489,784,false,0.032276042690617054,1,1267.4278236918728,1.0,1.0
2026-03-22T21:10:07.745-306470-314489,118,true,27.778138912022158,1,1239.6496847798508,1.0,0.03500000000000003
2026-03-22T21:10:07.745-306470-314489,672,false,0.17579732846357368,1,1239.6496847798508,1.0,1.0
2026-03-22T21:10:07.745-306470-314489,13,true,9.257206967324857,1,1230.3924778125258,1.0,0.0
2026-03-22T21:10:07.745-306470-314489,917,true,1.7641246072252241,1,1228.6283532053005,1.0,0.0
2026-03-22T21:10:07.745-306470-314489,155,false,4.380706067144637,1,1228.6283532053005,1.0,1.0
2026-03-22T21:10:07.745-306470-314489,477,false,1.8720141602294003,1,1228.6283532053005,1.0,1.0
2026-03-22T21:10:07.745-306470-314489,927,true,4.545312483805656,1,1224.0830407214949,1.0,0.6890000000000001
2026-03-22T21:10:07.745-306470-314489,203,false,29.398395179213015,1,1224.0830407214949,1.0,1.0
2026-03-22T21:10:07.745-306470-314489,467,false,5.453257828507434,1,1224.0830407214949,1.0,1.0
2026-03-22T21:10:07.745-306470-314489,98,false,0.4453519758787108,1,1224.0830407214949,1.0,1.0
2026-03-22T21:10:07.745-306470-314489,943,false,3.8549215553721528,1,1224.0830407214949,1.0,1.0
2026-03-22T21:10:07.745-306470-314489,316,false,1.0835414444482443,1,1224.0830407214949,1.0,1.0
2026-03-22T21:10:07.745-306470-314489,271,false,114.60493327177012,1,1224.0830407214949,1.0,1.0
2026-03-22T21:10:07.745-306470-314489,300,false,37.505580757926985,1,1224.0830407214949,1.0,1.0
2026-03-22T21:10:07.745-306470-314489,569,false,1.7126653477618026,1,1224.0830407214949,1.0,1.0
2026-03-22T21:10:07.745-306470-314489,174,false,0.023885703285328973,1,1224.0830407214949,1.0,1.0
2026-03-22T21:10:07.745-306470-314489,21,true,99.01596443879777,1,1125.0670762826971,1.0,0.659
2026-03-22T21:10:07.745-306470-314489,899,true,9.116765057183217,1,1115.9503112255138,1.0,0.712
2026-03-22T21:10:07.745-306470-314489,548,false,12.08962868939768,1,1115.9503112255138,1.0,1.0
2026-03-22T21:10:07.745-306470-314489,507,false,0.8369596877403958,2,1115.9503112255138,1.0,1.0
2026-03-22T21:10:07.745-306470-314489,731,true,3.001995721241173,2,1112.9483155042726,1.0,0.0
2026-03-22T21:10:07.745-306470-314489,831,false,14.817893433254396,2,1112.9483155042726,1.0,1.0
2026-03-22T21:10:07.745-306470-314489,210,false,29.169955904240016,2,1112.9483155042726,1.0,1.0
2026-03-22T21:10:07.745-306470-314489,516,false,4.91444134522495,2,1112.9483155042726,1.0,1.0
2026-03-22T21:10:07.745-306470-314489,986,false,0.36403196262857884,2,1112.9483155042726,1.0,1.0
2026-03-22T21:10:07.745-306470-314489,684,false,0.4447616830484702,2,1112.9483155042726,1.0,1.0
2026-03-22T21:10:07.745-306470-314489,476,false,26.869020476116994,2,1112.9483155042726,1.0,1.0
2026-03-22T21:10:07.745-306470-314489,571,false,3.5548221302310767,2,1112.9483155042726,1.0,1.0
2026-03-22T21:10:07.745-306470-314489,370,false,0.16047511203928425,2,1112.9483155042726,1.0,1.0
2026-03-22T21:10:07.745-306470-314489,25,false,1.6603879273351254,2,1112.9483155042726,1.0,1.0
2026-03-22T21:10:07.745-306470-314489,2,false,1.0124591892564863,2,1112.9483155042726,1.0,1.0
2026-03-22T21:10:07.745-306470-314489,855,false,0.24158846644834864,2,1112.9483155042726,1.0,1.0
2026-03-22T21:10:07.745-306470-314489,468,false,0.11019180790501877,2,1112.9483155042726,1.0,1.0
2026-03-22T21:10:07.745-306470-314489,158,false,6.627455347232708,2,1112.9483155042726,1.0,1.0
2026-03-22T21:10:07.745-306470-314489,268,false,1.764856018821513,2,1112.9483155042726,1.0,1.0
2026-03-22T21:10:07.745-306470-314489,755,false,1.9422313518531742,2,1112.9483155042726,1.0,1.0
2026-03-22T21:10:07.745-306470-314489,393,false,0.07646584713331535,2,1112.9483155042726,1.0,1.0
2026-03-22T21:10:07.745-306470-314489,407,false,5.949616937385515,2,1112.9483155042726,1.0,1.0
2026-03-22T21:10:07.745-306470-314489,233,false,1.2325526399242597,2,1112.9483155042726,1.0,1.0
2026-03-22T21:10:07.745-306470-314489,563,true,0.5342095157997273,2,1112.4141059884728,1.0,0.734
2026-03-22T21:10:07.745-306470-314489,834,false,1.5132900964003355,2,1112.4141059884728,1.0,1.0
2026-03-22T21:10:07.745-306470-314489,102,false,0.06230335906278018,2,1112.4141059884728,1.0,1.0
2026-03-22T21:10:07.745-306470-314489,984,false,18.274317799026775,2,1112.4141059884728,1.0,1.0
2026-03-22T21:10:07.745-306470-314489,460,false,8.851710425112769,2,1112.4141059884728,1.0,1.0
2026-03-22T21:10:07.745-306470-314489,644,false,0.996059266092826,2,1112.4141059884728,1.0,1.0
2026-03-22T21:10:07.745-306470-314489,988,false,0.8557016818454652,2,1112.4141059884728,1.0,1.0
2026-03-22T21:10:07.745-306470-314489,235,true,1.9742625665582816,2,1110.4398434219145,1.0,0.873
2026-03-22T21:10:07.745-306470-314489,830,false,7.044340489735619,2,1110.4398434219145,1.0,1.0
2026-03-22T21:10:07.745-306470-314489,943,false,3.8549215553721528,2,1110.4398434219145,1.0,1.0
2026-03-22T21:10:07.745-306470-314489,859,false,1.0153092442637313,2,1110.4398434219145,1.0,1.0
2026-03-22T21:10:07.745-306470-314489,577,false,4.71991893326357,2,1110.4398434219145,1.0,1.0
2026-03-22T21:10:07.745-306470-314489,641,false,10.301094623264214,2,1110.4398434219145,1.0,1.0
2026-03-22T21:10:07.745-306470-314489,408,false,265.57031748078276,2,1110.4398434219145,1.0,1.0
2026-03-22T21:10:07.745-306470-314489,253,false,40.24787167196677,2,1110.4398434219145,1.0,1.0
2026-03-22T21:10:07.745-306470-314489,897,true,9.663281265537305,2,1100.7765621563772,1.0,0.708
2026-03-22T21:10:07.745-306470-314489,364,false,2.6383767318417894,2,1100.7765621563772,1.0,1.0
2026-03-22T21:10:07.745-306470-314489,480,false,0.36327515516135184,2,1100.7765621563772,1.0,1.0
2026-03-22T21:10:07.745-306470-314489,803,false,3.0123772754163856,2,1100.7765621563772,1.0,1.0
2026-03-22T21:10:07.745-306470-314489,203,false,29.398395179213015,2,1100.7765621563772,1.0,1.0
2026-03-22T21:10:07.745-306470-314489,544,false,0.2682005904978204,2,1100.7765621563772,1.0,1.0
2026-03-22T21:10:07.745-306470-314489,623,false,8.999881810297213,2,1100.7765621563772,1.0,1.0
2026-03-22T21:10:07.745-306470-314489,822,false,6.965147211178522,2,1100.7765621563772,1.0,1.0
2026-03-22T21:10:07.745-306470-314489,695,true,3.229888746308792,2,1097.5466734100685,1.0,0.0
2026-03-22T21:10:07.745-306470-314489,989,false,0.4459566783688995,2,1097.5466734100685,1.0,1.0
2026-03-22T21:10:07.745-306470-314489,759,false,0.43465359638295537,2,1097.5466734100685,1.0,1.0
2026-03-22T21:10:07.745-306470-314489,54,false,213.80730142966007,2,1097.5466734100685,1.0,1.0
2026-03-22T21:10:07.745-306470-314489,572,false,3.422712453707416,2,1097.5466734100685,1.0,1.0
2026-03-22T21:10:07.745-306470-314489,556,false,16.787942858415615,2,1097.5466734100685,1.0,1.0
2026-03-22T21:10:07.745-306470-314489,193,false,9.681419557998568,2,1097.5466734100685,1.0,1.0
2026-03-22T21:10:07.745-306470-314489,446,false,5.091265385248055,2,1097.5466734100685,1.0,1.0
2026-03-22T21:10:07.745-306470-314489,570,false,5.710743400178645,2,1097.5466734100685,1.0,1.0
2026-03-22T21:10:07.745-306470-314489,783,false,4.011973209070208,2,1097.5466734100685,1.0,1.0
2026-03-22T21:10:07.745-306470-314489,865,true,0.41899918025535715,2,1097.127674229813,1.0,0.6739999999999999
2026-03-22T21:10:07.745-306470-314489,369,false,0.5676788391315555,2,1097.127674229813,1.0,1.0
2026-03-22T21:10:07.745-306470-314489,626,false,4.109020871389726,2,1097.127674229813,1.0,1.0
2026-03-22T21:10:07.745-306470-314489,998,true,5.8026952326215016,2,1091.3249789971915,1.0,0.849
2026-03-22T21:10:07.745-306470-314489,177,false,1.0037303157440554,2,1091.3249789971915,1.0,1.0
2026-03-22T21:10:07.745-306470-314489,478,false,21.200282227171733,2,1091.3249789971915,1.0,1.0
2026-03-22T21:10:07.745-306470-314489,690,true,0.6752200664965698,2,1090.6497589306948,1.0,0.71
2026-03-22T21:10:07.745-306470-314489,299,false,2.0013570718939278,2,1090.6497589306948,1.0,1.0
2026-03-22T21:10:07.745-306470-314489,437,false,34.208134869183475,2,1090.6497589306948,1.0,1.0
2026-03-22T21:10:07.745-306470-314489,781,false,2.2694027976822126,2,1090.6497589306948,1.0,1.0
2026-03-22T21:10:07.745-306470-314489,79,false,12.451972867349944,2,1090.6497589306948,1.0,1.0
2026-03-22T21:10:07.745-306470-314489,362,false,77.82326948480298,2,1090.6497589306948,1.0,1.0
2026-03-22T21:10:07.745-306470-314489,96,false,0.16533682114147255,2,1090.6497589306948,1.0,1.0
2026-03-22T21:10:07.745-306470-314489,327,false,0.5765881955809888,2,1090.6497589306948,1.0,1.0
2026-03-22T21:10:07.745-306470-314489,178,false,1.9033208779563489,2,1090.6497589306948,1.0,1.0
2026-03-22T21:10:07.745-306470-314489,642,false,0.5298972899506708,2,1090.6497589306948,1.0,1.0
2026-03-22T21:10:07.745-306470-314489,51,false,130.55894041465842,2,1090.6497589306948,1.0,1.0
2026-03-22T21:10:07.745-306470-314489,788,false,15.830847720775377,2,1090.6497589306948,1.0,1.0
2026-03-22T21:10:07.745-306470-314489,267,true,19.610520469650584,2,1071.0392384610443,1.0,0.845
2026-03-22T21:10:07.745-306470-314489,167,true,31.831059063072242,2,1039.2081793979721,1.0,0.702
2026-03-22T21:10:07.745-306470-314489,417,false,69.99531840381661,2,1039.2081793979721,1.0,1.0
2026-03-22T21:10:07.745-306470-314489,533,true,0.31064950490456106,2,1038.8975298930675,1.0,0.847
2026-03-22T21:10:07.745-306470-314489,313,false,5.9063662920768545,2,1038.8975298930675,1.0,1.0
2026-03-22T21:10:07.745-306470-314489,284,false,2.171944070009299,2,1038.8975298930675,1.0,1.0
2026-03-22T21:10:07.745-306470-314489,376,false,1.4164497349753509,2,1038.8975298930675,1.0,1.0
2026-03-22T21:10:07.745-306470-314489,144,false,2.1840284826767147,2,1038.8975298930675,1.0,1.0
2026-03-22T21:10:07.745-306470-314489,287,false,7.041538259811142,2,1038.8975298930675,1.0,1.0
2026-03-22T21:10:07.745-306470-314489,47,false,11.43265242967136,2,1038.8975298930675,1.0,1.0
2026-03-22T21:10:07.745-306470-314489,583,true,0.47255342084547347,2,1038.424976472222,1.0,0.827
2026-03-22T21:10:07.745-306470-314489,200,false,0.3491910859939894,2,1038.424976472222,1.0,1.0
2026-03-22T21:10:07.745-306470-314489,433,false,25.562874486511824,2,1038.424976472222,1.0,1.0
2026-03-22T21:10:07.745-306470-314489,560,true,148.32953629531912,2,890.0954401769028,1.0,0.879
2026-03-22T21:10:07.745-306470-314489,259,false,0.36059782910665944,2,890.0954401769028,1.0,1.0
2026-03-22T21:10:07.745-306470-314489,373,false,7.639331817631423,2,890.0954401769028,1.0,1.0
2026-03-22T21:10:07.745-306470-314489,585,true,7.176560739474964,2,882.9188794374278,1.0,0.842
2026-03-22T21:10:07.745-306470-314489,73,false,0.09283470484586283,2,882.9188794374278,1.0,1.0
2026-03-22T21:10:07.745-306470-314489,461,false,30.774600582124464,2,882.9188794374278,1.0,1.0
2026-03-22T21:10:07.745-306470-314489,281,false,0.2556606223992947,2,882.9188794374278,1.0,1.0
2026-03-22T21:10:07.745-306470-314489,236,true,0.467543936738564,2,882.4513355006892,1.0,0.0
2026-03-22T21:10:07.745-306470-314489,175,false,22.63632166353267,2,882.4513355006892,1.0,1.0
2026-03-22T21:10:07.745-306470-314489,672,false,0.17579732846357368,2,882.4513355006892,1.0,1.0
2026-03-22T21:10:07.745-306470-314489,438,false,23.08407624490266,2,882.4513355006892,1.0,1.0
2026-03-22T21:10:07.745-306470-314489,322,false,0.8045080263637386,2,882.4513355006892,1.0,1.0
2026-03-22T21:10:07.745-306470-314489,630,false,0.13539340587402596,2,882.4513355006892,1.0,1.0
2026-03-22T21:10:07.745-306470-314489,812,false,17.6514482091894,2,882.4513355006892,1.0,1.0
2026-03-22T21:10:07.745-306470-314489,645,false,6.220449949419782,2,882.4513355006892,1.0,1.0
2026-03-22T21:10:07.745-306470-314489,498,false,0.39897788561502173,2,882.4513355006892,1.0,1.0
2026-03-22T21:10:07.745-306470-314489,103,false,1.969947385342843,2,882.4513355006892,1.0,1.0
2026-03-22T21:10:07.745-306470-314489,419,false,2.3994749144695358,2,882.4513355006892,1.0,1.0
2026-03-22T21:10:07.745-306470-314489,181,false,1.1898288323962585,2,882.4513355006892,1.0,1.0
2026-03-22T21:10:07.745-306470-314489,479,false,0.19130410638430131,2,882.4513355006892,1.0,1.0
2026-03-22T21:10:07.745-306470-314489,254,false,2.134640903563689,2,882.4513355006892,1.0,1.0
2026-03-22T21:10:07.745-306470-314489,668,false,4.267785776539625,2,882.4513355006892,1.0,1.0
2026-03-22T21:10:07.745-306470-314489,258,false,14.854061013060308,2,882.4513355006892,1.0,1.0
2026-03-22T21:10:07.745-306470-314489,459,false,1.6465091872067001,2,882.4513355006892,1.0,1.0
2026-03-22T21:10:07.745-306470-314489,934,false,0.18189028996951465,2,882.4513355006892,1.0,1.0
2026-03-22T21:10:07.745-306470-314489,514,false,1.9506934811605745,2,882.4513355006892,1.0,1.0
2026-03-22T21:10:07.745-306470-314489,262,false,0.23324723032993494,2,882.4513355006892,1.0,1.0
2026-03-22T21:10:07.745-306470-314489,717,false,0.17889547384518759,2,882.4513355006892,1.0,1.0
2026-03-22T21:10:07.745-306470-314489,919,true,1.1224616398929435,2,881.3288738607963,1.0,0.0
2026-03-22T21:10:07.745-306470-314489,409,false,1.3471430865061305,2,881.3288738607963,1.0,1.0
2026-03-22T21:10:07.745-306470-314489,849,false,9.272311215561135,2,881.3288738607963,1.0,1.0
2026-03-22T21:10:07.745-306470-314489,723,true,9.727883463524542,2,871.6009903972717,1.0,0.6819999999999999
2026-03-22T21:10:07.745-306470-314489,999,true,3.425707161192764,2,868.1752832360789,1.0,0.704
2026-03-22T21:10:07.745-306470-314489,802,false,15.903468560272104,2,868.1752832360789,1.0,1.0
2026-03-22T21:10:07.745-306470-314489,790,false,11.234591852310679,2,868.1752832360789,1.0,1.0
2026-03-22T21:10:07.745-306470-314489,422,true,0.760514262982967,2,867.414768973096,1.0,0.999
2026-03-22T21:10:07.745-306470-314489,278,false,5.092311541007456,2,867.414768973096,1.0,1.0
2026-03-22T21:10:07.745-306470-314489,851,false,6.700801243819289,2,867.414768973096,1.0,1.0
2026-03-22T21:10:07.745-306470-314489,569,false,1.7126653477618026,2,867.414768973096,1.0,1.0
2026-03-22T21:10:07.745-306470-314489,374,false,6.303194466646583,2,867.414768973096,1.0,1.0
2026-03-22T21:10:07.745-306470-314489,288,false,1.2327722493919002,2,867.414768973096,1.0,1.0
2026-03-22T21:10:07.745-306470-314489,42,false,0.1316142715962861,2,867.414768973096,1.0,1.0
2026-03-22T21:10:07.745-306470-314489,618,false,14.281261895443118,2,867.414768973096,1.0,1.0
2026-03-22T21:10:07.745-306470-314489,251,false,0.7388383066086225,2,867.414768973096,1.0,1.0
2026-03-22T21:10:07.745-306470-314489,951,false,0.15429205470033946,2,867.414768973096,1.0,1.0
2026-03-22T21:10:07.745-306470-314489,145,false,0.9354604183039126,2,867.414768973096,1.0,1.0
2026-03-22T21:10:07.745-306470-314489,381,false,4.631914416549218,2,867.414768973096,1.0,1.0
2026-03-22T21:10:07.745-306470-314489,903,true,4.657769333748462,2,862.7569996393476,1.0,0.853
2026-03-22T21:10:07.745-306470-314489,290,false,0.8081924537522789,2,862.7569996393476,1.0,1.0
2026-03-22T21:10:07.745-306470-314489,606,false,14.345474578554846,2,862.7569996393476,1.0,1.0
2026-03-22T21:10:07.745-306470-314489,377,false,7.288170172607094,2,862.7569996393476,1.0,1.0
2026-03-22T21:10:07.745-306470-314489,512,false,0.8875292698935728,2,862.7569996393476,1.0,1.0
2026-03-22T21:10:07.745-306470-314489,457,false,5.081670120581521,2,862.7569996393476,1.0,1.0
2026-03-22T21:10:07.745-306470-314489,760,true,27.416805130659355,2,835.3401945086882,1.0,0.858
2026-03-22T21:10:07.745-306470-314489,494,false,22.755797026822446,2,835.3401945086882,1.0,1.0
2026-03-22T21:10:07.745-306470-314489,186,false,0.7664546987166238,2,835.3401945086882,1.0,1.0
2026-03-22T21:10:07.745-306470-314489,948,false,12.695537873810968,2,835.3401945086882,1.0,1.0
2026-03-22T21:10:07.745-306470-314489,53,false,21.59465767613492,2,835.3401945086882,1.0,1.0
2026-03-22T21:10:07.745-306470-314489,105,true,0.7399796413956219,2,834.6002148672926,1.0,0.854
2026-03-22T21:10:07.745-306470-314489,836,false,0.6653502793597419,2,834.6002148672926,1.0,1.0
2026-03-22T21:10:07.745-306470-314489,756,false,11.782319898525492,2,834.6002148672926,1.0,1.0
2026-03-22T21:10:07.745-306470-314489,857,false,9.532793179379055,2,834.6002148672926,1.0,1.0
2026-03-22T21:10:07.745-306470-314489,846,false,4.693403897077417,2,834.6002148672926,1.0,1.0
2026-03-22T21:10:07.745-306470-314489,982,false,221.78476836325953,2,834.6002148672926,1.0,1.0
2026-03-22T21:10:07.745-306470-314489,744,false,1.1424477872794117,2,834.6002148672926,1.0,1.0
2026-03-22T21:10:07.745-306470-314489,688,false,0.20622507655104916,2,834.6002148672926,1.0,1.0
2026-03-22T21:10:07.745-306470-314489,191,false,4.577386957734968,2,834.6002148672926,1.0,1.0
2026-03-22T21:10:07.745-306470-314489,326,false,2.259253872788954,2,834.6002148672926,1.0,1.0
2026-03-22T21:10:07.745-306470-314489,85,false,46.11494050697065,2,834.6002148672926,1.0,1.0
2026-03-22T21:10:07.745-306470-314489,257,false,0.12791814586934652,2,834.6002148672926,1.0,1.0
2026-03-22T21:10:07.745-306470-314489,711,false,13.269979292922441,2,834.6002148672926,1.0,1.0
2026-03-22T21:10:07.745-306470-314489,453,false,57.42644776592359,2,834.6002148672926,1.0,1.0
2026-03-22T21:10:07.745-306470-314489,720,true,53.59331736018206,2,781.0068975071106,1.0,0.6759999999999999
2026-03-22T21:10:07.745-306470-314489,135,false,20.186392412414893,2,781.0068975071106,1.0,1.0
2026-03-22T21:10:07.745-306470-314489,799,false,31.10985782103056,2,781.0068975071106,1.0,1.0
2026-03-22T21:10:07.745-306470-314489,242,true,31.955139352201353,2,749.0517581549092,1.0,0.679
2026-03-22T21:10:07.745-306470-314489,693,true,4.9469314010089205,2,744.1048267539003,1.0,0.0
2026-03-22T21:10:07.745-306470-314489,664,false,0.04050248273495601,2,744.1048267539003,1.0,1.0
2026-03-22T21:10:07.745-306470-314489,282,false,7.46294583037329,2,744.1048267539003,1.0,1.0
2026-03-22T21:10:07.745-306470-314489,212,false,17.9988619426128,2,744.1048267539003,1.0,1.0
2026-03-22T21:10:07.745-306470-314489,436,false,12.16261274452484,2,744.1048267539003,1.0,1.0
2026-03-22T21:10:07.745-306470-314489,490,false,8.792594602435985,2,744.1048267539003,1.0,1.0
2026-03-22T21:10:07.745-306470-314489,745,false,2.2091065621369523,2,744.1048267539003,1.0,1.0
2026-03-22T21:10:07.745-306470-314489,554,false,2.551086002831978,2,744.1048267539003,1.0,1.0
2026-03-22T21:10:07.745-306470-314489,252,false,230.64991828468118,2,744.1048267539003,1.0,1.0
2026-03-22T21:10:07.745-306470-314489,503,false,2.4883993676744356,2,744.1048267539003,1.0,1.0
2026-03-22T21:10:07.745-306470-314489,196,false,17.07845852510467,2,744.1048267539003,1.0,1.0
2026-03-22T21:10:07.745-306470-314489,91,false,1.2041213166494813,2,744.1048267539003,1.0,1.0
2026-03-22T21:10:07.745-306470-314489,616,false,0.8534796085752742,2,744.1048267539003,1.0,1.0
2026-03-22T21:10:07.745-306470-314489,867,true,0.22015592607064807,2,743.8846708278296,1.0,0.0
2026-03-22T21:10:07.745-306470-314489,549,false,3.940423103920218,2,743.8846708278296,1.0,1.0
2026-03-22T21:10:07.745-306470-314489,328,false,93.13718534472517,2,743.8846708278296,1.0,1.0
2026-03-22T21:10:07.745-306470-314489,996,true,5.77259410834463,2,738.112076719485,1.0,0.14800000000000002
2026-03-22T21:10:07.745-306470-314489,95,false,113.91716033429009,2,738.112076719485,1.0,1.0
2026-03-22T21:10:07.745-306470-314489,922,true,12.961370313864427,2,725.1507064056206,1.0,0.0
2026-03-22T21:10:07.745-306470-314489,229,false,9.035327179191954,2,725.1507064056206,1.0,1.0
2026-03-22T21:10:07.745-306470-314489,607,false,1.987776630043402,2,725.1507064056206,1.0,1.0
2026-03-22T21:10:07.745-306470-314489,19,true,1.2149918851718362,2,723.9357145204488,1.0,0.0
2026-03-22T21:10:07.745-306470-314489,592,false,2.3273183654178706,2,723.9357145204488,1.0,1.0
2026-03-22T21:10:07.745-306470-314489,472,false,2.1501620518842617,2,723.9357145204488,1.0,1.0
2026-03-22T21:10:07.745-306470-314489,828,false,0.39307623735580344,2,723.9357145204488,1.0,1.0
2026-03-22T21:10:07.745-306470-314489,63,false,0.41561360852634716,2,723.9357145204488,1.0,1.0
2026-03-22T21:10:07.745-306470-314489,218,false,2.8802176353290587,2,723.9357145204488,1.0,1.0
2026-03-22T21:10:07.745-306470-314489,513,false,41.63453543426569,2,723.9357145204488,1.0,1.0
2026-03-22T21:10:07.745-306470-314489,1,false,0.060853489437653875,2,723.9357145204488,1.0,1.0
2026-03-22T21:10:07.745-306470-314489,780,false,24.167225288451817,2,723.9357145204488,1.0,1.0
2026-03-22T21:10:07.745-306470-314489,220,false,1.8676665056081685,2,723.9357145204488,1.0,1.0
2026-03-22T21:10:07.745-306470-314489,604,false,1.4297200609105818,2,723.9357145204488,1.0,1.0
2026-03-22T21:10:07.745-306470-314489,219,false,0.43789551561015605,2,723.9357145204488,1.0,1.0
2026-03-22T21:10:07.745-306470-314489,886,true,9.073175818523632,2,714.8625387019251,1.0,0.706
2026-03-22T21:10:07.745-306470-314489,890,false,0.837679030208071,2,714.8625387019251,1.0,1.0
2026-03-22T21:10:07.745-306470-314489,434,false,29.324527484708423,2,714.8625387019251,1.0,1.0
2026-03-22T21:10:07.745-306470-314489,185,false,1.0547121104971822,2,714.8625387019251,1.0,1.0
2026-03-22T21:10:07.745-306470-314489,665,true,29.264896235904246,2,685.597642466021,1.0,0.694
2026-03-22T21:10:07.745-306470-314489,489,false,4.751605922822709,2,685.597642466021,1.0,1.0
2026-03-22T21:10:07.745-306470-314489,847,false,0.1285905610397327,2,685.597642466021,1.0,1.0
2026-03-22T21:10:07.745-306470-314489,636,false,0.09469994089354804,2,685.597642466021,1.0,1.0
2026-03-22T21:10:07.745-306470-314489,800,false,0.11201984645373907,2,685.597642466021,1.0,1.0
2026-03-22T21:10:07.745-306470-314489,31,true,9.998911671798492,2,675.5987307942224,1.0,0.848
2026-03-22T21:10:07.745-306470-314489,778,false,2.4307051014661836,2,675.5987307942224,1.0,1.0
2026-03-22T21:10:07.745-306470-314489,697,true,1.3360739701188817,2,674.2626568241036,1.0,0.0
2026-03-22T21:10:07.745-306470-314489,23,true,60.095643371151986,2,614.1670134529517,1.0,0.8160000000000001
2026-03-22T21:10:07.745-306470-314489,741,false,26.2774884026094,2,614.1670134529517,1.0,1.0
2026-03-22T21:10:07.745-306470-314489,594,false,2.3526626412718157,2,614.1670134529517,1.0,1.0
2026-03-22T21:10:07.745-306470-314489,421,false,0.12008858538897693,2,614.1670134529517,1.0,1.0
2026-03-22T21:10:07.745-306470-314489,818,true,1.7602889133135582,2,612.4067245396382,1.0,0.852
2026-03-22T21:10:07.745-306470-314489,866,true,81.58036258906012,2,530.8263619505781,1.0,0.0
2026-03-22T21:10:07.745-306470-314489,160,false,0.04206598492700165,2,530.8263619505781,1.0,1.0
2026-03-22T21:10:07.745-306470-314489,27,false,1.6072882079227624,2,530.8263619505781,1.0,1.0
2026-03-22T21:10:07.745-306470-314489,844,true,15.421779695505716,2,515.4045822550723,1.0,0.999
2026-03-22T21:10:07.745-306470-314489,972,true,3.0572204296131535,2,512.3473618254592,1.0,0.0
2026-03-22T21:10:07.745-306470-314489,904,true,31.8280786340371,2,480.51928319142206,1.0,0.0
2026-03-22T21:10:07.745-306470-314489,579,false,1.8953827604500444,2,480.51928319142206,1.0,1.0
2026-03-22T21:10:07.745-306470-314489,372,false,0.1312123751485949,2,480.51928319142206,1.0,1.0
2026-03-22T21:10:07.745-306470-314489,937,false,3.5423542302853965,2,480.51928319142206,1.0,1.0
2026-03-22T21:10:07.745-306470-314489,449,false,3.065291019820431,2,480.51928319142206,1.0,1.0
2026-03-22T21:10:07.745-306470-314489,485,false,0.5229426769868152,2,480.51928319142206,1.0,1.0
2026-03-22T21:10:07.745-306470-314489,87,false,0.153078302410799,2,480.51928319142206,1.0,1.0
2026-03-22T21:10:07.745-306470-314489,541,false,997.4648777948793,2,480.51928319142206,1.0,1.0
2026-03-22T21:10:07.745-306470-314489,939,false,4.332690066116355,2,480.51928319142206,1.0,1.0
2026-03-22T21:10:07.745-306470-314489,293,false,0.029574496940839013,2,480.51928319142206,1.0,1.0
2026-03-22T21:10:07.745-306470-314489,532,true,0.2636828702720477,2,480.25560032115004,1.0,0.136
2026-03-22T21:10:07.745-306470-314489,232,true,2.984225027709407,2,477.27137529344066,1.0,0.704
2026-03-22T21:10:07.745-306470-314489,819,true,17.378061756591084,2,459.8933135368496,1.0,0.6859999999999999
2026-03-22T21:10:07.745-306470-314489,495,false,6.666477065171741,2,459.8933135368496,1.0,1.0
2026-03-22T21:10:07.745-306470-314489,628,false,2.294343606052729,2,459.8933135368496,1.0,1.0
2026-03-22T21:10:07.745-306470-314489,81,false,3.6083161831112225,2,459.8933135368496,1.0,1.0
2026-03-22T21:10:07.745-306470-314489,885,true,0.6516343065686077,2,459.24167923028097,1.0,0.0020000000000000018
2026-03-22T21:10:07.745-306470-314489,835,false,0.7635874970834806,2,459.24167923028097,1.0,1.0
2026-03-22T21:10:07.745-306470-314489,669,false,6.3860327076677965,2,459.24167923028097,1.0,1.0
2026-03-22T21:10:07.745-306470-314489,926,true,19.948291597759432,2,439.29338763252156,1.0,0.128
2026-03-22T21:10:07.745-306470-314489,649,true,7.751932969075615,2,431.54145466344596,1.0,0.733
2026-03-22T21:10:07.745-306470-314489,59,false,0.3093909613051489,2,431.54145466344596,1.0,1.0
2026-03-22T21:10:07.745-306470-314489,26,false,0.026831666797777712,2,431.54145466344596,1.0,1.0
2026-03-22T21:10:07.745-306470-314489,89,false,27.771071568774744,2,431.54145466344596,1.0,1.0
2026-03-22T21:10:07.745-306470-314489,249,false,31.596927166440093,2,431.54145466344596,1.0,1.0
2026-03-22T21:10:07.745-306470-314489,864,true,4.141869614458755,2,427.3995850489872,1.0,0.0
2026-03-22T21:10:07.745-306470-314489,774,false,1.1305009893675895,2,427.3995850489872,1.0,1.0
2026-03-22T21:10:07.745-306470-314489,161,false,2.48590681174818,2,427.3995850489872,1.0,1.0
2026-03-22T21:10:07.745-306470-314489,637,false,0.5172110881001936,2,427.3995850489872,1.0,1.0
2026-03-22T21:10:07.745-306470-314489,187,true,0.4987077499100146,2,426.9008772990772,1.0,0.926
2026-03-22T21:10:07.745-306470-314489,565,true,2.6386581625048846,2,424.2622191365723,1.0,0.0
2026-03-22T21:10:07.745-306470-314489,660,false,0.028028045865002887,2,424.2622191365723,1.0,1.0
2026-03-22T21:10:07.745-306470-314489,687,true,247.956147042013,2,176.3060720945593,1.0,0.7989999999999999
2026-03-22T21:10:07.745-306470-314489,62,false,0.1864472605664568,2,176.3060720945593,1.0,1.0
2026-03-22T21:10:07.745-306470-314489,975,true,15.56868815511087,2,160.73738393944845,1.0,0.702
2026-03-22T21:10:07.745-306470-314489,505,false,0.7111878775006484,2,160.73738393944845,1.0,1.0
2026-03-22T21:10:07.745-306470-314489,891,false,5.7127060065298085,2,160.73738393944845,1.0,1.0
2026-03-22T21:10:07.745-306470-314489,992,false,22.15047505680968,2,160.73738393944845,1.0,1.0
2026-03-22T21:10:07.745-306470-314489,501,false,13.133915051297981,2,160.73738393944845,1.0,1.0
2026-03-22T21:10:07.745-306470-314489,312,false,14.287608619976421,2,160.73738393944845,1.0,1.0
2026-03-22T21:10:07.745-306470-314489,333,true,68.01633407807812,2,92.72104986137033,1.0,0.673
2026-03-22T21:10:07.745-306470-314489,431,false,9.636878688320458,2,92.72104986137033,1.0,1.0
2026-03-22T21:10:07.745-306470-314489,889,true,10.745879665704397,2,81.97517019566594,1.0,0.9
2026-03-22T21:10:07.745-306470-314489,535,true,2.061778957309091,2,79.91339123835685,1.0,0.0010000000000000009
2026-03-22T21:10:07.745-306470-314489,794,false,4.82273189504983,2,79.91339123835685,1.0,1.0
2026-03-22T21:10:07.745-306470-314489,184,true,3.2343654946525193,2,76.67902574370433,1.0,0.7050000000000001
2026-03-22T21:10:07.745-306470-314489,320,false,10.234455608956917,2,76.67902574370433,1.0,1.0
2026-03-22T21:10:07.745-306470-314489,767,false,12.108321789353884,2,76.67902574370433,1.0,1.0
2026-03-22T21:10:07.745-306470-314489,793,false,6.76797976007192,2,76.67902574370433,1.0,1.0
2026-03-22T21:10:07.745-306470-314489,791,false,10.59352826055162,2,76.67902574370433,1.0,1.0
2026-03-22T21:10:07.745-306470-314489,383,true,0.7129867277076896,2,75.96603901599664,1.0,0.842
2026-03-22T21:10:07.745-306470-314489,753,false,0.11391520726364249,2,75.96603901599664,1.0,1.0
2026-03-22T21:10:07.745-306470-314489,225,false,0.4016843240496364,2,75.96603901599664,1.0,1.0
2026-03-22T21:10:07.745-306470-314489,499,false,9.072092131826626,2,75.96603901599664,1.0,1.0
2026-03-22T21:10:07.745-306470-314489,848,true,108.20114534832037,2,-32.235106332323724,1.0,0.789
2026-03-22T21:10:07.745-868789-771081,340,false,12.076268695503838,1,4802.656103747185,1.0,1.0
2026-03-22T21:10:07.745-868789-771081,746,false,5.764063241914156,1,4802.656103747185,1.0,1.0
2026-03-22T21:10:07.745-868789-771081,865,false,1.639036449518693,1,4802.656103747185,1.0,1.0
2026-03-22T21:10:07.745-868789-771081,197,false,1.798312416303756,1,4802.656103747185,1.0,1.0
2026-03-22T21:10:07.745-868789-771081,945,true,8.241401509554418,1,4794.41470223763,1.0,0.653
2026-03-22T21:10:07.745-868789-771081,596,false,20.977238394094517,1,4794.41470223763,1.0,1.0
2026-03-22T21:10:07.745-868789-771081,719,true,2.6223187207314935,1,4791.792383516899,1.0,0.999
2026-03-22T21:10:07.745-868789-771081,292,true,1.8811329195459243,1,4789.911250597353,1.0,0.832
2026-03-22T21:10:07.745-868789-771081,339,false,82.30937929560402,1,4789.911250597353,1.0,1.0
2026-03-22T21:10:07.745-868789-771081,363,false,1.7719629965192745,1,4789.911250597353,1.0,1.0
2026-03-22T21:10:07.745-868789-771081,721,true,1.4637667509563395,1,4788.447483846397,1.0,0.776
2026-03-22T21:10:07.745-868789-771081,571,false,17.868303514076892,1,4788.447483846397,1.0,1.0
2026-03-22T21:10:07.745-868789-771081,612,false,0.6243065502522082,1,4788.447483846397,1.0,1.0
2026-03-22T21:10:07.745-868789-771081,677,true,4.820129768823654,1,4783.627354077573,1.0,0.999
2026-03-22T21:10:07.745-868789-771081,181,true,138.5556617645493,1,4645.071692313024,1.0,0.999
2026-03-22T21:10:07.745-868789-771081,8,false,5.114860721136675,1,4645.071692313024,1.0,1.0
2026-03-22T21:10:07.745-868789-771081,739,false,16.376792167824867,1,4645.071692313024,1.0,1.0
2026-03-22T21:10:07.745-868789-771081,743,false,29.704782119515414,1,4645.071692313024,1.0,1.0
2026-03-22T21:10:07.745-868789-771081,903,true,70.64025548229527,1,4574.431436830729,1.0,0.999
2026-03-22T21:10:07.745-868789-771081,252,false,1.4564658533408221,1,4574.431436830729,1.0,1.0
2026-03-22T21:10:07.745-868789-771081,536,true,2.202947113703427,1,4572.228489717026,1.0,0.734
2026-03-22T21:10:07.745-868789-771081,614,false,4.197232548181731,1,4572.228489717026,1.0,1.0
2026-03-22T21:10:07.745-868789-771081,81,false,0.7893488528754514,1,4572.228489717026,1.0,1.0
2026-03-22T21:10:07.745-868789-771081,498,true,0.46066344371261353,1,4571.767826273313,1.0,0.613
2026-03-22T21:10:07.745-868789-771081,961,false,3.487008202997226,1,4571.767826273313,1.0,1.0
2026-03-22T21:10:07.745-868789-771081,623,false,0.15658964104478867,1,4571.767826273313,1.0,1.0
2026-03-22T21:10:07.745-868789-771081,541,true,31.842060261397297,1,4539.9257660119165,1.0,0.621
2026-03-22T21:10:07.745-868789-771081,885,true,4.723227430913452,1,4535.202538581003,1.0,0.999
2026-03-22T21:10:07.745-868789-771081,151,true,0.3682218941025752,1,4534.834316686901,1.0,0.999
2026-03-22T21:10:07.745-868789-771081,170,false,0.26424768623372125,1,4534.834316686901,1.0,1.0
2026-03-22T21:10:07.745-868789-771081,583,false,1.024045548648826,1,4534.834316686901,1.0,1.0
2026-03-22T21:10:07.745-868789-771081,912,false,5.437261311005911,1,4534.834316686901,1.0,1.0
2026-03-22T21:10:07.745-868789-771081,109,false,0.8167836066636535,1,4534.834316686901,1.0,1.0
2026-03-22T21:10:07.745-868789-771081,577,false,9.286577289591774,1,4534.834316686901,1.0,1.0
2026-03-22T21:10:07.745-868789-771081,287,false,3.50599847301833,1,4534.834316686901,1.0,1.0
2026-03-22T21:10:07.745-868789-771081,205,false,2.105796048560072,1,4534.834316686901,1.0,1.0
2026-03-22T21:10:07.745-868789-771081,985,false,5.595118954845472,1,4534.834316686901,1.0,1.0
2026-03-22T21:10:07.745-868789-771081,854,false,10.979269560946156,1,4534.834316686901,1.0,1.0
2026-03-22T21:10:07.745-868789-771081,265,false,0.0989871212304504,1,4534.834316686901,1.0,1.0
2026-03-22T21:10:07.745-868789-771081,818,false,0.3378571020356188,1,4534.834316686901,1.0,1.0
2026-03-22T21:10:07.745-868789-771081,802,false,1.897530529521636,1,4534.834316686901,1.0,1.0
2026-03-22T21:10:07.745-868789-771081,440,false,0.4183258811865488,1,4534.834316686901,1.0,1.0
2026-03-22T21:10:07.745-868789-771081,362,false,198.1787613547011,1,4534.834316686901,1.0,1.0
2026-03-22T21:10:07.745-868789-771081,107,true,8.824970701639456,1,4526.0093459852615,1.0,0.999
2026-03-22T21:10:07.745-868789-771081,970,false,0.05155917711925669,1,4526.0093459852615,1.0,1.0
2026-03-22T21:10:07.745-868789-771081,377,false,2.2520293371922957,1,4526.0093459852615,1.0,1.0
2026-03-22T21:10:07.745-868789-771081,733,false,0.25410232138853434,1,4526.0093459852615,1.0,1.0
2026-03-22T21:10:07.745-868789-771081,394,false,1.3998635362626142,1,4526.0093459852615,1.0,1.0
2026-03-22T21:10:07.745-868789-771081,168,false,5.749496312547183,1,4526.0093459852615,1.0,1.0
2026-03-22T21:10:07.745-868789-771081,492,true,66.32233021554963,1,4459.687015769712,1.0,0.999
2026-03-22T21:10:07.745-868789-771081,846,false,0.1912326036776563,1,4459.687015769712,1.0,1.0
2026-03-22T21:10:07.745-868789-771081,951,true,4.728762371118138,1,4454.958253398594,1.0,0.6619999999999999
2026-03-22T21:10:07.745-868789-771081,729,false,27.651493511150708,1,4454.958253398594,1.0,1.0
2026-03-22T21:10:07.745-868789-771081,532,false,372.67852634065855,1,4454.958253398594,1.0,1.0
2026-03-22T21:10:07.745-868789-771081,884,true,9.102304515842654,1,4445.855948882751,1.0,0.652
2026-03-22T21:10:07.745-868789-771081,732,false,0.12518640402282638,1,4445.855948882751,1.0,1.0
2026-03-22T21:10:07.745-868789-771081,212,false,1.611886875685383,1,4445.855948882751,1.0,1.0
2026-03-22T21:10:07.745-868789-771081,723,true,0.7757705329946588,1,4445.080178349756,1.0,0.0030000000000000027
2026-03-22T21:10:07.745-868789-771081,35,true,0.2283367210793087,1,4444.851841628677,1.0,0.772
2026-03-22T21:10:07.745-868789-771081,193,false,0.18233773699601163,1,4444.851841628677,1.0,1.0
2026-03-22T21:10:07.745-868789-771081,16,true,5.875487419680374,1,4438.976354208997,1.0,0.642
2026-03-22T21:10:07.745-868789-771081,13,true,0.34645689319448925,1,4438.629897315803,1.0,0.776
2026-03-22T21:10:07.745-868789-771081,720,false,0.051774319564347054,1,4438.629897315803,1.0,1.0
2026-03-22T21:10:07.745-868789-771081,952,false,0.12660747179992973,1,4438.629897315803,1.0,1.0
2026-03-22T21:10:07.745-868789-771081,502,false,8.475631862508795,1,4438.629897315803,1.0,1.0
2026-03-22T21:10:07.745-868789-771081,238,false,0.5626545554631757,1,4438.629897315803,1.0,1.0
2026-03-22T21:10:07.745-868789-771081,611,false,155.77176307591245,1,4438.629897315803,1.0,1.0
2026-03-22T21:10:07.745-868789-771081,93,false,1.646810756960217,1,4438.629897315803,1.0,1.0
2026-03-22T21:10:07.745-868789-771081,687,false,0.21404531071650754,1,4438.629897315803,1.0,1.0
2026-03-22T21:10:07.745-868789-771081,402,false,1.3280724513931286,1,4438.629897315803,1.0,1.0
2026-03-22T21:10:07.745-868789-771081,696,false,0.26079750721600076,1,4438.629897315803,1.0,1.0
2026-03-22T21:10:07.745-868789-771081,775,false,0.2287312748512533,1,4438.629897315803,1.0,1.0
2026-03-22T21:10:07.745-868789-771081,207,false,5.037065526582622,1,4438.629897315803,1.0,1.0
2026-03-22T21:10:07.745-868789-771081,269,false,22.300226721766716,1,4438.629897315803,1.0,1.0
2026-03-22T21:10:07.745-868789-771081,23,false,3.313131104695273,1,4438.629897315803,1.0,1.0
2026-03-22T21:10:07.745-868789-771081,567,false,1.6174828591812278,1,4438.629897315803,1.0,1.0
2026-03-22T21:10:07.745-868789-771081,974,false,42.35876721978124,1,4438.629897315803,1.0,1.0
2026-03-22T21:10:07.745-868789-771081,321,false,0.5407502643150848,1,4438.629897315803,1.0,1.0
2026-03-22T21:10:07.745-868789-771081,844,true,22.166493285767167,1,4416.463404030035,1.0,0.06699999999999995
2026-03-22T21:10:07.745-868789-771081,300,false,4.995886522995104,1,4416.463404030035,1.0,1.0
2026-03-22T21:10:07.745-868789-771081,700,false,0.021502843303113205,1,4416.463404030035,1.0,1.0
2026-03-22T21:10:07.745-868789-771081,277,false,19.775042053434056,1,4416.463404030035,1.0,1.0
2026-03-22T21:10:07.745-868789-771081,211,false,2.3306672250701204,1,4416.463404030035,1.0,1.0
2026-03-22T21:10:07.745-868789-771081,434,false,28.50521091497917,1,4416.463404030035,1.0,1.0
2026-03-22T21:10:07.745-868789-771081,369,false,20.54636279196812,1,4416.463404030035,1.0,1.0
2026-03-22T21:10:07.745-868789-771081,793,false,166.60936103793094,1,4416.463404030035,1.0,1.0
2026-03-22T21:10:07.745-868789-771081,891,false,1.7494552034011785,1,4416.463404030035,1.0,1.0
2026-03-22T21:10:07.745-868789-771081,154,true,6.584906848457262,1,4409.878497181578,1.0,0.788
2026-03-22T21:10:07.745-868789-771081,647,false,2.174561980074722,1,4409.878497181578,1.0,1.0
2026-03-22T21:10:07.745-868789-771081,234,false,16.461212379892228,1,4409.878497181578,1.0,1.0
2026-03-22T21:10:07.745-868789-771081,276,false,0.4642344147952193,1,4409.878497181578,1.0,1.0
2026-03-22T21:10:07.745-868789-771081,738,false,32.93301596437199,1,4409.878497181578,1.0,1.0
2026-03-22T21:10:07.745-868789-771081,944,false,0.05847591848641604,1,4409.878497181578,1.0,1.0
2026-03-22T21:10:07.745-868789-771081,52,false,0.4724765513490041,1,4409.878497181578,1.0,1.0
2026-03-22T21:10:07.745-868789-771081,801,false,0.09179901344436223,1,4409.878497181578,1.0,1.0
2026-03-22T21:10:07.745-868789-771081,465,false,37.31703418656499,1,4409.878497181578,1.0,1.0
2026-03-22T21:10:07.745-868789-771081,506,false,1.3409740406180988,1,4409.878497181578,1.0,1.0
2026-03-22T21:10:07.745-868789-771081,410,true,0.42206485649075093,1,4409.456432325087,1.0,0.999
2026-03-22T21:10:07.745-868789-771081,58,false,0.08356033775230243,1,4409.456432325087,1.0,1.0
2026-03-22T21:10:07.745-868789-771081,476,false,179.1685164719812,1,4409.456432325087,1.0,1.0
2026-03-22T21:10:07.745-868789-771081,713,false,0.15058383424712443,1,4409.456432325087,1.0,1.0
2026-03-22T21:10:07.745-868789-771081,142,false,13.132895610050003,1,4409.456432325087,1.0,1.0
2026-03-22T21:10:07.745-868789-771081,353,false,1.546861991390297,1,4409.456432325087,1.0,1.0
2026-03-22T21:10:07.745-868789-771081,564,false,14.174142130024306,1,4409.456432325087,1.0,1.0
2026-03-22T21:10:07.745-868789-771081,762,false,11.005080606857149,1,4409.456432325087,1.0,1.0
2026-03-22T21:10:07.745-868789-771081,38,true,33.6286399156862,1,4375.827792409401,1.0,0.852
2026-03-22T21:10:07.745-868789-771081,797,true,37.3141074834073,1,4338.513684925993,1.0,0.999
2026-03-22T21:10:07.745-868789-771081,900,true,3.182795388233986,1,4335.3308895377595,1.0,0.649
2026-03-22T21:10:07.745-868789-771081,274,false,0.38035070927100384,1,4335.3308895377595,1.0,1.0
2026-03-22T21:10:07.745-868789-771081,281,false,0.8589221966229373,1,4335.3308895377595,1.0,1.0
2026-03-22T21:10:07.745-868789-771081,872,false,2.569370397632476,1,4335.3308895377595,1.0,1.0
2026-03-22T21:10:07.745-868789-771081,400,false,1.0581267598442112,1,4335.3308895377595,1.0,1.0
2026-03-22T21:10:07.745-868789-771081,341,false,6.9920600179118075,1,4335.3308895377595,1.0,1.0
2026-03-22T21:10:07.745-868789-771081,445,false,5.243542821327902,1,4335.3308895377595,1.0,1.0
2026-03-22T21:10:07.745-868789-771081,490,true,1.208365311924255,1,4334.122524225835,1.0,0.758
2026-03-22T21:10:07.745-868789-771081,420,false,0.1070657942674095,1,4334.122524225835,1.0,1.0
2026-03-22T21:10:07.745-868789-771081,204,false,0.5908474461462349,1,4334.122524225835,1.0,1.0
2026-03-22T21:10:07.745-868789-771081,630,false,0.28184475248655083,1,4334.122524225835,1.0,1.0
2026-03-22T21:10:07.745-868789-771081,425,true,40.06608678903886,1,4294.056437436796,1.0,0.999
2026-03-22T21:10:07.745-868789-771081,419,false,0.15777623062541116,1,4294.056437436796,1.0,1.0
2026-03-22T21:10:07.745-868789-771081,861,false,4.9322145385070755,1,4294.056437436796,1.0,1.0
2026-03-22T21:10:07.745-868789-771081,224,false,6.464108311106181,1,4294.056437436796,1.0,1.0
2026-03-22T21:10:07.745-868789-771081,754,false,0.7034882540288661,1,4294.056437436796,1.0,1.0
2026-03-22T21:10:07.745-868789-771081,504,false,17.684013427177394,1,4294.056437436796,1.0,1.0
2026-03-22T21:10:07.745-868789-771081,975,false,0.19808971862249616,1,4294.056437436796,1.0,1.0
2026-03-22T21:10:07.745-868789-771081,917,false,12.255975252144788,1,4294.056437436796,1.0,1.0
2026-03-22T21:10:07.745-868789-771081,478,false,1.2854493122968578,1,4294.056437436796,1.0,1.0
2026-03-22T21:10:07.745-868789-771081,350,false,38.633612164121296,1,4294.056437436796,1.0,1.0
2026-03-22T21:10:07.745-868789-771081,916,false,0.4860025129582401,1,4294.056437436796,1.0,1.0
2026-03-22T21:10:07.745-868789-771081,716,true,4.485858936152885,1,4289.570578500643,1.0,0.619
2026-03-22T21:10:07.745-868789-771081,306,false,112.78973912313265,1,4289.570578500643,1.0,1.0
2026-03-22T21:10:07.745-868789-771081,681,false,2.3632774209107543,1,4289.570578500643,1.0,1.0
2026-03-22T21:10:07.745-868789-771081,542,true,52.41693258197858,1,4237.153645918665,1.0,0.649
2026-03-22T21:10:07.745-868789-771081,214,true,2.3079279496749288,1,4234.845717968989,1.0,0.999
2026-03-22T21:10:07.745-868789-771081,881,true,0.22636997331488443,1,4234.619347995675,1.0,0.782
2026-03-22T21:10:07.745-868789-771081,423,true,10.997551915926776,1,4223.621796079748,1.0,0.6679999999999999
2026-03-22T21:10:07.745-868789-771081,896,true,1.10005465548397,1,4222.521741424263,1.0,0.999
2026-03-22T21:10:07.745-868789-771081,105,true,0.35378622359313394,1,4222.16795520067,1.0,0.786
2026-03-22T21:10:07.745-868789-771081,311,false,2.24689636199604,1,4222.16795520067,1.0,1.0
2026-03-22T21:10:07.745-868789-771081,683,false,0.04672682296204168,1,4222.16795520067,1.0,1.0
2026-03-22T21:10:07.745-868789-771081,50,false,107.94698865914108,1,4222.16795520067,1.0,1.0
2026-03-22T21:10:07.745-868789-771081,863,false,5.9497225230295285,1,4222.16795520067,1.0,1.0
2026-03-22T21:10:07.745-868789-771081,927,false,5.701874608953837,1,4222.16795520067,1.0,1.0
2026-03-22T21:10:07.745-868789-771081,280,false,0.6430044815951492,1,4222.16795520067,1.0,1.0
2026-03-22T21:10:07.745-868789-771081,589,true,70.12932175581392,1,4152.038633444856,1.0,0.999
2026-03-22T21:10:07.745-868789-771081,165,false,43.23650981731821,1,4152.038633444856,1.0,1.0
2026-03-22T21:10:07.745-868789-771081,549,false,3.812042012951503,1,4152.038633444856,1.0,1.0
2026-03-22T21:10:07.745-868789-771081,692,false,49.1133518867347,1,4152.038633444856,1.0,1.0
2026-03-22T21:10:07.745-868789-771081,792,false,0.799789141947074,1,4152.038633444856,1.0,1.0
2026-03-22T21:10:07.745-868789-771081,956,true,3.8911246053531636,1,4148.147508839503,1.0,0.999
2026-03-22T21:10:07.745-868789-771081,878,true,2.975812296361968,1,4145.171696543141,1.0,0.647
2026-03-22T21:10:07.745-868789-771081,533,true,1.2537623083195129,1,4143.917934234821,1.0,0.78
2026-03-22T21:10:07.745-868789-771081,626,false,0.020360909148248577,1,4143.917934234821,1.0,1.0
2026-03-22T21:10:07.745-868789-771081,859,false,1.5015146317149897,1,4143.917934234821,1.0,1.0
2026-03-22T21:10:07.745-868789-771081,454,false,1.3939330115876316,1,4143.917934234821,1.0,1.0
2026-03-22T21:10:07.745-868789-771081,667,false,4.131089360020147,1,4143.917934234821,1.0,1.0
2026-03-22T21:10:07.745-868789-771081,718,true,345.00152626867293,1,3798.9164079661477,1.0,0.0
2026-03-22T21:10:07.745-868789-771081,902,true,12.609264553584307,1,3786.3071434125636,1.0,0.01200000000000001
2026-03-22T21:10:07.745-868789-771081,32,true,10.548669987680475,1,3775.758473424883,1.0,0.016000000000000014
2026-03-22T21:10:07.745-868789-771081,194,false,4.033988685109071,1,3775.758473424883,1.0,1.0
2026-03-22T21:10:07.745-868789-771081,942,true,0.48183876552132276,1,3775.2766346593617,1.0,0.6839999999999999
2026-03-22T21:10:07.745-868789-771081,2,true,84.23203298753936,1,3691.0446016718224,1.0,0.999
2026-03-22T21:10:07.745-868789-771081,766,false,0.502216628230875,1,3691.0446016718224,1.0,1.0
2026-03-22T21:10:07.745-868789-771081,439,false,4.154743745466927,1,3691.0446016718224,1.0,1.0
2026-03-22T21:10:07.745-868789-771081,307,false,3.035101211602135,1,3691.0446016718224,1.0,1.0
2026-03-22T21:10:07.745-868789-771081,515,false,0.8253313438961547,1,3691.0446016718224,1.0,1.0
2026-03-22T21:10:07.745-868789-771081,703,true,8.660144566120522,1,3682.384457105702,1.0,0.999
2026-03-22T21:10:07.745-868789-771081,898,true,15.847215554244555,1,3666.5372415514576,1.0,0.01200000000000001
2026-03-22T21:10:07.745-868789-771081,627,false,0.7292674042785972,1,3666.5372415514576,1.0,1.0
2026-03-22T21:10:07.745-868789-771081,365,false,60.44123019709658,1,3666.5372415514576,1.0,1.0
2026-03-22T21:10:07.745-868789-771081,392,false,6.487046207430406,1,3666.5372415514576,1.0,1.0
2026-03-22T21:10:07.745-868789-771081,963,false,42.25923696991904,1,3666.5372415514576,1.0,1.0
2026-03-22T21:10:07.745-868789-771081,769,false,64.43857135456909,1,3666.5372415514576,1.0,1.0
2026-03-22T21:10:07.745-868789-771081,14,true,7.076730200499357,1,3659.4605113509583,1.0,0.0
2026-03-22T21:10:07.745-868789-771081,82,false,8.704083694283003,1,3659.4605113509583,1.0,1.0
2026-03-22T21:10:07.745-868789-771081,227,false,1.2061339003712792,1,3659.4605113509583,1.0,1.0
2026-03-22T21:10:07.745-868789-771081,909,false,14.4807847948029,1,3659.4605113509583,1.0,1.0
2026-03-22T21:10:07.745-868789-771081,19,true,20.157415359910868,1,3639.3030959910475,1.0,0.018000000000000016
2026-03-22T21:10:07.745-868789-771081,528,false,15.234966306604857,1,3639.3030959910475,1.0,1.0
2026-03-22T21:10:07.745-868789-771081,368,true,3.2292111866489686,1,3636.0738848043984,1.0,0.999
2026-03-22T21:10:07.745-868789-771081,460,false,1.850233763276554,1,3636.0738848043984,1.0,1.0
2026-03-22T21:10:07.745-868789-771081,39,true,0.31984309016995105,1,3635.7540417142286,1.0,0.665
2026-03-22T21:10:07.745-868789-771081,688,false,4.431237320906731,1,3635.7540417142286,1.0,1.0
2026-03-22T21:10:07.745-868789-771081,137,false,22.927737097263705,1,3635.7540417142286,1.0,1.0
2026-03-22T21:10:07.745-868789-771081,99,false,0.2626459158876699,1,3635.7540417142286,1.0,1.0
2026-03-22T21:10:07.745-868789-771081,296,true,2.5129659253686922,1,3633.2410757888597,1.0,0.667
2026-03-22T21:10:07.745-868789-771081,432,true,4.168729798486223,1,3629.0723459903734,1.0,0.999
2026-03-22T21:10:07.745-868789-771081,516,false,3.805447654264024,1,3629.0723459903734,1.0,1.0
2026-03-22T21:10:07.745-868789-771081,199,false,3.7058577856247252,1,3629.0723459903734,1.0,1.0
2026-03-22T21:10:07.745-868789-771081,387,false,1.4993171531830265,1,3629.0723459903734,1.0,1.0
2026-03-22T21:10:07.745-868789-771081,635,false,0.6705469423005592,1,3629.0723459903734,1.0,1.0
2026-03-22T21:10:07.745-868789-771081,668,true,24.71923356597801,1,3604.3531124243955,1.0,0.77
2026-03-22T21:10:07.745-868789-771081,484,false,3.1579274647909927,1,3604.3531124243955,1.0,1.0
2026-03-22T21:10:07.745-868789-771081,190,false,2.283285200224011,1,3604.3531124243955,1.0,1.0
2026-03-22T21:10:07.745-868789-771081,264,false,3.619396320510187,1,3604.3531124243955,1.0,1.0
2026-03-22T21:10:07.745-868789-771081,661,false,0.032820526732024596,1,3604.3531124243955,1.0,1.0
2026-03-22T21:10:07.745-868789-771081,431,true,0.9470190163448796,1,3603.4060934080508,1.0,0.665
2026-03-22T21:10:07.745-868789-771081,18,true,1.786155152462095,1,3601.6199382555887,1.0,0.0
2026-03-22T21:10:07.745-868789-771081,826,false,31.93830903317724,1,3601.6199382555887,1.0,1.0
2026-03-22T21:10:07.745-868789-771081,475,false,0.725743531273559,1,3601.6199382555887,1.0,1.0
2026-03-22T21:10:07.745-868789-771081,686,false,2.46351101329789,1,3601.6199382555887,1.0,1.0
2026-03-22T21:10:07.745-868789-771081,550,false,4.1772873604848355,1,3601.6199382555887,1.0,1.0
2026-03-22T21:10:07.745-868789-771081,459,true,0.7607974794351651,1,3600.8591407761537,1.0,0.865
2026-03-22T21:10:07.745-868789-771081,455,false,8.393646263304628,1,3600.8591407761537,1.0,1.0
2026-03-22T21:10:07.745-868789-771081,644,false,3.7745125603326257,1,3600.8591407761537,1.0,1.0
2026-03-22T21:10:07.745-868789-771081,401,false,11.941832781350469,1,3600.8591407761537,1.0,1.0
2026-03-22T21:10:07.745-868789-771081,103,true,9.978962348869215,1,3590.8801784272846,1.0,0.774
2026-03-22T21:10:07.745-868789-771081,59,false,0.7136142901824093,1,3590.8801784272846,1.0,1.0
2026-03-22T21:10:07.745-868789-771081,868,false,13.016924484125445,1,3590.8801784272846,1.0,1.0
2026-03-22T21:10:07.745-868789-771081,322,false,5.9489082592725815,1,3590.8801784272846,1.0,1.0
2026-03-22T21:10:07.745-868789-771081,862,false,9.06974654340573,1,3590.8801784272846,1.0,1.0
2026-03-22T21:10:07.745-868789-771081,1000,true,2.197990173330015,1,3588.682188253955,1.0,0.625
2026-03-22T21:10:07.745-868789-771081,835,false,0.06776713274225031,1,3588.682188253955,1.0,1.0
2026-03-22T21:10:07.745-868789-771081,894,true,124.94993128626176,1,3463.732256967693,1.0,0.619
2026-03-22T21:10:07.745-868789-771081,634,false,0.31687412559074757,1,3463.732256967693,1.0,1.0
2026-03-22T21:10:07.745-868789-771081,70,true,14.185799934041267,1,3449.5464570336517,1.0,0.788
2026-03-22T21:10:07.745-868789-771081,685,false,97.46607892607716,1,3449.5464570336517,1.0,1.0
2026-03-22T21:10:07.745-868789-771081,134,true,5.851042103548812,1,3443.6954149301027,1.0,0.998
2026-03-22T21:10:07.745-868789-771081,430,true,1.417321148905679,1,3442.278093781197,1.0,0.08799999999999997
2026-03-22T21:10:07.745-868789-771081,290,true,2.8056291915813394,1,3439.472464589616,1.0,0.652
2026-03-22T21:10:07.745-868789-771081,126,false,0.7108548973277805,1,3439.472464589616,1.0,1.0
2026-03-22T21:10:07.745-868789-771081,426,true,3.4392115401656347,1,3436.03325304945,1.0,0.010000000000000009
2026-03-22T21:10:07.745-868789-771081,615,false,0.7871136047039851,1,3436.03325304945,1.0,1.0
2026-03-22T21:10:07.745-868789-771081,989,false,26.73870145818123,1,3436.03325304945,1.0,1.0
2026-03-22T21:10:07.745-868789-771081,304,false,0.024104968560416218,1,3436.03325304945,1.0,1.0
2026-03-22T21:10:07.745-868789-771081,354,true,2.9619215293545977,1,3433.0713315200956,1.0,0.85
2026-03-22T21:10:07.745-868789-771081,833,false,55.11200956867909,1,3433.0713315200956,1.0,1.0
2026-03-22T21:10:07.745-868789-771081,390,true,14.039621179247003,1,3419.0317103408483,1.0,0.999
2026-03-22T21:10:07.745-868789-771081,810,true,1.6520593165332196,1,3417.379651024315,1.0,0.859
2026-03-22T21:10:07.745-868789-771081,471,false,0.5526788410430942,1,3417.379651024315,1.0,1.0
2026-03-22T21:10:07.745-868789-771081,312,false,5.628010603715868,1,3417.379651024315,1.0,1.0
2026-03-22T21:10:07.745-868789-771081,15,true,3.1471773512983106,1,3414.2324736730166,1.0,0.0
2026-03-22T21:10:07.745-868789-771081,731,false,1.6347485288107537,1,3414.2324736730166,1.0,1.0
2026-03-22T21:10:07.745-868789-771081,408,true,4.871454990609845,1,3409.3610186824067,1.0,0.6699999999999999
2026-03-22T21:10:07.745-868789-771081,335,false,4.333673892952778,1,3409.3610186824067,1.0,1.0
2026-03-22T21:10:07.745-868789-771081,122,false,1.7774181266473252,1,3409.3610186824067,1.0,1.0
2026-03-22T21:10:07.745-868789-771081,221,false,14.892470721165846,1,3409.3610186824067,1.0,1.0
2026-03-22T21:10:07.745-868789-771081,656,false,0.23163375103917155,1,3409.3610186824067,1.0,1.0
2026-03-22T21:10:07.745-868789-771081,715,true,8.362946488238407,1,3400.9980721941683,1.0,0.0030000000000000027
2026-03-22T21:10:07.745-868789-771081,517,false,0.0450209773449248,1,3400.9980721941683,1.0,1.0
2026-03-22T21:10:07.745-868789-771081,841,false,0.04876659225434431,1,3400.9980721941683,1.0,1.0
2026-03-22T21:10:07.745-868789-771081,808,true,0.5213704965908094,1,3400.4767016975775,1.0,0.656
2026-03-22T21:10:07.745-868789-771081,650,false,0.5998308466190205,1,3400.4767016975775,1.0,1.0
2026-03-22T21:10:07.745-868789-771081,591,true,0.36622287164429695,1,3400.110478825933,1.0,0.626
2026-03-22T21:10:07.745-868789-771081,91,false,1.2714378842535834,1,3400.110478825933,1.0,1.0
2026-03-22T21:10:07.745-868789-771081,580,false,10.544979968315582,1,3400.110478825933,1.0,1.0
2026-03-22T21:10:07.745-868789-771081,771,false,3.255259791254969,1,3400.110478825933,1.0,1.0
2026-03-22T21:10:07.745-868789-771081,570,false,1.8695189511947614,1,3400.110478825933,1.0,1.0
2026-03-22T21:10:07.745-868789-771081,934,false,35.13506587874445,1,3400.110478825933,1.0,1.0
2026-03-22T21:10:07.745-868789-771081,966,false,1.9891975046729007,1,3400.110478825933,1.0,1.0
2026-03-22T21:10:07.745-868789-771081,120,false,7.945583860720545,1,3400.110478825933,1.0,1.0
2026-03-22T21:10:07.745-868789-771081,823,false,1547.7275053115006,1,3400.110478825933,1.0,1.0
2026-03-22T21:10:07.745-868789-771081,949,true,4.554229641107255,1,3395.556249184826,1.0,0.01200000000000001
2026-03-22T21:10:07.745-868789-771081,245,false,1.46890736357908,1,3395.556249184826,1.0,1.0
2026-03-22T21:10:07.745-868789-771081,679,true,1.7345744469601132,1,3393.8216747378656,1.0,0.6799999999999999
2026-03-22T21:10:07.745-868789-771081,143,false,2.132852361018638,1,3393.8216747378656,1.0,1.0
2026-03-22T21:10:07.745-868789-771081,534,true,0.9250502732997553,1,3392.896624464566,1.0,0.017000000000000015
2026-03-22T21:10:07.745-868789-771081,345,false,0.07534976548315196,1,3392.896624464566,1.0,1.0
2026-03-22T21:10:07.745-868789-771081,289,true,4.1754985262367565,1,3388.721125938329,1.0,0.01200000000000001
2026-03-22T21:10:07.745-868789-771081,670,true,20.488666050390652,1,3368.232459887938,1.0,0.6599999999999999
2026-03-22T21:10:07.745-868789-771081,128,false,3.8030909201249297,1,3368.232459887938,1.0,1.0
2026-03-22T21:10:07.745-868789-771081,344,false,11.347777447146724,1,3368.232459887938,1.0,1.0
2026-03-22T21:10:07.745-868789-771081,164,false,0.16893390934256894,1,3368.232459887938,1.0,1.0
2026-03-22T21:10:07.745-868789-771081,201,false,0.8372574774759985,1,3368.232459887938,1.0,1.0
2026-03-22T21:10:07.745-868789-771081,641,false,0.26455347585213634,1,3368.232459887938,1.0,1.0
2026-03-22T21:10:07.745-868789-771081,327,false,3.565220240687998,1,3368.232459887938,1.0,1.0
2026-03-22T21:10:07.745-868789-771081,169,false,14.080163621122402,1,3368.232459887938,1.0,1.0
2026-03-22T21:10:07.745-868789-771081,259,false,2.5354560911122843,1,3368.232459887938,1.0,1.0
2026-03-22T21:10:07.745-868789-771081,933,false,1.822055385828364,1,3368.232459887938,1.0,1.0
2026-03-22T21:10:07.745-868789-771081,796,false,0.08256454848079128,1,3368.232459887938,1.0,1.0
2026-03-22T21:10:07.745-868789-771081,22,false,0.09543995009301809,1,3368.232459887938,1.0,1.0
2026-03-22T21:10:07.745-868789-771081,653,false,4.49301024691723,1,3368.232459887938,1.0,1.0
2026-03-22T21:10:07.745-868789-771081,595,false,6.830587247357368,1,3368.232459887938,1.0,1.0
2026-03-22T21:10:07.745-868789-771081,748,false,39.91904202665932,1,3368.232459887938,1.0,1.0
2026-03-22T21:10:07.745-868789-771081,572,false,0.49717787711672845,1,3368.232459887938,1.0,1.0
2026-03-22T21:10:07.745-868789-771081,953,true,6.996082293602559,1,3361.2363775943354,1.0,0.01100000000000001
2026-03-22T21:10:07.745-868789-771081,581,false,0.703529736010683,1,3361.2363775943354,1.0,1.0
2026-03-22T21:10:07.745-868789-771081,236,false,6.8493035973522325,1,3361.2363775943354,1.0,1.0
2026-03-22T21:10:07.745-868789-771081,602,true,3.0032554593677814,1,3358.2331221349677,1.0,0.999
2026-03-22T21:10:07.745-868789-771081,971,false,21.84110922298357,1,3358.2331221349677,1.0,1.0
2026-03-22T21:10:07.745-868789-771081,977,false,2.6103575976405957,1,3358.2331221349677,1.0,1.0
2026-03-22T21:10:07.745-868789-771081,183,false,0.10660960123738923,1,3358.2331221349677,1.0,1.0
2026-03-22T21:10:07.745-868789-771081,472,false,0.021806724246925344,1,3358.2331221349677,1.0,1.0
2026-03-22T21:10:07.745-868789-771081,62,true,3.94428399756354,1,3354.288838137404,1.0,0.999
2026-03-22T21:10:07.745-868789-771081,768,false,18.33225044363418,1,3354.288838137404,1.0,1.0
2026-03-22T21:10:07.745-868789-771081,268,false,5.113183457411455,1,3354.288838137404,1.0,1.0
2026-03-22T21:10:07.745-868789-771081,150,true,19.06777551042407,1,3335.2210626269803,1.0,0.6679999999999999
2026-03-22T21:10:07.745-868789-771081,675,true,7.814795486007718,1,3327.4062671409724,1.0,0.783
2026-03-22T21:10:07.745-868789-771081,804,false,1.31019017507558,1,3327.4062671409724,1.0,1.0
2026-03-22T21:10:07.745-868789-771081,443,false,3.869600707716045,1,3327.4062671409724,1.0,1.0
2026-03-22T21:10:07.745-868789-771081,185,false,338.7456023562004,1,3327.4062671409724,1.0,1.0
2026-03-22T21:10:07.745-868789-771081,74,true,28.51541074352429,1,3298.8908563974483,1.0,0.6719999999999999
2026-03-22T21:10:07.745-868789-771081,671,true,39.04449734567156,1,3259.8463590517767,1.0,0.08099999999999996
2026-03-22T21:10:07.745-868789-771081,313,false,0.1082184343412299,1,3259.8463590517767,1.0,1.0
2026-03-22T21:10:07.745-868789-771081,187,true,8.369017187589174,1,3251.4773418641876,1.0,0.999
2026-03-22T21:10:07.745-868789-771081,788,false,90.05191299106795,1,3251.4773418641876,1.0,1.0
2026-03-22T21:10:07.745-868789-771081,622,false,1.465169605686409,1,3251.4773418641876,1.0,1.0
2026-03-22T21:10:07.745-868789-771081,397,false,7.447005203293491,1,3251.4773418641876,1.0,1.0
2026-03-22T21:10:07.745-868789-771081,442,false,11.659371634853636,1,3251.4773418641876,1.0,1.0
2026-03-22T21:10:07.745-868789-771081,625,false,2.8503643938274905,1,3251.4773418641876,1.0,1.0
2026-03-22T21:10:07.745-868789-771081,747,false,1.5054974783865638,1,3251.4773418641876,1.0,1.0
2026-03-22T21:10:07.745-868789-771081,619,false,0.08966774892282144,1,3251.4773418641876,1.0,1.0
2026-03-22T21:10:07.745-868789-771081,330,false,2.210068403835468,1,3251.4773418641876,1.0,1.0
2026-03-22T21:10:07.745-868789-771081,655,false,2.23044225782295,1,3251.4773418641876,1.0,1.0
2026-03-22T21:10:07.745-868789-771081,179,true,5.489542588841335,1,3245.9877992753463,1.0,0.638
2026-03-22T21:10:07.745-868789-771081,437,false,0.9993881217321544,1,3245.9877992753463,1.0,1.0
2026-03-22T21:10:07.745-868789-771081,129,false,3.167454593815734,1,3245.9877992753463,1.0,1.0
2026-03-22T21:10:07.745-868789-771081,976,false,56.1651168419216,1,3245.9877992753463,1.0,1.0
2026-03-22T21:10:07.745-868789-771081,994,false,11.658479167996274,1,3245.9877992753463,1.0,1.0
2026-03-22T21:10:07.745-868789-771081,593,true,9.053200100489079,1,3236.9345991748573,1.0,0.6779999999999999
2026-03-22T21:10:07.745-868789-771081,968,false,1.9818828503161432,1,3236.9345991748573,1.0,1.0
2026-03-22T21:10:07.745-868789-771081,757,false,1.9485148031352744,1,3236.9345991748573,1.0,1.0
2026-03-22T21:10:07.745-868789-771081,366,true,1.3448266651386143,1,3235.589772509719,1.0,0.659
2026-03-22T21:10:07.745-868789-771081,691,false,21.457146910645925,1,3235.589772509719,1.0,1.0
2026-03-22T21:10:07.745-868789-771081,499,true,23.249379606066043,1,3212.3403929036526,1.0,0.007000000000000006
2026-03-22T21:10:07.745-868789-771081,561,false,0.08365119099039933,1,3212.3403929036526,1.0,1.0
2026-03-22T21:10:07.745-868789-771081,998,true,3.8000317063264495,1,3208.540361197326,1.0,0.08599999999999997
2026-03-22T21:10:07.745-868789-771081,745,false,4.168877597130147,1,3208.540361197326,1.0,1.0
2026-03-22T21:10:07.745-868789-771081,438,false,22.89139818234711,1,3208.540361197326,1.0,1.0
2026-03-22T21:10:07.745-868789-771081,876,true,13.976815916557026,1,3194.563545280769,1.0,0.7969999999999999
2026-03-22T21:10:07.745-868789-771081,33,false,0.12298060867290996,1,3194.563545280769,1.0,1.0
2026-03-22T21:10:07.745-868789-771081,761,false,13.302404668964003,1,3194.563545280769,1.0,1.0
2026-03-22T21:10:07.745-868789-771081,751,false,7.897483424083188,1,3194.563545280769,1.0,1.0
2026-03-22T21:10:07.745-868789-771081,530,true,3.6663846713063215,1,3190.897160609463,1.0,0.652
2026-03-22T21:10:07.745-868789-771081,28,false,0.8523644230991708,1,3190.897160609463,1.0,1.0
2026-03-22T21:10:07.745-868789-771081,781,true,26.33548944970082,1,3164.561671159762,1.0,0.642
2026-03-22T21:10:07.745-868789-771081,427,true,20.121578899866087,1,3144.440092259896,1.0,0.0
2026-03-22T21:10:07.745-868789-771081,814,false,41.68060556617923,1,3144.440092259896,1.0,1.0
2026-03-22T21:10:07.745-868789-771081,481,false,4.053573427259978,1,3144.440092259896,1.0,1.0
2026-03-22T21:10:07.745-868789-771081,4,true,1.8356805236485751,1,3142.6044117362476,1.0,0.6579999999999999
2026-03-22T21:10:07.745-868789-771081,37,true,1.2416347963977905,1,3141.36277693985,1.0,0.0
2026-03-22T21:10:07.745-868789-771081,886,false,0.1129754670662148,1,3141.36277693985,1.0,1.0
2026-03-22T21:10:07.745-868789-771081,838,false,29.31570024100781,1,3141.36277693985,1.0,1.0
2026-03-22T21:10:07.745-868789-771081,393,true,39.18768346636411,1,3102.175093473486,1.0,0.673
2026-03-22T21:10:07.745-868789-771081,663,false,1.9196341575889744,1,3102.175093473486,1.0,1.0
2026-03-22T21:10:07.745-868789-771081,115,true,6.370332264454288,1,3095.8047612090318,1.0,0.6779999999999999
2026-03-22T21:10:07.745-868789-771081,665,true,0.5696711733720626,1,3095.2350900356596,1.0,0.642
2026-03-22T21:10:07.745-868789-771081,843,true,0.40288624194921746,1,3094.8322037937105,1.0,0.663
2026-03-22T21:10:07.745-868789-771081,314,false,0.09368786977920697,1,3094.8322037937105,1.0,1.0
2026-03-22T21:10:07.745-868789-771081,76,true,0.7781017913718584,1,3094.054102002339,1.0,0.649
2026-03-22T21:10:07.745-868789-771081,160,true,14.981545316628175,1,3079.0725566857104,1.0,0.999
2026-03-22T21:10:07.745-868789-771081,316,false,2.156093125024255,1,3079.0725566857104,1.0,1.0
2026-03-22T21:10:07.745-868789-771081,828,true,20.957184149276134,1,3058.1153725364343,1.0,0.84
2026-03-22T21:10:07.745-868789-771081,124,false,0.025497022637839744,1,3058.1153725364343,1.0,1.0
2026-03-22T21:10:07.745-868789-771081,638,false,5.946178009614786,1,3058.1153725364343,1.0,1.0
2026-03-22T21:10:07.745-868789-771081,298,true,5.786274058570767,1,3052.3290984778637,1.0,0.634
2026-03-22T21:10:07.745-868789-771081,877,true,1.2321472925565593,1,3051.0969511853073,1.0,0.013000000000000012
2026-03-22T21:10:07.745-868789-771081,742,true,11.590976256999323,1,3039.5059749283078,1.0,0.998
2026-03-22T21:10:07.745-868789-771081,247,true,52.15164136522265,1,2987.354333563085,1.0,0.999
2026-03-22T21:10:07.745-868789-771081,372,false,24.350622707389796,1,2987.354333563085,1.0,1.0
2026-03-22T21:10:07.745-868789-771081,997,true,2.570825798066058,1,2984.7835077650193,1.0,0.009000000000000008
2026-03-22T21:10:07.745-868789-771081,173,true,3.0694844825809247,1,2981.7140232824386,1.0,0.762
2026-03-22T21:10:07.745-868789-771081,399,false,0.8755760633473529,1,2981.7140232824386,1.0,1.0
2026-03-22T21:10:07.745-868789-771081,77,true,0.6835670925026391,1,2981.030456189936,1.0,0.013000000000000012
2026-03-22T21:10:07.745-868789-771081,159,true,3.899511393510493,1,2977.1309447964254,1.0,0.643
2026-03-22T21:10:07.745-868789-771081,232,false,1.5710627335238,1,2977.1309447964254,1.0,1.0
2026-03-22T21:10:07.745-868789-771081,774,true,0.6343102764363339,1,2976.496634519989,1.0,0.999
2026-03-22T21:10:07.745-868789-771081,80,true,1.9336244382808612,1,2974.5630100817084,1.0,0.6679999999999999
2026-03-22T21:10:07.745-868789-771081,702,true,5.234525342623873,1,2969.3284847390846,1.0,0.07299999999999995
2026-03-22T21:10:07.745-868789-771081,267,false,39.06779626159838,1,2969.3284847390846,1.0,1.0
2026-03-22T21:10:07.745-868789-771081,672,true,1.8704307378779046,1,2967.4580540012066,1.0,0.0
2026-03-22T21:10:07.745-868789-771081,749,true,1.0264415342851696,1,2966.4316124669213,1.0,0.788
2026-03-22T21:10:07.745-868789-771081,618,false,2.561857409279698,1,2966.4316124669213,1.0,1.0
2026-03-22T21:10:07.745-868789-771081,800,false,0.14371646160083756,1,2966.4316124669213,1.0,1.0
2026-03-22T21:10:07.745-868789-771081,694,true,47.676774401276475,1,2918.754838065645,1.0,0.999
2026-03-22T21:10:07.745-868789-771081,546,false,2.498926591926451,1,2918.754838065645,1.0,1.0
2026-03-22T21:10:07.745-868789-771081,256,false,0.09691921260726023,1,2918.754838065645,1.0,1.0
2026-03-22T21:10:07.745-868789-771081,213,true,0.23355374219153233,1,2918.5212843234535,1.0,0.673
2026-03-22T21:10:07.745-868789-771081,3,true,1.009989331406668,1,2917.5112949920467,1.0,0.0
2026-03-22T21:10:07.745-868789-771081,225,false,0.4907253070953587,1,2917.5112949920467,1.0,1.0
2026-03-22T21:10:07.745-868789-771081,309,true,0.3130853418741414,1,2917.1982096501724,1.0,0.999
2026-03-22T21:10:07.745-868789-771081,832,false,0.7200934058311014,1,2917.1982096501724,1.0,1.0
2026-03-22T21:10:07.745-868789-771081,563,false,1.4902258362037335,1,2917.1982096501724,1.0,1.0
2026-03-22T21:10:07.745-868789-771081,242,false,5.417115376354271,1,2917.1982096501724,1.0,1.0
2026-03-22T21:10:07.745-868789-771081,10,true,87.24464583045385,1,2829.9535638197185,1.0,0.683
2026-03-22T21:10:07.745-868789-771081,849,true,4.885756689673963,1,2825.0678071300445,1.0,0.6679999999999999
2026-03-22T21:10:07.745-868789-771081,604,true,3.330710313016857,1,2821.7370968170276,1.0,0.635
2026-03-22T21:10:07.745-868789-771081,317,false,22.266589975826736,1,2821.7370968170276,1.0,1.0
2026-03-22T21:10:07.745-868789-771081,63,false,0.18868902161688703,1,2821.7370968170276,1.0,1.0
2026-03-22T21:10:07.745-868789-771081,36,true,4.120279736740068,1,2817.6168170802875,1.0,0.0
2026-03-22T21:10:07.745-868789-771081,27,false,2.656289671516674,1,2817.6168170802875,1.0,1.0
2026-03-22T21:10:07.745-868789-771081,145,false,0.32194052856363486,1,2817.6168170802875,1.0,1.0
2026-03-22T21:10:07.745-868789-771081,104,true,2.8571024977991364,1,2814.7597145824884,1.0,0.0
2026-03-22T21:10:07.745-868789-771081,842,true,95.42383598246384,1,2719.3358786000244,1.0,0.016000000000000014
2026-03-22T21:10:07.745-868789-771081,131,true,0.569596527004958,1,2718.7662820730193,1.0,0.671
2026-03-22T21:10:07.745-868789-771081,760,false,0.6336610252626967,1,2718.7662820730193,1.0,1.0
2026-03-22T21:10:07.745-868789-771081,969,false,0.9437365278452768,1,2718.7662820730193,1.0,1.0
2026-03-22T21:10:07.745-868789-771081,867,false,1.7937407892909016,1,2718.7662820730193,1.0,1.0
2026-03-22T21:10:07.745-868789-771081,360,false,3.775278689161856,1,2718.7662820730193,1.0,1.0
2026-03-22T21:10:07.745-868789-771081,78,true,5.225125167643441,1,2713.541156905376,1.0,0.0
2026-03-22T21:10:07.745-868789-771081,497,true,8.761196917894992,1,2704.7799599874807,1.0,0.0
2026-03-22T21:10:07.745-868789-771081,208,false,12.377699216285341,1,2704.7799599874807,1.0,1.0
2026-03-22T21:10:07.745-868789-771081,385,false,0.16991058238543064,1,2704.7799599874807,1.0,1.0
2026-03-22T21:10:07.745-868789-771081,480,false,0.1925825647886487,1,2704.7799599874807,1.0,1.0
2026-03-22T21:10:07.745-868789-771081,358,false,12.21123507418231,1,2704.7799599874807,1.0,1.0
2026-03-22T21:10:07.745-868789-771081,263,false,8.813469440110628,1,2704.7799599874807,1.0,1.0
2026-03-22T21:10:07.745-868789-771081,850,true,96.14971999897708,1,2608.6302399885035,1.0,0.05500000000000005
2026-03-22T21:10:07.745-868789-771081,95,false,21.875802558329035,1,2608.6302399885035,1.0,1.0
2026-03-22T21:10:07.745-868789-771081,163,true,13.94819284595554,1,2594.682047142548,1.0,0.771
2026-03-22T21:10:07.745-868789-771081,503,false,2.19219597482205,1,2594.682047142548,1.0,1.0
2026-03-22T21:10:07.745-868789-771081,266,false,0.135855258366204,1,2594.682047142548,1.0,1.0
2026-03-22T21:10:07.745-868789-771081,435,true,4.8219297235408245,1,2589.860117419007,1.0,0.646
2026-03-22T21:10:07.745-868789-771081,599,true,8.726409166341842,1,2581.133708252665,1.0,0.652
2026-03-22T21:10:07.745-868789-771081,708,false,67.490400178325,1,2581.133708252665,1.0,1.0
2026-03-22T21:10:07.745-868789-771081,982,false,4.032021823362854,1,2581.133708252665,1.0,1.0
2026-03-22T21:10:07.745-868789-771081,367,true,0.5811042739147794,1,2580.5526039787505,1.0,0.009000000000000008
2026-03-22T21:10:07.745-868789-771081,136,true,9.390524733279422,1,2571.162079245471,1.0,0.642
2026-03-22T21:10:07.745-868789-771081,282,false,0.4606360231890899,1,2571.162079245471,1.0,1.0
2026-03-22T21:10:07.745-868789-771081,466,false,1.4430291699567146,1,2571.162079245471,1.0,1.0
2026-03-22T21:10:07.745-868789-771081,233,false,1.613265161858475,1,2571.162079245471,1.0,1.0
2026-03-22T21:10:07.745-868789-771081,118,true,6.924772825206454,1,2564.2373064202643,1.0,0.79
2026-03-22T21:10:07.745-868789-771081,254,false,2.3459171154682097,1,2564.2373064202643,1.0,1.0
2026-03-22T21:10:07.745-868789-771081,495,true,13.138752880569461,1,2551.098553539695,1.0,0.0
2026-03-22T21:10:07.745-868789-771081,92,false,1.3675639177620997,1,2551.098553539695,1.0,1.0
2026-03-22T21:10:07.745-868789-771081,776,true,32.2750328267684,1,2518.8235207129264,1.0,0.007000000000000006
2026-03-22T21:10:07.745-868789-771081,869,false,0.4592350427673506,1,2518.8235207129264,1.0,1.0
2026-03-22T21:10:07.745-868789-771081,138,false,0.03911602909893895,1,2518.8235207129264,1.0,1.0
2026-03-22T21:10:07.745-868789-771081,116,false,0.16837791059293697,1,2518.8235207129264,1.0,1.0
2026-03-22T21:10:07.745-868789-771081,972,false,6.462225474309579,1,2518.8235207129264,1.0,1.0
2026-03-22T21:10:07.745-868789-771081,821,true,94.72593315992766,1,2424.097587552999,1.0,0.785
2026-03-22T21:10:07.745-868789-771081,315,false,0.5594068116089964,1,2424.097587552999,1.0,1.0
2026-03-22T21:10:07.745-868789-771081,637,false,23.14824230368426,1,2424.097587552999,1.0,1.0
2026-03-22T21:10:07.745-868789-771081,182,true,23.293889767044675,1,2400.8036977859542,1.0,0.009000000000000008
2026-03-22T21:10:07.745-868789-771081,483,false,1.9101205222521704,1,2400.8036977859542,1.0,1.0
2026-03-22T21:10:07.745-868789-771081,855,false,20.316010823774075,1,2400.8036977859542,1.0,1.0
2026-03-22T21:10:07.745-868789-771081,346,false,0.2200113255182115,1,2400.8036977859542,1.0,1.0
2026-03-22T21:10:07.745-868789-771081,579,false,23.27929500068334,1,2400.8036977859542,1.0,1.0
2026-03-22T21:10:07.745-868789-771081,417,false,552.4420947874032,1,2400.8036977859542,1.0,1.0
2026-03-22T21:10:07.745-868789-771081,166,false,0.07748605610725097,1,2400.8036977859542,1.0,1.0
2026-03-22T21:10:07.745-868789-771081,727,true,1.0794312036048,1,2399.7242665823496,1.0,0.656
2026-03-22T21:10:07.745-868789-771081,337,false,1.1748080071314426,1,2399.7242665823496,1.0,1.0
2026-03-22T21:10:07.745-868789-771081,196,false,0.8972333393438411,1,2399.7242665823496,1.0,1.0
2026-03-22T21:10:07.745-868789-771081,678,true,32.455558411727836,1,2367.2687081706217,1.0,0.0
2026-03-22T21:10:07.745-868789-771081,174,true,18.679982155390714,1,2348.588726015231,1.0,0.769
2026-03-22T21:10:07.745-868789-771081,582,false,18.128008551472124,1,2348.588726015231,1.0,1.0
2026-03-22T21:10:07.745-868789-771081,332,false,0.0364760449039483,1,2348.588726015231,1.0,1.0
2026-03-22T21:10:07.745-868789-771081,157,true,1.9758437740279642,1,2346.612882241203,1.0,0.0
2026-03-22T21:10:07.745-868789-771081,357,true,0.3460269893600421,1,2346.266855251843,1.0,0.647
2026-03-22T21:10:07.745-868789-771081,639,false,0.4039297919320151,1,2346.266855251843,1.0,1.0
2026-03-22T21:10:07.745-868789-771081,395,true,56.695818904228574,1,2289.5710363476146,1.0,0.656
2026-03-22T21:10:07.745-868789-771081,964,false,0.6112547908775445,1,2289.5710363476146,1.0,1.0
2026-03-22T21:10:07.745-868789-771081,791,false,0.016343949900785484,1,2289.5710363476146,1.0,1.0
2026-03-22T21:10:07.745-868789-771081,446,false,2.136041476981155,1,2289.5710363476146,1.0,1.0
2026-03-22T21:10:07.745-868789-771081,795,true,10.944046119600895,1,2278.6269902280137,1.0,0.647
2026-03-22T21:10:07.745-868789-771081,310,true,1.465376047168736,1,2277.161614180845,1.0,0.781
2026-03-22T21:10:07.745-868789-771081,291,true,1.2148945268804658,1,2275.9467196539645,1.0,0.0
2026-03-22T21:10:07.745-868789-771081,223,true,1.7664836597322473,1,2274.180235994232,1.0,0.999
2026-03-22T21:10:07.745-868789-771081,158,true,4.382509317071563,1,2269.7977266771604,1.0,0.0
2026-03-22T21:10:07.745-868789-771081,407,true,6.654445650260761,1,2263.1432810269,1.0,0.008000000000000007
2026-03-22T21:10:07.745-868789-771081,981,false,0.6035558321683904,1,2263.1432810269,1.0,1.0
2026-03-22T21:10:07.745-868789-771081,807,true,2.678131459424864,1,2260.465149567475,1.0,0.17800000000000005
2026-03-22T21:10:07.745-868789-771081,244,false,0.0404801189664052,1,2260.465149567475,1.0,1.0
2026-03-22T21:10:07.745-868789-771081,819,true,1.424864248171977,1,2259.0402853193027,1.0,0.645
2026-03-22T21:10:07.745-868789-771081,184,true,38.94256675578709,1,2220.0977185635156,1.0,0.0
2026-03-22T21:10:07.745-868789-771081,203,false,6.511523211040761,1,2220.0977185635156,1.0,1.0
2026-03-22T21:10:07.745-868789-771081,375,true,2.8332925817583203,1,2217.264425981757,1.0,0.785
2026-03-22T21:10:07.745-868789-771081,809,true,1.550175294221061,1,2215.714250687536,1.0,0.0
2026-03-22T21:10:07.745-868789-771081,384,true,0.7523641199197776,1,2214.961886567616,1.0,0.999
2026-03-22T21:10:07.745-868789-771081,219,false,2.467861603419046,1,2214.961886567616,1.0,1.0
2026-03-22T21:10:07.745-868789-771081,642,false,4.787623806106771,1,2214.961886567616,1.0,1.0
2026-03-22T21:10:07.745-868789-771081,146,true,4.987575745717022,1,2209.974310821899,1.0,0.769
2026-03-22T21:10:07.745-868789-771081,735,false,16.53742549097189,1,2209.974310821899,1.0,1.0
2026-03-22T21:10:07.745-868789-771081,929,false,3.7564924673239113,1,2209.974310821899,1.0,1.0
2026-03-22T21:10:07.745-868789-771081,657,false,7.9951299736236985,1,2209.974310821899,1.0,1.0
2026-03-22T21:10:07.745-868789-771081,986,false,36.50259128261385,1,2209.974310821899,1.0,1.0
2026-03-22T21:10:07.745-868789-771081,359,true,0.49676347792538994,1,2209.4775473439736,1.0,0.779
2026-03-22T21:10:07.745-868789-771081,598,true,0.43849054148879035,1,2209.039056802485,1.0,0.663
2026-03-22T21:10:07.745-868789-771081,55,false,0.2530339371199543,1,2209.039056802485,1.0,1.0
2026-03-22T21:10:07.745-868789-771081,189,true,1.4983139374038887,1,2207.540742865081,1.0,0.655
2026-03-22T21:10:07.745-868789-771081,676,true,19.238045014980493,1,2188.3026978501007,1.0,0.0
2026-03-22T21:10:07.745-868789-771081,215,true,37.27008876128682,1,2151.032609088814,1.0,0.009000000000000008
2026-03-22T21:10:07.745-868789-771081,373,true,1.9892771601881873,1,2149.043331928626,1.0,0.659
2026-03-22T21:10:07.745-868789-771081,803,false,8.707144777017172,1,2149.043331928626,1.0,1.0
2026-03-22T21:10:07.745-868789-771081,911,false,0.549967219191613,1,2149.043331928626,1.0,1.0
2026-03-22T21:10:07.745-868789-771081,226,true,0.6317549281791947,1,2148.4115770004464,1.0,0.777
2026-03-22T21:10:07.745-868789-771081,188,true,1.8771153097617161,1,2146.5344616906846,1.0,0.01100000000000001
2026-03-22T21:10:07.745-868789-771081,24,false,13.59343205332975,1,2146.5344616906846,1.0,1.0
2026-03-22T21:10:07.745-868789-771081,171,true,0.28967842559800133,1,2146.2447832650864,1.0,0.018000000000000016
2026-03-22T21:10:07.745-868789-771081,379,false,3.0550523418293745,1,2146.2447832650864,1.0,1.0
2026-03-22T21:10:07.745-868789-771081,996,true,114.32690896705311,1,2031.9178742980332,1.0,0.18400000000000005
2026-03-22T21:10:07.745-868789-771081,931,false,1.6489868739551345,1,2031.9178742980332,1.0,1.0
2026-03-22T21:10:07.745-868789-771081,389,true,0.915112946247679,1,2031.0027613517855,1.0,0.6779999999999999
2026-03-22T21:10:07.745-868789-771081,895,true,5.039056755743804,1,2025.9637045960417,1.0,0.0
2026-03-22T21:10:07.745-868789-771081,334,false,15.009297784732338,1,2025.9637045960417,1.0,1.0
2026-03-22T21:10:07.745-868789-771081,569,false,0.31294758989327615,1,2025.9637045960417,1.0,1.0
2026-03-22T21:10:07.745-868789-771081,380,true,4.486064770748895,1,2021.4776398252927,1.0,0.856
2026-03-22T21:10:07.745-868789-771081,71,true,0.2830350687851289,1,2021.1946047565075,1.0,0.0
2026-03-22T21:10:07.745-868789-771081,73,true,0.37798836382830764,1,2020.8166163926792,1.0,0.0
2026-03-22T21:10:07.745-868789-771081,520,false,0.9147584853754687,1,2020.8166163926792,1.0,1.0
2026-03-22T21:10:07.745-868789-771081,44,false,22.894689650713893,1,2020.8166163926792,1.0,1.0
2026-03-22T21:10:07.745-868789-771081,428,true,0.5601720493495908,1,2020.2564443433296,1.0,0.0
2026-03-22T21:10:07.745-868789-771081,355,true,6.357141697181165,1,2013.8993026461485,1.0,0.06699999999999995
2026-03-22T21:10:07.745-868789-771081,734,false,6.340221355382499,1,2013.8993026461485,1.0,1.0
2026-03-22T21:10:07.745-868789-771081,856,false,0.8319741051195716,1,2013.8993026461485,1.0,1.0
2026-03-22T21:10:07.745-868789-771081,883,true,16.472195964897047,1,1997.4271066812514,1.0,0.0
2026-03-22T21:10:07.745-868789-771081,462,true,1.7183228412567924,1,1995.7087838399946,1.0,0.856
2026-03-22T21:10:07.745-868789-771081,452,false,1.8296280065545805,1,1995.7087838399946,1.0,1.0
2026-03-22T21:10:07.745-868789-771081,728,true,10.237490589559245,1,1985.4712932504353,1.0,0.013000000000000012
2026-03-22T21:10:07.745-868789-771081,519,false,2.136731757508734,1,1985.4712932504353,1.0,1.0
2026-03-22T21:10:07.745-868789-771081,987,false,109.14781184661186,1,1985.4712932504353,1.0,1.0
2026-03-22T21:10:07.745-868789-771081,56,false,9.044333289212386,1,1985.4712932504353,1.0,1.0
2026-03-22T21:10:07.745-868789-771081,217,true,6.869096865785699,1,1978.6021963846497,1.0,0.020000000000000018
2026-03-22T21:10:07.745-868789-771081,467,false,0.165936286649068,1,1978.6021963846497,1.0,1.0
2026-03-22T21:10:07.745-868789-771081,621,false,125.88345280767446,1,1978.6021963846497,1.0,1.0
2026-03-22T21:10:07.745-868789-771081,921,false,0.5798819075499426,1,1978.6021963846497,1.0,1.0
2026-03-22T21:10:07.745-868789-771081,914,false,0.014529144587321328,1,1978.6021963846497,1.0,1.0
2026-03-22T21:10:07.745-868789-771081,873,true,4.24511782847443,1,1974.3570785561753,1.0,0.6759999999999999
2026-03-22T21:10:07.745-868789-771081,444,false,1.2339458111964952,1,1974.3570785561753,1.0,1.0
2026-03-22T21:10:07.745-868789-771081,386,true,2.412097673526985,1,1971.9449808826485,1.0,0.01200000000000001
2026-03-22T21:10:07.745-868789-771081,487,true,1.087173980890657,1,1970.8578069017578,1.0,0.656
2026-03-22T21:10:07.745-868789-771081,651,false,2.9184587010137286,1,1970.8578069017578,1.0,1.0
2026-03-22T21:10:07.745-868789-771081,474,false,0.11865907845650964,1,1970.8578069017578,1.0,1.0
2026-03-22T21:10:07.745-868789-771081,699,false,0.14353582403561707,1,1970.8578069017578,1.0,1.0
2026-03-22T21:10:07.745-868789-771081,839,true,1.722991623755362,1,1969.1348152780024,1.0,0.647
2026-03-22T21:10:07.745-868789-771081,922,false,0.0726849567797146,1,1969.1348152780024,1.0,1.0
2026-03-22T21:10:07.745-868789-771081,537,true,0.37764680006634255,1,1968.7571684779361,1.0,0.0
2026-03-22T21:10:07.745-868789-771081,88,false,0.274618797285973,1,1968.7571684779361,1.0,1.0
2026-03-22T21:10:07.745-868789-771081,736,false,0.13014146961760648,1,1968.7571684779361,1.0,1.0
2026-03-22T21:10:07.745-868789-771081,461,true,3.3700402312340803,1,1965.387128246702,1.0,0.0
2026-03-22T21:10:07.745-868789-771081,726,true,4.4072756758014355,1,1960.9798525709007,1.0,0.0
2026-03-22T21:10:07.745-868789-771081,710,false,0.735866887013654,1,1960.9798525709007,1.0,1.0
2026-03-22T21:10:07.745-868789-771081,585,true,23.264235887571388,1,1937.7156166833292,1.0,0.773
2026-03-22T21:10:07.745-868789-771081,707,true,2.0920093940454807,1,1935.6236072892837,1.0,0.999
2026-03-22T21:10:07.745-868789-771081,284,true,1045.0233993498725,1,890.6002079394111,1.0,0.999
2026-03-22T21:10:07.745-868789-771081,590,true,1.1932233636674352,1,889.4069845757436,1.0,0.0
2026-03-22T21:10:07.745-868789-771081,817,true,124.12470384021195,1,765.2822807355317,1.0,0.655
2026-03-22T21:10:07.745-868789-771081,910,true,0.43330895696922667,1,764.8489717785625,1.0,0.999
2026-03-22T21:10:07.745-868789-771081,628,true,2.2501866201273018,1,762.5987851584351,1.0,0.999
2026-03-22T21:10:07.745-868789-771081,566,false,11.125154847579271,1,762.5987851584351,1.0,1.0
2026-03-22T21:10:07.745-868789-771081,765,false,2.5759826980806766,1,762.5987851584351,1.0,1.0
2026-03-22T21:10:07.745-868789-771081,513,false,0.052869802207994004,1,762.5987851584351,1.0,1.0
2026-03-22T21:10:07.745-868789-771081,133,true,0.4998143465755017,1,762.0989708118597,1.0,0.0
2026-03-22T21:10:07.745-868789-771081,57,true,10.219891940034236,1,751.8790788718254,1.0,0.999
2026-03-22T21:10:07.745-868789-771081,607,true,17.619539886532205,1,734.2595389852933,1.0,0.639
2026-03-22T21:10:07.745-868789-771081,514,false,0.03370656434357674,1,734.2595389852933,1.0,1.0
2026-03-22T21:10:07.745-868789-771081,391,true,98.4299356286825,1,635.8296033566107,1.0,0.0
2026-03-22T21:10:07.745-868789-771081,26,false,2.810525387759476,1,635.8296033566107,1.0,1.0
2026-03-22T21:10:07.745-868789-771081,924,true,1.549691332549151,1,634.2799120240616,1.0,0.789
2026-03-22T21:10:07.745-868789-771081,613,false,6.656793949162636,1,634.2799120240616,1.0,1.0
2026-03-22T21:10:07.745-868789-771081,673,true,8.408785671741649,1,625.87112635232,1.0,0.0
2026-03-22T21:10:07.745-868789-771081,573,false,30.613998247672832,1,625.87112635232,1.0,1.0
2026-03-22T21:10:07.745-868789-771081,418,false,37.934257803195734,1,625.87112635232,1.0,1.0
2026-03-22T21:10:07.745-868789-771081,448,false,6.9637810241324605,1,625.87112635232,1.0,1.0
2026-03-22T21:10:07.745-868789-771081,874,true,56.92107313723302,1,568.9500532150869,1.0,0.0
2026-03-22T21:10:07.745-868789-771081,609,true,0.6658831269673783,1,568.2841700881195,1.0,0.6579999999999999
2026-03-22T21:10:07.745-868789-771081,46,true,0.29315074701379795,1,567.9910193411057,1.0,0.852
2026-03-22T21:10:07.745-868789-771081,958,true,36.155887667693264,1,531.8351316734124,1.0,0.641
2026-03-22T21:10:07.745-868789-771081,464,true,7.714811889685277,1,524.1203197837272,1.0,0.01200000000000001
2026-03-22T21:10:07.745-868789-771081,260,false,2.516450552753944,1,524.1203197837272,1.0,1.0
2026-03-22T21:10:07.745-868789-771081,83,true,4.887309693622221,1,519.2330100901049,1.0,0.706
2026-03-22T21:10:07.745-868789-771081,875,true,4.41445248107534,1,514.8185576090295,1.0,0.0
2026-03-22T21:10:07.745-868789-771081,787,false,442.8620797061031,1,514.8185576090295,1.0,1.0
2026-03-22T21:10:07.745-868789-771081,288,true,9.333627620134672,1,505.48492998889486,1.0,0.0
2026-03-22T21:10:07.745-868789-771081,939,true,0.704229922833285,1,504.78070006606157,1.0,0.762
2026-03-22T21:10:07.745-868789-771081,737,false,4.135779751541927,1,504.78070006606157,1.0,1.0
2026-03-22T21:10:07.745-868789-771081,957,true,0.6773113822181155,1,504.10338868384343,1.0,0.01100000000000001
2026-03-22T21:10:07.745-868789-771081,722,true,58.83608631293779,1,445.26730237090567,1.0,0.0
2026-03-22T21:10:07.745-868789-771081,257,false,1.56605945686474,1,445.26730237090567,1.0,1.0
2026-03-22T21:10:07.745-868789-771081,636,false,37.06572160808934,1,445.26730237090567,1.0,1.0
2026-03-22T21:10:07.745-868789-771081,178,true,20.59096476502773,1,424.67633760587796,1.0,0.0030000000000000027
2026-03-22T21:10:07.745-868789-771081,106,true,1.9749902806931725,1,422.70134732518477,1.0,0.0
2026-03-22T21:10:07.745-868789-771081,90,false,1.1101037612792524,1,422.70134732518477,1.0,1.0
2026-03-22T21:10:07.745-868789-771081,501,true,2.833408200025209,1,419.8679391251596,1.0,0.01200000000000001
2026-03-22T21:10:07.745-868789-771081,926,true,10.778714304346291,1,409.0892248208133,1.0,0.18200000000000005
2026-03-22T21:10:07.745-868789-771081,261,false,0.9914649367613863,1,409.0892248208133,1.0,1.0
2026-03-22T21:10:07.745-868789-771081,293,true,0.5475295157627386,1,408.54169530505055,1.0,0.0
2026-03-22T21:10:07.745-868789-771081,54,false,0.010683388928013538,1,408.54169530505055,1.0,1.0
2026-03-22T21:10:07.745-868789-771081,421,true,20.04115858065682,1,388.5005367243937,1.0,0.622
2026-03-22T21:10:07.745-868789-771081,220,true,0.3011892032608897,1,388.19934752113284,1.0,0.014000000000000012
2026-03-22T21:10:07.745-868789-771081,740,true,25.47671141399481,1,362.72263610713804,1.0,0.641
2026-03-22T21:10:07.745-868789-771081,383,true,11.773650464169494,1,350.9489856429685,1.0,0.0
2026-03-22T21:10:07.745-868789-771081,403,false,1.3634628924637473,1,350.9489856429685,1.0,1.0
2026-03-22T21:10:07.745-868789-771081,449,false,0.9222380540939152,1,350.9489856429685,1.0,1.0
2026-03-22T21:10:07.745-868789-771081,785,false,0.246424937370395,1,350.9489856429685,1.0,1.0
2026-03-22T21:10:07.745-868789-771081,127,false,27.651417700488672,1,350.9489856429685,1.0,1.0
2026-03-22T21:10:07.745-868789-771081,343,false,0.43653101504751546,1,350.9489856429685,1.0,1.0
2026-03-22T21:10:07.745-868789-771081,162,true,5.159525282209755,1,345.78946036075877,1.0,0.0
2026-03-22T21:10:07.745-868789-771081,477,true,0.6401739840531553,1,345.1492863767056,1.0,0.999
2026-03-22T21:10:07.745-868789-771081,680,true,130.32525197896703,1,214.8240343977386,1.0,0.0
2026-03-22T21:10:07.745-868789-771081,984,false,0.020992285859716443,1,214.8240343977386,1.0,1.0
2026-03-22T21:10:07.745-868789-771081,811,true,1.211412303502481,1,213.61262209423612,1.0,0.0010000000000000009
2026-03-22T21:10:07.745-868789-771081,798,false,0.09676551338973399,1,213.61262209423612,1.0,1.0
2026-03-22T21:10:07.745-868789-771081,493,true,0.8353865167856215,1,212.77723557745048,1.0,0.0
2026-03-22T21:10:07.745-868789-771081,845,true,0.38502855878486486,1,212.39220701866563,1.0,0.0
2026-03-22T21:10:07.745-868789-771081,125,false,5.910097301857652,1,212.39220701866563,1.0,1.0
2026-03-22T21:10:07.745-868789-771081,553,false,20.606419587478083,1,212.39220701866563,1.0,1.0
2026-03-22T21:10:07.745-868789-771081,753,false,0.8407573147263796,1,212.39220701866563,1.0,1.0
2026-03-22T21:10:07.745-868789-771081,587,true,48.65946414008208,1,163.73274287858357,1.0,0.0
2026-03-22T21:10:07.745-868789-771081,554,false,0.07443393669209465,1,163.73274287858357,1.0,1.0
2026-03-22T21:10:07.745-868789-771081,979,false,23.610890300430356,1,163.73274287858357,1.0,1.0
2026-03-22T21:10:07.745-868789-771081,53,false,1.5135692145527262,1,163.73274287858357,1.0,1.0
2026-03-22T21:10:07.745-868789-771081,413,true,29.287572000651164,1,134.4451708779324,1.0,0.642
2026-03-22T21:10:07.745-868789-771081,326,false,0.1662674536922397,1,134.4451708779324,1.0,1.0
2026-03-22T21:10:07.745-868789-771081,904,true,0.42903180829573817,1,134.01613906963667,1.0,0.013000000000000012
2026-03-22T21:10:07.745-868789-771081,543,true,17.01906742115474,1,116.99707164848192,1.0,0.008000000000000007
2026-03-22T21:10:07.745-868789-771081,141,false,0.22835734173288333,1,116.99707164848192,1.0,1.0
2026-03-22T21:10:07.745-868789-771081,468,false,2.193407955097247,1,116.99707164848192,1.0,1.0
2026-03-22T21:10:07.745-868789-771081,930,false,10.907542058212483,1,116.99707164848192,1.0,1.0
2026-03-22T21:10:07.745-868789-771081,999,false,0.16094259979751832,1,116.99707164848192,1.0,1.0
2026-03-22T21:10:07.745-868789-771081,338,false,0.764570928362927,1,116.99707164848192,1.0,1.0
2026-03-22T21:10:07.745-868789-771081,511,false,0.31381232305028006,1,116.99707164848192,1.0,1.0
2026-03-22T21:10:07.745-868789-771081,643,false,44.29693627316724,1,116.99707164848192,1.0,1.0
2026-03-22T21:10:07.745-868789-771081,535,true,6.190518777851139,1,110.80655287063078,1.0,0.0
2026-03-22T21:10:07.745-868789-771081,509,true,27.691181623979624,1,83.11537124665116,1.0,0.999
2026-03-22T21:10:07.745-868789-771081,790,false,3.7517259714831512,1,83.11537124665116,1.0,1.0
2026-03-22T21:10:07.745-868789-771081,191,true,0.592217024331823,1,82.52315422231935,1.0,0.013000000000000012
2026-03-22T21:10:07.745-868789-771081,624,false,65.0837040684889,1,82.52315422231935,1.0,1.0
2026-03-22T21:10:07.745-868789-771081,447,false,0.26826854260614075,1,82.52315422231935,1.0,1.0
2026-03-22T21:10:07.745-868789-771081,68,true,4.754958974329008,1,77.76819524799033,1.0,0.07599999999999996
2026-03-22T21:10:07.745-868789-771081,262,false,1.0902141851351663,1,77.76819524799033,1.0,1.0
2026-03-22T21:10:07.745-868789-771081,470,false,6.204053251438597,1,77.76819524799033,1.0,1.0
2026-03-22T21:10:07.745-868789-771081,209,false,5.0751823118108295,1,77.76819524799033,1.0,1.0
2026-03-22T21:10:07.745-868789-771081,172,true,4.267690754240982,1,73.50050449374935,1.0,0.0
2026-03-22T21:10:07.745-868789-771081,30,true,6.691221366729912,1,66.80928312701944,1.0,0.629
2026-03-22T21:10:07.745-868789-771081,697,false,0.20934458323192043,1,66.80928312701944,1.0,1.0
2026-03-22T21:10:07.745-868789-771081,666,true,4.853311201130734,1,61.955971925888704,1.0,0.07699999999999996
2026-03-22T21:10:07.745-868789-771081,830,true,90.77367264952017,1,-28.81770072363146,1.0,0.667
2026-03-22T21:10:07.745-705391-350449,630,false,19.19266400727405,1,4030.1901270540525,1.0,1.0
2026-03-22T21:10:07.745-705391-350449,133,false,47.73140704842661,1,4030.1901270540525,1.0,1.0
2026-03-22T21:10:07.745-705391-350449,992,false,4.851856439950143,1,4030.1901270540525,1.0,1.0
2026-03-22T21:10:07.745-705391-350449,70,false,4.787017607196713,1,4030.1901270540525,1.0,1.0
2026-03-22T21:10:07.745-705391-350449,30,false,11.727948654106642,1,4030.1901270540525,1.0,1.0
2026-03-22T21:10:07.745-705391-350449,76,false,1.7601237816454862,1,4030.1901270540525,1.0,1.0
2026-03-22T21:10:07.745-705391-350449,784,false,8.892495807546766,1,4030.1901270540525,1.0,1.0
2026-03-22T21:10:07.745-705391-350449,441,false,0.7790468018432034,1,4030.1901270540525,1.0,1.0
2026-03-22T21:10:07.745-705391-350449,795,false,5.498839840810027,1,4030.1901270540525,1.0,1.0
2026-03-22T21:10:07.745-705391-350449,549,false,77.96851820113586,1,4030.1901270540525,1.0,1.0
2026-03-22T21:10:07.745-705391-350449,202,false,2.5614687797113977,1,4030.1901270540525,1.0,1.0
2026-03-22T21:10:07.745-705391-350449,550,false,16.35189291808195,1,4030.1901270540525,1.0,1.0
2026-03-22T21:10:07.745-705391-350449,942,false,11.599189345820976,1,4030.1901270540525,1.0,1.0
2026-03-22T21:10:07.745-705391-350449,502,false,0.21910752417337406,1,4030.1901270540525,1.0,1.0
2026-03-22T21:10:07.745-705391-350449,887,false,3.5501642588508604,1,4030.1901270540525,1.0,1.0
2026-03-22T21:10:07.745-705391-350449,998,false,16.081252370793496,1,4030.1901270540525,1.0,1.0
2026-03-22T21:10:07.745-705391-350449,644,false,3.5750863792980745,1,4030.1901270540525,1.0,1.0
2026-03-22T21:10:07.745-705391-350449,699,false,0.7408272000753642,1,4030.1901270540525,1.0,1.0
2026-03-22T21:10:07.745-705391-350449,726,false,208.46632184310974,1,4030.1901270540525,1.0,1.0
2026-03-22T21:10:07.745-705391-350449,375,false,0.24164805596109082,1,4030.1901270540525,1.0,1.0
2026-03-22T21:10:07.745-705391-350449,224,false,256.4639769962439,1,4030.1901270540525,1.0,1.0
2026-03-22T21:10:07.745-705391-350449,67,true,10.875458038248189,1,4019.314669015804,1.0,0.6910000000000001
2026-03-22T21:10:07.745-705391-350449,175,false,6.485573739790171,1,4019.314669015804,1.0,1.0
2026-03-22T21:10:07.745-705391-350449,853,false,15.36798738820812,1,4019.314669015804,1.0,1.0
2026-03-22T21:10:07.745-705391-350449,584,false,3.839632660076494,1,4019.314669015804,1.0,1.0
2026-03-22T21:10:07.745-705391-350449,376,false,0.058011716858659974,1,4019.314669015804,1.0,1.0
2026-03-22T21:10:07.745-705391-350449,177,false,1.2994050640278312,1,4019.314669015804,1.0,1.0
2026-03-22T21:10:07.745-705391-350449,92,false,12.03429475257343,1,4019.314669015804,1.0,1.0
2026-03-22T21:10:07.745-705391-350449,911,false,5.7626864485151215,1,4019.314669015804,1.0,1.0
2026-03-22T21:10:07.745-705391-350449,545,false,50.88935330654989,1,4019.314669015804,1.0,1.0
2026-03-22T21:10:07.745-705391-350449,815,false,1.2344718878176635,1,4019.314669015804,1.0,1.0
2026-03-22T21:10:07.745-705391-350449,317,false,1.275749966264462,1,4019.314669015804,1.0,1.0
2026-03-22T21:10:07.745-705391-350449,6,false,16.34352531768148,1,4019.314669015804,1.0,1.0
2026-03-22T21:10:07.745-705391-350449,697,false,2.709862345215616,1,4019.314669015804,1.0,1.0
2026-03-22T21:10:07.745-705391-350449,867,false,0.6958012497066478,1,4019.314669015804,1.0,1.0
2026-03-22T21:10:07.745-705391-350449,208,false,8.181052223617279,1,4019.314669015804,1.0,1.0
2026-03-22T21:10:07.745-705391-350449,463,true,6.741404147007978,1,4012.5732648687963,1.0,0.7130000000000001
2026-03-22T21:10:07.745-705391-350449,148,false,1.3582026209237192,1,4012.5732648687963,1.0,1.0
2026-03-22T21:10:07.745-705391-350449,561,false,2.4362303688056777,1,4012.5732648687963,1.0,1.0
2026-03-22T21:10:07.745-705391-350449,44,false,21.266444410910804,1,4012.5732648687963,1.0,1.0
2026-03-22T21:10:07.745-705391-350449,736,false,0.3469395782350323,1,4012.5732648687963,1.0,1.0
2026-03-22T21:10:07.745-705391-350449,351,false,5.676057321852458,1,4012.5732648687963,1.0,1.0
2026-03-22T21:10:07.745-705391-350449,397,false,0.1298169336604557,1,4012.5732648687963,1.0,1.0
2026-03-22T21:10:07.745-705391-350449,126,false,2.761907801871941,1,4012.5732648687963,1.0,1.0
2026-03-22T21:10:07.745-705391-350449,742,false,7.124182095685166,1,4012.5732648687963,1.0,1.0
2026-03-22T21:10:07.745-705391-350449,794,false,121.10201714462838,1,4012.5732648687963,1.0,1.0
2026-03-22T21:10:07.745-705391-350449,733,false,1.436253628161437,1,4012.5732648687963,1.0,1.0
2026-03-22T21:10:07.745-705391-350449,496,false,0.07807480841302372,1,4012.5732648687963,1.0,1.0
2026-03-22T21:10:07.745-705391-350449,160,false,0.5135469057890681,1,4012.5732648687963,1.0,1.0
2026-03-22T21:10:07.745-705391-350449,262,false,19.309723574636372,1,4012.5732648687963,1.0,1.0
2026-03-22T21:10:07.745-705391-350449,357,true,85.28049973367109,1,3927.292765135125,1.0,0.652
2026-03-22T21:10:07.745-705391-350449,798,false,3.62356904311635,1,3927.292765135125,1.0,1.0
2026-03-22T21:10:07.745-705391-350449,284,false,0.7188960177886009,1,3927.292765135125,1.0,1.0
2026-03-22T21:10:07.745-705391-350449,475,false,0.655778866301393,1,3927.292765135125,1.0,1.0
2026-03-22T21:10:07.745-705391-350449,452,false,1.2318222398012013,1,3927.292765135125,1.0,1.0
2026-03-22T21:10:07.745-705391-350449,660,false,4.6716143367655265,1,3927.292765135125,1.0,1.0
2026-03-22T21:10:07.745-705391-350449,909,false,2.3498617800041024,1,3927.292765135125,1.0,1.0
2026-03-22T21:10:07.745-705391-350449,74,false,4.75899504403669,1,3927.292765135125,1.0,1.0
2026-03-22T21:10:07.745-705391-350449,483,false,0.8073945817463656,1,3927.292765135125,1.0,1.0
2026-03-22T21:10:07.745-705391-350449,8,false,14.541265641952771,1,3927.292765135125,1.0,1.0
2026-03-22T21:10:07.745-705391-350449,971,false,1.0963477848874958,1,3927.292765135125,1.0,1.0
2026-03-22T21:10:07.745-705391-350449,294,false,112.99418851125843,1,3927.292765135125,1.0,1.0
2026-03-22T21:10:07.745-705391-350449,402,false,16.716736102225795,1,3927.292765135125,1.0,1.0
2026-03-22T21:10:07.745-705391-350449,904,false,1.0226174415233098,1,3927.292765135125,1.0,1.0
2026-03-22T21:10:07.745-705391-350449,610,false,9.92958990052836,1,3927.292765135125,1.0,1.0
2026-03-22T21:10:07.745-705391-350449,16,true,32.48146661342596,1,3894.811298521699,1.0,0.706
2026-03-22T21:10:07.745-705391-350449,300,false,0.06273962160624028,1,3894.811298521699,1.0,1.0
2026-03-22T21:10:07.745-705391-350449,60,true,2.005769316020363,1,3892.805529205679,1.0,0.937
2026-03-22T21:10:07.745-705391-350449,64,true,0.4555066634464707,1,3892.350022542232,1.0,0.0
2026-03-22T21:10:07.745-705391-350449,964,false,0.44123899728534366,1,3892.350022542232,1.0,1.0
2026-03-22T21:10:07.745-705391-350449,154,false,0.5847080120060795,1,3892.350022542232,1.0,1.0
2026-03-22T21:10:07.745-705391-350449,121,false,10.227359505887879,1,3892.350022542232,1.0,1.0
2026-03-22T21:10:07.745-705391-350449,808,false,6.275885636469353,1,3892.350022542232,1.0,1.0
2026-03-22T21:10:07.745-705391-350449,876,false,0.9706855480646489,1,3892.350022542232,1.0,1.0
2026-03-22T21:10:07.745-705391-350449,745,false,11.837848664663941,1,3892.350022542232,1.0,1.0
2026-03-22T21:10:07.745-705391-350449,834,false,95.63917128174496,1,3892.350022542232,1.0,1.0
2026-03-22T21:10:07.745-705391-350449,109,false,22.38614626683396,1,3892.350022542232,1.0,1.0
2026-03-22T21:10:07.745-705391-350449,222,false,0.25280126427017563,1,3892.350022542232,1.0,1.0
2026-03-22T21:10:07.745-705391-350449,48,false,34.87029790447723,1,3892.350022542232,1.0,1.0
2026-03-22T21:10:07.745-705391-350449,862,false,2.8262992524076833,1,3892.350022542232,1.0,1.0
2026-03-22T21:10:07.745-705391-350449,56,false,2.062581388770672,1,3892.350022542232,1.0,1.0
2026-03-22T21:10:07.745-705391-350449,214,false,3.8876948796416233,1,3892.350022542232,1.0,1.0
2026-03-22T21:10:07.745-705391-350449,878,false,0.38618886459508694,1,3892.350022542232,1.0,1.0
2026-03-22T21:10:07.745-705391-350449,807,false,1.5595806387531481,1,3892.350022542232,1.0,1.0
2026-03-22T21:10:07.745-705391-350449,419,false,26.787555185252195,1,3892.350022542232,1.0,1.0
2026-03-22T21:10:07.745-705391-350449,167,false,0.24342499043637503,1,3892.350022542232,1.0,1.0
2026-03-22T21:10:07.745-705391-350449,494,false,1020.8571526357057,1,3892.350022542232,1.0,1.0
2026-03-22T21:10:07.745-705391-350449,777,false,2.5498711884722227,1,3892.350022542232,1.0,1.0
2026-03-22T21:10:07.745-705391-350449,98,false,8.497175677181447,1,3892.350022542232,1.0,1.0
2026-03-22T21:10:07.745-705391-350449,100,false,1.1822412781999974,1,3892.350022542232,1.0,1.0
2026-03-22T21:10:07.745-705391-350449,581,false,23.240430275562268,1,3892.350022542232,1.0,1.0
2026-03-22T21:10:07.745-705391-350449,370,false,0.455275066291987,1,3892.350022542232,1.0,1.0
2026-03-22T21:10:07.745-705391-350449,352,false,1.6796278648784049,1,3892.350022542232,1.0,1.0
2026-03-22T21:10:07.745-705391-350449,881,false,7.665909033424325,1,3892.350022542232,1.0,1.0
2026-03-22T21:10:07.745-705391-350449,513,false,0.2819754383086005,1,3892.350022542232,1.0,1.0
2026-03-22T21:10:07.745-705391-350449,15,true,0.46176358377886917,1,3891.888258958453,1.0,0.0010000000000000009
2026-03-22T21:10:07.745-705391-350449,329,false,0.09276595937434375,1,3891.888258958453,1.0,1.0
2026-03-22T21:10:07.745-705391-350449,147,false,3.4066247741670526,1,3891.888258958453,1.0,1.0
2026-03-22T21:10:07.745-705391-350449,870,false,5.653952157935257,1,3891.888258958453,1.0,1.0
2026-03-22T21:10:07.745-705391-350449,46,false,1.7086531168434298,1,3891.888258958453,1.0,1.0
2026-03-22T21:10:07.745-705391-350449,290,false,0.3447827267562331,1,3891.888258958453,1.0,1.0
2026-03-22T21:10:07.745-705391-350449,57,true,2.045538524482918,1,3889.8427204339705,1.0,0.7010000000000001
2026-03-22T21:10:07.745-705391-350449,476,false,8.26392958353601,1,3889.8427204339705,1.0,1.0
2026-03-22T21:10:07.745-705391-350449,134,false,145.4875896884481,1,3889.8427204339705,1.0,1.0
2026-03-22T21:10:07.745-705391-350449,246,false,1.286228495518437,1,3889.8427204339705,1.0,1.0
2026-03-22T21:10:07.745-705391-350449,116,false,411.5006961473316,1,3889.8427204339705,1.0,1.0
2026-03-22T21:10:07.745-705391-350449,826,false,9.030593792158262,1,3889.8427204339705,1.0,1.0
2026-03-22T21:10:07.745-705391-350449,102,false,3.517447393317081,1,3889.8427204339705,1.0,1.0
2026-03-22T21:10:07.745-705391-350449,319,false,3.6636899049077454,1,3889.8427204339705,1.0,1.0
2026-03-22T21:10:07.745-705391-350449,471,false,1.3691570674559248,1,3889.8427204339705,1.0,1.0
2026-03-22T21:10:07.745-705391-350449,113,false,0.9338496369385243,1,3889.8427204339705,1.0,1.0
2026-03-22T21:10:07.745-705391-350449,840,false,0.019682003790160375,1,3889.8427204339705,1.0,1.0
2026-03-22T21:10:07.745-705391-350449,735,false,0.393313878790096,1,3889.8427204339705,1.0,1.0
2026-03-22T21:10:07.745-705391-350449,331,false,0.20708443366499946,1,3889.8427204339705,1.0,1.0
2026-03-22T21:10:07.745-705391-350449,171,false,0.4560419406911837,1,3889.8427204339705,1.0,1.0
2026-03-22T21:10:07.745-705391-350449,71,false,13.999990942590236,1,3889.8427204339705,1.0,1.0
2026-03-22T21:10:07.745-705391-350449,245,false,6.325632199108378,1,3889.8427204339705,1.0,1.0
2026-03-22T21:10:07.745-705391-350449,457,false,5.136082121154161,1,3889.8427204339705,1.0,1.0
2026-03-22T21:10:07.745-705391-350449,33,false,6.326697165219337,1,3889.8427204339705,1.0,1.0
2026-03-22T21:10:07.745-705391-350449,266,false,1.7549288082012011,1,3889.8427204339705,1.0,1.0
2026-03-22T21:10:07.745-705391-350449,739,false,48.634728033038165,1,3889.8427204339705,1.0,1.0
2026-03-22T21:10:07.745-705391-350449,752,false,0.49981598590001036,1,3889.8427204339705,1.0,1.0
2026-03-22T21:10:07.745-705391-350449,811,false,12.929996956154271,1,3889.8427204339705,1.0,1.0
2026-03-22T21:10:07.745-705391-350449,582,false,0.6689568352778574,1,3889.8427204339705,1.0,1.0
2026-03-22T21:10:07.745-705391-350449,967,false,8.935583025747338,1,3889.8427204339705,1.0,1.0
2026-03-22T21:10:07.745-705391-350449,366,false,0.07149525703389206,1,3889.8427204339705,1.0,1.0
2026-03-22T21:10:07.745-705391-350449,541,false,0.12068483055945409,1,3889.8427204339705,1.0,1.0
2026-03-22T21:10:07.745-705391-350449,468,true,19.615594855560193,1,3870.2271255784103,1.0,0.698
2026-03-22T21:10:07.745-705391-350449,758,false,3.9236224760062313,1,3870.2271255784103,1.0,1.0
2026-03-22T21:10:07.745-705391-350449,279,false,0.18526072235217642,1,3870.2271255784103,1.0,1.0
2026-03-22T21:10:07.745-705391-350449,836,false,18.908690411212127,1,3870.2271255784103,1.0,1.0
2026-03-22T21:10:07.745-705391-350449,251,false,4.165366586421712,1,3870.2271255784103,1.0,1.0
2026-03-22T21:10:07.745-705391-350449,420,false,0.15083740733717882,1,3870.2271255784103,1.0,1.0
2026-03-22T21:10:07.745-705391-350449,332,false,0.14498570942337158,1,3870.2271255784103,1.0,1.0
2026-03-22T21:10:07.745-705391-350449,571,true,65.82362662507163,1,3804.403498953339,1.0,0.698
2026-03-22T21:10:07.745-705391-350449,328,false,1.350581687489538,1,3804.403498953339,1.0,1.0
2026-03-22T21:10:07.745-705391-350449,143,false,4.067525296804368,1,3804.403498953339,1.0,1.0
2026-03-22T21:10:07.745-705391-350449,384,false,5.08467317085039,1,3804.403498953339,1.0,1.0
2026-03-22T21:10:07.745-705391-350449,615,false,12.50226284795505,1,3804.403498953339,1.0,1.0
2026-03-22T21:10:07.745-705391-350449,28,false,0.06684698676473981,1,3804.403498953339,1.0,1.0
2026-03-22T21:10:07.745-705391-350449,493,false,16.32710163038801,1,3804.403498953339,1.0,1.0
2026-03-22T21:10:07.745-705391-350449,336,false,0.808845693281614,1,3804.403498953339,1.0,1.0
2026-03-22T21:10:07.745-705391-350449,933,false,11.460617729981312,1,3804.403498953339,1.0,1.0
2026-03-22T21:10:07.745-705391-350449,796,false,0.14425121093447607,1,3804.403498953339,1.0,1.0
2026-03-22T21:10:07.745-705391-350449,141,false,0.2971233605834004,1,3804.403498953339,1.0,1.0
2026-03-22T21:10:07.745-705391-350449,799,false,17.79894320560212,1,3804.403498953339,1.0,1.0
2026-03-22T21:10:07.745-705391-350449,89,false,96.28128504029111,1,3804.403498953339,1.0,1.0
2026-03-22T21:10:07.745-705391-350449,39,false,5.994537417930549,1,3804.403498953339,1.0,1.0
2026-03-22T21:10:07.745-705391-350449,991,false,99.17049944095847,1,3804.403498953339,1.0,1.0
2026-03-22T21:10:07.745-705391-350449,138,false,3.236664082593318,1,3804.403498953339,1.0,1.0
2026-03-22T21:10:07.745-705391-350449,42,false,1.9136185464477584,1,3804.403498953339,1.0,1.0
2026-03-22T21:10:07.745-705391-350449,75,false,17.99772817391174,1,3804.403498953339,1.0,1.0
2026-03-22T21:10:07.745-705391-350449,169,false,0.12228997530358464,1,3804.403498953339,1.0,1.0
2026-03-22T21:10:07.745-705391-350449,662,false,68.29993060218092,1,3804.403498953339,1.0,1.0
2026-03-22T21:10:07.745-705391-350449,153,false,0.8649166394318472,1,3804.403498953339,1.0,1.0
2026-03-22T21:10:07.745-705391-350449,125,false,0.1790615442628847,1,3804.403498953339,1.0,1.0
2026-03-22T21:10:07.745-705391-350449,521,false,29.352322732565508,1,3804.403498953339,1.0,1.0
2026-03-22T21:10:07.745-705391-350449,928,false,5.856659157946014,1,3804.403498953339,1.0,1.0
2026-03-22T21:10:07.745-705391-350449,368,false,0.006424366577212016,1,3804.403498953339,1.0,1.0
2026-03-22T21:10:07.745-705391-350449,427,false,1.5853325498267585,1,3804.403498953339,1.0,1.0
2026-03-22T21:10:07.745-705391-350449,405,false,1.8321728963631208,1,3804.403498953339,1.0,1.0
2026-03-22T21:10:07.745-705391-350449,298,false,56.44318263337562,1,3804.403498953339,1.0,1.0
2026-03-22T21:10:07.745-705391-350449,80,false,371.55167488519413,1,3804.403498953339,1.0,1.0
2026-03-22T21:10:07.745-705391-350449,179,false,1.3887444873454018,1,3804.403498953339,1.0,1.0
2026-03-22T21:10:07.745-705391-350449,77,false,3.6814451554921326,1,3804.403498953339,1.0,1.0
2026-03-22T21:10:07.745-705391-350449,708,false,1.4262145443993355,1,3804.403498953339,1.0,1.0
2026-03-22T21:10:07.745-705391-350449,546,false,2.4991772282140348,1,3804.403498953339,1.0,1.0
2026-03-22T21:10:07.745-705391-350449,710,false,6.52095710935753,1,3804.403498953339,1.0,1.0
2026-03-22T21:10:07.745-705391-350449,806,false,4.802534303235588,1,3804.403498953339,1.0,1.0
2026-03-22T21:10:07.745-705391-350449,764,true,2.370592721823537,1,3802.0329062315154,1.0,0.71
2026-03-22T21:10:07.745-705391-350449,871,false,0.17741117728688577,1,3802.0329062315154,1.0,1.0
2026-03-22T21:10:07.745-705391-350449,398,false,10.427487989377282,1,3802.0329062315154,1.0,1.0
2026-03-22T21:10:07.745-705391-350449,18,true,0.24829536855209114,1,3801.7846108629633,1.0,0.0
2026-03-22T21:10:07.745-705391-350449,501,false,0.8243423399994155,1,3801.7846108629633,1.0,1.0
2026-03-22T21:10:07.745-705391-350449,192,false,0.4960229058295362,1,3801.7846108629633,1.0,1.0
2026-03-22T21:10:07.745-705391-350449,913,false,0.01086809615669902,1,3801.7846108629633,1.0,1.0
2026-03-22T21:10:07.745-705391-350449,648,false,89.55305032658376,1,3801.7846108629633,1.0,1.0
2026-03-22T21:10:07.745-705391-350449,882,false,39.82509748033517,1,3801.7846108629633,1.0,1.0
2026-03-22T21:10:07.745-705391-350449,563,false,5.224106639865615,1,3801.7846108629633,1.0,1.0
2026-03-22T21:10:07.745-705391-350449,53,false,79.75035099660434,1,3801.7846108629633,1.0,1.0
2026-03-22T21:10:07.745-705391-350449,226,false,0.2898548045410527,1,3801.7846108629633,1.0,1.0
2026-03-22T21:10:07.745-705391-350449,767,true,0.3397498787549837,1,3801.4448609842084,1.0,0.7010000000000001
2026-03-22T21:10:07.745-705391-350449,446,true,9.67957980576936,1,3791.765281178439,1.0,0.687
2026-03-22T21:10:07.745-705391-350449,606,false,10.642055664298422,1,3791.765281178439,1.0,1.0
2026-03-22T21:10:07.745-705391-350449,124,false,0.419785617601962,1,3791.765281178439,1.0,1.0
2026-03-22T21:10:07.745-705391-350449,652,false,42.872804421347695,1,3791.765281178439,1.0,1.0
2026-03-22T21:10:07.745-705391-350449,814,false,1.9055849978599186,1,3791.765281178439,1.0,1.0
2026-03-22T21:10:07.745-705391-350449,123,false,16.43973439122964,1,3791.765281178439,1.0,1.0
2026-03-22T21:10:07.745-705391-350449,306,false,0.5762835157218456,1,3791.765281178439,1.0,1.0
2026-03-22T21:10:07.745-705391-350449,583,false,1.2958025505615192,1,3791.765281178439,1.0,1.0
2026-03-22T21:10:07.745-705391-350449,480,false,3.9075117518921014,1,3791.765281178439,1.0,1.0
2026-03-22T21:10:07.745-705391-350449,725,false,84.8706771520772,1,3791.765281178439,1.0,1.0
2026-03-22T21:10:07.745-705391-350449,683,false,2.0619587589393937,1,3791.765281178439,1.0,1.0
2026-03-22T21:10:07.745-705391-350449,852,false,281.4877486803875,1,3791.765281178439,1.0,1.0
2026-03-22T21:10:07.745-705391-350449,341,false,3.0145183660915493,1,3791.765281178439,1.0,1.0
2026-03-22T21:10:07.745-705391-350449,217,false,0.3110879525521728,1,3791.765281178439,1.0,1.0
2026-03-22T21:10:07.745-705391-350449,828,false,0.26403062674986444,1,3791.765281178439,1.0,1.0
2026-03-22T21:10:07.745-705391-350449,715,false,3.837002337154213,1,3791.765281178439,1.0,1.0
2026-03-22T21:10:07.745-705391-350449,411,false,41.20129910375564,1,3791.765281178439,1.0,1.0
2026-03-22T21:10:07.745-705391-350449,7,false,2.3807179149716826,1,3791.765281178439,1.0,1.0
2026-03-22T21:10:07.745-705391-350449,564,false,81.54046986885098,1,3791.765281178439,1.0,1.0
2026-03-22T21:10:07.745-705391-350449,459,false,0.9312536379544417,1,3791.765281178439,1.0,1.0
2026-03-22T21:10:07.745-705391-350449,131,false,0.20565985736106016,1,3791.765281178439,1.0,1.0
2026-03-22T21:10:07.745-705391-350449,539,false,10.32152490600892,1,3791.765281178439,1.0,1.0
2026-03-22T21:10:07.745-705391-350449,947,false,0.36001572880737104,1,3791.765281178439,1.0,1.0
2026-03-22T21:10:07.745-705391-350449,235,false,179.86855773034424,1,3791.765281178439,1.0,1.0
2026-03-22T21:10:07.745-705391-350449,540,false,3.4064464317540155,1,3791.765281178439,1.0,1.0
2026-03-22T21:10:07.745-705391-350449,673,false,8.175926028335528,1,3791.765281178439,1.0,1.0
2026-03-22T21:10:07.745-705391-350449,191,false,10.485205469266427,1,3791.765281178439,1.0,1.0
2026-03-22T21:10:07.745-705391-350449,481,false,0.3594958920403815,1,3791.765281178439,1.0,1.0
2026-03-22T21:10:07.745-705391-350449,299,false,1.4398413381748005,1,3791.765281178439,1.0,1.0
2026-03-22T21:10:07.745-705391-350449,537,false,31.106940061892384,1,3791.765281178439,1.0,1.0
2026-03-22T21:10:07.745-705391-350449,969,false,1.6115539537944874,1,3791.765281178439,1.0,1.0
2026-03-22T21:10:07.745-705391-350449,912,false,1.1319372857392265,1,3791.765281178439,1.0,1.0
2026-03-22T21:10:07.745-705391-350449,288,false,1.3464874940621556,1,3791.765281178439,1.0,1.0
2026-03-22T21:10:07.745-705391-350449,257,false,3.1100828820579465,1,3791.765281178439,1.0,1.0
2026-03-22T21:10:07.745-705391-350449,316,false,32.413475954176434,1,3791.765281178439,1.0,1.0
2026-03-22T21:10:07.745-705391-350449,663,false,15.641613326251084,1,3791.765281178439,1.0,1.0
2026-03-22T21:10:07.745-705391-350449,783,false,6.653529616136644,1,3791.765281178439,1.0,1.0
2026-03-22T21:10:07.745-705391-350449,595,false,2.123610933794825,1,3791.765281178439,1.0,1.0
2026-03-22T21:10:07.745-705391-350449,741,false,4.742941873981703,1,3791.765281178439,1.0,1.0
2026-03-22T21:10:07.745-705391-350449,634,false,2.0603372291878745,1,3791.765281178439,1.0,1.0
2026-03-22T21:10:07.745-705391-350449,320,false,1.8826162063092942,1,3791.765281178439,1.0,1.0
2026-03-22T21:10:07.745-705391-350449,737,false,0.6908514210652733,1,3791.765281178439,1.0,1.0
2026-03-22T21:10:07.745-705391-350449,354,false,0.0870060957948659,1,3791.765281178439,1.0,1.0
2026-03-22T21:10:07.745-705391-350449,738,false,1.7777955035734885,1,3791.765281178439,1.0,1.0
2026-03-22T21:10:07.745-705391-350449,556,false,2.9834533595038124,1,3791.765281178439,1.0,1.0
2026-03-22T21:10:07.745-705391-350449,394,false,81.08337441466125,1,3791.765281178439,1.0,1.0
2026-03-22T21:10:07.745-705391-350449,782,false,0.9584582589382894,1,3791.765281178439,1.0,1.0
2026-03-22T21:10:07.745-705391-350449,776,false,5.3252095319409465,1,3791.765281178439,1.0,1.0
2026-03-22T21:10:07.745-705391-350449,600,false,1.16965876734914,1,3791.765281178439,1.0,1.0
2026-03-22T21:10:07.745-705391-350449,399,false,3.457405009172285,1,3791.765281178439,1.0,1.0
2026-03-22T21:10:07.745-705391-350449,597,false,0.19756168503696483,1,3791.765281178439,1.0,1.0
2026-03-22T21:10:07.745-705391-350449,176,false,7.549436655045313,1,3791.765281178439,1.0,1.0
2026-03-22T21:10:07.745-705391-350449,265,false,0.03096058810649929,1,3791.765281178439,1.0,1.0
2026-03-22T21:10:07.745-705391-350449,593,false,6.686030522616271,1,3791.765281178439,1.0,1.0
2026-03-22T21:10:07.745-705391-350449,462,true,4.5768851432343745,1,3787.1883960352047,1.0,0.09699999999999998
2026-03-22T21:10:07.745-705391-350449,105,false,24.02858970637838,1,3787.1883960352047,1.0,1.0
2026-03-22T21:10:07.745-705391-350449,986,false,0.15052926517728732,1,3787.1883960352047,1.0,1.0
2026-03-22T21:10:07.745-705391-350449,864,false,0.32418553911402415,1,3787.1883960352047,1.0,1.0
2026-03-22T21:10:07.745-705391-350449,970,false,0.8995120846238864,1,3787.1883960352047,1.0,1.0
2026-03-22T21:10:07.745-705391-350449,812,false,38.66080430465538,1,3787.1883960352047,1.0,1.0
2026-03-22T21:10:07.745-705391-350449,821,false,0.4440725807334803,1,3787.1883960352047,1.0,1.0
2026-03-22T21:10:07.745-705391-350449,617,false,4.119711105454922,1,3787.1883960352047,1.0,1.0
2026-03-22T21:10:07.745-705391-350449,747,false,3.9362072176366754,1,3787.1883960352047,1.0,1.0
2026-03-22T21:10:07.745-705391-350449,249,false,0.07938138277058072,1,3787.1883960352047,1.0,1.0
2026-03-22T21:10:07.745-705391-350449,935,false,31.243659086032327,1,3787.1883960352047,1.0,1.0
2026-03-22T21:10:07.745-705391-350449,529,false,143.69206817981973,1,3787.1883960352047,1.0,1.0
2026-03-22T21:10:07.745-705391-350449,674,false,16.44124337621498,1,3787.1883960352047,1.0,1.0
2026-03-22T21:10:07.745-705391-350449,449,true,8.919324324298799,1,3778.269071710906,1.0,0.655
2026-03-22T21:10:07.745-705391-350449,538,false,0.43282234878772324,1,3778.269071710906,1.0,1.0
2026-03-22T21:10:07.745-705391-350449,950,false,0.2906942194386634,1,3778.269071710906,1.0,1.0
2026-03-22T21:10:07.745-705391-350449,371,false,0.3212291890628636,1,3778.269071710906,1.0,1.0
2026-03-22T21:10:07.745-705391-350449,716,false,12.478249788031414,1,3778.269071710906,1.0,1.0
2026-03-22T21:10:07.745-705391-350449,68,false,0.03606662116538796,1,3778.269071710906,1.0,1.0
2026-03-22T21:10:07.745-705391-350449,843,false,16.00450476530031,1,3778.269071710906,1.0,1.0
2026-03-22T21:10:07.745-705391-350449,892,false,50.624670525885286,1,3778.269071710906,1.0,1.0
2026-03-22T21:10:07.745-705391-350449,401,false,0.0440146272458555,1,3778.269071710906,1.0,1.0
2026-03-22T21:10:07.745-705391-350449,621,true,11.803010523912848,1,3766.466061186993,1.0,0.675
2026-03-22T21:10:07.745-705391-350449,130,false,0.48509957502778833,1,3766.466061186993,1.0,1.0
2026-03-22T21:10:07.745-705391-350449,41,false,8.5102974805684,1,3766.466061186993,1.0,1.0
2026-03-22T21:10:07.745-705391-350449,333,false,1.6399584727512722,1,3766.466061186993,1.0,1.0
2026-03-22T21:10:07.745-705391-350449,574,true,0.6367354613916949,1,3765.8293257256014,1.0,0.669
2026-03-22T21:10:07.745-705391-350449,188,false,132.810363768449,1,3765.8293257256014,1.0,1.0
2026-03-22T21:10:07.745-705391-350449,923,false,4.096779329685129,1,3765.8293257256014,1.0,1.0
2026-03-22T21:10:07.745-705391-350449,542,false,0.7049888368341347,1,3765.8293257256014,1.0,1.0
2026-03-22T21:10:07.745-705391-350449,524,true,0.876143357517225,1,3764.953182368084,1.0,0.868
2026-03-22T21:10:07.745-705391-350449,860,true,0.3946802986031587,1,3764.5585020694807,1.0,0.714
2026-03-22T21:10:07.745-705391-350449,671,false,10.013272910881788,1,3764.5585020694807,1.0,1.0
2026-03-22T21:10:07.745-705391-350449,678,false,4.83414074530609,1,3764.5585020694807,1.0,1.0
2026-03-22T21:10:07.745-705391-350449,422,false,34.02637833378249,1,3764.5585020694807,1.0,1.0
2026-03-22T21:10:07.745-705391-350449,873,false,1.6366905165633518,1,3764.5585020694807,1.0,1.0
2026-03-22T21:10:07.745-705391-350449,338,false,49.02540082535722,1,3764.5585020694807,1.0,1.0
2026-03-22T21:10:07.745-705391-350449,159,false,2.6210350632590202,1,3764.5585020694807,1.0,1.0
2026-03-22T21:10:07.745-705391-350449,903,false,3.1867495351261153,1,3764.5585020694807,1.0,1.0
2026-03-22T21:10:07.745-705391-350449,132,false,201.8799245536153,1,3764.5585020694807,1.0,1.0
2026-03-22T21:10:07.745-705391-350449,665,false,3.1933618843393714,1,3764.5585020694807,1.0,1.0
2026-03-22T21:10:07.745-705391-350449,601,false,37.10926947410101,1,3764.5585020694807,1.0,1.0
2026-03-22T21:10:07.745-705391-350449,255,false,6.91960907583798,1,3764.5585020694807,1.0,1.0
2026-03-22T21:10:07.745-705391-350449,499,false,0.7650697545554068,1,3764.5585020694807,1.0,1.0
2026-03-22T21:10:07.745-705391-350449,771,false,3.3252845588224904,1,3764.5585020694807,1.0,1.0
2026-03-22T21:10:07.745-705391-350449,553,false,363.9031022723775,1,3764.5585020694807,1.0,1.0
2026-03-22T21:10:07.745-705391-350449,275,false,41.548547003477374,1,3764.5585020694807,1.0,1.0
2026-03-22T21:10:07.745-705391-350449,277,false,20.731679079252995,1,3764.5585020694807,1.0,1.0
2026-03-22T21:10:07.745-705391-350449,636,false,37.89181026693182,1,3764.5585020694807,1.0,1.0
2026-03-22T21:10:07.745-705391-350449,596,false,6.31556695099873,1,3764.5585020694807,1.0,1.0
2026-03-22T21:10:07.745-705391-350449,616,false,12.138612477148799,1,3764.5585020694807,1.0,1.0
2026-03-22T21:10:07.745-705391-350449,880,false,5.114928076067367,1,3764.5585020694807,1.0,1.0
2026-03-22T21:10:07.745-705391-350449,946,false,0.48181432992205775,1,3764.5585020694807,1.0,1.0
2026-03-22T21:10:07.745-705391-350449,238,false,4.482288119619136,1,3764.5585020694807,1.0,1.0
2026-03-22T21:10:07.745-705391-350449,218,false,60.351321800979136,1,3764.5585020694807,1.0,1.0
2026-03-22T21:10:07.745-705391-350449,19,true,16.145256334111185,1,3748.4132457353694,1.0,0.0010000000000000009
2026-03-22T21:10:07.745-705391-350449,469,false,0.1383380775879653,1,3748.4132457353694,1.0,1.0
2026-03-22T21:10:07.745-705391-350449,792,false,7.445796750017285,1,3748.4132457353694,1.0,1.0
2026-03-22T21:10:07.745-705391-350449,975,false,0.22843466922010006,1,3748.4132457353694,1.0,1.0
2026-03-22T21:10:07.745-705391-350449,944,false,0.8618426128300188,1,3748.4132457353694,1.0,1.0
2026-03-22T21:10:07.745-705391-350449,88,false,5.448731167044563,1,3748.4132457353694,1.0,1.0
2026-03-22T21:10:07.745-705391-350449,962,false,1.8061852794176574,1,3748.4132457353694,1.0,1.0
2026-03-22T21:10:07.745-705391-350449,769,true,0.41693729046719424,1,3747.9963084449023,1.0,0.6839999999999999
2026-03-22T21:10:07.745-705391-350449,165,false,3.7281365410284146,1,3747.9963084449023,1.0,1.0
2026-03-22T21:10:07.745-705391-350449,62,false,0.18176040880439492,1,3747.9963084449023,1.0,1.0
2026-03-22T21:10:07.745-705391-350449,585,false,0.4008496655351925,1,3747.9963084449023,1.0,1.0
2026-03-22T21:10:07.745-705391-350449,9,false,0.7961230910836135,1,3747.9963084449023,1.0,1.0
2026-03-22T21:10:07.745-705391-350449,918,false,1.4122089845231178,1,3747.9963084449023,1.0,1.0
2026-03-22T21:10:07.745-705391-350449,658,false,0.19562004430843122,1,3747.9963084449023,1.0,1.0
2026-03-22T21:10:07.745-705391-350449,666,false,10.328607763052192,1,3747.9963084449023,1.0,1.0
2026-03-22T21:10:07.745-705391-350449,989,false,0.1260853915943898,1,3747.9963084449023,1.0,1.0
2026-03-22T21:10:07.745-705391-350449,95,false,1.1592071685792267,1,3747.9963084449023,1.0,1.0
2026-03-22T21:10:07.745-705391-350449,532,false,45.366876572871206,1,3747.9963084449023,1.0,1.0
2026-03-22T21:10:07.745-705391-350449,383,false,3.742404683416628,1,3747.9963084449023,1.0,1.0
2026-03-22T21:10:07.745-705391-350449,196,true,21.865492173916795,1,3726.1308162709856,1.0,0.857
2026-03-22T21:10:07.745-705391-350449,129,false,1.8674382067106896,1,3726.1308162709856,1.0,1.0
2026-03-22T21:10:07.745-705391-350449,797,false,0.46206685204525955,1,3726.1308162709856,1.0,1.0
2026-03-22T21:10:07.745-705391-350449,605,false,0.07902748435278523,1,3726.1308162709856,1.0,1.0
2026-03-22T21:10:07.745-705391-350449,874,false,25.35762673448201,1,3726.1308162709856,1.0,1.0
2026-03-22T21:10:07.745-705391-350449,391,false,0.08811934226962224,1,3726.1308162709856,1.0,1.0
2026-03-22T21:10:07.745-705391-350449,833,false,1.266692978834421,1,3726.1308162709856,1.0,1.0
2026-03-22T21:10:07.745-705391-350449,772,true,15.751052339899164,1,3710.3797639310865,1.0,0.849
2026-03-22T21:10:07.745-705391-350449,727,false,1.0065254087643425,1,3710.3797639310865,1.0,1.0
2026-03-22T21:10:07.745-705391-350449,115,false,2.1167816187586097,1,3710.3797639310865,1.0,1.0
2026-03-22T21:10:07.745-705391-350449,838,false,10.811852478263996,1,3710.3797639310865,1.0,1.0
2026-03-22T21:10:07.745-705391-350449,5,false,13.249334300001705,1,3710.3797639310865,1.0,1.0
2026-03-22T21:10:07.745-705391-350449,355,true,1.2002373347498796,1,3709.1795265963365,1.0,0.86
2026-03-22T21:10:07.745-705391-350449,183,false,1.6447601512828236,1,3709.1795265963365,1.0,1.0
2026-03-22T21:10:07.745-705391-350449,158,false,1.6641404192238445,1,3709.1795265963365,1.0,1.0
2026-03-22T21:10:07.745-705391-350449,531,false,3.901589204458293,1,3709.1795265963365,1.0,1.0
2026-03-22T21:10:07.745-705391-350449,515,false,20.607971758101662,1,3709.1795265963365,1.0,1.0
2026-03-22T21:10:07.745-705391-350449,241,false,17.791497931246862,1,3709.1795265963365,1.0,1.0
2026-03-22T21:10:07.745-705391-350449,778,false,284.7273320323958,1,3709.1795265963365,1.0,1.0
2026-03-22T21:10:07.745-705391-350449,233,false,20.837252138084033,1,3709.1795265963365,1.0,1.0
2026-03-22T21:10:07.745-705391-350449,915,false,31.791887634963707,1,3709.1795265963365,1.0,1.0
2026-03-22T21:10:07.745-705391-350449,948,false,3.393961741592155,1,3709.1795265963365,1.0,1.0
2026-03-22T21:10:07.745-705391-350449,667,false,30.79337091059363,1,3709.1795265963365,1.0,1.0
2026-03-22T21:10:07.745-705391-350449,544,false,36.88948477380908,1,3709.1795265963365,1.0,1.0
2026-03-22T21:10:07.745-705391-350449,309,false,9.29444427947593,1,3709.1795265963365,1.0,1.0
2026-03-22T21:10:07.745-705391-350449,292,false,0.2227505863154569,1,3709.1795265963365,1.0,1.0
2026-03-22T21:10:07.745-705391-350449,322,false,10.202953136642682,1,3709.1795265963365,1.0,1.0
2026-03-22T21:10:07.745-705391-350449,803,false,2.0893216216558934,1,3709.1795265963365,1.0,1.0
2026-03-22T21:10:07.745-705391-350449,723,false,2.0036442658466385,1,3709.1795265963365,1.0,1.0
2026-03-22T21:10:07.745-705391-350449,86,false,0.9778212248248047,1,3709.1795265963365,1.0,1.0
2026-03-22T21:10:07.745-705391-350449,204,false,0.2684757607740775,1,3709.1795265963365,1.0,1.0
2026-03-22T21:10:07.745-705391-350449,748,false,1.315039580521356,1,3709.1795265963365,1.0,1.0
2026-03-22T21:10:07.745-705391-350449,689,false,17.682292349923937,1,3709.1795265963365,1.0,1.0
2026-03-22T21:10:07.745-705391-350449,901,false,2.3400046795927945,1,3709.1795265963365,1.0,1.0
2026-03-22T21:10:07.745-705391-350449,278,false,3.3058669967683323,1,3709.1795265963365,1.0,1.0
2026-03-22T21:10:07.745-705391-350449,136,false,0.2821953743279373,1,3709.1795265963365,1.0,1.0
2026-03-22T21:10:07.745-705391-350449,97,false,10.115479984971762,1,3709.1795265963365,1.0,1.0
2026-03-22T21:10:07.745-705391-350449,598,false,0.2997719442195736,1,3709.1795265963365,1.0,1.0
2026-03-22T21:10:07.745-705391-350449,82,false,0.298340145381416,1,3709.1795265963365,1.0,1.0
2026-03-22T21:10:07.745-705391-350449,779,false,24.033646154706563,1,3709.1795265963365,1.0,1.0
2026-03-22T21:10:07.745-705391-350449,205,false,0.35908318543511586,1,3709.1795265963365,1.0,1.0
2026-03-22T21:10:07.745-705391-350449,380,false,4.041409389940851,1,3709.1795265963365,1.0,1.0
2026-03-22T21:10:07.745-705391-350449,693,false,1.6077857168207828,1,3709.1795265963365,1.0,1.0
2026-03-22T21:10:07.745-705391-350449,287,false,20.145018424045006,1,3709.1795265963365,1.0,1.0
2026-03-22T21:10:07.745-705391-350449,640,false,16.008411367355237,1,3709.1795265963365,1.0,1.0
2026-03-22T21:10:07.745-705391-350449,486,false,10.515150925694332,1,3709.1795265963365,1.0,1.0
2026-03-22T21:10:07.745-705391-350449,314,false,16.640510062044957,1,3709.1795265963365,1.0,1.0
2026-03-22T21:10:07.745-705391-350449,929,false,0.34410127419331776,1,3709.1795265963365,1.0,1.0
2026-03-22T21:10:07.745-705391-350449,851,false,18.437147832707378,1,3709.1795265963365,1.0,1.0
2026-03-22T21:10:07.745-705391-350449,643,false,0.667471645643324,1,3709.1795265963365,1.0,1.0
2026-03-22T21:10:07.745-705391-350449,518,false,0.2023974927565166,1,3709.1795265963365,1.0,1.0
2026-03-22T21:10:07.745-705391-350449,461,true,1.08534678977286,1,3708.0941798065637,1.0,0.02100000000000002
2026-03-22T21:10:07.745-705391-350449,99,false,13.984741621128249,1,3708.0941798065637,1.0,1.0
2026-03-22T21:10:07.745-705391-350449,187,false,16.233162113923754,1,3708.0941798065637,1.0,1.0
2026-03-22T21:10:07.745-705391-350449,536,false,44.752454862465235,1,3708.0941798065637,1.0,1.0
2026-03-22T21:10:07.745-705391-350449,144,false,4.555208240196926,1,3708.0941798065637,1.0,1.0
2026-03-22T21:10:07.745-705391-350449,3,false,6.930616170909713,1,3708.0941798065637,1.0,1.0
2026-03-22T21:10:07.745-705391-350449,711,false,67.16232331005891,1,3708.0941798065637,1.0,1.0
2026-03-22T21:10:07.745-705391-350449,45,false,38.47361568059578,1,3708.0941798065637,1.0,1.0
2026-03-22T21:10:07.745-705391-350449,841,false,0.9622911050202765,1,3708.0941798065637,1.0,1.0
2026-03-22T21:10:07.745-705391-350449,492,false,9.886807213912705,1,3708.0941798065637,1.0,1.0
2026-03-22T21:10:07.745-705391-350449,847,false,0.5891477485878618,1,3708.0941798065637,1.0,1.0
2026-03-22T21:10:07.745-705391-350449,455,false,0.9686545147841239,1,3708.0941798065637,1.0,1.0
2026-03-22T21:10:07.745-705391-350449,520,false,10.322774045923959,1,3708.0941798065637,1.0,1.0
2026-03-22T21:10:07.745-705391-350449,805,false,0.4263283779697809,1,3708.0941798065637,1.0,1.0
2026-03-22T21:10:07.745-705391-350449,337,false,1.4662923792693878,1,3708.0941798065637,1.0,1.0
2026-03-22T21:10:07.745-705391-350449,619,true,3.466401472818745,1,3704.627778333745,1.0,0.0
2026-03-22T21:10:07.745-705391-350449,382,false,299.00840064612714,1,3704.627778333745,1.0,1.0
2026-03-22T21:10:07.745-705391-350449,780,false,4.163160107718866,1,3704.627778333745,1.0,1.0
2026-03-22T21:10:07.745-705391-350449,345,false,1.1298671558485713,1,3704.627778333745,1.0,1.0
2026-03-22T21:10:07.745-705391-350449,995,false,4.295192967396788,1,3704.627778333745,1.0,1.0
2026-03-22T21:10:07.745-705391-350449,239,false,0.5944433695756158,1,3704.627778333745,1.0,1.0
2026-03-22T21:10:07.745-705391-350449,568,true,3.2525161513144094,1,3701.3752621824306,1.0,0.0
2026-03-22T21:10:07.745-705391-350449,318,false,0.37357003150108836,1,3701.3752621824306,1.0,1.0
2026-03-22T21:10:07.745-705391-350449,952,false,4.312026994102476,1,3701.3752621824306,1.0,1.0
2026-03-22T21:10:07.745-705391-350449,793,false,4.043067272197129,1,3701.3752621824306,1.0,1.0
2026-03-22T21:10:07.745-705391-350449,888,false,4.026756247799651,1,3701.3752621824306,1.0,1.0
2026-03-22T21:10:07.745-705391-350449,90,false,184.1377391840587,1,3701.3752621824306,1.0,1.0
2026-03-22T21:10:07.745-705391-350449,603,false,11.331870469411653,1,3701.3752621824306,1.0,1.0
2026-03-22T21:10:07.745-705391-350449,990,false,0.2496569551154959,1,3701.3752621824306,1.0,1.0
2026-03-22T21:10:07.745-705391-350449,38,false,8.659185907720394,1,3701.3752621824306,1.0,1.0
2026-03-22T21:10:07.745-705391-350449,137,false,1.2580643244544942,1,3701.3752621824306,1.0,1.0
2026-03-22T21:10:07.745-705391-350449,296,false,4.855178922813361,1,3701.3752621824306,1.0,1.0
2026-03-22T21:10:07.745-705391-350449,718,false,0.7736593341552855,1,3701.3752621824306,1.0,1.0
2026-03-22T21:10:07.745-705391-350449,647,false,9.137708891490915,1,3701.3752621824306,1.0,1.0
2026-03-22T21:10:07.745-705391-350449,589,false,0.17421458643498902,1,3701.3752621824306,1.0,1.0
2026-03-22T21:10:07.745-705391-350449,274,false,28.34782510249173,1,3701.3752621824306,1.0,1.0
2026-03-22T21:10:07.745-705391-350449,431,false,2.8026692052520756,1,3701.3752621824306,1.0,1.0
2026-03-22T21:10:07.745-705391-350449,730,false,4.166114528767926,1,3701.3752621824306,1.0,1.0
2026-03-22T21:10:07.745-705391-350449,32,false,1.188083941278349,1,3701.3752621824306,1.0,1.0
2026-03-22T21:10:07.745-705391-350449,363,true,6.787843129745291,1,3694.587419052685,1.0,0.0020000000000000018
2026-03-22T21:10:07.745-705391-350449,388,false,0.09532254601935593,1,3694.587419052685,1.0,1.0
2026-03-22T21:10:07.745-705391-350449,264,false,13.608960053806062,1,3694.587419052685,1.0,1.0
2026-03-22T21:10:07.745-705391-350449,579,false,10.291975563740372,1,3694.587419052685,1.0,1.0
2026-03-22T21:10:07.745-705391-350449,984,false,0.571329801408348,1,3694.587419052685,1.0,1.0
2026-03-22T21:10:07.745-705391-350449,859,true,1.73283551357954,1,3692.8545835391055,1.0,0.0030000000000000027
2026-03-22T21:10:07.745-705391-350449,313,false,0.8272541179831536,1,3692.8545835391055,1.0,1.0
2026-03-22T21:10:07.745-705391-350449,580,false,0.6216487695721509,1,3692.8545835391055,1.0,1.0
2026-03-22T21:10:07.745-705391-350449,744,false,2.392634713600437,1,3692.8545835391055,1.0,1.0
2026-03-22T21:10:07.745-705391-350449,140,false,59.73844615288378,1,3692.8545835391055,1.0,1.0
2026-03-22T21:10:07.745-705391-350449,387,false,5.789493444050574,1,3692.8545835391055,1.0,1.0
2026-03-22T21:10:07.745-705391-350449,681,false,2.715494588732909,1,3692.8545835391055,1.0,1.0
2026-03-22T21:10:07.745-705391-350449,822,false,115.2032067966923,1,3692.8545835391055,1.0,1.0
2026-03-22T21:10:07.745-705391-350449,809,false,0.6501838074642188,1,3692.8545835391055,1.0,1.0
2026-03-22T21:10:07.745-705391-350449,114,false,0.16918503421691006,1,3692.8545835391055,1.0,1.0
2026-03-22T21:10:07.745-705391-350449,654,false,11.11827057770224,1,3692.8545835391055,1.0,1.0
2026-03-22T21:10:07.745-705391-350449,883,false,8.324218902752726,1,3692.8545835391055,1.0,1.0
2026-03-22T21:10:07.745-705391-350449,765,true,0.5987487283683178,1,3692.2558348107373,1.0,0.0
2026-03-22T21:10:07.745-705391-350449,447,true,2.284494438978894,1,3689.9713403717583,1.0,0.0
2026-03-22T21:10:07.745-705391-350449,324,false,0.35547431052501655,1,3689.9713403717583,1.0,1.0
2026-03-22T21:10:07.745-705391-350449,837,false,0.12885729389295025,1,3689.9713403717583,1.0,1.0
2026-03-22T21:10:07.745-705391-350449,149,false,8.677569394295245,1,3689.9713403717583,1.0,1.0
2026-03-22T21:10:07.745-705391-350449,414,false,0.6494158637702558,1,3689.9713403717583,1.0,1.0
2026-03-22T21:10:07.745-705391-350449,685,false,5.6780470117530495,1,3689.9713403717583,1.0,1.0
2026-03-22T21:10:07.745-705391-350449,896,false,2.8595553171017096,1,3689.9713403717583,1.0,1.0
2026-03-22T21:10:07.745-705391-350449,59,false,0.019041666462398243,1,3689.9713403717583,1.0,1.0
2026-03-22T21:10:07.745-705391-350449,766,false,0.2004092468442416,1,3689.9713403717583,1.0,1.0
2026-03-22T21:10:07.745-705391-350449,633,false,6.003765458193208,1,3689.9713403717583,1.0,1.0
2026-03-22T21:10:07.745-705391-350449,282,false,1.352033513030362,1,3689.9713403717583,1.0,1.0
2026-03-22T21:10:07.745-705391-350449,460,true,2.4553073831541,1,3687.5160329886044,1.0,0.0
2026-03-22T21:10:07.745-705391-350449,712,false,1.4862083197948748,1,3687.5160329886044,1.0,1.0
2026-03-22T21:10:07.745-705391-350449,728,false,0.7943245770572168,1,3687.5160329886044,1.0,1.0
2026-03-22T21:10:07.745-705391-350449,440,false,68.87811123463263,1,3687.5160329886044,1.0,1.0
2026-03-22T21:10:07.745-705391-350449,173,false,0.7181792522544402,1,3687.5160329886044,1.0,1.0
2026-03-22T21:10:07.745-705391-350449,706,false,0.13542930680693874,1,3687.5160329886044,1.0,1.0
2026-03-22T21:10:07.745-705391-350449,849,false,0.17004464050548815,1,3687.5160329886044,1.0,1.0
2026-03-22T21:10:07.745-705391-350449,464,true,0.8703948868409183,1,3686.6456381017633,1.0,0.0
2026-03-22T21:10:07.745-705391-350449,209,false,2.9444584686299535,1,3686.6456381017633,1.0,1.0
2026-03-22T21:10:07.745-705391-350449,170,false,2.4731718428692253,1,3686.6456381017633,1.0,1.0
2026-03-22T21:10:07.745-705391-350449,365,true,6.936500779413696,1,3679.7091373223498,1.0,0.0020000000000000018
2026-03-22T21:10:07.745-705391-350449,161,false,1.6987202713943255,1,3679.7091373223498,1.0,1.0
2026-03-22T21:10:07.745-705391-350449,717,false,7.205660765163737,1,3679.7091373223498,1.0,1.0
2026-03-22T21:10:07.745-705391-350449,910,false,2.655034315410995,1,3679.7091373223498,1.0,1.0
2026-03-22T21:10:07.745-705391-350449,705,false,29.140929599954855,1,3679.7091373223498,1.0,1.0
2026-03-22T21:10:07.745-705391-350449,63,true,28.111636395315994,1,3651.5975009270337,1.0,0.0
2026-03-22T21:10:07.745-705391-350449,423,false,0.4775685860575959,1,3651.5975009270337,1.0,1.0
2026-03-22T21:10:07.745-705391-350449,734,false,0.09293795512803324,1,3651.5975009270337,1.0,1.0
2026-03-22T21:10:07.745-705391-350449,438,false,16.156112085660883,1,3651.5975009270337,1.0,1.0
2026-03-22T21:10:07.745-705391-350449,112,false,280.6692601348524,1,3651.5975009270337,1.0,1.0
2026-03-22T21:10:07.745-705391-350449,111,false,16.127333724619625,1,3651.5975009270337,1.0,1.0
2026-03-22T21:10:07.745-705391-350449,523,true,1.8624626272046443,1,3649.7350382998293,1.0,0.0
2026-03-22T21:10:07.745-705391-350449,85,false,0.708638679337331,1,3649.7350382998293,1.0,1.0
2026-03-22T21:10:07.745-705391-350449,879,false,4.927048796577631,1,3649.7350382998293,1.0,1.0
2026-03-22T21:10:07.745-705391-350449,417,false,1.9030534865633018,1,3649.7350382998293,1.0,1.0
2026-03-22T21:10:07.745-705391-350449,773,true,0.37150451081786506,1,3649.3635337890114,1.0,0.696
2026-03-22T21:10:07.745-705391-350449,528,true,0.4400379699851233,1,3648.9234958190264,1.0,0.6950000000000001
2026-03-22T21:10:07.745-705391-350449,426,false,0.8535671304764344,1,3648.9234958190264,1.0,1.0
2026-03-22T21:10:07.745-705391-350449,645,false,1.3058545160305608,1,3648.9234958190264,1.0,1.0
2026-03-22T21:10:07.745-705391-350449,200,false,6.148558671940507,1,3648.9234958190264,1.0,1.0
2026-03-22T21:10:07.745-705391-350449,308,false,8.871333663753033,1,3648.9234958190264,1.0,1.0
2026-03-22T21:10:07.745-705391-350449,117,false,1.3706110720322968,1,3648.9234958190264,1.0,1.0
2026-03-22T21:10:07.745-705391-350449,657,false,0.08765577252369557,1,3648.9234958190264,1.0,1.0
2026-03-22T21:10:07.745-705391-350449,968,false,16.207358957804168,1,3648.9234958190264,1.0,1.0
2026-03-22T21:10:07.745-705391-350449,691,false,0.6009050796701064,1,3648.9234958190264,1.0,1.0
2026-03-22T21:10:07.745-705391-350449,120,false,12.167791977623137,1,3648.9234958190264,1.0,1.0
2026-03-22T21:10:07.745-705391-350449,914,false,0.889142696598138,1,3648.9234958190264,1.0,1.0
2026-03-22T21:10:07.745-705391-350449,372,false,80.31203427833132,1,3648.9234958190264,1.0,1.0
2026-03-22T21:10:07.745-705391-350449,156,false,0.2595098045520182,1,3648.9234958190264,1.0,1.0
2026-03-22T21:10:07.745-705391-350449,732,false,0.12960871720093828,1,3648.9234958190264,1.0,1.0
2026-03-22T21:10:07.745-705391-350449,924,false,19.729885475883602,1,3648.9234958190264,1.0,1.0
2026-03-22T21:10:07.745-705391-350449,618,true,4.8223786749418265,1,3644.1011171440846,1.0,0.0010000000000000009
2026-03-22T21:10:07.745-705391-350449,430,false,13.286296179875958,1,3644.1011171440846,1.0,1.0
2026-03-22T21:10:07.745-705391-350449,35,false,13.95902538344086,1,3644.1011171440846,1.0,1.0
2026-03-22T21:10:07.745-705391-350449,393,false,19.738236603675894,1,3644.1011171440846,1.0,1.0
2026-03-22T21:10:07.745-705391-350449,473,false,0.33808719550151756,1,3644.1011171440846,1.0,1.0
2026-03-22T21:10:07.745-705391-350449,78,false,0.028797418133028326,1,3644.1011171440846,1.0,1.0
2026-03-22T21:10:07.745-705391-350449,450,true,6.472906428916398,1,3637.6282107151683,1.0,0.0
2026-03-22T21:10:07.745-705391-350449,624,true,3.795219686845285,1,3633.832991028323,1.0,0.0
2026-03-22T21:10:07.745-705391-350449,620,true,21.167221537717264,1,3612.6657694906057,1.0,0.0
2026-03-22T21:10:07.745-705391-350449,301,false,133.11852225263718,1,3612.6657694906057,1.0,1.0
2026-03-22T21:10:07.745-705391-350449,698,false,8.07499668187817,1,3612.6657694906057,1.0,1.0
2026-03-22T21:10:07.745-705391-350449,409,false,4.576995547516114,1,3612.6657694906057,1.0,1.0
2026-03-22T21:10:07.745-705391-350449,560,false,28.62305910246693,1,3612.6657694906057,1.0,1.0
2026-03-22T21:10:07.745-705391-350449,412,false,20.852155149437117,1,3612.6657694906057,1.0,1.0
2026-03-22T21:10:07.745-705391-350449,774,true,1.2387029229061972,1,3611.4270665676995,1.0,0.019000000000000017
2026-03-22T21:10:07.745-705391-350449,757,false,0.007799451822109971,1,3611.4270665676995,1.0,1.0
2026-03-22T21:10:07.745-705391-350449,424,false,0.25739216766247125,1,3611.4270665676995,1.0,1.0
2026-03-22T21:10:07.745-705391-350449,236,false,16.267666610030982,1,3611.4270665676995,1.0,1.0
2026-03-22T21:10:07.745-705391-350449,916,false,4.897607324552943,1,3611.4270665676995,1.0,1.0
2026-03-22T21:10:07.745-705391-350449,816,false,2.9543873203367945,1,3611.4270665676995,1.0,1.0
2026-03-22T21:10:07.745-705391-350449,701,false,0.31714176337291083,1,3611.4270665676995,1.0,1.0
2026-03-22T21:10:07.745-705391-350449,195,true,105.57849673604775,1,3505.8485698316517,1.0,0.6619999999999999
2026-03-22T21:10:07.745-705391-350449,302,false,1.5680561333695509,1,3505.8485698316517,1.0,1.0
2026-03-22T21:10:07.745-705391-350449,591,false,0.13102763334498127,1,3505.8485698316517,1.0,1.0
2026-03-22T21:10:07.745-705391-350449,484,false,2.258358936191398,1,3505.8485698316517,1.0,1.0
2026-03-22T21:10:07.745-705391-350449,456,false,4.637946039326263,1,3505.8485698316517,1.0,1.0
2026-03-22T21:10:07.745-705391-350449,259,false,0.2379764359793248,1,3505.8485698316517,1.0,1.0
2026-03-22T21:10:07.745-705391-350449,760,true,90.80677145987259,1,3415.0417983717794,1.0,0.831
2026-03-22T21:10:07.745-705391-350449,350,false,1.5829671133067929,1,3415.0417983717794,1.0,1.0
2026-03-22T21:10:07.745-705391-350449,25,false,0.5194475023321625,1,3415.0417983717794,1.0,1.0
2026-03-22T21:10:07.745-705391-350449,22,true,6.226169522227589,1,3408.8156288495516,1.0,0.6990000000000001
2026-03-22T21:10:07.745-705391-350449,17,true,2.1526570724308782,1,3406.6629717771207,1.0,0.0
2026-03-22T21:10:07.745-705391-350449,106,false,15.531758371419942,1,3406.6629717771207,1.0,1.0
2026-03-22T21:10:07.745-705391-350449,983,false,0.25346212988914496,1,3406.6629717771207,1.0,1.0
2026-03-22T21:10:07.745-705391-350449,34,true,5.194278231268618,1,3401.468693545852,1.0,0.959
2026-03-22T21:10:07.745-705391-350449,72,false,0.09012510691296881,1,3401.468693545852,1.0,1.0
2026-03-22T21:10:07.745-705391-350449,695,false,0.345276736900684,1,3401.468693545852,1.0,1.0
2026-03-22T21:10:07.745-705391-350449,756,false,10.00134994246106,1,3401.468693545852,1.0,1.0
2026-03-22T21:10:07.745-705391-350449,181,false,567.7160090852877,1,3401.468693545852,1.0,1.0
2026-03-22T21:10:07.745-705391-350449,932,false,3.6186471190991196,1,3401.468693545852,1.0,1.0
2026-03-22T21:10:07.745-705391-350449,369,false,1.1518401759583907,1,3401.468693545852,1.0,1.0
2026-03-22T21:10:07.745-705391-350449,562,false,1.028040907256136,1,3401.468693545852,1.0,1.0
2026-03-22T21:10:07.745-705391-350449,508,false,3.318574239046523,1,3401.468693545852,1.0,1.0
2026-03-22T21:10:07.745-705391-350449,497,false,3.6989991332902505,1,3401.468693545852,1.0,1.0
2026-03-22T21:10:07.745-705391-350449,166,false,1.069076404543371,1,3401.468693545852,1.0,1.0
2026-03-22T21:10:07.745-705391-350449,182,false,12.925241725382168,1,3401.468693545852,1.0,1.0
2026-03-22T21:10:07.745-705391-350449,548,false,0.08005758990988299,1,3401.468693545852,1.0,1.0
2026-03-22T21:10:07.745-705391-350449,516,false,6.730911073452621,1,3401.468693545852,1.0,1.0
2026-03-22T21:10:07.745-705391-350449,875,false,0.9698057568565885,1,3401.468693545852,1.0,1.0
2026-03-22T21:10:07.745-705391-350449,378,false,3.9873656031603377,1,3401.468693545852,1.0,1.0
2026-03-22T21:10:07.745-705391-350449,104,false,1.4282404731212308,1,3401.468693545852,1.0,1.0
2026-03-22T21:10:07.745-705391-350449,543,false,3.868876328166667,1,3401.468693545852,1.0,1.0
2026-03-22T21:10:07.745-705391-350449,976,false,1.1178176571307912,1,3401.468693545852,1.0,1.0
2026-03-22T21:10:07.745-705391-350449,973,false,36.935968713396555,1,3401.468693545852,1.0,1.0
2026-03-22T21:10:07.745-705391-350449,267,true,3.639532011257398,1,3397.8291615345947,1.0,0.841
2026-03-22T21:10:07.745-705391-350449,403,false,18.881035761588272,1,3397.8291615345947,1.0,1.0
2026-03-22T21:10:07.745-705391-350449,855,true,8.255640940477324,1,3389.5735205941173,1.0,0.87
2026-03-22T21:10:07.745-705391-350449,572,true,2.9323128231377353,1,3386.6412077709797,1.0,0.0
2026-03-22T21:10:07.745-705391-350449,225,false,0.11018060862122957,1,3386.6412077709797,1.0,1.0
2026-03-22T21:10:07.745-705391-350449,850,false,0.25874147035601086,1,3386.6412077709797,1.0,1.0
2026-03-22T21:10:07.745-705391-350449,676,false,0.38019979706281737,1,3386.6412077709797,1.0,1.0
2026-03-22T21:10:07.745-705391-350449,704,false,21.505672763172274,1,3386.6412077709797,1.0,1.0
2026-03-22T21:10:07.745-705391-350449,614,false,79.84871193720429,1,3386.6412077709797,1.0,1.0
2026-03-22T21:10:07.745-705391-350449,819,false,4.452157267909671,1,3386.6412077709797,1.0,1.0
2026-03-22T21:10:07.745-705391-350449,1000,false,3.887490649058654,1,3386.6412077709797,1.0,1.0
2026-03-22T21:10:07.745-705391-350449,344,false,0.6494037991583756,1,3386.6412077709797,1.0,1.0
2026-03-22T21:10:07.745-705391-350449,272,false,0.3689128905940395,1,3386.6412077709797,1.0,1.0
2026-03-22T21:10:07.745-705391-350449,955,false,18.72641784371998,1,3386.6412077709797,1.0,1.0
2026-03-22T21:10:07.745-705391-350449,592,false,11.494725561222218,1,3386.6412077709797,1.0,1.0
2026-03-22T21:10:07.745-705391-350449,500,false,0.747688293320291,1,3386.6412077709797,1.0,1.0
2026-03-22T21:10:07.745-705391-350449,749,false,2.470333156901956,1,3386.6412077709797,1.0,1.0
2026-03-22T21:10:07.745-705391-350449,672,false,1.361992601860068,1,3386.6412077709797,1.0,1.0
2026-03-22T21:10:07.745-705391-350449,216,false,2.993467406180006,1,3386.6412077709797,1.0,1.0
2026-03-22T21:10:07.745-705391-350449,20,true,0.9470045661838447,1,3385.694203204796,1.0,0.0
2026-03-22T21:10:07.745-705391-350449,639,false,1.2066080919693882,1,3385.694203204796,1.0,1.0
2026-03-22T21:10:07.745-705391-350449,996,false,12.755798902525141,1,3385.694203204796,1.0,1.0
2026-03-22T21:10:07.745-705391-350449,408,false,0.8874417940964936,1,3385.694203204796,1.0,1.0
2026-03-22T21:10:07.745-705391-350449,891,false,6.636122360533035,1,3385.694203204796,1.0,1.0
2026-03-22T21:10:07.745-705391-350449,389,false,127.23314061585369,1,3385.694203204796,1.0,1.0
2026-03-22T21:10:07.745-705391-350449,65,true,6.081843299893097,1,3379.612359904903,1.0,0.0
2026-03-22T21:10:07.745-705391-350449,197,true,40.35640064059738,1,3339.2559592643056,1.0,0.0
2026-03-22T21:10:07.745-705391-350449,443,true,1.7801782771867347,1,3337.475780987119,1.0,0.0020000000000000018
2026-03-22T21:10:07.745-705391-350449,861,true,7.850110638342334,1,3329.6256703487766,1.0,0.0
2026-03-22T21:10:07.745-705391-350449,164,false,0.5171648777964695,1,3329.6256703487766,1.0,1.0
2026-03-22T21:10:07.745-705391-350449,146,false,0.4895034829540222,1,3329.6256703487766,1.0,1.0
2026-03-22T21:10:07.745-705391-350449,594,false,0.07896096825631362,1,3329.6256703487766,1.0,1.0
2026-03-22T21:10:07.745-705391-350449,254,false,0.3050315348855947,1,3329.6256703487766,1.0,1.0
2026-03-22T21:10:07.745-705391-350449,55,true,26.775448458960664,1,3302.850221889816,1.0,0.698
2026-03-22T21:10:07.745-705391-350449,613,false,0.4187054237347065,1,3302.850221889816,1.0,1.0
2026-03-22T21:10:07.745-705391-350449,58,true,2.4121201769168326,1,3300.4381017128994,1.0,0.0
2026-03-22T21:10:07.745-705391-350449,157,false,6.945173575160431,1,3300.4381017128994,1.0,1.0
2026-03-22T21:10:07.745-705391-350449,342,false,0.6202467495073115,1,3300.4381017128994,1.0,1.0
2026-03-22T21:10:07.745-705391-350449,281,false,0.043280243392969354,1,3300.4381017128994,1.0,1.0
2026-03-22T21:10:07.745-705391-350449,651,false,140.3452938812975,1,3300.4381017128994,1.0,1.0
2026-03-22T21:10:07.745-705391-350449,533,false,1.1752416574976359,1,3300.4381017128994,1.0,1.0
2026-03-22T21:10:07.745-705391-350449,960,false,33.35551661313415,1,3300.4381017128994,1.0,1.0
2026-03-22T21:10:07.745-705391-350449,514,false,0.1315036921861316,1,3300.4381017128994,1.0,1.0
2026-03-22T21:10:07.745-705391-350449,184,false,0.9026664202446166,1,3300.4381017128994,1.0,1.0
2026-03-22T21:10:07.745-705391-350449,669,false,14.217331758107363,1,3300.4381017128994,1.0,1.0
2026-03-22T21:10:07.745-705391-350449,410,false,5.900503931165975,1,3300.4381017128994,1.0,1.0
2026-03-22T21:10:07.745-705391-350449,504,false,15.413793955626224,1,3300.4381017128994,1.0,1.0
2026-03-22T21:10:07.745-705391-350449,413,false,92.2408025707112,1,3300.4381017128994,1.0,1.0
2026-03-22T21:10:07.745-705391-350449,650,false,0.548496026253707,1,3300.4381017128994,1.0,1.0
2026-03-22T21:10:07.745-705391-350449,787,false,10.812181957717865,1,3300.4381017128994,1.0,1.0
2026-03-22T21:10:07.745-705391-350449,696,false,0.034466613698235726,1,3300.4381017128994,1.0,1.0
2026-03-22T21:10:07.745-705391-350449,920,false,0.09209507866432091,1,3300.4381017128994,1.0,1.0
2026-03-22T21:10:07.745-705391-350449,444,false,0.1571131779473026,1,3300.4381017128994,1.0,1.0
2026-03-22T21:10:07.745-705391-350449,194,false,0.17286877967085737,1,3300.4381017128994,1.0,1.0
2026-03-22T21:10:07.745-705391-350449,199,true,0.41385350904536333,1,3300.024248203854,1.0,0.0010000000000000009
2026-03-22T21:10:07.745-705391-350449,963,false,4.354877783909594,1,3300.024248203854,1.0,1.0
2026-03-22T21:10:07.745-705391-350449,73,true,15.967538140425273,1,3284.0567100634285,1.0,0.851
2026-03-22T21:10:07.745-705391-350449,186,false,4.000762735333742,1,3284.0567100634285,1.0,1.0
2026-03-22T21:10:07.745-705391-350449,551,false,0.3445428731772904,1,3284.0567100634285,1.0,1.0
2026-03-22T21:10:07.745-705391-350449,94,false,0.8551931004928124,1,3284.0567100634285,1.0,1.0
2026-03-22T21:10:07.745-705391-350449,190,false,45.442263233716695,1,3284.0567100634285,1.0,1.0
2026-03-22T21:10:07.745-705391-350449,754,true,0.32083011912747234,1,3283.735879944301,1.0,0.999
2026-03-22T21:10:07.745-705391-350449,825,false,113.49500299220496,1,3283.735879944301,1.0,1.0
2026-03-22T21:10:07.745-705391-350449,489,false,0.011265530765529627,1,3283.735879944301,1.0,1.0
2026-03-22T21:10:07.745-705391-350449,611,false,0.17135721083170466,1,3283.735879944301,1.0,1.0
2026-03-22T21:10:07.745-705391-350449,37,true,3.7710278259098526,1,3279.9648521183913,1.0,0.6970000000000001
2026-03-22T21:10:07.745-705391-350449,868,false,4.976676017796,1,3279.9648521183913,1.0,1.0
2026-03-22T21:10:07.745-705391-350449,474,false,5.321922131777158,1,3279.9648521183913,1.0,1.0
2026-03-22T21:10:07.745-705391-350449,221,false,588.728943788081,1,3279.9648521183913,1.0,1.0
2026-03-22T21:10:07.745-705391-350449,242,false,0.43299125113337894,1,3279.9648521183913,1.0,1.0
2026-03-22T21:10:07.745-705391-350449,340,false,34.14583584571487,1,3279.9648521183913,1.0,1.0
2026-03-22T21:10:07.745-705391-350449,478,false,1.303900991699101,1,3279.9648521183913,1.0,1.0
2026-03-22T21:10:07.745-705391-350449,922,false,4.242163837066739,1,3279.9648521183913,1.0,1.0
2026-03-22T21:10:07.745-705391-350449,939,false,0.5382403764566931,1,3279.9648521183913,1.0,1.0
2026-03-22T21:10:07.745-705391-350449,488,false,0.014801557030331295,1,3279.9648521183913,1.0,1.0
2026-03-22T21:10:07.745-705391-350449,273,false,19.588930414889916,1,3279.9648521183913,1.0,1.0
2026-03-22T21:10:07.745-705391-350449,96,false,0.012362080400195444,1,3279.9648521183913,1.0,1.0
2026-03-22T21:10:07.745-705391-350449,547,false,12.206271045826911,1,3279.9648521183913,1.0,1.0
2026-03-22T21:10:07.745-705391-350449,972,true,2.278280159214959,1,3277.6865719591765,1.0,0.999
2026-03-22T21:10:07.745-705391-350449,150,false,2.8192058184040603,1,3277.6865719591765,1.0,1.0
2026-03-22T21:10:07.745-705391-350449,458,true,8.003880760172933,1,3269.682691199004,1.0,0.0010000000000000009
2026-03-22T21:10:07.745-705391-350449,253,false,2.4707874685426034,1,3269.682691199004,1.0,1.0
2026-03-22T21:10:07.745-705391-350449,4,false,3.435811222352665,1,3269.682691199004,1.0,1.0
2026-03-22T21:10:07.745-705391-350449,487,false,1.1271377271048948,1,3269.682691199004,1.0,1.0
2026-03-22T21:10:07.745-705391-350449,435,false,1.0417808327621183,1,3269.682691199004,1.0,1.0
2026-03-22T21:10:07.745-705391-350449,810,false,0.01714237613336699,1,3269.682691199004,1.0,1.0
2026-03-22T21:10:07.745-705391-350449,293,false,0.42200143606189183,1,3269.682691199004,1.0,1.0
2026-03-22T21:10:07.745-705391-350449,895,false,2.747431459578426,1,3269.682691199004,1.0,1.0
2026-03-22T21:10:07.745-705391-350449,230,false,6.766813575508707,1,3269.682691199004,1.0,1.0
2026-03-22T21:10:07.745-705391-350449,625,true,7.753171669860294,1,3261.9295195291434,1.0,0.0
2026-03-22T21:10:07.745-705391-350449,180,false,3.1978115324219485,1,3261.9295195291434,1.0,1.0
2026-03-22T21:10:07.745-705391-350449,925,false,150.40323209992258,1,3261.9295195291434,1.0,1.0
2026-03-22T21:10:07.745-705391-350449,289,false,1.3555940792619006,1,3261.9295195291434,1.0,1.0
2026-03-22T21:10:07.745-705391-350449,894,false,0.7882880832752737,1,3261.9295195291434,1.0,1.0
2026-03-22T21:10:07.745-705391-350449,646,false,2.6130983485347286,1,3261.9295195291434,1.0,1.0
2026-03-22T21:10:07.745-705391-350449,203,false,4.3751428470425,1,3261.9295195291434,1.0,1.0
2026-03-22T21:10:07.745-705391-350449,343,false,3.262891709520272,1,3261.9295195291434,1.0,1.0
2026-03-22T21:10:07.745-705391-350449,295,false,0.2531116784691171,1,3261.9295195291434,1.0,1.0
2026-03-22T21:10:07.745-705391-350449,485,false,1.2783922303249202,1,3261.9295195291434,1.0,1.0
2026-03-22T21:10:07.745-705391-350449,954,false,0.20458943283136397,1,3261.9295195291434,1.0,1.0
2026-03-22T21:10:07.745-705391-350449,437,false,8.087329655718854,1,3261.9295195291434,1.0,1.0
2026-03-22T21:10:07.745-705391-350449,943,false,224.5394395769499,1,3261.9295195291434,1.0,1.0
2026-03-22T21:10:07.745-705391-350449,573,true,0.7674247868641857,1,3261.1620947422794,1.0,0.0
2026-03-22T21:10:07.745-705391-350449,938,false,14.036688990655662,1,3261.1620947422794,1.0,1.0
2026-03-22T21:10:07.745-705391-350449,813,false,0.6526505319886574,1,3261.1620947422794,1.0,1.0
2026-03-22T21:10:07.745-705391-350449,753,true,0.25270525260846893,1,3260.909389489671,1.0,0.721
2026-03-22T21:10:07.745-705391-350449,392,false,1.0899005894200722,1,3260.909389489671,1.0,1.0
2026-03-22T21:10:07.745-705391-350449,800,false,17.488888810694647,1,3260.909389489671,1.0,1.0
2026-03-22T21:10:07.745-705391-350449,472,false,17.668058757993617,1,3260.909389489671,1.0,1.0
2026-03-22T21:10:07.745-705391-350449,831,false,2.719242561463027,1,3260.909389489671,1.0,1.0
2026-03-22T21:10:07.745-705391-350449,848,false,2.3634477488505445,1,3260.909389489671,1.0,1.0
2026-03-22T21:10:07.745-705391-350449,791,false,6.144871100041226,1,3260.909389489671,1.0,1.0
2026-03-22T21:10:07.745-705391-350449,961,false,4.044524521613997,1,3260.909389489671,1.0,1.0
2026-03-22T21:10:07.745-705391-350449,206,false,0.8772221888712277,1,3260.909389489671,1.0,1.0
2026-03-22T21:10:07.745-705391-350449,751,true,5.312202500432841,1,3255.5971869892383,1.0,0.0020000000000000018
2026-03-22T21:10:07.745-705391-350449,386,false,0.5041869497397752,1,3255.5971869892383,1.0,1.0
2026-03-22T21:10:07.745-705391-350449,261,false,203.8397960736547,1,3255.5971869892383,1.0,1.0
2026-03-22T21:10:07.745-705391-350449,638,false,2.6303305761076365,1,3255.5971869892383,1.0,1.0
2026-03-22T21:10:07.745-705391-350449,87,false,1.0719090400109568,1,3255.5971869892383,1.0,1.0
2026-03-22T21:10:07.745-705391-350449,877,false,0.49896147329740853,1,3255.5971869892383,1.0,1.0
2026-03-22T21:10:07.745-705391-350449,590,false,1.578212187704368,1,3255.5971869892383,1.0,1.0
2026-03-22T21:10:07.745-705391-350449,353,true,7.283520197008556,1,3248.31366679223,1.0,0.876
2026-03-22T21:10:07.745-705391-350449,367,true,3.1798947218385227,1,3245.1337720703914,1.0,0.0
2026-03-22T21:10:07.745-705391-350449,127,false,2.6941332384765104,1,3245.1337720703914,1.0,1.0
2026-03-22T21:10:07.745-705391-350449,434,false,4.507604693979131,1,3245.1337720703914,1.0,1.0
2026-03-22T21:10:07.745-705391-350449,785,false,11.260039734350967,1,3245.1337720703914,1.0,1.0
2026-03-22T21:10:07.745-705391-350449,11,true,2.126166649408002,1,3243.0076054209835,1.0,0.6990000000000001
2026-03-22T21:10:07.745-705391-350449,724,false,15.401544342687993,1,3243.0076054209835,1.0,1.0
2026-03-22T21:10:07.745-705391-350449,884,false,0.6971444917764155,1,3243.0076054209835,1.0,1.0
2026-03-22T21:10:07.745-705391-350449,407,false,2.925776136414453,1,3243.0076054209835,1.0,1.0
2026-03-22T21:10:07.745-705391-350449,36,true,16.620892956686433,1,3226.386712464297,1.0,0.0010000000000000009
2026-03-22T21:10:07.745-705391-350449,637,false,0.2824849253041125,1,3226.386712464297,1.0,1.0
2026-03-22T21:10:07.745-705391-350449,198,true,18.171937821700876,1,3208.2147746425962,1.0,0.0
2026-03-22T21:10:07.745-705391-350449,535,false,3.73421247676535,1,3208.2147746425962,1.0,1.0
2026-03-22T21:10:07.745-705391-350449,558,false,3.6285838386195386,1,3208.2147746425962,1.0,1.0
2026-03-22T21:10:07.745-705391-350449,919,false,26.498538745627027,1,3208.2147746425962,1.0,1.0
2026-03-22T21:10:07.745-705391-350449,330,false,2.761432585646215,1,3208.2147746425962,1.0,1.0
2026-03-22T21:10:07.745-705391-350449,680,false,0.6537951573227191,1,3208.2147746425962,1.0,1.0
2026-03-22T21:10:07.745-705391-350449,509,false,1.8787134716078095,1,3208.2147746425962,1.0,1.0
2026-03-22T21:10:07.745-705391-350449,276,false,0.781325525687858,1,3208.2147746425962,1.0,1.0
2026-03-22T21:10:07.745-705391-350449,491,false,1.0627405419721645,1,3208.2147746425962,1.0,1.0
2026-03-22T21:10:07.745-705391-350449,890,false,0.33303708334343596,1,3208.2147746425962,1.0,1.0
2026-03-22T21:10:07.745-705391-350449,247,false,2.434005694498513,1,3208.2147746425962,1.0,1.0
2026-03-22T21:10:07.745-705391-350449,900,false,33.766046301811194,1,3208.2147746425962,1.0,1.0
2026-03-22T21:10:07.745-705391-350449,985,false,6.35631041739686,1,3208.2147746425962,1.0,1.0
2026-03-22T21:10:07.745-705391-350449,899,false,4.427313364800087,1,3208.2147746425962,1.0,1.0
2026-03-22T21:10:07.745-705391-350449,189,false,0.3851920614042378,1,3208.2147746425962,1.0,1.0
2026-03-22T21:10:07.745-705391-350449,936,false,0.3029364839926084,1,3208.2147746425962,1.0,1.0
2026-03-22T21:10:07.745-705391-350449,346,false,0.5001444615036272,1,3208.2147746425962,1.0,1.0
2026-03-22T21:10:07.745-705391-350449,759,true,0.23673811609581247,1,3207.9780365265005,1.0,0.0
2026-03-22T21:10:07.745-705391-350449,315,false,2.8424137126354725,1,3207.9780365265005,1.0,1.0
2026-03-22T21:10:07.745-705391-350449,721,false,0.10925871857676396,1,3207.9780365265005,1.0,1.0
2026-03-22T21:10:07.745-705391-350449,576,true,9.851167633549395,1,3198.1268688929513,1.0,0.018000000000000016
2026-03-22T21:10:07.745-705391-350449,482,false,25.11472811434918,1,3198.1268688929513,1.0,1.0
2026-03-22T21:10:07.745-705391-350449,694,false,0.851505780918221,1,3198.1268688929513,1.0,1.0
2026-03-22T21:10:07.745-705391-350449,623,false,0.14157489487235572,1,3198.1268688929513,1.0,1.0
2026-03-22T21:10:07.745-705391-350449,466,true,0.47587110470665916,1,3197.6509977882447,1.0,0.0
2026-03-22T21:10:07.745-705391-350449,801,false,10.927915139391262,1,3197.6509977882447,1.0,1.0
2026-03-22T21:10:07.745-705391-350449,347,false,3.2537470454654716,1,3197.6509977882447,1.0,1.0
2026-03-22T21:10:07.745-705391-350449,84,false,12.67755175768424,1,3197.6509977882447,1.0,1.0
2026-03-22T21:10:07.745-705391-350449,987,false,0.21549488731606306,1,3197.6509977882447,1.0,1.0
2026-03-22T21:10:07.745-705391-350449,979,false,6.422436581110646,1,3197.6509977882447,1.0,1.0
2026-03-22T21:10:07.745-705391-350449,886,false,70.74056312038397,1,3197.6509977882447,1.0,1.0
2026-03-22T21:10:07.745-705391-350449,889,false,3.243501456929971,1,3197.6509977882447,1.0,1.0
2026-03-22T21:10:07.745-705391-350449,761,true,0.4819891944502774,1,3197.1690085937944,1.0,0.0
2026-03-22T21:10:07.745-705391-350449,152,false,6.300714868000377,1,3197.1690085937944,1.0,1.0
2026-03-22T21:10:07.745-705391-350449,820,false,47.98305736982665,1,3197.1690085937944,1.0,1.0
2026-03-22T21:10:07.745-705391-350449,507,false,5.6085798476189535,1,3197.1690085937944,1.0,1.0
2026-03-22T21:10:07.745-705391-350449,661,false,1.0684820007500435,1,3197.1690085937944,1.0,1.0
2026-03-22T21:10:07.745-705391-350449,358,true,10.237154560045376,1,3186.931854033749,1.0,0.0
2026-03-22T21:10:07.745-705391-350449,530,true,11.763503156333543,1,3175.1683508774154,1.0,0.6779999999999999
2026-03-22T21:10:07.745-705391-350449,565,true,0.4492322018391292,1,3174.7191186755763,1.0,0.706
2026-03-22T21:10:07.745-705391-350449,223,false,14.794652988947151,1,3174.7191186755763,1.0,1.0
2026-03-22T21:10:07.745-705391-350449,686,false,6.624405867685696,1,3174.7191186755763,1.0,1.0
2026-03-22T21:10:07.745-705391-350449,823,false,0.5538270127985354,1,3174.7191186755763,1.0,1.0
2026-03-22T21:10:07.745-705391-350449,898,false,0.8101217192482091,1,3174.7191186755763,1.0,1.0
2026-03-22T21:10:07.745-705391-350449,635,false,0.431077909853368,1,3174.7191186755763,1.0,1.0
2026-03-22T21:10:07.745-705391-350449,854,true,7.13747273227921,1,3167.581645943297,1.0,0.0
2026-03-22T21:10:07.745-705391-350449,390,false,60.33843311195316,1,3167.581645943297,1.0,1.0
2026-03-22T21:10:07.745-705391-350449,527,true,326.2430424671285,1,2841.338603476169,1.0,0.0
2026-03-22T21:10:07.745-705391-350449,577,true,11.22177570363263,1,2830.116827772536,1.0,0.0
2026-03-22T21:10:07.745-705391-350449,719,false,2.79545727329066,1,2830.116827772536,1.0,1.0
2026-03-22T21:10:07.745-705391-350449,982,false,4.999418874915445,1,2830.116827772536,1.0,1.0
2026-03-22T21:10:07.745-705391-350449,557,false,1.6303469181756798,1,2830.116827772536,1.0,1.0
2026-03-22T21:10:07.745-705391-350449,713,false,0.9447568803076356,1,2830.116827772536,1.0,1.0
2026-03-22T21:10:07.745-705391-350449,436,false,3.655807324511779,1,2830.116827772536,1.0,1.0
2026-03-22T21:10:07.745-705391-350449,40,true,3.7797845997214834,1,2826.3370431728144,1.0,0.7010000000000001
2026-03-22T21:10:07.745-705391-350449,566,true,1.7576674906533232,1,2824.5793756821613,1.0,0.0
2026-03-22T21:10:07.745-705391-350449,271,false,5.837615714426172,1,2824.5793756821613,1.0,1.0
2026-03-22T21:10:07.745-705391-350449,659,false,3.276584504753522,1,2824.5793756821613,1.0,1.0
2026-03-22T21:10:07.745-705391-350449,210,false,168.90444094150618,1,2824.5793756821613,1.0,1.0
2026-03-22T21:10:07.745-705391-350449,707,false,0.08808486427235963,1,2824.5793756821613,1.0,1.0
2026-03-22T21:10:07.745-705391-350449,311,false,43.16794886124944,1,2824.5793756821613,1.0,1.0
2026-03-22T21:10:07.745-705391-350449,418,false,0.5309409741501743,1,2824.5793756821613,1.0,1.0
2026-03-22T21:10:07.745-705391-350449,959,false,2.924618204325779,1,2824.5793756821613,1.0,1.0
2026-03-22T21:10:07.745-705391-350449,522,true,13.858078665621129,1,2810.72129701654,1.0,0.0
2026-03-22T21:10:07.745-705391-350449,47,false,75.48135102307697,1,2810.72129701654,1.0,1.0
2026-03-22T21:10:07.745-705391-350449,978,false,7.875118404709419,1,2810.72129701654,1.0,1.0
2026-03-22T21:10:07.745-705391-350449,743,false,36.797439086601685,1,2810.72129701654,1.0,1.0
2026-03-22T21:10:07.745-705391-350449,817,false,0.2891691968241543,1,2810.72129701654,1.0,1.0
2026-03-22T21:10:07.745-705391-350449,503,false,2.7019245021584344,1,2810.72129701654,1.0,1.0
2026-03-22T21:10:07.745-705391-350449,994,false,9.420214557680847,1,2810.72129701654,1.0,1.0
2026-03-22T21:10:07.745-705391-350449,54,true,0.7703630639468677,1,2809.9509339525935,1.0,0.0010000000000000009
2026-03-22T21:10:07.745-705391-350449,602,false,9.330866957876333,1,2809.9509339525935,1.0,1.0
2026-03-22T21:10:07.745-705391-350449,139,false,1.0601558056271434,1,2809.9509339525935,1.0,1.0
2026-03-22T21:10:07.745-705391-350449,119,false,2.2933242457883707,1,2809.9509339525935,1.0,1.0
2026-03-22T21:10:07.745-705391-350449,286,false,20.776602574214632,1,2809.9509339525935,1.0,1.0
2026-03-22T21:10:07.745-705391-350449,688,false,0.12059079638521643,1,2809.9509339525935,1.0,1.0
2026-03-22T21:10:07.745-705391-350449,824,false,2.814339121053035,1,2809.9509339525935,1.0,1.0
2026-03-22T21:10:07.745-705391-350449,505,false,0.3428680340133247,1,2809.9509339525935,1.0,1.0
2026-03-22T21:10:07.745-705391-350449,677,false,34.13270641472483,1,2809.9509339525935,1.0,1.0
2026-03-22T21:10:07.745-705391-350449,142,false,7.534283353306548,1,2809.9509339525935,1.0,1.0
2026-03-22T21:10:07.745-705391-350449,108,false,5.906853219771336,1,2809.9509339525935,1.0,1.0
2026-03-22T21:10:07.745-705391-350449,448,true,14.581373135492257,1,2795.369560817101,1.0,0.0
2026-03-22T21:10:07.745-705391-350449,174,false,2.37635146402505,1,2795.369560817101,1.0,1.0
2026-03-22T21:10:07.745-705391-350449,921,false,1.4146971894389968,1,2795.369560817101,1.0,1.0
2026-03-22T21:10:07.745-705391-350449,27,false,0.3155600544546705,1,2795.369560817101,1.0,1.0
2026-03-22T21:10:07.745-705391-350449,702,false,56.73102836941645,1,2795.369560817101,1.0,1.0
2026-03-22T21:10:07.745-705391-350449,866,false,0.24755038484687206,1,2795.369560817101,1.0,1.0
2026-03-22T21:10:07.745-705391-350449,570,true,10.249156956946193,1,2785.120403860155,1.0,0.0
2026-03-22T21:10:07.745-705391-350449,534,false,15.218436933678845,1,2785.120403860155,1.0,1.0
2026-03-22T21:10:07.745-705391-350449,628,true,145.83362233944314,1,2639.286781520712,1.0,0.645
2026-03-22T21:10:07.745-705391-350449,999,false,3.7775031152107714,1,2639.286781520712,1.0,1.0
2026-03-22T21:10:07.745-705391-350449,207,false,35.15727797700483,1,2639.286781520712,1.0,1.0
2026-03-22T21:10:07.745-705391-350449,703,false,0.03496224719172578,1,2639.286781520712,1.0,1.0
2026-03-22T21:10:07.745-705391-350449,29,false,0.35202063291612845,1,2639.286781520712,1.0,1.0
2026-03-22T21:10:07.745-705391-350449,269,true,0.6478072850043864,1,2638.6389742357073,1.0,0.708
2026-03-22T21:10:07.745-705391-350449,50,false,12.071410018735776,1,2638.6389742357073,1.0,1.0
2026-03-22T21:10:07.745-705391-350449,83,false,3.5200961696859205,1,2638.6389742357073,1.0,1.0
2026-03-22T21:10:07.745-705391-350449,135,false,0.32390122685375367,1,2638.6389742357073,1.0,1.0
2026-03-22T21:10:07.745-705391-350449,248,false,22.624988306780395,1,2638.6389742357073,1.0,1.0
2026-03-22T21:10:07.745-705391-350449,863,true,3.710098651405153,1,2634.928875584302,1.0,0.0020000000000000018
2026-03-22T21:10:07.745-705391-350449,232,false,5.959537967209211,1,2634.928875584302,1.0,1.0
2026-03-22T21:10:07.745-705391-350449,653,false,0.5993285559341995,1,2634.928875584302,1.0,1.0
2026-03-22T21:10:07.745-705391-350449,467,true,4.141502142475956,1,2630.7873734418263,1.0,0.0
2026-03-22T21:10:07.745-705391-350449,679,false,16.11957361686336,1,2630.7873734418263,1.0,1.0
2026-03-22T21:10:07.745-705391-350449,252,false,2.739977875090556,1,2630.7873734418263,1.0,1.0
2026-03-22T21:10:07.745-705391-350449,670,false,2.1221174449037266,1,2630.7873734418263,1.0,1.0
2026-03-22T21:10:07.745-705391-350449,607,false,1.0404020893954191,1,2630.7873734418263,1.0,1.0
2026-03-22T21:10:07.745-705391-350449,339,false,3.6580465686644494,1,2630.7873734418263,1.0,1.0
2026-03-22T21:10:07.745-705391-350449,1,false,1.3978993299621665,1,2630.7873734418263,1.0,1.0
2026-03-22T21:10:07.745-705391-350449,951,false,1.0455125018524847,1,2630.7873734418263,1.0,1.0
2026-03-22T21:10:07.745-705391-350449,731,false,1.1137209806628716,1,2630.7873734418263,1.0,1.0
2026-03-22T21:10:07.745-705391-350449,578,true,17.829567919586474,1,2612.9578055222396,1.0,0.0
2026-03-22T21:10:07.745-705391-350449,926,false,2.0375098126047217,1,2612.9578055222396,1.0,1.0
2026-03-22T21:10:07.745-705391-350449,506,false,2.016889607666353,1,2612.9578055222396,1.0,1.0
2026-03-22T21:10:07.745-705391-350449,714,false,1.4594065456632375,1,2612.9578055222396,1.0,1.0
2026-03-22T21:10:07.745-705391-350449,510,false,4.449930537085176,1,2612.9578055222396,1.0,1.0
2026-03-22T21:10:07.745-705391-350449,415,false,2.1323820111586382,1,2612.9578055222396,1.0,1.0
2026-03-22T21:10:07.745-705391-350449,599,false,0.36536687842237886,1,2612.9578055222396,1.0,1.0
2026-03-22T21:10:07.745-705391-350449,788,false,3.9560297856669484,1,2612.9578055222396,1.0,1.0
2026-03-22T21:10:07.745-705391-350449,993,false,0.1545224647278,1,2612.9578055222396,1.0,1.0
2026-03-22T21:10:07.745-705391-350449,270,true,0.2898114030003131,1,2612.667994119239,1.0,0.0020000000000000018
2026-03-22T21:10:07.745-705391-350449,763,false,0.06391821601937044,1,2612.667994119239,1.0,1.0
2026-03-22T21:10:07.745-705391-350449,552,false,0.8259498496000761,1,2612.667994119239,1.0,1.0
2026-03-22T21:10:07.745-705391-350449,400,false,6.919912875638601,1,2612.667994119239,1.0,1.0
2026-03-22T21:10:07.745-705391-350449,974,true,2.3838322435756942,1,2610.2841618756634,1.0,0.6930000000000001
2026-03-22T21:10:07.745-705391-350449,215,false,0.23049624596400156,1,2610.2841618756634,1.0,1.0
2026-03-22T21:10:07.745-705391-350449,178,false,0.9336481761435554,1,2610.2841618756634,1.0,1.0
2026-03-22T21:10:07.745-705391-350449,675,true,2.12834830078783,1,2608.1558135748755,1.0,0.868
2026-03-22T21:10:07.745-705391-350449,31,true,59.81146328105262,1,2548.344350293823,1.0,0.86
2026-03-22T21:10:07.745-705391-350449,865,true,0.5447497573560545,1,2547.799600536467,1.0,0.7070000000000001
2026-03-22T21:10:07.745-705391-350449,830,false,0.07993994733999629,1,2547.799600536467,1.0,1.0
2026-03-22T21:10:07.745-705391-350449,101,false,3.8288607698282817,1,2547.799600536467,1.0,1.0
2026-03-22T21:10:07.745-705391-350449,842,false,1.3701346151803964,1,2547.799600536467,1.0,1.0
2026-03-22T21:10:07.745-705391-350449,406,false,0.10923884099556513,1,2547.799600536467,1.0,1.0
2026-03-22T21:10:07.745-705391-350449,291,false,29.49733093406343,1,2547.799600536467,1.0,1.0
2026-03-22T21:10:07.745-705391-350449,168,false,33.125623354878826,1,2547.799600536467,1.0,1.0
2026-03-22T21:10:07.745-705391-350449,980,false,0.7682380558448235,1,2547.799600536467,1.0,1.0
2026-03-22T21:10:07.745-705391-350449,2,false,4.929503358732801,1,2547.799600536467,1.0,1.0
2026-03-22T21:10:07.745-705391-350449,498,false,0.013079484412033436,1,2547.799600536467,1.0,1.0
2026-03-22T21:10:07.745-705391-350449,682,false,0.7427444237778825,1,2547.799600536467,1.0,1.0
2026-03-22T21:10:07.745-705391-350449,454,false,31.0586844735249,1,2547.799600536467,1.0,1.0
2026-03-22T21:10:07.745-705391-350449,945,false,0.8020789100721744,1,2547.799600536467,1.0,1.0
2026-03-22T21:10:07.745-705391-350449,379,false,5.30999137777233,1,2547.799600536467,1.0,1.0
2026-03-22T21:10:07.745-705391-350449,428,false,0.2359587975881567,1,2547.799600536467,1.0,1.0
2026-03-22T21:10:07.745-705391-350449,107,false,9.547297215688893,1,2547.799600536467,1.0,1.0
2026-03-22T21:10:07.745-705391-350449,768,false,0.05121282886818905,1,2547.799600536467,1.0,1.0
2026-03-22T21:10:07.745-705391-350449,905,false,0.7649355100544734,1,2547.799600536467,1.0,1.0
2026-03-22T21:10:07.745-705391-350449,690,false,2.0954354044309507,1,2547.799600536467,1.0,1.0
2026-03-22T21:10:07.745-705391-350449,349,false,1.8875848167168152,1,2547.799600536467,1.0,1.0
2026-03-22T21:10:07.745-705391-350449,432,false,25.030749656928084,1,2547.799600536467,1.0,1.0
2026-03-22T21:10:07.745-705391-350449,937,false,4.675348247321787,1,2547.799600536467,1.0,1.0
2026-03-22T21:10:07.745-705391-350449,604,false,0.07375511802427435,1,2547.799600536467,1.0,1.0
2026-03-22T21:10:07.745-705391-350449,416,false,0.5424647101330629,1,2547.799600536467,1.0,1.0
2026-03-22T21:10:07.745-705391-350449,228,false,2.6955399987022393,1,2547.799600536467,1.0,1.0
2026-03-22T21:10:07.745-705391-350449,303,false,6.36172500848262,1,2547.799600536467,1.0,1.0
2026-03-22T21:10:07.745-705391-350449,934,false,0.007096822000976472,1,2547.799600536467,1.0,1.0
2026-03-22T21:10:07.745-705391-350449,385,false,3.2027893987886653,1,2547.799600536467,1.0,1.0
2026-03-22T21:10:07.745-705391-350449,770,true,15.474928313306654,1,2532.3246722231606,1.0,0.0
2026-03-22T21:10:07.745-705391-350449,327,false,0.08106527786127464,1,2532.3246722231606,1.0,1.0
2026-03-22T21:10:07.745-705391-350449,243,false,11.54780287532133,1,2532.3246722231606,1.0,1.0
2026-03-22T21:10:07.745-705391-350449,381,false,6.550136177952692,1,2532.3246722231606,1.0,1.0
2026-03-22T21:10:07.745-705391-350449,958,false,1.5089648299279248,1,2532.3246722231606,1.0,1.0
2026-03-22T21:10:07.745-705391-350449,361,true,7.328913931662084,1,2524.9957582914985,1.0,0.0
2026-03-22T21:10:07.745-705391-350449,559,false,1.3203501525575263,1,2524.9957582914985,1.0,1.0
2026-03-22T21:10:07.745-705391-350449,835,false,111.75796141058056,1,2524.9957582914985,1.0,1.0
2026-03-22T21:10:07.745-705391-350449,362,true,32.015273755784186,1,2492.9804845357144,1.0,0.0
2026-03-22T21:10:07.745-705391-350449,930,false,1.045767779584904,1,2492.9804845357144,1.0,1.0
2026-03-22T21:10:07.745-705391-350449,162,false,1.7833729264413738,1,2492.9804845357144,1.0,1.0
2026-03-22T21:10:07.745-705391-350449,155,false,26.80824220995783,1,2492.9804845357144,1.0,1.0
2026-03-22T21:10:07.745-705391-350449,519,false,0.025995074236575558,1,2492.9804845357144,1.0,1.0
2026-03-22T21:10:07.745-705391-350449,325,false,0.2927720760118918,1,2492.9804845357144,1.0,1.0
2026-03-22T21:10:07.745-705391-350449,151,false,7.246156725731645,1,2492.9804845357144,1.0,1.0
2026-03-22T21:10:07.745-705391-350449,988,false,2.5429979150945794,1,2492.9804845357144,1.0,1.0
2026-03-22T21:10:07.745-705391-350449,977,true,13.479539782662437,1,2479.500944753052,1.0,0.7070000000000001
2026-03-22T21:10:07.745-705391-350449,263,false,9.217302847751737,1,2479.500944753052,1.0,1.0
2026-03-22T21:10:07.745-705391-350449,804,false,71.49841527799906,1,2479.500944753052,1.0,1.0
2026-03-22T21:10:07.745-705391-350449,775,true,0.22150495359748448,1,2479.2794397994544,1.0,0.0
2026-03-22T21:10:07.745-705391-350449,872,false,0.31865268533278124,1,2479.2794397994544,1.0,1.0
2026-03-22T21:10:07.745-705391-350449,700,false,54.60795151752243,1,2479.2794397994544,1.0,1.0
2026-03-22T21:10:07.745-705391-350449,789,false,1.0876706399673974,1,2479.2794397994544,1.0,1.0
2026-03-22T21:10:07.745-705391-350449,953,false,1.1001109764859096,1,2479.2794397994544,1.0,1.0
2026-03-22T21:10:07.745-705391-350449,692,false,0.9318645408584387,1,2479.2794397994544,1.0,1.0
2026-03-22T21:10:07.745-705391-350449,554,false,109.63956010049343,1,2479.2794397994544,1.0,1.0
2026-03-22T21:10:07.745-705391-350449,453,false,0.1737340820165882,1,2479.2794397994544,1.0,1.0
2026-03-22T21:10:07.745-705391-350449,163,false,4.60258855405028,1,2479.2794397994544,1.0,1.0
2026-03-22T21:10:07.745-705391-350449,201,true,0.7850300058182592,1,2478.4944097936364,1.0,0.0
2026-03-22T21:10:07.745-705391-350449,307,true,18.273577958544482,1,2460.2208318350918,1.0,0.856
2026-03-22T21:10:07.745-705391-350449,709,false,4.621082716193305,1,2460.2208318350918,1.0,1.0
2026-03-22T21:10:07.745-705391-350449,656,false,15.514858285278539,1,2460.2208318350918,1.0,1.0
2026-03-22T21:10:07.745-705391-350449,451,true,20.83470105028958,1,2439.3861307848024,1.0,0.0
2026-03-22T21:10:07.745-705391-350449,237,false,0.8128755751266646,1,2439.3861307848024,1.0,1.0
2026-03-22T21:10:07.745-705391-350449,395,false,1.2766731331742613,1,2439.3861307848024,1.0,1.0
2026-03-22T21:10:07.745-705391-350449,631,true,28.135006672496257,1,2411.251124112306,1.0,0.663
2026-03-22T21:10:07.745-705391-350449,268,true,0.3303828188327724,1,2410.9207412934734,1.0,0.0
2026-03-22T21:10:07.745-705391-350449,781,false,46.592005853464,1,2410.9207412934734,1.0,1.0
2026-03-22T21:10:07.745-705391-350449,586,false,0.16514595776901908,1,2410.9207412934734,1.0,1.0
2026-03-22T21:10:07.745-705391-350449,684,false,17.894671196165806,1,2410.9207412934734,1.0,1.0
2026-03-22T21:10:07.745-705391-350449,256,false,3.2125988798050074,1,2410.9207412934734,1.0,1.0
2026-03-22T21:10:07.745-705391-350449,893,false,0.24291974517929102,1,2410.9207412934734,1.0,1.0
2026-03-22T21:10:07.745-705391-350449,931,false,16.447679081648406,1,2410.9207412934734,1.0,1.0
2026-03-22T21:10:07.745-705391-350449,642,false,4.048909388561331,1,2410.9207412934734,1.0,1.0
2026-03-22T21:10:07.745-705391-350449,526,true,3.523654674334309,1,2407.397086619139,1.0,0.0
2026-03-22T21:10:07.745-705391-350449,567,true,0.5577316860823651,1,2406.8393549330567,1.0,0.0
2026-03-22T21:10:07.745-705391-350449,93,false,8.481740244205344,1,2406.8393549330567,1.0,1.0
2026-03-22T21:10:07.745-705391-350449,425,false,3.1770473798994097,1,2406.8393549330567,1.0,1.0
2026-03-22T21:10:07.745-705391-350449,587,false,2.7397392714279922,1,2406.8393549330567,1.0,1.0
2026-03-22T21:10:07.745-705391-350449,213,false,0.8326578858009823,1,2406.8393549330567,1.0,1.0
2026-03-22T21:10:07.745-705391-350449,21,true,13.869764927513152,1,2392.9695900055435,1.0,0.0
2026-03-22T21:10:07.745-705391-350449,23,true,1.674780287921748,1,2391.294809717622,1.0,0.0
2026-03-22T21:10:07.745-705391-350449,668,false,3.3210121096341036,1,2391.294809717622,1.0,1.0
2026-03-22T21:10:07.745-705391-350449,997,false,0.8314983865048666,1,2391.294809717622,1.0,1.0
2026-03-22T21:10:07.745-705391-350449,234,true,47.154121862049614,1,2344.140687855572,1.0,0.9319999999999999
2026-03-22T21:10:07.745-705391-350449,51,true,58.14021612879475,1,2286.0004717267775,1.0,0.6910000000000001
2026-03-22T21:10:07.745-705391-350449,470,true,33.61745932106752,1,2252.38301240571,1.0,0.0010000000000000009
2026-03-22T21:10:07.745-705391-350449,240,false,0.527329924670112,1,2252.38301240571,1.0,1.0
2026-03-22T21:10:07.745-705391-350449,720,false,0.8613957798906664,1,2252.38301240571,1.0,1.0
2026-03-22T21:10:07.745-705391-350449,740,false,0.5344293216757185,1,2252.38301240571,1.0,1.0
2026-03-22T21:10:07.745-705391-350449,280,false,1.5990784061136802,1,2252.38301240571,1.0,1.0
2026-03-22T21:10:07.745-705391-350449,906,false,2.5605554101314416,1,2252.38301240571,1.0,1.0
2026-03-22T21:10:07.745-705391-350449,856,false,0.07479375386432871,1,2252.38301240571,1.0,1.0
2026-03-22T21:10:07.745-705391-350449,790,false,0.40068496684155347,1,2252.38301240571,1.0,1.0
2026-03-22T21:10:07.745-705391-350449,511,false,1.462366328173537,1,2252.38301240571,1.0,1.0
2026-03-22T21:10:07.745-705391-350449,477,false,0.1128708548335929,1,2252.38301240571,1.0,1.0
2026-03-22T21:10:07.745-705391-350449,927,false,9.921809597094336,1,2252.38301240571,1.0,1.0
2026-03-22T21:10:07.745-705391-350449,626,true,26.493913200383716,1,2225.889099205326,1.0,0.0
2026-03-22T21:10:07.745-705391-350449,227,false,0.03211366590158662,1,2225.889099205326,1.0,1.0
2026-03-22T21:10:07.745-705391-350449,81,false,1.0218223919722658,1,2225.889099205326,1.0,1.0
2026-03-22T21:10:07.745-705391-350449,966,false,3.173597302362691,1,2225.889099205326,1.0,1.0
2026-03-22T21:10:07.745-705391-350449,664,false,0.3503910594696029,1,2225.889099205326,1.0,1.0
2026-03-22T21:10:07.745-705391-350449,250,false,87.24143379812726,1,2225.889099205326,1.0,1.0
2026-03-22T21:10:07.745-705391-350449,145,false,123.72511456893265,1,2225.889099205326,1.0,1.0
2026-03-22T21:10:07.745-705391-350449,219,false,2.472488401879144,1,2225.889099205326,1.0,1.0
2026-03-22T21:10:07.745-705391-350449,359,true,0.44272848459536723,1,2225.4463707207306,1.0,0.0
2026-03-22T21:10:07.745-705391-350449,627,true,271.39250505235685,1,1954.0538656683736,1.0,0.0
2026-03-22T21:10:07.745-705391-350449,956,false,132.95042693984726,1,1954.0538656683736,1.0,1.0
2026-03-22T21:10:07.745-705391-350449,321,false,77.82891836054681,1,1954.0538656683736,1.0,1.0
2026-03-22T21:10:07.745-705391-350449,512,false,1.9130726206441986,1,1954.0538656683736,1.0,1.0
2026-03-22T21:10:07.745-705391-350449,433,false,1.026381735590014,1,1954.0538656683736,1.0,1.0
2026-03-22T21:10:07.745-705391-350449,555,false,45.618106671409656,1,1954.0538656683736,1.0,1.0
2026-03-22T21:10:07.745-705391-350449,907,false,0.5855526464476795,1,1954.0538656683736,1.0,1.0
2026-03-22T21:10:07.745-705391-350449,334,false,0.10910484515440032,1,1954.0538656683736,1.0,1.0
2026-03-22T21:10:07.745-705391-350449,43,true,0.8698448689844943,1,1953.1840207993891,1.0,0.865
2026-03-22T21:10:07.745-705391-350449,348,false,0.49992855004003295,1,1953.1840207993891,1.0,1.0
2026-03-22T21:10:07.745-705391-350449,846,false,9.114187904343478,1,1953.1840207993891,1.0,1.0
2026-03-22T21:10:07.745-705391-350449,285,false,0.4820844545838496,1,1953.1840207993891,1.0,1.0
2026-03-22T21:10:07.745-705391-350449,421,false,12.260835239162752,1,1953.1840207993891,1.0,1.0
2026-03-22T21:10:07.745-705391-350449,260,false,2.0650448281447504,1,1953.1840207993891,1.0,1.0
2026-03-22T21:10:07.745-705391-350449,103,false,6.981699054519706,1,1953.1840207993891,1.0,1.0
2026-03-22T21:10:07.745-705391-350449,649,false,23.48602079670801,1,1953.1840207993891,1.0,1.0
2026-03-22T21:10:07.745-705391-350449,79,false,2.087761799341929,1,1953.1840207993891,1.0,1.0
2026-03-22T21:10:07.745-705391-350449,687,false,0.7647632641941472,1,1953.1840207993891,1.0,1.0
2026-03-22T21:10:07.745-705391-350449,609,false,0.2311181658507372,1,1953.1840207993891,1.0,1.0
2026-03-22T21:10:07.745-705391-350449,24,true,16.16448221845528,1,1937.0195385809338,1.0,0.0
2026-03-22T21:10:07.745-705391-350449,885,false,4.318783523715369,1,1937.0195385809338,1.0,1.0
2026-03-22T21:10:07.745-705391-350449,373,false,1.2045955194605857,1,1937.0195385809338,1.0,1.0
2026-03-22T21:10:07.745-705391-350449,439,false,2.346866506888885,1,1937.0195385809338,1.0,1.0
2026-03-22T21:10:07.745-705391-350449,110,false,0.330806743424727,1,1937.0195385809338,1.0,1.0
2026-03-22T21:10:07.745-705391-350449,902,false,0.8550235382023549,1,1937.0195385809338,1.0,1.0
2026-03-22T21:10:07.745-705391-350449,839,false,11.421199157243617,1,1937.0195385809338,1.0,1.0
2026-03-22T21:10:07.745-705391-350449,746,false,3.2035676406156144,1,1937.0195385809338,1.0,1.0
2026-03-22T21:10:07.745-705391-350449,827,false,3.2922046727537744,1,1937.0195385809338,1.0,1.0
2026-03-22T21:10:07.745-705391-350449,128,false,0.1321470395971316,1,1937.0195385809338,1.0,1.0
2026-03-22T21:10:07.745-705391-350449,69,true,0.2435435076011594,1,1936.7759950733328,1.0,0.02400000000000002
2026-03-22T21:10:07.745-705391-350449,479,true,3.420013623612523,1,1933.3559814497203,1.0,0.864
2026-03-22T21:10:07.745-705391-350449,629,true,4.6189916118201415,1,1928.7369898379002,1.0,0.0
2026-03-22T21:10:07.745-705391-350449,52,true,6.007900734023112,1,1922.729089103877,1.0,0.0
2026-03-22T21:10:07.745-705391-350449,231,false,0.12192278369656803,1,1922.729089103877,1.0,1.0
2026-03-22T21:10:07.745-705391-350449,310,true,0.24180882969340634,1,1922.4872802741836,1.0,0.857
2026-03-22T21:10:07.745-705391-350449,632,true,0.29698368226545074,1,1922.1902965919182,1.0,0.0
2026-03-22T21:10:07.745-705391-350449,755,true,143.17145650812623,1,1779.018840083792,1.0,0.0
2026-03-22T21:10:07.745-705391-350449,429,false,20.634529342364594,1,1779.018840083792,1.0,1.0
2026-03-22T21:10:07.745-705391-350449,118,false,471.9017799293622,1,1779.018840083792,1.0,1.0
2026-03-22T21:10:07.745-705391-350449,517,false,0.35701966115335365,1,1779.018840083792,1.0,1.0
2026-03-22T21:10:07.745-705391-350449,949,false,0.07600120789018865,1,1779.018840083792,1.0,1.0
2026-03-22T21:10:07.745-705391-350449,212,false,0.5312440467708707,1,1779.018840083792,1.0,1.0
2026-03-22T21:10:07.745-705391-350449,957,false,0.6142416188022196,1,1779.018840083792,1.0,1.0
2026-03-22T21:10:07.745-705391-350449,13,true,692.2084317802942,1,1086.8104083034978,1.0,0.0
2026-03-22T21:10:07.745-705391-350449,845,false,0.09734696530420216,1,1086.8104083034978,1.0,1.0
2026-03-22T21:10:07.745-705391-350449,91,false,4.687304173793552,1,1086.8104083034978,1.0,1.0
2026-03-22T21:10:07.745-705391-350449,185,false,19.355647167142884,1,1086.8104083034978,1.0,1.0
2026-03-22T21:10:07.745-705391-350449,229,false,7.402856856739421,1,1086.8104083034978,1.0,1.0
2026-03-22T21:10:07.745-705391-350449,304,true,3.1232152693947035,1,1083.687193034103,1.0,0.704
2026-03-22T21:10:07.745-705391-350449,802,false,1.7804062089994082,1,1083.687193034103,1.0,1.0
2026-03-22T21:10:07.745-705391-350449,396,false,102.60196841149454,1,1083.687193034103,1.0,1.0
2026-03-22T21:10:07.745-705391-350449,844,false,5.040749897462861,1,1083.687193034103,1.0,1.0
2026-03-22T21:10:07.745-705391-350449,220,false,573.2330433442321,1,1083.687193034103,1.0,1.0
2026-03-22T21:10:07.745-705391-350449,908,false,0.48631586315328623,1,1083.687193034103,1.0,1.0
2026-03-22T21:10:07.745-705391-350449,832,false,21.01603879678058,1,1083.687193034103,1.0,1.0
2026-03-22T21:10:07.745-705391-350449,12,true,1.6385076729832933,1,1082.0486853611199,1.0,0.0
2026-03-22T21:10:07.745-705391-350449,305,true,2.9258512149568032,1,1079.122834146163,1.0,0.018000000000000016
2026-03-22T21:10:07.745-705391-350449,655,false,68.3038607033267,1,1079.122834146163,1.0,1.0
2026-03-22T21:10:07.745-705391-350449,442,true,1.7332848364845632,1,1077.3895493096786,1.0,0.0010000000000000009
2026-03-22T21:10:07.745-705391-350449,869,false,21.47724613620119,1,1077.3895493096786,1.0,1.0
2026-03-22T21:10:07.745-705391-350449,608,false,9.807670969325022,1,1077.3895493096786,1.0,1.0
2026-03-22T21:10:07.745-705391-350449,326,false,2.573895636071308,1,1077.3895493096786,1.0,1.0
2026-03-22T21:10:07.745-705391-350449,897,false,16.15133284645288,1,1077.3895493096786,1.0,1.0
2026-03-22T21:10:07.745-705391-350449,722,false,0.4276085057855987,1,1077.3895493096786,1.0,1.0
2026-03-22T21:10:07.745-705391-350449,786,false,27.257283841482085,1,1077.3895493096786,1.0,1.0
2026-03-22T21:10:07.745-705391-350449,297,false,2.2917102201743367,1,1077.3895493096786,1.0,1.0
2026-03-22T21:10:07.745-705391-350449,829,false,8.844427921433748,1,1077.3895493096786,1.0,1.0
2026-03-22T21:10:07.745-705391-350449,818,false,6.375993496080675,1,1077.3895493096786,1.0,1.0
2026-03-22T21:10:07.745-705391-350449,356,true,31.17459336007428,1,1046.2149559496042,1.0,0.0
2026-03-22T21:10:07.745-705391-350449,193,true,4.339040221827739,1,1041.8759157277766,1.0,0.0010000000000000009
2026-03-22T21:10:07.745-705391-350449,312,true,11.861556838198577,1,1030.014358889578,1.0,0.923
2026-03-22T21:10:07.745-705391-350449,917,true,2.486656848439989,1,1027.5277020411381,1.0,0.859
2026-03-22T21:10:07.745-705391-350449,612,false,2.2819867956964317,1,1027.5277020411381,1.0,1.0
2026-03-22T21:10:07.745-705391-350449,122,true,11.44897463181801,1,1016.0787274093201,1.0,0.845
2026-03-22T21:10:07.745-705391-350449,981,false,4.865219618456861,1,1016.0787274093201,1.0,1.0
2026-03-22T21:10:07.745-705391-350449,729,false,17.247394982161627,1,1016.0787274093201,1.0,1.0
2026-03-22T21:10:07.745-705391-350449,858,true,16.67220529443344,1,999.4065221148867,1.0,0.0
2026-03-22T21:10:07.745-705391-350449,258,false,1.3466383749155446,1,999.4065221148867,1.0,1.0
2026-03-22T21:10:07.745-705391-350449,49,true,0.5133140915345198,1,998.8932080233521,1.0,0.0010000000000000009
2026-03-22T21:10:07.745-705391-350449,941,false,6.785153311060745,1,998.8932080233521,1.0,1.0
2026-03-22T21:10:07.745-705391-350449,283,false,66.18792913634974,1,998.8932080233521,1.0,1.0
2026-03-22T21:10:07.745-705391-350449,244,true,5.4649753577808395,1,993.4282326655713,1.0,0.97
2026-03-22T21:10:07.745-705391-350449,26,false,0.18216613873850845,1,993.4282326655713,1.0,1.0
2026-03-22T21:10:07.745-705391-350449,172,false,1.7501529010328933,1,993.4282326655713,1.0,1.0
2026-03-22T21:10:07.745-705391-350449,10,true,3.523976082622552,1,989.9042565829487,1.0,0.0
2026-03-22T21:10:07.745-705391-350449,750,true,11.409985379340867,1,978.4942712036079,1.0,0.0
2026-03-22T21:10:07.745-705391-350449,940,false,6.167339407809117,1,978.4942712036079,1.0,1.0
2026-03-22T21:10:07.745-705391-350449,335,false,1.2865422292277733,1,978.4942712036079,1.0,1.0
2026-03-22T21:10:07.745-705391-350449,323,false,8.149342521047902,1,978.4942712036079,1.0,1.0
2026-03-22T21:10:07.745-705391-350449,211,false,0.621961997381977,1,978.4942712036079,1.0,1.0
2026-03-22T21:10:07.745-705391-350449,641,false,32.38376917191951,1,978.4942712036079,1.0,1.0
2026-03-22T21:10:07.745-705391-350449,377,false,4.58457273719442,1,978.4942712036079,1.0,1.0
2026-03-22T21:10:07.745-705391-350449,404,false,1.0466572750208147,1,978.4942712036079,1.0,1.0
2026-03-22T21:10:07.745-705391-350449,575,true,1.1033160979637278,1,977.3909551056441,1.0,0.0
2026-03-22T21:10:07.745-705391-350449,965,true,805.7415040923354,1,171.64945101330875,1.0,0.638
2026-03-22T21:10:07.745-705391-350449,374,false,264.9111207472448,1,171.64945101330875,1.0,1.0
2026-03-22T21:10:07.745-705391-350449,588,true,4.251245430339052,1,167.3982055829697,1.0,0.6970000000000001
2026-03-22T21:10:07.745-705391-350449,495,false,17.13168272988117,1,167.3982055829697,1.0,1.0
2026-03-22T21:10:07.745-705391-350449,490,false,2.6861999315070095,1,167.3982055829697,1.0,1.0
2026-03-22T21:10:07.745-705391-350449,440,true,68.87811123463263,2,98.52009434833707,1.0,0.0
2026-03-22T21:10:07.745-705391-350449,744,false,2.392634713600437,2,98.52009434833707,1.0,1.0
2026-03-22T21:10:07.745-705391-350449,513,false,0.2819754383086005,2,98.52009434833707,1.0,1.0
2026-03-22T21:10:07.745-705391-350449,382,false,299.00840064612714,2,98.52009434833707,1.0,1.0
2026-03-22T21:10:07.745-705391-350449,293,false,0.42200143606189183,2,98.52009434833707,1.0,1.0
2026-03-22T21:10:07.745-705391-350449,641,false,32.38376917191951,2,98.52009434833707,1.0,1.0
2026-03-22T21:10:07.745-705391-350449,833,false,1.266692978834421,2,98.52009434833707,1.0,1.0
2026-03-22T21:10:07.745-705391-350449,900,false,33.766046301811194,2,98.52009434833707,1.0,1.0
2026-03-22T21:10:07.745-705391-350449,230,false,6.766813575508707,2,98.52009434833707,1.0,1.0
2026-03-22T21:10:07.745-705391-350449,416,false,0.5424647101330629,2,98.52009434833707,1.0,1.0
2026-03-22T21:10:07.745-705391-350449,174,false,2.37635146402505,2,98.52009434833707,1.0,1.0
2026-03-22T21:10:07.745-705391-350449,841,false,0.9622911050202765,2,98.52009434833707,1.0,1.0
2026-03-22T21:10:07.745-705391-350449,131,false,0.20565985736106016,2,98.52009434833707,1.0,1.0
2026-03-22T21:10:07.745-705391-350449,415,false,2.1323820111586382,2,98.52009434833707,1.0,1.0
2026-03-22T21:10:07.745-705391-350449,138,false,3.236664082593318,2,98.52009434833707,1.0,1.0
2026-03-22T21:10:07.745-705391-350449,190,true,45.442263233716695,2,53.07783111462037,1.0,0.858
2026-03-22T21:10:07.745-705391-350449,534,false,15.218436933678845,2,53.07783111462037,1.0,1.0
2026-03-22T21:10:07.745-705391-350449,394,false,81.08337441466125,2,53.07783111462037,1.0,1.0
2026-03-22T21:10:07.745-705391-350449,510,false,4.449930537085176,2,53.07783111462037,1.0,1.0
2026-03-22T21:10:07.745-705391-350449,991,false,99.17049944095847,2,53.07783111462037,1.0,1.0
2026-03-22T21:10:07.745-705391-350449,266,true,1.7549288082012011,2,51.322902306419174,1.0,0.0
2026-03-22T21:10:07.745-705391-350449,599,false,0.36536687842237886,2,51.322902306419174,1.0,1.0
2026-03-22T21:10:07.745-705391-350449,868,true,4.976676017796,2,46.34622628862317,1.0,0.6779999999999999
2026-03-22T21:10:07.745-705391-350449,480,true,3.9075117518921014,2,42.43871453673107,1.0,0.6990000000000001
2026-03-22T21:10:07.745-705391-350449,39,true,5.994537417930549,2,36.44417711880052,1.0,0.0
2026-03-22T21:10:07.745-705391-350449,617,true,4.119711105454922,2,32.3244660133456,1.0,0.0
2026-03-22T21:10:07.745-705391-350449,607,false,1.0404020893954191,2,32.3244660133456,1.0,1.0
2026-03-22T21:10:07.745-705391-350449,153,false,0.8649166394318472,2,32.3244660133456,1.0,1.0
2026-03-22T21:10:07.745-705391-350449,949,false,0.07600120789018865,2,32.3244660133456,1.0,1.0
2026-03-22T21:10:07.745-705391-350449,471,true,1.3691570674559248,2,30.955308945889676,1.0,0.0
2026-03-22T21:10:07.745-705391-350449,390,false,60.33843311195316,2,30.955308945889676,1.0,1.0
2026-03-22T21:10:07.745-705391-350449,940,false,6.167339407809117,2,30.955308945889676,1.0,1.0
2026-03-22T21:10:07.745-705391-350449,265,false,0.03096058810649929,2,30.955308945889676,1.0,1.0
2026-03-22T21:10:07.745-705391-350449,98,false,8.497175677181447,2,30.955308945889676,1.0,1.0
2026-03-22T21:10:07.745-705391-350449,235,true,179.86855773034424,2,-148.91324878445457,1.0,0.802
2026-03-22T21:10:07.745-306470-42573,926,false,19.948291597759432,1,3663.3725474681014,1.0,1.0
2026-03-22T21:10:07.745-306470-42573,719,false,1.3659370847930434,1,3663.3725474681014,1.0,1.0
2026-03-22T21:10:07.745-306470-42573,256,false,4.070077181668436,1,3663.3725474681014,1.0,1.0
2026-03-22T21:10:07.745-306470-42573,492,false,0.7257138520671801,1,3663.3725474681014,1.0,1.0
2026-03-22T21:10:07.745-306470-42573,136,false,0.9271017906315098,1,3663.3725474681014,1.0,1.0
2026-03-22T21:10:07.745-306470-42573,532,false,0.2636828702720477,1,3663.3725474681014,1.0,1.0
2026-03-22T21:10:07.745-306470-42573,948,false,12.695537873810968,1,3663.3725474681014,1.0,1.0
2026-03-22T21:10:07.745-306470-42573,875,false,7.969210778024255,1,3663.3725474681014,1.0,1.0
2026-03-22T21:10:07.745-306470-42573,303,false,0.3373616074628009,1,3663.3725474681014,1.0,1.0
2026-03-22T21:10:07.745-306470-42573,421,false,0.12008858538897693,1,3663.3725474681014,1.0,1.0
2026-03-22T21:10:07.745-306470-42573,381,false,4.631914416549218,1,3663.3725474681014,1.0,1.0
2026-03-22T21:10:07.745-306470-42573,447,false,5.285692118895796,1,3663.3725474681014,1.0,1.0
2026-03-22T21:10:07.745-306470-42573,545,false,12.720940892557447,1,3663.3725474681014,1.0,1.0
2026-03-22T21:10:07.745-306470-42573,585,false,7.176560739474964,1,3663.3725474681014,1.0,1.0
2026-03-22T21:10:07.745-306470-42573,535,false,2.061778957309091,1,3663.3725474681014,1.0,1.0
2026-03-22T21:10:07.745-306470-42573,579,false,1.8953827604500444,1,3663.3725474681014,1.0,1.0
2026-03-22T21:10:07.745-306470-42573,594,false,2.3526626412718157,1,3663.3725474681014,1.0,1.0
2026-03-22T21:10:07.745-306470-42573,905,false,0.29574065200592026,1,3663.3725474681014,1.0,1.0
2026-03-22T21:10:07.745-306470-42573,904,false,31.8280786340371,1,3663.3725474681014,1.0,1.0
2026-03-22T21:10:07.745-306470-42573,367,false,7.946043416505447,1,3663.3725474681014,1.0,1.0
2026-03-22T21:10:07.745-306470-42573,85,true,46.11494050697065,1,3617.257606961131,1.0,0.659
2026-03-22T21:10:07.745-306470-42573,292,false,1.6924924203953775,1,3617.257606961131,1.0,1.0
2026-03-22T21:10:07.745-306470-42573,37,false,0.14364650480864144,1,3617.257606961131,1.0,1.0
2026-03-22T21:10:07.745-306470-42573,540,false,3.6909126133523595,1,3617.257606961131,1.0,1.0
2026-03-22T21:10:07.745-306470-42573,967,false,2.025820662974894,1,3617.257606961131,1.0,1.0
2026-03-22T21:10:07.745-306470-42573,376,false,1.4164497349753509,1,3617.257606961131,1.0,1.0
2026-03-22T21:10:07.745-306470-42573,592,false,2.3273183654178706,1,3617.257606961131,1.0,1.0
2026-03-22T21:10:07.745-306470-42573,418,false,0.0808033348347085,1,3617.257606961131,1.0,1.0
2026-03-22T21:10:07.745-306470-42573,528,false,3.986495985669932,1,3617.257606961131,1.0,1.0
2026-03-22T21:10:07.745-306470-42573,877,false,11.543668360175932,1,3617.257606961131,1.0,1.0
2026-03-22T21:10:07.745-306470-42573,263,false,1.7161496267862637,1,3617.257606961131,1.0,1.0
2026-03-22T21:10:07.745-306470-42573,769,false,5.3870555942556635,1,3617.257606961131,1.0,1.0
2026-03-22T21:10:07.745-306470-42573,473,false,0.11145725493341813,1,3617.257606961131,1.0,1.0
2026-03-22T21:10:07.745-306470-42573,448,false,4.6332953878277685,1,3617.257606961131,1.0,1.0
2026-03-22T21:10:07.745-306470-42573,48,false,19.606666554029722,1,3617.257606961131,1.0,1.0
2026-03-22T21:10:07.745-306470-42573,265,false,0.2914708775861527,1,3617.257606961131,1.0,1.0
2026-03-22T21:10:07.745-306470-42573,122,false,0.17368332810494577,1,3617.257606961131,1.0,1.0
2026-03-22T21:10:07.745-306470-42573,895,true,3.7710587538019977,1,3613.4865482073287,1.0,0.6890000000000001
2026-03-22T21:10:07.745-306470-42573,915,false,5.112385206622479,1,3613.4865482073287,1.0,1.0
2026-03-22T21:10:07.745-306470-42573,807,false,5.750370924626885,1,3613.4865482073287,1.0,1.0
2026-03-22T21:10:07.745-306470-42573,406,false,3.345506145810389,1,3613.4865482073287,1.0,1.0
2026-03-22T21:10:07.745-306470-42573,668,false,4.267785776539625,1,3613.4865482073287,1.0,1.0
2026-03-22T21:10:07.745-306470-42573,387,false,0.044152738554869134,1,3613.4865482073287,1.0,1.0
2026-03-22T21:10:07.745-306470-42573,653,false,26.027395402321655,1,3613.4865482073287,1.0,1.0
2026-03-22T21:10:07.745-306470-42573,126,false,73.67876201600684,1,3613.4865482073287,1.0,1.0
2026-03-22T21:10:07.745-306470-42573,815,false,3.5439446100671446,1,3613.4865482073287,1.0,1.0
2026-03-22T21:10:07.745-306470-42573,707,false,15.027442065047188,1,3613.4865482073287,1.0,1.0
2026-03-22T21:10:07.745-306470-42573,691,false,6.938635260816487,1,3613.4865482073287,1.0,1.0
2026-03-22T21:10:07.745-306470-42573,330,false,0.7774805105994698,1,3613.4865482073287,1.0,1.0
2026-03-22T21:10:07.745-306470-42573,907,false,0.5630993252847595,1,3613.4865482073287,1.0,1.0
2026-03-22T21:10:07.745-306470-42573,838,false,0.29431442521816714,1,3613.4865482073287,1.0,1.0
2026-03-22T21:10:07.745-306470-42573,975,false,15.56868815511087,1,3613.4865482073287,1.0,1.0
2026-03-22T21:10:07.745-306470-42573,242,false,31.955139352201353,1,3613.4865482073287,1.0,1.0
2026-03-22T21:10:07.745-306470-42573,291,false,14.261924266232784,1,3613.4865482073287,1.0,1.0
2026-03-22T21:10:07.745-306470-42573,151,false,5.189704923773736,1,3613.4865482073287,1.0,1.0
2026-03-22T21:10:07.745-306470-42573,174,false,0.023885703285328973,1,3613.4865482073287,1.0,1.0
2026-03-22T21:10:07.745-306470-42573,39,false,60.65962720247165,1,3613.4865482073287,1.0,1.0
2026-03-22T21:10:07.745-306470-42573,741,true,26.2774884026094,1,3587.2090598047193,1.0,0.636
2026-03-22T21:10:07.745-306470-42573,377,false,7.288170172607094,1,3587.2090598047193,1.0,1.0
2026-03-22T21:10:07.745-306470-42573,852,false,39.048244118367776,1,3587.2090598047193,1.0,1.0
2026-03-22T21:10:07.745-306470-42573,185,false,1.0547121104971822,1,3587.2090598047193,1.0,1.0
2026-03-22T21:10:07.745-306470-42573,494,false,22.755797026822446,1,3587.2090598047193,1.0,1.0
2026-03-22T21:10:07.745-306470-42573,30,false,0.3334745028176119,1,3587.2090598047193,1.0,1.0
2026-03-22T21:10:07.745-306470-42573,194,false,6.76823293395174,1,3587.2090598047193,1.0,1.0
2026-03-22T21:10:07.745-306470-42573,287,false,7.041538259811142,1,3587.2090598047193,1.0,1.0
2026-03-22T21:10:07.745-306470-42573,879,false,5.961579788346774,1,3587.2090598047193,1.0,1.0
2026-03-22T21:10:07.745-306470-42573,262,false,0.23324723032993494,1,3587.2090598047193,1.0,1.0
2026-03-22T21:10:07.745-306470-42573,517,false,1.9677076909493807,1,3587.2090598047193,1.0,1.0
2026-03-22T21:10:07.745-306470-42573,909,true,3.0329622570126524,1,3584.176097547707,1.0,0.882
2026-03-22T21:10:07.745-306470-42573,748,false,3.4663072372929196,1,3584.176097547707,1.0,1.0
2026-03-22T21:10:07.745-306470-42573,774,false,1.1305009893675895,1,3584.176097547707,1.0,1.0
2026-03-22T21:10:07.745-306470-42573,137,false,0.037451495759419653,1,3584.176097547707,1.0,1.0
2026-03-22T21:10:07.745-306470-42573,572,false,3.422712453707416,1,3584.176097547707,1.0,1.0
2026-03-22T21:10:07.745-306470-42573,678,false,7.3517981556511725,1,3584.176097547707,1.0,1.0
2026-03-22T21:10:07.745-306470-42573,394,false,2.3005984599798843,1,3584.176097547707,1.0,1.0
2026-03-22T21:10:07.745-306470-42573,154,false,41.91514973388657,1,3584.176097547707,1.0,1.0
2026-03-22T21:10:07.745-306470-42573,62,false,0.1864472605664568,1,3584.176097547707,1.0,1.0
2026-03-22T21:10:07.745-306470-42573,584,false,6.725582750539876,1,3584.176097547707,1.0,1.0
2026-03-22T21:10:07.745-306470-42573,784,false,0.032276042690617054,1,3584.176097547707,1.0,1.0
2026-03-22T21:10:07.745-306470-42573,305,false,3.3417503689299273,1,3584.176097547707,1.0,1.0
2026-03-22T21:10:07.745-306470-42573,531,false,8.37192702731917,1,3584.176097547707,1.0,1.0
2026-03-22T21:10:07.745-306470-42573,515,false,2.725152655368621,1,3584.176097547707,1.0,1.0
2026-03-22T21:10:07.745-306470-42573,622,false,63.62728455550925,1,3584.176097547707,1.0,1.0
2026-03-22T21:10:07.745-306470-42573,625,false,5.391632070335249,1,3584.176097547707,1.0,1.0
2026-03-22T21:10:07.745-306470-42573,755,false,1.9422313518531742,1,3584.176097547707,1.0,1.0
2026-03-22T21:10:07.745-306470-42573,560,false,148.32953629531912,1,3584.176097547707,1.0,1.0
2026-03-22T21:10:07.745-306470-42573,129,false,4.23371365421336,1,3584.176097547707,1.0,1.0
2026-03-22T21:10:07.745-306470-42573,463,false,1.2331278327027386,1,3584.176097547707,1.0,1.0
2026-03-22T21:10:07.745-306470-42573,868,false,10.26987432448396,1,3584.176097547707,1.0,1.0
2026-03-22T21:10:07.745-306470-42573,627,false,9.123117800686904,1,3584.176097547707,1.0,1.0
2026-03-22T21:10:07.745-306470-42573,220,true,1.8676665056081685,1,3582.3084310420986,1.0,0.637
2026-03-22T21:10:07.745-306470-42573,210,false,29.169955904240016,1,3582.3084310420986,1.0,1.0
2026-03-22T21:10:07.745-306470-42573,856,false,6.967592870334068,1,3582.3084310420986,1.0,1.0
2026-03-22T21:10:07.745-306470-42573,508,false,5.256645283450104,1,3582.3084310420986,1.0,1.0
2026-03-22T21:10:07.745-306470-42573,83,true,0.5568467847703775,1,3581.7515842573284,1.0,0.0
2026-03-22T21:10:07.745-306470-42573,297,false,31.645868289098672,1,3581.7515842573284,1.0,1.0
2026-03-22T21:10:07.745-306470-42573,829,false,0.32931524263334905,1,3581.7515842573284,1.0,1.0
2026-03-22T21:10:07.745-306470-42573,46,false,1.3882501355943115,1,3581.7515842573284,1.0,1.0
2026-03-22T21:10:07.745-306470-42573,27,false,1.6072882079227624,1,3581.7515842573284,1.0,1.0
2026-03-22T21:10:07.745-306470-42573,193,false,9.681419557998568,1,3581.7515842573284,1.0,1.0
2026-03-22T21:10:07.745-306470-42573,524,false,0.49723989499261106,1,3581.7515842573284,1.0,1.0
2026-03-22T21:10:07.745-306470-42573,599,false,3.2747921396012165,1,3581.7515842573284,1.0,1.0
2026-03-22T21:10:07.745-306470-42573,995,false,20.228662378933162,1,3581.7515842573284,1.0,1.0
2026-03-22T21:10:07.745-306470-42573,661,true,11.839191078901209,1,3569.912393178427,1.0,0.641
2026-03-22T21:10:07.745-306470-42573,67,false,1.9225615212459348,1,3569.912393178427,1.0,1.0
2026-03-22T21:10:07.745-306470-42573,59,false,0.3093909613051489,1,3569.912393178427,1.0,1.0
2026-03-22T21:10:07.745-306470-42573,356,false,36.50825415541735,1,3569.912393178427,1.0,1.0
2026-03-22T21:10:07.745-306470-42573,266,false,0.6062314959080751,1,3569.912393178427,1.0,1.0
2026-03-22T21:10:07.745-306470-42573,757,false,0.04546179697482064,1,3569.912393178427,1.0,1.0
2026-03-22T21:10:07.745-306470-42573,996,false,5.77259410834463,1,3569.912393178427,1.0,1.0
2026-03-22T21:10:07.745-306470-42573,487,false,4.3550466873767055,1,3569.912393178427,1.0,1.0
2026-03-22T21:10:07.745-306470-42573,191,false,4.577386957734968,1,3569.912393178427,1.0,1.0
2026-03-22T21:10:07.745-306470-42573,10,false,2.2334730381410326,1,3569.912393178427,1.0,1.0
2026-03-22T21:10:07.745-306470-42573,720,false,53.59331736018206,1,3569.912393178427,1.0,1.0
2026-03-22T21:10:07.745-306470-42573,420,false,1.8903647144968851,1,3569.912393178427,1.0,1.0
2026-03-22T21:10:07.745-306470-42573,578,false,3.4694400397007783,1,3569.912393178427,1.0,1.0
2026-03-22T21:10:07.745-306470-42573,146,false,0.2292818015224422,1,3569.912393178427,1.0,1.0
2026-03-22T21:10:07.745-306470-42573,413,false,12.205754981572179,1,3569.912393178427,1.0,1.0
2026-03-22T21:10:07.745-306470-42573,304,false,1.3460947487518098,1,3569.912393178427,1.0,1.0
2026-03-22T21:10:07.745-306470-42573,571,true,3.5548221302310767,1,3566.357571048196,1.0,0.999
2026-03-22T21:10:07.745-306470-42573,436,false,12.16261274452484,1,3566.357571048196,1.0,1.0
2026-03-22T21:10:07.745-306470-42573,232,false,2.984225027709407,1,3566.357571048196,1.0,1.0
2026-03-22T21:10:07.745-306470-42573,380,false,9.259410788598837,1,3566.357571048196,1.0,1.0
2026-03-22T21:10:07.745-306470-42573,702,false,6.953843122723019,1,3566.357571048196,1.0,1.0
2026-03-22T21:10:07.745-306470-42573,135,false,20.186392412414893,1,3566.357571048196,1.0,1.0
2026-03-22T21:10:07.745-306470-42573,302,false,1.1751499174072861,1,3566.357571048196,1.0,1.0
2026-03-22T21:10:07.745-306470-42573,636,false,0.09469994089354804,1,3566.357571048196,1.0,1.0
2026-03-22T21:10:07.745-306470-42573,424,false,1.6530043602630484,1,3566.357571048196,1.0,1.0
2026-03-22T21:10:07.745-306470-42573,360,false,43.72239693305552,1,3566.357571048196,1.0,1.0
2026-03-22T21:10:07.745-306470-42573,711,false,13.269979292922441,1,3566.357571048196,1.0,1.0
2026-03-22T21:10:07.745-306470-42573,228,false,2.699790914211555,1,3566.357571048196,1.0,1.0
2026-03-22T21:10:07.745-306470-42573,763,true,113.8241939449071,1,3452.533377103289,1.0,0.612
2026-03-22T21:10:07.745-306470-42573,568,true,5.765611110918745,1,3446.76776599237,1.0,0.6859999999999999
2026-03-22T21:10:07.745-306470-42573,337,false,88.61225441334896,1,3446.76776599237,1.0,1.0
2026-03-22T21:10:07.745-306470-42573,235,false,1.9742625665582816,1,3446.76776599237,1.0,1.0
2026-03-22T21:10:07.745-306470-42573,694,false,3.4054229583854534,1,3446.76776599237,1.0,1.0
2026-03-22T21:10:07.745-306470-42573,883,false,5.230523584213893,1,3446.76776599237,1.0,1.0
2026-03-22T21:10:07.745-306470-42573,747,false,0.16325577720000348,1,3446.76776599237,1.0,1.0
2026-03-22T21:10:07.745-306470-42573,366,false,31.383854922361994,1,3446.76776599237,1.0,1.0
2026-03-22T21:10:07.745-306470-42573,316,false,1.0835414444482443,1,3446.76776599237,1.0,1.0
2026-03-22T21:10:07.745-306470-42573,208,false,1.792909346771138,1,3446.76776599237,1.0,1.0
2026-03-22T21:10:07.745-306470-42573,633,false,1.6630833348522034,1,3446.76776599237,1.0,1.0
2026-03-22T21:10:07.745-306470-42573,958,false,0.7314309279495391,1,3446.76776599237,1.0,1.0
2026-03-22T21:10:07.745-306470-42573,22,false,0.6019341207250474,1,3446.76776599237,1.0,1.0
2026-03-22T21:10:07.745-306470-42573,589,false,4.035788350392673,1,3446.76776599237,1.0,1.0
2026-03-22T21:10:07.745-306470-42573,392,false,12.865099065056526,1,3446.76776599237,1.0,1.0
2026-03-22T21:10:07.745-306470-42573,166,false,0.8680981205375208,1,3446.76776599237,1.0,1.0
2026-03-22T21:10:07.745-306470-42573,352,false,0.15009157396379322,1,3446.76776599237,1.0,1.0
2026-03-22T21:10:07.745-306470-42573,979,false,0.8327603102736938,1,3446.76776599237,1.0,1.0
2026-03-22T21:10:07.745-306470-42573,113,false,87.8797962241374,1,3446.76776599237,1.0,1.0
2026-03-22T21:10:07.745-306470-42573,898,true,0.6061786945836426,1,3446.1615872977864,1.0,0.659
2026-03-22T21:10:07.745-306470-42573,762,true,1.4346661387312527,1,3444.726921159055,1.0,0.0020000000000000018
2026-03-22T21:10:07.745-306470-42573,553,false,0.46624206340715785,1,3444.726921159055,1.0,1.0
2026-03-22T21:10:07.745-306470-42573,65,false,0.05488676644312715,1,3444.726921159055,1.0,1.0
2026-03-22T21:10:07.745-306470-42573,488,false,0.7210434504532675,1,3444.726921159055,1.0,1.0
2026-03-22T21:10:07.745-306470-42573,419,false,2.3994749144695358,1,3444.726921159055,1.0,1.0
2026-03-22T21:10:07.745-306470-42573,890,true,0.837679030208071,1,3443.889242128847,1.0,0.65
2026-03-22T21:10:07.745-306470-42573,714,false,9.200017786630454,1,3443.889242128847,1.0,1.0
2026-03-22T21:10:07.745-306470-42573,409,false,1.3471430865061305,1,3443.889242128847,1.0,1.0
2026-03-22T21:10:07.745-306470-42573,798,false,133.84596658186464,1,3443.889242128847,1.0,1.0
2026-03-22T21:10:07.745-306470-42573,211,false,10.938211865199687,1,3443.889242128847,1.0,1.0
2026-03-22T21:10:07.745-306470-42573,23,false,60.095643371151986,1,3443.889242128847,1.0,1.0
2026-03-22T21:10:07.745-306470-42573,167,false,31.831059063072242,1,3443.889242128847,1.0,1.0
2026-03-22T21:10:07.745-306470-42573,791,false,10.59352826055162,1,3443.889242128847,1.0,1.0
2026-03-22T21:10:07.745-306470-42573,848,false,108.20114534832037,1,3443.889242128847,1.0,1.0
2026-03-22T21:10:07.745-306470-42573,516,false,4.91444134522495,1,3443.889242128847,1.0,1.0
2026-03-22T21:10:07.745-306470-42573,295,false,12.165653020650272,1,3443.889242128847,1.0,1.0
2026-03-22T21:10:07.745-306470-42573,888,true,4.8396936794983,1,3439.0495484493485,1.0,0.644
2026-03-22T21:10:07.745-306470-42573,315,false,1.6115581621716508,1,3439.0495484493485,1.0,1.0
2026-03-22T21:10:07.745-306470-42573,782,false,0.5544847308875093,1,3439.0495484493485,1.0,1.0
2026-03-22T21:10:07.745-306470-42573,162,false,3.8677476656012937,1,3439.0495484493485,1.0,1.0
2026-03-22T21:10:07.745-306470-42573,713,false,4.026891812107857,1,3439.0495484493485,1.0,1.0
2026-03-22T21:10:07.745-306470-42573,646,false,2.1661090203783884,1,3439.0495484493485,1.0,1.0
2026-03-22T21:10:07.745-306470-42573,16,false,8.330504618428591,1,3439.0495484493485,1.0,1.0
2026-03-22T21:10:07.745-306470-42573,845,false,1.0593866108861636,1,3439.0495484493485,1.0,1.0
2026-03-22T21:10:07.745-306470-42573,731,false,3.001995721241173,1,3439.0495484493485,1.0,1.0
2026-03-22T21:10:07.745-306470-42573,79,true,12.451972867349944,1,3426.5975755819986,1.0,0.6579999999999999
2026-03-22T21:10:07.745-306470-42573,469,false,2.463492009869665,1,3426.5975755819986,1.0,1.0
2026-03-22T21:10:07.745-306470-42573,258,false,14.854061013060308,1,3426.5975755819986,1.0,1.0
2026-03-22T21:10:07.745-306470-42573,641,true,10.301094623264214,1,3416.2964809587343,1.0,0.999
2026-03-22T21:10:07.745-306470-42573,617,false,0.6724918478369932,1,3416.2964809587343,1.0,1.0
2026-03-22T21:10:07.745-306470-42573,787,false,0.40321294677688974,1,3416.2964809587343,1.0,1.0
2026-03-22T21:10:07.745-306470-42573,959,false,0.643815378374547,1,3416.2964809587343,1.0,1.0
2026-03-22T21:10:07.745-306470-42573,582,false,21.177913569072604,1,3416.2964809587343,1.0,1.0
2026-03-22T21:10:07.745-306470-42573,470,false,1.9331524274057608,1,3416.2964809587343,1.0,1.0
2026-03-22T21:10:07.745-306470-42573,994,false,0.24324798024788077,1,3416.2964809587343,1.0,1.0
2026-03-22T21:10:07.745-306470-42573,278,false,5.092311541007456,1,3416.2964809587343,1.0,1.0
2026-03-22T21:10:07.745-306470-42573,643,true,926.6214876236359,1,2489.6749933350984,1.0,0.698
2026-03-22T21:10:07.745-306470-42573,199,false,1.3283030158310334,1,2489.6749933350984,1.0,1.0
2026-03-22T21:10:07.745-306470-42573,701,false,2.7656655586551953,1,2489.6749933350984,1.0,1.0
2026-03-22T21:10:07.745-306470-42573,916,false,0.09443174253738859,1,2489.6749933350984,1.0,1.0
2026-03-22T21:10:07.745-306470-42573,796,false,5.296841494322285,1,2489.6749933350984,1.0,1.0
2026-03-22T21:10:07.745-306470-42573,120,false,72.96060585941831,1,2489.6749933350984,1.0,1.0
2026-03-22T21:10:07.745-306470-42573,161,false,2.48590681174818,1,2489.6749933350984,1.0,1.0
2026-03-22T21:10:07.745-306470-42573,680,false,1.135617982323655,1,2489.6749933350984,1.0,1.0
2026-03-22T21:10:07.745-306470-42573,580,false,5.337420974182477,1,2489.6749933350984,1.0,1.0
2026-03-22T21:10:07.745-306470-42573,320,false,10.234455608956917,1,2489.6749933350984,1.0,1.0
2026-03-22T21:10:07.745-306470-42573,115,true,60.039473450443445,1,2429.635519884655,1.0,0.999
2026-03-22T21:10:07.745-306470-42573,482,false,4.560746185875722,1,2429.635519884655,1.0,1.0
2026-03-22T21:10:07.745-306470-42573,160,false,0.04206598492700165,1,2429.635519884655,1.0,1.0
2026-03-22T21:10:07.745-306470-42573,598,false,0.6895840117945236,1,2429.635519884655,1.0,1.0
2026-03-22T21:10:07.745-306470-42573,934,false,0.18189028996951465,1,2429.635519884655,1.0,1.0
2026-03-22T21:10:07.745-306470-42573,431,false,9.636878688320458,1,2429.635519884655,1.0,1.0
2026-03-22T21:10:07.745-306470-42573,157,false,0.014879650496411602,1,2429.635519884655,1.0,1.0
2026-03-22T21:10:07.745-306470-42573,632,false,16.839393859523522,1,2429.635519884655,1.0,1.0
2026-03-22T21:10:07.745-306470-42573,107,false,0.8673396220707928,1,2429.635519884655,1.0,1.0
2026-03-22T21:10:07.745-306470-42573,73,false,0.09283470484586283,1,2429.635519884655,1.0,1.0
2026-03-22T21:10:07.745-306470-42573,745,true,2.2091065621369523,1,2427.426413322518,1.0,0.651
2026-03-22T21:10:07.745-306470-42573,556,false,16.787942858415615,1,2427.426413322518,1.0,1.0
2026-03-22T21:10:07.745-306470-42573,700,false,0.9815082009763765,1,2427.426413322518,1.0,1.0
2026-03-22T21:10:07.745-306470-42573,142,false,1.1214605224921201,1,2427.426413322518,1.0,1.0
2026-03-22T21:10:07.745-306470-42573,290,false,0.8081924537522789,1,2427.426413322518,1.0,1.0
2026-03-22T21:10:07.745-306470-42573,990,false,3.151538515606438,1,2427.426413322518,1.0,1.0
2026-03-22T21:10:07.745-306470-42573,475,false,0.9220196145048055,1,2427.426413322518,1.0,1.0
2026-03-22T21:10:07.745-306470-42573,974,false,12.666362673270378,1,2427.426413322518,1.0,1.0
2026-03-22T21:10:07.745-306470-42573,846,false,4.693403897077417,1,2427.426413322518,1.0,1.0
2026-03-22T21:10:07.745-306470-42573,7,false,2.790811243716747,1,2427.426413322518,1.0,1.0
2026-03-22T21:10:07.745-306470-42573,149,false,0.20966727730880833,1,2427.426413322518,1.0,1.0
2026-03-22T21:10:07.745-306470-42573,677,false,20.08754400058449,1,2427.426413322518,1.0,1.0
2026-03-22T21:10:07.745-306470-42573,114,true,49.4525662999022,1,2377.9738470226157,1.0,0.79
2026-03-22T21:10:07.745-306470-42573,441,false,0.37470476623936966,1,2377.9738470226157,1.0,1.0
2026-03-22T21:10:07.745-306470-42573,34,false,0.3327569586722379,1,2377.9738470226157,1.0,1.0
2026-03-22T21:10:07.745-306470-42573,600,false,9.286618942950788,1,2377.9738470226157,1.0,1.0
2026-03-22T21:10:07.745-306470-42573,946,false,3.681442031655626,1,2377.9738470226157,1.0,1.0
2026-03-22T21:10:07.745-306470-42573,956,false,2.573712937827829,1,2377.9738470226157,1.0,1.0
2026-03-22T21:10:07.745-306470-42573,238,false,2.1454058654511674,1,2377.9738470226157,1.0,1.0
2026-03-22T21:10:07.745-306470-42573,75,false,4.1927063290153015,1,2377.9738470226157,1.0,1.0
2026-03-22T21:10:07.745-306470-42573,789,false,0.05064122161378792,1,2377.9738470226157,1.0,1.0
2026-03-22T21:10:07.745-306470-42573,6,false,11.682791101751134,1,2377.9738470226157,1.0,1.0
2026-03-22T21:10:07.745-306470-42573,921,false,0.5726227900955622,1,2377.9738470226157,1.0,1.0
2026-03-22T21:10:07.745-306470-42573,621,false,2.785438512676974,1,2377.9738470226157,1.0,1.0
2026-03-22T21:10:07.745-306470-42573,855,false,0.24158846644834864,1,2377.9738470226157,1.0,1.0
2026-03-22T21:10:07.745-306470-42573,843,false,26.19013212215437,1,2377.9738470226157,1.0,1.0
2026-03-22T21:10:07.745-306470-42573,64,false,1003.3983698421481,1,2377.9738470226157,1.0,1.0
2026-03-22T21:10:07.745-306470-42573,863,false,40.932990221599674,1,2377.9738470226157,1.0,1.0
2026-03-22T21:10:07.745-306470-42573,170,false,6.0598855660431985,1,2377.9738470226157,1.0,1.0
2026-03-22T21:10:07.745-306470-42573,716,false,11.201954342283845,1,2377.9738470226157,1.0,1.0
2026-03-22T21:10:07.745-306470-42573,970,false,0.23665250643158078,1,2377.9738470226157,1.0,1.0
2026-03-22T21:10:07.745-306470-42573,649,false,7.751932969075615,1,2377.9738470226157,1.0,1.0
2026-03-22T21:10:07.745-306470-42573,476,false,26.869020476116994,1,2377.9738470226157,1.0,1.0
2026-03-22T21:10:07.745-306470-42573,665,true,29.264896235904246,1,2348.7089507867113,1.0,0.651
2026-03-22T21:10:07.745-306470-42573,982,false,221.78476836325953,1,2348.7089507867113,1.0,1.0
2026-03-22T21:10:07.745-306470-42573,688,false,0.20622507655104916,1,2348.7089507867113,1.0,1.0
2026-03-22T21:10:07.745-306470-42573,63,false,0.41561360852634716,1,2348.7089507867113,1.0,1.0
2026-03-22T21:10:07.745-306470-42573,299,false,2.0013570718939278,1,2348.7089507867113,1.0,1.0
2026-03-22T21:10:07.745-306470-42573,882,false,0.09851980486002658,1,2348.7089507867113,1.0,1.0
2026-03-22T21:10:07.745-306470-42573,95,false,113.91716033429009,1,2348.7089507867113,1.0,1.0
2026-03-22T21:10:07.745-306470-42573,438,false,23.08407624490266,1,2348.7089507867113,1.0,1.0
2026-03-22T21:10:07.745-306470-42573,727,false,1.1204082481203061,1,2348.7089507867113,1.0,1.0
2026-03-22T21:10:07.745-306470-42573,485,false,0.5229426769868152,1,2348.7089507867113,1.0,1.0
2026-03-22T21:10:07.745-306470-42573,294,false,0.18483561268491633,1,2348.7089507867113,1.0,1.0
2026-03-22T21:10:07.745-306470-42573,652,false,1.620931866887502,1,2348.7089507867113,1.0,1.0
2026-03-22T21:10:07.745-306470-42573,464,false,60.77839879094486,1,2348.7089507867113,1.0,1.0
2026-03-22T21:10:07.745-306470-42573,240,false,7.903160574939918,1,2348.7089507867113,1.0,1.0
2026-03-22T21:10:07.745-306470-42573,506,false,1.1999063035219828,1,2348.7089507867113,1.0,1.0
2026-03-22T21:10:07.745-306470-42573,593,false,4.794211111162179,1,2348.7089507867113,1.0,1.0
2026-03-22T21:10:07.745-306470-42573,806,false,2.3050889353869635,1,2348.7089507867113,1.0,1.0
2026-03-22T21:10:07.745-306470-42573,29,false,0.31399940240457863,1,2348.7089507867113,1.0,1.0
2026-03-22T21:10:07.745-306470-42573,326,false,2.259253872788954,1,2348.7089507867113,1.0,1.0
2026-03-22T21:10:07.745-306470-42573,212,false,17.9988619426128,1,2348.7089507867113,1.0,1.0
2026-03-22T21:10:07.745-306470-42573,359,false,15.444256361844992,1,2348.7089507867113,1.0,1.0
2026-03-22T21:10:07.745-306470-42573,674,false,0.17737833420804636,1,2348.7089507867113,1.0,1.0
2026-03-22T21:10:07.745-306470-42573,785,false,27.88713661309228,1,2348.7089507867113,1.0,1.0
2026-03-22T21:10:07.745-306470-42573,872,false,1.6228817542088751,1,2348.7089507867113,1.0,1.0
2026-03-22T21:10:07.745-306470-42573,467,false,5.453257828507434,1,2348.7089507867113,1.0,1.0
2026-03-22T21:10:07.745-306470-42573,837,false,0.12762013050280652,1,2348.7089507867113,1.0,1.0
2026-03-22T21:10:07.745-306470-42573,724,false,2.543127529446701,1,2348.7089507867113,1.0,1.0
2026-03-22T21:10:07.745-306470-42573,140,false,5.33642439711018,1,2348.7089507867113,1.0,1.0
2026-03-22T21:10:07.745-306470-42573,721,false,11.750971846055156,1,2348.7089507867113,1.0,1.0
2026-03-22T21:10:07.745-306470-42573,388,false,0.07397924054987001,1,2348.7089507867113,1.0,1.0
2026-03-22T21:10:07.745-306470-42573,862,false,94.23198725104551,1,2348.7089507867113,1.0,1.0
2026-03-22T21:10:07.745-306470-42573,597,false,2.0197122507243197,1,2348.7089507867113,1.0,1.0
2026-03-22T21:10:07.745-306470-42573,105,false,0.7399796413956219,1,2348.7089507867113,1.0,1.0
2026-03-22T21:10:07.745-306470-42573,81,true,3.6083161831112225,1,2345.1006346036,1.0,0.0
2026-03-22T21:10:07.745-306470-42573,830,false,7.044340489735619,1,2345.1006346036,1.0,1.0
2026-03-22T21:10:07.745-306470-42573,930,false,0.8983426946540807,1,2345.1006346036,1.0,1.0
2026-03-22T21:10:07.745-306470-42573,850,false,23.68945779329216,1,2345.1006346036,1.0,1.0
2026-03-22T21:10:07.745-306470-42573,935,false,0.07483485491814706,1,2345.1006346036,1.0,1.0
2026-03-22T21:10:07.745-306470-42573,233,false,1.2325526399242597,1,2345.1006346036,1.0,1.0
2026-03-22T21:10:07.745-306470-42573,101,false,2.3154651580537613,1,2345.1006346036,1.0,1.0
2026-03-22T21:10:07.745-306470-42573,32,false,0.820641250999208,1,2345.1006346036,1.0,1.0
2026-03-22T21:10:07.745-306470-42573,131,false,0.28756589229586865,1,2345.1006346036,1.0,1.0
2026-03-22T21:10:07.745-306470-42573,486,false,3.75450351200289,1,2345.1006346036,1.0,1.0
2026-03-22T21:10:07.745-306470-42573,239,false,17.46452097874271,1,2345.1006346036,1.0,1.0
2026-03-22T21:10:07.745-306470-42573,331,false,55.4498312744133,1,2345.1006346036,1.0,1.0
2026-03-22T21:10:07.745-306470-42573,449,false,3.065291019820431,1,2345.1006346036,1.0,1.0
2026-03-22T21:10:07.745-306470-42573,842,false,4.76612426918816,1,2345.1006346036,1.0,1.0
2026-03-22T21:10:07.745-306470-42573,629,false,0.9826042962796956,1,2345.1006346036,1.0,1.0
2026-03-22T21:10:07.745-306470-42573,802,false,15.903468560272104,1,2345.1006346036,1.0,1.0
2026-03-22T21:10:07.745-306470-42573,219,true,0.43789551561015605,1,2344.66273908799,1.0,0.812
2026-03-22T21:10:07.745-306470-42573,988,false,0.8557016818454652,1,2344.66273908799,1.0,1.0
2026-03-22T21:10:07.745-306470-42573,922,false,12.961370313864427,1,2344.66273908799,1.0,1.0
2026-03-22T21:10:07.745-306470-42573,836,false,0.6653502793597419,1,2344.66273908799,1.0,1.0
2026-03-22T21:10:07.745-306470-42573,681,true,119.81483285254616,1,2224.8479062354436,1.0,0.632
2026-03-22T21:10:07.745-306470-42573,919,false,1.1224616398929435,1,2224.8479062354436,1.0,1.0
2026-03-22T21:10:07.745-306470-42573,971,false,31.848309470955943,1,2224.8479062354436,1.0,1.0
2026-03-22T21:10:07.745-306470-42573,602,false,13.191320375045228,1,2224.8479062354436,1.0,1.0
2026-03-22T21:10:07.745-306470-42573,685,true,1.1797255678877767,1,2223.6681806675556,1.0,0.894
2026-03-22T21:10:07.745-306470-42573,766,false,0.14418700430507822,1,2223.6681806675556,1.0,1.0
2026-03-22T21:10:07.745-306470-42573,471,false,0.07242167686288571,1,2223.6681806675556,1.0,1.0
2026-03-22T21:10:07.745-306470-42573,190,false,3.422576016019273,1,2223.6681806675556,1.0,1.0
2026-03-22T21:10:07.745-306470-42573,544,false,0.2682005904978204,1,2223.6681806675556,1.0,1.0
2026-03-22T21:10:07.745-306470-42573,362,false,77.82326948480298,1,2223.6681806675556,1.0,1.0
2026-03-22T21:10:07.745-306470-42573,334,false,75.55138600401311,1,2223.6681806675556,1.0,1.0
2026-03-22T21:10:07.745-306470-42573,257,false,0.12791814586934652,1,2223.6681806675556,1.0,1.0
2026-03-22T21:10:07.745-306470-42573,94,false,2.104995643553066,1,2223.6681806675556,1.0,1.0
2026-03-22T21:10:07.745-306470-42573,33,false,0.10428172412056877,1,2223.6681806675556,1.0,1.0
2026-03-22T21:10:07.745-306470-42573,261,false,0.286426624931226,1,2223.6681806675556,1.0,1.0
2026-03-22T21:10:07.745-306470-42573,368,false,0.5905287580238531,1,2223.6681806675556,1.0,1.0
2026-03-22T21:10:07.745-306470-42573,159,false,1.7413703244044396,1,2223.6681806675556,1.0,1.0
2026-03-22T21:10:07.745-306470-42573,353,true,49.76455656474191,1,2173.903624102814,1.0,0.54
2026-03-22T21:10:07.745-306470-42573,325,false,0.21457795204963082,1,2173.903624102814,1.0,1.0
2026-03-22T21:10:07.745-306470-42573,900,true,1.3771392182236177,1,2172.5264848845904,1.0,0.667
2026-03-22T21:10:07.745-306470-42573,351,true,7.044512822089037,1,2165.4819720625014,1.0,0.669
2026-03-22T21:10:07.745-306470-42573,746,true,530.9294248355461,1,1634.5525472269553,1.0,0.488
2026-03-22T21:10:07.745-306470-42573,639,true,0.38446739024827337,1,1634.168079836707,1.0,0.659
2026-03-22T21:10:07.745-306470-42573,472,false,2.1501620518842617,1,1634.168079836707,1.0,1.0
2026-03-22T21:10:07.745-306470-42573,15,false,5.549072958941276,1,1634.168079836707,1.0,1.0
2026-03-22T21:10:07.745-306470-42573,371,false,1.592932722278015,1,1634.168079836707,1.0,1.0
2026-03-22T21:10:07.745-306470-42573,340,false,0.5020613841429944,1,1634.168079836707,1.0,1.0
2026-03-22T21:10:07.745-306470-42573,667,true,1.1728654325555357,1,1632.9952144041515,1.0,0.6779999999999999
2026-03-22T21:10:07.745-306470-42573,752,false,12.498404420709374,1,1632.9952144041515,1.0,1.0
2026-03-22T21:10:07.745-306470-42573,76,true,7.413929089387639,1,1625.5812853147638,1.0,0.648
2026-03-22T21:10:07.745-306470-42573,393,false,0.07646584713331535,1,1625.5812853147638,1.0,1.0
2026-03-22T21:10:07.745-306470-42573,426,false,197.3301761081437,1,1625.5812853147638,1.0,1.0
2026-03-22T21:10:07.745-306470-42573,770,false,0.15031500021875047,1,1625.5812853147638,1.0,1.0
2026-03-22T21:10:07.745-306470-42573,603,false,3.839356778616693,1,1625.5812853147638,1.0,1.0
2026-03-22T21:10:07.745-306470-42573,686,true,21.783636795189693,1,1603.797648519574,1.0,0.0020000000000000018
2026-03-22T21:10:07.745-306470-42573,659,false,0.1240724247237477,1,1603.797648519574,1.0,1.0
2026-03-22T21:10:07.745-306470-42573,286,false,164.17143289785528,1,1603.797648519574,1.0,1.0
2026-03-22T21:10:07.745-306470-42573,173,false,1.2815282559784043,1,1603.797648519574,1.0,1.0
2026-03-22T21:10:07.745-306470-42573,960,false,1.603152442356628,1,1603.797648519574,1.0,1.0
2026-03-22T21:10:07.745-306470-42573,671,false,5.294312393443923,1,1603.797648519574,1.0,1.0
2026-03-22T21:10:07.745-306470-42573,322,false,0.8045080263637386,1,1603.797648519574,1.0,1.0
2026-03-22T21:10:07.745-306470-42573,648,false,0.7375975693849691,1,1603.797648519574,1.0,1.0
2026-03-22T21:10:07.745-306470-42573,781,false,2.2694027976822126,1,1603.797648519574,1.0,1.0
2026-03-22T21:10:07.745-306470-42573,498,false,0.39897788561502173,1,1603.797648519574,1.0,1.0
2026-03-22T21:10:07.745-306470-42573,493,false,15.244693019097742,1,1603.797648519574,1.0,1.0
2026-03-22T21:10:07.745-306470-42573,705,false,13.264646526632497,1,1603.797648519574,1.0,1.0
2026-03-22T21:10:07.745-306470-42573,835,false,0.7635874970834806,1,1603.797648519574,1.0,1.0
2026-03-22T21:10:07.745-306470-42573,563,false,0.5342095157997273,1,1603.797648519574,1.0,1.0
2026-03-22T21:10:07.745-306470-42573,637,true,0.5172110881001936,1,1603.280437431474,1.0,0.6970000000000001
2026-03-22T21:10:07.745-306470-42573,733,false,2.076527683894214,1,1603.280437431474,1.0,1.0
2026-03-22T21:10:07.745-306470-42573,226,true,4.058608654630161,1,1599.2218287768437,1.0,0.834
2026-03-22T21:10:07.745-306470-42573,390,false,12.881360498658927,1,1599.2218287768437,1.0,1.0
2026-03-22T21:10:07.745-306470-42573,92,false,26.823404580350786,1,1599.2218287768437,1.0,1.0
2026-03-22T21:10:07.745-306470-42573,457,false,5.081670120581521,1,1599.2218287768437,1.0,1.0
2026-03-22T21:10:07.745-306470-42573,411,false,2.7093607704063323,1,1599.2218287768437,1.0,1.0
2026-03-22T21:10:07.745-306470-42573,127,false,1.5860276008369352,1,1599.2218287768437,1.0,1.0
2026-03-22T21:10:07.745-306470-42573,339,false,0.5784733012711613,1,1599.2218287768437,1.0,1.0
2026-03-22T21:10:07.745-306470-42573,510,false,8.704248806404658,1,1599.2218287768437,1.0,1.0
2026-03-22T21:10:07.745-306470-42573,378,true,5.034607478346039,1,1594.1872212984977,1.0,0.999
2026-03-22T21:10:07.745-306470-42573,246,false,0.4298796783026876,1,1594.1872212984977,1.0,1.0
2026-03-22T21:10:07.745-306470-42573,110,false,1.316870391872028,1,1594.1872212984977,1.0,1.0
2026-03-22T21:10:07.745-306470-42573,801,false,5.257525356544034,1,1594.1872212984977,1.0,1.0
2026-03-22T21:10:07.745-306470-42573,395,false,11.67740482972294,1,1594.1872212984977,1.0,1.0
2026-03-22T21:10:07.745-306470-42573,104,false,3.172921096196889,1,1594.1872212984977,1.0,1.0
2026-03-22T21:10:07.745-306470-42573,554,false,2.551086002831978,1,1594.1872212984977,1.0,1.0
2026-03-22T21:10:07.745-306470-42573,821,false,22.4809317296092,1,1594.1872212984977,1.0,1.0
2026-03-22T21:10:07.745-306470-42573,902,true,1.5558566035792196,1,1592.6313646949184,1.0,0.642
2026-03-22T21:10:07.745-306470-42573,237,false,3.6831651102694862,1,1592.6313646949184,1.0,1.0
2026-03-22T21:10:07.745-306470-42573,858,false,0.09512148682417265,1,1592.6313646949184,1.0,1.0
2026-03-22T21:10:07.745-306470-42573,551,false,0.5623048452335656,1,1592.6313646949184,1.0,1.0
2026-03-22T21:10:07.745-306470-42573,804,false,13.455778463557413,1,1592.6313646949184,1.0,1.0
2026-03-22T21:10:07.745-306470-42573,820,false,0.09046447223253465,1,1592.6313646949184,1.0,1.0
2026-03-22T21:10:07.745-306470-42573,31,false,9.998911671798492,1,1592.6313646949184,1.0,1.0
2026-03-22T21:10:07.745-306470-42573,736,false,5.00414432787625,1,1592.6313646949184,1.0,1.0
2026-03-22T21:10:07.745-306470-42573,164,false,7.1823132371904395,1,1592.6313646949184,1.0,1.0
2026-03-22T21:10:07.745-306470-42573,880,false,11.247131095153183,1,1592.6313646949184,1.0,1.0
2026-03-22T21:10:07.745-306470-42573,628,false,2.294343606052729,1,1592.6313646949184,1.0,1.0
2026-03-22T21:10:07.745-306470-42573,364,false,2.6383767318417894,1,1592.6313646949184,1.0,1.0
2026-03-22T21:10:07.745-306470-42573,298,false,0.05296599084730334,1,1592.6313646949184,1.0,1.0
2026-03-22T21:10:07.745-306470-42573,605,false,1.277429612735912,1,1592.6313646949184,1.0,1.0
2026-03-22T21:10:07.745-306470-42573,768,false,151.96419355589026,1,1592.6313646949184,1.0,1.0
2026-03-22T21:10:07.745-306470-42573,389,false,1.229662745039511,1,1592.6313646949184,1.0,1.0
2026-03-22T21:10:07.745-306470-42573,518,false,6.800830742882721,1,1592.6313646949184,1.0,1.0
2026-03-22T21:10:07.745-306470-42573,20,false,0.7112385842725403,1,1592.6313646949184,1.0,1.0
2026-03-22T21:10:07.745-306470-42573,520,false,50.76660142679231,1,1592.6313646949184,1.0,1.0
2026-03-22T21:10:07.745-306470-42573,765,true,21.73123682568564,1,1570.9001278692326,1.0,0.0
2026-03-22T21:10:07.745-306470-42573,123,false,0.5155245538950954,1,1570.9001278692326,1.0,1.0
2026-03-22T21:10:07.745-306470-42573,914,false,0.26738008621909565,1,1570.9001278692326,1.0,1.0
2026-03-22T21:10:07.745-306470-42573,749,true,1.8184092543777732,1,1569.081718614855,1.0,0.685
2026-03-22T21:10:07.745-306470-42573,955,false,22.93234491118716,1,1569.081718614855,1.0,1.0
2026-03-22T21:10:07.745-306470-42573,866,false,81.58036258906012,1,1569.081718614855,1.0,1.0
2026-03-22T21:10:07.745-306470-42573,937,false,3.5423542302853965,1,1569.081718614855,1.0,1.0
2026-03-22T21:10:07.745-306470-42573,440,false,3.462805592549562,1,1569.081718614855,1.0,1.0
2026-03-22T21:10:07.745-306470-42573,117,true,26.550821844845046,1,1542.5308967700098,1.0,0.0020000000000000018
2026-03-22T21:10:07.745-306470-42573,509,false,8.36905532157308,1,1542.5308967700098,1.0,1.0
2026-03-22T21:10:07.745-306470-42573,370,false,0.16047511203928425,1,1542.5308967700098,1.0,1.0
2026-03-22T21:10:07.745-306470-42573,673,false,4.562623142212451,1,1542.5308967700098,1.0,1.0
2026-03-22T21:10:07.745-306470-42573,53,false,21.59465767613492,1,1542.5308967700098,1.0,1.0
2026-03-22T21:10:07.745-306470-42573,181,false,1.1898288323962585,1,1542.5308967700098,1.0,1.0
2026-03-22T21:10:07.745-306470-42573,570,true,5.710743400178645,1,1536.8201533698311,1.0,0.0
2026-03-22T21:10:07.745-306470-42573,177,false,1.0037303157440554,1,1536.8201533698311,1.0,1.0
2026-03-22T21:10:07.745-306470-42573,696,false,0.4336237415325325,1,1536.8201533698311,1.0,1.0
2026-03-22T21:10:07.745-306470-42573,335,false,1.8973384798742259,1,1536.8201533698311,1.0,1.0
2026-03-22T21:10:07.745-306470-42573,205,false,367.28280115241216,1,1536.8201533698311,1.0,1.0
2026-03-22T21:10:07.745-306470-42573,268,false,1.764856018821513,1,1536.8201533698311,1.0,1.0
2026-03-22T21:10:07.745-306470-42573,144,false,2.1840284826767147,1,1536.8201533698311,1.0,1.0
2026-03-22T21:10:07.745-306470-42573,439,false,4.305320574203382,1,1536.8201533698311,1.0,1.0
2026-03-22T21:10:07.745-306470-42573,47,false,11.43265242967136,1,1536.8201533698311,1.0,1.0
2026-03-22T21:10:07.745-306470-42573,272,false,13.41151027113721,1,1536.8201533698311,1.0,1.0
2026-03-22T21:10:07.745-306470-42573,453,false,57.42644776592359,1,1536.8201533698311,1.0,1.0
2026-03-22T21:10:07.745-306470-42573,951,false,0.15429205470033946,1,1536.8201533698311,1.0,1.0
2026-03-22T21:10:07.745-306470-42573,773,false,0.5350034003896338,1,1536.8201533698311,1.0,1.0
2026-03-22T21:10:07.745-306470-42573,462,false,0.025737997443292387,1,1536.8201533698311,1.0,1.0
2026-03-22T21:10:07.745-306470-42573,660,false,0.028028045865002887,1,1536.8201533698311,1.0,1.0
2026-03-22T21:10:07.745-306470-42573,217,true,3.2905275582086038,1,1533.5296258116225,1.0,0.0
2026-03-22T21:10:07.745-306470-42573,84,true,0.2576040109632174,1,1533.2720218006593,1.0,0.0
2026-03-22T21:10:07.745-306470-42573,143,false,9.835910534532552,1,1533.2720218006593,1.0,1.0
2026-03-22T21:10:07.745-306470-42573,248,false,1.0607612482626902,1,1533.2720218006593,1.0,1.0
2026-03-22T21:10:07.745-306470-42573,943,false,3.8549215553721528,1,1533.2720218006593,1.0,1.0
2026-03-22T21:10:07.745-306470-42573,201,false,10.152704244633808,1,1533.2720218006593,1.0,1.0
2026-03-22T21:10:07.745-306470-42573,964,false,10.170583900217002,1,1533.2720218006593,1.0,1.0
2026-03-22T21:10:07.745-306470-42573,507,false,0.8369596877403958,1,1533.2720218006593,1.0,1.0
2026-03-22T21:10:07.745-306470-42573,139,false,17.256676704484274,1,1533.2720218006593,1.0,1.0
2026-03-22T21:10:07.745-306470-42573,779,false,5.220473987851645,1,1533.2720218006593,1.0,1.0
2026-03-22T21:10:07.745-306470-42573,923,false,0.4861149254512584,1,1533.2720218006593,1.0,1.0
2026-03-22T21:10:07.745-306470-42573,495,false,6.666477065171741,1,1533.2720218006593,1.0,1.0
2026-03-22T21:10:07.745-306470-42573,576,false,10.386625490331017,1,1533.2720218006593,1.0,1.0
2026-03-22T21:10:07.745-306470-42573,88,true,0.9538390977761277,1,1532.3181827028832,1.0,0.796
2026-03-22T21:10:07.745-306470-42573,148,false,1.9681022372112063,1,1532.3181827028832,1.0,1.0
2026-03-22T21:10:07.745-306470-42573,435,false,2.1032155045660823,1,1532.3181827028832,1.0,1.0
2026-03-22T21:10:07.745-306470-42573,834,false,1.5132900964003355,1,1532.3181827028832,1.0,1.0
2026-03-22T21:10:07.745-306470-42573,479,false,0.19130410638430131,1,1532.3181827028832,1.0,1.0
2026-03-22T21:10:07.745-306470-42573,416,false,56.26680506935263,1,1532.3181827028832,1.0,1.0
2026-03-22T21:10:07.745-306470-42573,503,false,2.4883993676744356,1,1532.3181827028832,1.0,1.0
2026-03-22T21:10:07.745-306470-42573,751,true,112.49410135496834,1,1419.824081347915,1.0,0.641
2026-03-22T21:10:07.745-306470-42573,740,true,0.2690063508953757,1,1419.5550749970196,1.0,0.0
2026-03-22T21:10:07.745-306470-42573,869,false,0.1686097681217919,1,1419.5550749970196,1.0,1.0
2026-03-22T21:10:07.745-306470-42573,851,false,6.700801243819289,1,1419.5550749970196,1.0,1.0
2026-03-22T21:10:07.745-306470-42573,693,false,4.9469314010089205,1,1419.5550749970196,1.0,1.0
2026-03-22T21:10:07.745-306470-42573,102,false,0.06230335906278018,1,1419.5550749970196,1.0,1.0
2026-03-22T21:10:07.745-306470-42573,236,false,0.467543936738564,1,1419.5550749970196,1.0,1.0
2026-03-22T21:10:07.745-306470-42573,558,false,0.24352869896499307,1,1419.5550749970196,1.0,1.0
2026-03-22T21:10:07.745-306470-42573,963,false,5.685757082300936,1,1419.5550749970196,1.0,1.0
2026-03-22T21:10:07.745-306470-42573,152,false,9.22330204220396,1,1419.5550749970196,1.0,1.0
2026-03-22T21:10:07.745-306470-42573,992,false,22.15047505680968,1,1419.5550749970196,1.0,1.0
2026-03-22T21:10:07.745-306470-42573,361,false,0.0454446335490605,1,1419.5550749970196,1.0,1.0
2026-03-22T21:10:07.745-306470-42573,415,false,11.016944525600023,1,1419.5550749970196,1.0,1.0
2026-03-22T21:10:07.745-306470-42573,541,false,997.4648777948793,1,1419.5550749970196,1.0,1.0
2026-03-22T21:10:07.745-306470-42573,195,false,1.7074801520621763,1,1419.5550749970196,1.0,1.0
2026-03-22T21:10:07.745-306470-42573,840,false,11.130190122489088,1,1419.5550749970196,1.0,1.0
2026-03-22T21:10:07.745-306470-42573,860,false,2.8406231693872837,1,1419.5550749970196,1.0,1.0
2026-03-22T21:10:07.745-306470-42573,45,false,6.039441871695574,1,1419.5550749970196,1.0,1.0
2026-03-22T21:10:07.745-306470-42573,227,false,0.12279519773609965,1,1419.5550749970196,1.0,1.0
2026-03-22T21:10:07.745-306470-42573,1000,false,21.525046859343657,1,1419.5550749970196,1.0,1.0
2026-03-22T21:10:07.745-306470-42573,430,false,30.886374669280794,1,1419.5550749970196,1.0,1.0
2026-03-22T21:10:07.745-306470-42573,404,false,0.01752511476552468,1,1419.5550749970196,1.0,1.0
2026-03-22T21:10:07.745-306470-42573,839,true,4.757966496905932,1,1414.7971085001136,1.0,0.999
2026-03-22T21:10:07.745-306470-42573,969,false,958.2520733010073,1,1414.7971085001136,1.0,1.0
2026-03-22T21:10:07.745-306470-42573,739,false,0.14238853824410883,1,1414.7971085001136,1.0,1.0
2026-03-22T21:10:07.745-306470-42573,657,false,0.5431202430252028,1,1414.7971085001136,1.0,1.0
2026-03-22T21:10:07.745-306470-42573,247,false,0.3846769242194851,1,1414.7971085001136,1.0,1.0
2026-03-22T21:10:07.745-306470-42573,670,true,625.308218570759,1,789.4888899293546,1.0,0.44399999999999995
2026-03-22T21:10:07.745-306470-42573,555,false,0.9864431382896695,1,789.4888899293546,1.0,1.0
2026-03-22T21:10:07.745-306470-42573,511,false,2.4532691099119663,1,789.4888899293546,1.0,1.0
2026-03-22T21:10:07.745-306470-42573,833,false,6.8823472215605,1,789.4888899293546,1.0,1.0
2026-03-22T21:10:07.745-306470-42573,873,false,4.36392170278445,1,789.4888899293546,1.0,1.0
2026-03-22T21:10:07.745-306470-42573,184,false,3.2343654946525193,1,789.4888899293546,1.0,1.0
2026-03-22T21:10:07.745-306470-42573,664,false,0.04050248273495601,1,789.4888899293546,1.0,1.0
2026-03-22T21:10:07.745-306470-42573,606,false,14.345474578554846,1,789.4888899293546,1.0,1.0
2026-03-22T21:10:07.745-306470-42573,891,true,5.7127060065298085,1,783.7761839228248,1.0,0.0
2026-03-22T21:10:07.745-306470-42573,480,false,0.36327515516135184,1,783.7761839228248,1.0,1.0
2026-03-22T21:10:07.745-306470-42573,417,false,69.99531840381661,1,783.7761839228248,1.0,1.0
2026-03-22T21:10:07.745-306470-42573,867,false,0.22015592607064807,1,783.7761839228248,1.0,1.0
2026-03-22T21:10:07.745-306470-42573,918,false,0.7484230400420523,1,783.7761839228248,1.0,1.0
2026-03-22T21:10:07.745-306470-42573,58,true,20.295614440507148,1,763.4805694823176,1.0,0.8109999999999999
2026-03-22T21:10:07.745-306470-42573,924,false,1.5666598175715682,1,763.4805694823176,1.0,1.0
2026-03-22T21:10:07.745-306470-42573,827,false,52.78026732229975,1,763.4805694823176,1.0,1.0
2026-03-22T21:10:07.745-306470-42573,927,false,4.545312483805656,1,763.4805694823176,1.0,1.0
2026-03-22T21:10:07.745-306470-42573,857,false,9.532793179379055,1,763.4805694823176,1.0,1.0
2026-03-22T21:10:07.745-306470-42573,952,false,0.3353709452945862,1,763.4805694823176,1.0,1.0
2026-03-22T21:10:07.745-306470-42573,706,false,3.9740126421726716,1,763.4805694823176,1.0,1.0
2026-03-22T21:10:07.745-306470-42573,618,false,14.281261895443118,1,763.4805694823176,1.0,1.0
2026-03-22T21:10:07.745-306470-42573,90,true,0.23143026678480816,1,763.2491392155328,1.0,0.831
2026-03-22T21:10:07.745-306470-42573,51,false,130.55894041465842,1,763.2491392155328,1.0,1.0
2026-03-22T21:10:07.745-306470-42573,41,false,2.763937212431802,1,763.2491392155328,1.0,1.0
2026-03-22T21:10:07.745-306470-42573,204,false,116.18401696917167,1,763.2491392155328,1.0,1.0
2026-03-22T21:10:07.745-306470-42573,565,true,2.6386581625048846,1,760.6104810530279,1.0,0.663
2026-03-22T21:10:07.745-306470-42573,259,false,0.36059782910665944,1,760.6104810530279,1.0,1.0
2026-03-22T21:10:07.745-306470-42573,230,false,1.097884110489131,1,760.6104810530279,1.0,1.0
2026-03-22T21:10:07.745-306470-42573,86,false,0.16582950324109358,1,760.6104810530279,1.0,1.0
2026-03-22T21:10:07.745-306470-42573,776,false,0.29210407159583096,1,760.6104810530279,1.0,1.0
2026-03-22T21:10:07.745-306470-42573,814,false,0.02692997122331092,1,760.6104810530279,1.0,1.0
2026-03-22T21:10:07.745-306470-42573,155,false,4.380706067144637,1,760.6104810530279,1.0,1.0
2026-03-22T21:10:07.745-306470-42573,99,false,2.2062933136101495,1,760.6104810530279,1.0,1.0
2026-03-22T21:10:07.745-306470-42573,333,false,68.01633407807812,1,760.6104810530279,1.0,1.0
2026-03-22T21:10:07.745-306470-42573,218,true,2.8802176353290587,1,757.7302634176989,1.0,0.0
2026-03-22T21:10:07.745-306470-42573,19,false,1.2149918851718362,1,757.7302634176989,1.0,1.0
2026-03-22T21:10:07.745-306470-42573,849,false,9.272311215561135,1,757.7302634176989,1.0,1.0
2026-03-22T21:10:07.745-306470-42573,478,false,21.200282227171733,1,757.7302634176989,1.0,1.0
2026-03-22T21:10:07.745-306470-42573,539,false,12.109236039343237,1,757.7302634176989,1.0,1.0
2026-03-22T21:10:07.745-306470-42573,870,false,13.92643655504969,1,757.7302634176989,1.0,1.0
2026-03-22T21:10:07.745-306470-42573,245,false,0.8704468590938073,1,757.7302634176989,1.0,1.0
2026-03-22T21:10:07.745-306470-42573,274,false,35.691223749967016,1,757.7302634176989,1.0,1.0
2026-03-22T21:10:07.745-306470-42573,972,false,3.0572204296131535,1,757.7302634176989,1.0,1.0
2026-03-22T21:10:07.745-306470-42573,391,false,3.848200512672071,1,757.7302634176989,1.0,1.0
2026-03-22T21:10:07.745-306470-42573,675,false,14.197713609696955,1,757.7302634176989,1.0,1.0
2026-03-22T21:10:07.745-306470-42573,913,false,10.167485021492041,1,757.7302634176989,1.0,1.0
2026-03-22T21:10:07.745-306470-42573,134,false,1.0452943491984807,1,757.7302634176989,1.0,1.0
2026-03-22T21:10:07.745-306470-42573,697,false,1.3360739701188817,1,757.7302634176989,1.0,1.0
2026-03-22T21:10:07.745-306470-42573,450,false,0.1475266996395015,1,757.7302634176989,1.0,1.0
2026-03-22T21:10:07.745-306470-42573,458,false,8.393371942246986,1,757.7302634176989,1.0,1.0
2026-03-22T21:10:07.745-306470-42573,753,false,0.11391520726364249,1,757.7302634176989,1.0,1.0
2026-03-22T21:10:07.745-306470-42573,635,false,0.10948637948770513,1,757.7302634176989,1.0,1.0
2026-03-22T21:10:07.745-306470-42573,871,false,2.431989121827234,1,757.7302634176989,1.0,1.0
2026-03-22T21:10:07.745-306470-42573,968,false,10.487062002740053,1,757.7302634176989,1.0,1.0
2026-03-22T21:10:07.745-306470-42573,425,false,2.120601243192607,1,757.7302634176989,1.0,1.0
2026-03-22T21:10:07.745-306470-42573,953,false,0.04121873399192991,1,757.7302634176989,1.0,1.0
2026-03-22T21:10:07.745-306470-42573,813,false,5.305981136014729,1,757.7302634176989,1.0,1.0
2026-03-22T21:10:07.745-306470-42573,8,false,0.06832711663679139,1,757.7302634176989,1.0,1.0
2026-03-22T21:10:07.745-306470-42573,692,false,7.9291455057924445,1,757.7302634176989,1.0,1.0
2026-03-22T21:10:07.745-306470-42573,44,false,8.854124472756025,1,757.7302634176989,1.0,1.0
2026-03-22T21:10:07.745-306470-42573,704,false,9.847588186689055,1,757.7302634176989,1.0,1.0
2026-03-22T21:10:07.745-306470-42573,954,false,0.5807726229686939,1,757.7302634176989,1.0,1.0
2026-03-22T21:10:07.745-306470-42573,726,false,39.70854219136529,1,757.7302634176989,1.0,1.0
2026-03-22T21:10:07.745-306470-42573,859,false,1.0153092442637313,1,757.7302634176989,1.0,1.0
2026-03-22T21:10:07.745-306470-42573,251,false,0.7388383066086225,1,757.7302634176989,1.0,1.0
2026-03-22T21:10:07.745-306470-42573,903,true,4.657769333748462,1,753.0724940839505,1.0,0.026000000000000023
2026-03-22T21:10:07.745-306470-42573,542,false,2.3969930351932764,1,753.0724940839505,1.0,1.0
2026-03-22T21:10:07.745-306470-42573,224,true,2.843829760780233,1,750.2286643231703,1.0,0.0010000000000000009
2026-03-22T21:10:07.745-306470-42573,623,false,8.999881810297213,1,750.2286643231703,1.0,1.0
2026-03-22T21:10:07.745-306470-42573,133,false,0.3590468212253234,1,750.2286643231703,1.0,1.0
2026-03-22T21:10:07.745-306470-42573,345,false,2.671105252761055,1,750.2286643231703,1.0,1.0
2026-03-22T21:10:07.745-306470-42573,309,false,32.822872226179186,1,750.2286643231703,1.0,1.0
2026-03-22T21:10:07.745-306470-42573,683,false,0.05201694919393775,1,750.2286643231703,1.0,1.0
2026-03-22T21:10:07.745-306470-42573,794,false,4.82273189504983,1,750.2286643231703,1.0,1.0
2026-03-22T21:10:07.745-306470-42573,214,true,0.3226165757662237,1,749.906047747404,1.0,0.65
2026-03-22T21:10:07.745-306470-42573,695,false,3.229888746308792,1,749.906047747404,1.0,1.0
2026-03-22T21:10:07.745-306470-42573,666,true,0.6638759988897446,1,749.2421717485144,1.0,0.0
2026-03-22T21:10:07.745-306470-42573,942,false,0.9699990236057043,1,749.2421717485144,1.0,1.0
2026-03-22T21:10:07.745-306470-42573,810,false,9.277713842999182,1,749.2421717485144,1.0,1.0
2026-03-22T21:10:07.745-306470-42573,307,false,0.027035733056691196,1,749.2421717485144,1.0,1.0
2026-03-22T21:10:07.745-306470-42573,18,false,2.2919669564981997,1,749.2421717485144,1.0,1.0
2026-03-22T21:10:07.745-306470-42573,13,false,9.257206967324857,1,749.2421717485144,1.0,1.0
2026-03-22T21:10:07.745-306470-42573,296,false,0.7194793597328828,1,749.2421717485144,1.0,1.0
2026-03-22T21:10:07.745-306470-42573,490,false,8.792594602435985,1,749.2421717485144,1.0,1.0
2026-03-22T21:10:07.745-306470-42573,722,false,0.6990835742473335,1,749.2421717485144,1.0,1.0
2026-03-22T21:10:07.745-306470-42573,21,false,99.01596443879777,1,749.2421717485144,1.0,1.0
2026-03-22T21:10:07.745-306470-42573,999,false,3.425707161192764,1,749.2421717485144,1.0,1.0
2026-03-22T21:10:07.745-306470-42573,557,false,16.04435066300026,1,749.2421717485144,1.0,1.0
2026-03-22T21:10:07.745-306470-42573,244,true,4.871743463986952,1,744.3704282845274,1.0,0.8109999999999999
2026-03-22T21:10:07.745-306470-42573,446,false,5.091265385248055,1,744.3704282845274,1.0,1.0
2026-03-22T21:10:07.745-306470-42573,454,false,116.11063762198752,1,744.3704282845274,1.0,1.0
2026-03-22T21:10:07.745-306470-42573,761,true,13.365955300333436,1,731.004472984194,1.0,0.0
2026-03-22T21:10:07.745-306470-42573,792,false,0.017197978147695414,1,731.004472984194,1.0,1.0
2026-03-22T21:10:07.745-306470-42573,108,false,1.0973643590152442,1,731.004472984194,1.0,1.0
2026-03-22T21:10:07.745-306470-42573,341,false,7.8706098375338165,1,731.004472984194,1.0,1.0
2026-03-22T21:10:07.745-306470-42573,231,false,0.04014570693798341,1,731.004472984194,1.0,1.0
2026-03-22T21:10:07.745-306470-42573,264,false,3.856674416516124,1,731.004472984194,1.0,1.0
2026-03-22T21:10:07.745-306470-42573,947,false,9.823106078030703,1,731.004472984194,1.0,1.0
2026-03-22T21:10:07.745-306470-42573,188,false,40.21729546529981,1,731.004472984194,1.0,1.0
2026-03-22T21:10:07.745-306470-42573,634,false,0.0903663969140901,1,731.004472984194,1.0,1.0
2026-03-22T21:10:07.745-306470-42573,543,false,3.9665907952931696,1,731.004472984194,1.0,1.0
2026-03-22T21:10:07.745-306470-42573,642,true,0.5298972899506708,1,730.4745756942433,1.0,0.0
2026-03-22T21:10:07.745-306470-42573,26,false,0.026831666797777712,1,730.4745756942433,1.0,1.0
2026-03-22T21:10:07.745-306470-42573,312,true,14.287608619976421,1,716.1869670742669,1.0,0.908
2026-03-22T21:10:07.745-306470-42573,608,false,56.23389347491748,1,716.1869670742669,1.0,1.0
2026-03-22T21:10:07.745-306470-42573,183,false,55.63071448293287,1,716.1869670742669,1.0,1.0
2026-03-22T21:10:07.745-306470-42573,119,true,3.8131026124301255,1,712.3738644618368,1.0,0.6699999999999999
2026-03-22T21:10:07.745-306470-42573,385,false,23.692705917630274,1,712.3738644618368,1.0,1.0
2026-03-22T21:10:07.745-306470-42573,275,false,0.270303774782326,1,712.3738644618368,1.0,1.0
2026-03-22T21:10:07.745-306470-42573,530,false,7.062896025665983,1,712.3738644618368,1.0,1.0
2026-03-22T21:10:07.745-306470-42573,147,false,0.3897422256636567,1,712.3738644618368,1.0,1.0
2026-03-22T21:10:07.745-306470-42573,699,true,103.90465794300813,1,608.4692065188286,1.0,0.999
2026-03-22T21:10:07.745-306470-42573,945,false,119.85589148698486,1,608.4692065188286,1.0,1.0
2026-03-22T21:10:07.745-306470-42573,434,false,29.324527484708423,1,608.4692065188286,1.0,1.0
2026-03-22T21:10:07.745-306470-42573,889,true,10.745879665704397,1,597.7233268531243,1.0,0.0
2026-03-22T21:10:07.745-306470-42573,116,true,0.2949390319326179,1,597.4283878211917,1.0,0.0
2026-03-22T21:10:07.745-306470-42573,202,false,0.34668798646757937,1,597.4283878211917,1.0,1.0
2026-03-22T21:10:07.745-306470-42573,654,false,2.0270873673048593,1,597.4283878211917,1.0,1.0
2026-03-22T21:10:07.745-306470-42573,496,false,0.033642706619330214,1,597.4283878211917,1.0,1.0
2026-03-22T21:10:07.745-306470-42573,216,true,1.0192218603564054,1,596.4091659608353,1.0,0.0
2026-03-22T21:10:07.745-306470-42573,11,false,7.753841956520938,1,596.4091659608353,1.0,1.0
2026-03-22T21:10:07.745-306470-42573,884,false,62.50942611349904,1,596.4091659608353,1.0,1.0
2026-03-22T21:10:07.745-306470-42573,414,false,4.237111267138292,1,596.4091659608353,1.0,1.0
2026-03-22T21:10:07.745-306470-42573,397,false,6.052333929767164,1,596.4091659608353,1.0,1.0
2026-03-22T21:10:07.745-306470-42573,718,false,5.046991946839368,1,596.4091659608353,1.0,1.0
2026-03-22T21:10:07.745-306470-42573,91,true,1.2041213166494813,1,595.2050446441858,1.0,0.0010000000000000009
2026-03-22T21:10:07.745-306470-42573,132,false,1.8563315653596355,1,595.2050446441858,1.0,1.0
2026-03-22T21:10:07.745-306470-42573,35,false,10.737274935748232,1,595.2050446441858,1.0,1.0
2026-03-22T21:10:07.745-306470-42573,103,false,1.969947385342843,1,595.2050446441858,1.0,1.0
2026-03-22T21:10:07.745-306470-42573,50,false,68.60405851173981,1,595.2050446441858,1.0,1.0
2026-03-22T21:10:07.745-306470-42573,437,false,34.208134869183475,1,595.2050446441858,1.0,1.0
2026-03-22T21:10:07.745-306470-42573,168,false,4.681586517462168,1,595.2050446441858,1.0,1.0
2026-03-22T21:10:07.745-306470-42573,1,false,0.060853489437653875,1,595.2050446441858,1.0,1.0
2026-03-22T21:10:07.745-306470-42573,324,false,1.3520246686719197,1,595.2050446441858,1.0,1.0
2026-03-22T21:10:07.745-306470-42573,854,false,1.0827866944365476,1,595.2050446441858,1.0,1.0
2026-03-22T21:10:07.745-306470-42573,591,false,5.1711690693675445,1,595.2050446441858,1.0,1.0
2026-03-22T21:10:07.745-306470-42573,460,false,8.851710425112769,1,595.2050446441858,1.0,1.0
2026-03-22T21:10:07.745-306470-42573,77,true,15.66875931812166,1,579.5362853260641,1.0,0.0020000000000000018
2026-03-22T21:10:07.745-306470-42573,734,false,36.42537221817004,1,579.5362853260641,1.0,1.0
2026-03-22T21:10:07.745-306470-42573,566,true,1.9341332479350974,1,577.602152078129,1.0,0.0010000000000000009
2026-03-22T21:10:07.745-306470-42573,186,false,0.7664546987166238,1,577.602152078129,1.0,1.0
2026-03-22T21:10:07.745-306470-42573,252,false,230.64991828468118,1,577.602152078129,1.0,1.0
2026-03-22T21:10:07.745-306470-42573,461,false,30.774600582124464,1,577.602152078129,1.0,1.0
2026-03-22T21:10:07.745-306470-42573,343,false,3.2888138402112763,1,577.602152078129,1.0,1.0
2026-03-22T21:10:07.745-306470-42573,61,true,12.923973535764643,1,564.6781785423644,1.0,0.6639999999999999
2026-03-22T21:10:07.745-306470-42573,521,false,11.558538987779908,1,564.6781785423644,1.0,1.0
2026-03-22T21:10:07.745-306470-42573,538,false,1.9098180710776809,1,564.6781785423644,1.0,1.0
2026-03-22T21:10:07.745-306470-42573,179,false,1.0421093144407143,1,564.6781785423644,1.0,1.0
2026-03-22T21:10:07.745-306470-42573,985,false,1.215588655280294,1,564.6781785423644,1.0,1.0
2026-03-22T21:10:07.745-306470-42573,928,false,0.3361715159391615,1,564.6781785423644,1.0,1.0
2026-03-22T21:10:07.745-306470-42573,708,false,0.05534536878911964,1,564.6781785423644,1.0,1.0
2026-03-22T21:10:07.745-306470-42573,124,true,5.520069765142573,1,559.1581087772219,1.0,0.897
2026-03-22T21:10:07.745-306470-42573,878,false,37.893905705842805,1,559.1581087772219,1.0,1.0
2026-03-22T21:10:07.745-306470-42573,319,false,1.7877689708490898,1,559.1581087772219,1.0,1.0
2026-03-22T21:10:07.745-306470-42573,690,false,0.6752200664965698,1,559.1581087772219,1.0,1.0
2026-03-22T21:10:07.745-306470-42573,561,false,0.07829341118950092,1,559.1581087772219,1.0,1.0
2026-03-22T21:10:07.745-306470-42573,754,false,0.021268799123955504,1,559.1581087772219,1.0,1.0
2026-03-22T21:10:07.745-306470-42573,474,false,0.2623645109102727,1,559.1581087772219,1.0,1.0
2026-03-22T21:10:07.745-306470-42573,715,false,0.5805359586762262,1,559.1581087772219,1.0,1.0
2026-03-22T21:10:07.745-306470-42573,626,false,4.109020871389726,1,559.1581087772219,1.0,1.0
2026-03-22T21:10:07.745-306470-42573,332,false,15.589253932171,1,559.1581087772219,1.0,1.0
2026-03-22T21:10:07.745-306470-42573,645,true,6.220449949419782,1,552.9376588278021,1.0,0.0
2026-03-22T21:10:07.745-306470-42573,709,false,30.050982787268495,1,552.9376588278021,1.0,1.0
2026-03-22T21:10:07.745-306470-42573,158,false,6.627455347232708,1,552.9376588278021,1.0,1.0
2026-03-22T21:10:07.745-306470-42573,609,false,1.1705091891274433,1,552.9376588278021,1.0,1.0
2026-03-22T21:10:07.745-306470-42573,241,true,0.9890214580030023,1,551.9486373697991,1.0,0.6819999999999999
2026-03-22T21:10:07.745-306470-42573,87,false,0.153078302410799,1,551.9486373697991,1.0,1.0
2026-03-22T21:10:07.745-306470-42573,466,false,17.388688675232753,1,551.9486373697991,1.0,1.0
2026-03-22T21:10:07.745-306470-42573,881,false,1.3932595038538633,1,551.9486373697991,1.0,1.0
2026-03-22T21:10:07.745-306470-42573,669,true,6.3860327076677965,1,545.5626046621313,1.0,0.0
2026-03-22T21:10:07.745-306470-42573,676,false,0.4023692051336463,1,545.5626046621313,1.0,1.0
2026-03-22T21:10:07.745-306470-42573,514,false,1.9506934811605745,1,545.5626046621313,1.0,1.0
2026-03-22T21:10:07.745-306470-42573,853,false,0.45548754306986455,1,545.5626046621313,1.0,1.0
2026-03-22T21:10:07.745-306470-42573,311,true,67.21855120468382,1,478.3440534574475,1.0,0.649
2026-03-22T21:10:07.745-306470-42573,477,false,1.8720141602294003,1,478.3440534574475,1.0,1.0
2026-03-22T21:10:07.745-306470-42573,501,false,13.133915051297981,1,478.3440534574475,1.0,1.0
2026-03-22T21:10:07.745-306470-42573,619,false,4.36996564196784,1,478.3440534574475,1.0,1.0
2026-03-22T21:10:07.745-306470-42573,828,true,0.39307623735580344,1,477.9509772200917,1.0,0.894
2026-03-22T21:10:07.745-306470-42573,180,false,4.178094804216122,1,477.9509772200917,1.0,1.0
2026-03-22T21:10:07.745-306470-42573,803,false,3.0123772754163856,1,477.9509772200917,1.0,1.0
2026-03-22T21:10:07.745-306470-42573,254,false,2.134640903563689,1,477.9509772200917,1.0,1.0
2026-03-22T21:10:07.745-306470-42573,658,true,0.3174819431400819,1,477.63349527695163,1.0,0.638
2026-03-22T21:10:07.745-306470-42573,344,false,15.856420868136626,1,477.63349527695163,1.0,1.0
2026-03-22T21:10:07.745-306470-42573,977,false,9.583846292976249,1,477.63349527695163,1.0,1.0
2026-03-22T21:10:07.745-306470-42573,640,true,77.87983532800666,1,399.75365994894497,1.0,0.0
2026-03-22T21:10:07.745-306470-42573,656,false,0.03195021195350039,1,399.75365994894497,1.0,1.0
2026-03-22T21:10:07.745-306470-42573,451,false,4.529763192042366,1,399.75365994894497,1.0,1.0
2026-03-22T21:10:07.745-306470-42573,89,true,27.771071568774744,1,371.9825883801702,1.0,0.0
2026-03-22T21:10:07.745-306470-42573,844,false,15.421779695505716,1,371.9825883801702,1.0,1.0
2026-03-22T21:10:07.745-306470-42573,624,false,18.90274465043649,1,371.9825883801702,1.0,1.0
2026-03-22T21:10:07.745-306470-42573,197,false,6.8164679148047105,1,371.9825883801702,1.0,1.0
2026-03-22T21:10:07.745-306470-42573,614,false,7.912480288416573,1,371.9825883801702,1.0,1.0
2026-03-22T21:10:07.745-306470-42573,412,false,0.23987962510358468,1,371.9825883801702,1.0,1.0
2026-03-22T21:10:07.745-306470-42573,587,false,51.67046832197618,1,371.9825883801702,1.0,1.0
2026-03-22T21:10:07.745-306470-42573,910,true,4.533739606076606,1,367.4488487740936,1.0,0.631
2026-03-22T21:10:07.745-306470-42573,687,true,247.956147042013,1,119.49270173208063,1.0,0.0
2026-03-22T21:10:07.745-306470-42573,795,false,0.5436518153201697,1,119.49270173208063,1.0,1.0
2026-03-22T21:10:07.745-306470-42573,864,false,4.141869614458755,1,119.49270173208063,1.0,1.0
2026-03-22T21:10:07.745-306470-42573,338,false,1.212278865334867,1,119.49270173208063,1.0,1.0
2026-03-22T21:10:07.745-306470-42573,778,false,2.4307051014661836,1,119.49270173208063,1.0,1.0
2026-03-22T21:10:07.745-306470-42573,616,false,0.8534796085752742,1,119.49270173208063,1.0,1.0
2026-03-22T21:10:07.745-306470-42573,373,false,7.639331817631423,1,119.49270173208063,1.0,1.0
2026-03-22T21:10:07.745-306470-42573,613,false,9.079648645999903,1,119.49270173208063,1.0,1.0
2026-03-22T21:10:07.745-306470-42573,973,false,0.20512868049730074,1,119.49270173208063,1.0,1.0
2026-03-22T21:10:07.745-306470-42573,243,true,34.855838661331745,1,84.63686307074889,1.0,0.0010000000000000009
2026-03-22T21:10:07.745-306470-42573,861,false,6.659165150966899,1,84.63686307074889,1.0,1.0
2026-03-22T21:10:07.745-306470-42573,215,false,0.1387281972921988,1,84.63686307074889,1.0,1.0
2026-03-22T21:10:07.745-306470-42573,42,false,0.1316142715962861,1,84.63686307074889,1.0,1.0
2026-03-22T21:10:07.745-306470-42573,536,false,9.22690854628826,1,84.63686307074889,1.0,1.0
2026-03-22T21:10:07.745-306470-42573,14,false,105.86501744292407,1,84.63686307074889,1.0,1.0
2026-03-22T21:10:07.745-306470-42573,933,false,2.3880967005988283,1,84.63686307074889,1.0,1.0
2026-03-22T21:10:07.745-306470-42573,987,false,0.4808792551915372,1,84.63686307074889,1.0,1.0
2026-03-22T21:10:07.745-306470-42573,912,true,3.1860918418629116,1,81.45077122888597,1.0,0.0
2026-03-22T21:10:07.745-306470-42573,522,false,1.5296632965886023,1,81.45077122888597,1.0,1.0
2026-03-22T21:10:07.745-306470-42573,767,true,12.108321789353884,1,69.34244943953209,1.0,0.681
2026-03-22T21:10:07.745-306470-42573,428,false,263.356938624043,1,69.34244943953209,1.0,1.0
2026-03-22T21:10:07.745-306470-42573,896,false,0.12139684144403523,1,69.34244943953209,1.0,1.0
2026-03-22T21:10:07.745-306470-42573,500,false,14.726795896469453,1,69.34244943953209,1.0,1.0
2026-03-22T21:10:07.745-306470-42573,569,true,1.7126653477618026,1,67.62978409177029,1.0,0.0
2026-03-22T21:10:07.745-306470-42573,260,false,0.07697447625696735,1,67.62978409177029,1.0,1.0
2026-03-22T21:10:07.745-306470-42573,712,false,3.7687134591802676,1,67.62978409177029,1.0,1.0
2026-03-22T21:10:07.745-306470-42573,876,true,2.394401418835015,1,65.23538267293527,1.0,0.8
2026-03-22T21:10:07.745-306470-42573,423,false,1.6191553111441812,1,65.23538267293527,1.0,1.0
2026-03-22T21:10:07.745-306470-42573,97,true,2.0720606459064728,1,63.1633220270288,1.0,0.821
2026-03-22T21:10:07.745-306470-42573,383,false,0.7129867277076896,1,63.1633220270288,1.0,1.0
2026-03-22T21:10:07.745-306470-42573,497,false,12.828004752851003,1,63.1633220270288,1.0,1.0
2026-03-22T21:10:07.745-306470-42573,527,false,0.52849916354147,1,63.1633220270288,1.0,1.0
2026-03-22T21:10:07.745-306470-42573,445,false,0.3604154014702086,1,63.1633220270288,1.0,1.0
2026-03-22T21:10:07.745-306470-42573,534,false,1.4021567905539698,1,63.1633220270288,1.0,1.0
2026-03-22T21:10:07.745-306470-42573,369,false,0.5676788391315555,1,63.1633220270288,1.0,1.0
2026-03-22T21:10:07.745-306470-42573,832,false,7.623290859709899,1,63.1633220270288,1.0,1.0
2026-03-22T21:10:07.745-306470-42573,348,true,24.94342324598658,1,38.21989878104222,1.0,0.7969999999999999
2026-03-22T21:10:07.745-306470-42573,213,true,2.6741927807881103,1,35.54570600025411,1.0,0.0020000000000000018
2026-03-22T21:10:07.745-306470-42573,281,false,0.2556606223992947,1,35.54570600025411,1.0,1.0
2026-03-22T21:10:07.745-306470-42573,728,false,0.3805956823865515,1,35.54570600025411,1.0,1.0
2026-03-22T21:10:07.745-306470-42573,825,true,1.5907161102492082,1,33.954989890004896,1.0,0.652
2026-03-22T21:10:07.745-306470-42573,293,false,0.029574496940839013,1,33.954989890004896,1.0,1.0
2026-03-22T21:10:07.745-306470-42573,444,false,102.55255201821403,1,33.954989890004896,1.0,1.0
2026-03-22T21:10:07.745-306470-42573,277,false,22.199124296903467,1,33.954989890004896,1.0,1.0
2026-03-22T21:10:07.745-306470-42573,612,false,4.012344632584229,1,33.954989890004896,1.0,1.0
2026-03-22T21:10:07.745-306470-42573,537,false,72.05439935673081,1,33.954989890004896,1.0,1.0
2026-03-22T21:10:07.745-306470-42573,590,false,0.863627857079405,1,33.954989890004896,1.0,1.0
2026-03-22T21:10:07.745-306470-42573,489,false,4.751605922822709,1,33.954989890004896,1.0,1.0
2026-03-22T21:10:07.745-306470-42573,68,false,135.37332318380902,1,33.954989890004896,1.0,1.0
2026-03-22T21:10:07.745-306470-42573,771,false,1.256994279246137,1,33.954989890004896,1.0,1.0
2026-03-22T21:10:07.745-306470-42573,187,false,0.4987077499100146,1,33.954989890004896,1.0,1.0
2026-03-22T21:10:07.745-306470-42573,638,true,28.20147739060569,1,5.753512499399207,1.0,0.0
2026-03-22T21:10:07.745-306470-42573,574,true,0.5109347299637149,1,5.242577769435492,1.0,0.667
2026-03-22T21:10:07.745-306470-42573,169,false,0.3118177453300579,1,5.242577769435492,1.0,1.0
2026-03-22T21:10:07.745-306470-42573,906,true,1.3986470920008298,1,3.8439306774346624,1.0,0.0
2026-03-22T21:10:07.745-306470-42573,505,false,0.7111878775006484,1,3.8439306774346624,1.0,1.0
2026-03-22T21:10:07.745-306470-42573,759,true,0.43465359638295537,1,3.409277081051707,1.0,0.0
2026-03-22T21:10:07.745-306470-42573,141,false,0.4671498220195218,1,3.409277081051707,1.0,1.0
2026-03-22T21:10:07.745-306470-42573,552,false,0.20739542481139808,1,3.409277081051707,1.0,1.0
2026-03-22T21:10:07.745-306470-42573,398,false,1.003428576904679,1,3.409277081051707,1.0,1.0
2026-03-22T21:10:07.745-306470-42573,285,false,0.24978790791406785,1,3.409277081051707,1.0,1.0
2026-03-22T21:10:07.745-306470-42573,523,false,0.6126708711117171,1,3.409277081051707,1.0,1.0
2026-03-22T21:10:07.745-306470-42573,504,false,4.010683042633171,1,3.409277081051707,1.0,1.0
2026-03-22T21:10:07.745-306470-42573,547,false,1.4177827329270634,1,3.409277081051707,1.0,1.0
2026-03-22T21:10:07.745-306470-42573,301,false,0.10997988831273817,1,3.409277081051707,1.0,1.0
2026-03-22T21:10:07.745-306470-42573,931,false,1.2164141362026724,1,3.409277081051707,1.0,1.0
2026-03-22T21:10:07.745-306470-42573,318,false,2.9232620207098416,1,3.409277081051707,1.0,1.0
2026-03-22T21:10:07.745-306470-42573,427,false,4.559022688985615,1,3.409277081051707,1.0,1.0
2026-03-22T21:10:07.745-306470-42573,519,false,15.170868353583767,1,3.409277081051707,1.0,1.0
2026-03-22T21:10:07.745-306470-42573,80,true,2.209819087762252,1,1.199457993289455,1.0,0.0
2026-03-22T21:10:07.745-306470-42573,198,false,1.3731432565111783,1,1.199457993289455,1.0,1.0
2026-03-22T21:10:07.745-306470-42573,650,false,0.722948475765998,1,1.199457993289455,1.0,1.0
2026-03-22T21:10:07.745-306470-42573,396,false,194.26471149346614,1,1.199457993289455,1.0,1.0
2026-03-22T21:10:07.745-306470-42573,145,false,0.9354604183039126,1,1.199457993289455,1.0,1.0
2026-03-22T21:10:07.745-306470-42573,196,false,17.07845852510467,1,1.199457993289455,1.0,1.0
2026-03-22T21:10:07.745-306470-42573,288,false,1.2327722493919002,1,1.199457993289455,1.0,1.0
2026-03-22T21:10:07.745-306470-42573,911,true,6.637812936607587,1,-5.438354943318132,1.0,0.0
