2026-03-22T21:10:07.745-455326-157933,476,true,2.8283836223303536,1,4620.66809341414,1.0,0.994
2026-03-22T21:10:07.745-455326-157933,112,true,0.3277324903510568,1,4620.3403609237885,1.0,0.991
2026-03-22T21:10:07.745-455326-157933,949,true,13.337622869571346,1,4607.002738054217,1.0,0.992
2026-03-22T21:10:07.745-455326-157933,70,true,13.27737582786043,1,4593.725362226356,1.0,0.992
2026-03-22T21:10:07.745-455326-157933,297,true,3.0472526925119845,1,4590.678109533844,1.0,0.991
2026-03-22T21:10:07.745-455326-157933,828,true,20.127606892121936,1,4570.550502641722,1.0,0.994
2026-03-22T21:10:07.745-455326-157933,262,true,9.711418990295432,1,4560.839083651427,1.0,0.761
2026-03-22T21:10:07.745-455326-157933,910,true,0.5552617822014995,1,4560.283821869226,1.0,0.99
2026-03-22T21:10:07.745-455326-157933,560,false,0.14013975982661933,1,4560.283821869226,1.0,1.0
2026-03-22T21:10:07.745-455326-157933,359,false,0.025170359061536696,1,4560.283821869226,1.0,1.0
2026-03-22T21:10:07.745-455326-157933,813,false,0.052560244077798426,1,4560.283821869226,1.0,1.0
2026-03-22T21:10:07.745-455326-157933,665,true,64.21912478070885,1,4496.064697088517,1.0,0.991
2026-03-22T21:10:07.745-455326-157933,703,true,9.256191816616417,1,4486.808505271901,1.0,0.987
2026-03-22T21:10:07.745-455326-157933,498,true,14.043054490604408,1,4472.765450781296,1.0,0.99
2026-03-22T21:10:07.745-455326-157933,769,true,3.3928919809740097,1,4469.372558800322,1.0,0.989
2026-03-22T21:10:07.745-455326-157933,389,true,29.28503888852906,1,4440.087519911793,1.0,0.993
2026-03-22T21:10:07.745-455326-157933,21,true,5.8959481391310495,1,4434.1915717726615,1.0,0.995
2026-03-22T21:10:07.745-455326-157933,894,true,0.2682981331203301,1,4433.923273639542,1.0,0.993
2026-03-22T21:10:07.745-455326-157933,620,true,4.223687288692217,1,4429.699586350849,1.0,0.995
2026-03-22T21:10:07.745-455326-157933,233,true,10.056904108421708,1,4419.642682242427,1.0,0.987
2026-03-22T21:10:07.745-455326-157933,669,true,11.35056165458624,1,4408.292120587841,1.0,0.991
2026-03-22T21:10:07.745-455326-157933,656,true,2.1880094902395255,1,4406.104111097601,1.0,0.993
2026-03-22T21:10:07.745-455326-157933,625,true,7.699418760949999,1,4398.404692336651,1.0,0.994
2026-03-22T21:10:07.745-455326-157933,172,true,4.0049409011430885,1,4394.399751435508,1.0,0.994
2026-03-22T21:10:07.745-455326-157933,981,true,3.456378595798225,1,4390.94337283971,1.0,0.986
2026-03-22T21:10:07.745-455326-157933,551,true,0.3118214408912048,1,4390.631551398818,1.0,0.992
2026-03-22T21:10:07.745-455326-157933,289,true,0.41984730452177005,1,4390.211704094297,1.0,0.989
2026-03-22T21:10:07.745-455326-157933,367,true,34.1067884792043,1,4356.104915615092,1.0,0.993
2026-03-22T21:10:07.745-455326-157933,586,true,3.8727953534417185,1,4352.23212026165,1.0,0.989
2026-03-22T21:10:07.745-455326-157933,693,true,3.846679891812352,1,4348.385440369838,1.0,0.993
2026-03-22T21:10:07.745-455326-157933,373,true,13.025762431534465,1,4335.359677938303,1.0,0.99
2026-03-22T21:10:07.745-455326-157933,736,true,0.8756442668983659,1,4334.484033671405,1.0,0.99
2026-03-22T21:10:07.745-455326-157933,819,true,1.7344081911024527,1,4332.749625480303,1.0,0.992
2026-03-22T21:10:07.745-455326-157933,837,true,3.835450556045319,1,4328.914174924257,1.0,0.992
2026-03-22T21:10:07.745-455326-157933,185,true,157.63612541385157,1,4171.278049510405,1.0,0.993
2026-03-22T21:10:07.745-455326-157933,282,true,21.941169924305957,1,4149.3368795861,1.0,0.99
2026-03-22T21:10:07.745-455326-157933,143,true,1.0773673631118026,1,4148.259512222988,1.0,0.991
2026-03-22T21:10:07.745-455326-157933,443,true,0.5767544591878732,1,4147.6827577638,1.0,0.988
2026-03-22T21:10:07.745-455326-157933,577,true,6.528463117223086,1,4141.154294646576,1.0,0.994
2026-03-22T21:10:07.745-455326-157933,25,true,1.6273166300570117,1,4139.526978016519,1.0,0.988
2026-03-22T21:10:07.745-455326-157933,323,true,1.9055648413890065,1,4137.62141317513,1.0,0.99
2026-03-22T21:10:07.745-455326-157933,479,true,4.391585701428077,1,4133.229827473702,1.0,0.8220000000000001
2026-03-22T21:10:07.745-455326-157933,293,true,12.429673561709787,1,4120.800153911992,1.0,0.994
2026-03-22T21:10:07.745-455326-157933,759,false,0.08508280109616013,1,4120.800153911992,1.0,1.0
2026-03-22T21:10:07.745-455326-157933,292,true,0.2160146281146797,1,4120.584139283877,1.0,0.394
2026-03-22T21:10:07.745-455326-157933,648,true,3.743404556799789,1,4116.840734727078,1.0,0.993
2026-03-22T21:10:07.745-455326-157933,968,true,0.6958002217823851,1,4116.144934505295,1.0,0.992
2026-03-22T21:10:07.745-455326-157933,983,true,8.156865778458899,1,4107.988068726836,1.0,0.773
2026-03-22T21:10:07.745-455326-157933,1,true,1.9903829318683093,1,4105.997685794968,1.0,0.992
2026-03-22T21:10:07.745-455326-157933,825,true,0.7969406219393641,1,4105.200745173029,1.0,0.756
2026-03-22T21:10:07.745-455326-157933,523,true,7.106089334092827,1,4098.094655838936,1.0,0.99
2026-03-22T21:10:07.745-455326-157933,228,true,27.3055419764488,1,4070.7891138624873,1.0,0.992
2026-03-22T21:10:07.745-455326-157933,582,true,8.268254311173294,1,4062.520859551314,1.0,0.989
2026-03-22T21:10:07.745-455326-157933,87,true,1.4569555256639368,1,4061.06390402565,1.0,0.99
2026-03-22T21:10:07.745-455326-157933,316,true,14.197996223403523,1,4046.8659078022465,1.0,0.992
2026-03-22T21:10:07.745-455326-157933,787,true,3.4914086815563143,1,4043.3744991206904,1.0,0.992
2026-03-22T21:10:07.745-455326-157933,591,true,7.976329990581429,1,4035.398169130109,1.0,0.993
2026-03-22T21:10:07.745-455326-157933,101,false,0.12484826374652785,1,4035.398169130109,1.0,1.0
2026-03-22T21:10:07.745-455326-157933,365,true,11.617493368030802,1,4023.7806757620783,1.0,0.743
2026-03-22T21:10:07.745-455326-157933,480,true,5.134552416069734,1,4018.6461233460086,1.0,0.72
2026-03-22T21:10:07.745-455326-157933,152,true,4.576790533669847,1,4014.069332812339,1.0,0.992
2026-03-22T21:10:07.745-455326-157933,624,true,8.623666484119838,1,4005.445666328219,1.0,0.777
2026-03-22T21:10:07.745-455326-157933,353,true,4.865953321958407,1,4000.5797130062606,1.0,0.992
2026-03-22T21:10:07.745-455326-157933,974,true,3.816145221623426,1,3996.763567784637,1.0,0.992
2026-03-22T21:10:07.745-455326-157933,351,true,2.241982726582019,1,3994.521585058055,1.0,0.757
2026-03-22T21:10:07.745-455326-157933,330,true,0.6211778214215129,1,3993.9004072366333,1.0,0.992
2026-03-22T21:10:07.745-455326-157933,642,true,9.070489228711317,1,3984.829918007922,1.0,0.989
2026-03-22T21:10:07.745-455326-157933,24,true,6.623657813446859,1,3978.2062601944754,1.0,0.06999999999999995
2026-03-22T21:10:07.745-455326-157933,948,true,4.528544540816557,1,3973.6777156536587,1.0,0.763
2026-03-22T21:10:07.745-455326-157933,664,true,42.83406875598367,1,3930.843646897675,1.0,0.832
2026-03-22T21:10:07.745-455326-157933,623,false,0.009389438367754072,1,3930.843646897675,1.0,1.0
2026-03-22T21:10:07.745-455326-157933,402,true,15.539383020666389,1,3915.304263877009,1.0,0.99
2026-03-22T21:10:07.745-455326-157933,580,false,0.024211901341918664,1,3915.304263877009,1.0,1.0
2026-03-22T21:10:07.745-455326-157933,400,true,23.0036372939175,1,3892.3006265830913,1.0,0.727
2026-03-22T21:10:07.745-455326-157933,930,true,0.7201637939200677,1,3891.580462789171,1.0,0.982
2026-03-22T21:10:07.745-455326-157933,864,true,7.387158462813844,1,3884.1933043263575,1.0,0.985
2026-03-22T21:10:07.745-455326-157933,198,true,2.8690687094889182,1,3881.3242356168685,1.0,0.993
2026-03-22T21:10:07.745-455326-157933,345,true,3.399753741306507,1,3877.924481875562,1.0,0.99
2026-03-22T21:10:07.745-455326-157933,798,true,6.514350844004753,1,3871.4101310315573,1.0,0.989
2026-03-22T21:10:07.745-455326-157933,849,true,1.1935390204454395,1,3870.216592011112,1.0,0.989
2026-03-22T21:10:07.745-455326-157933,42,true,3.813512113540473,1,3866.4030798975714,1.0,0.988
2026-03-22T21:10:07.745-455326-157933,697,true,0.8239699577011251,1,3865.5791099398702,1.0,0.991
2026-03-22T21:10:07.745-455326-157933,745,true,1.0322342040632182,1,3864.546875735807,1.0,0.994
2026-03-22T21:10:07.745-455326-157933,461,true,21.237796198423034,1,3843.309079537384,1.0,0.988
2026-03-22T21:10:07.745-455326-157933,822,true,59.30918784352646,1,3783.9998916938575,1.0,0.08399999999999996
2026-03-22T21:10:07.745-455326-157933,482,true,0.32137803826044253,1,3783.6785136555973,1.0,0.235
2026-03-22T21:10:07.745-455326-157933,305,true,0.9510648856220506,1,3782.727448769975,1.0,0.993
2026-03-22T21:10:07.745-455326-157933,357,true,26.1914964244361,1,3756.535952345539,1.0,0.995
2026-03-22T21:10:07.745-455326-157933,724,true,10.77145239827441,1,3745.7644999472645,1.0,0.995
2026-03-22T21:10:07.745-455326-157933,123,false,0.026882044450676042,1,3745.7644999472645,1.0,1.0
2026-03-22T21:10:07.745-455326-157933,106,true,0.2529112702635939,1,3745.511588677001,1.0,0.988
2026-03-22T21:10:07.745-455326-157933,524,true,32.7040754861529,1,3712.807513190848,1.0,0.81
2026-03-22T21:10:07.745-455326-157933,395,true,17.375463062031564,1,3695.4320501288166,1.0,0.995
2026-03-22T21:10:07.745-455326-157933,437,true,28.971457716600803,1,3666.4605924122156,1.0,0.987
2026-03-22T21:10:07.745-455326-157933,606,true,33.88615885174985,1,3632.574433560466,1.0,0.989
2026-03-22T21:10:07.745-455326-157933,43,false,0.13239064501922357,1,3632.574433560466,1.0,1.0
2026-03-22T21:10:07.745-455326-157933,382,true,0.8032682287333286,1,3631.7711653317324,1.0,0.991
2026-03-22T21:10:07.745-455326-157933,249,true,40.7757153777689,1,3590.9954499539635,1.0,0.99
2026-03-22T21:10:07.745-455326-157933,571,true,1.509315214198463,1,3589.486134739765,1.0,0.992
2026-03-22T21:10:07.745-455326-157933,649,true,7.880402413778116,1,3581.605732325987,1.0,0.757
2026-03-22T21:10:07.745-455326-157933,845,true,5.170582232847982,1,3576.435150093139,1.0,0.99
2026-03-22T21:10:07.745-455326-157933,922,true,6.82403361499633,1,3569.6111164781423,1.0,0.99
2026-03-22T21:10:07.745-455326-157933,61,true,3.9729552130321286,1,3565.6381612651103,1.0,0.992
2026-03-22T21:10:07.745-455326-157933,445,true,0.38615311772610866,1,3565.252008147384,1.0,0.753
2026-03-22T21:10:07.745-455326-157933,335,false,0.09905927559615545,1,3565.252008147384,1.0,1.0
2026-03-22T21:10:07.745-455326-157933,69,true,11.258059726586927,1,3553.993948420797,1.0,0.8109999999999999
2026-03-22T21:10:07.745-455326-157933,401,true,2.3132312478208092,1,3551.680717172976,1.0,0.07499999999999996
2026-03-22T21:10:07.745-455326-157933,542,true,2.733848591509713,1,3548.9468685814663,1.0,0.991
2026-03-22T21:10:07.745-455326-157933,987,true,4.644539152643197,1,3544.302329428823,1.0,0.992
2026-03-22T21:10:07.745-455326-157933,578,true,103.62991589254266,1,3440.6724135362806,1.0,0.83
2026-03-22T21:10:07.745-455326-157933,855,true,29.55901788596033,1,3411.1133956503204,1.0,0.99
2026-03-22T21:10:07.745-455326-157933,14,false,0.14384089511747628,1,3411.1133956503204,1.0,1.0
2026-03-22T21:10:07.745-455326-157933,592,true,2.434388040259843,1,3408.6790076100606,1.0,0.762
2026-03-22T21:10:07.745-455326-157933,421,true,0.5886399700130822,1,3408.0903676400476,1.0,0.997
2026-03-22T21:10:07.745-455326-157933,683,true,19.08318025484804,1,3389.0071873851994,1.0,0.991
2026-03-22T21:10:07.745-455326-157933,702,true,0.6405401476348469,1,3388.3666472375644,1.0,0.255
2026-03-22T21:10:07.745-455326-157933,941,true,12.52681348353089,1,3375.8398337540334,1.0,0.988
2026-03-22T21:10:07.745-455326-157933,474,true,58.65889451068365,1,3317.1809392433497,1.0,0.767
2026-03-22T21:10:07.745-455326-157933,378,true,0.4937311335509127,1,3316.6872081097986,1.0,0.989
2026-03-22T21:10:07.745-455326-157933,689,true,1.1833085563319161,1,3315.5038995534665,1.0,0.985
2026-03-22T21:10:07.745-455326-157933,137,true,0.7912609952199029,1,3314.7126385582465,1.0,0.99
2026-03-22T21:10:07.745-455326-157933,779,true,0.2189653754861641,1,3314.49367318276,1.0,0.994
2026-03-22T21:10:07.745-455326-157933,895,true,61.397477790983686,1,3253.0961953917763,1.0,0.757
2026-03-22T21:10:07.745-455326-157933,267,true,27.060855688629694,1,3226.0353397031467,1.0,0.827
2026-03-22T21:10:07.745-455326-157933,138,false,0.11390988278486613,1,3226.0353397031467,1.0,1.0
2026-03-22T21:10:07.745-455326-157933,492,true,4.540307075965734,1,3221.495032627181,1.0,0.986
2026-03-22T21:10:07.745-455326-157933,4,true,0.9088079081800136,1,3220.586224719001,1.0,0.754
2026-03-22T21:10:07.745-455326-157933,865,true,1.222237841927674,1,3219.3639868770733,1.0,0.776
2026-03-22T21:10:07.745-455326-157933,286,true,0.7609509049479575,1,3218.6030359721253,1.0,0.8069999999999999
2026-03-22T21:10:07.745-455326-157933,327,true,0.2640277293150389,1,3218.3390082428105,1.0,0.269
2026-03-22T21:10:07.745-455326-157933,740,false,0.08343521708422155,1,3218.3390082428105,1.0,1.0
2026-03-22T21:10:07.745-455326-157933,970,true,166.74727152604027,1,3051.5917367167704,1.0,0.738
2026-03-22T21:10:07.745-455326-157933,775,true,18.00549552438283,1,3033.5862411923877,1.0,0.991
2026-03-22T21:10:07.745-455326-157933,426,true,29.065490941639354,1,3004.5207502507483,1.0,0.989
2026-03-22T21:10:07.745-455326-157933,708,false,0.14870951578038072,1,3004.5207502507483,1.0,1.0
2026-03-22T21:10:07.745-455326-157933,874,true,34.248164839093334,1,2970.2725854116547,1.0,0.992
2026-03-22T21:10:07.745-455326-157933,587,true,2.102429757725076,1,2968.1701556539297,1.0,0.744
2026-03-22T21:10:07.745-455326-157933,301,true,0.7255231044240715,1,2967.4446325495055,1.0,0.993
2026-03-22T21:10:07.745-455326-157933,207,true,4.070444731724512,1,2963.374187817781,1.0,0.996
2026-03-22T21:10:07.745-455326-157933,836,true,6.557895675307114,1,2956.816292142474,1.0,0.775
2026-03-22T21:10:07.745-455326-157933,700,false,0.028646830075965402,1,2956.816292142474,1.0,1.0
2026-03-22T21:10:07.745-455326-157933,39,true,62.65066183459725,1,2894.165630307877,1.0,0.778
2026-03-22T21:10:07.745-455326-157933,566,true,47.00358201870675,1,2847.1620482891703,1.0,0.991
2026-03-22T21:10:07.745-455326-157933,871,true,1.2046893062226283,1,2845.957358982948,1.0,0.743
2026-03-22T21:10:07.745-455326-157933,95,true,14.367674158149613,1,2831.589684824798,1.0,0.987
2026-03-22T21:10:07.745-455326-157933,209,true,4.538290587477183,1,2827.051394237321,1.0,0.767
2026-03-22T21:10:07.745-455326-157933,662,true,144.06225490712472,1,2682.989139330196,1.0,0.04200000000000004
2026-03-22T21:10:07.745-455326-157933,256,true,1.426276640960853,1,2681.562862689235,1.0,0.992
2026-03-22T21:10:07.745-455326-157933,337,true,206.16392480639533,1,2475.3989378828396,1.0,0.994
2026-03-22T21:10:07.745-455326-157933,801,true,147.36307911019676,1,2328.0358587726428,1.0,0.815
2026-03-22T21:10:07.745-455326-157933,720,true,17.87940593122181,1,2310.156452841421,1.0,0.991
2026-03-22T21:10:07.745-455326-157933,810,true,5.3626159718694115,1,2304.793836869552,1.0,0.989
2026-03-22T21:10:07.745-455326-157933,882,true,5.057623631672235,1,2299.7362132378794,1.0,0.991
2026-03-22T21:10:07.745-455326-157933,581,true,0.3132883172856218,1,2299.4229249205937,1.0,0.22599999999999998
2026-03-22T21:10:07.745-455326-157933,190,true,0.7243490512958719,1,2298.6985758692977,1.0,0.815
2026-03-22T21:10:07.745-455326-157933,186,true,55.23226531929677,1,2243.466310550001,1.0,0.75
2026-03-22T21:10:07.745-455326-157933,838,true,1.008841985020741,1,2242.45746856498,1.0,0.08299999999999996
2026-03-22T21:10:07.745-455326-157933,808,true,22.983470170441993,1,2219.473998394538,1.0,0.757
2026-03-22T21:10:07.745-455326-157933,234,true,5.3245885706174425,1,2214.1494098239205,1.0,0.838
2026-03-22T21:10:07.745-455326-157933,169,false,0.16960922996086028,1,2214.1494098239205,1.0,1.0
2026-03-22T21:10:07.745-455326-157933,972,true,0.47031803969650343,1,2213.679091784224,1.0,0.06399999999999995
2026-03-22T21:10:07.745-455326-157933,997,true,2.588134947654536,1,2211.0909568365696,1.0,0.989
2026-03-22T21:10:07.745-455326-157933,320,true,0.7263077010598769,1,2210.36464913551,1.0,0.239
2026-03-22T21:10:07.745-455326-157933,751,true,113.54898069786564,1,2096.815668437644,1.0,0.992
2026-03-22T21:10:07.745-455326-157933,774,true,6.565632664704338,1,2090.2500357729396,1.0,0.21999999999999997
2026-03-22T21:10:07.745-455326-157933,739,true,5.662369568060047,1,2084.5876662048795,1.0,0.246
2026-03-22T21:10:07.745-455326-157933,826,true,34.1467967992838,1,2050.4408694055955,1.0,0.0
2026-03-22T21:10:07.745-455326-157933,984,true,9.437025281757991,1,2041.0038441238376,1.0,0.0
2026-03-22T21:10:07.745-455326-157933,295,true,128.8936398948578,1,1912.1102042289797,1.0,0.0
2026-03-22T21:10:07.745-455326-157933,291,true,46.52238010520217,1,1865.5878241237774,1.0,0.0
2026-03-22T21:10:07.745-455326-157933,369,true,75.62346101056318,1,1789.9643631132142,1.0,0.757
2026-03-22T21:10:07.745-455326-157933,914,true,0.7376841819964342,1,1789.2266789312177,1.0,0.989
2026-03-22T21:10:07.745-455326-157933,144,true,1.3393588248476234,1,1787.8873201063702,1.0,0.77
2026-03-22T21:10:07.745-455326-157933,513,true,2.2802926984509373,1,1785.6070274079193,1.0,0.992
2026-03-22T21:10:07.745-455326-157933,349,true,3.181256925422434,1,1782.4257704824968,1.0,0.837
2026-03-22T21:10:07.745-455326-157933,156,true,9.695842217256724,1,1772.72992826524,1.0,0.991
2026-03-22T21:10:07.745-455326-157933,737,false,0.0061089442997766565,1,1772.72992826524,1.0,1.0
2026-03-22T21:10:07.745-455326-157933,439,true,0.47100514697621343,1,1772.2589231182637,1.0,0.752
2026-03-22T21:10:07.745-455326-157933,570,false,0.04567068917214705,1,1772.2589231182637,1.0,1.0
2026-03-22T21:10:07.745-455326-157933,384,true,0.41601519987998015,1,1771.8429079183838,1.0,0.764
2026-03-22T21:10:07.745-455326-157933,749,false,0.1979509058871827,1,1771.8429079183838,1.0,1.0
2026-03-22T21:10:07.745-455326-157933,959,true,1.698863417791989,1,1770.144044500592,1.0,0.992
2026-03-22T21:10:07.745-455326-157933,901,false,0.09811170296505715,1,1770.144044500592,1.0,1.0
2026-03-22T21:10:07.745-455326-157933,331,true,70.07302107752224,1,1700.0710234230696,1.0,0.841
2026-03-22T21:10:07.745-455326-157933,100,true,0.33047398132639827,1,1699.7405494417433,1.0,0.995
2026-03-22T21:10:07.745-455326-157933,370,true,109.38372914966713,1,1590.3568202920762,1.0,0.0
2026-03-22T21:10:07.745-455326-157933,992,true,75.95912941004208,1,1514.397690882034,1.0,0.991
2026-03-22T21:10:07.745-455326-157933,550,true,10.885991480454676,1,1503.5116994015793,1.0,0.25
2026-03-22T21:10:07.745-455326-157933,650,false,0.15974087882552196,1,1503.5116994015793,1.0,1.0
2026-03-22T21:10:07.745-455326-157933,890,true,0.301464154604711,1,1503.2102352469747,1.0,0.991
2026-03-22T21:10:07.745-455326-157933,738,true,2.4381807555407935,1,1500.772054491434,1.0,0.08999999999999997
2026-03-22T21:10:07.745-455326-157933,952,true,34.11858786348336,1,1466.6534666279506,1.0,0.768
2026-03-22T21:10:07.745-455326-157933,231,true,1.4462679731629515,1,1465.2071986547876,1.0,0.0
2026-03-22T21:10:07.745-455326-157933,920,true,2.2722264735382276,1,1462.9349721812493,1.0,0.842
2026-03-22T21:10:07.745-455326-157933,688,true,51.64307022927543,1,1411.2919019519738,1.0,0.767
2026-03-22T21:10:07.745-455326-157933,913,true,4.8999155047823075,1,1406.3919864471916,1.0,0.07399999999999995
2026-03-22T21:10:07.745-455326-157933,222,true,30.410559339532593,1,1375.981427107659,1.0,0.99
2026-03-22T21:10:07.745-455326-157933,368,true,9.204519793250155,1,1366.7769073144088,1.0,0.0
2026-03-22T21:10:07.745-455326-157933,179,true,5.6095150506884774,1,1361.1673922637203,1.0,0.992
2026-03-22T21:10:07.745-455326-157933,96,true,2.619294290973398,1,1358.548097972747,1.0,0.794
2026-03-22T21:10:07.745-455326-157933,956,true,23.189147235604544,1,1335.3589507371423,1.0,0.746
2026-03-22T21:10:07.745-455326-157933,933,true,44.90253697893118,1,1290.456413758211,1.0,0.764
2026-03-22T21:10:07.745-455326-157933,955,true,0.7253417974747196,1,1289.7310719607362,1.0,0.07599999999999996
2026-03-22T21:10:07.745-455326-157933,850,true,8.5102672144093,1,1281.2208047463268,1.0,0.804
2026-03-22T21:10:07.745-455326-157933,151,false,0.03393888602312364,1,1281.2208047463268,1.0,1.0
2026-03-22T21:10:07.745-455326-157933,338,true,1.688978513426662,1,1279.5318262329001,1.0,0.7130000000000001
2026-03-22T21:10:07.745-455326-157933,661,true,4.659917361885744,1,1274.8719088710143,1.0,0.061000000000000054
2026-03-22T21:10:07.745-455326-157933,723,true,4.859134930261424,1,1270.0127739407528,1.0,0.07399999999999995
2026-03-22T21:10:07.745-455326-157933,38,true,0.6798514359806855,1,1269.3329225047721,1.0,0.856
2026-03-22T21:10:07.745-455326-157933,167,true,2.221192093897581,1,1267.1117304108745,1.0,0.994
2026-03-22T21:10:07.745-455326-157933,761,true,10.611329925091907,1,1256.5004004857826,1.0,0.988
2026-03-22T21:10:07.745-455326-157933,663,true,18.117252081219934,1,1238.3831484045627,1.0,0.0
2026-03-22T21:10:07.745-455326-157933,521,true,1.0707249251247515,1,1237.312423479438,1.0,0.08399999999999996
2026-03-22T21:10:07.745-455326-157933,870,true,1.4632795811034462,1,1235.8491438983344,1.0,0.726
2026-03-22T21:10:07.745-455326-157933,996,true,42.365994389441,1,1193.4831495088933,1.0,0.865
2026-03-22T21:10:07.745-455326-157933,593,true,0.5633983875026084,1,1192.9197511213908,1.0,0.08099999999999996
2026-03-22T21:10:07.745-455326-157933,879,true,1.7979757129907141,1,1191.1217754084,1.0,0.758
2026-03-22T21:10:07.745-455326-157933,797,true,36.99212734627752,1,1154.1296480621224,1.0,0.764
2026-03-22T21:10:07.745-455326-157933,189,true,1.254318953276962,1,1152.8753291088456,1.0,0.0
2026-03-22T21:10:07.745-455326-157933,47,true,1.5258721922756666,1,1151.3494569165698,1.0,0.994
2026-03-22T21:10:07.745-455326-157933,748,true,0.510845604044293,1,1150.8386113125255,1.0,0.06000000000000005
2026-03-22T21:10:07.745-455326-157933,40,true,9.089588493802742,1,1141.7490228187228,1.0,0.0
2026-03-22T21:10:07.745-455326-157933,419,true,1.3801975072834896,1,1140.3688253114392,1.0,0.767
2026-03-22T21:10:07.745-455326-157933,718,true,1.0396938451231013,1,1139.329131466316,1.0,0.272
2026-03-22T21:10:07.745-455326-157933,491,true,4.819333652696481,1,1134.5097978136196,1.0,0.796
2026-03-22T21:10:07.745-455326-157933,699,true,30.525884298861843,1,1103.9839135147577,1.0,0.403
2026-03-22T21:10:07.745-455326-157933,1000,true,3.073941433078023,1,1100.9099720816796,1.0,0.08199999999999996
2026-03-22T21:10:07.745-455326-157933,785,true,0.3603800930230652,1,1100.5495919886566,1.0,0.745
2026-03-22T21:10:07.745-455326-157933,595,true,57.53514677013538,1,1043.0144452185214,1.0,0.08499999999999996
2026-03-22T21:10:07.745-455326-157933,75,true,53.97220312614407,1,989.0422420923773,1.0,0.817
2026-03-22T21:10:07.745-455326-157933,516,true,122.2875898850854,1,866.7546522072919,1.0,0.851
2026-03-22T21:10:07.745-455326-157933,103,true,5.564293492923132,1,861.1903587143687,1.0,0.0
2026-03-22T21:10:07.745-455326-157933,227,true,6.156409180318183,1,855.0339495340505,1.0,0.388
2026-03-22T21:10:07.745-455326-157933,392,true,1.8005768843835852,1,853.233372649667,1.0,0.22099999999999997
2026-03-22T21:10:07.745-455326-157933,841,true,2.783600751717272,1,850.4497718979497,1.0,0.8220000000000001
2026-03-22T21:10:07.745-455326-157933,188,true,2.2142183414658305,1,848.2355535564839,1.0,0.0
2026-03-22T21:10:07.745-455326-157933,161,true,1.4614148577769144,1,846.7741386987069,1.0,0.99
2026-03-22T21:10:07.745-455326-157933,125,true,0.8932910682930609,1,845.8808476304139,1.0,0.991
2026-03-22T21:10:07.745-455326-157933,939,true,1.6991744752668092,1,844.1816731551471,1.0,0.23399999999999999
2026-03-22T21:10:07.745-455326-157933,637,true,0.7814309923638297,1,843.4002421627832,1.0,0.992
2026-03-22T21:10:07.745-455326-157933,627,true,0.6518769207929801,1,842.7483652419902,1.0,0.07399999999999995
2026-03-22T21:10:07.745-455326-157933,506,false,0.06715502942996471,1,842.7483652419902,1.0,1.0
2026-03-22T21:10:07.745-455326-157933,413,true,3.1741016042351498,1,839.574263637755,1.0,0.988
2026-03-22T21:10:07.745-455326-157933,631,true,0.5753896032549974,1,838.9988740345001,1.0,0.994
2026-03-22T21:10:07.745-455326-157933,49,true,128.53957017011732,1,710.4593038643827,1.0,0.75
2026-03-22T21:10:07.745-455326-157933,881,true,43.635191942078016,1,666.8241119223047,1.0,0.23399999999999999
2026-03-22T21:10:07.745-455326-157933,288,false,0.06240128047663344,1,666.8241119223047,1.0,1.0
2026-03-22T21:10:07.745-455326-157933,414,true,0.6109952982708236,1,666.2131166240339,1.0,0.773
2026-03-22T21:10:07.745-455326-157933,701,true,9.126602191436207,1,657.0865144325977,1.0,0.0
2026-03-22T21:10:07.745-455326-157933,668,true,0.6399192487476174,1,656.44659518385,1.0,0.258
2026-03-22T21:10:07.745-455326-157933,178,true,2.6645727011872555,1,653.7820224826628,1.0,0.744
2026-03-22T21:10:07.745-455326-157933,153,true,1.1389413248372677,1,652.6430811578256,1.0,0.07299999999999995
2026-03-22T21:10:07.745-455326-157933,960,true,1.7654019963901073,1,650.8776791614355,1.0,0.769
2026-03-22T21:10:07.745-455326-157933,410,false,0.00887432318108659,1,650.8776791614355,1.0,1.0
2026-03-22T21:10:07.745-455326-157933,432,true,0.5081224518222406,1,650.3695567096132,1.0,0.993
2026-03-22T21:10:07.745-455326-157933,220,true,12.341297348365448,1,638.0282593612478,1.0,0.74
2026-03-22T21:10:07.745-455326-157933,18,true,5.677345846037299,1,632.3509135152106,1.0,0.739
2026-03-22T21:10:07.745-455326-157933,270,true,5.309428828256816,1,627.0414846869537,1.0,0.743
2026-03-22T21:10:07.745-455326-157933,967,true,3.004998346712918,1,624.0364863402408,1.0,0.06499999999999995
2026-03-22T21:10:07.745-455326-157933,243,true,6.607704347295723,1,617.4287819929451,1.0,0.989
2026-03-22T21:10:07.745-455326-157933,407,true,0.8246894106135699,1,616.6040925823315,1.0,0.994
2026-03-22T21:10:07.745-455326-157933,477,true,3.2489037221175,1,613.3551888602141,1.0,0.0
2026-03-22T21:10:07.745-455326-157933,174,true,0.5407303806057513,1,612.8144584796083,1.0,0.838
2026-03-22T21:10:07.745-455326-157933,994,true,3.9597432404543045,1,608.8547152391541,1.0,0.0
2026-03-22T21:10:07.745-455326-157933,310,false,0.14398078241791662,1,608.8547152391541,1.0,1.0
2026-03-22T21:10:07.745-455326-157933,398,true,0.27623453010796933,1,608.5784807090461,1.0,0.0
2026-03-22T21:10:07.745-455326-157933,539,true,2.100606271943706,1,606.4778744371024,1.0,0.754
2026-03-22T21:10:07.745-455326-157933,767,true,1.4684038089796931,1,605.0094706281227,1.0,0.743
2026-03-22T21:10:07.745-455326-157933,73,false,0.0433141849174957,1,605.0094706281227,1.0,1.0
2026-03-22T21:10:07.745-455326-157933,862,true,74.3368155899539,1,530.6726550381688,1.0,0.07799999999999996
2026-03-22T21:10:07.745-455326-157933,383,true,1.180114311875459,1,529.4925407262933,1.0,0.0
2026-03-22T21:10:07.745-455326-157933,832,true,3.5553937045074133,1,525.9371470217859,1.0,0.987
2026-03-22T21:10:07.745-455326-157933,208,true,24.99892138028632,1,500.93822564149957,1.0,0.06899999999999995
2026-03-22T21:10:07.745-455326-157933,44,true,2.3740762741899597,1,498.5641493673096,1.0,0.08499999999999996
2026-03-22T21:10:07.745-455326-157933,57,false,0.0557166415136122,1,498.5641493673096,1.0,1.0
2026-03-22T21:10:07.745-455326-157933,83,true,1.8339970831974661,1,496.73015228411214,1.0,0.99
2026-03-22T21:10:07.745-455326-157933,791,true,3.8634299203010176,1,492.8667223638111,1.0,0.98
2026-03-22T21:10:07.745-455326-157933,355,true,1.9862813079330564,1,490.88044105587807,1.0,0.0
2026-03-22T21:10:07.745-455326-157933,302,true,37.0685121592755,1,453.8119288966026,1.0,0.08499999999999996
2026-03-22T21:10:07.745-455326-157933,429,true,0.503769573585858,1,453.3081593230167,1.0,0.07499999999999996
2026-03-22T21:10:07.745-455326-157933,680,true,16.050679206072118,1,437.2574801169446,1.0,0.762
2026-03-22T21:10:07.745-455326-157933,898,true,45.338381721559934,1,391.91909839538465,1.0,0.742
2026-03-22T21:10:07.745-455326-157933,659,true,15.526871092232838,1,376.3922273031518,1.0,0.0
2026-03-22T21:10:07.745-455326-157933,522,true,4.739125300838345,1,371.65310200231346,1.0,0.0010000000000000009
2026-03-22T21:10:07.745-455326-157933,533,false,0.18915157098174623,1,371.65310200231346,1.0,1.0
2026-03-22T21:10:07.745-455326-157933,978,true,3.9452641003525444,1,367.70783790196094,1.0,0.823
2026-03-22T21:10:07.745-455326-157933,199,true,132.30262366502282,1,235.40521423693812,1.0,0.769
2026-03-22T21:10:07.745-455326-157933,312,true,43.82894035227151,1,191.57627388466662,1.0,0.982
2026-03-22T21:10:07.745-455326-157933,609,true,17.43287842043514,1,174.14339546423147,1.0,0.767
2026-03-22T21:10:07.745-455326-157933,409,true,308.30392887862513,1,-134.16053341439365,1.0,0.735
2026-03-22T21:10:07.745-868789-442998,159,false,3.899511393510493,1,4903.5521978507495,1.0,1.0
2026-03-22T21:10:07.745-868789-442998,257,false,1.56605945686474,1,4903.5521978507495,1.0,1.0
2026-03-22T21:10:07.745-868789-442998,323,false,1.7023223064081712,1,4903.5521978507495,1.0,1.0
2026-03-22T21:10:07.745-868789-442998,515,false,0.8253313438961547,1,4903.5521978507495,1.0,1.0
2026-03-22T21:10:07.745-868789-442998,196,false,0.8972333393438411,1,4903.5521978507495,1.0,1.0
2026-03-22T21:10:07.745-868789-442998,421,true,20.04115858065682,1,4883.511039270093,1.0,0.999
2026-03-22T21:10:07.745-868789-442998,371,false,6.915991775339665,1,4883.511039270093,1.0,1.0
2026-03-22T21:10:07.745-868789-442998,9,false,3.5437648357219222,1,4883.511039270093,1.0,1.0
2026-03-22T21:10:07.745-868789-442998,50,true,107.94698865914108,1,4775.564050610951,1.0,0.999
2026-03-22T21:10:07.745-868789-442998,270,false,0.8528209866176418,1,4775.564050610951,1.0,1.0
2026-03-22T21:10:07.745-868789-442998,424,true,2.2216875590788328,1,4773.342363051873,1.0,0.802
2026-03-22T21:10:07.745-868789-442998,15,false,3.1471773512983106,1,4773.342363051873,1.0,1.0
2026-03-22T21:10:07.745-868789-442998,594,false,18.464304425936323,1,4773.342363051873,1.0,1.0
2026-03-22T21:10:07.745-868789-442998,354,false,2.9619215293545977,1,4773.342363051873,1.0,1.0
2026-03-22T21:10:07.745-868789-442998,141,false,0.22835734173288333,1,4773.342363051873,1.0,1.0
2026-03-22T21:10:07.745-868789-442998,846,false,0.1912326036776563,1,4773.342363051873,1.0,1.0
2026-03-22T21:10:07.745-868789-442998,570,false,1.8695189511947614,1,4773.342363051873,1.0,1.0
2026-03-22T21:10:07.745-868789-442998,346,false,0.2200113255182115,1,4773.342363051873,1.0,1.0
2026-03-22T21:10:07.745-868789-442998,333,false,37.61925173634507,1,4773.342363051873,1.0,1.0
2026-03-22T21:10:07.745-868789-442998,458,false,0.14946929563272354,1,4773.342363051873,1.0,1.0
2026-03-22T21:10:07.745-868789-442998,642,false,4.787623806106771,1,4773.342363051873,1.0,1.0
2026-03-22T21:10:07.745-868789-442998,503,false,2.19219597482205,1,4773.342363051873,1.0,1.0
2026-03-22T21:10:07.745-868789-442998,397,false,7.447005203293491,1,4773.342363051873,1.0,1.0
2026-03-22T21:10:07.745-868789-442998,567,false,1.6174828591812278,1,4773.342363051873,1.0,1.0
2026-03-22T21:10:07.745-868789-442998,378,false,17.835612566829948,1,4773.342363051873,1.0,1.0
2026-03-22T21:10:07.745-868789-442998,817,false,124.12470384021195,1,4773.342363051873,1.0,1.0
2026-03-22T21:10:07.745-868789-442998,896,false,1.10005465548397,1,4773.342363051873,1.0,1.0
2026-03-22T21:10:07.745-868789-442998,455,false,8.393646263304628,1,4773.342363051873,1.0,1.0
2026-03-22T21:10:07.745-868789-442998,439,false,4.154743745466927,1,4773.342363051873,1.0,1.0
2026-03-22T21:10:07.745-868789-442998,605,false,239.33815288833537,1,4773.342363051873,1.0,1.0
2026-03-22T21:10:07.745-868789-442998,92,true,1.3675639177620997,1,4771.974799134111,1.0,0.999
2026-03-22T21:10:07.745-868789-442998,681,false,2.3632774209107543,1,4771.974799134111,1.0,1.0
2026-03-22T21:10:07.745-868789-442998,231,false,20.21245233039689,1,4771.974799134111,1.0,1.0
2026-03-22T21:10:07.745-868789-442998,938,false,1.578615955217456,1,4771.974799134111,1.0,1.0
2026-03-22T21:10:07.745-868789-442998,453,false,1.1379828949715618,1,4771.974799134111,1.0,1.0
2026-03-22T21:10:07.745-868789-442998,670,false,20.488666050390652,1,4771.974799134111,1.0,1.0
2026-03-22T21:10:07.745-868789-442998,108,false,1.1551592018155004,1,4771.974799134111,1.0,1.0
2026-03-22T21:10:07.745-868789-442998,5,false,0.010876593846474767,1,4771.974799134111,1.0,1.0
2026-03-22T21:10:07.745-868789-442998,933,true,1.822055385828364,1,4770.152743748283,1.0,0.999
2026-03-22T21:10:07.745-868789-442998,878,false,2.975812296361968,1,4770.152743748283,1.0,1.0
2026-03-22T21:10:07.745-868789-442998,411,false,13.40600195084155,1,4770.152743748283,1.0,1.0
2026-03-22T21:10:07.745-868789-442998,351,false,0.8336272514968197,1,4770.152743748283,1.0,1.0
2026-03-22T21:10:07.745-868789-442998,116,false,0.16837791059293697,1,4770.152743748283,1.0,1.0
2026-03-22T21:10:07.745-868789-442998,122,false,1.7774181266473252,1,4770.152743748283,1.0,1.0
2026-03-22T21:10:07.745-868789-442998,158,true,4.382509317071563,1,4765.770234431211,1.0,0.999
2026-03-22T21:10:07.745-868789-442998,155,true,1.4975272192511215,1,4764.27270721196,1.0,0.784
2026-03-22T21:10:07.745-868789-442998,806,false,157.97566967601182,1,4764.27270721196,1.0,1.0
2026-03-22T21:10:07.745-868789-442998,686,false,2.46351101329789,1,4764.27270721196,1.0,1.0
2026-03-22T21:10:07.745-868789-442998,754,false,0.7034882540288661,1,4764.27270721196,1.0,1.0
2026-03-22T21:10:07.745-868789-442998,275,false,2.227665981972988,1,4764.27270721196,1.0,1.0
2026-03-22T21:10:07.745-868789-442998,999,false,0.16094259979751832,1,4764.27270721196,1.0,1.0
2026-03-22T21:10:07.745-868789-442998,745,false,4.168877597130147,1,4764.27270721196,1.0,1.0
2026-03-22T21:10:07.745-868789-442998,58,false,0.08356033775230243,1,4764.27270721196,1.0,1.0
2026-03-22T21:10:07.745-868789-442998,608,true,0.7900750943982651,1,4763.4826321175615,1.0,0.999
2026-03-22T21:10:07.745-868789-442998,586,false,0.7332354460907801,1,4763.4826321175615,1.0,1.0
2026-03-22T21:10:07.745-868789-442998,554,false,0.07443393669209465,1,4763.4826321175615,1.0,1.0
2026-03-22T21:10:07.745-868789-442998,105,false,0.35378622359313394,1,4763.4826321175615,1.0,1.0
2026-03-22T21:10:07.745-868789-442998,149,false,0.5046700094851762,1,4763.4826321175615,1.0,1.0
2026-03-22T21:10:07.745-868789-442998,254,false,2.3459171154682097,1,4763.4826321175615,1.0,1.0
2026-03-22T21:10:07.745-868789-442998,522,true,709.8137309690538,1,4053.6689011485078,1.0,0.694
2026-03-22T21:10:07.745-868789-442998,669,false,14.762795204428176,1,4053.6689011485078,1.0,1.0
2026-03-22T21:10:07.745-868789-442998,819,true,1.424864248171977,1,4052.2440369003357,1.0,0.999
2026-03-22T21:10:07.745-868789-442998,558,false,2.6595110046049344,1,4052.2440369003357,1.0,1.0
2026-03-22T21:10:07.745-868789-442998,133,false,0.4998143465755017,1,4052.2440369003357,1.0,1.0
2026-03-22T21:10:07.745-868789-442998,416,false,0.13419767820211018,1,4052.2440369003357,1.0,1.0
2026-03-22T21:10:07.745-868789-442998,138,false,0.03911602909893895,1,4052.2440369003357,1.0,1.0
2026-03-22T21:10:07.745-868789-442998,514,false,0.03370656434357674,1,4052.2440369003357,1.0,1.0
2026-03-22T21:10:07.745-868789-442998,430,true,1.417321148905679,1,4050.82671575143,1.0,0.999
2026-03-22T21:10:07.745-868789-442998,468,false,2.193407955097247,1,4050.82671575143,1.0,1.0
2026-03-22T21:10:07.745-868789-442998,304,false,0.024104968560416218,1,4050.82671575143,1.0,1.0
2026-03-22T21:10:07.745-868789-442998,923,false,0.08020150849682417,1,4050.82671575143,1.0,1.0
2026-03-22T21:10:07.745-868789-442998,921,false,0.5798819075499426,1,4050.82671575143,1.0,1.0
2026-03-22T21:10:07.745-868789-442998,215,false,37.27008876128682,1,4050.82671575143,1.0,1.0
2026-03-22T21:10:07.745-868789-442998,834,false,830.5055302970818,1,4050.82671575143,1.0,1.0
2026-03-22T21:10:07.745-868789-442998,524,true,13.628947272710967,1,4037.1977684787194,1.0,0.027000000000000024
2026-03-22T21:10:07.745-868789-442998,925,false,17.409959241076937,1,4037.1977684787194,1.0,1.0
2026-03-22T21:10:07.745-868789-442998,111,false,88.29322988230696,1,4037.1977684787194,1.0,1.0
2026-03-22T21:10:07.745-868789-442998,809,false,1.550175294221061,1,4037.1977684787194,1.0,1.0
2026-03-22T21:10:07.745-868789-442998,956,false,3.8911246053531636,1,4037.1977684787194,1.0,1.0
2026-03-22T21:10:07.745-868789-442998,153,false,0.06647014079658858,1,4037.1977684787194,1.0,1.0
2026-03-22T21:10:07.745-868789-442998,587,false,48.65946414008208,1,4037.1977684787194,1.0,1.0
2026-03-22T21:10:07.745-868789-442998,511,false,0.31381232305028006,1,4037.1977684787194,1.0,1.0
2026-03-22T21:10:07.745-868789-442998,991,false,0.9410696078145893,1,4037.1977684787194,1.0,1.0
2026-03-22T21:10:07.745-868789-442998,579,false,23.27929500068334,1,4037.1977684787194,1.0,1.0
2026-03-22T21:10:07.745-868789-442998,948,false,1.2201794839489843,1,4037.1977684787194,1.0,1.0
2026-03-22T21:10:07.745-868789-442998,596,false,20.977238394094517,1,4037.1977684787194,1.0,1.0
2026-03-22T21:10:07.745-868789-442998,850,false,96.14971999897708,1,4037.1977684787194,1.0,1.0
2026-03-22T21:10:07.745-868789-442998,678,false,32.455558411727836,1,4037.1977684787194,1.0,1.0
2026-03-22T21:10:07.745-868789-442998,976,false,56.1651168419216,1,4037.1977684787194,1.0,1.0
2026-03-22T21:10:07.745-868789-442998,403,false,1.3634628924637473,1,4037.1977684787194,1.0,1.0
2026-03-22T21:10:07.745-868789-442998,364,false,2.4540445078096385,1,4037.1977684787194,1.0,1.0
2026-03-22T21:10:07.745-868789-442998,244,false,0.0404801189664052,1,4037.1977684787194,1.0,1.0
2026-03-22T21:10:07.745-868789-442998,324,false,0.8654720148532317,1,4037.1977684787194,1.0,1.0
2026-03-22T21:10:07.745-868789-442998,588,false,1.7208116227127432,1,4037.1977684787194,1.0,1.0
2026-03-22T21:10:07.745-868789-442998,758,false,0.043288703535675606,1,4037.1977684787194,1.0,1.0
2026-03-22T21:10:07.745-868789-442998,70,false,14.185799934041267,1,4037.1977684787194,1.0,1.0
2026-03-22T21:10:07.745-868789-442998,700,false,0.021502843303113205,1,4037.1977684787194,1.0,1.0
2026-03-22T21:10:07.745-868789-442998,447,false,0.26826854260614075,1,4037.1977684787194,1.0,1.0
2026-03-22T21:10:07.745-868789-442998,471,false,0.5526788410430942,1,4037.1977684787194,1.0,1.0
2026-03-22T21:10:07.745-868789-442998,189,false,1.4983139374038887,1,4037.1977684787194,1.0,1.0
2026-03-22T21:10:07.745-868789-442998,507,false,1.0081516075729544,1,4037.1977684787194,1.0,1.0
2026-03-22T21:10:07.745-868789-442998,374,false,1.422134297955273,1,4037.1977684787194,1.0,1.0
2026-03-22T21:10:07.745-868789-442998,406,true,6.602358855561538,1,4030.5954096231576,1.0,0.908
2026-03-22T21:10:07.745-868789-442998,892,false,0.1757947226270795,1,4030.5954096231576,1.0,1.0
2026-03-22T21:10:07.745-868789-442998,574,false,7.269385082811567,1,4030.5954096231576,1.0,1.0
2026-03-22T21:10:07.745-868789-442998,561,false,0.08365119099039933,1,4030.5954096231576,1.0,1.0
2026-03-22T21:10:07.745-868789-442998,165,false,43.23650981731821,1,4030.5954096231576,1.0,1.0
2026-03-22T21:10:07.745-868789-442998,466,false,1.4430291699567146,1,4030.5954096231576,1.0,1.0
2026-03-22T21:10:07.745-868789-442998,436,false,3.137984201344468,1,4030.5954096231576,1.0,1.0
2026-03-22T21:10:07.745-868789-442998,646,false,5.926230298145478,1,4030.5954096231576,1.0,1.0
2026-03-22T21:10:07.745-868789-442998,766,true,0.502216628230875,1,4030.0931929949265,1.0,0.999
2026-03-22T21:10:07.745-868789-442998,628,false,2.2501866201273018,1,4030.0931929949265,1.0,1.0
2026-03-22T21:10:07.745-868789-442998,134,false,5.851042103548812,1,4030.0931929949265,1.0,1.0
2026-03-22T21:10:07.745-868789-442998,340,false,12.076268695503838,1,4030.0931929949265,1.0,1.0
2026-03-22T21:10:07.745-868789-442998,49,true,1.3170282282264796,1,4028.7761647667003,1.0,0.6639999999999999
2026-03-22T21:10:07.745-868789-442998,384,false,0.7523641199197776,1,4028.7761647667003,1.0,1.0
2026-03-22T21:10:07.745-868789-442998,601,false,4.776470305044594,1,4028.7761647667003,1.0,1.0
2026-03-22T21:10:07.745-868789-442998,251,false,9.525447002292234,1,4028.7761647667003,1.0,1.0
2026-03-22T21:10:07.745-868789-442998,62,false,3.94428399756354,1,4028.7761647667003,1.0,1.0
2026-03-22T21:10:07.745-868789-442998,663,false,1.9196341575889744,1,4028.7761647667003,1.0,1.0
2026-03-22T21:10:07.745-868789-442998,729,false,27.651493511150708,1,4028.7761647667003,1.0,1.0
2026-03-22T21:10:07.745-868789-442998,130,false,13.905761447941769,1,4028.7761647667003,1.0,1.0
2026-03-22T21:10:07.745-868789-442998,927,false,5.701874608953837,1,4028.7761647667003,1.0,1.0
2026-03-22T21:10:07.745-868789-442998,440,false,0.4183258811865488,1,4028.7761647667003,1.0,1.0
2026-03-22T21:10:07.745-868789-442998,995,false,4.670046626866866,1,4028.7761647667003,1.0,1.0
2026-03-22T21:10:07.745-868789-442998,770,false,2.141214273453088,1,4028.7761647667003,1.0,1.0
2026-03-22T21:10:07.745-868789-442998,812,true,40.261318908504,1,3988.514845858196,1.0,0.999
2026-03-22T21:10:07.745-868789-442998,810,true,1.6520593165332196,1,3986.862786541663,1.0,0.867
2026-03-22T21:10:07.745-868789-442998,437,false,0.9993881217321544,1,3986.862786541663,1.0,1.0
2026-03-22T21:10:07.745-868789-442998,964,false,0.6112547908775445,1,3986.862786541663,1.0,1.0
2026-03-22T21:10:07.745-868789-442998,335,false,4.333673892952778,1,3986.862786541663,1.0,1.0
2026-03-22T21:10:07.745-868789-442998,572,false,0.49717787711672845,1,3986.862786541663,1.0,1.0
2026-03-22T21:10:07.745-868789-442998,526,true,0.22441136259190056,1,3986.638375179071,1.0,0.019000000000000017
2026-03-22T21:10:07.745-868789-442998,698,false,90.04062997812798,1,3986.638375179071,1.0,1.0
2026-03-22T21:10:07.745-868789-442998,401,false,11.941832781350469,1,3986.638375179071,1.0,1.0
2026-03-22T21:10:07.745-868789-442998,349,false,25.276286816348886,1,3986.638375179071,1.0,1.0
2026-03-22T21:10:07.745-868789-442998,118,true,6.924772825206454,1,3979.713602353864,1.0,0.999
2026-03-22T21:10:07.745-868789-442998,917,false,12.255975252144788,1,3979.713602353864,1.0,1.0
2026-03-22T21:10:07.745-868789-442998,20,true,1617.09163195031,1,2362.621970403554,1.0,0.998
2026-03-22T21:10:07.745-868789-442998,771,false,3.255259791254969,1,2362.621970403554,1.0,1.0
2026-03-22T21:10:07.745-868789-442998,912,false,5.437261311005911,1,2362.621970403554,1.0,1.0
2026-03-22T21:10:07.745-868789-442998,38,false,33.6286399156862,1,2362.621970403554,1.0,1.0
2026-03-22T21:10:07.745-868789-442998,603,false,9.065125867590648,1,2362.621970403554,1.0,1.0
2026-03-22T21:10:07.745-868789-442998,961,false,3.487008202997226,1,2362.621970403554,1.0,1.0
2026-03-22T21:10:07.745-868789-442998,930,true,10.907542058212483,1,2351.7144283453413,1.0,0.796
2026-03-22T21:10:07.745-868789-442998,160,true,14.981545316628175,1,2336.732883028713,1.0,0.673
2026-03-22T21:10:07.745-868789-442998,267,true,39.06779626159838,1,2297.6650867671146,1.0,0.79
2026-03-22T21:10:07.745-868789-442998,365,false,60.44123019709658,1,2297.6650867671146,1.0,1.0
2026-03-22T21:10:07.745-868789-442998,712,true,16.18248986390606,1,2281.4825969032086,1.0,0.675
2026-03-22T21:10:07.745-868789-442998,306,false,112.78973912313265,1,2281.4825969032086,1.0,1.0
2026-03-22T21:10:07.745-868789-442998,429,true,0.7773990056405364,1,2280.705197897568,1.0,0.65
2026-03-22T21:10:07.745-868789-442998,690,false,3.057672206977176,1,2280.705197897568,1.0,1.0
2026-03-22T21:10:07.745-868789-442998,206,false,134.30735062475677,1,2280.705197897568,1.0,1.0
2026-03-22T21:10:07.745-868789-442998,110,false,1.9682426310574697,1,2280.705197897568,1.0,1.0
2026-03-22T21:10:07.745-868789-442998,835,false,0.06776713274225031,1,2280.705197897568,1.0,1.0
2026-03-22T21:10:07.745-868789-442998,200,false,0.5628552260569121,1,2280.705197897568,1.0,1.0
2026-03-22T21:10:07.745-868789-442998,71,false,0.2830350687851289,1,2280.705197897568,1.0,1.0
2026-03-22T21:10:07.745-868789-442998,452,false,1.8296280065545805,1,2280.705197897568,1.0,1.0
2026-03-22T21:10:07.745-868789-442998,778,false,98.34794994264863,1,2280.705197897568,1.0,1.0
2026-03-22T21:10:07.745-868789-442998,489,false,5.570946733929944,1,2280.705197897568,1.0,1.0
2026-03-22T21:10:07.745-868789-442998,531,false,115.12433045127094,1,2280.705197897568,1.0,1.0
2026-03-22T21:10:07.745-868789-442998,103,true,9.978962348869215,1,2270.7262355486987,1.0,0.795
2026-03-22T21:10:07.745-868789-442998,547,false,1.3984103105627692,1,2270.7262355486987,1.0,1.0
2026-03-22T21:10:07.745-868789-442998,525,true,6.524989497189437,1,2264.2012460515093,1.0,0.0
2026-03-22T21:10:07.745-868789-442998,621,false,125.88345280767446,1,2264.2012460515093,1.0,1.0
2026-03-22T21:10:07.745-868789-442998,968,false,1.9818828503161432,1,2264.2012460515093,1.0,1.0
2026-03-22T21:10:07.745-868789-442998,145,false,0.32194052856363486,1,2264.2012460515093,1.0,1.0
2026-03-22T21:10:07.745-868789-442998,593,false,9.053200100489079,1,2264.2012460515093,1.0,1.0
2026-03-22T21:10:07.745-868789-442998,289,false,4.1754985262367565,1,2264.2012460515093,1.0,1.0
2026-03-22T21:10:07.745-868789-442998,977,false,2.6103575976405957,1,2264.2012460515093,1.0,1.0
2026-03-22T21:10:07.745-868789-442998,858,false,1.1967579555666252,1,2264.2012460515093,1.0,1.0
2026-03-22T21:10:07.745-868789-442998,487,false,1.087173980890657,1,2264.2012460515093,1.0,1.0
2026-03-22T21:10:07.745-868789-442998,792,false,0.799789141947074,1,2264.2012460515093,1.0,1.0
2026-03-22T21:10:07.745-868789-442998,564,false,14.174142130024306,1,2264.2012460515093,1.0,1.0
2026-03-22T21:10:07.745-868789-442998,341,false,6.9920600179118075,1,2264.2012460515093,1.0,1.0
2026-03-22T21:10:07.745-868789-442998,376,false,28.47794872448214,1,2264.2012460515093,1.0,1.0
2026-03-22T21:10:07.745-868789-442998,842,false,95.42383598246384,1,2264.2012460515093,1.0,1.0
2026-03-22T21:10:07.745-868789-442998,463,false,50.60166085207443,1,2264.2012460515093,1.0,1.0
2026-03-22T21:10:07.745-868789-442998,796,false,0.08256454848079128,1,2264.2012460515093,1.0,1.0
2026-03-22T21:10:07.745-868789-442998,284,false,1045.0233993498725,1,2264.2012460515093,1.0,1.0
2026-03-22T21:10:07.745-868789-442998,903,false,70.64025548229527,1,2264.2012460515093,1.0,1.0
2026-03-22T21:10:07.745-868789-442998,799,false,0.2423387828325727,1,2264.2012460515093,1.0,1.0
2026-03-22T21:10:07.745-868789-442998,499,false,23.249379606066043,1,2264.2012460515093,1.0,1.0
2026-03-22T21:10:07.745-868789-442998,305,true,0.8690805713947295,1,2263.332165480115,1.0,0.999
2026-03-22T21:10:07.745-868789-442998,198,false,3.7990671352912986,1,2263.332165480115,1.0,1.0
2026-03-22T21:10:07.745-868789-442998,393,false,39.18768346636411,1,2263.332165480115,1.0,1.0
2026-03-22T21:10:07.745-868789-442998,566,false,11.125154847579271,1,2263.332165480115,1.0,1.0
2026-03-22T21:10:07.745-868789-442998,548,false,5.212410150645968,1,2263.332165480115,1.0,1.0
2026-03-22T21:10:07.745-868789-442998,201,false,0.8372574774759985,1,2263.332165480115,1.0,1.0
2026-03-22T21:10:07.745-868789-442998,495,false,13.138752880569461,1,2263.332165480115,1.0,1.0
2026-03-22T21:10:07.745-868789-442998,890,false,0.5157990984852848,1,2263.332165480115,1.0,1.0
2026-03-22T21:10:07.745-868789-442998,352,false,9.188301827463667,1,2263.332165480115,1.0,1.0
2026-03-22T21:10:07.745-868789-442998,627,false,0.7292674042785972,1,2263.332165480115,1.0,1.0
2026-03-22T21:10:07.745-868789-442998,176,false,3.19122118185985,1,2263.332165480115,1.0,1.0
2026-03-22T21:10:07.745-868789-442998,188,false,1.8771153097617161,1,2263.332165480115,1.0,1.0
2026-03-22T21:10:07.745-868789-442998,675,true,7.814795486007718,1,2255.517369994107,1.0,0.7
2026-03-22T21:10:07.745-868789-442998,431,true,0.9470190163448796,1,2254.5703509777622,1.0,0.020000000000000018
2026-03-22T21:10:07.745-868789-442998,75,false,0.6151271118107093,1,2254.5703509777622,1.0,1.0
2026-03-22T21:10:07.745-868789-442998,704,false,19.737585739819067,1,2254.5703509777622,1.0,1.0
2026-03-22T21:10:07.745-868789-442998,143,true,2.132852361018638,1,2252.4374986167436,1.0,0.999
2026-03-22T21:10:07.745-868789-442998,45,false,1.6414624324203633,1,2252.4374986167436,1.0,1.0
2026-03-22T21:10:07.745-868789-442998,661,false,0.032820526732024596,1,2252.4374986167436,1.0,1.0
2026-03-22T21:10:07.745-868789-442998,409,false,0.19609759132679985,1,2252.4374986167436,1.0,1.0
2026-03-22T21:10:07.745-868789-442998,464,false,7.714811889685277,1,2252.4374986167436,1.0,1.0
2026-03-22T21:10:07.745-868789-442998,207,false,5.037065526582622,1,2252.4374986167436,1.0,1.0
2026-03-22T21:10:07.745-868789-442998,246,false,461.79587214644306,1,2252.4374986167436,1.0,1.0
2026-03-22T21:10:07.745-868789-442998,638,false,5.946178009614786,1,2252.4374986167436,1.0,1.0
2026-03-22T21:10:07.745-868789-442998,115,true,6.370332264454288,1,2246.0671663522894,1.0,0.673
2026-03-22T21:10:07.745-868789-442998,308,true,7.046527170818378,1,2239.020639181471,1.0,0.8009999999999999
2026-03-22T21:10:07.745-868789-442998,255,false,0.8833137581932047,1,2239.020639181471,1.0,1.0
2026-03-22T21:10:07.745-868789-442998,849,false,4.885756689673963,1,2239.020639181471,1.0,1.0
2026-03-22T21:10:07.745-868789-442998,556,true,6.224110251755941,1,2232.796528929715,1.0,0.999
2026-03-22T21:10:07.745-868789-442998,953,false,6.996082293602559,1,2232.796528929715,1.0,1.0
2026-03-22T21:10:07.745-868789-442998,560,false,1.6113629127305729,1,2232.796528929715,1.0,1.0
2026-03-22T21:10:07.745-868789-442998,250,false,6.1969282427742485,1,2232.796528929715,1.0,1.0
2026-03-22T21:10:07.745-868789-442998,789,false,38.964823570390344,1,2232.796528929715,1.0,1.0
2026-03-22T21:10:07.745-868789-442998,67,false,0.8950085947818843,1,2232.796528929715,1.0,1.0
2026-03-22T21:10:07.745-868789-442998,978,false,4.716445881724481,1,2232.796528929715,1.0,1.0
2026-03-22T21:10:07.745-868789-442998,480,false,0.1925825647886487,1,2232.796528929715,1.0,1.0
2026-03-22T21:10:07.745-868789-442998,626,false,0.020360909148248577,1,2232.796528929715,1.0,1.0
2026-03-22T21:10:07.745-868789-442998,3,false,1.009989331406668,1,2232.796528929715,1.0,1.0
2026-03-22T21:10:07.745-868789-442998,285,false,12.11055677159477,1,2232.796528929715,1.0,1.0
2026-03-22T21:10:07.745-868789-442998,650,false,0.5998308466190205,1,2232.796528929715,1.0,1.0
2026-03-22T21:10:07.745-868789-442998,243,false,1.9796810607973194,1,2232.796528929715,1.0,1.0
2026-03-22T21:10:07.745-868789-442998,203,false,6.511523211040761,1,2232.796528929715,1.0,1.0
2026-03-22T21:10:07.745-868789-442998,648,false,13.652320927692813,1,2232.796528929715,1.0,1.0
2026-03-22T21:10:07.745-868789-442998,197,false,1.798312416303756,1,2232.796528929715,1.0,1.0
2026-03-22T21:10:07.745-868789-442998,633,false,8.85766866755634,1,2232.796528929715,1.0,1.0
2026-03-22T21:10:07.745-868789-442998,761,true,13.302404668964003,1,2219.494124260751,1.0,0.6799999999999999
2026-03-22T21:10:07.745-868789-442998,171,true,0.28967842559800133,1,2219.204445835153,1.0,0.999
2026-03-22T21:10:07.745-868789-442998,12,false,90.55408011796145,1,2219.204445835153,1.0,1.0
2026-03-22T21:10:07.745-868789-442998,72,false,0.04934694431792662,1,2219.204445835153,1.0,1.0
2026-03-22T21:10:07.745-868789-442998,310,true,1.465376047168736,1,2217.739069787984,1.0,0.8160000000000001
2026-03-22T21:10:07.745-868789-442998,475,false,0.725743531273559,1,2217.739069787984,1.0,1.0
2026-03-22T21:10:07.745-868789-442998,225,false,0.4907253070953587,1,2217.739069787984,1.0,1.0
2026-03-22T21:10:07.745-868789-442998,170,true,0.26424768623372125,1,2217.4748221017503,1.0,0.793
2026-03-22T21:10:07.745-868789-442998,442,false,11.659371634853636,1,2217.4748221017503,1.0,1.0
2026-03-22T21:10:07.745-868789-442998,655,false,2.23044225782295,1,2217.4748221017503,1.0,1.0
2026-03-22T21:10:07.745-868789-442998,532,true,372.67852634065855,1,1844.7962957610916,1.0,0.998
2026-03-22T21:10:07.745-868789-442998,867,false,1.7937407892909016,1,1844.7962957610916,1.0,1.0
2026-03-22T21:10:07.745-868789-442998,733,false,0.25410232138853434,1,1844.7962957610916,1.0,1.0
2026-03-22T21:10:07.745-868789-442998,883,true,16.472195964897047,1,1828.3240997961946,1.0,0.6759999999999999
2026-03-22T21:10:07.745-868789-442998,83,false,4.887309693622221,1,1828.3240997961946,1.0,1.0
2026-03-22T21:10:07.745-868789-442998,837,false,4.764725627664161,1,1828.3240997961946,1.0,1.0
2026-03-22T21:10:07.745-868789-442998,630,false,0.28184475248655083,1,1828.3240997961946,1.0,1.0
2026-03-22T21:10:07.745-868789-442998,673,true,8.408785671741649,1,1819.9153141244528,1.0,0.8180000000000001
2026-03-22T21:10:07.745-868789-442998,147,false,5.555085986207657,1,1819.9153141244528,1.0,1.0
2026-03-22T21:10:07.745-868789-442998,448,false,6.9637810241324605,1,1819.9153141244528,1.0,1.0
2026-03-22T21:10:07.745-868789-442998,187,true,8.369017187589174,1,1811.5462969368637,1.0,0.999
2026-03-22T21:10:07.745-868789-442998,288,false,9.333627620134672,1,1811.5462969368637,1.0,1.0
2026-03-22T21:10:07.745-868789-442998,585,false,23.264235887571388,1,1811.5462969368637,1.0,1.0
2026-03-22T21:10:07.745-868789-442998,830,false,90.77367264952017,1,1811.5462969368637,1.0,1.0
2026-03-22T21:10:07.745-868789-442998,293,false,0.5475295157627386,1,1811.5462969368637,1.0,1.0
2026-03-22T21:10:07.745-868789-442998,181,false,138.5556617645493,1,1811.5462969368637,1.0,1.0
2026-03-22T21:10:07.745-868789-442998,945,false,8.241401509554418,1,1811.5462969368637,1.0,1.0
2026-03-22T21:10:07.745-868789-442998,299,false,130.6595030222622,1,1811.5462969368637,1.0,1.0
2026-03-22T21:10:07.745-868789-442998,790,false,3.7517259714831512,1,1811.5462969368637,1.0,1.0
2026-03-22T21:10:07.745-868789-442998,870,false,0.892145445254647,1,1811.5462969368637,1.0,1.0
2026-03-22T21:10:07.745-868789-442998,504,true,17.684013427177394,1,1793.8622835096862,1.0,0.999
2026-03-22T21:10:07.745-868789-442998,969,false,0.9437365278452768,1,1793.8622835096862,1.0,1.0
2026-03-22T21:10:07.745-868789-442998,35,false,0.2283367210793087,1,1793.8622835096862,1.0,1.0
2026-03-22T21:10:07.745-868789-442998,127,false,27.651417700488672,1,1793.8622835096862,1.0,1.0
2026-03-22T21:10:07.745-868789-442998,214,false,2.3079279496749288,1,1793.8622835096862,1.0,1.0
2026-03-22T21:10:07.745-868789-442998,102,true,4.0155425835565906,1,1789.8467409261295,1.0,0.685
2026-03-22T21:10:07.745-868789-442998,473,false,8.654477398820983,1,1789.8467409261295,1.0,1.0
2026-03-22T21:10:07.745-868789-442998,676,true,19.238045014980493,1,1770.608695911149,1.0,0.08399999999999996
2026-03-22T21:10:07.745-868789-442998,811,true,1.211412303502481,1,1769.3972836076464,1.0,0.20699999999999996
2026-03-22T21:10:07.745-868789-442998,652,false,0.33179691320089855,1,1769.3972836076464,1.0,1.0
2026-03-22T21:10:07.745-868789-442998,316,false,2.156093125024255,1,1769.3972836076464,1.0,1.0
2026-03-22T21:10:07.745-868789-442998,273,false,1.0368747565848266,1,1769.3972836076464,1.0,1.0
2026-03-22T21:10:07.745-868789-442998,705,false,4.720494541431016,1,1769.3972836076464,1.0,1.0
2026-03-22T21:10:07.745-868789-442998,936,true,4.790630519476075,1,1764.6066530881703,1.0,0.6699999999999999
2026-03-22T21:10:07.745-868789-442998,444,false,1.2339458111964952,1,1764.6066530881703,1.0,1.0
2026-03-22T21:10:07.745-868789-442998,330,true,2.210068403835468,1,1762.3965846843348,1.0,0.999
2026-03-22T21:10:07.745-868789-442998,123,false,2.9424785992801663,1,1762.3965846843348,1.0,1.0
2026-03-22T21:10:07.745-868789-442998,192,false,3.9663882975259424,1,1762.3965846843348,1.0,1.0
2026-03-22T21:10:07.745-868789-442998,100,true,0.6808992247424854,1,1761.7156854595924,1.0,0.017000000000000015
2026-03-22T21:10:07.745-868789-442998,161,true,45.230623690528546,1,1716.4850617690638,1.0,0.019000000000000017
2026-03-22T21:10:07.745-868789-442998,114,true,11.888203411416367,1,1704.5968583576475,1.0,0.784
2026-03-22T21:10:07.745-868789-442998,381,false,2.0292603793873427,1,1704.5968583576475,1.0,1.0
2026-03-22T21:10:07.745-868789-442998,993,true,10.002962247956674,1,1694.5938961096908,1.0,0.999
2026-03-22T21:10:07.745-868789-442998,668,false,24.71923356597801,1,1694.5938961096908,1.0,1.0
2026-03-22T21:10:07.745-868789-442998,634,false,0.31687412559074757,1,1694.5938961096908,1.0,1.0
2026-03-22T21:10:07.745-868789-442998,242,false,5.417115376354271,1,1694.5938961096908,1.0,1.0
2026-03-22T21:10:07.745-868789-442998,282,false,0.4606360231890899,1,1694.5938961096908,1.0,1.0
2026-03-22T21:10:07.745-868789-442998,178,false,20.59096476502773,1,1694.5938961096908,1.0,1.0
2026-03-22T21:10:07.745-868789-442998,208,false,12.377699216285341,1,1694.5938961096908,1.0,1.0
2026-03-22T21:10:07.745-868789-442998,845,false,0.38502855878486486,1,1694.5938961096908,1.0,1.0
2026-03-22T21:10:07.745-868789-442998,79,false,0.9206427919423869,1,1694.5938961096908,1.0,1.0
2026-03-22T21:10:07.745-868789-442998,739,false,16.376792167824867,1,1694.5938961096908,1.0,1.0
2026-03-22T21:10:07.745-868789-442998,831,false,1.9787934142401127,1,1694.5938961096908,1.0,1.0
2026-03-22T21:10:07.745-868789-442998,685,false,97.46607892607716,1,1694.5938961096908,1.0,1.0
2026-03-22T21:10:07.745-868789-442998,433,true,124.09265918753213,1,1570.5012369221588,1.0,0.010000000000000009
2026-03-22T21:10:07.745-868789-442998,635,true,0.6705469423005592,1,1569.8306899798583,1.0,0.999
2026-03-22T21:10:07.745-868789-442998,404,false,0.1219387841954848,1,1569.8306899798583,1.0,1.0
2026-03-22T21:10:07.745-868789-442998,175,true,0.304920786283086,1,1569.5257691935753,1.0,0.999
2026-03-22T21:10:07.745-868789-442998,801,false,0.09179901344436223,1,1569.5257691935753,1.0,1.0
2026-03-22T21:10:07.745-868789-442998,988,false,98.98321528848797,1,1569.5257691935753,1.0,1.0
2026-03-22T21:10:07.745-868789-442998,319,false,0.759647216945494,1,1569.5257691935753,1.0,1.0
2026-03-22T21:10:07.745-868789-442998,516,false,3.805447654264024,1,1569.5257691935753,1.0,1.0
2026-03-22T21:10:07.745-868789-442998,488,false,15.87888480706866,1,1569.5257691935753,1.0,1.0
2026-03-22T21:10:07.745-868789-442998,997,false,2.570825798066058,1,1569.5257691935753,1.0,1.0
2026-03-22T21:10:07.745-868789-442998,6,false,0.3653003540717048,1,1569.5257691935753,1.0,1.0
2026-03-22T21:10:07.745-868789-442998,785,false,0.246424937370395,1,1569.5257691935753,1.0,1.0
2026-03-22T21:10:07.745-868789-442998,500,false,0.7792415732080774,1,1569.5257691935753,1.0,1.0
2026-03-22T21:10:07.745-868789-442998,833,false,55.11200956867909,1,1569.5257691935753,1.0,1.0
2026-03-22T21:10:07.745-868789-442998,65,false,210.09001420735942,1,1569.5257691935753,1.0,1.0
2026-03-22T21:10:07.745-868789-442998,592,true,61.38875618014552,1,1508.1370130134299,1.0,0.999
2026-03-22T21:10:07.745-868789-442998,943,false,1.1240795828167172,1,1508.1370130134299,1.0,1.0
2026-03-22T21:10:07.745-868789-442998,822,true,4.3702894648792405,1,1503.7667235485505,1.0,0.6699999999999999
2026-03-22T21:10:07.745-868789-442998,121,true,0.40604559508369287,1,1503.3606779534668,1.0,0.679
2026-03-22T21:10:07.745-868789-442998,152,true,0.44790039023006406,1,1502.912777563237,1.0,0.72
2026-03-22T21:10:07.745-868789-442998,821,true,94.72593315992766,1,1408.1868444033091,1.0,0.06799999999999995
2026-03-22T21:10:07.745-868789-442998,391,false,98.4299356286825,1,1408.1868444033091,1.0,1.0
2026-03-22T21:10:07.745-868789-442998,119,true,0.2819599513820745,1,1407.904884451927,1.0,0.014000000000000012
2026-03-22T21:10:07.745-868789-442998,684,true,7.765346219290581,1,1400.1395382326364,1.0,0.999
2026-03-22T21:10:07.745-868789-442998,875,true,4.41445248107534,1,1395.725085751561,1.0,0.999
2026-03-22T21:10:07.745-868789-442998,166,false,0.07748605610725097,1,1395.725085751561,1.0,1.0
2026-03-22T21:10:07.745-868789-442998,25,false,9.797037843568681,1,1395.725085751561,1.0,1.0
2026-03-22T21:10:07.745-868789-442998,262,false,1.0902141851351663,1,1395.725085751561,1.0,1.0
2026-03-22T21:10:07.745-868789-442998,95,true,21.875802558329035,1,1373.849283193232,1.0,0.6759999999999999
2026-03-22T21:10:07.745-868789-442998,259,false,2.5354560911122843,1,1373.849283193232,1.0,1.0
2026-03-22T21:10:07.745-868789-442998,868,false,13.016924484125445,1,1373.849283193232,1.0,1.0
2026-03-22T21:10:07.745-868789-442998,734,true,6.340221355382499,1,1367.5090618378495,1.0,0.872
2026-03-22T21:10:07.745-868789-442998,146,true,4.987575745717022,1,1362.5214860921324,1.0,0.8009999999999999
2026-03-22T21:10:07.745-868789-442998,274,false,0.38035070927100384,1,1362.5214860921324,1.0,1.0
2026-03-22T21:10:07.745-868789-442998,571,false,17.868303514076892,1,1362.5214860921324,1.0,1.0
2026-03-22T21:10:07.745-868789-442998,932,true,13.421784706488257,1,1349.099701385644,1.0,0.010000000000000009
2026-03-22T21:10:07.745-868789-442998,929,true,3.7564924673239113,1,1345.3432089183202,1.0,0.018000000000000016
2026-03-22T21:10:07.745-868789-442998,720,false,0.051774319564347054,1,1345.3432089183202,1.0,1.0
2026-03-22T21:10:07.745-868789-442998,55,false,0.2530339371199543,1,1345.3432089183202,1.0,1.0
2026-03-22T21:10:07.745-868789-442998,355,false,6.357141697181165,1,1345.3432089183202,1.0,1.0
2026-03-22T21:10:07.745-868789-442998,109,true,0.8167836066636535,1,1344.5264253116566,1.0,0.787
2026-03-22T21:10:07.745-868789-442998,680,false,130.32525197896703,1,1344.5264253116566,1.0,1.0
2026-03-22T21:10:07.745-868789-442998,329,true,3.4662627905078103,1,1341.0601625211489,1.0,0.6759999999999999
2026-03-22T21:10:07.745-868789-442998,39,false,0.31984309016995105,1,1341.0601625211489,1.0,1.0
2026-03-22T21:10:07.745-868789-442998,924,true,1.549691332549151,1,1339.5104711885997,1.0,0.999
2026-03-22T21:10:07.745-868789-442998,390,false,14.039621179247003,1,1339.5104711885997,1.0,1.0
2026-03-22T21:10:07.745-868789-442998,51,true,4.912301282250512,1,1334.598169906349,1.0,0.019000000000000017
2026-03-22T21:10:07.745-868789-442998,204,false,0.5908474461462349,1,1334.598169906349,1.0,1.0
2026-03-22T21:10:07.745-868789-442998,16,false,5.875487419680374,1,1334.598169906349,1.0,1.0
2026-03-22T21:10:07.745-868789-442998,577,false,9.286577289591774,1,1334.598169906349,1.0,1.0
2026-03-22T21:10:07.745-868789-442998,709,true,0.5022463697664458,1,1334.0959235365826,1.0,0.675
2026-03-22T21:10:07.745-868789-442998,578,false,0.12774819008853333,1,1334.0959235365826,1.0,1.0
2026-03-22T21:10:07.745-868789-442998,794,false,26.46762241311816,1,1334.0959235365826,1.0,1.0
2026-03-22T21:10:07.745-868789-442998,519,true,2.136731757508734,1,1331.959191779074,1.0,0.546
2026-03-22T21:10:07.745-868789-442998,1,false,9.42225643182643,1,1331.959191779074,1.0,1.0
2026-03-22T21:10:07.745-868789-442998,714,true,1.4316784250778614,1,1330.527513353996,1.0,0.01200000000000001
2026-03-22T21:10:07.745-868789-442998,860,false,2.5619895635810885,1,1330.527513353996,1.0,1.0
2026-03-22T21:10:07.745-868789-442998,104,true,2.8571024977991364,1,1327.670410856197,1.0,0.239
2026-03-22T21:10:07.745-868789-442998,470,false,6.204053251438597,1,1327.670410856197,1.0,1.0
2026-03-22T21:10:07.745-868789-442998,63,false,0.18868902161688703,1,1327.670410856197,1.0,1.0
2026-03-22T21:10:07.745-868789-442998,479,false,0.7768191487422778,1,1327.670410856197,1.0,1.0
2026-03-22T21:10:07.745-868789-442998,366,false,1.3448266651386143,1,1327.670410856197,1.0,1.0
2026-03-22T21:10:07.745-868789-442998,26,false,2.810525387759476,1,1327.670410856197,1.0,1.0
2026-03-22T21:10:07.745-868789-442998,68,false,4.754958974329008,1,1327.670410856197,1.0,1.0
2026-03-22T21:10:07.745-868789-442998,723,false,0.7757705329946588,1,1327.670410856197,1.0,1.0
2026-03-22T21:10:07.745-868789-442998,813,true,2.359982985431173,1,1325.3104278707658,1.0,0.0
2026-03-22T21:10:07.745-868789-442998,683,false,0.04672682296204168,1,1325.3104278707658,1.0,1.0
2026-03-22T21:10:07.745-868789-442998,469,true,4.236773184132917,1,1321.0736546866328,1.0,0.999
2026-03-22T21:10:07.745-868789-442998,741,false,125.79436616870554,1,1321.0736546866328,1.0,1.0
2026-03-22T21:10:07.745-868789-442998,797,false,37.3141074834073,1,1321.0736546866328,1.0,1.0
2026-03-22T21:10:07.745-868789-442998,530,true,3.6663846713063215,1,1317.4072700153265,1.0,0.624
2026-03-22T21:10:07.745-868789-442998,743,false,29.704782119515414,1,1317.4072700153265,1.0,1.0
2026-03-22T21:10:07.745-868789-442998,802,false,1.897530529521636,1,1317.4072700153265,1.0,1.0
2026-03-22T21:10:07.745-868789-442998,315,false,0.5594068116089964,1,1317.4072700153265,1.0,1.0
2026-03-22T21:10:07.745-868789-442998,85,true,32.58839872059395,1,1284.8188712947326,1.0,0.999
2026-03-22T21:10:07.745-868789-442998,84,true,5.576522199744687,1,1279.242349094988,1.0,0.6739999999999999
2026-03-22T21:10:07.745-868789-442998,136,false,9.390524733279422,1,1279.242349094988,1.0,1.0
2026-03-22T21:10:07.745-868789-442998,755,false,1.0605285403742397,1,1279.242349094988,1.0,1.0
2026-03-22T21:10:07.745-868789-442998,303,true,21.380482882884728,1,1257.8618662121032,1.0,0.671
2026-03-22T21:10:07.745-868789-442998,902,false,12.609264553584307,1,1257.8618662121032,1.0,1.0
2026-03-22T21:10:07.745-868789-442998,583,false,1.024045548648826,1,1257.8618662121032,1.0,1.0
2026-03-22T21:10:07.745-868789-442998,232,false,1.5710627335238,1,1257.8618662121032,1.0,1.0
2026-03-22T21:10:07.745-868789-442998,769,true,64.43857135456909,1,1193.423294857534,1.0,0.665
2026-03-22T21:10:07.745-868789-442998,711,true,4.7933142250236145,1,1188.6299806325105,1.0,0.0
2026-03-22T21:10:07.745-868789-442998,402,false,1.3280724513931286,1,1188.6299806325105,1.0,1.0
2026-03-22T21:10:07.745-868789-442998,782,false,0.18236902176566372,1,1188.6299806325105,1.0,1.0
2026-03-22T21:10:07.745-868789-442998,239,false,1.6256956652432655,1,1188.6299806325105,1.0,1.0
2026-03-22T21:10:07.745-868789-442998,604,false,3.330710313016857,1,1188.6299806325105,1.0,1.0
2026-03-22T21:10:07.745-868789-442998,174,true,18.679982155390714,1,1169.9499984771198,1.0,0.0
2026-03-22T21:10:07.745-868789-442998,361,false,3.7093571433161507,1,1169.9499984771198,1.0,1.0
2026-03-22T21:10:07.745-868789-442998,325,false,0.31277364536009916,1,1169.9499984771198,1.0,1.0
2026-03-22T21:10:07.745-868789-442998,691,false,21.457146910645925,1,1169.9499984771198,1.0,1.0
2026-03-22T21:10:07.745-868789-442998,154,true,6.584906848457262,1,1163.3650916286626,1.0,0.08799999999999997
2026-03-22T21:10:07.745-868789-442998,551,false,2.0812461663898163,1,1163.3650916286626,1.0,1.0
2026-03-22T21:10:07.745-868789-442998,418,true,37.934257803195734,1,1125.4308338254668,1.0,0.6759999999999999
2026-03-22T21:10:07.745-868789-442998,41,false,11.07849097969262,1,1125.4308338254668,1.0,1.0
2026-03-22T21:10:07.745-868789-442998,905,false,28.68322295939213,1,1125.4308338254668,1.0,1.0
2026-03-22T21:10:07.745-868789-442998,57,false,10.219891940034236,1,1125.4308338254668,1.0,1.0
2026-03-22T21:10:07.745-868789-442998,420,false,0.1070657942674095,1,1125.4308338254668,1.0,1.0
2026-03-22T21:10:07.745-868789-442998,87,true,0.9557178924530058,1,1124.4751159330137,1.0,0.019000000000000017
2026-03-22T21:10:07.745-868789-442998,909,true,14.4807847948029,1,1109.9943311382108,1.0,0.862
2026-03-22T21:10:07.745-868789-442998,106,true,1.9749902806931725,1,1108.0193408575176,1.0,0.0
2026-03-22T21:10:07.745-868789-442998,484,false,3.1579274647909927,1,1108.0193408575176,1.0,1.0
2026-03-22T21:10:07.745-868789-442998,328,true,0.6253212638197001,1,1107.394019593698,1.0,0.006000000000000005
2026-03-22T21:10:07.745-868789-442998,185,true,338.7456023562004,1,768.6484172374976,1.0,0.631
2026-03-22T21:10:07.745-868789-442998,245,false,1.46890736357908,1,768.6484172374976,1.0,1.0
2026-03-22T21:10:07.745-868789-442998,807,true,2.678131459424864,1,765.9702857780727,1.0,0.874
2026-03-22T21:10:07.745-868789-442998,825,true,0.5994173208138014,1,765.3708684572589,1.0,0.6839999999999999
2026-03-22T21:10:07.745-868789-442998,886,false,0.1129754670662148,1,765.3708684572589,1.0,1.0
2026-03-22T21:10:07.745-868789-442998,30,false,6.691221366729912,1,765.3708684572589,1.0,1.0
2026-03-22T21:10:07.745-868789-442998,839,false,1.722991623755362,1,765.3708684572589,1.0,1.0
2026-03-22T21:10:07.745-868789-442998,344,true,11.347777447146724,1,754.0230910101121,1.0,0.999
2026-03-22T21:10:07.745-868789-442998,362,true,198.1787613547011,1,555.844329655411,1.0,0.999
2026-03-22T21:10:07.745-868789-442998,533,true,1.2537623083195129,1,554.5905673470915,1.0,0.05600000000000005
2026-03-22T21:10:07.745-868789-442998,708,true,67.490400178325,1,487.10016716876646,1.0,0.008000000000000007
2026-03-22T21:10:07.745-868789-442998,742,false,11.590976256999323,1,487.10016716876646,1.0,1.0
2026-03-22T21:10:07.745-868789-442998,218,true,3.0604112278989994,1,484.03975594086745,1.0,0.999
2026-03-22T21:10:07.745-868789-442998,682,true,3.9321228358265192,1,480.1076331050409,1.0,0.882
2026-03-22T21:10:07.745-868789-442998,823,true,1547.7275053115006,1,-1067.6198722064596,1.0,0.0
2026-03-22T21:10:07.745-753714-558347,688,true,1.6358406441536564,1,6432.1621913324925,1.0,0.989
2026-03-22T21:10:07.745-753714-558347,132,true,1.6954721516454132,1,6430.466719180847,1.0,0.993
2026-03-22T21:10:07.745-753714-558347,84,true,2.6224588033643252,1,6427.844260377482,1.0,0.992
2026-03-22T21:10:07.745-753714-558347,235,true,1.7524754083944614,1,6426.091784969088,1.0,0.986
2026-03-22T21:10:07.745-753714-558347,126,true,9.1486376838652,1,6416.943147285223,1.0,0.993
2026-03-22T21:10:07.745-753714-558347,377,false,0.07574997369944315,1,6416.943147285223,1.0,1.0
2026-03-22T21:10:07.745-753714-558347,343,true,50.29377906227137,1,6366.649368222952,1.0,0.993
2026-03-22T21:10:07.745-753714-558347,766,true,19.570459805351916,1,6347.0789084176,1.0,0.994
2026-03-22T21:10:07.745-753714-558347,394,true,0.40100988364459333,1,6346.677898533956,1.0,0.993
2026-03-22T21:10:07.745-753714-558347,137,false,0.08322165728418869,1,6346.677898533956,1.0,1.0
2026-03-22T21:10:07.745-753714-558347,205,true,2.4291352552036867,1,6344.248763278752,1.0,0.991
2026-03-22T21:10:07.745-753714-558347,592,true,7.178064732313185,1,6337.070698546439,1.0,0.991
2026-03-22T21:10:07.745-753714-558347,79,true,1.2858082350587734,1,6335.784890311381,1.0,0.986
2026-03-22T21:10:07.745-753714-558347,528,true,48.858027414499595,1,6286.926862896881,1.0,0.992
2026-03-22T21:10:07.745-753714-558347,105,true,171.658229886194,1,6115.268633010687,1.0,0.993
2026-03-22T21:10:07.745-753714-558347,102,true,4.897250537327993,1,6110.3713824733595,1.0,0.6859999999999999
2026-03-22T21:10:07.745-753714-558347,487,true,1.0416910725058925,1,6109.329691400853,1.0,0.7170000000000001
2026-03-22T21:10:07.745-753714-558347,475,true,3.3030727695746904,1,6106.026618631278,1.0,0.988
2026-03-22T21:10:07.745-753714-558347,472,true,0.8294259726798033,1,6105.197192658598,1.0,0.683
2026-03-22T21:10:07.745-753714-558347,135,true,0.4023905136056468,1,6104.794802144993,1.0,0.659
2026-03-22T21:10:07.745-753714-558347,738,true,21.54303893615501,1,6083.2517632088375,1.0,0.988
2026-03-22T21:10:07.745-753714-558347,571,true,2.3363892728884785,1,6080.915373935949,1.0,0.99
2026-03-22T21:10:07.745-753714-558347,180,true,55.964552742561224,1,6024.950821193388,1.0,0.985
2026-03-22T21:10:07.745-753714-558347,248,true,12.16440239131887,1,6012.786418802069,1.0,0.996
2026-03-22T21:10:07.745-753714-558347,242,true,0.42334871325661394,1,6012.3630700888125,1.0,0.993
2026-03-22T21:10:07.745-753714-558347,879,true,1.6472265861463542,1,6010.715843502666,1.0,0.993
2026-03-22T21:10:07.745-753714-558347,727,true,2.210347821359878,1,6008.505495681306,1.0,0.993
2026-03-22T21:10:07.745-753714-558347,177,true,47.63104657456244,1,5960.874449106743,1.0,0.675
2026-03-22T21:10:07.745-753714-558347,522,true,4.519788153310379,1,5956.354660953432,1.0,0.991
2026-03-22T21:10:07.745-753714-558347,665,true,0.6231286421293464,1,5955.731532311303,1.0,0.989
2026-03-22T21:10:07.745-753714-558347,517,true,0.3624058300306716,1,5955.369126481272,1.0,0.995
2026-03-22T21:10:07.745-753714-558347,504,true,13.069761156776126,1,5942.299365324497,1.0,0.99
2026-03-22T21:10:07.745-753714-558347,83,false,0.042521366496917665,1,5942.299365324497,1.0,1.0
2026-03-22T21:10:07.745-753714-558347,687,true,1.8244949817260503,1,5940.47487034277,1.0,0.716
2026-03-22T21:10:07.745-753714-558347,650,true,236.25202881515295,1,5704.222841527618,1.0,0.989
2026-03-22T21:10:07.745-753714-558347,917,true,17.351075928148855,1,5686.871765599469,1.0,0.993
2026-03-22T21:10:07.745-753714-558347,710,true,3.4943296035480262,1,5683.377435995921,1.0,0.987
2026-03-22T21:10:07.745-753714-558347,573,true,2.2482981607753443,1,5681.129137835145,1.0,0.663
2026-03-22T21:10:07.745-753714-558347,607,true,155.94543572697705,1,5525.183702108168,1.0,0.991
2026-03-22T21:10:07.745-753714-558347,400,true,4.421819622122872,1,5520.761882486046,1.0,0.99
2026-03-22T21:10:07.745-753714-558347,104,true,5.390919524572431,1,5515.370962961473,1.0,0.524
2026-03-22T21:10:07.745-753714-558347,584,true,10.989079281991645,1,5504.381883679482,1.0,0.991
2026-03-22T21:10:07.745-753714-558347,918,true,9.494946415004016,1,5494.886937264478,1.0,0.692
2026-03-22T21:10:07.745-753714-558347,175,true,1.2691444441101238,1,5493.617792820368,1.0,0.708
2026-03-22T21:10:07.745-753714-558347,859,false,0.0008096578972169472,1,5493.617792820368,1.0,1.0
2026-03-22T21:10:07.745-753714-558347,520,true,0.637052819007273,1,5492.980740001361,1.0,0.364
2026-03-22T21:10:07.745-753714-558347,598,true,5.9168891231796925,1,5487.063850878181,1.0,0.988
2026-03-22T21:10:07.745-753714-558347,662,true,2.5436252584159944,1,5484.520225619765,1.0,0.7030000000000001
2026-03-22T21:10:07.745-753714-558347,932,true,1.6052509895397673,1,5482.9149746302255,1.0,0.99
2026-03-22T21:10:07.745-753714-558347,112,true,71.51289473278881,1,5411.402079897437,1.0,0.991
2026-03-22T21:10:07.745-753714-558347,24,true,19.038364593995848,1,5392.3637153034415,1.0,0.996
2026-03-22T21:10:07.745-753714-558347,605,true,1.5120379155883077,1,5390.851677387853,1.0,0.6779999999999999
2026-03-22T21:10:07.745-753714-558347,714,true,0.25481238506261494,1,5390.59686500279,1.0,0.987
2026-03-22T21:10:07.745-753714-558347,284,true,2.1447017098694867,1,5388.45216329292,1.0,0.683
2026-03-22T21:10:07.745-753714-558347,58,true,45.5155865529547,1,5342.936576739965,1.0,0.991
2026-03-22T21:10:07.745-753714-558347,465,true,0.6206482323308838,1,5342.315928507634,1.0,0.99
2026-03-22T21:10:07.745-753714-558347,968,true,49.47786950679342,1,5292.838059000841,1.0,0.993
2026-03-22T21:10:07.745-753714-558347,754,true,3.9784492988119258,1,5288.859609702029,1.0,0.989
2026-03-22T21:10:07.745-753714-558347,768,true,5.345328167839979,1,5283.514281534189,1.0,0.671
2026-03-22T21:10:07.745-753714-558347,882,true,9.151711174083433,1,5274.362570360106,1.0,0.692
2026-03-22T21:10:07.745-753714-558347,864,false,0.16717707429305417,1,5274.362570360106,1.0,1.0
2026-03-22T21:10:07.745-753714-558347,50,true,13.731137088322846,1,5260.631433271783,1.0,0.986
2026-03-22T21:10:07.745-753714-558347,240,true,137.35566547611577,1,5123.275767795667,1.0,0.667
2026-03-22T21:10:07.745-753714-558347,98,true,0.29703732005009975,1,5122.978730475616,1.0,0.989
2026-03-22T21:10:07.745-753714-558347,988,true,0.8041538224973228,1,5122.174576653119,1.0,0.99
2026-03-22T21:10:07.745-753714-558347,197,true,0.4146615025899719,1,5121.759915150529,1.0,0.99
2026-03-22T21:10:07.745-753714-558347,44,true,10.894242855762732,1,5110.865672294766,1.0,0.997
2026-03-22T21:10:07.745-753714-558347,760,false,0.0702325085327638,1,5110.865672294766,1.0,1.0
2026-03-22T21:10:07.745-753714-558347,18,true,5.335215681150476,1,5105.530456613616,1.0,0.993
2026-03-22T21:10:07.745-753714-558347,942,true,0.2251189665730485,1,5105.3053376470425,1.0,0.991
2026-03-22T21:10:07.745-753714-558347,748,true,9.099653449856298,1,5096.205684197186,1.0,0.988
2026-03-22T21:10:07.745-753714-558347,322,true,1.9726554561038796,1,5094.233028741082,1.0,0.991
2026-03-22T21:10:07.745-753714-558347,253,true,17.632772358505505,1,5076.600256382577,1.0,0.987
2026-03-22T21:10:07.745-753714-558347,667,true,1.2042569692194318,1,5075.3959994133575,1.0,0.6799999999999999
2026-03-22T21:10:07.745-753714-558347,321,true,1.0586073325360859,1,5074.337392080822,1.0,0.6699999999999999
2026-03-22T21:10:07.745-753714-558347,407,true,0.2944387791798305,1,5074.042953301642,1.0,0.988
2026-03-22T21:10:07.745-753714-558347,953,true,1.5840087756201298,1,5072.458944526022,1.0,0.986
2026-03-22T21:10:07.745-753714-558347,245,false,0.1080658077236519,1,5072.458944526022,1.0,1.0
2026-03-22T21:10:07.745-753714-558347,657,true,2.0424333671516623,1,5070.41651115887,1.0,0.992
2026-03-22T21:10:07.745-753714-558347,498,true,0.26072730025775104,1,5070.155783858612,1.0,0.99
2026-03-22T21:10:07.745-753714-558347,867,true,9.405948403986093,1,5060.749835454626,1.0,0.996
2026-03-22T21:10:07.745-753714-558347,843,false,0.026677991576898156,1,5060.749835454626,1.0,1.0
2026-03-22T21:10:07.745-753714-558347,964,true,26.952852031778406,1,5033.796983422848,1.0,0.985
2026-03-22T21:10:07.745-753714-558347,312,true,14.476761797995989,1,5019.320221624852,1.0,0.992
2026-03-22T21:10:07.745-753714-558347,261,true,5.519682631085082,1,5013.800538993767,1.0,0.99
2026-03-22T21:10:07.745-753714-558347,900,true,0.7638099673903348,1,5013.036729026377,1.0,0.989
2026-03-22T21:10:07.745-753714-558347,645,true,6.620879003283761,1,5006.415850023093,1.0,0.988
2026-03-22T21:10:07.745-753714-558347,610,true,2.8575496506488256,1,5003.558300372444,1.0,0.685
2026-03-22T21:10:07.745-753714-558347,335,true,10.326144788698569,1,4993.232155583745,1.0,0.991
2026-03-22T21:10:07.745-753714-558347,678,true,1.9045162620690512,1,4991.3276393216765,1.0,0.988
2026-03-22T21:10:07.745-753714-558347,530,true,0.9269327086318813,1,4990.400706613044,1.0,0.6639999999999999
2026-03-22T21:10:07.745-753714-558347,553,true,21.803572665058006,1,4968.597133947987,1.0,0.991
2026-03-22T21:10:07.745-753714-558347,926,true,7.282327376333628,1,4961.314806571653,1.0,0.989
2026-03-22T21:10:07.745-753714-558347,232,true,563.5749927632934,1,4397.73981380836,1.0,0.663
2026-03-22T21:10:07.745-753714-558347,694,true,111.27138616380958,1,4286.4684276445505,1.0,0.993
2026-03-22T21:10:07.745-753714-558347,549,true,13.58219161057126,1,4272.886236033979,1.0,0.984
2026-03-22T21:10:07.745-753714-558347,502,true,37.31994117724591,1,4235.566294856733,1.0,0.473
2026-03-22T21:10:07.745-753714-558347,187,true,0.32905047812372895,1,4235.23724437861,1.0,0.991
2026-03-22T21:10:07.745-753714-558347,121,true,20.0169976631533,1,4215.220246715457,1.0,0.991
2026-03-22T21:10:07.745-753714-558347,941,true,41.83065502255396,1,4173.389591692902,1.0,0.675
2026-03-22T21:10:07.745-753714-558347,435,true,3.695735231898174,1,4169.6938564610045,1.0,0.986
2026-03-22T21:10:07.745-753714-558347,906,true,2.1412608118848593,1,4167.55259564912,1.0,0.992
2026-03-22T21:10:07.745-753714-558347,960,false,0.0647996313379223,1,4167.55259564912,1.0,1.0
2026-03-22T21:10:07.745-753714-558347,911,true,5.496579041013438,1,4162.056016608107,1.0,0.745
2026-03-22T21:10:07.745-753714-558347,353,true,16.680534894799056,1,4145.375481713308,1.0,0.992
2026-03-22T21:10:07.745-753714-558347,831,false,0.1794829270793378,1,4145.375481713308,1.0,1.0
2026-03-22T21:10:07.745-753714-558347,997,true,8.854342731777045,1,4136.52113898153,1.0,0.982
2026-03-22T21:10:07.745-753714-558347,169,true,1.084387564933936,1,4135.436751416596,1.0,0.993
2026-03-22T21:10:07.745-753714-558347,805,true,2.090254619524028,1,4133.346496797072,1.0,0.991
2026-03-22T21:10:07.745-753714-558347,323,false,0.008287566496474386,1,4133.346496797072,1.0,1.0
2026-03-22T21:10:07.745-753714-558347,890,true,8.84888231489271,1,4124.497614482179,1.0,0.995
2026-03-22T21:10:07.745-753714-558347,220,true,5.347766722033942,1,4119.149847760145,1.0,0.995
2026-03-22T21:10:07.745-753714-558347,914,false,0.014142485609924402,1,4119.149847760145,1.0,1.0
2026-03-22T21:10:07.745-753714-558347,820,true,0.8560158823170472,1,4118.293831877828,1.0,0.996
2026-03-22T21:10:07.745-753714-558347,787,true,1.8093457719559298,1,4116.484486105872,1.0,0.989
2026-03-22T21:10:07.745-753714-558347,736,true,6.033915908903741,1,4110.450570196968,1.0,0.732
2026-03-22T21:10:07.745-753714-558347,765,true,22.968538214545514,1,4087.482031982423,1.0,0.386
2026-03-22T21:10:07.745-753714-558347,419,true,5.2926026622744935,1,4082.1894293201485,1.0,0.988
2026-03-22T21:10:07.745-753714-558347,891,true,0.8870056463858752,1,4081.302423673763,1.0,0.7110000000000001
2026-03-22T21:10:07.745-753714-558347,218,true,178.00816867737723,1,3903.2942549963855,1.0,0.6799999999999999
2026-03-22T21:10:07.745-753714-558347,544,true,0.9000786694687092,1,3902.3941763269167,1.0,0.983
2026-03-22T21:10:07.745-753714-558347,362,false,0.07272761310839901,1,3902.3941763269167,1.0,1.0
2026-03-22T21:10:07.745-753714-558347,141,true,1.6746995907234405,1,3900.7194767361934,1.0,0.985
2026-03-22T21:10:07.745-753714-558347,70,true,14.15657709442494,1,3886.5628996417686,1.0,0.99
2026-03-22T21:10:07.745-753714-558347,652,true,0.23980261315253942,1,3886.323097028616,1.0,0.729
2026-03-22T21:10:07.745-753714-558347,350,true,123.75411157420456,1,3762.568985454411,1.0,0.673
2026-03-22T21:10:07.745-753714-558347,753,true,3.2274567910677967,1,3759.3415286633435,1.0,0.7050000000000001
2026-03-22T21:10:07.745-753714-558347,548,true,3.4124490825110647,1,3755.9290795808324,1.0,0.679
2026-03-22T21:10:07.745-753714-558347,837,true,0.32636668017776216,1,3755.6027129006548,1.0,0.985
2026-03-22T21:10:07.745-753714-558347,620,true,10.535588989769705,1,3745.067123910885,1.0,0.993
2026-03-22T21:10:07.745-753714-558347,849,false,0.09864818706148668,1,3745.067123910885,1.0,1.0
2026-03-22T21:10:07.745-753714-558347,935,true,0.5621243027546153,1,3744.5049996081307,1.0,0.6779999999999999
2026-03-22T21:10:07.745-753714-558347,836,true,9.6512877113404,1,3734.85371189679,1.0,0.6859999999999999
2026-03-22T21:10:07.745-753714-558347,162,true,0.4009865619226307,1,3734.4527253348674,1.0,0.987
2026-03-22T21:10:07.745-753714-558347,415,true,4.2038410302322164,1,3730.2488843046353,1.0,0.989
2026-03-22T21:10:07.745-753714-558347,750,true,9.40621727074051,1,3720.842667033895,1.0,0.377
2026-03-22T21:10:07.745-753714-558347,460,true,3.300706120395546,1,3717.541960913499,1.0,0.993
2026-03-22T21:10:07.745-753714-558347,345,true,10.286917992583577,1,3707.2550429209155,1.0,0.716
2026-03-22T21:10:07.745-753714-558347,898,true,1.225264709468792,1,3706.0297782114467,1.0,0.6970000000000001
2026-03-22T21:10:07.745-753714-558347,302,true,11.619702814448358,1,3694.4100753969983,1.0,0.992
2026-03-22T21:10:07.745-753714-558347,168,true,0.46709578850624833,1,3693.942979608492,1.0,0.738
2026-03-22T21:10:07.745-753714-558347,815,true,20.601050196484024,1,3673.341929412008,1.0,0.994
2026-03-22T21:10:07.745-753714-558347,587,false,0.06142887116955927,1,3673.341929412008,1.0,1.0
2026-03-22T21:10:07.745-753714-558347,666,true,5.541466753635685,1,3667.8004626583725,1.0,0.476
2026-03-22T21:10:07.745-753714-558347,958,true,3.9441035041664203,1,3663.856359154206,1.0,0.988
2026-03-22T21:10:07.745-753714-558347,330,false,0.14020951081990024,1,3663.856359154206,1.0,1.0
2026-03-22T21:10:07.745-753714-558347,980,true,36.53897233245576,1,3627.3173868217505,1.0,0.994
2026-03-22T21:10:07.745-753714-558347,27,true,21.77354995218114,1,3605.5438368695695,1.0,0.6990000000000001
2026-03-22T21:10:07.745-753714-558347,52,true,0.5212438257016073,1,3605.022593043868,1.0,0.655
2026-03-22T21:10:07.745-753714-558347,184,true,0.2360634076697337,1,3604.786529636198,1.0,0.6699999999999999
2026-03-22T21:10:07.745-753714-558347,447,true,2.350279628017203,1,3602.4362500081807,1.0,0.987
2026-03-22T21:10:07.745-753714-558347,314,true,0.5077764356809099,1,3601.9284735724996,1.0,0.6639999999999999
2026-03-22T21:10:07.745-753714-558347,839,true,3.8453565488533763,1,3598.083117023646,1.0,0.404
2026-03-22T21:10:07.745-753714-558347,108,true,14.237976387376039,1,3583.84514063627,1.0,0.6759999999999999
2026-03-22T21:10:07.745-753714-558347,500,true,43.41215212117673,1,3540.4329885150933,1.0,0.34199999999999997
2026-03-22T21:10:07.745-753714-558347,630,true,0.5765624130706474,1,3539.8564261020224,1.0,0.985
2026-03-22T21:10:07.745-753714-558347,991,true,1.6111758910128202,1,3538.2452502110095,1.0,0.6970000000000001
2026-03-22T21:10:07.745-753714-558347,934,true,5.333033480040597,1,3532.912216730969,1.0,0.542
2026-03-22T21:10:07.745-753714-558347,209,true,5.964445624619496,1,3526.947771106349,1.0,0.989
2026-03-22T21:10:07.745-753714-558347,550,true,1.841480840294762,1,3525.106290266054,1.0,0.08299999999999996
2026-03-22T21:10:07.745-753714-558347,986,true,0.6414826904819932,1,3524.464807575572,1.0,0.488
2026-03-22T21:10:07.745-753714-558347,134,true,3.1444770383409746,1,3521.3203305372313,1.0,0.481
2026-03-22T21:10:07.745-753714-558347,623,true,241.5499768526707,1,3279.7703536845606,1.0,0.718
2026-03-22T21:10:07.745-753714-558347,388,true,13.706765491656075,1,3266.0635881929047,1.0,0.99
2026-03-22T21:10:07.745-753714-558347,277,true,8.15867293107695,1,3257.9049152618277,1.0,0.988
2026-03-22T21:10:07.745-753714-558347,825,true,21.758513237737734,1,3236.14640202409,1.0,0.991
2026-03-22T21:10:07.745-753714-558347,947,true,8.893031774245296,1,3227.253370249845,1.0,0.993
2026-03-22T21:10:07.745-753714-558347,494,false,0.07492676897416041,1,3227.253370249845,1.0,1.0
2026-03-22T21:10:07.745-753714-558347,720,true,7.290841676825481,1,3219.9625285730194,1.0,0.996
2026-03-22T21:10:07.745-753714-558347,406,false,0.09910259706403492,1,3219.9625285730194,1.0,1.0
2026-03-22T21:10:07.745-753714-558347,262,true,2.1697452942151165,1,3217.792783278804,1.0,0.6859999999999999
2026-03-22T21:10:07.745-753714-558347,291,true,5.9588389989995365,1,3211.8339442798047,1.0,0.994
2026-03-22T21:10:07.745-753714-558347,119,true,71.60276246231757,1,3140.231181817487,1.0,0.671
2026-03-22T21:10:07.745-753714-558347,252,true,1.4198739512131313,1,3138.811307866274,1.0,0.6970000000000001
2026-03-22T21:10:07.745-753714-558347,133,true,4.059254854092707,1,3134.7520530121815,1.0,0.0040000000000000036
2026-03-22T21:10:07.745-753714-558347,163,true,5.053431738879672,1,3129.698621273302,1.0,0.7130000000000001
2026-03-22T21:10:07.745-753714-558347,619,true,0.7792697524503194,1,3128.9193515208513,1.0,0.688
2026-03-22T21:10:07.745-753714-558347,256,true,5.9577548722356655,1,3122.961596648616,1.0,0.681
2026-03-22T21:10:07.745-753714-558347,730,true,28.099526214312046,1,3094.862070434304,1.0,0.6839999999999999
2026-03-22T21:10:07.745-753714-558347,880,true,0.2580603309702098,1,3094.6040101033336,1.0,0.36
2026-03-22T21:10:07.745-753714-558347,124,true,2.7989111537119404,1,3091.805098949622,1.0,0.542
2026-03-22T21:10:07.745-753714-558347,294,true,6.713194682320418,1,3085.0919042673013,1.0,0.687
2026-03-22T21:10:07.745-753714-558347,35,true,3.075073209051162,1,3082.0168310582503,1.0,0.994
2026-03-22T21:10:07.745-753714-558347,122,true,0.24384334673747585,1,3081.772987711513,1.0,0.07499999999999996
2026-03-22T21:10:07.745-753714-558347,737,true,0.5125169171671157,1,3081.260470794346,1.0,0.361
2026-03-22T21:10:07.745-753714-558347,959,true,0.42245398225917663,1,3080.838016812087,1.0,0.6759999999999999
2026-03-22T21:10:07.745-753714-558347,379,true,2.0133546759368413,1,3078.8246621361504,1.0,0.989
2026-03-22T21:10:07.745-753714-558347,661,true,30.1957490576378,1,3048.6289130785126,1.0,0.645
2026-03-22T21:10:07.745-753714-558347,387,true,1.5676724590699804,1,3047.0612406194427,1.0,0.721
2026-03-22T21:10:07.745-753714-558347,689,true,6.423358312860053,1,3040.6378823065825,1.0,0.010000000000000009
2026-03-22T21:10:07.745-753714-558347,318,true,2.6476619202264895,1,3037.9902203863558,1.0,0.6739999999999999
2026-03-22T21:10:07.745-753714-558347,386,true,1.210777706276333,1,3036.7794426800792,1.0,0.349
2026-03-22T21:10:07.745-753714-558347,267,true,2.733260400609337,1,3034.04618227947,1.0,0.992
2026-03-22T21:10:07.745-753714-558347,881,true,0.8702277156015008,1,3033.1759545638683,1.0,0.08099999999999996
2026-03-22T21:10:07.745-753714-558347,446,true,6.888973746038515,1,3026.2869808178298,1.0,0.679
2026-03-22T21:10:07.745-753714-558347,625,true,5.568510455401553,1,3020.7184703624284,1.0,0.6739999999999999
2026-03-22T21:10:07.745-753714-558347,827,false,0.011399879932324875,1,3020.7184703624284,1.0,1.0
2026-03-22T21:10:07.745-753714-558347,364,true,49.45831267577229,1,2971.260157686656,1.0,0.989
2026-03-22T21:10:07.745-753714-558347,501,true,0.313366726081791,1,2970.946790960574,1.0,0.0
2026-03-22T21:10:07.745-753714-558347,775,true,3.554584542823861,1,2967.3922064177505,1.0,0.989
2026-03-22T21:10:07.745-753714-558347,196,true,58.0747793643421,1,2909.317427053408,1.0,0.732
2026-03-22T21:10:07.745-753714-558347,526,true,1.658603685845503,1,2907.6588233675625,1.0,0.71
2026-03-22T21:10:07.745-753714-558347,303,true,1.4958018478479629,1,2906.1630215197147,1.0,0.659
2026-03-22T21:10:07.745-753714-558347,733,true,2.178992885439128,1,2903.9840286342755,1.0,0.359
2026-03-22T21:10:07.745-753714-558347,204,true,0.3244497169882262,1,2903.6595789172875,1.0,0.669
2026-03-22T21:10:07.745-753714-558347,17,false,0.1672796925896241,1,2903.6595789172875,1.0,1.0
2026-03-22T21:10:07.745-753714-558347,585,true,4.06325751153669,1,2899.5963214057506,1.0,0.7090000000000001
2026-03-22T21:10:07.745-753714-558347,984,true,1.7758363609232048,1,2897.8204850448274,1.0,0.6799999999999999
2026-03-22T21:10:07.745-753714-558347,691,true,5.716534130324126,1,2892.1039509145035,1.0,0.0040000000000000036
2026-03-22T21:10:07.745-753714-558347,428,true,0.265651444502568,1,2891.838299470001,1.0,0.986
2026-03-22T21:10:07.745-753714-558347,331,true,3.4381339062489116,1,2888.400165563752,1.0,0.758
2026-03-22T21:10:07.745-753714-558347,633,true,11.45054790925082,1,2876.9496176545013,1.0,0.7070000000000001
2026-03-22T21:10:07.745-753714-558347,632,true,7.885514949084444,1,2869.0641027054166,1.0,0.368
2026-03-22T21:10:07.745-753714-558347,664,true,12.985836618335153,1,2856.0782660870814,1.0,0.0
2026-03-22T21:10:07.745-753714-558347,397,true,0.9639435757008666,1,2855.1143225113806,1.0,0.379
2026-03-22T21:10:07.745-753714-558347,613,true,6.939053612762921,1,2848.1752688986176,1.0,0.6819999999999999
2026-03-22T21:10:07.745-753714-558347,324,true,78.14275678714735,1,2770.03251211147,1.0,0.364
2026-03-22T21:10:07.745-753714-558347,142,false,0.06815004986215899,1,2770.03251211147,1.0,1.0
2026-03-22T21:10:07.745-753714-558347,444,true,3.6723939370995207,1,2766.3601181743707,1.0,0.344
2026-03-22T21:10:07.745-753714-558347,297,true,2.7091949066786527,1,2763.650923267692,1.0,0.675
2026-03-22T21:10:07.745-753714-558347,993,false,0.034999367608023246,1,2763.650923267692,1.0,1.0
2026-03-22T21:10:07.745-753714-558347,749,true,2.1278773832784665,1,2761.523045884414,1.0,0.498
2026-03-22T21:10:07.745-753714-558347,614,true,9.1566041230152,1,2752.3664417613986,1.0,0.669
2026-03-22T21:10:07.745-753714-558347,741,true,0.7535964780293508,1,2751.612845283369,1.0,0.669
2026-03-22T21:10:07.745-753714-558347,461,true,1.4121874602479796,1,2750.200657823121,1.0,0.6990000000000001
2026-03-22T21:10:07.745-753714-558347,265,true,57.49837851518739,1,2692.7022793079336,1.0,0.362
2026-03-22T21:10:07.745-753714-558347,840,true,13.618001698027863,1,2679.0842776099057,1.0,0.472
2026-03-22T21:10:07.745-753714-558347,862,true,1.1114346151535621,1,2677.972842994752,1.0,0.993
2026-03-22T21:10:07.745-753714-558347,382,true,0.8915375205992451,1,2677.081305474153,1.0,0.6950000000000001
2026-03-22T21:10:07.745-753714-558347,42,true,4.443230980623217,1,2672.6380744935295,1.0,0.669
2026-03-22T21:10:07.745-753714-558347,944,true,8.313322850015837,1,2664.3247516435135,1.0,0.06999999999999995
2026-03-22T21:10:07.745-753714-558347,924,true,40.204966665267264,1,2624.119784978246,1.0,0.45699999999999996
2026-03-22T21:10:07.745-753714-558347,855,true,0.27714945154087434,1,2623.842635526705,1.0,0.994
2026-03-22T21:10:07.745-753714-558347,721,false,0.1691213887967324,1,2623.842635526705,1.0,1.0
2026-03-22T21:10:07.745-753714-558347,278,true,15.165239018160637,1,2608.6773965085445,1.0,0.402
2026-03-22T21:10:07.745-753714-558347,305,true,0.26784019445007895,1,2608.4095563140945,1.0,0.493
2026-03-22T21:10:07.745-753714-558347,628,true,0.6926063936028203,1,2607.7169499204915,1.0,0.378
2026-03-22T21:10:07.745-753714-558347,348,true,0.5606429370615983,1,2607.15630698343,1.0,0.478
2026-03-22T21:10:07.745-753714-558347,874,true,0.26540368641706846,1,2606.890903297013,1.0,0.985
2026-03-22T21:10:07.745-753714-558347,637,true,14.567501289076127,1,2592.323402007937,1.0,0.99
2026-03-22T21:10:07.745-753714-558347,771,true,6.152323053204113,1,2586.171078954733,1.0,0.6739999999999999
2026-03-22T21:10:07.745-753714-558347,228,true,1.7425137500848031,1,2584.428565204648,1.0,0.99
2026-03-22T21:10:07.745-753714-558347,26,true,0.8430250444197691,1,2583.585540160228,1.0,0.48
2026-03-22T21:10:07.745-753714-558347,887,true,1.5750236955550796,1,2582.010516464673,1.0,0.7130000000000001
2026-03-22T21:10:07.745-753714-558347,943,true,3.1231995228650415,1,2578.887316941808,1.0,0.0040000000000000036
2026-03-22T21:10:07.745-753714-558347,272,true,0.9710447588931617,1,2577.916272182915,1.0,0.992
2026-03-22T21:10:07.745-753714-558347,992,false,0.11074990800687055,1,2577.916272182915,1.0,1.0
2026-03-22T21:10:07.745-753714-558347,416,true,1.8017384155840095,1,2576.1145337673306,1.0,0.362
2026-03-22T21:10:07.745-753714-558347,230,true,0.2236994651768324,1,2575.890834302154,1.0,0.33399999999999996
2026-03-22T21:10:07.745-753714-558347,398,true,1.0156444462798553,1,2574.875189855874,1.0,0.364
2026-03-22T21:10:07.745-753714-558347,269,true,0.724515265104994,1,2574.150674590769,1.0,0.383
2026-03-22T21:10:07.745-753714-558347,933,false,0.02328798270862602,1,2574.150674590769,1.0,1.0
2026-03-22T21:10:07.745-753714-558347,145,true,20.293866786259315,1,2553.8568078045096,1.0,0.986
2026-03-22T21:10:07.745-753714-558347,452,true,5.956541875294691,1,2547.900265929215,1.0,0.99
2026-03-22T21:10:07.745-753714-558347,182,true,37.52741299924082,1,2510.372852929974,1.0,0.364
2026-03-22T21:10:07.745-753714-558347,436,true,1.34314601385364,1,2509.0297069161206,1.0,0.65
2026-03-22T21:10:07.745-753714-558347,222,true,14.654336400447573,1,2494.3753705156732,1.0,0.7070000000000001
2026-03-22T21:10:07.745-753714-558347,822,true,4.850798061956386,1,2489.5245724537167,1.0,0.355
2026-03-22T21:10:07.745-753714-558347,863,true,2.122740694543129,1,2487.4018317591735,1.0,0.681
2026-03-22T21:10:07.745-753714-558347,16,true,14.23319643134907,1,2473.1686353278246,1.0,0.675
2026-03-22T21:10:07.745-753714-558347,889,true,3.9288885145788988,1,2469.239746813246,1.0,0.25
2026-03-22T21:10:07.745-753714-558347,257,true,3.104847039768779,1,2466.134899773477,1.0,0.6779999999999999
2026-03-22T21:10:07.745-753714-558347,147,true,3.2658525593040935,1,2462.869047214173,1.0,0.373
2026-03-22T21:10:07.745-753714-558347,701,true,0.38113425718969984,1,2462.487912956983,1.0,0.985
2026-03-22T21:10:07.745-753714-558347,60,true,1.930627456578992,1,2460.5572855004043,1.0,0.5660000000000001
2026-03-22T21:10:07.745-753714-558347,263,true,0.5140773140953836,1,2460.043208186309,1.0,0.0050000000000000044
2026-03-22T21:10:07.745-753714-558347,188,true,4.394465381084443,1,2455.6487428052246,1.0,0.6759999999999999
2026-03-22T21:10:07.745-753714-558347,712,true,1.609705716203903,1,2454.039037089021,1.0,0.388
2026-03-22T21:10:07.745-753714-558347,817,true,35.0048660437129,1,2419.034171045308,1.0,0.354
2026-03-22T21:10:07.745-753714-558347,352,true,33.54357965314629,1,2385.4905913921616,1.0,0.04700000000000004
2026-03-22T21:10:07.745-753714-558347,679,true,4.924114916442841,1,2380.566476475719,1.0,0.6679999999999999
2026-03-22T21:10:07.745-753714-558347,711,true,1.274729246780007,1,2379.2917472289387,1.0,0.0010000000000000009
2026-03-22T21:10:07.745-753714-558347,101,true,5.596421357416608,1,2373.695325871522,1.0,0.0020000000000000018
2026-03-22T21:10:07.745-753714-558347,260,true,6.998039840142719,1,2366.6972860313795,1.0,0.0
2026-03-22T21:10:07.745-753714-558347,816,true,101.74715030295324,1,2264.950135728426,1.0,0.348
2026-03-22T21:10:07.745-753714-558347,515,true,0.5573530876756807,1,2264.3927826407503,1.0,0.6779999999999999
2026-03-22T21:10:07.745-753714-558347,482,true,38.66093038214349,1,2225.731852258607,1.0,0.692
2026-03-22T21:10:07.745-753714-558347,186,true,22.20554905650207,1,2203.526303202105,1.0,0.0020000000000000018
2026-03-22T21:10:07.745-753714-558347,23,true,222.92494195300446,1,1980.6013612491004,1.0,0.062000000000000055
2026-03-22T21:10:07.745-753714-558347,367,true,3.125143805612896,1,1977.4762174434875,1.0,0.681
2026-03-22T21:10:07.745-753714-558347,33,false,0.18038153501321091,1,1977.4762174434875,1.0,1.0
2026-03-22T21:10:07.745-753714-558347,886,true,5.169767726792144,1,1972.3064497166954,1.0,0.362
2026-03-22T21:10:07.745-753714-558347,63,false,0.029721688610542633,1,1972.3064497166954,1.0,1.0
2026-03-22T21:10:07.745-753714-558347,920,true,72.4233146018704,1,1899.883135114825,1.0,0.5529999999999999
2026-03-22T21:10:07.745-753714-558347,38,true,0.24163483412690537,1,1899.6415002806982,1.0,0.514
2026-03-22T21:10:07.745-753714-558347,130,true,2.5783387281868944,1,1897.0631615525112,1.0,0.386
2026-03-22T21:10:07.745-753714-558347,858,true,0.48331510588497806,1,1896.5798464466263,1.0,0.681
2026-03-22T21:10:07.745-753714-558347,684,false,0.029712843176912,1,1896.5798464466263,1.0,1.0
2026-03-22T21:10:07.745-753714-558347,582,true,38.81585223798436,1,1857.763994208642,1.0,0.493
2026-03-22T21:10:07.745-753714-558347,899,true,5.629328078710647,1,1852.1346661299315,1.0,0.373
2026-03-22T21:10:07.745-753714-558347,671,true,1.6761489958997826,1,1850.4585171340316,1.0,0.989
2026-03-22T21:10:07.745-753714-558347,247,true,3.146208308627732,1,1847.3123088254038,1.0,0.696
2026-03-22T21:10:07.745-753714-558347,554,true,0.3991503890047008,1,1846.913158436399,1.0,0.656
2026-03-22T21:10:07.745-753714-558347,396,true,12.579903951364503,1,1834.3332544850346,1.0,0.0040000000000000036
2026-03-22T21:10:07.745-753714-558347,356,true,0.9216191260002105,1,1833.4116353590343,1.0,0.6910000000000001
2026-03-22T21:10:07.745-753714-558347,617,true,0.8363331806942416,1,1832.57530217834,1.0,0.0030000000000000027
2026-03-22T21:10:07.745-753714-558347,354,true,4.240201448986142,1,1828.3351007293538,1.0,0.0030000000000000027
2026-03-22T21:10:07.745-753714-558347,626,true,0.3650938829295779,1,1827.9700068464242,1.0,0.0020000000000000018
2026-03-22T21:10:07.745-753714-558347,755,true,9.553954456752649,1,1818.4160523896717,1.0,0.39
2026-03-22T21:10:07.745-753714-558347,341,true,1026.1527265274428,1,792.2633258622288,1.0,0.727
2026-03-22T21:10:07.745-753714-558347,412,true,5.174022075006331,1,787.0893037872225,1.0,0.724
2026-03-22T21:10:07.745-753714-558347,113,false,0.12815191949225682,1,787.0893037872225,1.0,1.0
2026-03-22T21:10:07.745-753714-558347,833,true,7.251090307446204,1,779.8382134797763,1.0,0.683
2026-03-22T21:10:07.745-753714-558347,1000,false,0.04926059374242401,1,779.8382134797763,1.0,1.0
2026-03-22T21:10:07.745-753714-558347,919,true,0.32711817015364825,1,779.5110953096226,1.0,0.06699999999999995
2026-03-22T21:10:07.745-753714-558347,639,true,0.9936472583209569,1,778.5174480513017,1.0,0.6819999999999999
2026-03-22T21:10:07.745-753714-558347,979,true,3.994434031876783,1,774.5230140194249,1.0,0.6619999999999999
2026-03-22T21:10:07.745-753714-558347,985,true,2.4723182605328033,1,772.0506957588921,1.0,0.0030000000000000027
2026-03-22T21:10:07.745-753714-558347,91,true,7.347834062621997,1,764.70286169627,1.0,0.993
2026-03-22T21:10:07.745-753714-558347,724,true,2.182523871255406,1,762.5203378250146,1.0,0.6599999999999999
2026-03-22T21:10:07.745-753714-558347,927,true,15.886681733636921,1,746.6336560913777,1.0,0.349
2026-03-22T21:10:07.745-753714-558347,998,true,9.687958685530777,1,736.9456974058469,1.0,0.494
2026-03-22T21:10:07.745-753714-558347,970,true,4.659715721690922,1,732.285981684156,1.0,0.69
2026-03-22T21:10:07.745-753714-558347,20,true,33.24600816991643,1,699.0399735142396,1.0,0.488
2026-03-22T21:10:07.745-753714-558347,225,true,1.3945171456078178,1,697.6454563686318,1.0,0.07499999999999996
2026-03-22T21:10:07.745-753714-558347,120,false,0.17025519487709767,1,697.6454563686318,1.0,1.0
2026-03-22T21:10:07.745-753714-558347,462,true,1.5902354155935083,1,696.0552209530383,1.0,0.0040000000000000036
2026-03-22T21:10:07.745-753714-558347,174,true,5.101767120551828,1,690.9534538324865,1.0,0.505
2026-03-22T21:10:07.745-753714-558347,790,true,0.8707990521508797,1,690.0826547803356,1.0,0.6930000000000001
2026-03-22T21:10:07.745-753714-558347,681,true,3.700143980972631,1,686.382510799363,1.0,0.354
2026-03-22T21:10:07.745-753714-558347,395,true,1.9710781286956132,1,684.4114326706674,1.0,0.0
2026-03-22T21:10:07.745-753714-558347,564,true,21.798329923278082,1,662.6131027473893,1.0,0.536
2026-03-22T21:10:07.745-753714-558347,383,true,1.158230802558562,1,661.4548719448308,1.0,0.08299999999999996
2026-03-22T21:10:07.745-753714-558347,442,true,0.5098451874386222,1,660.9450267573922,1.0,0.677
2026-03-22T21:10:07.745-753714-558347,499,true,0.7427360451007078,1,660.2022907122914,1.0,0.0
2026-03-22T21:10:07.745-753714-558347,928,true,2.570996418114921,1,657.6312942941765,1.0,0.354
2026-03-22T21:10:07.745-753714-558347,693,true,2.7415180781635238,1,654.889776216013,1.0,0.33999999999999997
2026-03-22T21:10:07.745-753714-558347,674,true,5.635195668992215,1,649.2545805470209,1.0,0.725
2026-03-22T21:10:07.745-753714-558347,930,true,201.82796512841745,1,447.42661541860343,1.0,0.06699999999999995
2026-03-22T21:10:07.745-753714-558347,199,true,15.371204747226875,1,432.05541067137653,1.0,0.359
2026-03-22T21:10:07.745-753714-558347,742,true,9.538901145732924,1,422.5165095256436,1.0,0.685
2026-03-22T21:10:07.745-753714-558347,286,true,8.329695011841672,1,414.1868145138019,1.0,0.7
2026-03-22T21:10:07.745-753714-558347,558,false,0.20888798981247414,1,414.1868145138019,1.0,1.0
2026-03-22T21:10:07.745-753714-558347,589,true,88.76244468103026,1,325.4243698327716,1.0,0.6799999999999999
2026-03-22T21:10:07.745-753714-558347,255,true,0.7622306477915614,1,324.66213918498005,1.0,0.0
2026-03-22T21:10:07.745-753714-558347,987,false,0.01711964792992206,1,324.66213918498005,1.0,1.0
2026-03-22T21:10:07.745-753714-558347,381,true,1.3848942016733303,1,323.27724498330673,1.0,0.0050000000000000044
2026-03-22T21:10:07.745-753714-558347,92,true,18.7800596146482,1,304.4971853686585,1.0,0.6819999999999999
2026-03-22T21:10:07.745-753714-558347,807,true,0.46413402969388873,1,304.03305133896464,1.0,0.5640000000000001
2026-03-22T21:10:07.745-753714-558347,922,true,6.089868797898984,1,297.94318254106565,1.0,0.0040000000000000036
2026-03-22T21:10:07.745-753714-558347,54,true,4.512233829530966,1,293.4309487115347,1.0,0.6579999999999999
2026-03-22T21:10:07.745-753714-558347,319,true,51.06874578877913,1,242.36220292275559,1.0,0.0050000000000000044
2026-03-22T21:10:07.745-753714-558347,156,true,15.917819447571663,1,226.4443834751839,1.0,0.987
2026-03-22T21:10:07.745-753714-558347,808,true,11.33685422819839,1,215.1075292469855,1.0,0.37
2026-03-22T21:10:07.745-753714-558347,940,true,2.7224829093945186,1,212.38504633759098,1.0,0.0
2026-03-22T21:10:07.745-753714-558347,181,true,0.5125037873540527,1,211.87254255023691,1.0,0.0040000000000000036
2026-03-22T21:10:07.745-753714-558347,158,false,0.1290252423193346,1,211.87254255023691,1.0,1.0
2026-03-22T21:10:07.745-753714-558347,773,true,3.752097250044683,1,208.12044530019224,1.0,0.367
2026-03-22T21:10:07.745-753714-558347,241,true,1.8615559179596484,1,206.2588893822326,1.0,0.352
2026-03-22T21:10:07.745-753714-558347,55,true,2.2265038738782597,1,204.03238550835434,1.0,0.0040000000000000036
2026-03-22T21:10:07.745-753714-558347,767,true,0.9519029758432123,1,203.08048253251113,1.0,0.0040000000000000036
2026-03-22T21:10:07.745-753714-558347,233,true,33.09910822487355,1,169.98137430763757,1.0,0.0
2026-03-22T21:10:07.745-753714-558347,140,true,24.613494171516447,1,145.36788013612113,1.0,0.712
2026-03-22T21:10:07.745-753714-558347,616,true,0.5974770318990195,1,144.7704031042221,1.0,0.0
2026-03-22T21:10:07.745-753714-558347,39,false,0.09378892363172352,1,144.7704031042221,1.0,1.0
2026-03-22T21:10:07.745-753714-558347,146,true,2.1396560472972053,1,142.63074705692492,1.0,0.487
2026-03-22T21:10:07.745-753714-558347,697,true,7.601201357233472,1,135.02954569969145,1.0,0.652
2026-03-22T21:10:07.745-753714-558347,127,true,0.6055137161109665,1,134.42403198358048,1.0,0.0050000000000000044
2026-03-22T21:10:07.745-753714-558347,96,true,2.4206392974704674,1,132.00339268611,1.0,0.473
2026-03-22T21:10:07.745-753714-558347,171,false,0.20341483198496063,1,132.00339268611,1.0,1.0
2026-03-22T21:10:07.745-753714-558347,417,true,20.50406104741281,1,111.49933163869719,1.0,0.0050000000000000044
2026-03-22T21:10:07.745-753714-558347,856,true,5.379379200020944,1,106.11995243867624,1.0,0.37
2026-03-22T21:10:07.745-753714-558347,847,true,2.6796203550917355,1,103.44033208358451,1.0,0.723
2026-03-22T21:10:07.745-753714-558347,747,true,28.80332918167408,1,74.63700290191042,1.0,0.006000000000000005
2026-03-22T21:10:07.745-753714-558347,786,true,1.329107488492202,1,73.30789541341822,1.0,0.733
2026-03-22T21:10:07.745-753714-558347,851,true,0.23125762143671408,1,73.07663779198151,1.0,0.992
2026-03-22T21:10:07.745-753714-558347,982,true,0.7511768917280423,1,72.32546090025347,1.0,0.0
2026-03-22T21:10:07.745-753714-558347,802,true,6.6293001407528225,1,65.69616075950066,1.0,0.681
2026-03-22T21:10:07.745-753714-558347,51,false,0.03660140488645681,1,65.69616075950066,1.0,1.0
2026-03-22T21:10:07.745-753714-558347,463,true,14.836209632952325,1,50.85995112654833,1.0,0.0
2026-03-22T21:10:07.745-753714-558347,239,true,45.3689198314791,1,5.491031295069234,1.0,0.006000000000000005
2026-03-22T21:10:07.745-753714-558347,167,true,13.306540889615833,1,-7.815509594546599,1.0,0.387
2026-03-22T21:10:07.745-705391-618793,859,false,1.73283551357954,1,4073.177120449038,1.0,1.0
2026-03-22T21:10:07.745-705391-618793,347,false,3.2537470454654716,1,4073.177120449038,1.0,1.0
2026-03-22T21:10:07.745-705391-618793,280,false,1.5990784061136802,1,4073.177120449038,1.0,1.0
2026-03-22T21:10:07.745-705391-618793,404,false,1.0466572750208147,1,4073.177120449038,1.0,1.0
2026-03-22T21:10:07.745-705391-618793,869,false,21.47724613620119,1,4073.177120449038,1.0,1.0
2026-03-22T21:10:07.745-705391-618793,496,false,0.07807480841302372,1,4073.177120449038,1.0,1.0
2026-03-22T21:10:07.745-705391-618793,203,false,4.3751428470425,1,4073.177120449038,1.0,1.0
2026-03-22T21:10:07.745-705391-618793,211,false,0.621961997381977,1,4073.177120449038,1.0,1.0
2026-03-22T21:10:07.745-705391-618793,431,false,2.8026692052520756,1,4073.177120449038,1.0,1.0
2026-03-22T21:10:07.745-705391-618793,111,false,16.127333724619625,1,4073.177120449038,1.0,1.0
2026-03-22T21:10:07.745-705391-618793,838,false,10.811852478263996,1,4073.177120449038,1.0,1.0
2026-03-22T21:10:07.745-705391-618793,718,false,0.7736593341552855,1,4073.177120449038,1.0,1.0
2026-03-22T21:10:07.745-705391-618793,490,false,2.6861999315070095,1,4073.177120449038,1.0,1.0
2026-03-22T21:10:07.745-705391-618793,127,false,2.6941332384765104,1,4073.177120449038,1.0,1.0
2026-03-22T21:10:07.745-705391-618793,197,false,40.35640064059738,1,4073.177120449038,1.0,1.0
2026-03-22T21:10:07.745-705391-618793,253,false,2.4707874685426034,1,4073.177120449038,1.0,1.0
2026-03-22T21:10:07.745-705391-618793,228,false,2.6955399987022393,1,4073.177120449038,1.0,1.0
2026-03-22T21:10:07.745-705391-618793,834,false,95.63917128174496,1,4073.177120449038,1.0,1.0
2026-03-22T21:10:07.745-705391-618793,75,false,17.99772817391174,1,4073.177120449038,1.0,1.0
2026-03-22T21:10:07.745-705391-618793,784,false,8.892495807546766,1,4073.177120449038,1.0,1.0
2026-03-22T21:10:07.745-705391-618793,522,false,13.858078665621129,1,4073.177120449038,1.0,1.0
2026-03-22T21:10:07.745-705391-618793,478,false,1.303900991699101,1,4073.177120449038,1.0,1.0
2026-03-22T21:10:07.745-705391-618793,138,false,3.236664082593318,1,4073.177120449038,1.0,1.0
2026-03-22T21:10:07.745-705391-618793,11,false,2.126166649408002,1,4073.177120449038,1.0,1.0
2026-03-22T21:10:07.745-705391-618793,108,false,5.906853219771336,1,4073.177120449038,1.0,1.0
2026-03-22T21:10:07.745-705391-618793,213,false,0.8326578858009823,1,4073.177120449038,1.0,1.0
2026-03-22T21:10:07.745-705391-618793,807,false,1.5595806387531481,1,4073.177120449038,1.0,1.0
2026-03-22T21:10:07.745-705391-618793,491,false,1.0627405419721645,1,4073.177120449038,1.0,1.0
2026-03-22T21:10:07.745-705391-618793,201,false,0.7850300058182592,1,4073.177120449038,1.0,1.0
2026-03-22T21:10:07.745-705391-618793,749,false,2.470333156901956,1,4073.177120449038,1.0,1.0
2026-03-22T21:10:07.745-705391-618793,902,false,0.8550235382023549,1,4073.177120449038,1.0,1.0
2026-03-22T21:10:07.745-705391-618793,672,false,1.361992601860068,1,4073.177120449038,1.0,1.0
2026-03-22T21:10:07.745-705391-618793,239,false,0.5944433695756158,1,4073.177120449038,1.0,1.0
2026-03-22T21:10:07.745-705391-618793,791,false,6.144871100041226,1,4073.177120449038,1.0,1.0
2026-03-22T21:10:07.745-705391-618793,579,false,10.291975563740372,1,4073.177120449038,1.0,1.0
2026-03-22T21:10:07.745-705391-618793,238,false,4.482288119619136,1,4073.177120449038,1.0,1.0
2026-03-22T21:10:07.745-705391-618793,153,false,0.8649166394318472,1,4073.177120449038,1.0,1.0
2026-03-22T21:10:07.745-705391-618793,224,false,256.4639769962439,1,4073.177120449038,1.0,1.0
2026-03-22T21:10:07.745-705391-618793,531,false,3.901589204458293,1,4073.177120449038,1.0,1.0
2026-03-22T21:10:07.745-705391-618793,57,false,2.045538524482918,1,4073.177120449038,1.0,1.0
2026-03-22T21:10:07.745-705391-618793,802,false,1.7804062089994082,1,4073.177120449038,1.0,1.0
2026-03-22T21:10:07.745-705391-618793,154,false,0.5847080120060795,1,4073.177120449038,1.0,1.0
2026-03-22T21:10:07.745-705391-618793,703,false,0.03496224719172578,1,4073.177120449038,1.0,1.0
2026-03-22T21:10:07.745-705391-618793,45,false,38.47361568059578,1,4073.177120449038,1.0,1.0
2026-03-22T21:10:07.745-705391-618793,367,false,3.1798947218385227,1,4073.177120449038,1.0,1.0
2026-03-22T21:10:07.745-705391-618793,421,false,12.260835239162752,1,4073.177120449038,1.0,1.0
2026-03-22T21:10:07.745-705391-618793,656,false,15.514858285278539,1,4073.177120449038,1.0,1.0
2026-03-22T21:10:07.745-705391-618793,605,false,0.07902748435278523,1,4073.177120449038,1.0,1.0
2026-03-22T21:10:07.745-705391-618793,394,false,81.08337441466125,1,4073.177120449038,1.0,1.0
2026-03-22T21:10:07.745-705391-618793,32,false,1.188083941278349,1,4073.177120449038,1.0,1.0
2026-03-22T21:10:07.745-705391-618793,382,false,299.00840064612714,1,4073.177120449038,1.0,1.0
2026-03-22T21:10:07.745-705391-618793,555,false,45.618106671409656,1,4073.177120449038,1.0,1.0
2026-03-22T21:10:07.745-705391-618793,887,false,3.5501642588508604,1,4073.177120449038,1.0,1.0
2026-03-22T21:10:07.745-705391-618793,452,false,1.2318222398012013,1,4073.177120449038,1.0,1.0
2026-03-22T21:10:07.745-705391-618793,376,false,0.058011716858659974,1,4073.177120449038,1.0,1.0
2026-03-22T21:10:07.745-705391-618793,628,false,145.83362233944314,1,4073.177120449038,1.0,1.0
2026-03-22T21:10:07.745-705391-618793,475,false,0.655778866301393,1,4073.177120449038,1.0,1.0
2026-03-22T21:10:07.745-705391-618793,570,false,10.249156956946193,1,4073.177120449038,1.0,1.0
2026-03-22T21:10:07.745-705391-618793,593,false,6.686030522616271,1,4073.177120449038,1.0,1.0
2026-03-22T21:10:07.745-705391-618793,750,false,11.409985379340867,1,4073.177120449038,1.0,1.0
2026-03-22T21:10:07.745-705391-618793,9,false,0.7961230910836135,1,4073.177120449038,1.0,1.0
2026-03-22T21:10:07.745-705391-618793,977,false,13.479539782662437,1,4073.177120449038,1.0,1.0
2026-03-22T21:10:07.745-705391-618793,883,false,8.324218902752726,1,4073.177120449038,1.0,1.0
2026-03-22T21:10:07.745-705391-618793,604,false,0.07375511802427435,1,4073.177120449038,1.0,1.0
2026-03-22T21:10:07.745-705391-618793,442,false,1.7332848364845632,1,4073.177120449038,1.0,1.0
2026-03-22T21:10:07.745-705391-618793,286,false,20.776602574214632,1,4073.177120449038,1.0,1.0
2026-03-22T21:10:07.745-705391-618793,608,false,9.807670969325022,1,4073.177120449038,1.0,1.0
2026-03-22T21:10:07.745-705391-618793,609,false,0.2311181658507372,1,4073.177120449038,1.0,1.0
2026-03-22T21:10:07.745-705391-618793,242,false,0.43299125113337894,1,4073.177120449038,1.0,1.0
2026-03-22T21:10:07.745-705391-618793,61,false,0.3032919231341881,1,4073.177120449038,1.0,1.0
2026-03-22T21:10:07.745-705391-618793,971,false,1.0963477848874958,1,4073.177120449038,1.0,1.0
2026-03-22T21:10:07.745-705391-618793,477,false,0.1128708548335929,1,4073.177120449038,1.0,1.0
2026-03-22T21:10:07.745-705391-618793,495,false,17.13168272988117,1,4073.177120449038,1.0,1.0
2026-03-22T21:10:07.745-705391-618793,823,false,0.5538270127985354,1,4073.177120449038,1.0,1.0
2026-03-22T21:10:07.745-705391-618793,711,false,67.16232331005891,1,4073.177120449038,1.0,1.0
2026-03-22T21:10:07.745-705391-618793,159,false,2.6210350632590202,1,4073.177120449038,1.0,1.0
2026-03-22T21:10:07.745-705391-618793,33,false,6.326697165219337,1,4073.177120449038,1.0,1.0
2026-03-22T21:10:07.745-705391-618793,527,false,326.2430424671285,1,4073.177120449038,1.0,1.0
2026-03-22T21:10:07.745-705391-618793,710,false,6.52095710935753,1,4073.177120449038,1.0,1.0
2026-03-22T21:10:07.745-705391-618793,48,false,34.87029790447723,1,4073.177120449038,1.0,1.0
2026-03-22T21:10:07.745-705391-618793,937,false,4.675348247321787,1,4073.177120449038,1.0,1.0
2026-03-22T21:10:07.745-705391-618793,824,false,2.814339121053035,1,4073.177120449038,1.0,1.0
2026-03-22T21:10:07.745-705391-618793,545,false,50.88935330654989,1,4073.177120449038,1.0,1.0
2026-03-22T21:10:07.745-705391-618793,630,false,19.19266400727405,1,4073.177120449038,1.0,1.0
2026-03-22T21:10:07.745-705391-618793,386,false,0.5041869497397752,1,4073.177120449038,1.0,1.0
2026-03-22T21:10:07.745-705391-618793,21,false,13.869764927513152,1,4073.177120449038,1.0,1.0
2026-03-22T21:10:07.745-705391-618793,379,false,5.30999137777233,1,4073.177120449038,1.0,1.0
2026-03-22T21:10:07.745-705391-618793,742,false,7.124182095685166,1,4073.177120449038,1.0,1.0
2026-03-22T21:10:07.745-705391-618793,615,false,12.50226284795505,1,4073.177120449038,1.0,1.0
2026-03-22T21:10:07.745-705391-618793,321,false,77.82891836054681,1,4073.177120449038,1.0,1.0
2026-03-22T21:10:07.745-705391-618793,793,false,4.043067272197129,1,4073.177120449038,1.0,1.0
2026-03-22T21:10:07.745-705391-618793,139,false,1.0601558056271434,1,4073.177120449038,1.0,1.0
2026-03-22T21:10:07.745-705391-618793,878,false,0.38618886459508694,1,4073.177120449038,1.0,1.0
2026-03-22T21:10:07.745-705391-618793,418,false,0.5309409741501743,1,4073.177120449038,1.0,1.0
2026-03-22T21:10:07.745-705391-618793,799,false,17.79894320560212,1,4073.177120449038,1.0,1.0
2026-03-22T21:10:07.745-705391-618793,995,false,4.295192967396788,1,4073.177120449038,1.0,1.0
2026-03-22T21:10:07.745-705391-618793,725,false,84.8706771520772,1,4073.177120449038,1.0,1.0
2026-03-22T21:10:07.745-705391-618793,930,false,1.045767779584904,1,4073.177120449038,1.0,1.0
2026-03-22T21:10:07.745-705391-618793,456,false,4.637946039326263,1,4073.177120449038,1.0,1.0
2026-03-22T21:10:07.745-705391-618793,270,false,0.2898114030003131,1,4073.177120449038,1.0,1.0
2026-03-22T21:10:07.745-705391-618793,409,false,4.576995547516114,1,4073.177120449038,1.0,1.0
2026-03-22T21:10:07.745-705391-618793,666,false,10.328607763052192,1,4073.177120449038,1.0,1.0
2026-03-22T21:10:07.745-705391-618793,207,false,35.15727797700483,1,4073.177120449038,1.0,1.0
2026-03-22T21:10:07.745-705391-618793,809,false,0.6501838074642188,1,4073.177120449038,1.0,1.0
2026-03-22T21:10:07.745-705391-618793,842,false,1.3701346151803964,1,4073.177120449038,1.0,1.0
2026-03-22T21:10:07.745-705391-618793,352,false,1.6796278648784049,1,4073.177120449038,1.0,1.0
2026-03-22T21:10:07.745-705391-618793,754,false,0.32083011912747234,1,4073.177120449038,1.0,1.0
2026-03-22T21:10:07.745-705391-618793,467,false,4.141502142475956,1,4073.177120449038,1.0,1.0
2026-03-22T21:10:07.745-705391-618793,970,false,0.8995120846238864,1,4073.177120449038,1.0,1.0
2026-03-22T21:10:07.745-705391-618793,330,false,2.761432585646215,1,4073.177120449038,1.0,1.0
2026-03-22T21:10:07.745-705391-618793,544,false,36.88948477380908,1,4073.177120449038,1.0,1.0
2026-03-22T21:10:07.745-705391-618793,980,false,0.7682380558448235,1,4073.177120449038,1.0,1.0
2026-03-22T21:10:07.745-705391-618793,512,false,1.9130726206441986,1,4073.177120449038,1.0,1.0
2026-03-22T21:10:07.745-705391-618793,616,false,12.138612477148799,1,4073.177120449038,1.0,1.0
2026-03-22T21:10:07.745-705391-618793,299,false,1.4398413381748005,1,4073.177120449038,1.0,1.0
2026-03-22T21:10:07.745-705391-618793,502,false,0.21910752417337406,1,4073.177120449038,1.0,1.0
2026-03-22T21:10:07.745-705391-618793,50,false,12.071410018735776,1,4073.177120449038,1.0,1.0
2026-03-22T21:10:07.745-705391-618793,717,false,7.205660765163737,1,4073.177120449038,1.0,1.0
2026-03-22T21:10:07.745-705391-618793,830,false,0.07993994733999629,1,4073.177120449038,1.0,1.0
2026-03-22T21:10:07.745-705391-618793,873,false,1.6366905165633518,1,4073.177120449038,1.0,1.0
2026-03-22T21:10:07.745-705391-618793,987,false,0.21549488731606306,1,4073.177120449038,1.0,1.0
2026-03-22T21:10:07.745-705391-618793,782,false,0.9584582589382894,1,4073.177120449038,1.0,1.0
2026-03-22T21:10:07.745-705391-618793,524,false,0.876143357517225,1,4073.177120449038,1.0,1.0
2026-03-22T21:10:07.745-705391-618793,121,false,10.227359505887879,1,4073.177120449038,1.0,1.0
2026-03-22T21:10:07.745-705391-618793,745,false,11.837848664663941,1,4073.177120449038,1.0,1.0
2026-03-22T21:10:07.745-705391-618793,465,false,5.490380204276872,1,4073.177120449038,1.0,1.0
2026-03-22T21:10:07.745-705391-618793,64,false,0.4555066634464707,1,4073.177120449038,1.0,1.0
2026-03-22T21:10:07.745-705391-618793,569,false,0.3163819823969464,1,4073.177120449038,1.0,1.0
2026-03-22T21:10:07.745-705391-618793,677,false,34.13270641472483,1,4073.177120449038,1.0,1.0
2026-03-22T21:10:07.745-705391-618793,942,false,11.599189345820976,1,4073.177120449038,1.0,1.0
2026-03-22T21:10:07.745-705391-618793,681,false,2.715494588732909,1,4073.177120449038,1.0,1.0
2026-03-22T21:10:07.745-705391-618793,990,false,0.2496569551154959,1,4073.177120449038,1.0,1.0
2026-03-22T21:10:07.745-705391-618793,856,false,0.07479375386432871,1,4073.177120449038,1.0,1.0
2026-03-22T21:10:07.745-705391-618793,826,false,9.030593792158262,1,4073.177120449038,1.0,1.0
2026-03-22T21:10:07.745-705391-618793,849,false,0.17004464050548815,1,4073.177120449038,1.0,1.0
2026-03-22T21:10:07.745-705391-618793,96,false,0.012362080400195444,1,4073.177120449038,1.0,1.0
2026-03-22T21:10:07.745-705391-618793,892,false,50.624670525885286,1,4073.177120449038,1.0,1.0
2026-03-22T21:10:07.745-705391-618793,847,false,0.5891477485878618,1,4073.177120449038,1.0,1.0
2026-03-22T21:10:07.745-705391-618793,277,false,20.731679079252995,1,4073.177120449038,1.0,1.0
2026-03-22T21:10:07.745-705391-618793,890,false,0.33303708334343596,1,4073.177120449038,1.0,1.0
2026-03-22T21:10:07.745-705391-618793,514,false,0.1315036921861316,1,4073.177120449038,1.0,1.0
2026-03-22T21:10:07.745-705391-618793,425,false,3.1770473798994097,1,4073.177120449038,1.0,1.0
2026-03-22T21:10:07.745-705391-618793,37,false,3.7710278259098526,1,4073.177120449038,1.0,1.0
2026-03-22T21:10:07.745-705391-618793,581,false,23.240430275562268,1,4073.177120449038,1.0,1.0
2026-03-22T21:10:07.745-705391-618793,144,false,4.555208240196926,1,4073.177120449038,1.0,1.0
2026-03-22T21:10:07.745-705391-618793,455,false,0.9686545147841239,1,4073.177120449038,1.0,1.0
2026-03-22T21:10:07.745-705391-618793,485,false,1.2783922303249202,1,4073.177120449038,1.0,1.0
2026-03-22T21:10:07.745-705391-618793,407,false,2.925776136414453,1,4073.177120449038,1.0,1.0
2026-03-22T21:10:07.745-705391-618793,503,false,2.7019245021584344,1,4073.177120449038,1.0,1.0
2026-03-22T21:10:07.745-705391-618793,384,false,5.08467317085039,1,4073.177120449038,1.0,1.0
2026-03-22T21:10:07.745-705391-618793,875,false,0.9698057568565885,1,4073.177120449038,1.0,1.0
2026-03-22T21:10:07.745-705391-618793,801,false,10.927915139391262,1,4073.177120449038,1.0,1.0
2026-03-22T21:10:07.745-705391-618793,54,false,0.7703630639468677,1,4073.177120449038,1.0,1.0
2026-03-22T21:10:07.745-705391-618793,6,false,16.34352531768148,1,4073.177120449038,1.0,1.0
2026-03-22T21:10:07.745-705391-618793,675,false,2.12834830078783,1,4073.177120449038,1.0,1.0
2026-03-22T21:10:07.745-705391-618793,993,false,0.1545224647278,1,4073.177120449038,1.0,1.0
2026-03-22T21:10:07.745-705391-618793,461,false,1.08534678977286,1,4073.177120449038,1.0,1.0
2026-03-22T21:10:07.745-705391-618793,674,false,16.44124337621498,1,4073.177120449038,1.0,1.0
2026-03-22T21:10:07.745-705391-618793,463,false,6.741404147007978,1,4073.177120449038,1.0,1.0
2026-03-22T21:10:07.745-705391-618793,673,false,8.175926028335528,1,4073.177120449038,1.0,1.0
2026-03-22T21:10:07.745-705391-618793,620,false,21.167221537717264,1,4073.177120449038,1.0,1.0
2026-03-22T21:10:07.745-705391-618793,968,false,16.207358957804168,1,4073.177120449038,1.0,1.0
2026-03-22T21:10:07.745-705391-618793,74,false,4.75899504403669,1,4073.177120449038,1.0,1.0
2026-03-22T21:10:07.745-705391-618793,910,false,2.655034315410995,1,4073.177120449038,1.0,1.0
2026-03-22T21:10:07.745-705391-618793,639,false,1.2066080919693882,1,4073.177120449038,1.0,1.0
2026-03-22T21:10:07.745-705391-618793,39,false,5.994537417930549,1,4073.177120449038,1.0,1.0
2026-03-22T21:10:07.745-705391-618793,576,false,9.851167633549395,1,4073.177120449038,1.0,1.0
2026-03-22T21:10:07.745-705391-618793,28,false,0.06684698676473981,1,4073.177120449038,1.0,1.0
2026-03-22T21:10:07.745-705391-618793,432,false,25.030749656928084,1,4073.177120449038,1.0,1.0
2026-03-22T21:10:07.745-705391-618793,738,false,1.7777955035734885,1,4073.177120449038,1.0,1.0
2026-03-22T21:10:07.745-705391-618793,255,false,6.91960907583798,1,4073.177120449038,1.0,1.0
2026-03-22T21:10:07.745-705391-618793,320,false,1.8826162063092942,1,4073.177120449038,1.0,1.0
2026-03-22T21:10:07.745-705391-618793,447,false,2.284494438978894,1,4073.177120449038,1.0,1.0
2026-03-22T21:10:07.745-705391-618793,291,false,29.49733093406343,1,4073.177120449038,1.0,1.0
2026-03-22T21:10:07.745-705391-618793,457,false,5.136082121154161,1,4073.177120449038,1.0,1.0
2026-03-22T21:10:07.745-705391-618793,785,false,11.260039734350967,1,4073.177120449038,1.0,1.0
2026-03-22T21:10:07.745-705391-618793,671,false,10.013272910881788,1,4073.177120449038,1.0,1.0
2026-03-22T21:10:07.745-705391-618793,437,false,8.087329655718854,1,4073.177120449038,1.0,1.0
2026-03-22T21:10:07.745-705391-618793,557,false,1.6303469181756798,1,4073.177120449038,1.0,1.0
2026-03-22T21:10:07.745-705391-618793,961,false,4.044524521613997,1,4073.177120449038,1.0,1.0
2026-03-22T21:10:07.745-705391-618793,188,false,132.810363768449,1,4073.177120449038,1.0,1.0
2026-03-22T21:10:07.745-705391-618793,642,false,4.048909388561331,1,4073.177120449038,1.0,1.0
2026-03-22T21:10:07.745-705391-618793,114,false,0.16918503421691006,1,4073.177120449038,1.0,1.0
2026-03-22T21:10:07.745-705391-618793,190,false,45.442263233716695,1,4073.177120449038,1.0,1.0
2026-03-22T21:10:07.745-705391-618793,345,false,1.1298671558485713,1,4073.177120449038,1.0,1.0
2026-03-22T21:10:07.745-705391-618793,182,false,12.925241725382168,1,4073.177120449038,1.0,1.0
2026-03-22T21:10:07.745-705391-618793,215,false,0.23049624596400156,1,4073.177120449038,1.0,1.0
2026-03-22T21:10:07.745-705391-618793,962,false,1.8061852794176574,1,4073.177120449038,1.0,1.0
2026-03-22T21:10:07.745-705391-618793,996,false,12.755798902525141,1,4073.177120449038,1.0,1.0
2026-03-22T21:10:07.745-705391-618793,988,false,2.5429979150945794,1,4073.177120449038,1.0,1.0
2026-03-22T21:10:07.745-705391-618793,829,false,8.844427921433748,1,4073.177120449038,1.0,1.0
2026-03-22T21:10:07.745-705391-618793,550,false,16.35189291808195,1,4073.177120449038,1.0,1.0
2026-03-22T21:10:07.745-705391-618793,943,false,224.5394395769499,1,4073.177120449038,1.0,1.0
2026-03-22T21:10:07.745-705391-618793,599,false,0.36536687842237886,1,4073.177120449038,1.0,1.0
2026-03-22T21:10:07.745-705391-618793,746,false,3.2035676406156144,1,4073.177120449038,1.0,1.0
2026-03-22T21:10:07.745-705391-618793,230,false,6.766813575508707,1,4073.177120449038,1.0,1.0
2026-03-22T21:10:07.745-705391-618793,492,false,9.886807213912705,1,4073.177120449038,1.0,1.0
2026-03-22T21:10:07.745-705391-618793,266,false,1.7549288082012011,1,4073.177120449038,1.0,1.0
2026-03-22T21:10:07.745-705391-618793,590,false,1.578212187704368,1,4073.177120449038,1.0,1.0
2026-03-22T21:10:07.745-705391-618793,73,false,15.967538140425273,1,4073.177120449038,1.0,1.0
2026-03-22T21:10:07.745-705391-618793,919,false,26.498538745627027,1,4073.177120449038,1.0,1.0
2026-03-22T21:10:07.745-705391-618793,645,false,1.3058545160305608,1,4073.177120449038,1.0,1.0
2026-03-22T21:10:07.745-705391-618793,198,false,18.171937821700876,1,4073.177120449038,1.0,1.0
2026-03-22T21:10:07.745-705391-618793,657,false,0.08765577252369557,1,4073.177120449038,1.0,1.0
2026-03-22T21:10:07.745-705391-618793,664,false,0.3503910594696029,1,4073.177120449038,1.0,1.0
2026-03-22T21:10:07.745-705391-618793,651,false,140.3452938812975,1,4073.177120449038,1.0,1.0
2026-03-22T21:10:07.745-705391-618793,443,false,1.7801782771867347,1,4073.177120449038,1.0,1.0
2026-03-22T21:10:07.745-705391-618793,911,false,5.7626864485151215,1,4073.177120449038,1.0,1.0
2026-03-22T21:10:07.745-705391-618793,175,false,6.485573739790171,1,4073.177120449038,1.0,1.0
2026-03-22T21:10:07.745-705391-618793,586,false,0.16514595776901908,1,4073.177120449038,1.0,1.0
2026-03-22T21:10:07.745-705391-618793,462,false,4.5768851432343745,1,4073.177120449038,1.0,1.0
2026-03-22T21:10:07.745-705391-618793,846,false,9.114187904343478,1,4073.177120449038,1.0,1.0
2026-03-22T21:10:07.745-705391-618793,819,false,4.452157267909671,1,4073.177120449038,1.0,1.0
2026-03-22T21:10:07.745-705391-618793,109,false,22.38614626683396,1,4073.177120449038,1.0,1.0
2026-03-22T21:10:07.745-705391-618793,176,false,7.549436655045313,1,4073.177120449038,1.0,1.0
2026-03-22T21:10:07.745-705391-618793,335,false,1.2865422292277733,1,4073.177120449038,1.0,1.0
2026-03-22T21:10:07.745-705391-618793,536,false,44.752454862465235,1,4073.177120449038,1.0,1.0
2026-03-22T21:10:07.745-705391-618793,649,false,23.48602079670801,1,4073.177120449038,1.0,1.0
2026-03-22T21:10:07.745-705391-618793,690,false,2.0954354044309507,1,4073.177120449038,1.0,1.0
2026-03-22T21:10:07.745-705391-618793,304,false,3.1232152693947035,1,4073.177120449038,1.0,1.0
2026-03-22T21:10:07.745-705391-618793,891,false,6.636122360533035,1,4073.177120449038,1.0,1.0
2026-03-22T21:10:07.745-705391-618793,292,false,0.2227505863154569,1,4073.177120449038,1.0,1.0
2026-03-22T21:10:07.745-705391-618793,901,false,2.3400046795927945,1,4073.177120449038,1.0,1.0
2026-03-22T21:10:07.745-705391-618793,530,false,11.763503156333543,1,4073.177120449038,1.0,1.0
2026-03-22T21:10:07.745-705391-618793,98,false,8.497175677181447,1,4073.177120449038,1.0,1.0
2026-03-22T21:10:07.745-705391-618793,293,false,0.42200143606189183,1,4073.177120449038,1.0,1.0
2026-03-22T21:10:07.745-705391-618793,837,false,0.12885729389295025,1,4073.177120449038,1.0,1.0
2026-03-22T21:10:07.745-705391-618793,95,false,1.1592071685792267,1,4073.177120449038,1.0,1.0
2026-03-22T21:10:07.745-705391-618793,580,false,0.6216487695721509,1,4073.177120449038,1.0,1.0
2026-03-22T21:10:07.745-705391-618793,60,false,2.005769316020363,1,4073.177120449038,1.0,1.0
2026-03-22T21:10:07.745-705391-618793,551,false,0.3445428731772904,1,4073.177120449038,1.0,1.0
2026-03-22T21:10:07.745-705391-618793,383,false,3.742404683416628,1,4073.177120449038,1.0,1.0
2026-03-22T21:10:07.745-705391-618793,963,false,4.354877783909594,1,4073.177120449038,1.0,1.0
2026-03-22T21:10:07.745-705391-618793,904,false,1.0226174415233098,1,4073.177120449038,1.0,1.0
2026-03-22T21:10:07.745-705391-618793,179,false,1.3887444873454018,1,4073.177120449038,1.0,1.0
2026-03-22T21:10:07.745-705391-618793,316,false,32.413475954176434,1,4073.177120449038,1.0,1.0
2026-03-22T21:10:07.745-705391-618793,798,false,3.62356904311635,1,4073.177120449038,1.0,1.0
2026-03-22T21:10:07.745-705391-618793,311,false,43.16794886124944,1,4073.177120449038,1.0,1.0
2026-03-22T21:10:07.745-705391-618793,637,false,0.2824849253041125,1,4073.177120449038,1.0,1.0
2026-03-22T21:10:07.745-705391-618793,866,false,0.24755038484687206,1,4073.177120449038,1.0,1.0
2026-03-22T21:10:07.745-705391-618793,269,false,0.6478072850043864,1,4073.177120449038,1.0,1.0
2026-03-22T21:10:07.745-705391-618793,734,false,0.09293795512803324,1,4073.177120449038,1.0,1.0
2026-03-22T21:10:07.745-705391-618793,783,false,6.653529616136644,1,4073.177120449038,1.0,1.0
2026-03-22T21:10:07.745-705391-618793,17,false,2.1526570724308782,1,4073.177120449038,1.0,1.0
2026-03-22T21:10:07.745-705391-618793,256,false,3.2125988798050074,1,4073.177120449038,1.0,1.0
2026-03-22T21:10:07.745-705391-618793,369,false,1.1518401759583907,1,4073.177120449038,1.0,1.0
2026-03-22T21:10:07.745-705391-618793,112,false,280.6692601348524,1,4073.177120449038,1.0,1.0
2026-03-22T21:10:07.745-705391-618793,324,false,0.35547431052501655,1,4073.177120449038,1.0,1.0
2026-03-22T21:10:07.745-705391-618793,737,false,0.6908514210652733,1,4073.177120449038,1.0,1.0
2026-03-22T21:10:07.745-705391-618793,164,false,0.5171648777964695,1,4073.177120449038,1.0,1.0
2026-03-22T21:10:07.745-705391-618793,763,false,0.06391821601937044,1,4073.177120449038,1.0,1.0
2026-03-22T21:10:07.745-705391-618793,627,false,271.39250505235685,1,4073.177120449038,1.0,1.0
2026-03-22T21:10:07.745-705391-618793,102,false,3.517447393317081,1,4073.177120449038,1.0,1.0
2026-03-22T21:10:07.745-705391-618793,388,false,0.09532254601935593,1,4073.177120449038,1.0,1.0
2026-03-22T21:10:07.745-705391-618793,552,false,0.8259498496000761,1,4073.177120449038,1.0,1.0
2026-03-22T21:10:07.745-705391-618793,181,false,567.7160090852877,1,4073.177120449038,1.0,1.0
2026-03-22T21:10:07.745-705391-618793,655,false,68.3038607033267,1,4073.177120449038,1.0,1.0
2026-03-22T21:10:07.745-705391-618793,764,false,2.370592721823537,1,4073.177120449038,1.0,1.0
2026-03-22T21:10:07.745-705391-618793,918,false,1.4122089845231178,1,4073.177120449038,1.0,1.0
2026-03-22T21:10:07.745-705391-618793,897,false,16.15133284645288,1,4073.177120449038,1.0,1.0
2026-03-22T21:10:07.745-705391-618793,840,false,0.019682003790160375,1,4073.177120449038,1.0,1.0
2026-03-22T21:10:07.745-705391-618793,708,false,1.4262145443993355,1,4073.177120449038,1.0,1.0
2026-03-22T21:10:07.745-705391-618793,274,false,28.34782510249173,1,4073.177120449038,1.0,1.0
2026-03-22T21:10:07.745-705391-618793,592,false,11.494725561222218,1,4073.177120449038,1.0,1.0
2026-03-22T21:10:07.745-705391-618793,245,false,6.325632199108378,1,4073.177120449038,1.0,1.0
2026-03-22T21:10:07.745-705391-618793,508,false,3.318574239046523,1,4073.177120449038,1.0,1.0
2026-03-22T21:10:07.745-705391-618793,974,false,2.3838322435756942,1,4073.177120449038,1.0,1.0
2026-03-22T21:10:07.745-705391-618793,449,false,8.919324324298799,1,4073.177120449038,1.0,1.0
2026-03-22T21:10:07.745-705391-618793,896,false,2.8595553171017096,1,4073.177120449038,1.0,1.0
2026-03-22T21:10:07.745-705391-618793,466,false,0.47587110470665916,1,4073.177120449038,1.0,1.0
2026-03-22T21:10:07.745-705391-618793,934,false,0.007096822000976472,1,4073.177120449038,1.0,1.0
2026-03-22T21:10:07.745-705391-618793,49,false,0.5133140915345198,1,4073.177120449038,1.0,1.0
2026-03-22T21:10:07.745-705391-618793,638,false,2.6303305761076365,1,4073.177120449038,1.0,1.0
2026-03-22T21:10:07.745-705391-618793,8,false,14.541265641952771,1,4073.177120449038,1.0,1.0
2026-03-22T21:10:07.745-705391-618793,528,false,0.4400379699851233,1,4073.177120449038,1.0,1.0
2026-03-22T21:10:07.745-705391-618793,669,false,14.217331758107363,1,4073.177120449038,1.0,1.0
2026-03-22T21:10:07.745-705391-618793,683,false,2.0619587589393937,1,4073.177120449038,1.0,1.0
2026-03-22T21:10:07.745-705391-618793,433,false,1.026381735590014,1,4073.177120449038,1.0,1.0
2026-03-22T21:10:07.745-705391-618793,346,false,0.5001444615036272,1,4073.177120449038,1.0,1.0
2026-03-22T21:10:07.745-705391-618793,218,false,60.351321800979136,1,4073.177120449038,1.0,1.0
2026-03-22T21:10:07.745-705391-618793,172,false,1.7501529010328933,1,4073.177120449038,1.0,1.0
2026-03-22T21:10:07.745-705391-618793,517,false,0.35701966115335365,1,4073.177120449038,1.0,1.0
2026-03-22T21:10:07.745-705391-618793,698,false,8.07499668187817,1,4073.177120449038,1.0,1.0
2026-03-22T21:10:07.745-705391-618793,71,false,13.999990942590236,1,4073.177120449038,1.0,1.0
2026-03-22T21:10:07.745-705391-618793,436,false,3.655807324511779,1,4073.177120449038,1.0,1.0
2026-03-22T21:10:07.745-705391-618793,960,false,33.35551661313415,1,4073.177120449038,1.0,1.0
2026-03-22T21:10:07.745-705391-618793,505,false,0.3428680340133247,1,4073.177120449038,1.0,1.0
2026-03-22T21:10:07.745-705391-618793,296,false,4.855178922813361,1,4073.177120449038,1.0,1.0
2026-03-22T21:10:07.745-705391-618793,983,false,0.25346212988914496,1,4073.177120449038,1.0,1.0
2026-03-22T21:10:07.745-705391-618793,14,false,1.8715083349030166,1,4073.177120449038,1.0,1.0
2026-03-22T21:10:07.745-705391-618793,752,false,0.49981598590001036,1,4073.177120449038,1.0,1.0
2026-03-22T21:10:07.745-705391-618793,982,false,4.999418874915445,1,4073.177120449038,1.0,1.0
2026-03-22T21:10:07.745-705391-618793,713,false,0.9447568803076356,1,4073.177120449038,1.0,1.0
2026-03-22T21:10:07.745-705391-618793,532,false,45.366876572871206,1,4073.177120449038,1.0,1.0
2026-03-22T21:10:07.745-705391-618793,395,false,1.2766731331742613,1,4073.177120449038,1.0,1.0
2026-03-22T21:10:07.745-705391-618793,220,false,573.2330433442321,1,4073.177120449038,1.0,1.0
2026-03-22T21:10:07.745-705391-618793,766,false,0.2004092468442416,1,4073.177120449038,1.0,1.0
2026-03-22T21:10:07.745-705391-618793,861,false,7.850110638342334,1,4073.177120449038,1.0,1.0
2026-03-22T21:10:07.745-705391-618793,881,false,7.665909033424325,1,4073.177120449038,1.0,1.0
2026-03-22T21:10:07.745-705391-618793,20,false,0.9470045661838447,1,4073.177120449038,1.0,1.0
2026-03-22T21:10:07.745-705391-618793,110,false,0.330806743424727,1,4073.177120449038,1.0,1.0
2026-03-22T21:10:07.745-705391-618793,236,false,16.267666610030982,1,4073.177120449038,1.0,1.0
2026-03-22T21:10:07.745-705391-618793,648,false,89.55305032658376,1,4073.177120449038,1.0,1.0
2026-03-22T21:10:07.745-705391-618793,240,false,0.527329924670112,1,4073.177120449038,1.0,1.0
2026-03-22T21:10:07.745-705391-618793,554,false,109.63956010049343,1,4073.177120449038,1.0,1.0
2026-03-22T21:10:07.745-705391-618793,128,false,0.1321470395971316,1,4073.177120449038,1.0,1.0
2026-03-22T21:10:07.745-705391-618793,635,false,0.431077909853368,1,4073.177120449038,1.0,1.0
2026-03-22T21:10:07.745-705391-618793,497,false,3.6989991332902505,1,4073.177120449038,1.0,1.0
2026-03-22T21:10:07.745-705391-618793,254,false,0.3050315348855947,1,4073.177120449038,1.0,1.0
2026-03-22T21:10:07.745-705391-618793,607,false,1.0404020893954191,1,4073.177120449038,1.0,1.0
2026-03-22T21:10:07.745-705391-618793,769,false,0.41693729046719424,1,4073.177120449038,1.0,1.0
2026-03-22T21:10:07.745-705391-618793,515,false,20.607971758101662,1,4073.177120449038,1.0,1.0
2026-03-22T21:10:07.745-705391-618793,794,false,121.10201714462838,1,4073.177120449038,1.0,1.0
2026-03-22T21:10:07.745-705391-618793,170,false,2.4731718428692253,1,4073.177120449038,1.0,1.0
2026-03-22T21:10:07.745-705391-618793,843,false,16.00450476530031,1,4073.177120449038,1.0,1.0
2026-03-22T21:10:07.745-705391-618793,744,false,2.392634713600437,1,4073.177120449038,1.0,1.0
2026-03-22T21:10:07.745-705391-618793,493,false,16.32710163038801,1,4073.177120449038,1.0,1.0
2026-03-22T21:10:07.745-705391-618793,357,false,85.28049973367109,1,4073.177120449038,1.0,1.0
2026-03-22T21:10:07.745-705391-618793,500,false,0.747688293320291,1,4073.177120449038,1.0,1.0
2026-03-22T21:10:07.745-705391-618793,992,false,4.851856439950143,1,4073.177120449038,1.0,1.0
2026-03-22T21:10:07.745-705391-618793,415,false,2.1323820111586382,1,4073.177120449038,1.0,1.0
2026-03-22T21:10:07.745-705391-618793,978,false,7.875118404709419,1,4073.177120449038,1.0,1.0
2026-03-22T21:10:07.745-705391-618793,78,false,0.028797418133028326,1,4073.177120449038,1.0,1.0
2026-03-22T21:10:07.745-705391-618793,373,false,1.2045955194605857,1,4073.177120449038,1.0,1.0
2026-03-22T21:10:07.745-705391-618793,70,false,4.787017607196713,1,4073.177120449038,1.0,1.0
2026-03-22T21:10:07.745-705391-618793,297,false,2.2917102201743367,1,4073.177120449038,1.0,1.0
2026-03-22T21:10:07.745-705391-618793,534,false,15.218436933678845,1,4073.177120449038,1.0,1.0
2026-03-22T21:10:07.745-705391-618793,965,false,805.7415040923354,1,4073.177120449038,1.0,1.0
2026-03-22T21:10:07.745-705391-618793,916,false,4.897607324552943,1,4073.177120449038,1.0,1.0
2026-03-22T21:10:07.745-705391-618793,831,false,2.719242561463027,1,4073.177120449038,1.0,1.0
2026-03-22T21:10:07.745-705391-618793,234,false,47.154121862049614,1,4073.177120449038,1.0,1.0
2026-03-22T21:10:07.745-705391-618793,729,false,17.247394982161627,1,4073.177120449038,1.0,1.0
2026-03-22T21:10:07.745-705391-618793,29,false,0.35202063291612845,1,4073.177120449038,1.0,1.0
2026-03-22T21:10:07.745-705391-618793,660,false,4.6716143367655265,1,4073.177120449038,1.0,1.0
2026-03-22T21:10:07.745-705391-618793,694,false,0.851505780918221,1,4073.177120449038,1.0,1.0
2026-03-22T21:10:07.745-705391-618793,180,false,3.1978115324219485,1,4073.177120449038,1.0,1.0
2026-03-22T21:10:07.745-705391-618793,538,false,0.43282234878772324,1,4073.177120449038,1.0,1.0
2026-03-22T21:10:07.745-705391-618793,229,false,7.402856856739421,1,4073.177120449038,1.0,1.0
2026-03-22T21:10:07.745-705391-618793,806,false,4.802534303235588,1,4073.177120449038,1.0,1.0
2026-03-22T21:10:07.745-705391-618793,906,false,2.5605554101314416,1,4073.177120449038,1.0,1.0
2026-03-22T21:10:07.745-705391-618793,771,false,3.3252845588224904,1,4073.177120449038,1.0,1.0
2026-03-22T21:10:07.745-705391-618793,860,false,0.3946802986031587,1,4073.177120449038,1.0,1.0
2026-03-22T21:10:07.745-705391-618793,420,false,0.15083740733717882,1,4073.177120449038,1.0,1.0
2026-03-22T21:10:07.745-705391-618793,378,false,3.9873656031603377,1,4073.177120449038,1.0,1.0
2026-03-22T21:10:07.745-705391-618793,233,false,20.837252138084033,1,4073.177120449038,1.0,1.0
2026-03-22T21:10:07.745-705391-618793,822,false,115.2032067966923,1,4073.177120449038,1.0,1.0
2026-03-22T21:10:07.745-705391-618793,288,false,1.3464874940621556,1,4073.177120449038,1.0,1.0
2026-03-22T21:10:07.745-705391-618793,363,false,6.787843129745291,1,4073.177120449038,1.0,1.0
2026-03-22T21:10:07.745-705391-618793,844,false,5.040749897462861,1,4073.177120449038,1.0,1.0
2026-03-22T21:10:07.745-705391-618793,516,false,6.730911073452621,1,4073.177120449038,1.0,1.0
2026-03-22T21:10:07.745-705391-618793,587,false,2.7397392714279922,1,4073.177120449038,1.0,1.0
2026-03-22T21:10:07.745-705391-618793,136,false,0.2821953743279373,1,4073.177120449038,1.0,1.0
2026-03-22T21:10:07.745-705391-618793,541,false,0.12068483055945409,1,4073.177120449038,1.0,1.0
2026-03-22T21:10:07.745-705391-618793,761,false,0.4819891944502774,1,4073.177120449038,1.0,1.0
2026-03-22T21:10:07.745-705391-618793,290,false,0.3447827267562331,1,4073.177120449038,1.0,1.0
2026-03-22T21:10:07.745-705391-618793,374,false,264.9111207472448,1,4073.177120449038,1.0,1.0
2026-03-22T21:10:07.745-705391-618793,825,false,113.49500299220496,1,4073.177120449038,1.0,1.0
2026-03-22T21:10:07.745-705391-618793,97,false,10.115479984971762,1,4073.177120449038,1.0,1.0
2026-03-22T21:10:07.745-705391-618793,640,false,16.008411367355237,1,4073.177120449038,1.0,1.0
2026-03-22T21:10:07.745-705391-618793,223,false,14.794652988947151,1,4073.177120449038,1.0,1.0
2026-03-22T21:10:07.745-705391-618793,244,false,5.4649753577808395,1,4073.177120449038,1.0,1.0
2026-03-22T21:10:07.745-705391-618793,208,false,8.181052223617279,1,4073.177120449038,1.0,1.0
2026-03-22T21:10:07.745-705391-618793,855,false,8.255640940477324,1,4073.177120449038,1.0,1.0
2026-03-22T21:10:07.745-705391-618793,471,false,1.3691570674559248,1,4073.177120449038,1.0,1.0
2026-03-22T21:10:07.745-705391-618793,167,false,0.24342499043637503,1,4073.177120449038,1.0,1.0
2026-03-22T21:10:07.745-705391-618793,941,false,6.785153311060745,1,4073.177120449038,1.0,1.0
2026-03-22T21:10:07.745-705391-618793,652,false,42.872804421347695,1,4073.177120449038,1.0,1.0
2026-03-22T21:10:07.745-705391-618793,953,false,1.1001109764859096,1,4073.177120449038,1.0,1.0
2026-03-22T21:10:07.745-705391-618793,16,false,32.48146661342596,1,4073.177120449038,1.0,1.0
2026-03-22T21:10:07.745-705391-618793,693,false,1.6077857168207828,1,4073.177120449038,1.0,1.0
2026-03-22T21:10:07.745-705391-618793,741,false,4.742941873981703,1,4073.177120449038,1.0,1.0
2026-03-22T21:10:07.745-705391-618793,408,false,0.8874417940964936,1,4073.177120449038,1.0,1.0
2026-03-22T21:10:07.745-705391-618793,183,false,1.6447601512828236,1,4073.177120449038,1.0,1.0
2026-03-22T21:10:07.745-705391-618793,353,false,7.283520197008556,1,4073.177120449038,1.0,1.0
2026-03-22T21:10:07.745-705391-618793,583,false,1.2958025505615192,1,4073.177120449038,1.0,1.0
2026-03-22T21:10:07.745-705391-618793,777,false,2.5498711884722227,1,4073.177120449038,1.0,1.0
2026-03-22T21:10:07.745-705391-618793,804,false,71.49841527799906,1,4073.177120449038,1.0,1.0
2026-03-22T21:10:07.745-705391-618793,163,false,4.60258855405028,1,4073.177120449038,1.0,1.0
2026-03-22T21:10:07.745-705391-618793,641,false,32.38376917191951,1,4073.177120449038,1.0,1.0
2026-03-22T21:10:07.745-705391-618793,199,false,0.41385350904536333,1,4073.177120449038,1.0,1.0
2026-03-22T21:10:07.745-705391-618793,828,false,0.26403062674986444,1,4073.177120449038,1.0,1.0
2026-03-22T21:10:07.745-705391-618793,945,false,0.8020789100721744,1,4073.177120449038,1.0,1.0
2026-03-22T21:10:07.745-705391-618793,566,false,1.7576674906533232,1,4073.177120449038,1.0,1.0
2026-03-22T21:10:07.745-705391-618793,251,false,4.165366586421712,1,4073.177120449038,1.0,1.0
2026-03-22T21:10:07.745-705391-618793,805,false,0.4263283779697809,1,4073.177120449038,1.0,1.0
2026-03-22T21:10:07.745-705391-618793,735,false,0.393313878790096,1,4073.177120449038,1.0,1.0
2026-03-22T21:10:07.745-705391-618793,35,false,13.95902538344086,1,4073.177120449038,1.0,1.0
2026-03-22T21:10:07.745-705391-618793,709,false,4.621082716193305,1,4073.177120449038,1.0,1.0
2026-03-22T21:10:07.745-705391-618793,543,false,3.868876328166667,1,4073.177120449038,1.0,1.0
2026-03-22T21:10:07.745-705391-618793,944,false,0.8618426128300188,1,4073.177120449038,1.0,1.0
2026-03-22T21:10:07.745-705391-618793,994,false,9.420214557680847,1,4073.177120449038,1.0,1.0
2026-03-22T21:10:07.745-705391-618793,523,false,1.8624626272046443,1,4073.177120449038,1.0,1.0
2026-03-22T21:10:07.745-705391-618793,93,false,8.481740244205344,1,4073.177120449038,1.0,1.0
2026-03-22T21:10:07.745-705391-618793,689,false,17.682292349923937,1,4073.177120449038,1.0,1.0
2026-03-22T21:10:07.745-705391-618793,529,false,143.69206817981973,1,4073.177120449038,1.0,1.0
2026-03-22T21:10:07.745-705391-618793,603,false,11.331870469411653,1,4073.177120449038,1.0,1.0
2026-03-22T21:10:07.745-705391-618793,232,false,5.959537967209211,1,4073.177120449038,1.0,1.0
2026-03-22T21:10:07.745-705391-618793,558,false,3.6285838386195386,1,4073.177120449038,1.0,1.0
2026-03-22T21:10:07.745-705391-618793,173,false,0.7181792522544402,1,4073.177120449038,1.0,1.0
2026-03-22T21:10:07.745-705391-618793,196,false,21.865492173916795,1,4073.177120449038,1.0,1.0
2026-03-22T21:10:07.745-705391-618793,518,false,0.2023974927565166,1,4073.177120449038,1.0,1.0
2026-03-22T21:10:07.745-705391-618793,185,false,19.355647167142884,1,4073.177120449038,1.0,1.0
2026-03-22T21:10:07.745-705391-618793,602,false,9.330866957876333,1,4073.177120449038,1.0,1.0
2026-03-22T21:10:07.745-705391-618793,68,false,0.03606662116538796,1,4073.177120449038,1.0,1.0
2026-03-22T21:10:07.745-705391-618793,225,false,0.11018060862122957,1,4073.177120449038,1.0,1.0
2026-03-22T21:10:07.745-705391-618793,359,false,0.44272848459536723,1,4073.177120449038,1.0,1.0
2026-03-22T21:10:07.745-705391-618793,959,false,2.924618204325779,1,4073.177120449038,1.0,1.0
2026-03-22T21:10:07.745-705391-618793,663,false,15.641613326251084,1,4073.177120449038,1.0,1.0
2026-03-22T21:10:07.745-705391-618793,275,false,41.548547003477374,1,4073.177120449038,1.0,1.0
2026-03-22T21:10:07.745-705391-618793,670,false,2.1221174449037266,1,4073.177120449038,1.0,1.0
2026-03-22T21:10:07.745-705391-618793,377,false,4.58457273719442,1,4073.177120449038,1.0,1.0
2026-03-22T21:10:07.745-705391-618793,682,false,0.7427444237778825,1,4073.177120449038,1.0,1.0
2026-03-22T21:10:07.745-705391-618793,618,false,4.8223786749418265,1,4073.177120449038,1.0,1.0
2026-03-22T21:10:07.745-705391-618793,151,false,7.246156725731645,1,4073.177120449038,1.0,1.0
2026-03-22T21:10:07.745-705391-618793,935,false,31.243659086032327,1,4073.177120449038,1.0,1.0
2026-03-22T21:10:07.745-705391-618793,684,false,17.894671196165806,1,4073.177120449038,1.0,1.0
2026-03-22T21:10:07.745-705391-618793,792,false,7.445796750017285,1,4073.177120449038,1.0,1.0
2026-03-22T21:10:07.745-705391-618793,533,false,1.1752416574976359,1,4073.177120449038,1.0,1.0
2026-03-22T21:10:07.745-705391-618793,454,false,31.0586844735249,1,4073.177120449038,1.0,1.0
2026-03-22T21:10:07.745-705391-618793,474,false,5.321922131777158,1,4073.177120449038,1.0,1.0
2026-03-22T21:10:07.745-705391-618793,339,false,3.6580465686644494,1,4073.177120449038,1.0,1.0
2026-03-22T21:10:07.745-705391-618793,365,false,6.936500779413696,1,4073.177120449038,1.0,1.0
2026-03-22T21:10:07.745-705391-618793,302,false,1.5680561333695509,1,4073.177120449038,1.0,1.0
2026-03-22T21:10:07.745-705391-618793,720,false,0.8613957798906664,1,4073.177120449038,1.0,1.0
2026-03-22T21:10:07.745-705391-618793,736,false,0.3469395782350323,1,4073.177120449038,1.0,1.0
2026-03-22T21:10:07.745-705391-618793,429,false,20.634529342364594,1,4073.177120449038,1.0,1.0
2026-03-22T21:10:07.745-705391-618793,59,false,0.019041666462398243,1,4073.177120449038,1.0,1.0
2026-03-22T21:10:07.745-705391-618793,258,false,1.3466383749155446,1,4073.177120449038,1.0,1.0
2026-03-22T21:10:07.745-705391-618793,23,false,1.674780287921748,1,4073.177120449038,1.0,1.0
2026-03-22T21:10:07.745-705391-618793,775,false,0.22150495359748448,1,4073.177120449038,1.0,1.0
2026-03-22T21:10:07.745-705391-618793,938,false,14.036688990655662,1,4073.177120449038,1.0,1.0
2026-03-22T21:10:07.745-705391-618793,458,false,8.003880760172933,1,4073.177120449038,1.0,1.0
2026-03-22T21:10:07.745-705391-618793,419,false,26.787555185252195,1,4073.177120449038,1.0,1.0
2026-03-22T21:10:07.745-705391-618793,214,false,3.8876948796416233,1,4073.177120449038,1.0,1.0
2026-03-22T21:10:07.745-705391-618793,157,false,6.945173575160431,1,4073.177120449038,1.0,1.0
2026-03-22T21:10:07.745-705391-618793,940,false,6.167339407809117,1,4073.177120449038,1.0,1.0
2026-03-22T21:10:07.745-705391-618793,486,false,10.515150925694332,1,4073.177120449038,1.0,1.0
2026-03-22T21:10:07.745-705391-618793,678,false,4.83414074530609,1,4073.177120449038,1.0,1.0
2026-03-22T21:10:07.745-705391-618793,84,false,12.67755175768424,1,4073.177120449038,1.0,1.0
2026-03-22T21:10:07.745-705391-618793,87,false,1.0719090400109568,1,4073.177120449038,1.0,1.0
2026-03-22T21:10:07.745-705391-618793,348,false,0.49992855004003295,1,4073.177120449038,1.0,1.0
2026-03-22T21:10:07.745-705391-618793,62,false,0.18176040880439492,1,4073.177120449038,1.0,1.0
2026-03-22T21:10:07.745-705391-618793,732,false,0.12960871720093828,1,4073.177120449038,1.0,1.0
2026-03-22T21:10:07.745-705391-618793,928,false,5.856659157946014,1,4073.177120449038,1.0,1.0
2026-03-22T21:10:07.745-705391-618793,243,false,11.54780287532133,1,4073.177120449038,1.0,1.0
2026-03-22T21:10:07.745-705391-618793,858,false,16.67220529443344,1,4073.177120449038,1.0,1.0
2026-03-22T21:10:07.745-705391-618793,81,false,1.0218223919722658,1,4073.177120449038,1.0,1.0
2026-03-22T21:10:07.745-705391-618793,966,false,3.173597302362691,1,4073.177120449038,1.0,1.0
2026-03-22T21:10:07.745-705391-618793,571,false,65.82362662507163,1,4073.177120449038,1.0,1.0
2026-03-22T21:10:07.745-705391-618793,464,false,0.8703948868409183,1,4073.177120449038,1.0,1.0
2026-03-22T21:10:07.745-705391-618793,920,false,0.09209507866432091,1,4073.177120449038,1.0,1.0
2026-03-22T21:10:07.745-705391-618793,289,false,1.3555940792619006,1,4073.177120449038,1.0,1.0
2026-03-22T21:10:07.745-705391-618793,410,false,5.900503931165975,1,4073.177120449038,1.0,1.0
2026-03-22T21:10:07.745-705391-618793,343,false,3.262891709520272,1,4073.177120449038,1.0,1.0
2026-03-22T21:10:07.745-705391-618793,80,false,371.55167488519413,1,4073.177120449038,1.0,1.0
2026-03-22T21:10:07.745-705391-618793,412,false,20.852155149437117,1,4073.177120449038,1.0,1.0
2026-03-22T21:10:07.745-705391-618793,69,false,0.2435435076011594,1,4073.177120449038,1.0,1.0
2026-03-22T21:10:07.745-705391-618793,249,false,0.07938138277058072,1,4073.177120449038,1.0,1.0
2026-03-22T21:10:07.745-705391-618793,27,false,0.3155600544546705,1,4073.177120449038,1.0,1.0
2026-03-22T21:10:07.745-705391-618793,481,false,0.3594958920403815,1,4073.177120449038,1.0,1.0
2026-03-22T21:10:07.745-705391-618793,24,false,16.16448221845528,1,4073.177120449038,1.0,1.0
2026-03-22T21:10:07.745-705391-618793,907,false,0.5855526464476795,1,4073.177120449038,1.0,1.0
2026-03-22T21:10:07.745-705391-618793,676,false,0.38019979706281737,1,4073.177120449038,1.0,1.0
2026-03-22T21:10:07.745-705391-618793,889,false,3.243501456929971,1,4073.177120449038,1.0,1.0
2026-03-22T21:10:07.745-705391-618793,572,false,2.9323128231377353,1,4073.177120449038,1.0,1.0
2026-03-22T21:10:07.745-705391-618793,986,false,0.15052926517728732,1,4073.177120449038,1.0,1.0
2026-03-22T21:10:07.745-705391-618793,923,false,4.096779329685129,1,4073.177120449038,1.0,1.0
2026-03-22T21:10:07.745-705391-618793,668,false,3.3210121096341036,1,4073.177120449038,1.0,1.0
2026-03-22T21:10:07.745-705391-618793,142,false,7.534283353306548,1,4073.177120449038,1.0,1.0
2026-03-22T21:10:07.745-705391-618793,874,false,25.35762673448201,1,4073.177120449038,1.0,1.0
2026-03-22T21:10:07.745-705391-618793,812,false,38.66080430465538,1,4073.177120449038,1.0,1.0
2026-03-22T21:10:07.745-705391-618793,276,false,0.781325525687858,1,4073.177120449038,1.0,1.0
2026-03-22T21:10:07.745-705391-618793,177,false,1.2994050640278312,1,4073.177120449038,1.0,1.0
2026-03-22T21:10:07.745-705391-618793,927,false,9.921809597094336,1,4073.177120449038,1.0,1.0
2026-03-22T21:10:07.745-705391-618793,510,false,4.449930537085176,1,4073.177120449038,1.0,1.0
2026-03-22T21:10:07.745-705391-618793,991,false,99.17049944095847,1,4073.177120449038,1.0,1.0
2026-03-22T21:10:07.745-705391-618793,212,false,0.5312440467708707,1,4073.177120449038,1.0,1.0
2026-03-22T21:10:07.745-705391-618793,997,false,0.8314983865048666,1,4073.177120449038,1.0,1.0
2026-03-22T21:10:07.745-705391-618793,140,false,59.73844615288378,1,4073.177120449038,1.0,1.0
2026-03-22T21:10:07.745-705391-618793,705,false,29.140929599954855,1,4073.177120449038,1.0,1.0
2026-03-22T21:10:07.745-705391-618793,947,false,0.36001572880737104,1,4073.177120449038,1.0,1.0
2026-03-22T21:10:07.745-705391-618793,758,false,3.9236224760062313,1,4073.177120449038,1.0,1.0
2026-03-22T21:10:07.745-705391-618793,700,false,54.60795151752243,1,4073.177120449038,1.0,1.0
2026-03-22T21:10:07.745-705391-618793,184,false,0.9026664202446166,1,4073.177120449038,1.0,1.0
2026-03-22T21:10:07.745-705391-618793,634,false,2.0603372291878745,1,4073.177120449038,1.0,1.0
2026-03-22T21:10:07.745-705391-618793,715,false,3.837002337154213,1,4073.177120449038,1.0,1.0
2026-03-22T21:10:07.745-705391-618793,65,false,6.081843299893097,1,4073.177120449038,1.0,1.0
2026-03-22T21:10:07.745-705391-618793,562,false,1.028040907256136,1,4073.177120449038,1.0,1.0
2026-03-22T21:10:07.745-705391-618793,946,false,0.48181432992205775,1,4073.177120449038,1.0,1.0
2026-03-22T21:10:07.745-705391-618793,564,false,81.54046986885098,1,4073.177120449038,1.0,1.0
2026-03-22T21:10:07.745-705391-618793,857,false,6.983359527647262,1,4073.177120449038,1.0,1.0
2026-03-22T21:10:07.745-705391-618793,261,false,203.8397960736547,1,4073.177120449038,1.0,1.0
2026-03-22T21:10:07.745-705391-618793,780,false,4.163160107718866,1,4073.177120449038,1.0,1.0
2026-03-22T21:10:07.745-705391-618793,909,false,2.3498617800041024,1,4073.177120449038,1.0,1.0
2026-03-22T21:10:07.745-705391-618793,248,false,22.624988306780395,1,4073.177120449038,1.0,1.0
2026-03-22T21:10:07.745-705391-618793,546,false,2.4991772282140348,1,4073.177120449038,1.0,1.0
2026-03-22T21:10:07.745-705391-618793,440,false,68.87811123463263,1,4073.177120449038,1.0,1.0
2026-03-22T21:10:07.745-705391-618793,958,false,1.5089648299279248,1,4073.177120449038,1.0,1.0
2026-03-22T21:10:07.745-705391-618793,553,false,363.9031022723775,1,4073.177120449038,1.0,1.0
2026-03-22T21:10:07.745-705391-618793,272,false,0.3689128905940395,1,4073.177120449038,1.0,1.0
2026-03-22T21:10:07.745-705391-618793,247,false,2.434005694498513,1,4073.177120449038,1.0,1.0
2026-03-22T21:10:07.745-705391-618793,967,false,8.935583025747338,1,4073.177120449038,1.0,1.0
2026-03-22T21:10:07.745-705391-618793,122,false,11.44897463181801,1,4073.177120449038,1.0,1.0
2026-03-22T21:10:07.745-705391-618793,600,false,1.16965876734914,1,4073.177120449038,1.0,1.0
2026-03-22T21:10:07.745-705391-618793,578,false,17.829567919586474,1,4073.177120449038,1.0,1.0
2026-03-22T21:10:07.745-705391-618793,117,false,1.3706110720322968,1,4073.177120449038,1.0,1.0
2026-03-22T21:10:07.745-705391-618793,598,false,0.2997719442195736,1,4073.177120449038,1.0,1.0
2026-03-22T21:10:07.745-705391-618793,951,false,1.0455125018524847,1,4073.177120449038,1.0,1.0
2026-03-22T21:10:07.745-705391-618793,933,false,11.460617729981312,1,4073.177120449038,1.0,1.0
2026-03-22T21:10:07.745-705391-618793,278,false,3.3058669967683323,1,4073.177120449038,1.0,1.0
2026-03-22T21:10:07.745-705391-618793,92,false,12.03429475257343,1,4073.177120449038,1.0,1.0
2026-03-22T21:10:07.745-705391-618793,702,false,56.73102836941645,1,4073.177120449038,1.0,1.0
2026-03-22T21:10:07.745-705391-618793,646,false,2.6130983485347286,1,4073.177120449038,1.0,1.0
2026-03-22T21:10:07.745-705391-618793,894,false,0.7882880832752737,1,4073.177120449038,1.0,1.0
2026-03-22T21:10:07.745-705391-618793,271,false,5.837615714426172,1,4073.177120449038,1.0,1.0
2026-03-22T21:10:07.745-705391-618793,82,false,0.298340145381416,1,4073.177120449038,1.0,1.0
2026-03-22T21:10:07.745-705391-618793,55,false,26.775448458960664,1,4073.177120449038,1.0,1.0
2026-03-22T21:10:07.745-705391-618793,403,false,18.881035761588272,1,4073.177120449038,1.0,1.0
2026-03-22T21:10:07.745-705391-618793,336,false,0.808845693281614,1,4073.177120449038,1.0,1.0
2026-03-22T21:10:07.745-705391-618793,912,false,1.1319372857392265,1,4073.177120449038,1.0,1.0
2026-03-22T21:10:07.745-705391-618793,263,false,9.217302847751737,1,4073.177120449038,1.0,1.0
2026-03-22T21:10:07.745-705391-618793,950,false,0.2906942194386634,1,4073.177120449038,1.0,1.0
2026-03-22T21:10:07.745-705391-618793,814,false,1.9055849978599186,1,4073.177120449038,1.0,1.0
2026-03-22T21:10:07.745-705391-618793,416,false,0.5424647101330629,1,4073.177120449038,1.0,1.0
2026-03-22T21:10:07.745-705391-618793,631,false,28.135006672496257,1,4073.177120449038,1.0,1.0
2026-03-22T21:10:07.745-705391-618793,999,false,3.7775031152107714,1,4073.177120449038,1.0,1.0
2026-03-22T21:10:07.745-705391-618793,329,false,0.09276595937434375,1,4073.177120449038,1.0,1.0
2026-03-22T21:10:07.745-705391-618793,633,false,6.003765458193208,1,4073.177120449038,1.0,1.0
2026-03-22T21:10:07.745-705391-618793,155,false,26.80824220995783,1,4073.177120449038,1.0,1.0
2026-03-22T21:10:07.745-705391-618793,790,false,0.40068496684155347,1,4073.177120449038,1.0,1.0
2026-03-22T21:10:07.745-705391-618793,434,false,4.507604693979131,1,4073.177120449038,1.0,1.0
2026-03-22T21:10:07.745-705391-618793,542,false,0.7049888368341347,1,4073.177120449038,1.0,1.0
2026-03-22T21:10:07.745-705391-618793,594,false,0.07896096825631362,1,4073.177120449038,1.0,1.0
2026-03-22T21:10:07.745-705391-618793,565,false,0.4492322018391292,1,4073.177120449038,1.0,1.0
2026-03-22T21:10:07.745-705391-618793,115,false,2.1167816187586097,1,4073.177120449038,1.0,1.0
2026-03-22T21:10:07.745-705391-618793,575,false,1.1033160979637278,1,4073.177120449038,1.0,1.0
2026-03-22T21:10:07.745-705391-618793,835,false,111.75796141058056,1,4073.177120449038,1.0,1.0
2026-03-22T21:10:07.745-705391-618793,976,false,1.1178176571307912,1,4073.177120449038,1.0,1.0
2026-03-22T21:10:07.745-705391-618793,116,false,411.5006961473316,1,4073.177120449038,1.0,1.0
2026-03-22T21:10:07.745-705391-618793,341,false,3.0145183660915493,1,4073.177120449038,1.0,1.0
2026-03-22T21:10:07.745-705391-618793,337,false,1.4662923792693878,1,4073.177120449038,1.0,1.0
2026-03-22T21:10:07.745-705391-618793,209,false,2.9444584686299535,1,4073.177120449038,1.0,1.0
2026-03-22T21:10:07.745-705391-618793,30,false,11.727948654106642,1,4073.177120449038,1.0,1.0
2026-03-22T21:10:07.745-705391-618793,44,false,21.266444410910804,1,4073.177120449038,1.0,1.0
2026-03-22T21:10:07.745-705391-618793,426,false,0.8535671304764344,1,4073.177120449038,1.0,1.0
2026-03-22T21:10:07.745-705391-618793,86,false,0.9778212248248047,1,4073.177120449038,1.0,1.0
2026-03-22T21:10:07.745-705391-618793,300,false,0.06273962160624028,1,4073.177120449038,1.0,1.0
2026-03-22T21:10:07.745-705391-618793,301,false,133.11852225263718,1,4073.177120449038,1.0,1.0
2026-03-22T21:10:07.745-705391-618793,925,false,150.40323209992258,1,4073.177120449038,1.0,1.0
2026-03-22T21:10:07.745-705391-618793,905,false,0.7649355100544734,1,4073.177120449038,1.0,1.0
2026-03-22T21:10:07.745-705391-618793,504,false,15.413793955626224,1,4073.177120449038,1.0,1.0
2026-03-22T21:10:07.745-705391-618793,665,false,3.1933618843393714,1,4073.177120449038,1.0,1.0
2026-03-22T21:10:07.745-705391-618793,150,false,2.8192058184040603,1,4073.177120449038,1.0,1.0
2026-03-22T21:10:07.745-705391-618793,356,false,31.17459336007428,1,4073.177120449038,1.0,1.0
2026-03-22T21:10:07.745-705391-618793,882,false,39.82509748033517,1,4073.177120449038,1.0,1.0
2026-03-22T21:10:07.745-705391-618793,632,false,0.29698368226545074,1,4073.177120449038,1.0,1.0
2026-03-22T21:10:07.745-705391-618793,129,false,1.8674382067106896,1,4073.177120449038,1.0,1.0
2026-03-22T21:10:07.745-705391-618793,506,false,2.016889607666353,1,4073.177120449038,1.0,1.0
2026-03-22T21:10:07.745-705391-618793,908,false,0.48631586315328623,1,4073.177120449038,1.0,1.0
2026-03-22T21:10:07.745-705391-618793,165,false,3.7281365410284146,1,4073.177120449038,1.0,1.0
2026-03-22T21:10:07.745-705391-618793,617,false,4.119711105454922,1,4073.177120449038,1.0,1.0
2026-03-22T21:10:07.745-705391-618793,796,false,0.14425121093447607,1,4073.177120449038,1.0,1.0
2026-03-22T21:10:07.745-705391-618793,340,false,34.14583584571487,1,4073.177120449038,1.0,1.0
2026-03-22T21:10:07.745-705391-618793,327,false,0.08106527786127464,1,4073.177120449038,1.0,1.0
2026-03-22T21:10:07.745-705391-618793,815,false,1.2344718878176635,1,4073.177120449038,1.0,1.0
2026-03-22T21:10:07.745-705391-618793,926,false,2.0375098126047217,1,4073.177120449038,1.0,1.0
2026-03-22T21:10:07.745-705391-618793,870,false,5.653952157935257,1,4073.177120449038,1.0,1.0
2026-03-22T21:10:07.745-705391-618793,332,false,0.14498570942337158,1,4073.177120449038,1.0,1.0
2026-03-22T21:10:07.745-705391-618793,470,false,33.61745932106752,1,4073.177120449038,1.0,1.0
2026-03-22T21:10:07.745-705391-618793,354,false,0.0870060957948659,1,4073.177120449038,1.0,1.0
2026-03-22T21:10:07.745-705391-618793,643,false,0.667471645643324,1,4073.177120449038,1.0,1.0
2026-03-22T21:10:07.745-705391-618793,836,false,18.908690411212127,1,4073.177120449038,1.0,1.0
2026-03-22T21:10:07.745-705391-618793,803,false,2.0893216216558934,1,4073.177120449038,1.0,1.0
2026-03-22T21:10:07.745-705391-618793,161,false,1.6987202713943255,1,4073.177120449038,1.0,1.0
2026-03-22T21:10:07.745-705391-618793,845,false,0.09734696530420216,1,4073.177120449038,1.0,1.0
2026-03-22T21:10:07.745-705391-618793,853,false,15.36798738820812,1,4073.177120449038,1.0,1.0
2026-03-22T21:10:07.745-705391-618793,445,false,0.10025807810066724,1,4073.177120449038,1.0,1.0
2026-03-22T21:10:07.745-705391-618793,949,false,0.07600120789018865,1,4073.177120449038,1.0,1.0
2026-03-22T21:10:07.745-705391-618793,141,false,0.2971233605834004,1,4073.177120449038,1.0,1.0
2026-03-22T21:10:07.745-705391-618793,370,false,0.455275066291987,1,4073.177120449038,1.0,1.0
2026-03-22T21:10:07.745-705391-618793,342,false,0.6202467495073115,1,4073.177120449038,1.0,1.0
2026-03-22T21:10:07.745-705391-618793,696,false,0.034466613698235726,1,4073.177120449038,1.0,1.0
2026-03-22T21:10:07.745-705391-618793,392,false,1.0899005894200722,1,4073.177120449038,1.0,1.0
2026-03-22T21:10:07.745-705391-618793,391,false,0.08811934226962224,1,4073.177120449038,1.0,1.0
2026-03-22T21:10:07.745-705391-618793,973,false,36.935968713396555,1,4073.177120449038,1.0,1.0
2026-03-22T21:10:07.745-705391-618793,739,false,48.634728033038165,1,4073.177120449038,1.0,1.0
2026-03-22T21:10:07.745-705391-618793,435,false,1.0417808327621183,1,4073.177120449038,1.0,1.0
2026-03-22T21:10:07.745-705391-618793,788,false,3.9560297856669484,1,4073.177120449038,1.0,1.0
2026-03-22T21:10:07.745-705391-618793,513,false,0.2819754383086005,1,4073.177120449038,1.0,1.0
2026-03-22T21:10:07.745-705391-618793,595,false,2.123610933794825,1,4073.177120449038,1.0,1.0
2026-03-22T21:10:07.745-705391-618793,130,false,0.48509957502778833,1,4073.177120449038,1.0,1.0
2026-03-22T21:10:07.745-705391-618793,899,false,4.427313364800087,1,4073.177120449038,1.0,1.0
2026-03-22T21:10:07.745-705391-618793,521,false,29.352322732565508,1,4073.177120449038,1.0,1.0
2026-03-22T21:10:07.745-705391-618793,307,false,18.273577958544482,1,4073.177120449038,1.0,1.0
2026-03-22T21:10:07.745-705391-618793,399,false,3.457405009172285,1,4073.177120449038,1.0,1.0
2026-03-22T21:10:07.745-705391-618793,499,false,0.7650697545554068,1,4073.177120449038,1.0,1.0
2026-03-22T21:10:07.745-705391-618793,877,false,0.49896147329740853,1,4073.177120449038,1.0,1.0
2026-03-22T21:10:07.745-705391-618793,924,false,19.729885475883602,1,4073.177120449038,1.0,1.0
2026-03-22T21:10:07.745-705391-618793,954,false,0.20458943283136397,1,4073.177120449038,1.0,1.0
2026-03-22T21:10:07.745-705391-618793,210,false,168.90444094150618,1,4073.177120449038,1.0,1.0
2026-03-22T21:10:07.745-705391-618793,852,false,281.4877486803875,1,4073.177120449038,1.0,1.0
2026-03-22T21:10:07.745-705391-618793,323,false,8.149342521047902,1,4073.177120449038,1.0,1.0
2026-03-22T21:10:07.745-705391-618793,282,false,1.352033513030362,1,4073.177120449038,1.0,1.0
2026-03-22T21:10:07.745-705391-618793,427,false,1.5853325498267585,1,4073.177120449038,1.0,1.0
2026-03-22T21:10:07.745-705391-618793,366,false,0.07149525703389206,1,4073.177120449038,1.0,1.0
2026-03-22T21:10:07.745-705391-618793,483,false,0.8073945817463656,1,4073.177120449038,1.0,1.0
2026-03-22T21:10:07.745-705391-618793,194,false,0.17286877967085737,1,4073.177120449038,1.0,1.0
2026-03-22T21:10:07.745-705391-618793,334,false,0.10910484515440032,1,4073.177120449038,1.0,1.0
2026-03-22T21:10:07.745-705391-618793,740,false,0.5344293216757185,1,4073.177120449038,1.0,1.0
2026-03-22T21:10:07.745-705391-618793,539,false,10.32152490600892,1,4073.177120449038,1.0,1.0
2026-03-22T21:10:07.745-705391-618793,451,false,20.83470105028958,1,4073.177120449038,1.0,1.0
2026-03-22T21:10:07.745-705391-618793,169,false,0.12228997530358464,1,4073.177120449038,1.0,1.0
2026-03-22T21:10:07.745-705391-618793,381,false,6.550136177952692,1,4073.177120449038,1.0,1.0
2026-03-22T21:10:07.745-705391-618793,303,false,6.36172500848262,1,4073.177120449038,1.0,1.0
2026-03-22T21:10:07.745-705391-618793,839,false,11.421199157243617,1,4073.177120449038,1.0,1.0
2026-03-22T21:10:07.745-705391-618793,776,false,5.3252095319409465,1,4073.177120449038,1.0,1.0
2026-03-22T21:10:07.745-705391-618793,588,false,4.251245430339052,1,4073.177120449038,1.0,1.0
2026-03-22T21:10:07.745-705391-618793,131,false,0.20565985736106016,1,4073.177120449038,1.0,1.0
2026-03-22T21:10:07.745-705391-618793,753,false,0.25270525260846893,1,4073.177120449038,1.0,1.0
2026-03-22T21:10:07.745-705391-618793,956,false,132.95042693984726,1,4073.177120449038,1.0,1.0
2026-03-22T21:10:07.745-705391-618793,257,false,3.1100828820579465,1,4073.177120449038,1.0,1.0
2026-03-22T21:10:07.745-705391-618793,929,false,0.34410127419331776,1,4073.177120449038,1.0,1.0
2026-03-22T21:10:07.745-705391-618793,574,false,0.6367354613916949,1,4073.177120449038,1.0,1.0
2026-03-22T21:10:07.745-705391-618793,206,false,0.8772221888712277,1,4073.177120449038,1.0,1.0
2026-03-22T21:10:07.745-705391-618793,265,false,0.03096058810649929,1,4073.177120449038,1.0,1.0
2026-03-22T21:10:07.745-705391-618793,52,false,6.007900734023112,1,4073.177120449038,1.0,1.0
2026-03-22T21:10:07.745-705391-618793,722,false,0.4276085057855987,1,4073.177120449038,1.0,1.0
2026-03-22T21:10:07.745-705391-618793,118,false,471.9017799293622,1,4073.177120449038,1.0,1.0
2026-03-22T21:10:07.745-705391-618793,262,false,19.309723574636372,1,4073.177120449038,1.0,1.0
2026-03-22T21:10:07.745-705391-618793,385,false,3.2027893987886653,1,4073.177120449038,1.0,1.0
2026-03-22T21:10:07.745-705391-618793,975,false,0.22843466922010006,1,4073.177120449038,1.0,1.0
2026-03-22T21:10:07.745-705391-618793,760,false,90.80677145987259,1,4073.177120449038,1.0,1.0
2026-03-22T21:10:07.745-705391-618793,613,false,0.4187054237347065,1,4073.177120449038,1.0,1.0
2026-03-22T21:10:07.745-705391-618793,149,false,8.677569394295245,1,4073.177120449038,1.0,1.0
2026-03-22T21:10:07.745-705391-618793,864,false,0.32418553911402415,1,4073.177120449038,1.0,1.0
2026-03-22T21:10:07.745-705391-618793,133,false,47.73140704842661,1,4073.177120449038,1.0,1.0
2026-03-22T21:10:07.745-705391-618793,821,false,0.4440725807334803,1,4073.177120449038,1.0,1.0
2026-03-22T21:10:07.745-705391-618793,917,false,2.486656848439989,1,4073.177120449038,1.0,1.0
2026-03-22T21:10:07.745-705391-618793,281,false,0.043280243392969354,1,4073.177120449038,1.0,1.0
2026-03-22T21:10:07.745-705391-618793,135,false,0.32390122685375367,1,4073.177120449038,1.0,1.0
2026-03-22T21:10:07.745-705391-618793,914,false,0.889142696598138,1,4073.177120449038,1.0,1.0
2026-03-22T21:10:07.745-705391-618793,411,false,41.20129910375564,1,4073.177120449038,1.0,1.0
2026-03-22T21:10:07.745-705391-618793,152,false,6.300714868000377,1,4073.177120449038,1.0,1.0
2026-03-22T21:10:07.745-705391-618793,85,false,0.708638679337331,1,4073.177120449038,1.0,1.0
2026-03-22T21:10:07.745-705391-618793,577,false,11.22177570363263,1,4073.177120449038,1.0,1.0
2026-03-22T21:10:07.745-705391-618793,221,false,588.728943788081,1,4073.177120449038,1.0,1.0
2026-03-22T21:10:07.745-705391-618793,865,false,0.5447497573560545,1,4073.177120449038,1.0,1.0
2026-03-22T21:10:07.745-705391-618793,922,false,4.242163837066739,1,4073.177120449038,1.0,1.0
2026-03-22T21:10:07.745-705391-618793,250,false,87.24143379812726,1,4073.177120449038,1.0,1.0
2026-03-22T21:10:07.745-705391-618793,237,false,0.8128755751266646,1,4073.177120449038,1.0,1.0
2026-03-22T21:10:07.745-705391-618793,704,false,21.505672763172274,1,4073.177120449038,1.0,1.0
2026-03-22T21:10:07.745-705391-618793,984,false,0.571329801408348,1,4073.177120449038,1.0,1.0
2026-03-22T21:10:07.745-705391-618793,895,false,2.747431459578426,1,4073.177120449038,1.0,1.0
2026-03-22T21:10:07.745-705391-618793,841,false,0.9622911050202765,1,4073.177120449038,1.0,1.0
2026-03-22T21:10:07.745-705391-618793,326,false,2.573895636071308,1,4073.177120449038,1.0,1.0
2026-03-22T21:10:07.745-705391-618793,619,false,3.466401472818745,1,4073.177120449038,1.0,1.0
2026-03-22T21:10:07.745-705391-618793,417,false,1.9030534865633018,1,4073.177120449038,1.0,1.0
2026-03-22T21:10:07.745-705391-618793,268,false,0.3303828188327724,1,4073.177120449038,1.0,1.0
2026-03-22T21:10:07.745-705391-618793,319,false,3.6636899049077454,1,4073.177120449038,1.0,1.0
2026-03-22T21:10:07.745-705391-618793,957,false,0.6142416188022196,1,4073.177120449038,1.0,1.0
2026-03-22T21:10:07.745-705391-618793,1000,false,3.887490649058654,1,4073.177120449038,1.0,1.0
2026-03-22T21:10:07.745-705391-618793,12,false,1.6385076729832933,1,4073.177120449038,1.0,1.0
2026-03-22T21:10:07.745-705391-618793,724,false,15.401544342687993,1,4073.177120449038,1.0,1.0
2026-03-22T21:10:07.745-705391-618793,22,false,6.226169522227589,1,4073.177120449038,1.0,1.0
2026-03-22T21:10:07.745-705391-618793,160,false,0.5135469057890681,1,4073.177120449038,1.0,1.0
2026-03-22T21:10:07.745-705391-618793,612,false,2.2819867956964317,1,4073.177120449038,1.0,1.0
2026-03-22T21:10:07.745-705391-618793,310,false,0.24180882969340634,1,4073.177120449038,1.0,1.0
2026-03-22T21:10:07.745-705391-618793,305,false,2.9258512149568032,1,4073.177120449038,1.0,1.0
2026-03-22T21:10:07.745-705391-618793,472,false,17.668058757993617,1,4073.177120449038,1.0,1.0
2026-03-22T21:10:07.745-705391-618793,13,false,692.2084317802942,1,4073.177120449038,1.0,1.0
2026-03-22T21:10:07.745-705391-618793,106,false,15.531758371419942,1,4073.177120449038,1.0,1.0
2026-03-22T21:10:07.745-705391-618793,787,false,10.812181957717865,1,4073.177120449038,1.0,1.0
2026-03-22T21:10:07.745-705391-618793,325,false,0.2927720760118918,1,4073.177120449038,1.0,1.0
2026-03-22T21:10:07.745-705391-618793,561,false,2.4362303688056777,1,4073.177120449038,1.0,1.0
2026-03-22T21:10:07.745-705391-618793,393,false,19.738236603675894,1,4073.177120449038,1.0,1.0
2026-03-22T21:10:07.745-705391-618793,283,false,66.18792913634974,1,4073.177120449038,1.0,1.0
2026-03-22T21:10:07.745-705391-618793,611,false,0.17135721083170466,1,4073.177120449038,1.0,1.0
2026-03-22T21:10:07.745-705391-618793,810,false,0.01714237613336699,1,4073.177120449038,1.0,1.0
2026-03-22T21:10:07.745-705391-618793,697,false,2.709862345215616,1,4073.177120449038,1.0,1.0
2026-03-22T21:10:07.745-705391-618793,948,false,3.393961741592155,1,4073.177120449038,1.0,1.0
2026-03-22T21:10:07.745-705391-618793,748,false,1.315039580521356,1,4073.177120449038,1.0,1.0
2026-03-22T21:10:07.745-705391-618793,76,false,1.7601237816454862,1,4073.177120449038,1.0,1.0
2026-03-22T21:10:07.745-705391-618793,364,false,0.8858721986548278,1,4073.177120449038,1.0,1.0
2026-03-22T21:10:07.745-705391-618793,158,false,1.6641404192238445,1,4073.177120449038,1.0,1.0
2026-03-22T21:10:07.745-705391-618793,850,false,0.25874147035601086,1,4073.177120449038,1.0,1.0
2026-03-22T21:10:07.745-705391-618793,480,false,3.9075117518921014,1,4073.177120449038,1.0,1.0
2026-03-22T21:10:07.745-705391-618793,972,false,2.278280159214959,1,4073.177120449038,1.0,1.0
2026-03-22T21:10:07.745-705391-618793,862,false,2.8262992524076833,1,4073.177120449038,1.0,1.0
2026-03-22T21:10:07.745-705391-618793,424,false,0.25739216766247125,1,4073.177120449038,1.0,1.0
2026-03-22T21:10:07.745-705391-618793,898,false,0.8101217192482091,1,4073.177120449038,1.0,1.0
2026-03-22T21:10:07.745-705391-618793,67,false,10.875458038248189,1,4073.177120449038,1.0,1.0
2026-03-22T21:10:07.745-705391-618793,192,false,0.4960229058295362,1,4073.177120449038,1.0,1.0
2026-03-22T21:10:07.745-705391-618793,747,false,3.9362072176366754,1,4073.177120449038,1.0,1.0
2026-03-22T21:10:07.745-705391-618793,360,false,1.6975555470038177,1,4073.177120449038,1.0,1.0
2026-03-22T21:10:07.745-705391-618793,816,false,2.9543873203367945,1,4073.177120449038,1.0,1.0
2026-03-22T21:10:07.745-705391-618793,624,false,3.795219686845285,1,4073.177120449038,1.0,1.0
2026-03-22T21:10:07.745-705391-618793,444,false,0.1571131779473026,1,4073.177120449038,1.0,1.0
2026-03-22T21:10:07.745-705391-618793,818,false,6.375993496080675,1,4073.177120449038,1.0,1.0
2026-03-22T21:10:07.745-705391-618793,621,false,11.803010523912848,1,4073.177120449038,1.0,1.0
2026-03-22T21:10:07.745-705391-618793,72,false,0.09012510691296881,1,4073.177120449038,1.0,1.0
2026-03-22T21:10:07.745-705391-618793,42,false,1.9136185464477584,1,4073.177120449038,1.0,1.0
2026-03-22T21:10:07.745-705391-618793,759,false,0.23673811609581247,1,4073.177120449038,1.0,1.0
2026-03-22T21:10:07.745-705391-618793,294,false,112.99418851125843,1,4073.177120449038,1.0,1.0
2026-03-22T21:10:07.745-705391-618793,701,false,0.31714176337291083,1,4073.177120449038,1.0,1.0
2026-03-22T21:10:07.745-705391-618793,494,false,1020.8571526357057,1,4073.177120449038,1.0,1.0
2026-03-22T21:10:07.745-705391-618793,260,false,2.0650448281447504,1,4073.177120449038,1.0,1.0
2026-03-22T21:10:07.745-705391-618793,448,false,14.581373135492257,1,4073.177120449038,1.0,1.0
2026-03-22T21:10:07.745-705391-618793,124,false,0.419785617601962,1,4073.177120449038,1.0,1.0
2026-03-22T21:10:07.745-705391-618793,498,false,0.013079484412033436,1,4073.177120449038,1.0,1.0
2026-03-22T21:10:07.745-705391-618793,5,false,13.249334300001705,1,4073.177120449038,1.0,1.0
2026-03-22T21:10:07.745-705391-618793,312,false,11.861556838198577,1,4073.177120449038,1.0,1.0
2026-03-22T21:10:07.745-705391-618793,482,false,25.11472811434918,1,4073.177120449038,1.0,1.0
2026-03-22T21:10:07.745-705391-618793,79,false,2.087761799341929,1,4073.177120449038,1.0,1.0
2026-03-22T21:10:07.745-705391-618793,53,false,79.75035099660434,1,4073.177120449038,1.0,1.0
2026-03-22T21:10:07.745-705391-618793,273,false,19.588930414889916,1,4073.177120449038,1.0,1.0
2026-03-22T21:10:07.745-705391-618793,786,false,27.257283841482085,1,4073.177120449038,1.0,1.0
2026-03-22T21:10:07.745-705391-618793,488,false,0.014801557030331295,1,4073.177120449038,1.0,1.0
2026-03-22T21:10:07.745-705391-618793,89,false,96.28128504029111,1,4073.177120449038,1.0,1.0
2026-03-22T21:10:07.745-705391-618793,772,false,15.751052339899164,1,4073.177120449038,1.0,1.0
2026-03-22T21:10:07.745-705391-618793,863,false,3.710098651405153,1,4073.177120449038,1.0,1.0
2026-03-22T21:10:07.745-705391-618793,728,false,0.7943245770572168,1,4073.177120449038,1.0,1.0
2026-03-22T21:10:07.745-705391-618793,19,false,16.145256334111185,1,4073.177120449038,1.0,1.0
2026-03-22T21:10:07.745-705391-618793,439,false,2.346866506888885,1,4073.177120449038,1.0,1.0
2026-03-22T21:10:07.745-705391-618793,441,false,0.7790468018432034,1,4073.177120449038,1.0,1.0
2026-03-22T21:10:07.745-705391-618793,25,false,0.5194475023321625,1,4073.177120449038,1.0,1.0
2026-03-22T21:10:07.745-705391-618793,90,false,184.1377391840587,1,4073.177120449038,1.0,1.0
2026-03-22T21:10:07.745-705391-618793,626,false,26.493913200383716,1,4073.177120449038,1.0,1.0
2026-03-22T21:10:07.745-705391-618793,625,false,7.753171669860294,1,4073.177120449038,1.0,1.0
2026-03-22T21:10:07.745-705391-618793,540,false,3.4064464317540155,1,4073.177120449038,1.0,1.0
2026-03-22T21:10:07.745-705391-618793,767,false,0.3397498787549837,1,4073.177120449038,1.0,1.0
2026-03-22T21:10:07.745-705391-618793,344,false,0.6494037991583756,1,4073.177120449038,1.0,1.0
2026-03-22T21:10:07.745-705391-618793,125,false,0.1790615442628847,1,4073.177120449038,1.0,1.0
2026-03-22T21:10:07.745-705391-618793,186,false,4.000762735333742,1,4073.177120449038,1.0,1.0
2026-03-22T21:10:07.745-705391-618793,650,false,0.548496026253707,1,4073.177120449038,1.0,1.0
2026-03-22T21:10:07.745-705391-618793,707,false,0.08808486427235963,1,4073.177120449038,1.0,1.0
2026-03-22T21:10:07.745-705391-618793,880,false,5.114928076067367,1,4073.177120449038,1.0,1.0
2026-03-22T21:10:07.745-705391-618793,200,false,6.148558671940507,1,4073.177120449038,1.0,1.0
2026-03-22T21:10:07.745-705391-618793,476,false,8.26392958353601,1,4073.177120449038,1.0,1.0
2026-03-22T21:10:07.745-705391-618793,322,false,10.202953136642682,1,4073.177120449038,1.0,1.0
2026-03-22T21:10:07.745-705391-618793,107,false,9.547297215688893,1,4073.177120449038,1.0,1.0
2026-03-22T21:10:07.745-705391-618793,757,false,0.007799451822109971,1,4073.177120449038,1.0,1.0
2026-03-22T21:10:07.745-705391-618793,36,false,16.620892956686433,1,4073.177120449038,1.0,1.0
2026-03-22T21:10:07.745-705391-618793,733,false,1.436253628161437,1,4073.177120449038,1.0,1.0
2026-03-22T21:10:07.745-705391-618793,688,false,0.12059079638521643,1,4073.177120449038,1.0,1.0
2026-03-22T21:10:07.745-705391-618793,406,false,0.10923884099556513,1,4073.177120449038,1.0,1.0
2026-03-22T21:10:07.745-705391-618793,145,false,123.72511456893265,1,4073.177120449038,1.0,1.0
2026-03-22T21:10:07.745-705391-618793,848,false,2.3634477488505445,1,4073.177120449038,1.0,1.0
2026-03-22T21:10:07.745-705391-618793,171,false,0.4560419406911837,1,4073.177120449038,1.0,1.0
2026-03-22T21:10:07.745-705391-618793,361,false,7.328913931662084,1,4073.177120449038,1.0,1.0
2026-03-22T21:10:07.745-705391-618793,328,false,1.350581687489538,1,4073.177120449038,1.0,1.0
2026-03-22T21:10:07.745-705391-618793,487,false,1.1271377271048948,1,4073.177120449038,1.0,1.0
2026-03-22T21:10:07.745-705391-618793,2,false,4.929503358732801,1,4073.177120449038,1.0,1.0
2026-03-22T21:10:07.745-705391-618793,375,false,0.24164805596109082,1,4073.177120449038,1.0,1.0
2026-03-22T21:10:07.745-705391-618793,591,false,0.13102763334498127,1,4073.177120449038,1.0,1.0
2026-03-22T21:10:07.745-705391-618793,989,false,0.1260853915943898,1,4073.177120449038,1.0,1.0
2026-03-22T21:10:07.745-705391-618793,730,false,4.166114528767926,1,4073.177120449038,1.0,1.0
2026-03-22T21:10:07.745-705391-618793,800,false,17.488888810694647,1,4073.177120449038,1.0,1.0
2026-03-22T21:10:07.745-705391-618793,380,false,4.041409389940851,1,4073.177120449038,1.0,1.0
2026-03-22T21:10:07.745-705391-618793,123,false,16.43973439122964,1,4073.177120449038,1.0,1.0
2026-03-22T21:10:07.745-705391-618793,217,false,0.3110879525521728,1,4073.177120449038,1.0,1.0
2026-03-22T21:10:07.745-705391-618793,47,false,75.48135102307697,1,4073.177120449038,1.0,1.0
2026-03-22T21:10:07.745-705391-618793,372,false,80.31203427833132,1,4073.177120449038,1.0,1.0
2026-03-22T21:10:07.745-705391-618793,981,false,4.865219618456861,1,4073.177120449038,1.0,1.0
2026-03-22T21:10:07.745-705391-618793,755,false,143.17145650812623,1,4073.177120449038,1.0,1.0
2026-03-22T21:10:07.745-705391-618793,537,false,31.106940061892384,1,4073.177120449038,1.0,1.0
2026-03-22T21:10:07.745-705391-618793,51,false,58.14021612879475,1,4073.177120449038,1.0,1.0
2026-03-22T21:10:07.745-705391-618793,854,false,7.13747273227921,1,4073.177120449038,1.0,1.0
2026-03-22T21:10:07.745-705391-618793,162,false,1.7833729264413738,1,4073.177120449038,1.0,1.0
2026-03-22T21:10:07.745-705391-618793,77,false,3.6814451554921326,1,4073.177120449038,1.0,1.0
2026-03-22T21:10:07.745-705391-618793,308,false,8.871333663753033,1,4073.177120449038,1.0,1.0
2026-03-22T21:10:07.745-705391-618793,893,false,0.24291974517929102,1,4073.177120449038,1.0,1.0
2026-03-22T21:10:07.745-705391-618793,40,false,3.7797845997214834,1,4073.177120449038,1.0,1.0
2026-03-22T21:10:07.745-705391-618793,519,false,0.025995074236575558,1,4073.177120449038,1.0,1.0
2026-03-22T21:10:07.745-705391-618793,178,false,0.9336481761435554,1,4073.177120449038,1.0,1.0
2026-03-22T21:10:07.745-705391-618793,15,false,0.46176358377886917,1,4073.177120449038,1.0,1.0
2026-03-22T21:10:07.745-705391-618793,349,false,1.8875848167168152,1,4073.177120449038,1.0,1.0
2026-03-22T21:10:07.745-705391-618793,589,false,0.17421458643498902,1,4073.177120449038,1.0,1.0
2026-03-22T21:10:07.745-705391-618793,387,false,5.789493444050574,1,4073.177120449038,1.0,1.0
2026-03-22T21:10:07.745-705391-618793,606,false,10.642055664298422,1,4073.177120449038,1.0,1.0
2026-03-22T21:10:07.745-705391-618793,401,false,0.0440146272458555,1,4073.177120449038,1.0,1.0
2026-03-22T21:10:07.745-705391-618793,721,false,0.10925871857676396,1,4073.177120449038,1.0,1.0
2026-03-22T21:10:07.745-705391-618793,563,false,5.224106639865615,1,4073.177120449038,1.0,1.0
2026-03-22T21:10:07.745-705391-618793,867,false,0.6958012497066478,1,4073.177120449038,1.0,1.0
2026-03-22T21:10:07.745-705391-618793,193,false,4.339040221827739,1,4073.177120449038,1.0,1.0
2026-03-22T21:10:07.745-705391-618793,685,false,5.6780470117530495,1,4073.177120449038,1.0,1.0
2026-03-22T21:10:07.745-705391-618793,511,false,1.462366328173537,1,4073.177120449038,1.0,1.0
2026-03-22T21:10:07.745-705391-618793,309,false,9.29444427947593,1,4073.177120449038,1.0,1.0
2026-03-22T21:10:07.745-705391-618793,658,false,0.19562004430843122,1,4073.177120449038,1.0,1.0
2026-03-22T21:10:07.745-705391-618793,765,false,0.5987487283683178,1,4073.177120449038,1.0,1.0
2026-03-22T21:10:07.745-705391-618793,661,false,1.0684820007500435,1,4073.177120449038,1.0,1.0
2026-03-22T21:10:07.745-705391-618793,969,false,1.6115539537944874,1,4073.177120449038,1.0,1.0
2026-03-22T21:10:07.745-705391-618793,453,false,0.1737340820165882,1,4073.177120449038,1.0,1.0
2026-03-22T21:10:07.745-705391-618793,654,false,11.11827057770224,1,4073.177120449038,1.0,1.0
2026-03-22T21:10:07.745-705391-618793,156,false,0.2595098045520182,1,4073.177120449038,1.0,1.0
2026-03-22T21:10:07.745-705391-618793,955,false,18.72641784371998,1,4073.177120449038,1.0,1.0
2026-03-22T21:10:07.745-705391-618793,66,false,2.1128981836384,1,4073.177120449038,1.0,1.0
2026-03-22T21:10:07.745-705391-618793,174,false,2.37635146402505,1,4073.177120449038,1.0,1.0
2026-03-22T21:10:07.745-705391-618793,811,false,12.929996956154271,1,4073.177120449038,1.0,1.0
2026-03-22T21:10:07.745-705391-618793,318,false,0.37357003150108836,1,4073.177120449038,1.0,1.0
2026-03-22T21:10:07.745-705391-618793,252,false,2.739977875090556,1,4073.177120449038,1.0,1.0
2026-03-22T21:10:07.745-705391-618793,936,false,0.3029364839926084,1,4073.177120449038,1.0,1.0
2026-03-22T21:10:07.745-705391-618793,489,false,0.011265530765529627,1,4073.177120449038,1.0,1.0
2026-03-22T21:10:07.745-705391-618793,298,false,56.44318263337562,1,4073.177120449038,1.0,1.0
2026-03-22T21:10:07.745-705391-618793,820,false,47.98305736982665,1,4073.177120449038,1.0,1.0
2026-03-22T21:10:07.745-705391-618793,101,false,3.8288607698282817,1,4073.177120449038,1.0,1.0
2026-03-22T21:10:07.745-705391-618793,644,false,3.5750863792980745,1,4073.177120449038,1.0,1.0
2026-03-22T21:10:07.745-705391-618793,636,false,37.89181026693182,1,4073.177120449038,1.0,1.0
2026-03-22T21:10:07.745-705391-618793,113,false,0.9338496369385243,1,4073.177120449038,1.0,1.0
2026-03-22T21:10:07.745-705391-618793,402,false,16.716736102225795,1,4073.177120449038,1.0,1.0
2026-03-22T21:10:07.745-705391-618793,773,false,0.37150451081786506,1,4073.177120449038,1.0,1.0
2026-03-22T21:10:07.745-705391-618793,629,false,4.6189916118201415,1,4073.177120449038,1.0,1.0
2026-03-22T21:10:07.745-705391-618793,446,false,9.67957980576936,1,4073.177120449038,1.0,1.0
2026-03-22T21:10:07.745-705391-618793,582,false,0.6689568352778574,1,4073.177120449038,1.0,1.0
2026-03-22T21:10:07.745-705391-618793,187,false,16.233162113923754,1,4073.177120449038,1.0,1.0
2026-03-22T21:10:07.745-705391-618793,4,false,3.435811222352665,1,4073.177120449038,1.0,1.0
2026-03-22T21:10:07.745-705391-618793,368,false,0.006424366577212016,1,4073.177120449038,1.0,1.0
2026-03-22T21:10:07.745-705391-618793,585,false,0.4008496655351925,1,4073.177120449038,1.0,1.0
2026-03-22T21:10:07.745-705391-618793,222,false,0.25280126427017563,1,4073.177120449038,1.0,1.0
2026-03-22T21:10:07.745-705391-618793,549,false,77.96851820113586,1,4073.177120449038,1.0,1.0
2026-03-22T21:10:07.745-705391-618793,687,false,0.7647632641941472,1,4073.177120449038,1.0,1.0
2026-03-22T21:10:07.745-705391-618793,727,false,1.0065254087643425,1,4073.177120449038,1.0,1.0
2026-03-22T21:10:07.745-705391-618793,147,false,3.4066247741670526,1,4073.177120449038,1.0,1.0
2026-03-22T21:10:07.745-705391-618793,351,false,5.676057321852458,1,4073.177120449038,1.0,1.0
2026-03-22T21:10:07.745-705391-618793,103,false,6.981699054519706,1,4073.177120449038,1.0,1.0
2026-03-22T21:10:07.745-705391-618793,350,false,1.5829671133067929,1,4073.177120449038,1.0,1.0
2026-03-22T21:10:07.745-705391-618793,389,false,127.23314061585369,1,4073.177120449038,1.0,1.0
2026-03-22T21:10:07.745-705391-618793,667,false,30.79337091059363,1,4073.177120449038,1.0,1.0
2026-03-22T21:10:07.745-705391-618793,143,false,4.067525296804368,1,4073.177120449038,1.0,1.0
2026-03-22T21:10:07.745-705391-618793,886,false,70.74056312038397,1,4073.177120449038,1.0,1.0
2026-03-22T21:10:07.745-705391-618793,398,false,10.427487989377282,1,4073.177120449038,1.0,1.0
2026-03-22T21:10:07.745-705391-618793,414,false,0.6494158637702558,1,4073.177120449038,1.0,1.0
2026-03-22T21:10:07.745-705391-618793,99,false,13.984741621128249,1,4073.177120449038,1.0,1.0
2026-03-22T21:10:07.745-705391-618793,284,false,0.7188960177886009,1,4073.177120449038,1.0,1.0
2026-03-22T21:10:07.745-705391-618793,333,false,1.6399584727512722,1,4073.177120449038,1.0,1.0
2026-03-22T21:10:07.745-705391-618793,556,false,2.9834533595038124,1,4073.177120449038,1.0,1.0
2026-03-22T21:10:07.745-705391-618793,795,false,5.498839840810027,1,4073.177120449038,1.0,1.0
2026-03-22T21:10:07.745-705391-618793,716,false,12.478249788031414,1,4073.177120449038,1.0,1.0
2026-03-22T21:10:07.745-705391-618793,191,false,10.485205469266427,1,4073.177120449038,1.0,1.0
2026-03-22T21:10:07.745-705391-618793,623,false,0.14157489487235572,1,4073.177120449038,1.0,1.0
2026-03-22T21:10:07.745-705391-618793,900,false,33.766046301811194,1,4073.177120449038,1.0,1.0
2026-03-22T21:10:07.745-705391-618793,559,false,1.3203501525575263,1,4073.177120449038,1.0,1.0
2026-03-22T21:10:07.745-705391-618793,952,false,4.312026994102476,1,4073.177120449038,1.0,1.0
2026-03-22T21:10:07.745-705391-618793,484,false,2.258358936191398,1,4073.177120449038,1.0,1.0
2026-03-22T21:10:07.745-705391-618793,423,false,0.4775685860575959,1,4073.177120449038,1.0,1.0
2026-03-22T21:10:07.745-705391-618793,932,false,3.6186471190991196,1,4073.177120449038,1.0,1.0
2026-03-22T21:10:07.745-705391-618793,827,false,3.2922046727537744,1,4073.177120449038,1.0,1.0
2026-03-22T21:10:07.745-705391-618793,362,false,32.015273755784186,1,4073.177120449038,1.0,1.0
2026-03-22T21:10:07.745-705391-618793,770,false,15.474928313306654,1,4073.177120449038,1.0,1.0
2026-03-22T21:10:07.745-705391-618793,219,false,2.472488401879144,1,4073.177120449038,1.0,1.0
2026-03-22T21:10:07.745-705391-618793,38,false,8.659185907720394,1,4073.177120449038,1.0,1.0
2026-03-22T21:10:07.745-705391-618793,868,false,4.976676017796,1,4073.177120449038,1.0,1.0
2026-03-22T21:10:07.745-705391-618793,100,false,1.1822412781999974,1,4073.177120449038,1.0,1.0
2026-03-22T21:10:07.745-705391-618793,596,false,6.31556695099873,1,4073.177120449038,1.0,1.0
2026-03-22T21:10:07.745-705391-618793,46,false,1.7086531168434298,1,4073.177120449038,1.0,1.0
2026-03-22T21:10:07.745-705391-618793,132,false,201.8799245536153,1,4073.177120449038,1.0,1.0
2026-03-22T21:10:07.745-705391-618793,662,false,68.29993060218092,1,4073.177120449038,1.0,1.0
2026-03-22T21:10:07.745-705391-618793,507,false,5.6085798476189535,1,4073.177120449038,1.0,1.0
2026-03-22T21:10:07.745-705391-618793,400,false,6.919912875638601,1,4073.177120449038,1.0,1.0
2026-03-22T21:10:07.745-705391-618793,7,false,2.3807179149716826,1,4073.177120449038,1.0,1.0
2026-03-22T21:10:07.745-705391-618793,885,false,4.318783523715369,1,4073.177120449038,1.0,1.0
2026-03-22T21:10:07.745-705391-618793,751,false,5.312202500432841,1,4073.177120449038,1.0,1.0
2026-03-22T21:10:07.745-705391-618793,105,false,24.02858970637838,1,4073.177120449038,1.0,1.0
2026-03-22T21:10:07.745-705391-618793,259,false,0.2379764359793248,1,4073.177120449038,1.0,1.0
2026-03-22T21:10:07.745-705391-618793,509,false,1.8787134716078095,1,4073.177120449038,1.0,1.0
2026-03-22T21:10:07.745-705391-618793,227,false,0.03211366590158662,1,4073.177120449038,1.0,1.0
2026-03-22T21:10:07.745-705391-618793,88,false,5.448731167044563,1,4073.177120449038,1.0,1.0
2026-03-22T21:10:07.745-705391-618793,295,false,0.2531116784691171,1,4073.177120449038,1.0,1.0
2026-03-22T21:10:07.745-705391-618793,888,false,4.026756247799651,1,4073.177120449038,1.0,1.0
2026-03-22T21:10:07.745-705391-618793,762,false,22.65084432815142,1,4073.177120449038,1.0,1.0
2026-03-22T21:10:07.745-705391-618793,680,false,0.6537951573227191,1,4073.177120449038,1.0,1.0
2026-03-22T21:10:07.745-705391-618793,317,false,1.275749966264462,1,4073.177120449038,1.0,1.0
2026-03-22T21:10:07.745-705391-618793,235,false,179.86855773034424,1,4073.177120449038,1.0,1.0
2026-03-22T21:10:07.745-705391-618793,719,false,2.79545727329066,1,4073.177120449038,1.0,1.0
2026-03-22T21:10:07.745-705391-618793,686,false,6.624405867685696,1,4073.177120449038,1.0,1.0
2026-03-22T21:10:07.745-705391-618793,460,false,2.4553073831541,1,4073.177120449038,1.0,1.0
2026-03-22T21:10:07.745-705391-618793,430,false,13.286296179875958,1,4073.177120449038,1.0,1.0
2026-03-22T21:10:07.745-705391-618793,104,false,1.4282404731212308,1,4073.177120449038,1.0,1.0
2026-03-22T21:10:07.745-705391-618793,63,false,28.111636395315994,1,4073.177120449038,1.0,1.0
2026-03-22T21:10:07.745-705391-618793,469,false,0.1383380775879653,1,4073.177120449038,1.0,1.0
2026-03-22T21:10:07.745-705391-618793,779,false,24.033646154706563,1,4073.177120449038,1.0,1.0
2026-03-22T21:10:07.745-705391-618793,18,false,0.24829536855209114,1,4073.177120449038,1.0,1.0
2026-03-22T21:10:07.745-705391-618793,313,false,0.8272541179831536,1,4073.177120449038,1.0,1.0
2026-03-22T21:10:07.745-705391-618793,679,false,16.11957361686336,1,4073.177120449038,1.0,1.0
2026-03-22T21:10:07.745-705391-618793,601,false,37.10926947410101,1,4073.177120449038,1.0,1.0
2026-03-22T21:10:07.745-705391-618793,781,false,46.592005853464,1,4073.177120449038,1.0,1.0
2026-03-22T21:10:07.745-705391-618793,195,false,105.57849673604775,1,4073.177120449038,1.0,1.0
2026-03-22T21:10:07.745-705391-618793,525,false,0.4170670102963931,1,4073.177120449038,1.0,1.0
2026-03-22T21:10:07.745-705391-618793,789,false,1.0876706399673974,1,4073.177120449038,1.0,1.0
2026-03-22T21:10:07.745-705391-618793,41,false,8.5102974805684,1,4073.177120449038,1.0,1.0
2026-03-22T21:10:07.745-705391-618793,597,false,0.19756168503696483,1,4073.177120449038,1.0,1.0
2026-03-22T21:10:07.745-705391-618793,526,false,3.523654674334309,1,4073.177120449038,1.0,1.0
2026-03-22T21:10:07.745-705391-618793,204,false,0.2684757607740775,1,4073.177120449038,1.0,1.0
2026-03-22T21:10:07.745-705391-618793,622,false,0.1575760767817084,1,4073.177120449038,1.0,1.0
2026-03-22T21:10:07.745-705391-618793,610,false,9.92958990052836,1,4073.177120449038,1.0,1.0
2026-03-22T21:10:07.745-705391-618793,246,false,1.286228495518437,1,4073.177120449038,1.0,1.0
2026-03-22T21:10:07.745-705391-618793,833,false,1.266692978834421,1,4073.177120449038,1.0,1.0
2026-03-22T21:10:07.745-705391-618793,120,false,12.167791977623137,1,4073.177120449038,1.0,1.0
2026-03-22T21:10:07.745-705391-618793,396,false,102.60196841149454,1,4073.177120449038,1.0,1.0
2026-03-22T21:10:07.745-705391-618793,653,false,0.5993285559341995,1,4073.177120449038,1.0,1.0
2026-03-22T21:10:07.745-705391-618793,535,false,3.73421247676535,1,4073.177120449038,1.0,1.0
2026-03-22T21:10:07.745-705391-618793,647,false,9.137708891490915,1,4073.177120449038,1.0,1.0
2026-03-22T21:10:07.745-705391-618793,998,false,16.081252370793496,1,4073.177120449038,1.0,1.0
2026-03-22T21:10:07.745-705391-618793,547,false,12.206271045826911,1,4073.177120449038,1.0,1.0
2026-03-22T21:10:07.745-705391-618793,355,false,1.2002373347498796,1,4073.177120449038,1.0,1.0
2026-03-22T21:10:07.745-705391-618793,756,false,10.00134994246106,1,4073.177120449038,1.0,1.0
2026-03-22T21:10:07.745-705391-618793,726,false,208.46632184310974,1,4073.177120449038,1.0,1.0
2026-03-22T21:10:07.745-705391-618793,876,false,0.9706855480646489,1,4073.177120449038,1.0,1.0
2026-03-22T21:10:07.745-705391-618793,931,false,16.447679081648406,1,4073.177120449038,1.0,1.0
2026-03-22T21:10:07.745-705391-618793,3,false,6.930616170909713,1,4073.177120449038,1.0,1.0
2026-03-22T21:10:07.745-705391-618793,473,false,0.33808719550151756,1,4073.177120449038,1.0,1.0
2026-03-22T21:10:07.745-705391-618793,166,false,1.069076404543371,1,4073.177120449038,1.0,1.0
2026-03-22T21:10:07.745-705391-618793,91,false,4.687304173793552,1,4073.177120449038,1.0,1.0
2026-03-22T21:10:07.745-705391-618793,422,false,34.02637833378249,1,4073.177120449038,1.0,1.0
2026-03-22T21:10:07.745-705391-618793,832,false,21.01603879678058,1,4073.177120449038,1.0,1.0
2026-03-22T21:10:07.745-705391-618793,287,false,20.145018424045006,1,4073.177120449038,1.0,1.0
2026-03-22T21:10:07.745-705391-618793,731,false,1.1137209806628716,1,4073.177120449038,1.0,1.0
2026-03-22T21:10:07.745-705391-618793,851,false,18.437147832707378,1,4073.177120449038,1.0,1.0
2026-03-22T21:10:07.745-705391-618793,26,false,0.18216613873850845,1,4073.177120449038,1.0,1.0
2026-03-22T21:10:07.745-705391-618793,438,false,16.156112085660883,1,4073.177120449038,1.0,1.0
2026-03-22T21:10:07.745-705391-618793,397,false,0.1298169336604557,1,4073.177120449038,1.0,1.0
2026-03-22T21:10:07.745-705391-618793,813,false,0.6526505319886574,1,4073.177120449038,1.0,1.0
2026-03-22T21:10:07.745-705391-618793,358,false,10.237154560045376,1,4073.177120449038,1.0,1.0
2026-03-22T21:10:07.745-705391-618793,659,false,3.276584504753522,1,4073.177120449038,1.0,1.0
2026-03-22T21:10:07.745-705391-618793,264,false,13.608960053806062,1,4073.177120449038,1.0,1.0
2026-03-22T21:10:07.745-705391-618793,279,false,0.18526072235217642,1,4073.177120449038,1.0,1.0
2026-03-22T21:10:07.745-705391-618793,695,false,0.345276736900684,1,4073.177120449038,1.0,1.0
2026-03-22T21:10:07.745-705391-618793,723,false,2.0036442658466385,1,4073.177120449038,1.0,1.0
2026-03-22T21:10:07.745-705391-618793,285,false,0.4820844545838496,1,4073.177120449038,1.0,1.0
2026-03-22T21:10:07.745-705391-618793,921,false,1.4146971894389968,1,4073.177120449038,1.0,1.0
2026-03-22T21:10:07.745-705391-618793,501,false,0.8243423399994155,1,4073.177120449038,1.0,1.0
2026-03-22T21:10:07.745-705391-618793,58,false,2.4121201769168326,1,4073.177120449038,1.0,1.0
2026-03-22T21:10:07.745-705391-618793,231,false,0.12192278369656803,1,4073.177120449038,1.0,1.0
2026-03-22T21:10:07.745-705391-618793,450,false,6.472906428916398,1,4073.177120449038,1.0,1.0
2026-03-22T21:10:07.745-705391-618793,872,false,0.31865268533278124,1,4073.177120449038,1.0,1.0
2026-03-22T21:10:07.745-705391-618793,306,false,0.5762835157218456,1,4073.177120449038,1.0,1.0
2026-03-22T21:10:07.745-705391-618793,468,false,19.615594855560193,1,4073.177120449038,1.0,1.0
2026-03-22T21:10:07.745-705391-618793,31,false,59.81146328105262,1,4073.177120449038,1.0,1.0
2026-03-22T21:10:07.745-705391-618793,548,false,0.08005758990988299,1,4073.177120449038,1.0,1.0
2026-03-22T21:10:07.745-705391-618793,567,false,0.5577316860823651,1,4073.177120449038,1.0,1.0
2026-03-22T21:10:07.745-705391-618793,119,false,2.2933242457883707,1,4073.177120449038,1.0,1.0
2026-03-22T21:10:07.745-705391-618793,743,false,36.797439086601685,1,4073.177120449038,1.0,1.0
2026-03-22T21:10:07.745-705391-618793,202,false,2.5614687797113977,1,4073.177120449038,1.0,1.0
2026-03-22T21:10:07.745-705391-618793,315,false,2.8424137126354725,1,4073.177120449038,1.0,1.0
2026-03-22T21:10:07.745-705391-618793,691,false,0.6009050796701064,1,4073.177120449038,1.0,1.0
2026-03-22T21:10:07.745-705391-618793,817,false,0.2891691968241543,1,4073.177120449038,1.0,1.0
2026-03-22T21:10:07.745-705391-618793,584,false,3.839632660076494,1,4073.177120449038,1.0,1.0
2026-03-22T21:10:07.745-705391-618793,189,false,0.3851920614042378,1,4073.177120449038,1.0,1.0
2026-03-22T21:10:07.745-705391-618793,216,false,2.993467406180006,1,4073.177120449038,1.0,1.0
2026-03-22T21:10:07.745-705391-618793,714,false,1.4594065456632375,1,4073.177120449038,1.0,1.0
2026-03-22T21:10:07.745-705391-618793,699,false,0.7408272000753642,1,4073.177120449038,1.0,1.0
2026-03-22T21:10:07.745-705391-618793,43,false,0.8698448689844943,1,4073.177120449038,1.0,1.0
2026-03-22T21:10:07.745-705391-618793,985,false,6.35631041739686,1,4073.177120449038,1.0,1.0
2026-03-22T21:10:07.745-705391-618793,706,false,0.13542930680693874,1,4073.177120449038,1.0,1.0
2026-03-22T21:10:07.745-705391-618793,871,false,0.17741117728688577,1,4073.177120449038,1.0,1.0
2026-03-22T21:10:07.745-705391-618793,126,false,2.761907801871941,1,4073.177120449038,1.0,1.0
2026-03-22T21:10:07.745-705391-618793,134,false,145.4875896884481,1,4073.177120449038,1.0,1.0
2026-03-22T21:10:07.745-705391-618793,797,false,0.46206685204525955,1,4073.177120449038,1.0,1.0
2026-03-22T21:10:07.745-705391-618793,226,false,0.2898548045410527,1,4073.177120449038,1.0,1.0
2026-03-22T21:10:07.745-705391-618793,314,false,16.640510062044957,1,4073.177120449038,1.0,1.0
2026-03-22T21:10:07.745-705391-618793,479,false,3.420013623612523,1,4073.177120449038,1.0,1.0
2026-03-22T21:10:07.745-705391-618793,520,false,10.322774045923959,1,4073.177120449038,1.0,1.0
2026-03-22T21:10:07.745-705391-618793,371,false,0.3212291890628636,1,4073.177120449038,1.0,1.0
2026-03-22T21:10:07.745-705391-618793,979,false,6.422436581110646,1,4073.177120449038,1.0,1.0
2026-03-22T21:10:07.745-705391-618793,964,false,0.44123899728534366,1,4073.177120449038,1.0,1.0
2026-03-22T21:10:07.745-705391-618793,205,false,0.35908318543511586,1,4073.177120449038,1.0,1.0
2026-03-22T21:10:07.745-705391-618793,939,false,0.5382403764566931,1,4073.177120449038,1.0,1.0
2026-03-22T21:10:07.745-705391-618793,413,false,92.2408025707112,1,4073.177120449038,1.0,1.0
2026-03-22T21:10:07.745-705391-618793,338,false,49.02540082535722,1,4073.177120449038,1.0,1.0
2026-03-22T21:10:07.745-705391-618793,137,false,1.2580643244544942,1,4073.177120449038,1.0,1.0
2026-03-22T21:10:07.745-705391-618793,560,false,28.62305910246693,1,4073.177120449038,1.0,1.0
2026-03-22T21:10:07.745-705391-618793,146,false,0.4895034829540222,1,4073.177120449038,1.0,1.0
2026-03-22T21:10:07.745-705391-618793,241,false,17.791497931246862,1,4073.177120449038,1.0,1.0
2026-03-22T21:10:07.745-705391-618793,913,false,0.01086809615669902,1,4073.177120449038,1.0,1.0
2026-03-22T21:10:07.745-705391-618793,34,false,5.194278231268618,1,4073.177120449038,1.0,1.0
2026-03-22T21:10:07.745-705391-618793,573,false,0.7674247868641857,1,4073.177120449038,1.0,1.0
2026-03-22T21:10:07.745-705391-618793,712,false,1.4862083197948748,1,4073.177120449038,1.0,1.0
2026-03-22T21:10:07.745-705391-618793,568,false,3.2525161513144094,1,4073.177120449038,1.0,1.0
2026-03-22T21:10:07.745-705391-618793,778,false,284.7273320323958,1,4073.177120449038,1.0,1.0
2026-03-22T21:10:07.745-705391-618793,884,false,0.6971444917764155,1,4073.177120449038,1.0,1.0
2026-03-22T21:10:07.745-705391-618793,428,false,0.2359587975881567,1,4073.177120449038,1.0,1.0
2026-03-22T21:10:07.745-705391-618793,774,false,1.2387029229061972,1,4073.177120449038,1.0,1.0
2026-03-22T21:10:07.745-705391-618793,915,false,31.791887634963707,1,4073.177120449038,1.0,1.0
2026-03-22T21:10:07.745-705391-618793,168,false,33.125623354878826,1,4073.177120449038,1.0,1.0
2026-03-22T21:10:07.745-705391-618793,768,false,0.05121282886818905,1,4073.177120449038,1.0,1.0
2026-03-22T21:10:07.745-705391-618793,405,false,1.8321728963631208,1,4073.177120449038,1.0,1.0
2026-03-22T21:10:07.745-705391-618793,903,false,3.1867495351261153,1,4073.177120449038,1.0,1.0
2026-03-22T21:10:07.745-705391-618793,148,false,1.3582026209237192,1,4073.177120449038,1.0,1.0
2026-03-22T21:10:07.745-705391-618793,331,false,0.20708443366499946,1,4073.177120449038,1.0,1.0
2026-03-22T21:10:07.745-705391-618793,83,false,3.5200961696859205,1,4073.177120449038,1.0,1.0
2026-03-22T21:10:07.745-705391-618793,879,false,4.927048796577631,1,4073.177120449038,1.0,1.0
2026-03-22T21:10:07.745-705391-618793,267,false,3.639532011257398,1,4073.177120449038,1.0,1.0
2026-03-22T21:10:07.745-705391-618793,390,false,60.33843311195316,1,4073.177120449038,1.0,1.0
2026-03-22T21:10:07.745-705391-618793,1,false,1.3978993299621665,1,4073.177120449038,1.0,1.0
2026-03-22T21:10:07.745-705391-618793,459,false,0.9312536379544417,1,4073.177120449038,1.0,1.0
2026-03-22T21:10:07.745-705391-618793,10,false,3.523976082622552,1,4073.177120449038,1.0,1.0
2026-03-22T21:10:07.745-705391-618793,808,false,6.275885636469353,1,4073.177120449038,1.0,1.0
2026-03-22T21:10:07.745-705391-618793,614,false,79.84871193720429,1,4073.177120449038,1.0,1.0
2026-03-22T21:10:07.745-705391-618793,692,false,0.9318645408584387,1,4073.177120449038,1.0,1.0
2026-03-22T21:10:07.745-705391-618793,56,false,2.062581388770672,1,4073.177120449038,1.0,1.0
2026-03-22T21:10:07.745-705391-618793,94,false,0.8551931004928124,1,4073.177120449038,1.0,1.0
2026-03-22T21:10:07.745-455326-279855,863,true,0.3301677176814126,1,4606.867168093609,1.0,0.992
2026-03-22T21:10:07.745-455326-279855,732,true,0.4034304980735556,1,4606.463737595535,1.0,0.995
2026-03-22T21:10:07.745-455326-279855,819,true,1.7344081911024527,1,4604.729329404433,1.0,0.989
2026-03-22T21:10:07.745-455326-279855,266,true,9.905237596223893,1,4594.824091808209,1.0,0.993
2026-03-22T21:10:07.745-455326-279855,857,true,8.39546034996175,1,4586.428631458248,1.0,0.987
2026-03-22T21:10:07.745-455326-279855,384,true,0.41601519987998015,1,4586.012616258367,1.0,0.987
2026-03-22T21:10:07.745-455326-279855,106,true,0.2529112702635939,1,4585.759704988104,1.0,0.995
2026-03-22T21:10:07.745-455326-279855,440,false,0.046783345750932834,1,4585.759704988104,1.0,1.0
2026-03-22T21:10:07.745-455326-279855,151,false,0.03393888602312364,1,4585.759704988104,1.0,1.0
2026-03-22T21:10:07.745-455326-279855,675,true,4.357309171500686,1,4581.4023958166035,1.0,0.993
2026-03-22T21:10:07.745-455326-279855,179,true,5.6095150506884774,1,4575.7928807659155,1.0,0.991
2026-03-22T21:10:07.745-455326-279855,191,true,11.979853740460284,1,4563.813027025455,1.0,0.99
2026-03-22T21:10:07.745-455326-279855,366,true,1.3238876365730508,1,4562.489139388882,1.0,0.989
2026-03-22T21:10:07.745-455326-279855,698,false,0.00917422082531717,1,4562.489139388882,1.0,1.0
2026-03-22T21:10:07.745-455326-279855,757,true,29.455521750199456,1,4533.033617638683,1.0,0.988
2026-03-22T21:10:07.745-455326-279855,748,true,0.510845604044293,1,4532.522772034638,1.0,0.991
2026-03-22T21:10:07.745-455326-279855,833,true,1.827384621195261,1,4530.695387413443,1.0,0.996
2026-03-22T21:10:07.745-455326-279855,642,true,9.070489228711317,1,4521.624898184732,1.0,0.992
2026-03-22T21:10:07.745-455326-279855,11,false,0.20787584183081892,1,4521.624898184732,1.0,1.0
2026-03-22T21:10:07.745-455326-279855,287,true,0.5382075398628413,1,4521.086690644869,1.0,0.987
2026-03-22T21:10:07.745-455326-279855,823,false,0.08365754270002236,1,4521.086690644869,1.0,1.0
2026-03-22T21:10:07.745-455326-279855,729,true,0.3240700340936843,1,4520.762620610775,1.0,0.746
2026-03-22T21:10:07.745-455326-279855,658,true,3.3754423403397995,1,4517.3871782704355,1.0,0.989
2026-03-22T21:10:07.745-455326-279855,278,true,5.682611326125863,1,4511.70456694431,1.0,0.769
2026-03-22T21:10:07.745-455326-279855,573,true,7.060991901590458,1,4504.643575042719,1.0,0.993
2026-03-22T21:10:07.745-455326-279855,808,true,22.983470170441993,1,4481.660104872277,1.0,0.989
2026-03-22T21:10:07.745-455326-279855,622,true,3.2061512216576857,1,4478.453953650619,1.0,0.988
2026-03-22T21:10:07.745-455326-279855,481,true,2.1832134453507397,1,4476.270740205268,1.0,0.992
2026-03-22T21:10:07.745-455326-279855,709,false,0.18808692974748203,1,4476.270740205268,1.0,1.0
2026-03-22T21:10:07.745-455326-279855,937,true,9.280615322642243,1,4466.990124882626,1.0,0.991
2026-03-22T21:10:07.745-455326-279855,112,true,0.3277324903510568,1,4466.662392392275,1.0,0.988
2026-03-22T21:10:07.745-455326-279855,345,true,3.399753741306507,1,4463.262638650969,1.0,0.992
2026-03-22T21:10:07.745-455326-279855,460,true,14.655790788965469,1,4448.606847862004,1.0,0.992
2026-03-22T21:10:07.745-455326-279855,358,true,0.6032450004951336,1,4448.003602861509,1.0,0.989
2026-03-22T21:10:07.745-455326-279855,148,true,0.2648913314058309,1,4447.738711530103,1.0,0.985
2026-03-22T21:10:07.745-455326-279855,963,false,0.11036162011838087,1,4447.738711530103,1.0,1.0
2026-03-22T21:10:07.745-455326-279855,202,false,0.0540675920682284,1,4447.738711530103,1.0,1.0
2026-03-22T21:10:07.745-455326-279855,382,true,0.8032682287333286,1,4446.93544330137,1.0,0.775
2026-03-22T21:10:07.745-455326-279855,650,false,0.15974087882552196,1,4446.93544330137,1.0,1.0
2026-03-22T21:10:07.745-455326-279855,344,true,1.9137362619646363,1,4445.021707039405,1.0,0.747
2026-03-22T21:10:07.745-455326-279855,420,true,1.5752405516686916,1,4443.446466487736,1.0,0.993
2026-03-22T21:10:07.745-455326-279855,74,true,0.3793759243169815,1,4443.067090563419,1.0,0.989
2026-03-22T21:10:07.745-455326-279855,521,true,1.0707249251247515,1,4441.996365638294,1.0,0.986
2026-03-22T21:10:07.745-455326-279855,355,true,1.9862813079330564,1,4440.010084330361,1.0,0.8200000000000001
2026-03-22T21:10:07.745-455326-279855,627,true,0.6518769207929801,1,4439.3582074095675,1.0,0.992
2026-03-22T21:10:07.745-455326-279855,108,false,0.09973147844112493,1,4439.3582074095675,1.0,1.0
2026-03-22T21:10:07.745-455326-279855,974,true,3.816145221623426,1,4435.542062187944,1.0,0.993
2026-03-22T21:10:07.745-455326-279855,280,true,6.487539558387049,1,4429.054522629557,1.0,0.07899999999999996
2026-03-22T21:10:07.745-455326-279855,661,true,4.659917361885744,1,4424.394605267671,1.0,0.758
2026-03-22T21:10:07.745-455326-279855,756,true,36.01768944196483,1,4388.376915825706,1.0,0.762
2026-03-22T21:10:07.745-455326-279855,462,true,0.5687999785688376,1,4387.808115847138,1.0,0.855
2026-03-22T21:10:07.745-455326-279855,293,true,12.429673561709787,1,4375.378442285428,1.0,0.992
2026-03-22T21:10:07.745-455326-279855,540,false,0.10480908656444195,1,4375.378442285428,1.0,1.0
2026-03-22T21:10:07.745-455326-279855,513,true,2.2802926984509373,1,4373.098149586976,1.0,0.985
2026-03-22T21:10:07.745-455326-279855,555,true,9.23875882970058,1,4363.859390757276,1.0,0.993
2026-03-22T21:10:07.745-455326-279855,579,true,6.18600062187991,1,4357.6733901353955,1.0,0.99
2026-03-22T21:10:07.745-455326-279855,389,true,29.28503888852906,1,4328.3883512468665,1.0,0.989
2026-03-22T21:10:07.745-455326-279855,938,true,6.524255593846844,1,4321.86409565302,1.0,0.831
2026-03-22T21:10:07.745-455326-279855,782,true,1.9478208881559698,1,4319.916274764864,1.0,0.989
2026-03-22T21:10:07.745-455326-279855,687,true,0.7045710468158487,1,4319.211703718049,1.0,0.99
2026-03-22T21:10:07.745-455326-279855,828,true,20.127606892121936,1,4299.084096825927,1.0,0.985
2026-03-22T21:10:07.745-455326-279855,171,true,35.34236550482566,1,4263.741731321102,1.0,0.995
2026-03-22T21:10:07.745-455326-279855,207,true,4.070444731724512,1,4259.671286589377,1.0,0.989
2026-03-22T21:10:07.745-455326-279855,818,true,4.926618407734346,1,4254.744668181643,1.0,0.8109999999999999
2026-03-22T21:10:07.745-455326-279855,139,true,35.56527817600051,1,4219.179390005642,1.0,0.988
2026-03-22T21:10:07.745-455326-279855,61,true,3.9729552130321286,1,4215.20643479261,1.0,0.995
2026-03-22T21:10:07.745-455326-279855,31,true,36.946888109501145,1,4178.259546683109,1.0,0.987
2026-03-22T21:10:07.745-455326-279855,445,true,0.38615311772610866,1,4177.873393565383,1.0,0.996
2026-03-22T21:10:07.745-455326-279855,26,true,1658.2992462049901,1,2519.5741473603925,1.0,0.988
2026-03-22T21:10:07.745-455326-279855,448,true,22.67824347537714,1,2496.8959038850153,1.0,0.744
2026-03-22T21:10:07.745-455326-279855,100,true,0.33047398132639827,1,2496.5654299036887,1.0,0.99
2026-03-22T21:10:07.745-455326-279855,353,true,4.865953321958407,1,2491.6994765817303,1.0,0.8069999999999999
2026-03-22T21:10:07.745-455326-279855,993,true,2.3009202535928757,1,2489.3985563281376,1.0,0.991
2026-03-22T21:10:07.745-455326-279855,224,true,5.486864229264237,1,2483.9116920988736,1.0,0.99
2026-03-22T21:10:07.745-455326-279855,619,false,0.13442630128003027,1,2483.9116920988736,1.0,1.0
2026-03-22T21:10:07.745-455326-279855,245,true,1.2382210556223385,1,2482.673471043251,1.0,0.989
2026-03-22T21:10:07.745-455326-279855,452,true,4.058220789762907,1,2478.6152502534883,1.0,0.99
2026-03-22T21:10:07.745-455326-279855,876,true,1.6587548224561441,1,2476.956495431032,1.0,0.987
2026-03-22T21:10:07.745-455326-279855,402,true,15.539383020666389,1,2461.417112410366,1.0,0.991
2026-03-22T21:10:07.745-455326-279855,424,true,3.56999615208556,1,2457.8471162582805,1.0,0.992
2026-03-22T21:10:07.745-455326-279855,700,false,0.028646830075965402,1,2457.8471162582805,1.0,1.0
2026-03-22T21:10:07.745-455326-279855,477,true,3.2489037221175,1,2454.598212536163,1.0,0.986
2026-03-22T21:10:07.745-455326-279855,697,true,0.8239699577011251,1,2453.774242578462,1.0,0.993
2026-03-22T21:10:07.745-455326-279855,490,true,2.63767645796057,1,2451.1365661205014,1.0,0.993
2026-03-22T21:10:07.745-455326-279855,96,true,2.619294290973398,1,2448.517271829528,1.0,0.991
2026-03-22T21:10:07.745-455326-279855,331,true,70.07302107752224,1,2378.4442507520057,1.0,0.989
2026-03-22T21:10:07.745-455326-279855,249,true,40.7757153777689,1,2337.668535374237,1.0,0.988
2026-03-22T21:10:07.745-455326-279855,369,true,75.62346101056318,1,2262.045074363674,1.0,0.782
2026-03-22T21:10:07.745-455326-279855,517,true,3.6989758082230044,1,2258.3460985554507,1.0,0.996
2026-03-22T21:10:07.745-455326-279855,53,true,1.9097809037863098,1,2256.4363176516645,1.0,0.992
2026-03-22T21:10:07.745-455326-279855,276,true,1.3447007716730361,1,2255.0916168799913,1.0,0.751
2026-03-22T21:10:07.745-455326-279855,794,true,7.245824432355786,1,2247.8457924476356,1.0,0.99
2026-03-22T21:10:07.745-455326-279855,403,true,0.2421001082440035,1,2247.6036923393917,1.0,0.727
2026-03-22T21:10:07.745-455326-279855,871,true,1.2046893062226283,1,2246.3990030331693,1.0,0.99
2026-03-22T21:10:07.745-455326-279855,166,false,0.09915230708788457,1,2246.3990030331693,1.0,1.0
2026-03-22T21:10:07.745-455326-279855,631,true,0.5753896032549974,1,2245.823613429914,1.0,0.993
2026-03-22T21:10:07.745-455326-279855,518,true,0.6293816260089127,1,2245.194231803905,1.0,0.049000000000000044
2026-03-22T21:10:07.745-455326-279855,972,true,0.47031803969650343,1,2244.7239137642086,1.0,0.742
2026-03-22T21:10:07.745-455326-279855,527,true,174.59566424986556,1,2070.128249514343,1.0,0.994
2026-03-22T21:10:07.745-455326-279855,909,false,0.025000276191235602,1,2070.128249514343,1.0,1.0
2026-03-22T21:10:07.745-455326-279855,294,true,14.391539709611633,1,2055.7367098047316,1.0,0.736
2026-03-22T21:10:07.745-455326-279855,252,true,2.009974718001869,1,2053.7267350867296,1.0,0.779
2026-03-22T21:10:07.745-455326-279855,630,true,4.558822017683408,1,2049.1679130690463,1.0,0.23099999999999998
2026-03-22T21:10:07.745-455326-279855,418,true,1.176034758276864,1,2047.9918783107694,1.0,0.758
2026-03-22T21:10:07.745-455326-279855,946,true,7.213026687802827,1,2040.7788516229666,1.0,0.993
2026-03-22T21:10:07.745-455326-279855,692,true,63.2861960071371,1,1977.4926556158296,1.0,0.987
2026-03-22T21:10:07.745-455326-279855,105,true,0.587666078487881,1,1976.9049895373416,1.0,0.841
2026-03-22T21:10:07.745-455326-279855,49,true,128.53957017011732,1,1848.3654193672244,1.0,0.994
2026-03-22T21:10:07.745-455326-279855,25,true,1.6273166300570117,1,1846.7381027371673,1.0,0.544
2026-03-22T21:10:07.745-455326-279855,763,true,0.8107319242639104,1,1845.9273708129033,1.0,0.989
2026-03-22T21:10:07.745-455326-279855,862,true,74.3368155899539,1,1771.5905552229494,1.0,0.739
2026-03-22T21:10:07.745-455326-279855,263,true,0.4848664444173839,1,1771.105688778532,1.0,0.764
2026-03-22T21:10:07.745-455326-279855,520,true,1.4904844642347876,1,1769.6152043142972,1.0,0.0
2026-03-22T21:10:07.745-455326-279855,289,true,0.41984730452177005,1,1769.1953570097755,1.0,0.767
2026-03-22T21:10:07.745-455326-279855,702,true,0.6405401476348469,1,1768.5548168621408,1.0,0.991
2026-03-22T21:10:07.745-455326-279855,298,true,12.090690599098892,1,1756.4641262630419,1.0,0.99
2026-03-22T21:10:07.745-455326-279855,443,true,0.5767544591878732,1,1755.887371803854,1.0,0.746
2026-03-22T21:10:07.745-455326-279855,239,true,0.43208755791326625,1,1755.4552842459407,1.0,0.996
2026-03-22T21:10:07.745-455326-279855,553,true,1.9215147564237758,1,1753.533769489517,1.0,0.746
2026-03-22T21:10:07.745-455326-279855,453,true,1.279172865622355,1,1752.2545966238947,1.0,0.8220000000000001
2026-03-22T21:10:07.745-455326-279855,158,false,0.06836415101226243,1,1752.2545966238947,1.0,1.0
2026-03-22T21:10:07.745-455326-279855,526,true,18.223858234332287,1,1734.0307383895624,1.0,0.723
2026-03-22T21:10:07.745-455326-279855,850,true,8.5102672144093,1,1725.520471175153,1.0,0.993
2026-03-22T21:10:07.745-455326-279855,952,true,34.11858786348336,1,1691.4018833116697,1.0,0.993
2026-03-22T21:10:07.745-455326-279855,760,false,0.12436642439449994,1,1691.4018833116697,1.0,1.0
2026-03-22T21:10:07.745-455326-279855,678,true,14.3317196921654,1,1677.0701636195042,1.0,0.08299999999999996
2026-03-22T21:10:07.745-455326-279855,381,true,1.1569313434655302,1,1675.9132322760388,1.0,0.06299999999999994
2026-03-22T21:10:07.745-455326-279855,3,true,0.2279950555279545,1,1675.6852372205108,1.0,0.995
2026-03-22T21:10:07.745-455326-279855,797,true,36.99212734627752,1,1638.6931098742332,1.0,0.746
2026-03-22T21:10:07.745-455326-279855,793,true,2.3257469499570127,1,1636.3673629242762,1.0,0.755
2026-03-22T21:10:07.745-455326-279855,665,true,64.21912478070885,1,1572.1482381435674,1.0,0.988
2026-03-22T21:10:07.745-455326-279855,604,true,35.48647748350107,1,1536.6617606600662,1.0,0.988
2026-03-22T21:10:07.745-455326-279855,426,true,29.065490941639354,1,1507.5962697184268,1.0,0.748
2026-03-22T21:10:07.745-455326-279855,143,true,1.0773673631118026,1,1506.518902355315,1.0,0.99
2026-03-22T21:10:07.745-455326-279855,56,true,85.21143398507553,1,1421.3074683702396,1.0,0.836
2026-03-22T21:10:07.745-455326-279855,621,true,0.572836765918261,1,1420.7346316043213,1.0,0.761
2026-03-22T21:10:07.745-455326-279855,674,true,4.483163382466193,1,1416.251468221855,1.0,0.236
2026-03-22T21:10:07.745-455326-279855,854,true,5.165709238183492,1,1411.0857589836714,1.0,0.767
2026-03-22T21:10:07.745-455326-279855,174,true,0.5407303806057513,1,1410.5450286030657,1.0,0.784
2026-03-22T21:10:07.745-455326-279855,243,true,6.607704347295723,1,1403.93732425577,1.0,0.776
2026-03-22T21:10:07.745-455326-279855,601,true,0.24829863351025347,1,1403.6890256222596,1.0,0.758
2026-03-22T21:10:07.745-455326-279855,546,true,3.017500741309157,1,1400.6715248809505,1.0,0.988
2026-03-22T21:10:07.745-455326-279855,427,true,24.420077003775994,1,1376.2514478771745,1.0,0.07299999999999995
2026-03-22T21:10:07.745-455326-279855,441,true,1.892449053796208,1,1374.3589988233784,1.0,0.742
2026-03-22T21:10:07.745-455326-279855,971,true,8.346460201785787,1,1366.0125386215927,1.0,0.061000000000000054
2026-03-22T21:10:07.745-455326-279855,368,true,9.204519793250155,1,1356.8080188283425,1.0,0.23199999999999998
2026-03-22T21:10:07.745-455326-279855,91,true,1.1154275807729883,1,1355.6925912475695,1.0,0.99
2026-03-22T21:10:07.745-455326-279855,430,false,0.17302879858283976,1,1355.6925912475695,1.0,1.0
2026-03-22T21:10:07.745-455326-279855,754,true,162.18504888548242,1,1193.507542362087,1.0,0.049000000000000044
2026-03-22T21:10:07.745-455326-279855,935,true,1.5214949334929755,1,1191.986047428594,1.0,0.06299999999999994
2026-03-22T21:10:07.745-455326-279855,671,true,4.215464942588956,1,1187.770582486005,1.0,0.22699999999999998
2026-03-22T21:10:07.745-455326-279855,463,true,10.858676525986489,1,1176.9119059600184,1.0,0.07899999999999996
2026-03-22T21:10:07.745-455326-279855,738,true,2.4381807555407935,1,1174.4737252044777,1.0,0.992
2026-03-22T21:10:07.745-455326-279855,609,true,17.43287842043514,1,1157.0408467840425,1.0,0.992
2026-03-22T21:10:07.745-455326-279855,596,true,0.45561633152695374,1,1156.5852304525156,1.0,0.993
2026-03-22T21:10:07.745-455326-279855,781,true,1.6404104524749428,1,1154.9448200000406,1.0,0.758
2026-03-22T21:10:07.745-455326-279855,333,true,2.056733950263455,1,1152.8880860497773,1.0,0.754
2026-03-22T21:10:07.745-455326-279855,977,true,0.9224357537466117,1,1151.9656502960306,1.0,0.777
2026-03-22T21:10:07.745-455326-279855,965,true,6.5503560930873554,1,1145.4152942029432,1.0,0.993
2026-03-22T21:10:07.745-455326-279855,787,true,3.4914086815563143,1,1141.9238855213869,1.0,0.989
2026-03-22T21:10:07.745-455326-279855,825,true,0.7969406219393641,1,1141.1269448994476,1.0,0.745
2026-03-22T21:10:07.745-455326-279855,590,false,0.06483967067095942,1,1141.1269448994476,1.0,1.0
2026-03-22T21:10:07.745-455326-279855,17,true,2.4487343603623133,1,1138.6782105390853,1.0,0.993
2026-03-22T21:10:07.745-455326-279855,291,true,46.52238010520217,1,1092.155830433883,1.0,0.0
2026-03-22T21:10:07.745-455326-279855,896,true,15.294210511037216,1,1076.8616199228459,1.0,0.992
2026-03-22T21:10:07.745-455326-279855,891,true,3.8069877848250733,1,1073.054632138021,1.0,0.995
2026-03-22T21:10:07.745-455326-279855,673,true,2.599882996475221,1,1070.4547491415458,1.0,0.0
2026-03-22T21:10:07.745-455326-279855,693,true,3.846679891812352,1,1066.6080692497335,1.0,0.743
2026-03-22T21:10:07.745-455326-279855,829,true,7.653594531174116,1,1058.9544747185594,1.0,0.752
2026-03-22T21:10:07.745-455326-279855,865,true,1.222237841927674,1,1057.7322368766318,1.0,0.06899999999999995
2026-03-22T21:10:07.745-455326-279855,99,true,0.9235175616931139,1,1056.8087193149386,1.0,0.08999999999999997
2026-03-22T21:10:07.745-455326-279855,873,true,1.0216671335530194,1,1055.7870521813857,1.0,0.06399999999999995
2026-03-22T21:10:07.745-455326-279855,864,true,7.387158462813844,1,1048.3998937185718,1.0,0.0020000000000000018
2026-03-22T21:10:07.745-455326-279855,405,true,0.4241500888696707,1,1047.975743629702,1.0,0.08799999999999997
2026-03-22T21:10:07.745-455326-279855,879,true,1.7979757129907141,1,1046.1777679167112,1.0,0.764
2026-03-22T21:10:07.745-455326-279855,5,true,7.511079616923295,1,1038.666688299788,1.0,0.791
2026-03-22T21:10:07.745-455326-279855,339,true,9.190420626594381,1,1029.4762676731934,1.0,0.994
2026-03-22T21:10:07.745-455326-279855,64,true,1.4057913316178559,1,1028.0704763415756,1.0,0.762
2026-03-22T21:10:07.745-455326-279855,967,true,3.004998346712918,1,1025.0654779948627,1.0,0.732
2026-03-22T21:10:07.745-455326-279855,614,true,1.7732670184292274,1,1023.2922109764335,1.0,0.993
2026-03-22T21:10:07.745-455326-279855,839,true,8.552580904619079,1,1014.7396300718144,1.0,0.99
2026-03-22T21:10:07.745-455326-279855,835,true,59.653079757217036,1,955.0865503145974,1.0,0.755
2026-03-22T21:10:07.745-455326-279855,648,true,3.743404556799789,1,951.3431457577976,1.0,0.991
2026-03-22T21:10:07.745-455326-279855,724,true,10.77145239827441,1,940.5716933595232,1.0,0.995
2026-03-22T21:10:07.745-455326-279855,27,true,0.2289893007238882,1,940.3427040587993,1.0,0.0
2026-03-22T21:10:07.745-455326-279855,461,true,21.237796198423034,1,919.1049078603763,1.0,0.0010000000000000009
2026-03-22T21:10:07.745-455326-279855,951,true,0.30884821062640266,1,918.79605964975,1.0,0.763
2026-03-22T21:10:07.745-455326-279855,557,true,28.671811327812833,1,890.1242483219371,1.0,0.747
2026-03-22T21:10:07.745-455326-279855,127,false,0.06696978647972598,1,890.1242483219371,1.0,1.0
2026-03-22T21:10:07.745-455326-279855,853,true,0.21039542103118156,1,889.9138529009059,1.0,0.08099999999999996
2026-03-22T21:10:07.745-455326-279855,144,true,1.3393588248476234,1,888.5744940760583,1.0,0.727
2026-03-22T21:10:07.745-455326-279855,240,true,35.71621305395996,1,852.8582810220983,1.0,0.05800000000000005
2026-03-22T21:10:07.745-455326-279855,455,true,1.5333648036155305,1,851.3249162184827,1.0,0.07799999999999996
2026-03-22T21:10:07.745-455326-279855,253,true,1.7837884925348704,1,849.5411277259478,1.0,0.813
2026-03-22T21:10:07.745-455326-279855,798,true,6.514350844004753,1,843.0267768819431,1.0,0.741
2026-03-22T21:10:07.745-455326-279855,433,true,6.374725500049606,1,836.6520513818934,1.0,0.987
2026-03-22T21:10:07.745-455326-279855,962,true,26.616914731639703,1,810.0351366502538,1.0,0.806
2026-03-22T21:10:07.745-455326-279855,981,true,3.456378595798225,1,806.5787580544555,1.0,0.994
2026-03-22T21:10:07.745-455326-279855,347,true,34.014849265151426,1,772.5639087893042,1.0,0.06799999999999995
2026-03-22T21:10:07.745-455326-279855,791,true,3.8634299203010176,1,768.7004788690032,1.0,0.07199999999999995
2026-03-22T21:10:07.745-455326-279855,326,true,3.7835608903031144,1,764.9169179787001,1.0,0.992
2026-03-22T21:10:07.745-455326-279855,475,true,119.663070167286,1,645.2538478114141,1.0,0.739
2026-03-22T21:10:07.745-455326-279855,717,true,15.053562680932961,1,630.2002851304811,1.0,0.988
2026-03-22T21:10:07.745-455326-279855,917,true,0.381476255953427,1,629.8188088745277,1.0,0.996
2026-03-22T21:10:07.745-455326-279855,558,true,46.18776166299813,1,583.6310472115296,1.0,0.04200000000000004
2026-03-22T21:10:07.745-455326-279855,225,false,0.1690632210665393,1,583.6310472115296,1.0,1.0
2026-03-22T21:10:07.745-455326-279855,394,true,6.58056773544203,1,577.0504794760875,1.0,0.994
2026-03-22T21:10:07.745-455326-279855,362,true,0.2829916759700175,1,576.7674878001175,1.0,0.993
2026-03-22T21:10:07.745-455326-279855,618,false,0.11259881691820965,1,576.7674878001175,1.0,1.0
2026-03-22T21:10:07.745-455326-279855,472,true,0.32673789248783686,1,576.4407499076297,1.0,0.748
2026-03-22T21:10:07.745-455326-279855,343,true,0.22796396458111207,1,576.2127859430485,1.0,0.06399999999999995
2026-03-22T21:10:07.745-455326-279855,125,true,0.8932910682930609,1,575.3194948747555,1.0,0.997
2026-03-22T21:10:07.745-455326-279855,152,true,4.576790533669847,1,570.7427043410856,1.0,0.994
2026-03-22T21:10:07.745-455326-279855,768,true,2.3845728724801587,1,568.3581314686055,1.0,0.994
2026-03-22T21:10:07.745-455326-279855,603,true,3.2815773455431656,1,565.0765541230624,1.0,0.06999999999999995
2026-03-22T21:10:07.745-455326-279855,412,true,4.211262532597728,1,560.8652915904646,1.0,0.988
2026-03-22T21:10:07.745-455326-279855,261,true,0.21871186592077135,1,560.6465797245438,1.0,0.776
2026-03-22T21:10:07.745-455326-279855,588,true,23.421511233259803,1,537.225068491284,1.0,0.99
2026-03-22T21:10:07.745-455326-279855,330,true,0.6211778214215129,1,536.6038906698625,1.0,0.07299999999999995
2026-03-22T21:10:07.745-455326-279855,196,true,2.385117101162649,1,534.2187735686998,1.0,0.989
2026-03-22T21:10:07.745-455326-279855,545,true,0.875152102973606,1,533.3436214657262,1.0,0.778
2026-03-22T21:10:07.745-455326-279855,474,true,58.65889451068365,1,474.68472695504255,1.0,0.0
2026-03-22T21:10:07.745-455326-279855,662,true,144.06225490712472,1,330.6224720479178,1.0,0.04500000000000004
2026-03-22T21:10:07.745-455326-279855,73,false,0.0433141849174957,1,330.6224720479178,1.0,1.0
2026-03-22T21:10:07.745-455326-279855,750,true,14.237575749445039,1,316.38489629847277,1.0,0.766
2026-03-22T21:10:07.745-455326-279855,942,true,0.25484345065649433,1,316.1300528478163,1.0,0.989
2026-03-22T21:10:07.745-455326-279855,101,false,0.12484826374652785,1,316.1300528478163,1.0,1.0
2026-03-22T21:10:07.745-455326-279855,122,true,1.915818985529776,1,314.2142338622865,1.0,0.81
2026-03-22T21:10:07.745-455326-279855,889,true,5.7739989606801085,1,308.4402349016064,1.0,0.40900000000000003
2026-03-22T21:10:07.745-455326-279855,107,true,0.996631946772747,1,307.44360295483364,1.0,0.07899999999999996
2026-03-22T21:10:07.745-455326-279855,488,true,6.153019598683835,1,301.2905833561498,1.0,0.763
2026-03-22T21:10:07.745-455326-279855,991,true,5.847180911643443,1,295.4434024445064,1.0,0.759
2026-03-22T21:10:07.745-455326-279855,589,true,16.684330917551044,1,278.7590715269553,1.0,0.727
2026-03-22T21:10:07.745-455326-279855,625,true,7.699418760949999,1,271.05965276600534,1.0,0.06799999999999995
2026-03-22T21:10:07.745-455326-279855,988,true,1.8916467194016968,1,269.16800604660364,1.0,0.753
2026-03-22T21:10:07.745-455326-279855,689,true,1.1833085563319161,1,267.98469749027174,1.0,0.007000000000000006
2026-03-22T21:10:07.745-455326-279855,858,false,0.16917539027391887,1,267.98469749027174,1.0,1.0
2026-03-22T21:10:07.745-455326-279855,483,true,15.54122975209289,1,252.44346773817884,1.0,0.74
2026-03-22T21:10:07.745-455326-279855,449,true,56.85333585993034,1,195.59013187824849,1.0,0.07999999999999996
2026-03-22T21:10:07.745-455326-279855,428,true,0.583575190963283,1,195.0065566872852,1.0,0.08099999999999996
2026-03-22T21:10:07.745-455326-279855,392,true,1.8005768843835852,1,193.20597980290162,1.0,0.0
2026-03-22T21:10:07.745-455326-279855,742,true,7.736764123696195,1,185.46921567920543,1.0,0.993
2026-03-22T21:10:07.745-455326-279855,886,true,4.60388704468038,1,180.86532863452504,1.0,0.77
2026-03-22T21:10:07.745-455326-279855,654,true,1446.245463338327,1,-1265.380134703802,1.0,0.99
